Date,Close,High,Low,Open,Volume
2011-04-21,31.785926818847656,32.444214811755195,29.670000192630877,30.563390416996068,3463011
2011-04-22,30.37531280517578,31.503807580872365,30.18722925204323,31.503807580872365,2344341
2011-04-25,29.62298011779785,30.798495669201593,29.622980117797848,30.56339125030123,1719346
2011-04-26,29.011714935302734,29.858084356975933,29.011714935302738,29.622982103349962,701600
2011-04-27,27.78917694091797,29.152773865319638,27.789176940917972,29.058734277488046,1201353
2011-04-28,26.848772048950195,27.601099831997647,26.66068846741341,26.989832554069555,1313220
2011-04-29,27.224931716918945,27.695136216914587,26.80174592209662,27.03684817209444,762397
2011-05-03,25.908353805541992,27.601094827273347,25.48516800485094,27.365992574015134,1039632
2011-05-04,26.331539154052734,26.472599631172155,25.673251111407975,25.908353360628876,214006
2011-05-05,25.014957427978516,25.861326642940163,24.68581129984463,25.861326642940163,734430
2011-05-06,24.30965232849121,25.014963448938772,24.074550075697243,24.732838128346614,400045
2011-05-09,24.638797760009766,25.156025362894287,24.1215723381582,24.30965371491342,200630
2011-05-10,23.839445114135742,24.63879355522204,23.79242423271315,24.63879355522204,235893
2011-05-11,23.98050880432129,24.26263413082118,23.839448322104214,23.839448322104214,307634
2011-05-12,25.62623405456543,25.62623405456543,24.30965559151296,24.403697377666663,530151
2011-05-13,26.989824295043945,26.989824295043945,25.767287932256977,25.861329694248106,1348482
2011-05-16,26.61366081237793,27.13088834919931,26.331537692762936,26.989825698875475,423148
2011-05-17,25.62623405456543,26.660687159156794,25.62623405456543,26.660687159156794,408557
2011-05-18,26.42558479309082,26.566645290852055,25.673254868253842,25.673254868253842,288178
2011-05-19,25.8613338470459,26.284519662928343,25.720273362440363,26.284519662928343,238325
2011-05-20,24.967941284179688,25.8613315438945,24.92092039982111,25.673250187492908,155640
2011-05-23,24.68581771850586,24.68581771850586,24.215613203833676,24.450715461169768,80252
2011-05-24,24.403696060180664,24.873902784530934,24.21561467906036,24.685819222377624,74172
2011-05-25,24.30965232849121,24.6387963548159,24.21561273599332,24.6387963548159,114298
2011-05-26,25.10900115966797,25.344105575875105,24.309650506629044,24.309650506629044,164152
2011-05-27,25.10900115966797,25.532186927808144,25.014961574217782,25.10900115966797,170232
2011-05-30,25.10900115966797,25.20304292615082,24.873898924493503,25.10900115966797,134969
2011-05-31,25.95537567138672,26.284519710776024,25.15602492671287,25.15602492671287,345328
2011-06-01,26.002391815185547,26.284514914462186,25.90835005508249,25.955370935134017,198199
2011-06-02,25.485164642333984,25.626227284296785,25.203041539440935,25.485164642333988,145913
2011-06-03,25.532190322875977,25.814313478806366,25.485169433382083,25.814313478806366,96059
2011-06-07,25.72027015686035,25.720270156860355,25.391123978059593,25.438144860745417,79036
2011-06-08,26.143451690673828,26.89578357367047,25.861328597695383,25.861328597695383,486377
2011-06-09,25.908353805541992,26.754725406924084,25.90835380554199,26.331539606233036,365999
2011-06-10,25.156024932861328,26.049417455017025,25.156024932861328,25.955375677730547,249268
2011-06-13,24.967941284179688,25.156022640581277,24.7328368623868,24.967941284179688,111866
2011-06-14,25.014957427978516,25.156017873289304,24.779853050740027,24.779853050740027,62013
2011-06-15,24.732837677001953,25.061981697320157,24.59177720031289,25.01496299244566,74172
2011-06-16,24.168596267700195,24.497740354198587,24.121575372338533,24.262638058423512,121594
2011-06-17,24.21561050415039,24.30965008798108,24.027526974423758,24.168589621718734,125242
2011-06-20,23.55732536315918,24.544759743082047,23.55732536315918,24.215615676785454,136185
2011-06-21,22.828508377075195,23.510308088077263,22.663936333872382,23.510308088077263,179959
2011-06-22,23.134140014648438,23.510304946131328,22.804995972230024,23.087119125583957,105787
2011-06-23,22.09969139099121,22.946061019282336,21.911607797348715,22.852021403494458,272371
2011-06-24,23.134140014648438,23.134140014648438,21.911603442070806,22.099686998328718,128890
2011-06-27,24.356674194335938,24.35667419433594,23.13413981342499,23.27520029835853,463275
2011-06-28,24.450719833374023,24.497740729455952,24.215617533997644,24.35667804121017,325873
2011-06-29,24.21561050415039,24.826877613696688,24.121568739287074,24.685814966401715,524072
2011-06-30,24.356674194335938,24.35667419433594,23.980509266124976,24.2156137094024,578789
2011-07-01,23.499399185180664,24.50795843534523,23.49939918518066,24.356673846096953,447467
2011-07-04,22.59169578552246,23.54982681627049,22.591695785522464,23.49939862106495,229813
2011-07-05,22.9446964263916,22.9446964263916,22.18827799140502,22.339562614033998,127674
2011-07-06,22.440420150756836,22.89426936317015,22.440420150756836,22.793415282122343,91195
2011-07-07,22.59169578552246,22.692552175933535,22.26391602530435,22.440413538984437,77820
2011-07-08,22.23870277404785,22.91947996241555,22.23870277404785,22.91947996241555,27966
2011-07-11,20.700653076171875,22.238702633808565,20.700653076171875,22.238702633808565,282099
2011-07-12,20.599796295166016,20.599796295166016,19.26345722107209,19.3138842500561,631075
2011-07-13,20.171159744262695,20.32244199796357,19.616451909816295,20.171159744262695,145913
2011-07-14,19.33909797668457,20.171159727669707,19.313883877908715,20.171159727669707,206710
2011-07-15,18.481821060180664,19.11216873525944,18.229681288425677,19.11216873525944,289394
2011-07-18,17.498476028442383,18.55746089151291,17.448047843665965,18.55746089151291,316145
2011-07-19,17.09505844116211,17.649765145234138,17.044630240008445,17.195913673930008,321009
2011-07-20,17.32198143005371,17.54890596018274,17.246339140317872,17.296766163935853,330737
2011-07-21,16.968990325927734,17.372413652842543,16.893349183093456,17.347199548717917,246836
2011-07-22,17.54891014099121,17.95233344328109,16.994203392727506,17.019417495313064,323441
2011-07-25,16.994199752807617,17.54890638226092,16.893344533606687,17.54890638226092,127674
2011-07-26,17.12027359008789,17.27155821314743,16.994204240411193,16.994204240411193,165368
2011-07-27,17.14548683166504,17.246342065546752,17.095058629954462,17.095058629954462,190903
2011-07-28,17.044628143310547,17.145484533211306,16.994199948360166,17.145484533211306,58365
2011-07-29,17.044628143310547,17.1959115586224,16.389065117573466,17.044628143310547,199414
2011-08-01,16.94377326965332,17.145486067505466,16.64120641195388,17.145486067505466,153209
2011-08-02,16.91855812072754,16.94377221889542,16.590777183623718,16.94377221889542,110650
2011-08-03,16.615991592407227,16.76727501470325,16.036070832323006,16.76727501470325,115514
2011-08-04,16.338638305664062,16.716847433655506,15.910000982063277,16.590776944632157,159288
2011-08-05,15.204011917114258,15.632649301750542,15.204011917114258,15.279654221299298,268723
2011-08-08,14.145023345947266,14.825799245196498,14.145023345947266,14.422376056923177,194551
2011-08-09,13.16168212890625,13.514677197552817,13.16168212890625,13.16168212890625,240757
2011-08-10,13.565105438232422,13.918101707882473,13.23732444092116,13.413823160515951,183607
2011-08-11,13.716388702392578,13.716388702392578,12.657402336952945,12.707830537578504,256564
2011-08-12,14.624088287353516,14.674516480466608,14.371948491327297,14.573661263779668,325873
2011-08-15,14.472804069519043,14.876227252821682,14.371947688923793,14.371947688923793,107003
2011-08-16,14.825798034667969,14.825798034667969,14.472803066135702,14.523231252937197,126458
2011-08-17,14.624088287353516,14.82579989026664,14.397163757423087,14.82579989026664,114298
2011-08-18,14.598875045776367,14.67451733987598,14.422377529083256,14.624089143809572,79036
2011-08-19,14.724947929382324,14.724947929382326,13.817246028247945,14.371952810582266,68092
2011-08-22,14.119811058044434,14.624089523172017,14.119811058044435,14.624089523172017,42558
2011-08-23,14.195451736450195,14.573662035280858,14.119810612315506,14.220665834341526,114298
2011-08-24,14.119811058044434,14.371949705838555,14.119811058044435,14.145025156731716,82684
2011-08-25,14.170239448547363,14.321524055219188,14.170239448547363,14.321524055219188,12159
2011-08-26,14.422378540039062,14.49802083944092,14.170238711572265,14.49802083944092,34046
2011-08-29,14.32152271270752,14.498020234406834,14.321522712707521,14.422377938161695,44989
2011-08-30,13.918100357055664,14.37195065477505,13.86767215635148,14.321523623610286,105787
2011-08-31,14.27109432220459,14.27109432220459,13.186893938384006,13.86767108676521,187255
2011-09-01,14.22066593170166,14.624089161646339,14.220665931701658,14.321522323957485,131322
2011-09-02,14.119811058044434,14.321522678003337,13.968527635460093,14.321522678003337,79036
2011-09-05,13.79202938079834,14.044168015185006,13.79202938079834,13.867670503298628,26750
2011-09-06,13.212109565734863,13.61553284785955,12.95997089156153,13.61553284785955,126458
2011-09-07,13.615530967712402,13.867670776607612,13.514675745877902,13.514675745877902,98491
2011-09-08,13.388606071472168,13.640745895712246,13.363393141633596,13.6155317963343,48637
2011-09-09,13.514674186706543,13.615529396905503,13.363390786638519,13.388603712033882,41342
2011-09-13,13.565105438232422,13.565105438232422,13.161683302062924,13.161683302062924,49853
2011-09-14,13.46424674987793,13.716386543785982,13.212106955969878,13.56510196571761,55933
2011-09-15,13.817241668701172,13.817241668701172,13.565101876452328,13.565101876452328,58365
2011-09-16,13.716388702392578,13.741602802705357,13.413821837718064,13.615532301141462,122810
2011-09-19,13.363396644592285,13.691177683348354,13.262540220642922,13.691177683348354,17023
2011-09-20,13.46424674987793,13.539889038912115,13.312963341348793,13.363391534038248,15807
2011-09-21,13.514674186706543,13.514674186706543,13.338176691703987,13.514674186706543,29182
2011-09-22,13.514674186706543,13.590316471510139,13.363390786638519,13.363390786638519,43774
2011-09-23,13.565105438232422,13.565105438232422,12.985185752007666,13.36339495491744,62013
2011-09-26,13.565105438232422,13.565105438232422,13.565105438232422,13.565105438232422,0
2011-09-27,13.413818359375,13.56510058294378,13.363390171825998,13.363390171825998,93627
2011-09-28,13.413818359375,13.413818359375,13.1616785911691,13.413818359375,26750
2011-09-29,13.413818359375,13.439031283610387,13.1616785911691,13.413818359375,55933
2011-09-30,14.3467378616333,14.346737861633303,13.388606717217305,13.388606717217305,622563
2011-10-03,13.615530967712402,14.245879905180773,13.363392328356499,14.245879905180773,342896
2011-10-04,13.615530967712402,13.665959163399306,13.136466617304741,13.363392328356499,47421
2011-10-05,13.565105438232422,13.615533643830934,13.312966749318928,13.615533643830934,38910
2011-10-06,13.46424674987793,13.716386543785982,12.758256730382465,13.615530158407067,141049
2011-10-07,13.514674186706543,13.514674186706543,13.514674186706543,13.514674186706543,0
2011-10-11,13.766815185546875,13.766815185546875,13.413820164284498,13.565102408209206,51069
2011-10-12,13.565105438232422,13.76681826062647,13.46425019657493,13.46425019657493,41342
2011-10-13,13.565105438232422,13.665961849429445,13.36339495491744,13.665961849429445,65661
2011-10-14,13.46424674987793,13.56510196571761,13.413819726727706,13.56510196571761,27966
2011-10-17,13.388606071472168,13.53989066773984,13.388606071472166,13.464248369606004,70524
2011-10-18,13.413818359375,13.766813333139792,13.287747890502493,13.363390171825998,88763
2011-10-19,13.514674186706543,13.590316471510139,13.413818976507583,13.413818976507583,54717
2011-10-20,13.363396644592285,13.665963577361012,13.312968432617604,13.665963577361012,54717
2011-10-21,13.26253604888916,13.38860536963086,13.26253604888916,13.36339244111397,31614
2011-10-24,13.514674186706543,13.539888281641074,13.363390786638519,13.514674186706543,57149
2011-10-25,13.565105438232422,13.590320710571211,13.388607888177162,13.590320710571211,53501
2011-10-26,13.615530967712402,13.76681555477311,13.464247550190999,13.539889843721353,103355
2011-10-27,13.565105438232422,13.716390055027958,13.539892504972698,13.64074774663019,32830
2011-10-28,13.590319633483887,13.867672403215316,13.590319633483885,13.867672403215316,94843
2011-10-31,13.615530967712402,13.81724258092071,13.464247550190999,13.74160145692966,88763
2011-11-01,13.46424674987793,13.615530158407067,13.4390326535332,13.514674942567387,162936
2011-11-02,13.590319633483887,13.615532564745383,13.464249129479198,13.590319633483885,14591
2011-11-03,13.590319633483887,13.615532564745383,13.312965694213014,13.565104363143508,87548
2011-11-04,13.968528747558594,14.498021353528788,13.615532507372363,13.615532507372363,336816
2011-11-07,13.615530967712402,13.968527167981417,13.615530967712402,13.968527167981417,100923
2011-11-08,13.766815185546875,13.81724221034202,13.565102408209206,13.766815185546875,130106
2011-11-09,13.46424674987793,13.74160064013071,13.46424674987793,13.665958351096524,66876
2011-11-10,13.565105438232422,13.81724529668545,13.46425019657493,13.46425019657493,93627
2011-11-11,13.514674186706543,13.918097366580719,13.514674186706543,13.615529396905503,89979
2011-11-14,13.665958404541016,13.665958404541016,13.590317284750249,13.615530211654345,37694
2011-11-15,13.590319633483887,13.867672403215316,13.590319633483885,13.691174867148195,192119
2011-11-16,13.615530967712402,13.716387359086207,13.615530967712402,13.615530967712402,98491
2011-11-17,13.615530967712402,13.716387359086207,13.514675745877902,13.5651027720255,99707
2011-11-18,13.413818359375,13.665956958041786,13.413818359375,13.665956958041786,52285
2011-11-21,13.413818359375,13.590315846257395,12.480901567874904,13.56510058294378,188471
2011-11-22,13.111255645751953,13.388608449084218,12.506120661836672,12.506120661836672,165368
2011-11-23,13.010396957397461,13.01039695739746,12.30440685093675,12.80868650087101,72956
2011-11-24,12.758258819580078,12.95997045382947,12.556547185330684,12.657402417685669,74172
2011-11-25,12.909541130065918,12.909541130065918,12.203551056366736,12.758257709921711,223733
2011-11-28,13.010396957397461,13.01039695739746,12.455690278101278,12.733044202519057,94843
2011-11-29,13.111255645751953,13.111255645751953,12.85911577673569,12.85911577673569,98491
2011-11-30,12.859113693237305,13.035611222089795,12.758258463695622,12.859113693237305,14591
2011-12-01,13.111255645751953,13.21211089163471,12.606977077259009,13.111255645751953,148345
2011-12-02,13.086039543151855,13.161681843165102,12.758258582173255,12.758258582173255,18239
2011-12-05,12.909541130065918,13.060824550210125,12.808685906482888,12.959969326627094,23102
2011-12-06,12.506115913391113,12.859110894261512,12.506115913391113,12.859110894261512,52285
2011-12-07,12.581761360168457,12.657403669067687,12.506120220808768,12.657403669067687,40126
2011-12-08,12.531333923339844,12.556548025500545,12.253981138651147,12.380050479915147,35262
2011-12-09,12.102697372436523,12.405264280454624,12.102697372436523,12.127911476361296,69308
2011-12-12,12.606973648071289,12.606973648071289,12.153122241200787,12.405260872093942,119162
2011-12-13,12.405261039733887,12.455689234409691,12.153122405433427,12.153122405433427,37694
2011-12-14,12.380048751831055,12.405261680932874,12.304406455907575,12.405261680932874,15807
2011-12-15,12.30440616607666,12.35483436217114,12.0018393285884,12.127908649285288,36478
2011-12-16,12.30440616607666,12.35483436217114,12.25397913952149,12.3296202641239,34046
2011-12-19,11.598417282104492,12.153123987113329,11.49756087962683,12.153123987113329,119162
2011-12-20,11.598417282104492,11.800127747980948,11.270636313130959,11.800127747980948,71740
2011-12-21,11.699273109436035,11.951412958900972,11.64884607517464,11.850556551299201,126458
2011-12-22,11.447132110595703,11.699271934743967,11.447132110595703,11.699271934743967,19455
2011-12-23,11.4723482131958,11.623631666285203,11.346278863877897,11.598418732053284,65661
2011-12-26,11.371492385864258,11.598418138658236,11.346278283382757,11.598418138658236,130106
2011-12-27,11.648844718933105,12.001839765362124,11.396704898824083,11.522774224108916,214006
2011-12-28,11.573201179504395,11.850553899261465,11.42191660195774,11.850553899261465,47421
2011-12-29,11.749699592590332,12.077480530216292,11.573202074673327,11.573202074673327,124026
2011-12-30,11.951412200927734,12.001840401530403,11.724486467755149,11.825342868960483,98491
2012-01-02,11.951412200927734,11.951412200927736,11.951412200927736,11.951412200927736,0
2012-01-03,11.951412200927734,11.951412200927736,11.951412200927736,11.951412200927736,0
2012-01-04,11.951412200927734,11.951412200927736,11.951412200927736,11.951412200927736,0
2012-01-05,11.951412200927734,11.951412200927736,11.951412200927736,11.951412200927736,0
2012-01-06,11.749699592590332,11.875768914091243,11.648844369297466,11.800126619467104,70524
2012-01-09,11.749699592590332,11.800126619467104,11.648844369297466,11.648844369297466,13375
2012-01-10,11.724485397338867,11.825341789336266,11.674057201340169,11.674057201340169,18239
2012-01-11,11.724485397338867,11.800126521797605,11.699271299339518,11.699271299339518,35262
2012-01-12,11.724485397338867,11.774913593337567,11.674057201340169,11.699271299339518,13375
2012-01-13,11.623628616333008,11.749699102110549,11.371489983856469,11.749699102110549,23102
2012-01-16,11.67405891418457,12.001841066729744,11.547989575229956,12.001841066729744,49853
2012-01-17,11.724485397338867,11.774913593337567,11.547987880882733,11.598416076881431,331952
2012-01-18,11.699273109436035,11.926198857000529,11.598417871373755,11.74970131323692,193335
2012-01-30,12.077481269836426,12.506118626544152,12.001840140119375,12.506118626544152,111866
2012-01-31,12.329621315002441,12.60697524762221,12.07748148257896,12.07748148257896,93627
2012-02-01,13.136465072631836,13.161679167510446,12.354832809551581,12.405259829769635,164152
2012-02-02,13.136465072631836,13.363390757000163,12.909539388263509,13.262534377485721,164152
2012-02-03,13.186895370483398,13.2625376739203,13.010397832003418,13.111254236585953,104571
2012-02-06,13.388606071472168,13.716388193846083,13.312964942877706,13.6155317963343,126458
2012-02-07,13.413818359375,13.514673564933892,13.1616785911691,13.1616785911691,34046
2012-02-08,14.32152271270752,14.346736811455902,13.413821005462575,13.413821005462575,396398
2012-02-09,15.3048677444458,15.304867744445799,14.119812040890777,14.321523674890344,618915
2012-02-10,14.901443481445312,15.75871699154691,14.750160058432014,15.683075864809933,380590
2012-02-13,15.153583526611328,15.27965403202471,14.750161417906861,14.750161417906861,221301
2012-02-14,15.103157043457031,15.330081622378012,14.82580309099656,15.204012281917525,167800
2012-02-15,15.17879581451416,15.330078052203499,15.077939430002305,15.077939430002305,223733
2012-02-16,14.472804069519043,15.330077456882767,14.472804069519043,15.330077456882767,131322
2012-02-17,14.624088287353516,14.926656276492826,14.498018974110028,14.624088287353516,127674
2012-02-20,14.97708511352539,15.002300382674303,14.876229884626675,14.876229884626675,49853
2012-02-21,14.624088287353516,14.977083300066676,14.548445997683878,14.977083300066676,116730
2012-02-22,15.632647514343262,15.632647514343262,14.87622923713818,14.87622923713818,451115
2012-02-23,16.716848373413086,16.716848373413086,16.363852153842906,16.389066253065018,1212297
2012-02-24,16.2882137298584,16.81770639281012,16.212571419634056,16.64120883849288,607972
2012-02-29,16.31342315673828,17.04462848976358,16.288210228289895,16.918557999825094,555686
2012-03-01,16.54035186767578,16.54035186767578,16.086500392788505,16.338640231008043,233461
2012-03-02,17.674978256225586,17.674978256225586,16.540350811030137,16.742061265272586,666337
2012-03-05,17.39762306213379,18.4061811072565,17.2463396477502,18.4061811072565,347760
2012-03-06,16.2882137298584,17.069846257351706,16.187357316225942,17.069846257351706,448683
2012-03-07,16.13692855834961,16.641208270212125,15.405724262642435,15.405724262642435,303986
2012-03-08,16.262996673583984,16.489922393514636,15.910001629042684,16.162141447803336,195767
2012-03-09,17.069843292236328,17.145485589321236,16.288210900516397,16.389066127090246,257780
2012-03-12,16.162141799926758,16.99420123174803,16.162141799926758,16.893346003770052,241973
2012-03-13,15.783931732177734,16.565564147328352,15.783931732177734,16.16214205940037,193335
2012-03-14,16.13692855834961,16.540353029563338,15.985645112606665,16.111715625342054,149561
2012-03-15,17.246339797973633,17.246339797973633,16.288209939146128,16.54034974500788,562982
2012-03-16,17.750619888305664,18.43139586208702,17.599335298985967,17.599335298985967,1631798
2012-03-19,16.767274856567383,17.64976362246005,16.590777337296714,17.448052004787954,538663
2012-03-20,16.893342971801758,17.019412276532517,16.641203192801072,16.641203192801072,211574
2012-03-21,16.64120864868164,16.893348510347295,16.288213544073457,16.742063891624174,291826
2012-03-22,16.94377326965332,17.145486067505466,16.64120641195388,16.64120641195388,258996
2012-03-23,16.691631317138672,16.89334290564141,16.540347918146406,16.89334290564141,91195
2012-03-26,16.893342971801758,17.145482750802444,16.641203192801072,16.641203192801072,116730
2012-03-27,16.48992347717285,16.943773777320207,16.389067075224933,16.842918544911715,198199
2012-03-28,16.43949317932129,16.590776593407355,16.338637959777007,16.338637959777007,127674
2012-03-29,15.5570068359375,16.288211035668,15.531792736699982,16.288211035668,368431
2012-03-30,15.783931732177734,16.036071560479694,15.380508474710359,15.405722574494495,128890
2012-04-02,15.531794548034668,16.136928322148943,15.380509934966595,15.632649787207212,105787
2012-04-03,14.901443481445312,15.582219469774836,14.82580118516899,15.531792441796632,204278
2012-04-05,14.573664665222168,14.775375145674573,14.47280825545645,14.775375145674573,89979
2012-04-06,15.531794548034668,15.531794548034668,14.573664512967726,14.573664512967726,132537
2012-04-09,14.97708511352539,15.153582641252683,14.9014439842362,15.128369711182543,107003
2012-04-10,15.052728652954102,15.430937839189061,15.052728652954102,15.380509635813873,43774
2012-04-11,15.077940940856934,15.279652560553528,14.825801123851354,14.825801123851354,25534
2012-04-12,15.330081939697266,15.330081939697264,15.12837145860105,15.178799663644865,120378
2012-04-13,15.456149101257324,15.783930023896852,15.254437494354706,15.330078615981146,205494
2012-04-16,15.077940940856934,15.380507785632155,14.977084546238967,15.380507785632155,63229
2012-04-17,14.674518585205078,15.330080511544313,14.674518585205078,15.330080511544313,113082
2012-04-18,14.724947929382324,14.851018450053486,14.674520890653456,14.724947929382326,66876
2012-04-19,14.674518585205078,14.876230217049322,14.649304485032122,14.674518585205078,59581
2012-04-20,14.699734687805176,14.851018139911638,14.64930648058983,14.674520584197502,62013
2012-04-23,14.498021125793457,14.674518658344425,14.397165894138368,14.674518658344425,102139
2012-04-24,14.3467378616333,14.573663597440278,14.346737861633303,14.498021295658143,62013
2012-04-25,14.699734687805176,14.77537582908862,14.523237132091039,14.573665339306384,37694
2012-04-26,14.548446655273438,14.825800560392596,14.548446655273438,14.800586462696371,35262
2012-04-27,14.498021125793457,14.624090457747172,14.447592925196203,14.548448156851293,88763
2012-04-30,14.750161170959473,14.800588202741121,14.523235434554028,14.523235434554028,43774
2012-05-02,15.355294227600098,15.557005839035057,14.724944126134146,14.724944126134146,137401
2012-05-03,15.380510330200195,15.531794947155836,15.25444098561003,15.531794947155836,117946
2012-05-04,15.254441261291504,15.531795227849708,15.229227158009888,15.38051060816002,72956
2012-05-07,15.12836742401123,15.229222637662224,15.12836742401123,15.229222637662224,76604
2012-05-08,15.12836742401123,15.632645831344615,15.103153328213681,15.632645831344615,60797
2012-05-09,14.97708511352539,15.128369711182543,14.926658083845727,14.97708511352539,27966
2012-05-10,14.901443481445312,15.00229987648041,14.901443481445312,14.97708460818229,26750
2012-05-11,14.649303436279297,14.926657348786472,14.624089337911434,14.926657348786472,65661
2012-05-14,14.674518585205078,14.674518585205078,14.573663354052663,14.649304485032122,44989
2012-05-15,14.775372505187988,14.775372505187988,14.598874989179125,14.624089087114578,60797
2012-05-16,14.523233413696289,14.800586143290708,14.42237702508794,14.800586143290708,42558
2012-05-17,14.598875045776367,14.876228954602293,14.52323392121607,14.52323392121607,37694
2012-05-18,14.498021125793457,14.598876357448546,14.498021125793457,14.598876357448546,69308
2012-05-21,14.371950149536133,14.598875875188073,14.371950149536133,14.57366294526175,94843
2012-05-22,14.498021125793457,14.699732758643053,14.422378824897576,14.498021125793457,31614
2012-05-23,14.447592735290527,14.598876165554334,14.447592735290527,14.472806835257728,42558
2012-05-24,14.371950149536133,14.472806547398942,14.34673721960981,14.397165418541215,120378
2012-05-25,14.119811058044434,14.472806100587677,14.119811058044435,14.472806100587677,21887
2012-05-28,14.195451736450195,14.271094030124189,14.119810612315506,14.271094030124189,51069
2012-05-29,14.548446655273438,14.95187104887371,14.321522115086024,14.371949140939174,54717
2012-05-30,14.624088287353516,14.649302383910062,14.573661263779668,14.649302383910062,15807
2012-05-31,14.422378540039062,14.52323493924154,14.170238711572265,14.52323493924154,42558
2012-06-01,14.27109432220459,14.422377743109525,14.245880223797212,14.37194954629477,43774
2012-06-04,13.918100357055664,14.170239021497737,13.86767215635148,14.170239021497737,103355
2012-06-05,13.993743896484375,14.245883773851729,13.918102751951904,13.918102751951904,24318
2012-06-06,14.119811058044434,14.145025156731716,13.993740564608032,13.993740564608032,12159
2012-06-07,14.145023345947266,14.220664462786518,14.145023345947266,14.220664462786518,15807
2012-06-08,14.145023345947266,14.321520844624445,14.119809250487785,14.145023345947266,12159
2012-06-11,14.245882034301758,14.271096135913586,14.119812695782088,14.271096135913586,43774
2012-06-12,14.119811058044434,14.119811058044435,14.018954663295313,14.018954663295313,15807
2012-06-13,14.195451736450195,14.271094030124189,14.119810612315506,14.119810612315506,26750
2012-06-14,14.119811058044434,14.245880381941495,14.119811058044435,14.195452184566934,18239
2012-06-15,14.422378540039062,14.422378540039064,14.11981168151042,14.11981168151042,111866
2012-06-18,14.724947929382324,14.977087801185052,14.624092682384992,14.624092682384992,92411
2012-06-19,14.674518585205078,14.876230217049322,14.624090384859164,14.699732685378034,64445
2012-06-20,14.825798034667969,15.128365985937839,14.72494166106498,14.72494166106498,111866
2012-06-21,15.279653549194336,15.279653549194334,14.926658484270257,14.926658484270257,91195
2012-06-22,15.279653549194336,15.304867649480258,15.02751371587453,15.02751371587453,57149
2012-06-25,15.027512550354004,15.304866462448407,15.00229962156299,15.22922416745739,85116
2012-06-26,15.153583526611328,15.229225829859358,15.027514190737397,15.027514190737397,98491
2012-06-27,15.26379108428955,15.263791084289553,14.93316693052576,15.15358345067795,102520
2012-06-28,15.181133270263672,15.318892793323434,15.015820589663145,15.318892793323434,87023
2012-06-29,15.181133270263672,15.181133270263672,15.070925651815863,15.15358136565172,60797
2012-07-02,15.153581619262695,15.236237334481881,15.126029714189633,15.236237334481881,32186
2012-07-03,15.153581619262695,15.153581619262695,15.126029714189633,15.126029714189633,21457
2012-07-04,15.153581619262695,15.263789239554942,15.070925904043508,15.153581619262695,144244
2012-07-05,15.208685874938965,15.566860651381306,15.043373186729012,15.153582063178604,141860
2012-07-06,15.456653594970703,15.511757408752842,15.12603071227787,15.208686432951078,201465
2012-07-09,15.53930950164795,15.925036171639029,15.429100628721665,15.429100628721665,209810
2012-07-10,15.318896293640137,15.539312833829014,15.153584828195306,15.539312833829014,221731
2012-07-11,15.401551246643066,15.566862703718835,15.263791699079926,15.318895518105181,118018
2012-07-12,15.043374061584473,15.263790574373225,15.043374061584473,15.070927221995893,42915
2012-07-13,14.657649040222168,15.043375789276533,14.519889486988466,14.519889486988466,34570
2012-07-16,14.602546691894531,14.878065826153682,14.602546691894531,14.712754345598192,56028
2012-07-17,14.822958946228027,14.98827039273444,14.547439868717335,14.547439868717335,15497
2012-07-18,14.90561580657959,14.98827153613832,14.767856257315042,14.822960077020861,17881
2012-07-19,15.126030921936035,15.126030921936035,14.878062503550465,14.905614410823425,39339
2012-07-20,15.126030921936035,15.126030921936035,14.933166318096383,14.933166318096383,32186
2012-07-23,14.878063201904297,14.878063201904297,14.795407476205682,14.795407476205682,34570
2012-07-24,14.740302085876465,14.85050970837909,14.327022248562761,14.85050970837909,33378
2012-07-25,14.767854690551758,14.767854690551756,14.740302783621907,14.740302783621907,17881
2012-07-26,14.878063201904297,14.988270836169114,14.822959384771886,14.878063201904297,16689
2012-07-27,15.043374061584473,15.043374061584473,14.878062616689617,14.878062616689617,67949
2012-07-30,15.153581619262695,15.153581619262695,14.933165125749364,14.933165125749364,45299
2012-07-31,15.153581619262695,15.153581619262695,14.878061315603238,15.153581619262695,51260
2012-08-01,14.960721969604492,15.153586621712577,14.960721969604492,15.153586621712577,11921
2012-08-02,14.960721969604492,14.960721969604492,14.960721969604492,14.960721969604492,0
2012-08-03,14.822958946228027,14.933166577232303,14.822958946228027,14.905614669481233,14305
2012-08-06,14.878063201904297,14.96071892760291,14.878063201904297,14.878063201904297,21457
2012-08-07,14.685201644897461,14.933168852437156,14.657649732948606,14.933168852437156,29802
2012-08-08,15.374001502990723,15.59441681014344,14.657650501815182,14.657650501815182,196696
2012-08-09,15.181133270263672,15.64951564866686,15.043372494275097,15.373996602547338,125170
2012-08-10,15.374001502990723,15.374001502990723,15.070930455655738,15.181138109232096,84639
2012-08-13,15.456653594970703,15.59441312942605,15.429101688079633,15.484205501861773,126362
2012-08-14,15.318896293640137,15.62196856655143,15.263792471825194,15.48420775908497,398162
2012-08-15,15.484210014343262,15.484210014343262,15.374002354661748,15.374002354661748,69141
2012-08-16,15.456653594970703,15.484205501861773,15.263790246733217,15.484205501861773,169278
2012-08-17,15.374001502990723,15.429105329778901,15.153586195838006,15.429105329778901,94176
2012-08-20,15.318896293640137,15.374000115455082,15.263792471825194,15.263792471825194,42915
2012-08-21,15.566863059997559,15.566863059997559,15.318895868708681,15.318895868708681,94176
2012-08-22,15.511761665344238,15.539314832725106,15.42910592198942,15.42910592198942,101328
2012-08-23,16.586284637451172,16.586284637451172,16.586284637451172,16.586284637451172,377896
2012-08-24,17.74346923828125,17.74346923828125,17.660813506615973,17.74346923828125,1754775
2012-08-27,17.853675842285156,18.4047139826728,17.633259333201178,17.908779656323922,2759718
2012-08-28,17.495498657226562,17.853674678050872,17.412841688629534,17.853674678050872,967987
2012-08-29,17.826122283935547,18.01898561520525,17.49549817740154,17.49549817740154,1176605
2012-08-30,17.660810470581055,18.074090310790407,17.55060284730626,17.826123158422117,929840
2012-08-31,18.873098373413086,18.873098373413086,17.66081191255177,17.66081191255177,2548715
2012-09-03,18.735336303710938,19.038407251545742,18.404712198598716,18.955751538499886,2664349
2012-09-04,18.40471649169922,18.73534067393313,18.349612670148417,18.73534067393313,967987
2012-09-05,18.459819793701172,18.735338875000352,18.294507091992692,18.294507091992692,1193294
2012-09-06,18.129201889038086,18.570033823920006,18.129201889038086,18.404721065258407,944145
2012-09-07,18.0740909576416,18.40471383929861,17.9638833304226,18.40471383929861,600819
2012-09-10,18.625131607055664,19.01085832842487,18.404715084772835,18.45982015504029,2374668
2012-09-11,18.68023681640625,18.845548280740285,18.48737218842078,18.790444459295607,1113424
2012-09-12,18.873098373413086,19.231274431229416,18.680235016935278,18.680235016935278,2228040
2012-09-13,19.61700439453125,20.140491954059005,19.093516835003495,19.093516835003495,4128252
2012-09-14,19.644554138183594,19.975178306208225,19.396586951861902,19.947626396616926,1437676
2012-09-17,19.506793975830078,19.837418133441183,19.396586340936047,19.837418133441183,691419
2012-09-18,19.12106704711914,19.589450743287422,19.0935151386933,19.39658613137755,617509
2012-09-19,19.038410186767578,19.424138160046137,18.928202552381986,19.258826708467755,811822
2012-09-20,19.12106704711914,19.258826589248347,18.900650526783426,19.203722772396663,487570
2012-09-21,19.837419509887695,19.837419509887695,19.176172401712954,19.176172401712954,1013287
2012-09-24,19.506793975830078,20.388457560840354,19.506793975830078,20.002729585782234,1827493
2012-09-25,19.12106704711914,19.561897581932595,18.95575434363511,19.39658613137755,681882
2012-09-26,18.349611282348633,19.231274866338556,18.21185173889052,19.010858343876574,864274
2012-09-27,18.432266235351562,18.707786563641125,18.10164334491882,18.45981939581657,660424
2012-09-28,18.432266235351562,18.62513084103294,18.294506697671252,18.45981939581657,408891
2012-10-01,18.377166748046875,18.570030133068904,18.211854022241695,18.570030133068904,195504
2012-10-02,18.542476654052734,18.597580473688378,18.377165195145803,18.432267761852398,300409
2012-10-03,18.184297561645508,18.65268120389963,18.184297561645508,18.59757739339077,319483
2012-10-04,18.377166748046875,18.45982248448489,17.90878298863565,18.211854022241695,431541
2012-10-05,18.239402770996094,18.514923097599805,18.184298956261138,18.37716356076242,188352
2012-10-08,18.184297561645508,18.514921677627488,18.184297561645508,18.459817867118634,265838
2012-10-09,17.357742309570312,18.184300870536006,17.109773864230256,18.184300870536006,883348
2012-10-11,17.082223892211914,17.275087285970542,16.916912411847377,17.082223892211914,171662
2012-10-12,17.192424774169922,17.49549695506241,16.916905748748317,16.916905748748317,163318
2012-10-15,17.523048400878906,17.633256008175067,17.082216718765576,17.082216718765576,315907
2012-10-16,17.6057071685791,17.798570514892845,17.357740009032863,17.798570514892845,113249
2012-10-17,17.633258819580078,18.018986759544877,17.633258819580078,17.798570256881185,220539
2012-10-18,17.523048400878906,17.79856741911931,17.440392695406786,17.633256008175067,133515
2012-10-19,17.79857063293457,17.79857063293457,17.41284268482,17.523051564944815,123978
2012-10-22,17.79857063293457,17.853675699461437,17.385292030949937,17.523051564944815,84639
2012-10-23,17.523048400878906,17.79856741911931,17.41283954065406,17.79856741911931,79870
2012-10-24,17.55060386657715,17.633259588833567,17.3577405146455,17.467948144320726,72718
2012-10-25,17.38529396057129,17.743468788712367,17.275085068214214,17.63326114928434,131131
2012-10-26,16.173006057739258,17.49550148064027,16.173006057739258,17.357741932295074,1126537
2012-10-29,15.291343688964844,16.090350321959725,15.126032231020188,16.03524650264484,524525
2012-10-30,15.787280082702637,15.897487726686496,15.318896342842134,15.318896342842134,226499
2012-10-31,16.420976638793945,16.5311842918399,15.869937120634974,15.980144773680928,320675
2012-11-01,16.834253311157227,16.834253311157227,15.980141660582545,16.42097343981693,342133
2012-11-02,17.68836212158203,17.991434334150547,17.082218949373853,17.082218949373853,1463902
2012-11-05,17.38529396057129,17.826125771212435,17.38529396057129,17.605709239427338,252725
2012-11-06,17.523048400878906,17.550600302702946,17.385288891758705,17.385288891758705,88215
2012-11-07,17.633258819580078,17.798570256881185,17.523051194712675,17.798570256881185,231267
2012-11-08,17.440397262573242,17.523052989690655,17.247532646370267,17.247532646370267,135899
2012-11-09,17.74346923828125,17.82612622287561,17.2475335953605,17.412845058691055,241996
2012-11-12,17.495498657226562,17.908778488496328,17.495498657226562,17.743465804231118,160933
2012-11-13,17.219980239868164,17.633258833445907,17.219980239868164,17.633258833445907,115633
2012-11-14,17.082223892211914,17.302640452293844,17.082223892211914,17.219984712111575,121594
2012-11-15,17.027118682861328,17.19243014980296,16.944462949390513,16.944462949390513,83447
2012-11-16,17.33018684387207,17.633259069481507,17.02711587119154,17.02711587119154,158549
2012-11-19,16.476078033447266,16.779150287519368,16.25566150695964,16.365870396667965,736719
2012-11-20,16.44852638244629,16.66894165946477,16.255661762126078,16.53118211132822,202657
2012-11-21,16.44852638244629,16.696494822021123,16.42097447281898,16.503630201700908,168086
2012-11-22,16.53118324279785,16.69649596480551,16.53118324279785,16.69649596480551,113249
2012-11-23,17.054668426513672,17.137324149479642,16.69649362699447,16.77914934996044,234844
2012-11-26,17.247528076171875,17.330183781387426,17.192424272694844,17.330183781387426,141860
2012-11-27,17.46794891357422,17.523052730838494,17.24753239158812,17.357741279045666,110865
2012-11-28,17.495498657226562,17.660810088562933,17.440394846781103,17.467946752003833,126362
2012-11-29,18.184297561645508,18.349608993172076,17.605706298373676,17.605706298373676,1010903
2012-11-30,18.48737144470215,18.68023606492897,18.29450807740437,18.459820788017222,1480591
2012-12-03,18.48737144470215,18.570028426473094,18.2669561677904,18.570028426473094,474456
2012-12-04,18.570026397705078,18.570026397705078,18.322057985340773,18.487369424964374,525717
2012-12-05,18.707786560058594,18.928201820304878,18.377163669689168,18.570027022404666,727182
2012-12-06,18.377166748046875,18.90065307882095,18.349613582971713,18.90065307882095,586514
2012-12-07,18.459819793701172,18.62513124248068,18.32205900012261,18.62513124248068,319483
2012-12-10,17.826122283935547,18.266952755409147,17.826122283935547,18.18429704200785,461343
2012-12-11,17.68836212158203,17.93633052330697,17.550602594473094,17.82612290161982,245573
2012-12-12,17.77102279663086,17.908783615109098,17.633263231081823,17.633263231081823,158549
2012-12-13,18.184297561645508,18.239401372154365,17.771017729900244,17.771017729900244,307562
2012-12-14,18.129201889038086,18.29451339477028,18.01899421854996,18.18430572428215,92984
2012-12-17,17.93633270263672,18.129196064022835,17.82612506755894,18.129196064022835,176431
2012-12-18,17.79857063293457,17.96388332665734,17.74346681933662,17.936331419858362,222923
2012-12-19,17.908781051635742,18.018988688299785,17.82612532413771,18.018988688299785,153781
2012-12-20,17.68836212158203,17.991434334150547,17.68836212158203,17.908778617885183,131131
2012-12-21,18.01898956298828,18.01898956298828,17.743469205024677,17.743469205024677,221731
2012-12-24,17.963886260986328,18.23940537398103,17.963886260986328,18.10164581748368,106097
2012-12-25,18.184297561645508,18.239401372154365,17.963882319610082,18.046538035373366,182391
2012-12-26,18.349611282348633,18.597579713502235,18.239403647582144,18.239403647582144,455383
2012-12-27,18.211849212646484,18.51492141914288,18.211849212646484,18.43226445160472,275375
2012-12-28,18.459819793701172,18.542475518090928,18.239403275732855,18.349610908252526,206233
2013-01-02,18.377166748046875,18.707789693798926,18.377166748046875,18.707789693798926,344517
2013-01-03,18.459819793701172,18.6526831506106,18.37716406931142,18.6526831506106,287296
2013-01-04,18.459819793701172,18.597579334350762,18.459819793701172,18.51492360996101,144244
2013-01-07,18.459819793701172,18.542475518090928,18.239403275732855,18.51492360996101,191928
2013-01-08,18.625131607055664,18.625131607055664,18.45982015504029,18.45982015504029,231267
2013-01-09,18.349611282348633,18.680235439577103,18.349611282348633,18.65268353088548,501875
2013-01-10,18.432266235351562,18.542475118424754,18.4047143278155,18.432266235351562,244381
2013-01-11,19.69965934753418,19.69965934753418,18.349612009368215,18.459820901430227,2270955
2013-01-14,19.72720718383789,20.112933841154405,19.534343855179635,19.72720718383789,1982467
2013-01-15,19.341482162475586,20.27824954744789,19.341482162475586,20.112936845263437,994213
2013-01-16,19.396583557128906,19.782311476827168,19.17616831897494,19.534344333903956,491146
2013-01-17,19.341482162475586,20.16804066168193,19.286378346057095,19.67210631391551,1322042
2013-01-18,19.479244232177734,19.92007607368027,19.42414040860606,19.61700504403606,346901
2013-01-21,19.506793975830078,19.727210498547148,19.396586340936047,19.727210498547148,330212
2013-01-22,20.856842041015625,20.856842041015625,19.561898523861082,19.644554253118574,2402087
2013-01-23,20.856842041015625,21.325225759737133,20.526217871056602,21.104810481717152,2414008
2013-01-24,20.884395599365234,22.2068886248107,20.71908287487155,20.93949942322008,3327159
2013-01-25,20.829286575317383,21.132358783783857,20.388454841606528,20.829286575317383,1119384
2013-01-28,20.801738739013672,21.0221552754462,20.526218381705284,21.0221552754462,579361
2013-01-29,21.187461853027344,21.600740414309527,20.911941559243765,20.911941559243765,1034745
2013-01-30,21.215017318725586,21.82115931036626,21.215017318725586,21.490536405834984,853545
2013-01-31,20.939496994018555,21.380328786645357,20.939496994018555,21.380328786645357,603204
2013-02-01,20.774187088012695,21.07725935954391,20.774187088012695,21.022155537979888,447038
2013-02-04,20.774187088012695,21.049707448761897,20.71908201351958,20.96705046348677,307562
2013-02-05,21.462984085083008,21.462984085083008,20.663977494875887,20.746633219421902,1147995
2013-02-06,20.939496994018555,21.655847873956482,20.939496994018555,21.600744056494257,684267
2013-02-18,20.856842041015625,21.15991430122215,20.526217871056602,21.13236239146965,358822
2013-02-19,21.32522201538086,21.32522201538086,20.52621426699287,20.939494093644285,950105
2013-02-20,21.655845642089844,21.766053265656222,21.4078784890655,21.46298230084869,1202831
2013-02-21,21.73850440979004,22.42730465957989,21.655848680518226,22.04157541712001,2348442
2013-02-22,22.04157257080078,22.59261320064613,21.87626113360451,21.986468758402022,3736050
2013-02-25,21.821157455444336,22.206884144608537,21.821157455444336,22.151782837728582,594859
2013-02-26,21.821157455444336,22.261990463204068,21.60074220449336,21.655846017231106,1125345
2013-02-27,21.9038143157959,22.179335899697787,21.82115859238271,21.848710500187106,540022
2013-03-01,21.655845642089844,22.12422804224694,21.628293736198252,22.069124230463753,673538
2013-03-04,21.24256706237793,21.876260898142984,21.2150151564751,21.710949462726013,741487
2013-03-05,21.573190689086914,21.82115785090057,21.27011971353689,21.27011971353689,880964
2013-03-06,22.20688819885254,22.592617464295948,22.151786881912905,22.592617464295948,2212542
2013-03-07,22.592618942260742,23.03344955348206,22.31709981024742,22.482411289455413,2267379
2013-03-08,22.868133544921875,23.33651848243278,22.81302972943329,22.868133544921875,1384031
2013-03-11,22.702821731567383,23.14365224835204,22.620166009670257,22.868133175361628,786787
2013-03-12,22.427303314208984,22.9232376600897,22.37219949800002,22.757926211462795,987061
2013-03-13,22.537513732910156,23.0058962285919,22.454857998378085,22.509961821399468,1111039
2013-03-14,22.537513732910156,22.64772137895292,22.399754175356705,22.62016946744223,308754
2013-03-15,22.427303314208984,22.64771857904486,22.206885543515167,22.59261476283589,343325
2013-03-18,23.36406898498535,23.52938042150874,22.730372639121263,22.978339793906347,2301950
2013-03-19,23.474279403686523,23.749798497356327,23.3640717662186,23.694694678622366,1046666
2013-03-20,23.446727752685547,23.639591120379627,23.419175843014965,23.58448730103846,498298
2013-03-21,23.61203956604004,23.61203956604004,23.419176195443615,23.501831925699225,481609
2013-03-22,23.694692611694336,23.694692611694336,23.50182926294927,23.584484983840014,451806
2013-03-25,24.411046981811523,24.631462258135983,23.8600062851423,23.97021392330453,1232634
2013-03-26,24.521255493164062,24.796774598380743,24.41104785107739,24.741670777337408,683074
2013-03-27,24.300840377807617,24.686569673424476,24.245739056557714,24.576362019207785,656848
2013-03-28,24.300840377807617,24.355944204915964,23.970217415157546,24.300840377807617,880964
2013-03-29,25.017187118530273,25.320258100783825,24.466148968978363,24.521252783933555,1945511
2013-04-01,25.623332977294922,25.733540613176903,24.85187702026304,25.265155654820465,1041897
2013-04-02,25.458023071289062,25.733542177745242,25.347812922848416,25.347812922848416,662809
2013-04-03,25.513124465942383,25.65088652545641,25.18250153716836,25.568230793262906,785595
2013-04-08,24.466154098510742,25.237607669625064,24.328394532240328,25.237607669625064,1055011
2013-04-09,24.438596725463867,24.989637429798723,24.163077626225498,24.52125496109349,737911
2013-04-10,24.300840377807617,24.71412158697865,24.245739056557714,24.43859994557848,377896
2013-04-11,24.438596725463867,24.769222150408023,24.41104732139814,24.41104732139814,419620
2013-04-12,24.2457332611084,24.466148516855995,24.218178848282104,24.466148516855995,538830
2013-04-15,23.088544845581055,23.99776015100684,23.060992942563836,23.970208247989618,2050416
2013-04-16,23.584487915039062,23.777351287754165,22.592616635217542,22.592616635217542,783211
2013-04-17,23.639589309692383,23.970212200415133,23.612037402132156,23.970212200415133,337365
2013-04-18,23.639589309692383,23.942660292854903,23.41917404921055,23.584485494571926,336173
2013-04-19,23.804901123046875,23.915108754991458,23.639589675129997,23.749797307074584,227691
2013-04-22,23.860002517700195,24.163073474792085,23.80489870731985,23.80489870731985,282528
2013-04-23,23.61203956604004,24.02531821731809,23.61203956604004,24.02531821731809,272991
2013-04-24,23.749794006347656,23.88755352713268,23.749794006347656,23.749794006347656,284912
2013-04-25,23.749794006347656,23.832449718818673,23.639586389719636,23.749794006347656,213386
2013-04-26,23.639589309692383,23.86000457017422,23.639589309692383,23.639589309692383,309946
2013-04-29,23.639589309692383,23.639589309692383,23.639589309692383,23.639589309692383,0
2013-04-30,23.61203956604004,23.61203956604004,23.419176195443615,23.419176195443615,218154
2013-05-02,23.749794006347656,23.80489781466167,23.474274964777607,23.529378773091615,114441
2013-05-03,23.694692611694336,23.832452146512242,23.694692611694336,23.77734833258508,249149
2013-05-06,23.91510772705078,23.91510772705078,23.667140565833815,23.832452006645127,383857
2013-05-07,24.025312423706055,24.218175747794227,23.860001003059047,23.860001003059047,303986
2013-05-08,23.970211029052734,24.190626278763443,23.915107216625056,24.135522466335765,404122
2013-05-09,25.623332977294922,25.623332977294922,24.879428929233534,25.01718847408601,2022998
2013-05-10,25.953954696655273,26.394785220000045,25.70598752727384,26.257025681454806,1807227
2013-05-13,26.17436981201172,26.257025534676814,25.73353929113121,26.17436981201172,786787
2013-05-14,26.009056091308594,26.312127047900123,25.953952281019227,26.312127047900123,505451
2013-05-15,27.359107971191406,27.772389145185493,26.036613727298423,26.036613727298423,1438868
2013-05-16,27.441761016845703,27.99280169290959,27.248897657273638,27.551968650886884,782019
2013-05-17,27.16623878479004,27.44175783797671,26.890719731603372,27.44175783797671,548367
2013-05-20,27.00092887878418,27.166240320038444,26.808065530654208,27.166240320038444,462535
2013-05-21,27.16623878479004,27.166238784790043,26.83561592096604,27.00092735287804,450614
2013-05-22,27.717283248901367,27.93770104786741,27.22134883940887,27.22134883940887,867850
2013-05-23,27.551969528198242,27.77238730915714,27.276450434322193,27.55196952819824,977524
2013-05-24,27.16623878479004,27.551965459251377,27.028479258196707,27.551965459251377,489954
2013-05-27,27.717283248901367,27.93770104786741,27.00093354630109,27.00093354630109,875003
2013-05-28,29.149986267089844,29.315297728988394,27.99280352794183,27.99280352794183,1335155
2013-05-29,29.8663387298584,30.30717184202734,29.48061194933666,29.75613107828076,1525891
2013-05-30,29.315298080444336,29.811232472085663,29.039778973976933,29.811232472085663,650888
2013-05-31,30.582687377929688,31.133728076936627,29.75612758234832,29.75612758234832,1503241
2013-06-03,30.582687377929688,31.188829390393426,30.252064462040376,30.252064462040376,1887098
2013-06-04,30.196958541870117,30.968411958607145,30.196958541870117,30.582685250238633,933416
2013-06-05,30.196958541870117,30.527581434757415,30.031644589568558,30.196958541870117,482801
2013-06-06,29.59081268310547,29.976539373451132,29.425501244385902,29.976539373451132,756985
2013-06-07,30.30716323852539,31.519449567597793,29.811226441352602,30.527578479109884,2306719
2013-06-10,30.692895889282227,31.4092480666026,30.637792068400515,31.4092480666026,998982
2013-06-11,30.41737174987793,31.133723808620356,30.307164126357208,30.69289080867973,892885
2013-06-13,29.48060417175293,30.527579091385586,29.149981304245053,30.307163846380337,1199255
2013-06-14,31.51945686340332,31.519456863403317,29.480610404349797,29.921443493416053,2063530
2013-06-17,32.84195327758789,32.952160930633845,30.858210511043914,31.629666588223998,3048206
2013-06-18,33.172569274902344,34.109336635054916,32.9521540150683,32.9521540150683,2672694
2013-06-19,33.172569274902344,33.172569274902344,33.172569274902344,33.172569274902344,0
2013-06-20,32.62153625488281,33.0072630202459,32.40112096038962,32.73174390212941,1153955
2013-06-21,31.850080490112305,32.015391962393,30.692897678289167,31.46435372145736,1426947
2013-06-24,31.739866256713867,32.12559294534038,31.629658631392005,31.850073882035726,534062
2013-06-25,29.756126403808594,31.850076466556114,29.590814952411364,31.684765015158884,1665367
2013-06-26,30.85820770263672,30.913311524144692,30.307169487556973,30.80310388112874,789172
2013-06-27,32.23580551147461,32.40111696194432,31.133726669151905,31.299038119621613,1204023
2013-06-28,31.905176162719727,32.67663200878788,31.409241872584413,32.67663200878788,871427
2013-07-01,32.40111541748047,32.731738302660084,31.574555698673564,31.794970955459977,1078853
2013-07-02,33.0623664855957,33.888926336846616,32.67663972441246,32.67663972441246,1500857
2013-07-03,33.33788299560547,33.77871605122514,33.00726008328426,33.61340459506454,1055011
2013-07-04,33.0623664855957,33.55830339868955,32.67663972441246,33.50319957566337,684267
2013-07-05,34.21954345703125,34.439961217519006,33.39298625216902,33.88892057508636,1945511
2013-07-08,36.58901596069336,36.58901596069336,34.49506582942461,34.71548361102506,4962724
2013-07-09,39.12379837036133,39.12379837036133,36.644119050055046,36.86453432140902,5773354
2013-07-10,40.16709899902344,40.862631629016796,39.70341057902787,40.45690426152067,4117523
2013-07-11,39.93525314331055,40.92059363098705,39.41360105652121,40.5728246945304,2797865
2013-07-12,42.71739196777344,42.71739196777344,39.413603960644636,39.99321714025267,5080742
2013-07-15,44.22438430786133,45.673410656085,43.47088797099357,43.47088797099357,5041402
2013-07-16,47.296321868896484,47.296321868896484,43.47088469086309,44.224380970875174,5424067
2013-07-17,47.87592697143555,49.846607705914685,45.78932415090363,45.78932415090363,7824963
2013-07-18,48.45554733276367,49.73069581227045,46.774676740500496,48.22370311314116,4470385
2013-07-19,46.36893844604492,49.44088452565581,46.36893844604492,48.51350248835386,3553658
2013-07-22,48.45554733276367,48.629430497480556,46.48487146597236,46.48487146597236,3204372
2013-07-23,51.817298889160156,51.817298889160156,49.26700721016026,49.55681248373036,4669466
2013-07-24,55.410884857177734,55.410884857177734,54.54146911014667,55.06311855836531,3865989
2013-07-25,57.729339599609375,59.120410246653115,56.39623528145968,57.90322277154194,9555896
2013-07-26,61.7286491394043,61.7286491394043,59.12039687859952,59.41020209962428,5474136
2013-07-29,65.78594207763672,65.78594207763672,63.17768944808094,63.75729997207495,4800598
2013-07-30,66.07575225830078,67.81458923130427,61.72866246158365,67.81458923130427,6610210
2013-07-31,61.7286491394043,65.78593277691483,61.7286491394043,64.62670662123382,3416566
2013-08-01,65.78594207763672,65.78594207763672,62.01846312851017,62.01846312851017,4682579
2013-08-02,67.52477264404297,69.5534147193943,64.91652005332917,66.65535687099927,3942284
2013-08-05,72.16165924072266,72.16165924072266,68.10438081530266,68.97379649112507,3536969
2013-08-06,73.6106948852539,75.34953160879377,71.29224767772821,73.90050012724681,4516877
2013-08-07,68.68399810791016,75.05972951381545,68.68399810791016,72.45147695494116,4775564
2013-08-08,73.32088470458984,73.32088470458984,72.74127425964481,73.32088470458984,3347424
2013-08-09,78.24759674072266,78.24759674072266,77.08837039093996,77.08837039093996,1723780
2013-08-12,77.08837127685547,79.40682400306501,75.34953963957274,79.40682400306501,5548046
2013-08-13,82.30487823486328,82.30487823486328,76.50875722789907,77.667983537925,5627917
2013-08-14,86.36216735839844,87.81119909946833,81.43546681897749,85.78255677060382,9751401
2013-08-15,89.2602310180664,90.12965217307085,83.17430401936869,83.17430401936869,4789869
2013-08-16,87.81118774414062,91.28886136435871,85.78254567761053,89.2602192978286,4018578
2013-08-19,81.72526550292969,87.81119199729305,81.72526550292969,87.5213867268352,5720901
2013-08-20,77.66798400878906,82.5946839952064,76.79856295310306,81.72526293952039,6185821
2013-08-22,79.40680694580078,80.27622257768421,75.92913387510347,77.95777562107993,5525396
2013-08-23,80.56603240966797,83.4640899537636,80.56603240966797,82.8844794992609,5148692
2013-08-26,83.75389862060547,85.78254056625896,80.27623047918685,82.30487242484035,4988950
2013-08-27,78.24759674072266,84.91313375512024,77.9577914711727,84.04371267488749,3407029
2013-08-28,78.24759674072266,79.98643362960526,76.50875985184004,76.50875985184004,3004099
2013-08-29,82.30487823486328,83.1742940136957,78.82720457636822,79.98643088639415,4438198
2013-08-30,80.85584259033203,85.78254229859007,80.56603734532655,83.4640950669638,4621782
2013-09-02,81.14564514160156,83.75389753164897,80.85583990621654,82.88448182549392,3247288
2013-09-03,81.14564514160156,82.59467659010892,79.11700322232419,81.7252556123716,4066262
2013-09-04,79.40680694580078,82.01505911303286,79.11699646359116,81.14563820956762,2460500
2013-09-05,77.66798400878906,80.56604189404936,77.0883682144708,79.40682084857835,4045997
2013-09-06,73.03108978271484,76.50875821447137,72.74128451936704,73.61070030941048,5500362
2013-09-09,69.84323120117188,74.4801266124053,68.68400998415528,73.03110009113456,5714941
2013-09-10,65.20632934570312,70.71263968036352,65.20632934570312,69.84321865222906,5116505
2013-09-11,69.55342102050781,69.55342102050781,65.20633648988739,65.20633648988739,6274037
2013-09-12,71.87187957763672,72.74130083426243,69.55343167927475,71.00246359259496,4875700
2013-09-13,71.2922592163086,73.03109622127748,70.13303806071816,71.8718697941038,2634547
2013-09-16,74.1903076171875,75.3495338918658,71.29224983786555,71.87186033941343,3393916
2013-09-17,71.87187957763672,74.48013280434593,71.87187957763672,74.19032747599867,1887098
2013-09-18,73.6106948852539,74.19030536923974,71.29224767772821,72.16166340370695,1876369
2013-09-23,78.53740692138672,78.53740692138672,74.76992763848291,75.63934877308245,4140173
2013-09-24,76.7985610961914,79.40681892860165,76.7985610961914,78.24759263957681,3268746
2013-09-25,77.9577865600586,77.9577865600586,75.63933927813152,77.66798130876553,1288663
2013-09-26,75.92914581298828,79.11700890268459,75.34953530060397,77.95778787791599,1449597
2013-09-27,78.24759674072266,79.98643362960526,76.50875985184004,77.08837039093996,2844357
2013-09-30,79.69662475585938,79.9864300123032,77.3781774327262,77.3781774327262,1350652
2013-10-01,76.7985610961914,80.56603994604387,75.92914533310973,79.98642943732277,3531008
2013-10-02,77.08837127685547,78.53740291284069,75.92915018533365,77.66798709419933,2062337
2013-10-03,71.87187957763672,74.19032747599867,71.87187957763672,74.19032747599867,3688366
2013-10-04,70.13302612304688,74.48010998815668,70.13302612304688,71.87185756045785,4518069
2013-10-07,72.16165924072266,72.16165924072266,70.1330226638037,70.71263311435197,2312679
2013-10-08,72.74128723144531,73.0310925055982,70.1330344924864,73.0310925055982,1844183
2013-10-09,68.3941879272461,71.5820507647816,68.10438269397761,71.29224553151313,2990986
2013-10-11,68.97380828857422,69.84322411310364,66.6553608182461,69.5534188382605,2876544
2013-10-14,73.6106948852539,73.6106948852539,68.68399522820961,69.55341095418835,4403627
2013-10-15,73.6106948852539,76.21894733477251,73.6106948852539,75.63933685078669,4129444
2013-10-16,73.6106948852539,75.34953160879377,73.320889643261,74.19030536923974,1928822
2013-10-17,71.2922592163086,74.4801226657655,69.84322750023732,74.19031737686791,2782368
2013-10-18,72.45147705078125,72.74128230530813,70.42283499751046,71.58205601561798,1624836
2013-10-21,77.37818908691406,77.37818908691406,72.45148844217704,72.45148844217704,3162648
2013-10-22,75.63934326171875,76.21895379483038,74.48011692391265,75.63934326171875,3191259
2013-10-23,78.24759674072266,78.82720727982256,76.2189545822901,76.50875985184004,4305875
2013-10-24,81.14564514160156,83.17428706087894,77.08836130304681,78.24758751616913,6537492
2013-10-25,78.82718658447266,83.46408022306409,78.2475761975441,81.72524379069692,4626551
2013-10-28,77.08837127685547,79.98643454882593,76.50876073109455,79.40682400306501,2361555
2013-10-29,77.66798400878906,79.40682084857835,76.21895243036754,76.5087576917353,2210158
2013-10-30,78.53740692138672,80.27624391900257,78.24760163371461,79.11701749673092,1931206
2013-10-31,77.08837127685547,78.53740291284069,76.79856600397501,78.53740291284069,993021
2013-11-01,77.66798400878906,79.40682084857835,77.3781787474213,77.66798400878906,1727357
2013-11-04,72.45147705078125,77.95778742995721,72.45147705078125,77.66798217543032,2969528
2013-11-05,71.87187957763672,74.19032747599867,70.71265826424772,73.61071681930417,2495071
2013-11-06,66.9451675415039,68.39419921865361,66.9451675415039,67.81458865642696,1347076
2013-11-07,66.9451675415039,66.9451675415039,66.9451675415039,66.9451675415039,0
2013-11-08,61.7286491394043,68.39418503771961,61.7286491394043,66.65534843998908,7135927
2013-11-11,62.88786697387695,63.17767745242991,61.149035732049725,61.72864614599214,2881312
2013-11-12,62.01845169067383,64.6267038391992,58.5407839165006,64.04709342210062,4977029
2013-11-13,62.598079681396484,62.88788497130497,59.700021510728426,60.85924794194561,3068472
2013-11-14,62.598079681396484,63.75730611261367,61.14905323185409,63.75730611261367,3044630
2013-11-15,62.598079681396484,63.17769553279671,59.989826800636905,62.01846910157953,3160264
2013-11-18,63.757286071777344,64.04709127059131,61.14903401086998,62.88786520375382,2672694
2013-11-19,64.33690643310547,64.62671167680088,61.43884872456899,62.308264455655205,4071031
2013-11-20,67.52477264404297,68.39419368866936,63.177688507241754,64.62671479564793,4953187
2013-11-21,66.65535736083984,68.39419419128839,66.36555210102887,66.94516262065082,2846741
2013-11-22,66.65535736083984,69.5534152305323,66.65535736083984,67.52477314027276,3956589
2013-11-25,66.9451675415039,68.1043939375403,66.36555697927726,67.81458865642696,1349460
2013-11-26,70.13302612304688,70.13302612304688,66.65535270506021,66.9451579446287,4994910
2013-11-27,70.4228286743164,70.71263390282198,68.97379726020644,70.13302344581085,2342482
2013-11-28,71.87187957763672,73.61071681930417,71.58207424928946,71.87187957763672,2814554
2013-11-29,71.2922592163086,72.45148564348226,70.13303806071816,71.8718697941038,1781001
2013-12-02,70.4228286743164,71.87185481684422,69.84321294572314,71.29224435983309,1376878
2013-12-03,70.4228286743164,71.87185481684422,69.84321294572314,70.71263390282198,1893059
2013-12-04,75.34953308105469,75.34953308105469,73.61069632353954,74.19030681885043,2278108
2013-12-05,74.1903076171875,77.66798116963987,73.90050236641356,77.66798116963987,5552815
2013-12-06,71.87187957763672,75.05974873262439,71.29226892094222,74.19032747599867,3321198
2013-12-09,69.26361083984375,72.74128454437884,69.26361083984375,72.45147928093138,2645276
2013-12-10,70.13302612304688,70.42283136261537,67.81457893491654,70.42283136261537,2130287
2013-12-11,67.52477264404297,70.42283576402069,67.52477264404297,70.42283576402069,2161282
2013-12-12,65.20632934570312,66.94516085880689,63.75729781320075,66.94516085880689,3510742
2013-12-13,64.91651153564453,66.94515334481811,64.0470958766767,66.36554290550622,3294972
2013-12-16,63.46748352050781,64.91650957502375,63.17767830960462,64.91650957502375,1826301
2013-12-17,65.78594207763672,66.36555260163072,63.17768944808094,64.33691049606895,3588229
2013-12-18,64.91651153564453,66.65534812516216,64.62670631598859,66.07573768585029,1695170
2013-12-19,64.91651153564453,66.36554290550622,64.91651153564453,65.49612724653839,1388799
2013-12-20,69.26361083984375,69.26361083984375,65.20633187999653,65.20633187999653,5687522
2013-12-23,72.45147705078125,73.61069806888877,68.68399819876656,69.26360870782032,7287324
2013-12-24,72.45147705078125,75.05972961310579,72.45147705078125,74.19030857794253,4094873
2013-12-25,73.03108978271484,75.34953716108012,73.03108978271484,74.48011609945391,3643066
2013-12-26,73.32088470458984,74.76991081695242,72.74127425964481,74.19030037200739,2402087
2013-12-27,71.87187957763672,76.21897004601338,71.87187957763672,73.61071681930417,4284417
2013-12-30,72.45147705078125,73.61069806888877,71.87186127014486,72.74128230530813,2480766
2013-12-31,73.90050506591797,74.48011558863838,73.03108928183735,73.32089454319755,2335329
2014-01-02,72.16165924072266,74.76991153977198,71.58204879017438,74.48010631449785,2154129
2014-01-03,69.26361083984375,72.45147928093138,68.68400031294884,71.87186348245368,2834820
2014-01-06,71.2922592163086,72.16167508300141,68.97381163354449,69.84322750023732,3868373
2014-01-07,69.26361083984375,71.29225295555877,67.81458452260645,71.29225295555877,3496437
2014-01-08,68.3941879272461,71.29224553151313,68.3941879272461,70.1330245984392,3272322
2014-01-09,68.3941879272461,69.84321409358849,68.10438269397761,69.26360362705154,2290029
2014-01-10,66.9451675415039,69.5534203431069,65.49614113593731,69.5534203431069,2963567
2014-01-13,65.49613952636719,67.81458698988092,64.91652370680153,67.81458698988092,2703689
2014-01-14,64.62671661376953,65.78594294868928,64.3369113479353,64.62671661376953,2920651
2014-01-15,68.97380828857422,68.97380828857422,66.6553608182461,66.6553608182461,4919808
2014-01-16,69.55342102050781,70.42284214389842,68.39419988476453,70.1330368599626,6128600
2014-01-17,69.55342102050781,71.00245271177006,68.97381045263617,70.71264742783424,2770447
2014-01-20,68.3941879272461,70.1330245984392,68.3941879272461,69.84321409358849,1627220
2014-01-21,67.23497009277344,69.26361224978378,66.94516482342667,68.39419644174345,1852527
2014-01-22,68.1043930053711,68.39419828251775,66.94516662520145,68.39419828251775,1486552
2014-01-23,70.4228286743164,72.16166004534979,68.39418680319531,68.68399203170088,5166573
2014-01-24,72.16165924072266,73.3208854134013,71.29224356490025,71.58204879017438,5308433
2014-01-27,73.6106948852539,73.6106948852539,72.16166340370695,72.16166340370695,4370249
2014-02-05,74.1903076171875,76.79856014573551,73.61069711563962,73.61069711563962,5468175
2014-02-06,70.712646484375,74.19031511678837,70.712646484375,74.19031511678837,4946034
2014-02-07,72.16165924072266,72.74127496285303,71.00243833962611,71.87185401544852,2771639
2014-02-10,74.1903076171875,75.92914439341368,74.1903076171875,74.1903076171875,4459656
2014-02-11,74.4801025390625,77.08835470589815,74.19029732847875,76.79854949531439,3929170
2014-02-12,79.40680694580078,79.40680694580078,73.900492129127,74.76990776101043,8373330
2014-02-13,83.75389862060547,84.9131248487999,80.56603571833988,81.72525667495196,9771667
2014-02-14,86.36216735839844,87.81119909946833,83.17430385394469,84.62333559501458,8969381
2014-02-17,86.9417724609375,88.3907987511438,85.78254615718978,87.52138297702002,4146133
2014-02-18,86.65196228027344,86.65196228027344,83.46409407975423,86.36215176711337,4408396
2014-02-19,92.44807434082031,92.44807434082033,87.52137486745232,87.52137486745232,5453870
2014-02-20,93.89710998535156,98.24419391999207,92.15826797696347,94.47672047375931,10905356
2014-02-21,97.37478637695312,97.66458635825887,93.60730227465685,96.21555482223457,6612594
2014-02-24,103.17091369628906,104.04032428212128,98.53401858024048,98.82381859446244,8080073
2014-02-25,100.85244750976562,103.17090003231684,99.11361602522595,103.17090003231684,4252230
2014-02-26,107.80780792236328,107.80780792236328,107.80780792236328,107.80780792236328,2012269
2014-02-27,111.28545379638672,112.44468529063053,108.96701189422839,111.28545379638673,7506671
2014-03-03,105.77913665771484,108.38738876471803,104.0402948909371,105.48932618219742,5110544
2014-03-04,106.35875701904297,110.12623029436351,106.35875701904297,107.22817798379555,4529990
2014-03-05,108.67721557617188,109.83644722179055,105.1995522688139,108.38741557214172,4658737
2014-03-06,106.64856719970703,108.09759876544827,104.04031459863897,108.09759876544827,4910271
2014-03-07,105.77913665771484,111.86506175511009,104.90971577432597,107.22816794897514,6970225
2014-03-10,99.1136245727539,104.3301300194077,98.53401402792191,104.3301300194077,5137963
2014-03-11,100.27283477783203,101.72186625420302,98.82380330146104,99.11361381400114,3366498
2014-03-12,101.14225769042969,101.72186818333734,98.82380517563418,98.82380517563418,2887273
2014-03-13,101.43205261230469,104.61992597923523,101.43205261230469,103.17089454756943,3271130
2014-03-14,96.21554565429688,100.85243980184724,95.05632475320033,100.85243980184724,6442123
2014-03-17,96.21554565429688,97.3747770985576,95.05632475320033,96.21554565429688,2551100
2014-03-18,97.08497619628906,99.1136182452741,96.21555516296254,98.2441972119476,3762276
2014-03-19,94.47671508789062,98.24418831934966,91.57865226789798,98.24418831934966,5976011
2014-03-20,96.795166015625,96.795166015625,91.57866088341257,92.44808191983638,3281859
2014-03-21,94.47671508789062,97.66457786398398,93.31749417715928,97.66457786398398,3083970
2014-03-24,90.7092514038086,93.89711451543256,89.26021984129805,93.89711451543256,2909923
2014-03-25,96.795166015625,96.795166015625,89.26021884383604,90.12963988025986,5487249
2014-03-26,96.795166015625,98.53400808847265,94.47672397604848,96.795166015625,3843339
2014-03-27,95.05634307861328,98.2442064427823,95.05634307861328,96.79517476547834,2665541
2014-03-28,92.15827178955078,96.79516643180591,92.1582717895508,95.05633489464722,2661965
2014-03-31,93.6072998046875,95.05633130247695,92.15826830689805,93.89711032151135,2201813
2014-04-01,91.57865905761719,93.60730107338442,90.41943806094021,93.60730107338442,4022155
2014-04-02,97.95440673828125,97.95440673828125,92.44809056464427,93.0277011287377,4822056
2014-04-03,99.1136245727539,101.43206675208187,97.95440348308992,99.1136245727539,4911463
2014-04-07,94.76653289794922,97.37479625323641,92.73790119355849,95.63595401637829,2607128
2014-04-08,92.15827178955078,93.89711386987477,91.2888612925541,92.73789284510232,2241153
2014-04-09,94.76653289794922,94.76653289794922,93.02770120425734,93.02770120425734,1276742
2014-04-10,92.73788452148438,97.95438920792232,92.73788452148438,95.63593682330304,4117523
2014-04-11,87.23158264160156,91.28886702630386,86.36216154683223,90.99905648032544,7463755
2014-04-14,82.59468841552734,85.78255173276418,82.59468841552734,85.78255173276418,4859011
2014-04-15,85.78254699707031,85.78254699707031,80.27623649720977,82.594683855822,5124850
2014-04-16,85.20293426513672,85.78254477185892,83.17429222002643,85.78254477185892,2636931
2014-04-17,85.20293426513672,88.39079732369142,85.20293426513672,86.07235002522002,4248654
2014-04-18,84.33352661132812,86.65197413265244,84.04371605852737,85.78255301741638,1753583
2014-04-21,89.2602310180664,89.2602310180664,84.04371990278979,85.20294635226793,4285609
2014-04-22,89.83982849121094,92.44808103227628,88.97040746313411,89.26021798688143,7487597
2014-04-23,93.31749725341797,95.63593915130929,91.86846579565358,92.73788677894514,9306746
2014-04-24,91.86846160888672,93.6072929530606,90.41943021715976,93.31749300061368,3805192
2014-04-25,86.9417724609375,94.18691445513439,85.49274089914852,92.15827237726288,7464948
2014-04-28,86.9417724609375,86.9417724609375,83.464098821277,84.04370933735953,2551100
2014-04-29,93.02770233154297,93.02770233154297,90.4194494878159,90.4194494878159,2264995
2014-04-30,91.57865905761719,95.34614311156493,91.57865905761719,94.7665220700614,7993049
2014-05-02,92.73788452148438,94.76651586117526,91.57865305759255,91.57865305759255,3687174
2014-05-05,98.82382202148438,98.82382202148438,94.1869267446371,94.1869267446371,6666239
2014-05-06,97.95440673828125,99.98304898419138,96.21556450283471,99.69323843056155,4992526
2014-05-07,99.1136245727539,100.27284566241788,95.63595076059607,96.79517185026006,5739975
2014-05-08,92.73788452148438,94.76651586117526,92.44807401972032,94.47671590257556,6424242
2014-05-09,86.36216735839844,88.68062025274358,86.36216735839844,86.94178321777639,7073938
2014-05-12,82.59468841552734,87.52138866561292,82.01507786177211,86.36216228651942,3740818
2014-05-13,83.75389862060547,84.62331960964687,79.98642524003382,84.33351437049384,3252056
2014-05-14,84.043701171875,85.78253782276404,82.5946750224526,84.043701171875,2375860
2014-05-15,86.65196228027344,86.65196228027344,83.75389932133191,83.75389932133191,1842991
2014-05-16,85.78254699707031,86.36215751882769,84.62332595355556,86.36215751882769,1530660
2014-05-19,85.49273681640625,88.10098928580206,85.49273681640625,86.94176830899612,1764312
2014-05-20,85.49273681640625,87.52137879739908,85.20293157220476,86.65196306479463,1559270
2014-05-21,82.8844985961914,86.0723621020353,82.8844985961914,85.7825568080116,2155321
2014-05-22,87.23158264160156,87.23158264160156,83.75390880569017,84.04371408008562,3175761
2014-05-23,87.23158264160156,88.68061428516181,87.23158264160156,88.10099846478792,2384205
2014-05-26,86.65196228027344,88.3907937297395,86.36215176711337,88.10098848816182,1912132
2014-05-27,88.10098266601562,90.99904016185688,86.94176177631194,87.52137222116379,4279649
2014-05-28,88.10098266601562,90.12962976616116,88.10098266601562,89.26020882730135,2199429
2014-05-29,88.10098266601562,88.68059838244952,88.10098266601562,88.10098266601562,1447212
2014-05-30,86.36216735839844,89.2602308405382,85.78255677060382,88.97042027505756,1901404
2014-06-03,84.62333679199219,87.23158974554445,84.33353149399565,85.78255798397835,1745238
2014-06-04,85.49273681640625,86.94176830899612,84.04370532381638,84.04370532381638,2163666
2014-06-05,84.91313171386719,86.94177382353259,84.62332645128394,85.49274223903365,1888290
2014-06-06,79.11701965332031,84.33353078836069,79.11701965332031,84.04372022120565,5796004
2014-06-09,76.50875091552734,78.24758760131178,74.48010899404257,78.24758760131178,4152094
2014-06-10,77.66798400878906,78.53739979289233,75.63934190763203,76.5087576917353,2161282
2014-06-11,82.8844985961914,82.8844985961914,77.95779805462205,78.24760334864573,4857819
2014-06-12,80.56603240966797,84.62331613435114,80.56603240966797,83.4640899537636,3232982
2014-06-13,81.72526550292969,82.01507604497043,79.69662860972481,80.56604442109833,1535428
2014-06-16,82.8844985961914,85.20294621996423,81.14566156046594,82.59469330216771,3697903
2014-06-17,88.68061065673828,88.68061065673828,86.94177380992821,86.94177380992821,2653620
2014-06-18,86.9417724609375,91.57866186118036,86.07235141523104,89.83983031293279,7999010
2014-06-19,86.65196228027344,88.68060424289956,86.36215176711337,88.10098848816182,2059953
2014-06-20,86.07233428955078,87.8111707634074,86.07233428955078,87.52136556302824,1468670
2014-06-23,82.30487823486328,87.23157819141238,81.72526244405897,86.65196767219078,2436658
2014-06-24,83.75389862060547,85.20293008795292,82.59467766399338,83.46409338145244,2094524
2014-06-25,82.8844985961914,83.46410918423878,82.30488800814402,83.46410918423878,988253
2014-06-26,84.33352661132812,86.07235829863403,83.17430021487442,83.46410549609207,2291221
2014-06-27,84.33352661132812,85.49274773619874,83.17430021487442,85.49274773619874,813014
2014-06-30,83.17427825927734,85.78253037331639,82.59466784984238,84.91311475916395,1066932
2014-07-01,84.043701171875,84.62331690322613,82.88448025233708,84.33351167334165,1479399
2014-07-02,82.30487823486328,85.20293610255403,81.72526244405897,85.20293610255403,1839414
2014-07-03,82.30487823486328,83.1742940136957,81.43545718444817,81.72526244405897,1212368
2014-07-04,84.33352661132812,84.91313717376343,81.43546325598541,82.30488437122146,1684441
2014-07-07,84.33352661132812,85.20294245498108,83.17430021487442,84.62333189254578,832087
2014-07-08,83.17427825927734,84.33350434972898,82.59466784984238,84.33350434972898,829703
2014-07-09,81.72526550292969,83.75390766771747,81.43546023247184,83.17429712680179,1407873
2014-07-10,83.9127197265625,84.54364452702515,82.33541319079745,82.65087559102876,2173186
2014-07-11,82.65086364746094,84.22816995529536,79.18078867714708,84.22816995529536,1763301
2014-07-14,88.32917785644531,88.32917785644531,83.2817961084944,83.5972584925022,4428122
2014-07-15,85.80548858642578,88.64464472059701,85.80548858642578,88.64464472059701,2531977
2014-07-16,82.33540344238281,86.7518655919343,80.75809709336896,85.80547850329145,3520925
2014-07-17,82.33540344238281,83.28179053102566,80.75809709336896,82.33540344238281,1704259
2014-07-18,83.9127197265625,85.49003172771911,82.01995625595768,82.01995625595768,2373019
2014-07-21,83.59725189208984,85.49002058130199,82.96632717388884,85.17455822220148,1111572
2014-07-22,84.2281723022461,84.2281723022461,82.96632831389644,83.91270993881095,1120655
2014-07-23,84.2281723022461,84.2281723022461,84.2281723022461,84.2281723022461,0
2014-07-24,84.85910034179688,86.12094437940566,84.22817559029691,85.17456271754685,1239874
2014-07-25,82.65086364746094,85.80547626312976,79.18078867714708,85.49001937387548,2101655
2014-07-28,80.75810241699219,82.01995195169788,80.1271831150306,81.38902718434504,649457
2014-07-29,75.71072387695312,82.01995542119214,75.39526694532394,80.75810583310944,2611456
2014-07-30,76.1470718383789,77.09496203743801,72.98744148510966,75.83110661689533,2291033
2014-07-31,77.0949478149414,77.41090751274503,75.19916776655721,77.0949478149414,968106
2014-08-01,77.0949478149414,77.0949478149414,74.56724290555937,75.83109262755507,702840
2014-08-04,78.67476654052734,80.88650639467807,77.41091129144773,77.72687647006535,1474831
2014-08-05,77.72687530517578,79.3066902438055,77.4109101312935,78.67476536143178,766322
2014-08-06,76.77899932861328,78.67477978877253,73.93533410376622,78.67477978877253,1566654
2014-08-07,78.67476654052734,81.83439099974916,78.04283618329208,78.04283618329208,3818010
2014-08-08,79.62266540527344,80.57055564549371,75.83110990978422,78.67478063044504,2362450
2014-08-11,79.30670166015625,80.57055160683731,78.35881146744966,80.25458638747125,1107540
2014-08-12,80.570556640625,83.73018717012275,80.570556640625,81.83440666626731,2831766
2014-08-13,82.78227996826172,84.04612973512681,80.57054014355239,81.51843020139663,3083429
2014-08-14,80.88652801513672,83.73019352122564,80.88652801513672,83.41422825815249,1412482
2014-08-15,82.15035247802734,82.46631764241279,80.57053758688139,81.51842761464708,1224302
2014-08-18,82.15035247802734,84.0461270681681,81.20246245026163,82.78227734140759,1726493
2014-08-19,81.83438873291016,83.41420365145513,81.83438873291016,83.41420365145513,919360
2014-08-20,80.88652801513672,81.83441287357145,80.25459748899041,81.83441287357145,1051993
2014-08-21,78.35881042480469,80.88651574992468,76.46303553000833,80.88651574992468,1912406
2014-08-22,80.25457000732422,80.57053516220105,78.04283031935785,78.35879547423468,1375073
2014-08-25,80.570556640625,80.88652187973155,79.30670661498267,80.25459140151844,648426
2014-08-26,85.94190979003906,85.94190979003906,81.20246496956037,81.20246496956037,3239867
2014-08-27,86.57382202148438,88.46960185879077,86.57382202148438,86.57382202148438,6428722
2014-08-28,88.46961975097656,90.36539450629633,87.83769483253663,88.46961975097656,3940440
2014-08-29,92.57714080810547,92.89310602170913,87.83770086179128,88.46962582360707,4122952
2014-09-01,95.4207992553711,97.00061428310958,93.84098422763259,95.4207992553711,5543370
2014-09-02,91.9452133178711,95.42079757299139,91.9452133178711,95.42079757299139,2980270
2014-09-03,94.1569595336914,98.26447467472848,94.1569595336914,96.36870518242425,7172373
2014-09-04,92.26117706298828,95.10485309989984,92.26117706298828,94.15695744400159,2262692
2014-09-05,91.31327819824219,94.15694286403625,90.68135332422025,93.52502345540506,2083581
2014-09-09,92.26117706298828,93.84099222536885,90.36540214736657,92.26117706298828,3221729
2014-09-10,92.89310455322266,92.89310455322266,90.68136448913558,91.62924918417903,1918074
2014-09-11,91.62924194335938,96.05272718736775,91.62924194335938,93.20906239616957,3355496
2014-09-12,93.20906829833984,93.84098777485265,90.68136306533194,92.26117268739664,2534760
2014-09-15,93.20906829833984,95.10484858944359,92.57713789104437,92.89310309469211,2281964
2014-09-16,87.52172088623047,89.73346061223573,86.88979603099905,87.20575572591947,5533168
2014-09-17,86.57382202148438,88.78556152141515,86.57382202148438,88.46960185879077,2014431
2014-09-18,87.52172088623047,90.36538546746716,86.88979603099905,86.88979603099905,3947242
2014-09-19,87.83769226074219,89.10154206061786,86.88980217813996,88.15365197801562,2132327
2014-09-22,85.30998992919922,87.20576468975928,84.9940247364103,86.57383976957259,1914673
2014-09-23,84.36209869384766,85.30998879421227,82.15035876992425,84.04613350526242,1661877
2014-09-24,85.30998992919922,86.25788004217482,84.67806500901253,84.67806500901253,1299121
2014-09-25,81.20246124267578,86.57383069961469,79.62264637502372,86.57383069961469,5408470
2014-09-26,79.93862915039062,81.8344041301013,78.99073892783939,80.57055414362752,2084715
2014-09-29,80.570556640625,81.51844689255272,79.93863162780383,80.25459140151844,914826
2014-09-30,79.62266540527344,80.88652088069776,78.04285016003693,79.62266540527344,1451025
2014-10-01,82.15035247802734,82.46631764241279,78.99072269573541,79.30668786012087,1529244
2014-10-02,81.20246124267578,82.78227611032784,80.88650154837971,82.15035125634513,1053127
2014-10-03,83.41421508789062,84.36210526205544,83.09825534009669,84.04614004887,1594994
2014-10-06,85.6259536743164,87.2057687816064,84.04613856702643,84.67806898225554,2543828
2014-10-07,83.73017883300781,86.25788409799775,83.73017883300781,84.99402873280708,1409081
2014-10-08,81.51842498779297,84.99401435708211,80.25456983636835,83.0982398280309,1321793
2014-10-09,77.72687530517578,83.0982450034387,76.46302554042832,82.46632012106497,3535740
2014-10-13,72.98744201660156,74.25129198095591,72.3555170344244,72.67147679281713,2848771
2014-10-14,73.61936950683594,73.93533474138464,71.40762926117064,72.9874445031304,2219615
2014-10-15,68.87991333007812,73.9353235234686,68.87991333007812,72.987433429034,2652655
2014-10-16,71.09165954589844,71.40761927085076,65.08835918711105,68.24798922898091,3038084
2014-10-17,67.30008697509766,71.72357151447314,66.35220250595087,71.40760638116413,2277429
2014-10-20,69.82779693603516,70.14376209328387,68.2479820805727,70.14376209328387,1754833
2014-10-21,71.40762329101562,72.03954824188801,70.14377338927088,70.14377338927088,1546248
2014-10-22,70.14376068115234,73.30339032846774,70.14376068115234,72.67146002669233,1868195
2014-10-23,67.9320297241211,70.14376966751757,66.98413961541085,70.14376966751757,1958884
2014-10-24,64.4564437866211,68.87992431205919,64.4564437866211,68.24799930348117,3468857
2014-10-27,59.96976852416992,65.40432980518219,59.96976852416992,64.7724048374447,4393886
2014-10-28,60.98085403442383,61.67596991025704,59.211460715859346,59.96977291887154,5042313
2014-10-29,65.0883560180664,65.0883560180664,62.8766161895217,63.1925813644813,2750146
2014-10-30,66.98414611816406,66.98414611816406,64.14048098136432,65.72029616078454,2857839
2014-10-31,67.61607360839844,68.24799861056054,65.40433336813514,67.61607360839844,2783021
2014-11-03,69.82779693603516,70.45972178514204,67.61605723146582,68.2479820805727,2554031
2014-11-04,70.14376068115234,70.77568551753734,69.51183584476735,69.82779553026464,1435154
2014-11-05,66.98414611816406,70.77570145569426,66.0362559174336,69.51185149831474,2923589
2014-11-06,66.03624725341797,67.61606222556503,64.77239746185668,67.61606222556503,2246822
2014-11-07,67.61607360839844,68.56396384433752,66.66818337245935,66.98414860623633,2144796
2014-11-10,67.9320297241211,69.51184475017446,67.61606453275398,68.56395464146422,1208432
2014-11-11,65.72029113769531,68.56395605714995,65.72029113769531,68.56395605714995,1320659
2014-11-12,65.0883560180664,67.30009584661113,64.45643113353805,65.72028636798562,1303655
2014-11-13,66.66817474365234,66.66817474365234,64.45643478965275,65.40432490290718,895554
2014-11-14,66.66817474365234,66.9841399365342,65.40432490290718,66.9841399365342,817335
2014-11-17,65.72029113769531,68.56395605714995,65.72029113769531,67.616065928868,1520175
2014-11-18,63.066192626953125,66.35220959601145,62.75023292527239,66.03624442894001,2270628
2014-11-19,63.82450485229492,63.82450485229493,61.92873024019633,61.92873024019633,1372806
2014-11-20,65.72029113769531,66.35221606808621,62.687042727193045,63.1925859507405,1809247
2014-11-21,66.35220336914062,66.35220336914062,64.77238861282369,65.72027855969189,1393211
2014-11-24,67.30008697509766,68.24797690963454,66.35220250595087,66.66816217386976,1589326
2014-11-25,70.77569580078125,71.40762072898079,67.30010049759697,67.93203089118772,4613807
2014-11-26,71.72358703613281,73.30340211378447,71.72358703613281,72.03954677242837,4104814
2014-11-27,70.45972442626953,72.67146421374422,70.45972442626953,72.03953934095013,1783174
2014-11-28,70.45972442626953,72.03953934095013,69.82779955347544,70.77568959536194,1641472
2014-12-01,70.77569580078125,71.40762072898079,67.30010049759697,67.30010049759697,1838721
2014-12-02,69.82779693603516,70.77568694239075,68.5639472378214,68.5639472378214,1341064
2014-12-03,73.9353256225586,74.56725054832556,70.14377060256562,70.77569552833258,4489109
2014-12-04,72.98744201660156,75.19918218691753,72.67147679281713,73.93533222256318,3110635
2014-12-05,72.35551452636719,73.61936444691274,71.40762435326226,72.03954931353505,1994026
2014-12-08,72.35551452636719,73.61936444691274,71.7235895660944,72.35551452636719,1486167
2014-12-09,69.82779693603516,72.35550179785321,69.51183724417699,71.40761179149763,1969086
2014-12-10,69.5118408203125,71.72358063866795,68.87991047330453,69.5118408203125,2141396
2014-12-11,70.45972442626953,70.45972442626953,67.93202493509318,68.87990951158895,2045038
2014-12-12,69.5118408203125,71.09165575705079,69.5118408203125,71.09165575705079,1082601
2014-12-15,69.5118408203125,69.5118408203125,67.30009553656625,67.61606071007023,1310457
2014-12-16,70.45972442626953,71.72357963724845,68.87990951158895,68.87990951158895,2096051
2014-12-17,70.14376068115234,71.09165066842505,69.51183584476735,70.77568551753734,1245841
2014-12-18,70.14376068115234,72.98742517758004,70.14376068115234,71.40761035392234,2641319
2014-12-19,67.61607360839844,72.03955408892502,66.98414860623633,71.72359432053989,3010877
2014-12-22,69.19587707519531,69.19587707519531,67.61606210584544,67.61606210584544,749318
2014-12-23,68.87991333007812,70.14376861112126,68.56395360886061,69.82780342451272,447777
2014-12-24,69.19587707519531,69.82780196985708,68.56395218053355,68.87991189516897,767456
2014-12-25,68.24799346923828,69.51184884374439,67.93203372465533,69.51184884374439,522595
2014-12-26,68.5639419555664,68.87990162308265,67.93201715514382,68.24797682266006,418303
2014-12-29,67.9320297241211,69.82780447615046,67.9320297241211,69.51184475017446,855878
2014-12-30,68.5639419555664,68.87990162308265,67.93201715514382,68.24797682266006,387695
2014-12-31,68.24799346923828,68.87991842379562,66.9841435601236,68.87991842379562,1572322
2015-01-05,68.24799346923828,68.87991842379562,66.9841435601236,66.9841435601236,631422
2015-01-06,68.5639419555664,68.5639419555664,66.98412722181492,66.98412722181492,677900
2015-01-07,68.87991333007812,69.19587851668666,67.93202870103457,68.24798842225208,616685
2015-01-08,70.14376068115234,71.09165066842505,69.19587069387964,69.51183584476735,2052974
2015-01-09,70.14376068115234,71.40761035392234,69.51183584476735,70.77568551753734,969239
2015-01-12,68.87991333007812,70.14376861112126,67.61606351442602,70.14376861112126,926162
2015-01-13,69.19587707519531,70.77569204454518,68.24798700050721,68.56395218053355,1243574
2015-01-14,67.9320297241211,70.14376966751757,67.61606453275398,69.51184475017446,1349000
2015-01-15,67.9320297241211,68.56395464146422,67.61606453275398,67.61606453275398,554337
2015-01-16,65.72029113769531,68.56395605714995,65.72029113769531,67.93203112675906,1157419
2015-01-19,63.82450485229492,66.9841346711833,63.82450485229493,66.66816950313817,1228837
2015-01-20,65.72029113769531,66.66817580058604,61.80234891772403,64.45643581152228,2242287
2015-01-21,65.72029113769531,66.9841409984771,65.08836074191319,65.72029113769531,794663
2015-01-22,66.03624725341797,66.6681721491986,65.40432235763733,66.35221243400375,402432
2015-01-23,66.98414611816406,67.93203631889452,66.66818089612336,66.98414611816406,1240173
2015-01-26,66.66817474365234,67.30009966402493,66.35221501616162,66.9841399365342,300407
2015-01-27,66.98414611816406,68.24799607554358,66.98414611816406,67.30010587481311,777658
2015-01-28,67.61607360839844,68.56396384433752,66.66818337245935,66.66818337245935,940899
2015-01-29,66.66817474365234,67.93203004978865,66.35221501616162,67.30009966402493,430773
2015-01-30,66.66817474365234,67.93203004978865,66.66817474365234,67.61606485690679,366157
2015-02-02,66.35220336914062,67.61605298803809,66.35220336914062,66.98412817858936,226722
2015-02-03,66.66817474365234,67.93203004978865,66.66817474365234,66.9841399365342,380894
2015-02-04,67.9320297241211,68.2479894500971,67.30009934138685,67.9320297241211,618953
2015-02-05,66.66817474365234,68.24798977727937,66.35221501616162,67.93203004978865,796930
2015-02-06,68.5639419555664,68.5639419555664,67.30008688933115,67.6160520222375,1285517
2015-02-09,71.09165954589844,71.40761927085076,68.24798922898091,68.56395441932433,2928123
2015-02-10,70.14376068115234,72.03953519030733,70.14376068115234,71.72357550481004,1489568
2015-02-11,69.82779693603516,71.09165209963945,69.51183724417699,70.77568694239075,867214
2015-02-12,68.87991333007812,69.82780342451272,68.56395360886061,69.51184370329521,961304
2015-02-13,67.61607360839844,69.19588884649963,67.61607360839844,69.19588884649963,872882
2015-02-24,68.24799346923828,68.56395867921266,67.61606851468095,68.56395867921266,652961
2015-02-25,70.77569580078125,71.09166099757662,68.24799062259189,68.87991555079142,2372653
2015-02-26,71.40762329101562,71.72358849914752,70.14377338927088,70.77569834014325,994179
2015-03-02,70.45972442626953,71.40761446815604,69.82779955347544,71.40761446815604,781059
2015-03-03,75.19917297363281,75.19917297363281,70.45972798988583,70.45972798988583,5602318
2015-03-04,75.83110046386719,75.83110046386719,73.93532568496612,74.88321580711225,2964399
2015-03-05,75.19917297363281,77.41091287296986,74.88321325395096,75.83109787838754,3161648
2015-03-06,76.46302795410156,77.09495285642296,75.19917268406775,75.83109758638916,2348847
2015-03-09,77.0949478149414,78.99072239793497,75.51513292975146,75.83109262755507,3099299
2015-03-10,74.56725311279297,78.04284305673704,74.25128790634743,77.09495836818317,2594841
2015-03-11,74.25128936767578,75.19917954027632,72.98743944780273,73.61936440773925,1150617
2015-03-12,74.88320922851562,76.7789838408702,74.56724406042784,74.56724406042784,1760501
2015-03-13,74.56725311279297,75.83110300779238,74.56725311279297,75.19917806029268,824137
2015-03-16,74.56725311279297,75.19917806029268,72.03954785740277,73.93532816529327,1920341
2015-03-17,73.9353256225586,75.83110039985948,73.30340069679163,75.19917547409253,1443090
2015-03-18,73.30339813232422,75.19917284330278,73.30339813232422,74.251282755118,1602929
2015-03-19,74.25128936767578,75.51514475294032,73.61936440773925,74.56725458033979,1977022
2015-03-20,77.0949478149414,77.0949478149414,73.61935288136726,73.93531804456151,4545790
2015-03-23,77.41090393066406,78.9907187427503,77.09494424748105,78.35879391099388,6489937
2015-03-24,82.78227996826172,82.78227996826172,78.04283514443138,78.35880031884307,7427436
2015-03-25,83.41421508789062,86.25788561038506,83.09825534009669,85.30999543622025,6952452
2015-03-26,82.78227996826172,84.67806008395019,81.20246502698494,82.78227996826172,3381569
2015-03-27,80.25457000732422,84.04612453889379,80.25457000732422,83.41419969453061,2907718
2015-03-30,77.41090393066406,81.20245838659295,77.09494424748105,80.25456840626315,2581238
2015-03-31,81.51842498779297,82.15034983081004,78.35879530731712,78.9907201503342,2752413
2015-04-01,80.88652801513672,81.51845307589066,79.93863769130962,80.57056275206357,1819449
2015-04-02,84.67807006835938,85.94191998424527,81.51843981325314,81.83439955952888,4472105
2015-04-07,88.15365600585938,90.36539598939426,86.2578812194257,86.5738409511357,4714699
2015-04-08,85.6259536743164,88.46962414667321,85.30999393209325,87.2057687816064,2247955
2015-04-09,82.78227996826172,87.83768996650373,82.78227996826172,85.62594467640359,2937192
2015-04-10,83.09825134277344,84.67806640192286,82.15036121420553,83.41421107536858,1678881
2015-04-13,84.67807006835938,86.25788519591248,83.09825494080626,84.04613964502495,2042771
2015-04-14,85.30998992919922,86.88980496236151,84.67806500901253,85.30998992919922,1207298
2015-04-15,85.6259536743164,86.57384383176867,84.67806898225554,85.30999393209325,1354668
2015-04-16,86.57382202148438,89.10152664942956,86.25786235886,86.88978714949879,3702382
2015-04-17,86.57382202148438,87.20574681212317,85.9418972308456,86.88978714949879,1205031
2015-04-20,86.88980102539062,87.8376910954174,85.6259457768913,87.8376910954174,1021385
2015-04-21,81.20246124267578,86.88979585930133,80.88650154837971,86.57383069961469,3015412
2015-04-22,82.46631622314453,84.04612562171089,81.51842621169227,81.51842621169227,1396611
2015-04-23,83.09825134277344,84.99402613451801,83.09825134277344,84.0461360059501,1008916
2015-04-24,82.15035247802734,84.67805739693901,79.62264755911568,84.0461270681681,2259291
2015-04-27,81.51842498779297,83.73016467104797,79.93861014755505,83.73016467104797,1850057
2015-04-28,82.46631622314453,85.30998079211075,82.46631622314453,83.41420076920623,3635498
2015-04-29,81.20246124267578,82.15035125634513,80.88650154837971,82.15035125634513,1667545
2015-04-30,83.41421508789062,83.41421508789062,80.25458481760224,81.83439995274644,1737829
2015-05-04,82.15035247802734,84.36209223255355,81.51842761464708,84.0461270681681,1250375
2015-05-05,85.94190979003906,85.94190979003906,82.46632020092251,83.09824508390817,3964246
2015-05-06,86.88980102539062,87.52172591694485,84.36209599378287,85.94191095536385,2733142
2015-05-07,84.36209869384766,87.8376939067209,84.36209869384766,87.20576352955044,2215081
2015-05-08,84.04613494873047,85.94191518201919,84.04613494873047,85.94191518201919,1438555
2015-05-11,82.15035247802734,85.30998226031926,80.57053758688139,85.30998226031926,1991759
2015-05-12,82.15035247802734,83.09824250579305,81.20246245026163,82.78227734140759,973774
2015-05-13,84.36209869384766,84.99402360562705,82.15035876992425,82.78228368170365,1649407
2015-05-14,84.04613494873047,84.99402506537483,83.41421002609795,84.67806533675414,955636
2015-05-15,85.94190979003906,86.25787496422731,84.04612967569125,84.67806002406773,1901070
2015-05-18,83.41421508789062,86.88981057136444,83.09825534009669,86.573845358179,1729894
2015-05-19,87.20576477050781,87.20576477050781,83.41420978048573,83.41420978048573,3075493
2015-05-20,90.997314453125,91.6292393370399,85.62594474176214,87.2057596842448,6304025
2015-05-21,89.41751098632812,93.52503692240467,89.10155123651637,90.99732613156146,6196332
2015-05-22,90.0494384765625,91.62924810482251,89.73347327167568,89.73347327167568,2311438
2015-05-25,90.997314453125,92.89309457026052,90.36538956921011,90.997314453125,2411196
2015-05-26,89.73347473144531,91.94522027085063,89.41750952141842,91.6292495954323,1582524
2015-05-27,92.26117706298828,92.26117706298828,89.73347717549267,90.36540214736657,2403260
2015-05-28,90.68135833740234,92.89309825144719,90.36539315022836,92.89309825144719,1949815
2015-05-29,92.57714080810547,95.10485158615165,90.99732567087024,91.31329088447389,5454948
2015-06-01,95.4207992553711,96.36869483048353,90.68135963754673,93.52502996671069,3363431
2015-06-02,95.73677062988281,100.16025080706835,95.42080541777321,95.73677062988281,7207515
2015-06-03,93.84098052978516,97.63254081926223,93.84098052978516,97.31657564000885,2922455
2015-06-04,92.26117706298828,95.10485309989984,90.99732711924048,93.20907271888653,3515335
2015-06-05,95.73677062988281,95.73677062988281,92.57714037035271,93.52503600668152,2811361
2015-06-08,94.78887939453125,97.00061386537082,93.84098382350098,95.10484458487467,2351114
2015-06-09,95.4207992553711,99.52832488596052,95.4207992553711,96.05272963877938,6520545
2015-06-10,97.9485092163086,100.16024368217835,96.68464845777481,98.5804286647933,3892829
2015-06-11,101.10813903808594,102.37198886317513,96.36869399591482,97.94850900997186,4772513
2015-06-12,98.8963851928711,101.74004978895356,98.58042003091055,101.10813039581369,2618647
2015-06-15,96.68464660644531,99.84427658071442,96.36869235364398,99.21235714432979,1508839
2015-06-16,95.73677062988281,97.63255097175745,94.15695550011776,97.63255097175745,1388676
2015-06-17,94.1569595336914,97.00062470293118,94.1569595336914,96.684659477286,1210699
2015-06-18,99.21234893798828,99.52831409543656,95.42078891017115,95.42078891017115,3176385
2015-06-22,99.52833557128906,101.7400702891047,98.89640512003693,101.7400702891047,2303502
2015-06-23,101.10813903808594,103.00390831032865,99.84427828221457,100.47620866015025,3077760
2015-06-24,103.31987762451172,104.26776229847893,102.05602774896126,102.37199295054452,3485861
2015-06-25,103.63583374023438,104.58371833109956,102.05601880160465,103.95179891411665,2149331
2015-06-26,103.00391387939453,105.53162459701967,103.00391387939453,104.26776377281573,1607464
2015-06-29,100.4762191772461,102.37199957870702,98.89640399782587,102.37199957870702,1733295
2015-06-30,104.89969635009766,104.89969635009767,100.1602509538567,100.79218137900202,1723092
2015-07-01,111.85086822509766,115.01049825909767,106.47950372576693,106.47950372576693,5466284
2015-07-02,117.5382080078125,118.48609263895004,112.16683261594757,114.37857799631128,5403936
2015-07-03,117.85417175292969,122.27765152874457,117.53820656948963,121.3297559784244,4859801
2015-07-06,117.85417175292969,121.01379079498435,117.53820656948963,118.17012600558778,2391924
2015-07-07,118.17013549804688,122.59361562919439,116.90628559354514,121.32976572469265,3260272
2015-07-08,106.79547882080078,115.95840458312264,106.47951360193798,115.64243936425984,5131868
2015-07-09,108.69127655029297,109.32319615808956,96.3687184942326,100.47623420265774,4393886
2015-07-10,108.69127655029297,108.69127655029297,108.69127655029297,108.69127655029297,0
2015-07-13,111.21896362304688,113.74666361534896,109.32318316342848,110.9029983913132,2580104
2015-07-14,110.5870361328125,115.01051670366228,110.5870361328125,112.79878188362935,1939612
2015-07-15,111.85086822509766,113.1147289833234,110.58701839765408,112.48279860421053,1246974
2015-07-16,116.27435302734375,116.27435302734375,109.63912811160696,111.21894304722136,2940593
2015-07-17,114.0625991821289,119.74992815106222,114.0625991821289,118.17011333404955,2934925
2015-07-20,110.5870361328125,116.59033197402177,107.42740559209352,116.27437766457702,2756948
2015-07-21,106.16353607177734,111.85086562864136,104.58372109145046,111.85086562864136,2786422
2015-07-22,97.63253784179688,105.2156472587098,97.31657267217936,104.58371691947477,4175098
2015-07-23,98.8963851928711,101.10813039581369,96.36868575874918,98.8963851928711,2848771
2015-07-24,95.10484313964844,100.47620757073388,95.10484313964844,100.47620757073388,1444223
2015-07-27,85.6259536743164,94.15695416060402,85.6259536743164,93.5250346761577,3497198
2015-07-28,90.997314453125,92.2611642209548,80.886505379705,85.30998503250011,3435982
2015-07-29,94.65021514892578,97.73663440959675,93.27847011576226,94.65021514892578,3675079
2015-07-30,98.76544952392578,100.48013523739196,95.33610070162607,95.33610070162607,3599483
2015-07-31,97.39370727539062,99.79425138396779,95.33609803946733,98.76544676600615,2376976
2015-08-03,90.53498840332031,96.36489790435775,90.19205354758124,96.02196304861867,2482811
2015-08-04,91.90675354003906,94.65023863599308,88.47739858288628,91.90675354003906,2708521
2015-08-05,99.45132446289062,99.45132446289062,92.93555005918566,93.2784849592587,3710718
2015-08-06,89.50618743896484,96.36490178330097,89.50618743896484,96.36490178330097,4830629
2015-08-07,87.79150390625,89.16324898036403,82.30453491210938,84.36214969770155,2966630
2015-08-10,90.19205474853516,91.9067347012201,85.04802054163812,87.79150507523934,3097304
2015-08-11,85.04801940917969,93.96434826302651,85.04801940917969,91.56379862169527,3699918
2015-08-12,89.16326141357422,89.50619631713323,84.019226557872,85.04803126854904,4196697
2015-08-13,90.53498840332031,92.24966833317342,88.47737926888588,90.87792891021712,2232262
2015-08-14,92.59260559082031,92.93554045545532,90.19205588721736,91.56380099691529,1588610
2015-08-17,87.79150390625,91.2208637659562,87.79150390625,91.2208637659562,2695562
2015-08-18,96.36490631103516,96.36490631103516,90.19206141575228,90.19206141575228,5887903
2015-08-19,99.10838317871094,102.19480838287204,97.39370878879711,98.76544830072818,6151411
2015-08-20,96.02197265625,99.4513215567697,94.9931679860941,97.39371221645789,3622162
2015-08-21,88.13445281982422,93.62142233733773,88.13445281982422,92.59261202083003,3516326
2015-08-24,79.56105041503906,86.41976448329372,79.56105041503906,85.73389477181557,4117860
2015-08-25,81.96160888671875,82.99041921593528,76.13170440873904,76.13170440873904,4206416
2015-08-26,82.64747619628906,84.36215049111058,79.90398602225905,81.61866596823836,3062746
2015-08-27,84.70509338378906,87.44857816686256,84.70509338378906,85.04802827527847,3304655
2015-08-28,92.93555450439453,92.93555450439453,89.16326477199974,90.19206952142775,5500200
2015-08-31,93.96435546875,94.30729035078727,92.24967540740545,93.96435546875,2951511
2015-09-01,93.96435546875,95.33610064805727,91.90674052536816,93.27848005351727,2115627
2015-09-02,93.62142181396484,93.96435670049753,90.53499653285408,90.53499653285408,2209583
2015-09-03,94.65021514892578,98.76543894610121,94.65021514892578,96.70782987309228,3663200
2015-09-04,92.59260559082031,96.36490040412117,92.59260559082031,96.02196553948616,1886677
2015-09-07,93.62142181396484,93.62142181396484,91.22087195707772,91.22087195707772,1105871
2015-09-08,96.02197265625,97.73664710650985,93.9643576647799,94.30729255483186,2143706
2015-09-09,97.05077362060547,99.79425263626383,97.05077362060547,98.76544800539195,2349977
2015-09-10,100.13719177246094,100.48013796632128,96.3649079654802,96.70784285702389,2521690
2015-09-11,99.10838317871094,101.5089386269065,99.10838317871094,100.82306887094097,2344577
2015-09-14,100.82307434082031,103.22361861693463,100.13719324532799,100.82307434082031,2922352
2015-09-15,99.45132446289062,104.25242436623031,98.07958486259841,102.19481496579199,2319738
2015-09-16,97.39370727539062,101.16600217689934,96.70783753008286,100.82306730424546,1764643
2015-09-17,97.39370727539062,100.48013243159157,97.05077240273674,99.4513165113139,2036791
2015-09-18,100.82307434082031,102.5377488237591,97.39371407262593,98.76545365897695,3856511
2015-09-21,98.4225082397461,100.13718253936396,98.4225082397461,99.79424767944039,1315382
2015-09-22,99.10838317871094,100.82306887094097,98.42251342274541,99.79425293467648,1055114
2015-09-23,94.99317169189453,98.76545562962762,94.65023113730574,97.73665091933678,1159869
2015-09-24,94.65021514892578,98.07956925509824,93.27847011576226,96.0219601820893,1925556
2015-09-25,94.99317169189453,96.02197640218537,93.27848587242609,96.02197640218537,1077793
2015-09-29,94.99317169189453,94.99317169189453,94.99317169189453,94.99317169189453,0
2015-09-30,97.73664855957031,98.07958345472073,92.59261382999732,93.27848362029815,1588610
2015-10-01,105.28123474121094,106.99592063631638,99.10839490485692,99.10839490485692,6219448
2015-10-02,104.59536743164062,106.99592322187061,103.22362772426223,104.93830235848522,3168581
2015-10-05,109.3964614868164,110.76820111616404,106.65298222812116,107.68178695013188,3778755
2015-10-06,108.36763000488281,118.65569728912504,108.36763000488281,116.25514222823419,4601679
2015-10-07,110.42526245117188,111.11114354482304,107.68178328583433,109.05352286850311,2473092
2015-10-08,104.25241088867188,109.7393798828125,102.19480175423745,109.7393798828125,3297096
2015-10-12,106.31004333496094,106.31004333496094,101.85187840441148,103.90948777128813,1946075
2015-10-13,104.59536743164062,105.96711844133682,104.25243250479603,105.62417221217441,1124230
2015-10-14,103.90947723388672,108.02470685263361,103.56654237418411,106.31003255412057,1917996
2015-10-15,105.28123474121094,105.96711588064363,103.22362522986545,104.59536490409577,1479535
2015-10-16,105.28123474121094,108.36766031054671,105.28123474121094,105.96711588064363,2320818
2015-10-19,104.59536743164062,107.68179307555981,104.25243250479603,105.96711844133682,1493574
2015-10-20,105.28123474121094,105.96711588064363,104.59536490409577,105.62416965976853,602613
2015-10-21,101.85186004638672,104.25240387506298,100.8230555483826,103.56653420972691,2425574
2015-10-22,100.48013305664062,100.82306793142777,96.36490325687873,100.82306793142777,3666440
2015-10-23,98.76544952392578,102.19480964854182,98.4225146416958,101.50893988408188,2190144
2015-10-26,102.88069152832031,102.88069152832031,98.76546115463127,100.13720084508839,2213903
2015-10-27,102.88069152832031,105.62417090923458,102.53775660570604,104.25243121877745,1995752
2015-10-28,103.22361755371094,104.25242223287732,101.50894308843364,102.88068266065548,1341301
2015-10-29,103.56654357910156,104.93828303387113,103.22360871540916,104.59534817017874,1435257
2015-10-30,100.82307434082031,104.59535820328566,98.76545365897695,104.2524233066979,1656647
2015-11-02,100.82307434082031,101.50894413399584,98.07958386580144,100.82307434082031,1320782
2015-11-03,102.88069152832031,104.93830106400601,101.85188676047747,102.53775660570604,2325138
2015-11-04,107.6817855834961,107.6817855834961,103.90949034834877,105.28122996028706,4614638
2015-11-05,105.62416076660156,109.05352096575537,104.93829098723413,108.0247162967042,2533569
2015-11-06,103.22361755371094,106.31004289352678,102.88068266065548,104.93829201898825,1359660
2015-11-09,97.05077362060547,103.22361270815294,96.36490386669088,103.22361270815294,5622234
2015-11-10,94.99317169189453,98.42252072619735,94.30729623387545,94.99317169189453,3223659
2015-11-11,90.53498840332031,95.6790281928796,90.19205354758124,94.65021797450466,2724721
2015-11-12,93.96435546875,93.96435546875,90.87793587925633,91.90674052536816,2380216
2015-11-13,93.27848815917969,94.30729854585067,91.220878688155,91.9067485118299,1087512
2015-11-16,92.59260559082031,93.27847532009034,90.53499075185238,91.56380099691529,1117751
2015-11-17,95.33610534667969,96.70784494243473,94.99317044774092,95.33610534667969,1426617
2015-11-18,97.39370727539062,99.10838163866003,94.30728777034768,95.67903291212122,2475252
2015-11-19,97.39370727539062,100.13718625662167,97.39370727539062,99.79425138396779,2419094
2015-11-20,96.70783996582031,98.7654492535677,96.70783996582031,98.42251437227645,1498974
2015-11-23,97.05077362060547,98.42251312843464,96.36490386669088,97.73664337452006,1455776
2015-11-24,93.27848815917969,97.73665331538379,92.93555324734224,97.39371840354634,1726844
2015-11-25,94.65021514892578,94.65021514892578,92.59260042475928,93.9643454579228,915800
2015-11-26,95.67903137207031,98.07957544200829,95.67903137207031,97.3937057077403,1731164
2015-11-27,94.30728912353516,96.70783891771511,93.9643542459606,96.36490404014056,873681
2015-11-30,95.67903137207031,96.7078359734723,92.9355411326825,93.96435138524241,949278
2015-12-01,95.67903137207031,97.0507708406063,94.99316163780232,95.67903137207031,1502214
2015-12-02,93.27848815917969,97.39371840354634,93.27848815917969,97.39371840354634,2580007
2015-12-03,95.67903137207031,96.7078359734723,92.5926062655485,93.2784759998165,2426654
2015-12-04,96.02197265625,96.36490754630198,94.30729255483186,95.67903776619804,934159
2015-12-07,99.45132446289062,101.16601026557282,96.36491036223313,97.39371506245229,5133016
2015-12-08,96.70783996582031,100.48013496234014,96.70783996582031,100.13718877873261,2149106
2015-12-09,94.65021514892578,97.05076471859377,93.9643454579228,96.36489502759079,1444977
2015-12-10,95.67903137207031,97.0507708406063,93.96435138524241,94.99316163780232,871522
2015-12-11,93.96435546875,97.39370994028094,93.27848005351727,96.02197041213184,1389899
2015-12-14,92.59260559082031,92.93554045545532,89.16325129331234,92.59260559082031,1806761
2015-12-15,93.96435546875,95.67903553009455,93.27848005351727,93.27848005351727,1097232
2015-12-16,96.70783996582031,96.70783996582031,93.27847985059171,95.33610044065539,1664207
2015-12-17,98.76544952392578,100.13718905284566,98.07957975946583,98.76544952392577,3717197
2015-12-18,98.76544952392578,99.79425417061569,97.39370999500589,98.76544952392577,1258145
2015-12-21,101.16600036621094,102.19480496575885,98.07957526525142,98.76544499828336,2573527
2015-12-22,99.45132446289062,102.19481496579199,99.45132446289062,101.85188006571893,1575651
2015-12-23,98.07958221435547,100.82307264317996,98.07958221435547,100.82307264317996,974117
2015-12-24,96.02197265625,99.10838666671773,96.02197265625,98.07958199656181,906080
2015-12-25,98.4225082397461,98.4225082397461,95.67902936035752,96.02196422028109,565895
2015-12-28,99.10838317871094,100.4801339929582,98.76544830072818,99.45131805669371,1127470
2015-12-29,99.10838317871094,100.13718781265925,98.42251342274541,100.13718781265925,740847
2015-12-30,99.79425811767578,100.48013921158001,99.10838832608833,100.13719301346951,1048634
2015-12-31,100.13719177246094,101.50894264095238,99.79425688091723,99.79425688091723,1466576
2016-01-04,101.85186004638672,105.96708934071788,99.45130491539575,100.48012071571456,5489400
2016-01-05,100.13719177246094,102.8806822071272,99.79425688091723,102.1948124240398,3122143
2016-01-06,101.85186004638672,103.56653420972691,100.8230555483826,102.88066454439084,4244214
2016-01-07,99.10838317871094,102.5377432608548,97.39370878879711,101.85187350488927,2892113
2016-01-08,102.88069152832031,103.90949629616317,98.76546115463127,99.45133099985983,3364053
2016-01-11,103.56654357910156,104.59534817017874,99.79424877616951,101.85186926063959,2700962
2016-01-12,99.79425811767578,108.36765311715244,98.42251853450088,104.25242306531098,6622271
2016-01-13,102.1948013305664,103.22360589351848,100.82306191329695,102.1948013305664,2333778
2016-01-14,99.45132446289062,101.16601026557282,96.70784526230618,99.45132446289062,2521690
2016-01-15,96.36490631103516,101.50894089819177,95.33610165406712,100.82307112687974,2164225
2016-01-18,99.45132446289062,99.45132446289062,92.5926151591126,94.30729531063633,2779798
2016-01-19,100.13719177246094,101.85187753249609,98.07958242319872,99.45132198937353,2010872
2016-01-20,95.33610534667969,99.45132413394482,95.33610534667969,98.42251943712854,1696606
2016-01-21,94.65021514892578,97.39369956409526,93.9643454579228,95.33609049108632,2683683
2016-01-22,98.76544952392578,98.76544952392577,96.36490534831597,97.39370999500589,2016272
2016-01-25,103.56654357910156,104.93828303387113,99.79424877616951,100.1371836398619,4830629
2016-01-26,106.31004333496094,108.71058759631701,102.8806830878498,102.8806830878498,5007741
2016-01-27,106.99590301513672,111.11113266240714,106.65296815305716,108.36764246345497,4436446
2016-01-28,108.02470397949219,110.08231308298146,107.68176912891064,107.68176912891064,2868354
2016-01-29,109.3964614868164,111.454082233155,108.02472185746879,110.42526620882713,3111344
2016-02-01,106.6529769897461,108.36765144221256,105.62416101594961,108.02471655171927,1227906
2016-02-02,107.6817855834961,108.71059029244981,106.3100459715578,106.99591577752695,1153389
2016-02-03,108.71057891845703,109.05351378556156,106.9959045829343,107.6817743171434,1700925
2016-02-15,107.6817855834961,109.05352519543437,106.65298087454237,106.65298087454237,1681486
2016-02-16,114.19752502441406,115.22632941789001,107.68175256341955,107.68175256341955,4582240
2016-02-17,112.82581329345703,115.56929234378687,111.79700864958333,115.22635746249564,2846755
2016-02-18,114.19752502441406,115.91219901354064,112.4828510352875,115.91219901354064,2750640
2016-02-19,114.19752502441406,114.54045982223938,112.4828510352875,114.19752502441406,1319702
2016-02-22,112.48287963867188,115.22635871891644,111.1111400985496,115.22635871891644,1562691
2016-02-23,111.79701232910156,114.8834263623042,111.79701232910156,113.85462168456999,1196587
2016-02-24,114.54048156738281,114.54048156738281,110.42525190990233,111.79700266393962,1516253
2016-02-25,110.7681884765625,116.25515767015987,110.76818847656251,115.91222280195477,2173945
2016-02-26,110.7681884765625,112.13993925169875,110.08231874015232,111.45406951528857,785125
2016-03-01,112.82581329345703,114.54048769991317,110.76819270339334,111.11113888700088,1879118
2016-03-02,111.4540786743164,113.51168805263634,111.45407867431639,112.13994846708971,858562
2016-03-03,109.05350494384766,112.82579947846773,107.68176558664578,111.79699496056632,1467656
2016-03-04,109.3964614868164,110.42526620882713,108.02472185746879,109.73939639415332,1046474
2016-03-07,104.93828582763672,110.08232022228765,104.93828582763672,109.73938534946532,2087548
2016-03-08,107.33885192871094,108.71059155660063,104.93829627758684,105.28123118455926,1545412
2016-03-09,106.99590301513672,107.68177273929585,105.96709842889804,107.33883787721629,1074553
2016-03-10,105.62416076660156,108.0247162967042,105.62416076660156,107.68178140702048,958998
2016-03-11,107.6817855834961,108.36765538946523,104.59536015431792,105.62416486327163,1125310
2016-03-14,111.4540786743164,112.82581825986303,108.02471840813303,108.36765330451968,3177221
2016-03-15,108.71057891845703,111.45406915760921,108.36764405135249,111.45406915760921,1557292
2016-03-16,111.4540786743164,111.45407867431639,108.71058820090634,109.39645799367966,1353181
2016-03-17,111.79701232910156,112.82581700683578,110.4252614564726,112.13994722167963,1943915
2016-03-18,110.42526245117188,112.13994823182462,109.73939265983749,111.79701333615743,1466576
2016-03-21,113.51168823242188,114.54049292321132,110.42526285773673,111.45407885084299,3112424
2016-03-22,113.16873931884766,116.25515300894467,113.16873931884766,114.54047873666855,3242018
2016-03-23,111.11114501953125,113.85462422128127,111.11114501953125,113.85462422128127,1143670
2016-03-24,110.08232116699219,111.45407197236962,108.71058166393088,110.42525604275751,997876
2016-03-25,110.08232116699219,111.79700684813494,109.73938629122686,111.11113709660428,372583
2016-03-28,112.82581329345703,113.51168305603949,110.08232294081088,111.11113888700088,1030275
2016-03-29,109.73938751220703,114.54048712865561,109.73938751220703,112.48287785117033,1514093
2016-03-30,111.79701232910156,112.82581700683578,110.08232656389453,111.11114254394542,722488
2016-03-31,117.28398895263672,117.28398895263672,112.82582377920383,113.16875869236655,4688075
2016-04-01,121.39921569824219,124.48564141701564,115.91224543333679,117.28399647630171,6279926
2016-04-06,133.40194702148438,133.40194702148438,130.31552188839137,130.31552188839137,6395481
2016-04-07,128.94378662109375,137.86010483698203,127.57204709592882,133.74488626148727,10079200
2016-04-08,140.60360717773438,140.60360717773438,127.9149928834731,128.60086270453402,6815582
2016-04-11,136.14544677734375,139.91774222679848,135.11664200994272,138.54600253693047,2892113
2016-04-12,131.00140380859375,148.8340639203624,127.57205478888207,139.91773386447807,8305917
2016-04-13,137.860107421875,141.28946760140448,128.6008541510834,135.4595632078259,5013141
2016-04-14,134.43077087402344,140.60361072146733,133.4019661165024,138.8889361255989,3784155
2016-04-15,147.80526733398438,147.80526733398438,134.7737167420791,135.45958663614584,8337236
2016-04-18,145.4047088623047,155.6927788985245,144.37590411914618,146.090578691077,11406462
2016-04-19,143.004150390625,148.83406642695343,142.66121548287828,146.43351077040927,6736746
2016-04-20,139.91769409179688,144.37585785247168,135.80246513561138,143.68998824349308,6569353
2016-04-21,140.60360717773438,144.71883740641707,138.8889326250821,141.28947699879527,5237771
2016-04-22,136.4883575439453,145.40468655470076,135.1166180968493,141.63239177287105,6781024
2016-04-25,136.14544677734375,139.23187238186446,134.4307721650087,137.17425154474478,3380252
2016-04-26,138.54598999023438,140.60359933869975,137.17423912227414,137.86010890509593,3017388
2016-04-27,135.80247497558594,141.97531320597878,135.11660531691058,139.23183457127732,3891070
2016-04-28,136.4883575439453,137.51716212926732,133.74487864975328,136.83129240571932,3257138
2016-04-29,126.2002944946289,134.4307541345671,123.45681548286026,134.08781925809603,6863100
2016-05-03,128.25791931152344,128.25791931152344,122.08508002790562,125.17149401855627,4502323
2016-05-04,126.2002944946289,128.25791505577152,124.4856201122735,125.85735961815783,2727961
2016-05-05,127.22911071777344,130.65845949033908,126.88616453820069,128.2579153495431,5442962
2016-05-06,126.2002944946289,126.54322937109998,122.7709457299181,126.54322937109998,3911589
2016-05-09,118.99864959716797,128.25791377398392,118.65571472412412,126.54322810644865,3372692
2016-05-10,123.1138687133789,123.1138687133789,117.96983476091904,119.68450897763398,2793838
2016-05-11,119.68452453613281,124.48562426937303,119.34158964820969,123.79975449352679,1993593
2016-05-12,116.2551498413086,120.7133141300691,113.85460592553031,118.99863990451318,3518486
2016-05-13,120.71334075927734,121.7421455215639,116.59812171013108,117.96986139317984,2677203
2016-05-16,118.99864959716797,121.74212858151876,117.62691010499258,119.34158447021181,1498974
2016-05-17,122.77095031738281,122.77095031738281,118.31278545435865,118.99865523292904,1886677
2016-05-18,120.37039184570312,122.42801243339966,120.0274569648064,121.05626160749654,1892077
2016-05-19,122.08507537841797,126.5432287506846,122.08507537841797,122.77094512799745,4288493
2016-05-20,124.14268493652344,124.82855468781213,121.05625975340823,124.14268493652344,1729004
2016-05-23,129.629638671875,132.3731173473527,125.51440935634372,125.85734419077842,4203176
2016-05-24,127.5720443725586,130.31552336432145,127.5720443725586,128.94378386844002,1577811
2016-05-25,128.94378662109375,129.6296563836762,127.57204709592882,128.94378662109375,1318622
2016-05-26,127.91498565673828,129.9725950036735,126.88616968095404,129.62966011251763,1084272
2016-05-27,128.60084533691406,131.34432425064924,128.60084533691406,129.62964992956475,1654487
2016-05-30,131.00140380859375,133.05902452273773,127.91498969085323,129.2867292987379,2772239
2016-05-31,129.28671264648438,131.34432179328934,127.91497321528107,130.31551721988686,1414738
2016-06-01,128.25791931152344,131.34433330217408,126.88616845780663,128.9437890872236,1775442
2016-06-02,124.82855987548828,128.60085496666278,123.79975520579977,128.2579200767666,1965514
2016-06-03,122.77095031738281,125.85736432094961,121.39919945792545,125.51442943166442,1443897
2016-06-06,125.85734558105469,126.20028041927762,124.14267138994008,124.48560622816301,1167429
2016-06-07,124.14268493652344,127.57204499528301,124.14268493652344,126.54322906603386,1069153
2016-06-08,128.94378662109375,130.31552614625866,126.88616603103006,127.57204709592882,3503367
2016-06-13,123.45684051513672,126.200320083177,122.08510073111658,125.85738513717197,1978473
2016-06-14,124.48563385009766,125.85737350736264,122.42802436420017,122.42802436420017,1035674
2016-06-15,124.14268493652344,125.51442443910082,123.11388030959041,125.51442443910082,664171
2016-06-16,124.48563385009766,127.57205938126127,124.48563385009766,126.20030842167888,1529213
2016-06-17,125.85734558105469,126.20028041927762,124.48560622816301,125.51441074283177,590734
2016-06-20,126.5432357788086,127.22911686879753,125.17149620346416,126.8861706726447,669570
2016-06-21,129.97256469726562,131.3443039420332,129.2866950748818,129.2866950748818,2967710
2016-06-22,129.629638671875,129.97257350630971,127.91496449970145,128.25789933413617,1132870
2016-06-23,128.60084533691406,128.94378020113095,127.57204074426338,128.25791047269718,705209
2016-06-24,123.1138687133789,128.94377235252475,120.71331350766295,128.60083750918176,1956874
2016-06-27,124.48563385009766,124.48563385009766,122.42802436420017,123.11389419283266,897440
2016-06-28,127.5720443725586,127.5720443725586,125.17148895245002,125.51442382642038,233269
2016-06-29,128.60084533691406,129.28671506534786,127.22910588004648,127.91497560848028,1116671
2016-06-30,135.1166229248047,136.4883624209154,130.3155233861012,130.3155233861012,4561721
2016-07-01,134.773681640625,135.1166164983419,132.71607249432367,134.773681640625,1913676
2016-07-04,134.43077087402344,134.77370579319714,132.37315005666377,134.77370579319714,1268944
2016-07-05,132.37313842773438,135.11662884242682,131.3443337605934,134.08782417528585,1084272
2016-07-06,132.37313842773438,134.43075906433285,131.3443337605934,132.37313842773438,1645848
2016-07-07,128.94378662109375,134.0878211427785,128.94378662109375,133.74488626148727,2325138
2016-07-08,128.94378662109375,128.94378662109375,128.94378662109375,128.94378662109375,0
2016-07-11,125.51445007324219,128.94381083238898,124.48564523619368,128.94381083238898,2317578
2016-07-12,126.88615417480469,128.25790487410973,126.2002844763098,126.8861541748047,1738724
2016-07-13,126.88615417480469,128.25790487410973,126.8861541748047,127.22910032636739,851002
2016-07-14,124.82855987548828,127.22911540707808,124.82855987548828,126.88616921486532,1144750
2016-07-15,126.5432357788086,126.8861706726447,125.17149620346416,125.51443109730027,789445
2016-07-18,128.25791931152344,129.28672397507364,125.85736379425641,127.5720495358233,1178228
2016-07-19,131.00140380859375,132.03020851450725,129.2867292987379,130.3155340046514,2099428
2016-07-20,128.25791931152344,130.31552863862387,127.5720495358233,130.31552863862387,940638
2016-07-21,129.97256469726562,130.65843431964942,128.9437602636899,129.62962988607373,909320
2016-07-22,129.97256469726562,129.97256469726562,128.25789064130612,129.2866950748818,503258
2016-07-25,130.3155517578125,133.7449125470302,129.9726168091226,129.9726168091226,1294863
2016-07-26,132.0301971435547,132.0301971435547,130.65845765380953,131.6872622711184,807804
2016-07-27,134.08779907226562,135.80247319649075,132.03017882088102,132.37311364572605,2639404
2016-07-28,133.744873046875,135.4595472839134,133.05900335205965,135.1166124365057,1021635
2016-07-29,134.43077087402344,134.77370579319714,133.0590311973287,134.08783595484977,1027035
2016-08-01,134.08779907226562,136.14540802133575,133.7448642474206,135.80247319649075,843443
2016-08-02,139.2318572998047,139.2318572998047,132.3731369887887,134.7736924883392,2560568
2016-08-03,136.14544677734375,138.54600253693047,135.80251185487674,137.17425154474478,2476332
2016-08-04,139.62266540527344,141.10015761171977,136.66769259584424,136.66769259584424,3693396
2016-08-05,141.4695587158203,142.20829336206629,139.62269309154104,141.4695587158203,1232161
2016-08-08,138.5145721435547,140.73081086751506,138.5145721435547,139.62269150553487,1612000
2016-08-09,134.4514617919922,137.77580783861617,134.4514617919922,137.77580783861617,1242455
2016-08-10,134.4514617919922,137.40644636984825,134.4514617919922,135.1902079364562,900702
2016-08-11,133.7127227783203,135.5595882379722,132.2352420140635,135.19021514604182,977905
2016-08-12,135.928955078125,136.29832815306682,133.71271662847414,134.82083585329957,660858
2016-08-15,135.928955078125,138.8839280741953,135.928955078125,137.03707430295043,1289806
2016-08-16,135.928955078125,137.40644737789225,135.1902089282414,137.03707430295043,1001581
2016-08-17,137.4064483642578,138.8839290711669,135.1902098986978,135.92895605388446,1377303
2016-08-18,139.62266540527344,139.62266540527344,137.40643869906742,137.40643869906742,1689203
2016-08-19,138.1451873779297,140.73079900459567,138.1451873779297,140.36142591507198,998493
2016-08-22,139.25328063964844,139.6226536601883,135.19018901717257,138.51453459856876,1180692
2016-08-23,139.99205017089844,139.99205017089844,138.14518475830172,138.88393092334042,974817
2016-08-24,138.5145721435547,141.10018398817513,138.14519902289464,140.361437746855,1363921
2016-08-25,137.77581787109375,138.88393716848014,137.03708327630108,137.77581787109375,1171428
2016-08-26,135.19021606445312,138.51456231094568,134.82084297001342,138.14518921650597,1463770
2016-08-29,136.66770935058594,137.4064555443755,133.71272457542776,134.82084386611206,1310393
2016-08-30,137.03709411621094,137.775828769439,135.5596016028231,137.4064672445579,1313481
2016-08-31,137.77581787109375,138.14519097022256,135.5595908797859,137.03708327630108,1392743
2016-09-01,135.55958557128906,137.40645099461003,134.82083940196065,136.66770482528165,984082
2016-09-02,134.82083129882812,135.55957742375568,132.60460452750925,135.55957742375568,1262013
2016-09-05,135.19021606445312,135.92896225333254,133.71272368669432,135.92896225333254,454983
2016-09-06,135.928955078125,137.03707430295043,134.82083585329957,135.1902089282414,1072608
2016-09-07,135.928955078125,136.6677012280086,135.1902089282414,135.928955078125,786442
2016-09-08,137.4064483642578,138.51455599357357,135.92895605388446,135.92895605388446,806000
2016-09-09,135.55958557128906,135.92895865595324,134.08209323263227,135.92895865595324,427190
2016-09-12,132.23524475097656,134.45147174496404,132.23524475097656,132.97397934666242,573361
2016-09-13,122.6315689086914,132.23524641130453,120.78470338762538,132.23524641130453,4778356
2016-09-14,123.37030029296875,123.73967338753917,120.78470023444065,121.8928195181519,2083454
2016-09-19,126.69465637207031,127.80277564028269,124.84779092504968,124.84779092504968,1908460
2016-09-20,126.69465637207031,127.43340255087857,124.47841783564556,126.32528328266619,1007757
2016-09-21,128.17213439941406,128.54150748095992,125.95590751360322,126.3252805951491,793647
2016-09-22,123.37030029296875,128.54151201348975,121.8928195181519,128.54151201348975,2600200
2016-09-23,124.47842407226562,125.95591650390747,123.00094324408897,124.10905096435516,1099372
2016-09-26,124.10904693603516,125.5865393197207,123.73967384011378,124.10904693603517,378809
2016-09-27,124.10904693603516,124.10904693603517,124.10904693603517,124.10904693603517,0
2016-09-28,124.10904693603516,124.10904693603517,124.10904693603517,124.10904693603517,0
2016-09-29,121.8927993774414,125.2171450758188,121.1540533103658,124.47839900874318,1286718
2016-09-30,120.04593658447266,120.78468266616196,117.46033690202316,119.67656354362799,2006251
2016-10-03,124.10904693603516,125.21716622379932,121.5234468680503,122.63156615581445,1549208
2016-10-04,124.47842407226562,128.5415166558155,124.47842407226562,127.06403582763886,2356238
2016-10-05,124.47842407226562,125.21717028808655,124.10905096435516,124.47842407226562,912025
2016-10-06,123.37030029296875,124.84779267125042,123.00093880186313,124.47841957668,920260
2016-10-07,123.37030029296875,124.10904648210959,122.2621926127223,123.37030029296876,774089
2016-10-11,121.52344512939453,124.84779134166021,120.78469894812113,124.47841825102351,873939
2016-10-12,120.04593658447266,123.0009209112299,120.04593658447266,121.52342874785127,677328
2016-10-13,117.82972717285156,121.89281961281682,117.82972717285156,120.41532723338771,910996
2016-10-14,118.93782043457031,121.52343178510549,117.82971288780433,118.19908593788078,1162163
2016-10-17,120.41532897949219,121.5234482801325,118.93783657863843,120.41532897949219,935701
2016-10-18,116.35223388671875,120.0459532030425,113.76663384633153,120.0459532030425,3437081
2016-10-19,114.50536346435547,117.09097499615136,113.02788276393632,116.72160192018052,1749936
2016-10-20,113.02787780761719,115.98285068234293,111.91975862829615,114.87473150302189,1462741
2016-10-21,114.50536346435547,114.87473654032631,112.65850968796548,112.65850968796548,892467
2016-10-24,115.98286437988281,115.98286437988281,114.5053719662967,115.61349127648629,419984
2016-10-25,114.50536346435547,114.50536346435547,113.02788276393632,114.13599038838463,1090107
2016-10-26,115.24410247802734,115.24410247802734,113.39724881603226,113.76662186912398,584684
2016-10-27,118.5684585571289,121.52343134354001,117.46033941092598,118.93782000239986,2864749
2016-10-28,116.72161102294922,117.4603572325035,115.61349170861779,117.4603572325035,976876
2016-10-31,118.19908142089844,118.93781588935718,115.24409713321162,115.24409713321162,674240
2016-11-01,116.72161102294922,117.4603572325035,116.35223791817208,117.4603572325035,304694
2016-11-02,109.7035140991211,114.13597896362711,109.70351409912111,112.28912537210304,1803464
2016-11-03,106.74855041503906,110.4422695138142,103.79357745671176,108.96478883638255,1785964
2016-11-04,106.00981140136719,108.22604997170289,104.90169211619934,105.64043830631124,1126135
2016-11-07,106.74855041503906,108.22604269593472,105.2710581341434,107.11792348526298,682475
2016-11-08,107.117919921875,107.48729297981134,100.83858954042086,107.117919921875,2435500
2016-11-09,98.99172973632812,107.85665937200373,96.77549152567777,106.74854026667855,2217272
2016-11-10,106.74855041503906,107.48729655548689,103.05483131626393,104.16295052693567,1847727
2016-11-11,104.90167999267578,106.37917220214528,103.42419938666973,103.42419938666973,887320
2016-11-14,107.85667419433594,109.33416653781566,103.42420876736128,104.90168950737649,950112
2016-11-15,107.48729705810547,107.8566701300566,105.64043169834981,105.64043169834981,659829
2016-11-16,107.117919921875,109.33415826949303,106.37917380600231,108.22603909568402,542480
2016-11-17,106.37919616699219,107.48731557372876,105.2710767602556,107.11794243814991,510569
2016-11-18,108.96479797363281,108.96479797363281,106.00981316405104,107.1179324676442,811147
2016-11-21,108.59542846679688,109.33417469364382,107.85668223994993,108.59542846679688,353075
2016-11-22,113.76663970947266,113.76663970947266,108.59542775872706,109.33417398075719,1573913
2016-11-23,112.65852355957031,115.61349692771768,112.28915043811868,114.5053775633628,1253778
2016-11-24,112.65852355957031,113.39726980247356,111.91977731666707,112.28915043811868,378809
2016-11-25,113.39725494384766,114.1359894864877,112.28913572469145,113.39725494384767,598066
2016-11-28,113.39725494384766,116.35222792480013,113.39725494384767,115.24410870564391,882174
2016-11-29,113.76663970947266,115.2441205500676,113.39726659845759,114.13600121702241,453954
2016-11-30,113.39725494384766,114.50536255953978,113.0278818707956,113.76662801689973,483806
2016-12-01,113.39725494384766,114.50536255953978,111.91976265163937,113.76662801689973,475571
2016-12-02,113.02787780761719,113.02787780761719,111.1810125087488,111.91975862829615,388074
2016-12-05,115.98286437988281,116.72161058667587,113.02789115617566,113.76663736296871,860557
2016-12-06,117.46035766601562,117.82973077215601,114.87474592303289,115.98286524145406,984082
2016-12-07,116.72161102294922,118.56847654683493,116.72161102294922,117.4603572325035,609389
2016-12-08,115.98286437988281,118.5684761036585,115.98286437988281,118.19910300026197,613507
2016-12-09,118.5684585571289,118.93782000239986,115.98284721598876,115.98284721598876,652623
2016-12-12,122.6315689086914,125.58654213893195,118.93783786655936,118.93783786655936,2649610
2016-12-13,123.37030029296875,123.37030029296876,120.41532713987024,122.63156570729272,1333040
2016-12-14,123.37030029296875,124.84779267125042,121.8928195181519,123.37030029296876,1188927
2016-12-15,124.10904693603516,124.10904693603517,120.78470067620752,122.63156615581445,783354
2016-12-16,121.8927993774414,123.73965294166757,121.89279937744142,122.63154544451703,703062
2016-12-19,124.10904693603516,125.5865393197207,121.5234468680503,121.89281996397168,1231132
2016-12-20,124.47842407226562,124.84779718017609,122.63157013617851,123.7396778564447,639241
2016-12-21,123.00093078613281,127.43339602865788,123.0009307861328,124.47841146466514,1690233
2016-12-22,123.00093078613281,124.47841146466514,122.63155771563372,123.37029225316786,583655
2016-12-23,121.8927993774414,123.37027990812977,121.1540533103658,122.63154544451703,660858
2016-12-26,121.8927993774414,123.37027990812977,120.784680276828,122.26217241097922,378809
2016-12-27,121.52344512939453,122.26219131066794,121.52344512939453,122.26219131066794,202786
2016-12-28,123.73966979980469,124.10904288366542,122.63156215168695,122.63156215168695,476600
2016-12-29,122.26217651367188,123.73965709393933,122.26217651367188,123.00092260553724,570273
2016-12-30,123.00093078613281,124.10903839416605,122.26218464513462,123.0009307861328,403514
2017-01-03,124.47842407226562,125.95591650390747,123.00094324408897,123.37030474853424,1001581
2017-01-04,125.2171630859375,125.95590925926777,124.10904382594211,124.10904382594211,485864
2017-01-05,127.43338012695312,128.5414875967118,126.69463407813896,126.69463407813896,1817875
2017-01-06,129.64964294433594,131.496508583102,128.9108966888295,129.28026981658272,2274917
2017-01-09,126.69465637207031,132.6046141990717,126.69465637207031,131.4964949308593,1709791
2017-01-10,127.43338012695312,128.5414875967118,126.69463407813896,127.8027531513602,599096
2017-01-11,125.9559326171875,129.64965256535683,125.9559326171875,129.28027941019323,1350539
2017-01-12,125.9559326171875,126.6946789275147,124.84781315169668,125.9559326171875,696886
2017-01-13,124.47842407226562,126.32528961181794,124.47842407226562,125.95591650390747,516746
2017-01-16,125.2171630859375,126.3252823459329,124.47841691260724,126.3252823459329,418955
2017-01-17,125.58655548095703,125.95592862441158,124.47843605059337,125.58655548095703,303665
2017-01-18,124.10904693603516,125.21716622379932,123.00093925173583,124.84779312787794,852322
2017-01-19,121.52344512939453,124.1090451603868,121.52344512939453,123.7396720697501,934672
2017-01-20,122.6315689086914,123.73967661786592,121.89282270026499,121.89282270026499,934672
2017-01-23,120.41532897949219,124.10904837816162,120.41532897949219,123.00094068098626,1093195
2017-01-24,121.8927993774414,122.63154544451703,120.784680276828,122.63154544451703,766884
2017-02-02,124.10904693603516,124.47842003195655,121.89281996397168,122.26219305989306,1080843
2017-02-03,125.58655548095703,128.17215588167258,124.10906290713882,124.84780919404793,1616118
2017-02-06,125.58655548095703,126.32530176786614,124.84780919404793,125.58655548095703,777177
2017-02-07,123.00093078613281,124.10903839416605,122.63155771563372,122.63155771563372,1253778
2017-02-08,124.47842407226562,125.58654339599701,122.63157013617851,122.63157013617851,878056
2017-02-09,127.8027572631836,128.9108647685936,125.21714600914665,125.21714600914665,1879638
2017-02-10,126.69465637207031,131.1271218414552,126.32528328266619,130.75774875205107,1415390
2017-02-13,131.1271209716797,133.71272097689348,126.69465553169567,127.80277479255781,2439617
2017-02-14,136.66770935058594,142.57765569397264,135.19021696300683,135.19021696300683,8011622
2017-02-15,135.19021606445312,139.6226815942648,134.82084297001342,139.6226815942648,2432412
2017-02-16,132.60458374023438,135.19018316869494,132.235210735674,135.19018316869494,1679939
2017-02-17,131.1271209716797,132.60461331949588,130.3883747977716,132.60461331949588,1318628
2017-02-20,132.60458374023438,138.14515560171586,132.60458374023438,135.5595561732553,1236278
2017-02-21,134.4514617919922,134.8208348642242,132.23523496206423,132.23523496206423,989228
2017-02-22,134.4514617919922,135.92895408092022,133.34334257529616,135.5595810086882,846145
2017-02-23,138.1451873779297,144.05514520684446,138.1451873779297,138.1451873779297,8141323
2017-02-24,139.62266540527344,140.36141150849662,134.82082733778637,135.9289464926211,3271352
2017-03-01,138.1451873779297,139.25330664650082,136.66770662329947,138.1451873779297,2247124
2017-03-02,138.8839111328125,142.577629828198,136.29831152708147,142.2082567983132,3089153
2017-03-03,135.19021606445312,139.9920546887045,135.19021606445312,138.51456231094568,2825633
2017-03-06,133.7127227783203,136.29833442183295,133.7127227783203,135.92896132990256,1136429
2017-03-07,132.97396850585938,135.1902069226313,132.6046070398614,135.1902069226313,1146723
2017-03-08,134.4514617919922,134.8208348642242,131.1271157453682,131.1271157453682,1042756
2017-03-09,129.64964294433594,133.34336261840227,129.28026981658272,132.97398949064905,2464322
2017-03-10,127.06403350830078,129.2802605118449,126.32528730596441,129.2802605118449,1896108
2017-03-13,127.8027572631836,129.2802378048846,127.4333842268926,127.4333842268926,804970
2017-03-14,130.01901245117188,132.60462427343734,128.1721468638394,129.28026621623889,1340245
2017-03-15,130.01901245117188,132.23525115597084,129.28026621623889,131.86587803850435,864674
2017-03-16,130.3883819580078,131.86587438696003,128.9108895290556,131.1271281724839,759678
2017-03-17,134.4514617919922,134.4514617919922,130.7577426731362,131.4964888176002,1557443
2017-03-20,132.60458374023438,133.71269115045348,132.235210735674,133.71269115045348,824529
2017-03-21,131.1271209716797,133.34334788993942,130.75774788472566,133.34334788993942,591890
2017-03-22,129.28024291992188,130.01898902173272,127.06401621795277,129.28024291992188,1025257
2017-03-23,130.3883819580078,131.49650127972197,130.01900885076975,131.1271281724839,522922
2017-03-24,127.43338012695312,130.01897969434012,127.06400710254604,130.01897969434012,879085
2017-03-27,128.54150390625,129.64962312007106,127.80276936716668,127.80276936716668,605272
2017-03-28,128.910888671875,130.38838109100277,127.80278096099428,129.28026177665694,842028
2017-03-29,128.54150390625,130.75774233389214,128.17213083497631,130.38836926261845,482776
2017-03-30,128.17213439941406,129.64962672559756,128.17213439941406,128.17213439941406,362339
2017-03-31,127.43338012695312,129.28023364552595,127.43338012695312,129.28023364552595,761737
2017-04-05,131.86587524414062,134.8208485177884,130.38838280558414,130.38838280558414,3045919
2017-04-06,132.23524475097656,136.29833724284106,131.86587165140114,135.92896414326566,2011397
2017-04-07,136.66770935058594,137.4064555443755,133.71272457542776,134.82084386611206,3805597
2017-04-10,136.66770935058594,139.6226825222793,135.92896315679639,138.51456323159496,1991839
2017-04-11,133.7127227783203,138.5145613699505,133.7127227783203,138.14518827802013,1174516
2017-04-12,137.4064483642578,137.4064483642578,131.865863803822,134.08209066591778,1115842
2017-04-13,134.4514617919922,136.29832715315223,134.08208871976018,135.5595810086882,938789
2017-04-14,130.7577362060547,134.82082819618824,130.01899009812794,133.71270903429814,1145693
2017-04-17,135.928955078125,136.29832815306682,130.38837055746203,130.75774363240384,1351568
2017-04-18,135.19021606445312,136.66770844221193,133.71272368669432,136.29833534777225,932613
2017-04-19,133.3433380126953,134.4514571914749,132.2352304373794,133.3433380126953,672181
2017-04-20,132.60458374023438,134.82081016413457,132.235210735674,134.45143715957423,491011
2017-04-21,133.3433380126953,135.19020331066127,132.97396495310213,133.3433380126953,817323
2017-04-24,135.19021606445312,135.19021606445312,132.60461600684,133.3433505922546,701004
2017-04-25,137.77581787109375,138.14519097022256,134.4514715823995,135.5595908797859,1944488
2017-04-26,135.928955078125,137.77580884936987,135.1902089282414,137.40644737789225,1467888
2017-04-27,134.82083129882812,136.667696611147,134.82083129882812,135.92895048621946,741149
2017-04-28,133.3433380126953,135.92894942984765,133.3433380126953,135.19020331066127,870850
2017-05-02,141.1001739501953,141.83892013896045,134.451469854774,135.55958913792165,5779938
2017-05-03,141.8389129638672,146.2713782687715,138.88392835828816,140.36142066107766,5087169
2017-05-04,139.99205017089844,142.20827706255008,139.62267708837908,141.4695425009758,1372156
2017-05-05,142.57765197753906,145.16326358840584,139.62267888287013,139.62267888287013,3650162
2017-05-08,142.20828247070312,145.53264033980187,142.20828247070312,145.16326724323537,2088601
2017-05-09,140.36141967773438,143.31639265914725,138.88392738529586,142.577646512928,1333040
2017-05-10,154.3975830078125,154.3975830078125,141.4695584706586,141.4695584706586,6963719
2017-05-11,149.22634887695312,159.5687716236351,149.22634887695312,157.3525332050044,8609689
2017-05-12,164.00120544433594,164.00120544433594,151.44254668453215,151.81191968355355,11348854
2017-05-15,163.26248168945312,164.73997388683478,159.9381358488078,163.26248168945312,6069192
2017-05-16,158.8300323486328,175.08240170715325,157.72191309142517,165.8480977706854,10831079
2017-05-17,162.1543731689453,164.73998468382305,157.3525348162079,161.04625394828344,5354806
2017-05-18,160.30752563476562,161.0462602071193,155.13631400750242,158.46066019522,3618251
2017-05-19,157.35255432128906,162.15439326925198,157.35255432128906,161.78502014991133,2576524
2017-05-22,159.9381561279297,165.1093678709782,159.56878303175017,161.78501000536247,4758798
2017-05-23,165.10935974121094,166.9562135277071,159.19940209680192,160.67688280530598,3528696
2017-05-24,164.37062072753906,168.0643400644969,162.52375525732776,163.63187453945454,3059301
2017-05-25,164.00120544433594,170.64989621979745,163.26245944629315,169.17241582717367,3189002
2017-05-26,160.6768798828125,165.4787182059064,160.30751841500287,165.4787182059064,1740672
2017-05-31,164.00120544433594,166.21743183500251,162.89308644727177,163.26245944629315,2636228
2017-06-01,164.739990234375,165.848097888908,163.63187097637746,165.848097888908,1738613
2017-06-02,163.6318817138672,165.10937415481663,162.89313549339246,165.10937415481663,1233190
2017-06-05,171.38868713378906,171.38868713378906,168.06434087484465,171.0193140379658,2524026
2017-06-06,167.6949920654297,180.99239063046642,167.6949920654297,179.8842711825134,8937030
2017-06-07,166.95620727539062,171.75804550600014,165.10935355805702,170.28055324936219,2877102
2017-06-08,169.1724395751953,172.86615848046287,168.80306652432222,170.2805471243512,2484910
2017-06-09,167.6949920654297,172.12745825377527,167.6949920654297,171.7580851044576,1777729
2017-06-12,165.10935974121094,167.32558660569916,164.0012405072347,164.73998666321887,1170398
2017-06-13,159.9381561279297,166.21747555605194,159.56878303175017,166.21747555605194,3221942
2017-06-14,159.9381561279297,163.6318754862601,156.61379826231396,163.26250239008058,3268264
2017-06-15,160.6768798828125,162.52374523918095,158.09127998736074,160.6768798828125,1636705
2017-06-16,160.6768798828125,161.41562602535987,158.46065305863442,161.04625295408619,1267160
2017-06-19,163.6318817138672,166.58685499230083,160.3075353251962,161.41564305244302,3135475
2017-06-20,160.6768798828125,165.4787182059064,160.30751841500287,164.37061059554938,2575495
2017-06-21,162.5237579345703,163.63187723495108,158.8300385367661,159.93815783714683,1969193
2017-06-22,161.78500366210938,163.63186907059526,161.4156305804122,162.52374982550373,1575972
2017-06-23,160.6768798828125,164.73998366682306,160.30751841500287,163.26249138172832,2008309
2017-06-26,161.0462646484375,162.15438394272448,159.56878385951975,159.56878385951975,1150840
2017-06-27,158.8300323486328,161.4156323453194,158.09128617716107,160.67688617384766,1777729
2017-06-28,160.6768798828125,162.15437216790724,158.09127998736074,158.09127998736074,2179186
2017-06-29,161.0462646484375,162.52375704082016,159.19941076142408,162.52375704082016,1816846
2017-06-30,158.8300323486328,159.93815160584043,157.3525400056893,159.93815160584043,1710820
2017-07-03,155.1363067626953,159.93814507780536,155.1363067626953,159.5687720071458,1498769
2017-07-04,153.2894744873047,157.35256753785913,153.2894744873047,155.50571338949794,2437559
2017-07-05,152.18130493164062,154.7669161329061,151.0731974488467,154.39754310415387,3272381
2017-07-06,153.65879821777344,155.50566337561054,152.18130609150376,153.28942518620602,3115916
2017-07-07,147.0101318359375,152.92009020822414,144.79390469849605,151.8119708377706,4959526
2017-07-10,148.48760986328125,149.96510221327276,147.01011751328974,149.59572912577488,1337157
2017-07-11,151.81195068359375,152.18132375804123,148.1182315425832,149.22635076592562,1698468
2017-07-12,152.92007446289062,154.39756680469952,152.5507013774384,153.65882063379507,2475645
2017-07-13,153.2894744873047,154.39759393840131,151.81198188584253,153.2894744873047,1516268
2017-07-14,153.65879821777344,154.02817124934086,151.44256002836892,153.28942518620602,1461711
2017-07-17,153.2894744873047,155.50571338949794,152.92010133693915,154.02822078803578,2339768
2017-07-18,154.76693725585938,154.76693725585938,148.8569795926819,152.55069878086871,2420059
2017-07-19,161.41563415527344,164.3706188742947,156.61379559032855,156.61379559032855,6605496
2017-07-20,160.30752563476562,164.73999108621058,159.93815254685651,164.00124491039233,2098894
2017-07-21,160.30752563476562,162.52375255875583,159.56877945894738,162.52375255875583,1038638
2017-07-24,163.26248168945312,165.47870838206222,159.5687627994624,161.04624339338068,3064448
2017-07-25,164.00120544433594,166.9561778330453,164.00120544433594,166.5868048340239,2492115
2017-07-26,164.739990234375,165.47872480290883,163.63187097637746,165.10936332037417,1380391
2017-07-27,168.43370056152344,170.64992735656247,165.47871603018618,166.21746216302049,3849860
2017-07-28,163.6318817138672,168.43372054348762,163.6318817138672,167.32560121277555,3106652
2017-07-31,166.21746826171875,168.064333661568,164.73998754530365,165.47872210177903,1623323
2017-08-01,166.21746826171875,169.54182598144743,164.73998754530365,164.73998754530365,1845668
2017-08-02,166.5868377685547,168.06433005674327,164.3706109397359,167.69495698469612,2126687
2017-08-03,166.44561767578125,175.1859107327769,166.44561767578125,170.245743534771,4921439
2017-08-04,167.58566284179688,171.00577499921656,166.82563526509674,171.00577499921656,2047426
2017-08-07,167.58566284179688,169.4857317835472,166.44562147674668,168.72570420684707,1391714
2017-08-08,163.7855224609375,169.10570309121817,163.40550870607962,169.10570309121817,1260983
2017-08-09,163.02548217773438,166.06558004066778,162.2654547275688,163.40549590281717,1062314
2017-08-10,155.8052520751953,163.7855293238704,155.8052520751953,163.4055155530892,1791111
2017-08-11,165.68557739257812,166.06559114306694,152.38513193865916,152.38513193865916,2357267
2017-08-14,170.24574279785156,175.18590997447362,168.34568584544652,170.62575657587868,6935926
2017-08-15,180.88609313964844,180.88609313964844,171.76578692569387,174.8058969554986,6679611
2017-08-16,178.22601318359375,181.26611135041983,176.70595813131564,178.22601318359375,3596634
2017-08-17,189.24636840820312,190.00639590184724,179.74604861311076,180.88608985357695,5404216
2017-08-18,187.72634887695312,188.1063626713832,183.1661952815231,183.9262228703833,2542555
2017-08-21,177.46597290039062,187.72631989024703,176.3259316931334,187.72631989024703,3688336
2017-08-22,180.50607299804688,180.88608673832428,176.7059475330023,180.1260592577695,1803849
2017-08-23,176.70594787597656,183.54618327651679,176.70594787597656,183.1661695355018,1659719
2017-08-24,178.22601318359375,180.88609758735032,177.8459994205242,179.36605447280232,928557
2017-08-25,179.3660430908203,180.12605863100114,177.8459881349999,178.9860293518652,869925
2017-08-28,179.3660430908203,180.88608610891134,176.32593317917951,180.88608610891134,959258
2017-08-29,178.60601806640625,183.16617105878052,177.085963089705,178.60601806640625,2001726
2017-08-30,182.02613830566406,182.78616582941942,177.8459988627397,180.12606949627568,1926464
2017-08-31,199.88671875,199.88671875,183.9261899882659,183.9261899882659,9484171
2017-09-01,200.6467742919922,208.24702601034448,200.2667605123015,204.44691208889898,6601397
2017-09-04,204.4468994140625,218.88737439613786,201.78679118341245,202.54681869567537,7475205
2017-09-05,209.0070343017578,211.66711857663373,205.96692434449443,209.0070343017578,2999078
2017-09-06,207.48699951171875,215.84727883219347,204.44691313411246,212.8071924545872,3826679
2017-09-07,207.48699951171875,220.40744421179502,207.48699951171875,212.8071924545872,6123290
2017-09-08,211.28713989257812,215.0872777550374,207.86702775409563,212.04716746506998,2473655
2017-09-11,205.58692932128906,216.60729246681757,205.2069275018218,216.60729246681757,2151908
2017-09-12,213.5672149658203,218.5073820724626,210.52710478466787,211.28713232995597,4982031
2017-09-13,211.28713989257812,213.1871968860769,206.726974457627,212.80719503756183,2084783
2017-09-14,214.70724487304688,219.6474119918154,209.76707775427835,212.8071879428931,3653965
2017-09-15,217.36732482910156,221.927490017172,215.4672679384691,218.12735236044662,3518130
2017-09-18,217.36732482910156,220.02743312653953,214.707240407124,220.02743312653953,1241795
2017-09-19,220.02743530273438,228.7677161864584,218.8873820567108,220.40743713443516,4978499
2017-09-20,223.8275604248047,223.8275604248047,215.08727909969926,217.74736368231996,2298377
2017-09-21,215.0872802734375,218.88739430492961,215.0872802734375,218.88739430492961,2901103
2017-09-22,213.5672149658203,214.70724434602204,208.62704785917802,212.8071874205322,2452999
2017-09-25,208.24700927734375,211.2871192705912,205.96692678240817,211.2871192705912,1736480
2017-09-26,208.62704467773438,212.42715847076448,205.9669363720607,207.48699143945694,1424784
2017-09-27,215.84725952148438,216.22728520684964,211.28711842531587,212.04714592058718,1945508
2017-09-28,212.80715942382812,216.6072727748686,210.52707708792923,216.6072727748686,1323077
2017-09-29,210.527099609375,214.32723724239847,208.2470170295609,214.32723724239847,1032182
2017-10-02,217.36732482910156,222.30749184511433,214.32723857918168,214.707240407124,2164749
2017-10-03,217.74732971191406,221.16744133821203,216.2272747945687,218.12733150352133,1321868
2017-10-05,223.44754028320312,223.44754028320312,218.12734767799407,218.12734767799407,2452179
2017-10-06,219.2674102783203,224.96760494742327,219.2674102783203,222.6875223046899,1446745
2017-10-11,221.16744995117188,221.9274774394424,218.12733999808967,221.9274774394424,1063606
2017-10-12,226.10760498046875,232.18780069637168,221.16743850021706,221.16743850021706,3777152
2017-10-13,225.34759521484375,228.00767955707514,222.3074851806023,225.34759521484375,2022624
2017-10-16,220.7874298095703,225.34759485362275,219.64740048628704,223.4475380229974,1759952
2017-10-17,228.00770568847656,229.14775901970566,220.4074536072865,220.4074536072865,3021983
2017-10-18,234.4679412841797,242.44821954238603,231.80785648993216,233.32791176534897,6612860
2017-10-19,244.72824096679688,245.48826848769366,231.807820862472,234.46790524788065,3283085
2017-10-20,240.54811096191406,243.968246877647,235.60794382030775,243.2082193269798,2258567
2017-10-23,237.88803100585938,240.5481155461586,236.3679758755565,240.5481155461586,1047966
2017-10-24,233.327880859375,248.9084095554473,233.327880859375,240.9281323542867,2812733
2017-10-25,233.7078857421875,237.12799776578845,233.32788390643668,235.60794267186338,1048281
2017-10-26,235.98794555664062,236.7479730300879,227.24764154972635,232.1878081894043,1175811
2017-10-27,222.30747985839844,229.14772727168113,221.9274780509456,226.8676448005869,4320956
2017-10-30,230.28778076171875,231.047808331926,222.68752893510785,224.20758407552236,2056236
2017-10-31,229.5277099609375,234.84787807489545,228.00765510681887,231.0477648150561,931264
2017-11-01,228.76773071289062,234.46792567858105,228.76773071289062,233.32789623562783,1019227
2017-11-02,218.50738525390625,224.20757998883087,216.22730258484418,222.3074991602152,3453467
2017-11-03,210.90711975097656,215.84728716520112,209.38708844122175,214.3272558554463,2891533
2017-11-06,221.54742431640625,224.96755952773054,213.5671724911991,213.9471742505373,3001354
2017-11-07,218.50738525390625,219.6474146507067,215.08727318804372,218.12735953799864,1165380
2017-11-08,217.36732482910156,224.2075726112072,217.36732482910156,220.78743678242418,1057253
2017-11-09,213.1871795654297,220.0274271621123,210.5270952155608,217.36731893678362,1069307
2017-11-10,205.58692932128906,209.00704119833378,203.68687247303308,208.2470136839394,2743963
2017-11-13,191.52647399902344,201.4068087331147,190.00641882832292,200.2667673550893,4625394
2017-11-14,188.1063232421875,196.84661480655427,188.1063232421875,195.32655994745446,2954772
2017-11-15,196.08660888671875,196.08660888671875,185.4462475812831,185.4462475812831,2694563
2017-11-16,201.40679931640625,205.20693706548337,194.18654953089023,196.0866184054288,2991067
2017-11-17,211.66712951660156,214.32723780442367,208.2470175756421,208.2470175756421,4134738
2017-11-20,207.48699951171875,213.94722186175687,205.58694254128216,213.18719429848994,1511113
2017-11-21,206.72694396972656,209.38705201886862,204.44688546397364,207.1069696376575,969666
2017-11-22,204.06687927246094,210.90710319347627,203.6868774437203,209.76707383179388,750109
2017-11-23,205.96690368652344,206.72693109961043,198.74667907538222,202.16679049654525,1132464
2017-11-24,205.20693969726562,209.00705361961826,204.44691213770284,207.86702421800473,739597
2017-11-27,205.58692932128906,207.86701186447215,205.2069275018218,206.72695865515067,497356
2017-11-28,202.54681396484375,207.10697893191056,201.7867864703326,205.5869239428883,562037
2017-11-29,207.48699951171875,207.48699951171875,203.68688557084553,204.44691313411246,807039
2017-11-30,204.826904296875,204.826904296875,200.64676485462002,204.06687677324135,1145997
2017-12-01,194.9465789794922,203.6868839497699,193.0465220241775,203.6868839497699,2095540
2017-12-04,186.96632385253906,196.086631168494,186.96632385253906,194.56657596992443,1895383
2017-12-05,190.0063934326172,191.90646214203514,186.20626795151074,186.9662954352779,1717734
2017-12-06,196.46661376953125,202.546809722821,195.3265725516409,198.36668246601516,4014779
2017-12-07,191.90646362304688,199.12670089909736,191.90646362304688,199.12670089909736,1345170
2017-12-08,197.606689453125,199.8867603488564,191.52648050162216,194.1865652029307,1382094
2017-12-11,201.7867889404297,207.48698328131036,194.56655152964933,197.60666154490823,1843121
2017-12-12,205.20693969726562,212.0471638578694,205.20693969726562,207.4869985004927,2392117
2017-12-13,210.14707946777344,215.46724781485005,209.3870520074113,211.6671105130395,1918230
2017-12-14,213.1871795654297,221.54745830813755,213.1871795654297,213.94720707617222,1827787
2017-12-15,209.0070343017578,214.7072285338971,207.10697751619773,213.18717355526542,1002349
2017-12-18,219.2674102783203,220.78744149801497,211.28713296648405,212.8071880616396,2480709
2017-12-19,214.75572204589844,218.19486297264206,213.2272149673457,218.19486297264206,1517642
2017-12-20,219.34121704101562,219.7233437649387,213.22718945824678,213.99144290609289,898655
2017-12-21,219.34121704101562,222.78038143178227,216.66632997355427,218.95909031709257,885279
2017-12-22,219.34121704101562,223.16250815570532,218.95909031709257,221.25187453609007,847633
2017-12-25,222.01612854003906,230.8050432122836,221.25187509027865,221.63400181515885,2384304
2017-12-26,212.46295166015625,223.92677809771814,212.46295166015625,222.78039784150803,1451413
2017-12-27,212.46295166015625,215.5199656767165,211.31657140394617,211.6986981560162,529041
2017-12-28,213.2272186279297,215.13785250892147,211.31658474693793,211.6987115231363,588576
2017-12-29,212.84506225585938,217.430582932628,212.84506225585938,215.51994931730772,718105
2018-01-02,215.51995849609375,215.51995849609375,211.3165643633707,212.84507132072454,299827
2018-01-03,217.81271362304688,218.19484035307119,215.90207997292535,217.8127136230469,500483
2018-01-04,209.0238037109375,216.2842364556247,204.05615553725767,215.13785610785243,3263965
2018-01-05,205.96678161621094,210.9344534764069,205.202528080098,210.55232670835045,1648157
2018-01-08,207.87741088867188,215.5199699573283,207.11315736935236,213.9914629186893,1721739
2018-01-09,208.259521484375,212.8450661198487,207.49526802437262,212.46293938984752,1227379
2018-01-10,200.61695861816406,207.11311211290013,199.47056665195313,206.34885876057825,1683367
2018-01-11,200.99913024902344,202.90976405715324,198.70635774153692,200.61700348739748,748332
2018-01-12,203.29188537597656,204.05613887876686,201.76337837039594,203.29188537597656,676091
2018-01-15,203.29188537597656,204.438265630162,201.76337837039594,203.29188537597656,425880
2018-01-16,202.52761840820312,204.05612531216144,200.234846114536,203.29187186018228,636684
2018-01-17,207.1131591796875,209.02379299468672,202.1455112606895,202.52763802368932,1733166
2018-01-18,205.58462524414062,207.87738552232386,204.43824510504902,207.11313209626277,1150850
2018-01-19,199.4705810546875,206.73100036371073,198.70632764718283,205.58462025245373,1368155
2018-01-22,197.9420928955078,199.47059985457727,191.8280531214999,199.47059985457727,1645481
2018-01-23,198.7063446044922,201.7633704331219,198.32421786812972,198.7063446044922,687900
2018-01-24,210.55230712890625,212.0808140589949,199.47059607257395,199.47059607257395,2792608
2018-01-25,210.9344482421875,211.3165750007617,207.11315678098413,209.40591733242937,1182877
2018-01-26,210.17018127441406,212.08081494500695,207.49527026012422,208.64165046247993,987719
2018-01-29,213.2272186279297,213.60934540412805,210.17020441834288,211.6987115231363,1015863
2018-01-30,212.46295166015625,215.90209242878655,210.93444465187613,213.9914586684364,1000850
2018-01-31,212.08082580566406,213.9914595741005,207.8774076396429,210.55231879091494,572232
2018-02-01,209.40591430664062,214.37358597178675,209.40591430664062,213.99145921873406,521549
2018-02-02,206.7310028076172,211.69867389058155,204.82036926626864,210.93442047404216,500955
2018-02-05,202.52761840820312,204.82037876414057,199.08846593656727,200.234846114536,652976
2018-02-06,184.9497528076172,199.47060511490295,182.27486555870502,197.94209811552457,1960685
2018-02-07,191.8280487060547,194.50293582285644,190.29952984443818,192.59230216799804,1039367
2018-02-08,188.7710418701172,194.50295534781372,188.7710418701172,193.73870180915165,772078
2018-02-09,176.54293823242188,178.83569854784201,172.72165910232556,172.72165910232556,1864281
2018-02-12,182.65696716308594,183.42122055756423,176.54292806953097,178.45356155572665,1010519
2018-02-21,193.35655212402344,197.17783130218302,186.47825915351984,188.00676604969183,1294807
2018-02-22,197.17784118652344,198.70634815931805,190.29953593348725,190.29953593348725,864571
2018-02-23,202.52761840820312,204.438252038151,197.55995903260896,200.234846114536,1051516
2018-02-26,205.2025146484375,206.34889487756985,200.9991204749522,204.82038790539337,996449
2018-02-27,203.29188537597656,207.87740639271834,202.1455051217911,207.11315288992805,991788
2018-03-01,200.99913024902344,202.52763729552728,197.942104218285,200.99913024902344,985241
2018-03-02,197.9420928955078,199.85272659434463,196.41357399870827,197.9420928955078,726679
2018-03-05,191.8280487060547,200.99911412483456,191.44592197508302,198.70634180127468,751834
2018-03-06,200.23486328125,201.76338225398231,194.50294996226316,194.88507672101358,1789532
2018-03-07,202.52761840820312,204.438252038151,197.94208575859852,198.70633921057768,1290599
2018-03-08,212.08082580566406,215.51996658884966,204.43826685645735,204.82039361014463,2753216
2018-03-09,217.81271362304688,217.8127136230469,212.08081267268227,213.9914463228038,2025025
2018-03-12,217.81271362304688,221.63400479874952,215.13782651287673,220.86972746324136,1029811
2018-03-13,221.63401794433594,225.8374122239156,218.57698004736247,220.1054870581187,2098993
2018-03-14,225.07315063476562,225.07315063476562,216.28421176312153,219.72335241380222,2250835
2018-03-15,220.86973571777344,224.69102703628863,218.95910199624606,224.69102703628863,1034292
2018-03-16,214.75572204589844,220.86975036010932,214.75572204589844,219.34124328155661,1207678
2018-03-19,217.81271362304688,224.3088919089197,215.51995324290104,215.90207997292535,1587244
2018-03-20,219.34121704101562,221.63400126001312,215.13782307786207,215.13782307786207,1152342
2018-03-21,215.51995849609375,220.10547936815527,215.51995849609375,218.57697241080143,970069
2018-03-22,211.69866943359375,218.95907673786155,211.69866943359375,217.81269663718768,852510
2018-03-23,210.9344482421875,211.3165750007617,200.99912864379687,205.20252298811312,1116545
2018-03-26,212.84506225585938,213.60931570198747,209.40589787282377,211.6986820866672,399573
2018-03-27,210.9344482421875,217.04847637937476,210.5523214836133,217.04847637937476,510602
2018-03-28,197.17784118652344,205.58464147462405,195.64932227599863,205.58464147462405,3280293
2018-03-29,184.9497528076172,194.12081867934825,184.9497528076172,194.12081867934825,3924236
2018-03-30,179.59994506835938,190.299516670312,178.83569165932406,188.00675644320597,4236827
2018-04-02,176.54293823242188,184.1854845548851,176.54293823242188,183.42123111641172,2532415
2018-04-03,168.5182647705078,173.10379765247944,167.37188453444747,173.10379765247944,3854243
2018-04-09,185.3318634033203,185.3318634033203,182.6569763875602,185.3318634033203,4152874
2018-04-10,184.9497528076172,187.24252524441513,181.51061205901584,185.33187955746178,4969713
2018-04-11,183.42123413085938,192.21017269320447,183.42123413085938,191.0637805789245,3583425
2018-04-12,192.21018981933594,192.97444333846528,186.09614972857048,187.2425300072645,2640043
2018-04-13,195.6493377685547,195.6493377685547,188.77104390858875,191.8280700339798,1765329
2018-04-16,192.9744415283203,197.1778477818335,192.21018801635984,197.1778477818335,915152
2018-04-17,185.3318634033203,192.2101681764479,184.18548325370884,191.06377608910705,1352936
2018-04-18,191.06378173828125,198.70634017045032,188.00676791559738,188.77102137126835,2041100
2018-04-19,192.59230041503906,196.41356768997497,192.21017368754548,194.12080732501343,1003440
2018-04-20,188.00677490234375,192.5923077445078,185.3318757703605,192.5923077445078,1105408
2018-04-23,180.74635314941406,186.86039290165886,178.0714540428338,184.94974727189296,1392358
2018-04-24,168.13613891601562,180.74635739268476,166.98975867388125,180.74635739268476,2874404
2018-04-25,168.5182647705078,172.721670907126,164.31485863388966,168.13613802515437,2064715
2018-04-26,165.8433837890625,172.7216774017918,165.07913026961822,170.81104360318108,1201328
2018-04-27,169.66465759277344,171.19317662530733,159.72934953882424,169.66465759277344,1727260
2018-04-30,168.90036010742188,172.72163878808774,168.1361067588343,169.66461345600942,1537666
2018-05-02,169.2825164794922,171.9574156065429,168.13613625549766,171.9574156065429,872730
2018-05-03,157.4365692138672,163.9327359849341,154.76168192955222,163.9327359849341,3119163
2018-05-04,158.96507263183594,160.49359155454368,150.55827227672953,157.43656564685847,4332941
2018-05-07,162.0220947265625,162.78634820106564,158.20081541631689,162.78634820106564,1393184
2018-05-08,170.4289093017578,173.86804998707066,168.9003903927775,168.9003903927775,3169116
2018-05-09,165.4612274169922,168.9003676389937,163.9327087139296,168.1361142563267,2114599
2018-05-10,169.2825164794922,171.57528886521138,166.60762929017164,168.13613625549766,1541615
2018-05-11,166.98976135253906,171.57529433236277,166.60763459903131,171.193167578855,1327595
2018-05-14,159.72933959960938,162.40422684906844,157.43656716234264,160.4935930994548,3138224
2018-05-15,157.4365692138672,162.0221022104234,157.4365692138672,160.1114684359127,1733616
2018-05-16,154.7616729736328,159.7293324376172,153.23315410474774,157.43656010315448,1407078
2018-05-17,160.87571716308594,163.16847762433792,155.9080575593098,157.4365645334778,1770548
2018-05-18,156.29017639160156,161.63996246811897,155.5259229432033,160.8757090197207,1379477
2018-05-21,158.58294677734375,160.11146570864676,156.29018628698475,157.43656653216425,893952
2018-05-22,159.3472137451172,166.9897607242483,159.3472137451172,165.07912696389815,3068521
2018-05-23,159.72933959960938,161.25784659930025,157.81869391226536,159.34721284968666,1311644
2018-05-24,158.58294677734375,161.6399727022194,158.20082002895057,160.4935924570399,1072586
2018-05-25,160.49359130859375,162.40422503688762,155.5259316772994,157.0544386599345,1093741
2018-05-28,160.49359130859375,163.55060527386397,159.72933781727622,162.02209829122887,1198887
2018-05-29,157.81869506835938,160.49359427514366,157.4365683156374,160.49359427514366,707844
2018-05-30,162.0220947265625,162.40422146381405,155.9080549928075,156.29018173005906,1705006
2018-05-31,161.25782775878906,165.07910674928866,157.81867547356654,164.31484140100554,1784737
2018-06-01,159.72933959960938,161.25784659930025,158.2008206621881,161.25784659930025,838352
2018-06-04,171.95741271972656,173.48591965939207,160.49358679677545,162.02209373644095,3479869
2018-06-05,168.90036010742188,178.45355084022253,167.37185341024673,177.3071708173412,3196291
2018-06-06,173.8680419921875,174.2501687174289,170.04677473977344,171.57528164073906,2199472
2018-06-07,191.06378173828125,191.06378173828125,186.47826100425544,186.47826100425544,2589452
2018-06-08,181.51058959960938,195.64930146985157,175.77867712345434,191.82803444423416,6777163
2018-06-11,179.59994506835938,184.18547746030035,176.92505813673571,181.89271723319436,1995458
2018-06-12,179.9821014404297,186.47828036349296,179.59997467292374,184.18550782072623,2860210
2018-06-13,181.8927459716797,185.7140136206047,181.1284924418947,184.5676333259272,2331780
2018-06-14,177.3072052001953,181.12848462187165,175.77869820661692,180.3642191873521,1262738
2018-06-15,182.2748565673828,185.33187041534205,179.21783078169378,180.36421097467849,1658933
2018-06-19,178.835693359375,184.5676059193578,178.45356665122475,183.42122579490706,1125727
2018-06-20,165.8433837890625,178.07146397563253,165.8433837890625,176.54295693674396,2612393
2018-06-21,173.48593139648438,174.25018491802228,167.37189128645053,168.13614480798842,1713298
2018-06-22,175.77871704101562,175.77871704101562,169.66466453613074,173.86807115658974,1750589
2018-06-25,169.2825164794922,173.86804931320043,169.2825164794922,173.86804931320043,723967
2018-06-26,171.57530212402344,171.95742889488454,165.07913508165385,167.3718957068204,1001363
2018-06-27,168.13613891601562,173.48592531703972,168.13613891601562,171.5752915801491,708015
2018-06-28,161.25782775878906,168.13612039150513,161.25782775878906,167.371866980951,1159417
2018-06-29,163.9327392578125,165.84338500819933,163.55061249528129,164.31486602034371,1319438
2018-07-02,171.95741271972656,173.48591965939207,165.46124628841824,165.84337302333464,2109640
2018-07-03,167.7540283203125,170.42892774723407,166.98977475197248,169.28253545699258,1814958
2018-07-04,151.32252502441406,162.78635123078115,151.32252502441406,162.78635123078115,4469502
2018-07-05,150.94039916992188,155.14380532043245,147.1191197660277,149.79401893007272,2667094
2018-07-06,146.3548583984375,154.7616702471454,143.67997131604022,154.37954352108864,2586354
2018-07-09,147.11911010742188,149.02975565279715,145.20847649977608,147.11911010742188,972302
2018-07-10,157.4365692138672,161.25784870061915,150.9404024428003,152.0867827075067,3106272
2018-07-11,160.11146545410156,162.78635268860117,154.37955229958632,155.5259325429433,1941355
2018-07-12,161.25782775878906,162.02208116934318,157.43654876828947,158.9650555893977,801272
2018-07-13,163.55059814453125,166.98975064327442,159.72933085451632,162.02209122852528,1294575
2018-07-16,161.6399688720703,165.46124820318497,161.6399688720703,162.40422235074723,652185
2018-07-17,156.6722869873047,160.87569245850867,156.6722869873047,160.49356577364725,841480
2018-07-18,156.6722869873047,160.49356577364725,154.37952687813618,160.49356577364725,1912537
2018-07-19,156.6722869873047,161.63994582823153,156.6722869873047,158.5829204116118,2914949
2018-07-20,153.9974365234375,158.96508459857407,153.6152978106958,158.96508459857407,968810
2018-07-23,151.7046661376953,152.08679291825254,147.88338639439175,151.3225393571381,2330172
2018-07-24,148.26548767089844,150.94037445930445,147.5012223650541,149.41186772307245,2501062
2018-07-25,149.41189575195312,150.17614926343904,146.73699652402183,147.50125003550775,1318307
2018-07-26,148.26548767089844,151.70462782742047,148.26548767089844,151.32250114336247,835957
2018-07-27,153.233154296875,154.37954643440864,147.50124136012622,148.26550676439194,1124627
2018-07-30,148.26548767089844,152.85100787959448,148.26548767089844,152.85100787959448,1057096
2018-07-31,149.02975463867188,150.55826151438723,147.11910910629825,147.11910910629825,595651
2018-08-01,155.14381408691406,155.14381408691406,150.1761541624705,151.3225344670965,1903664
2018-08-02,158.1710205078125,164.10243315919428,156.589313761637,164.10243315919428,3594640
2018-08-03,166.07957458496094,168.45213464193614,164.10242885092504,165.28872123263588,3781492
2018-08-06,172.01097106933594,173.98810426611124,164.10241357579056,166.87041240449807,3075319
2018-08-07,170.82469177246094,171.22011841325394,168.4521195744808,169.6383994968598,1197399
2018-08-08,170.03384399414062,178.7332557116192,170.03384399414062,177.54697566466032,2793336
2018-08-09,168.4521484375,168.8475751460464,164.1024422902652,168.0567217289536,1412399
2018-08-10,166.8704071044922,169.638393492063,164.49783499049548,164.893273970513,1242956
2018-08-13,151.05331420898438,159.75272523685211,150.26246090703685,158.1710062797346,4740203
2018-08-14,145.51734924316406,153.0304690233648,142.74936229638323,151.05333548994992,3240546
2018-08-15,140.77218627929688,149.07617004872853,140.77218627929688,145.12189147503622,2669594
2018-08-16,134.0499267578125,139.98133868096744,129.70022138663967,136.81792557700322,4604273
2018-08-17,134.4453582763672,139.9813437624908,134.4453582763672,136.42249153811758,2303427
2018-08-20,134.4453582763672,134.4453582763672,128.1185194855434,131.67737170991663,2211915
2018-08-21,131.2819366455078,137.21334840391867,130.88649766527348,136.02705616965915,2020104
2018-08-22,129.7002410888672,134.0499471207859,129.7002410888672,133.65452042272273,1473863
2018-08-23,124.9551010131836,129.70023346421462,124.55967433836626,128.90938011458,2338259
2018-08-24,114.27855682373047,124.16424846436949,112.69685011425968,123.7688217870018,6624817
2018-08-27,118.62826538085938,119.81454544049102,116.25570526159609,116.65113194813996,4017612
2018-08-28,119.02367401123047,120.60539287067907,116.25568762533338,119.4191006377872,3817760
2018-08-29,121.79168701171875,121.79168701171875,115.06942121987949,117.83740792989789,4053967
2018-08-30,122.58251953125,125.35050577100067,121.00081310853533,124.955079165322,2773813
2018-08-31,126.1413803100586,128.11851347911744,121.39624835109545,122.97795488634253,4425580
2018-09-03,122.58251953125,126.9322245469364,122.58251953125,126.53679794125772,2397373
2018-09-04,125.74595642089844,128.1185162755548,124.16423749790533,124.16423749790533,2697585
2018-09-05,130.8865203857422,135.63165308681837,126.14140003788985,126.53682673354422,6811753
2018-09-06,134.0499267578125,134.0499267578125,128.90936811064861,130.4910746626307,3385204
2018-09-07,123.76881408691406,132.46822515422943,121.39625417031307,130.88650618993958,3567179
2018-09-10,111.51056671142578,121.00083138782628,111.51056671142578,121.00083138782628,4150864
2018-09-11,112.69684600830078,117.83740498001474,111.11513935645735,114.2785526601442,4107938
2018-09-12,115.06941986083984,116.25569986540847,110.32428748934234,113.48770083485867,4016399
2018-09-13,116.25569152832031,118.23282472748113,115.46483824865598,116.65111816815248,1421201
2018-09-14,121.00082397460938,121.396250615798,115.86026528593497,117.83739849187815,1722935
2018-09-17,124.16423797607422,125.3505179079709,119.02367925129974,119.02367925129974,2447146
2018-09-18,119.41910552978516,122.97795766780561,119.0236788870298,121.0008244540288,1805115
2018-09-19,122.97795867919922,123.37338532520664,119.4191065119101,120.60539880315469,1748329
2018-09-20,119.02367401123047,125.74595136913823,119.02367401123047,125.35051238935979,2235124
2018-09-21,122.58251953125,122.97794613692867,119.81452093827828,119.81452093827828,1698712
2018-09-25,122.97795867919922,124.55966526322891,120.20997215714726,121.00082544916211,1171098
2018-09-26,120.60540771484375,124.16424779187784,120.60540771484375,121.39626106529577,1178532
2018-09-27,119.02367401123047,122.5825260034627,119.02367401123047,120.60539287067907,1119262
2018-09-28,114.67399597167969,115.86027600499683,110.3242901629602,114.67399597167969,5212058
2018-10-01,126.1413803100586,126.14138031005861,115.46483649069698,117.83739629356761,4893847
2018-10-02,132.07278442382812,136.42247714062967,128.51393257504205,128.90935918566035,11183745
2018-10-03,132.07278442382812,132.07278442382812,128.51393257504205,130.49106562813364,3568156
2018-10-04,131.2819366455078,135.23620291563392,130.09564441124826,131.2819366455078,3702142
2018-10-05,118.23282623291016,127.72309041616344,118.23282623291014,127.32766377129641,6075051
2018-10-08,117.83740234375,117.83740234375,112.30141683292653,114.6739891108352,2925983
2018-10-09,108.3471450805664,117.44198343115335,107.55629172020639,117.04655675097334,4569443
2018-10-11,97.67060852050781,100.04317483491138,97.67060852050781,98.85688858940368,2867167
2018-10-12,107.1608657836914,107.1608657836914,98.06603354660068,99.25231359537314,4005399
2018-10-15,111.11515045166016,117.83741674645731,102.81117117046905,104.39288415686299,7410055
2018-10-16,109.92886352539062,114.27855698247757,107.95171778258235,108.74258349163965,2893701
2018-10-17,118.62826538085938,120.60541116680236,115.46485188850832,118.62826538085938,6424331
2018-10-18,121.00082397460938,123.37338382174117,116.2556919271236,117.04654520950088,4532634
2018-10-19,120.2099838256836,120.2099838256836,116.65113131294397,117.44198468172533,2488151
2018-10-22,119.81452941894531,122.9779548415081,118.62824951794249,118.62824951794249,2504154
2018-10-23,113.88312530517578,120.60540324110828,113.88312530517578,118.23283092453718,1901107
2018-10-24,117.44197082519531,122.18710283124695,117.4419708251953,121.39624955577534,4860879
2018-10-25,124.55967712402344,124.55967712402344,117.83741114856879,118.6282645158901,9806606
2018-10-26,117.83740234375,130.4910799818543,117.0465490355213,128.1185200571682,9392913
2018-10-29,123.37340545654297,125.74597807295207,119.8145527085415,120.60541848282742,5338666
2018-10-30,124.9551010131836,124.95510101318358,121.00083426501038,121.39626093982771,2728021
2018-10-31,130.4910888671875,133.65451466872724,122.18711621213369,125.74596869471297,9633796
2018-11-01,129.30479431152344,133.25907303133312,128.11851440154712,128.90936767486465,7527721
2018-11-02,141.95848083496094,141.95848083496094,130.09565623956902,130.49108290253392,12041194
2018-11-05,139.1905059814453,145.1219187814383,137.60879919564022,144.33106538853576,8004130
2018-11-06,130.4910888671875,141.5630606427415,128.90938214302932,139.19050055650425,6532316
2018-11-07,140.3767547607422,143.14475337174218,132.07278363418447,133.25906345894683,7361935
2018-11-08,143.14476013183594,146.30817314726292,138.7950548824021,143.14476013183594,8348740
2018-11-09,143.14476013183594,145.1218932664778,139.98133476318722,143.14476013183594,3870243
2018-11-12,138.79507446289062,147.49447383580267,138.79507446289062,145.51734042223708,6290812
2018-11-13,146.3081817626953,146.3081817626953,130.49107869449696,132.0727976485725,6992300
2018-11-14,144.72647094726562,148.68074968746836,143.14476439247338,145.1218975859637,5869441
2018-11-15,144.33103942871094,149.4715979112047,143.5401861780537,147.0990258060113,6016455
2018-11-16,146.3081817626953,149.86703396783722,143.93562186141565,144.7264751618422,5477960
2018-11-19,153.82131958007812,153.82131958007812,146.30818818955285,148.68076054827455,6144506
2018-11-20,149.8670196533203,153.82129813098342,149.07616642843195,151.05329949065288,4843209
2018-11-21,146.3081817626953,151.8441672189036,144.7264751618422,147.88990071677085,4967116
2018-11-22,143.14476013183594,149.86702514284,143.14476013183594,148.28531863512652,3756038
2018-11-23,139.58592224121094,145.51733459771876,139.58592224121094,143.9356279301761,3270130
2018-11-26,145.51734924316406,147.49448277657893,142.35393558970026,143.93564241643216,4088284
2018-11-27,150.26248168945312,153.03046862910261,146.70362898525104,147.49448239657949,5959766
2018-11-28,153.42587280273438,154.61215264999626,148.28531444471156,150.26244752348134,4011446
2018-11-29,151.05331420898438,157.38015297778705,151.05331420898438,155.798446373892,2977713
2018-11-30,155.00759887695312,155.798452208518,151.05331986590593,151.05331986590593,2478845
2018-12-03,167.66127014160156,170.03383004082227,158.96185913801418,159.75272479097683,5419846
2018-12-04,156.9847412109375,170.82471236688966,156.9847412109375,168.45213988287495,5117369
2018-12-05,156.9847412109375,161.3344471372781,151.84418190766655,153.4259010147509,4241409
2018-12-06,149.47161865234375,160.14816372416996,147.88991193154678,158.96187133034888,5066678
2018-12-07,155.00759887695312,155.798452208518,152.63502652903566,153.03045319481808,2828252
2018-12-10,155.40301513671875,155.40301513671875,151.05330975115186,151.05330975115186,1524527
2018-12-11,158.96185302734375,161.72985182325203,156.5892932193269,157.38014648866584,2703987
2018-12-12,160.54359436035156,164.10243456983872,160.14816767040855,161.72987443018062,2544862
2018-12-13,162.12527465820312,166.4749798908456,162.12527465820312,162.91612790900692,2413864
2018-12-14,162.91615295410156,166.87043216923334,162.12529958171993,166.07957879685168,2751579
2018-12-17,160.54359436035156,164.89330030294843,160.54359436035156,162.91615450000967,1500820
2018-12-18,162.52072143554688,162.52072143554688,156.19388229139136,157.77558898912443,2268853
2018-12-19,158.1710205078125,162.91615309956265,158.1710205078125,160.93901966684325,1641308
2018-12-20,157.38015747070312,160.9390097842882,154.61217083486582,157.7755841329656,1628756
2018-12-21,161.7298583984375,161.7298583984375,153.8213130303013,153.8213130303013,2732429
2018-12-24,162.91615295410156,162.91615295410156,159.35731277838417,161.7298728955291,889994
2018-12-25,161.7298583984375,161.7298583984375,157.38015288701249,158.96185948999525,1691152
2018-12-26,161.7298583984375,165.28871060837116,160.14815179545477,164.49784495365734,1640131
2018-12-27,170.03384399414062,171.61556307664256,167.6612839002229,168.05671058254254,5415707
2018-12-28,177.1515350341797,177.1515350341797,168.84755065284128,170.42926961080536,3495471
2019-01-02,173.59271240234375,179.91955225269388,170.82472537235134,179.91955225269388,2744616
2019-01-03,163.3115692138672,170.03383480315998,160.5435825872501,168.4521281593788,5699764
2019-01-04,153.82131958007812,158.17101292349247,152.63502722410578,158.17101292349247,3303597
2019-01-07,154.21673583984375,159.7527211656165,154.21673583984375,159.7527211656165,2434645
2019-01-08,156.19387817382812,159.35730383912366,154.61217151779178,158.17101149387355,2357037
2019-01-09,156.9847412109375,158.9618746532634,156.58931452247234,156.9847412109375,1536663
2019-01-10,159.7527313232422,159.7527313232422,156.1938789756678,156.98473230774587,1230358
2019-01-11,166.47499084472656,168.84755075324986,161.72985867445746,162.91613862871912,3819963
2019-01-14,167.66127014160156,168.05669679147167,165.684136892251,166.47499019199122,1705893
2019-01-15,167.66127014160156,167.66127014160156,163.70699128967797,166.0795635421211,1891486
2019-01-16,167.66127014160156,172.40640229326536,167.66127014160156,170.4292690439148,1712546
2019-01-17,164.4978485107422,170.03383409411387,164.4978485107422,168.45212745692845,1055249
2019-01-18,168.0566864013672,168.45211302679004,164.89327339798427,165.68412664883,747250
2019-01-21,153.82131958007812,161.33443861738044,153.82131958007812,161.33443861738044,4870949
2019-01-22,147.88990783691406,153.0304545371777,146.30818880668684,152.63502786792665,5887416
2019-01-23,149.8670196533203,151.44872610309707,148.28531320354358,149.07616642843195,2675644
2019-01-24,146.70364379882812,147.88993638883227,143.144803088492,147.88993638883227,4871816
2019-01-25,146.3081817626953,148.28532736698412,145.12190181205548,147.09903506312185,1982244
2019-01-28,146.70364379882812,149.07621662561098,145.91279030764233,147.09907054442104,2370487
2019-01-29,143.14476013183594,146.7035997741913,141.9584678978291,145.51731989340618,2249820
2019-01-30,141.5630645751953,145.51734384865932,141.5630645751953,143.14478369651516,2155684
2019-02-11,148.28533935546875,148.28533935546875,143.93563349823785,144.72648686260285,3053992
2019-02-12,150.26248168945312,151.84418851210998,148.6807748667963,149.4716282781247,2227163
2019-02-13,149.47161865234375,151.0533253731407,147.88991193154678,150.65789869294147,1383282
2019-02-14,150.65789794921875,154.21675040666702,149.4716179144771,149.8670445927243,2282240
2019-02-15,150.26248168945312,152.2396152177742,148.6807748667963,150.26248168945312,1099291
2019-02-18,156.9847412109375,158.17102127633305,152.23960859613175,152.23960859613175,4730441
2019-02-19,157.77557373046875,158.96185363904206,155.00758727713097,157.38014709427765,2246508
2019-02-20,156.9847412109375,159.3573136949522,155.79846114554198,159.3573136949522,1826587
2019-02-21,160.9390106201172,161.7298639487494,157.3801582880494,157.77558495236548,2876868
2019-02-22,155.40301513671875,158.96185489045538,154.6121618581106,158.96185489045538,2589952
2019-02-25,155.7984619140625,156.9847419853097,152.63503603751295,156.19388860447822,1628780
2019-02-26,155.7984619140625,158.1710220565569,155.00760853323104,156.58931529489396,1104048
2019-02-27,157.38015747070312,157.38015747070312,154.21674417260334,155.79845082165323,1001115
2019-03-04,154.21673583984375,155.0075891216367,151.4487370003463,154.21673583984375,2617810
2019-03-05,151.05331420898438,153.4258864680494,150.26246090703685,153.4258864680494,1701216
2019-03-06,158.1710205078125,159.7527396072116,152.2396078564307,152.2396078564307,3828628
2019-03-07,154.6121826171875,157.77559615635727,153.03046349437886,156.9847427715648,1327828
2019-03-08,156.19387817382812,156.5893048378372,153.0304525085326,154.61217151779178,978613
2019-03-11,161.7298583984375,162.52071169992888,155.40301963328406,157.38015288701249,3308636
2019-03-12,162.91615295410156,167.26585885542414,160.1481661507658,164.8932987382792,3974955
2019-03-13,166.07957458496094,166.47500126112348,162.52072214627492,164.10242885092504,1977938
2019-03-14,165.28872680664062,170.03384708060995,164.89330011714318,167.66128694362527,2618306
2019-03-15,169.63841247558594,173.59269153927275,167.6612791203541,167.6612791203541,4955409
2019-03-18,170.82469177246094,173.1972516172189,167.66126629289482,167.66126629289482,1785350
2019-03-19,172.40640258789062,172.40640258789062,169.24297703030132,170.8246959857072,1471284
2019-03-20,170.42929077148438,176.7561303292203,170.03385171797837,173.98813107402233,1710474
2019-03-21,171.22010803222656,172.40638788268174,170.03381582855002,172.40638788268174,859872
2019-03-22,166.07957458496094,172.80184043294724,165.28872123263588,172.4064137567847,1780616
2019-03-25,168.4521484375,168.8475751460464,161.3344553304403,161.72988203898672,1534693
2019-03-26,163.3115692138672,170.03383480315998,161.3344359091407,169.24298148126937,2055706
2019-03-27,166.47499084472656,166.47499084472656,163.70699193156022,164.49784523440132,838929
2019-03-28,164.4978485107422,168.0567007976321,163.70699519214946,168.0567007976321,895119
2019-03-29,167.26585388183594,169.24298725400072,164.8932938352382,165.28872050967115,1286168
2019-04-01,171.22010803222656,171.61553464904497,166.0795496603661,169.24296259491322,1914756
2019-04-02,170.82469177246094,174.7789581803909,170.0338261376528,171.61554505404692,2009156
2019-04-03,170.82469177246094,171.61554505404692,168.8475462152738,170.82469177246094,943289
2019-04-08,168.84756469726562,172.40641720717542,168.45213801318937,169.63841806541814,1263076
2019-04-09,169.63841247558594,172.80183819718,169.63841247558594,169.63841247558594,884200
2019-04-10,171.61557006835938,173.59270356050703,169.63842422298777,170.8247166715003,1538136
2019-04-11,172.01097106933594,174.77895754482137,171.22011779062584,173.19725098740113,1319626
2019-04-12,164.10243225097656,172.01099064453177,162.12529882919952,172.01099064453177,2847735
2019-04-15,163.70700073242188,166.07957312171675,160.9390140236715,166.07957312171675,1388186
2019-04-16,163.3115692138672,165.28871487181644,161.3344359091407,163.70699587481246,1550892
2019-04-17,162.91615295410156,164.8932987382792,162.12529958171993,164.49785969886483,1184768
2019-04-18,160.9390106201172,164.49785059896212,160.54358395580107,163.7069972703299,1138611
2019-04-19,160.1481475830078,163.31156070576466,158.56642866840724,162.12528078473085,1160717
2019-04-22,157.38015747070312,161.33443644655068,156.98473080844067,159.3573031352383,1325044
2019-04-23,155.7984619140625,156.9847419853097,153.4259017715681,156.9847419853097,2206782
2019-04-24,158.56643676757812,159.75272910242688,156.58930346486815,156.98473012541012,1280188
2019-04-25,159.7527313232422,160.14815798928123,157.38015897378494,159.35730465720312,815457
2019-04-26,157.77557373046875,159.7527192646463,156.1938671857043,158.17100036665985,1142498
2019-04-29,155.00759887695312,158.17101220321254,154.6121722111707,155.798452208518,948364
2019-04-30,157.38015747070312,157.7755841329656,154.61217083486582,157.38015747070312,591230
2019-05-02,159.35731506347656,160.5435951390596,157.77559594280876,159.75274175533758,650337
2019-05-03,163.3115692138672,164.49784919670307,160.93900924819542,161.3344359091407,1551519
2019-05-06,161.33444213867188,162.12529549109934,158.17101637573887,158.17101637573887,1216084
2019-05-07,163.70700073242188,169.63841317582438,163.70700073242188,166.07957312171675,4509074
2019-05-08,166.47499084472656,166.87041749614713,160.14815206877526,160.14815206877526,1718327
2019-05-09,167.26585388183594,170.82470630495573,164.10242813314912,167.6612805562689,2933409
2019-05-10,164.10243225097656,172.40641732888716,159.75273872306707,170.42928390711012,3730623
2019-05-13,166.07957458496094,171.61556040445964,164.49785552708758,165.68414790879842,4626342
2019-05-14,172.40640258789062,172.40640258789062,162.12528496725338,164.1024182199827,2510462
2019-05-15,170.82469177246094,172.8018249764259,168.8475462152738,171.61554505404692,2111115
2019-05-16,167.66127014160156,172.40640229326536,167.66127014160156,171.61554899352515,1868195
2019-05-17,164.4978485107422,171.22012642522566,164.4978485107422,170.42927310663293,1144925
2019-05-20,150.65789794921875,163.3115763595763,148.68076455798268,162.91614968132907,3447190
2019-05-21,156.5893096923828,157.38016304491882,145.12191137416403,146.70361807923607,2139459
2019-05-22,153.82131958007812,158.17101292349247,153.42589291249502,155.0075995828275,972680
2019-05-23,153.42587280273438,153.42587280273438,147.8898878289576,150.26244752348134,1013071
2019-05-24,156.5893096923828,160.93901548455415,154.61217631104276,155.40302966357876,2317849
2019-05-27,154.21673583984375,157.77557560791197,153.82130919894726,157.38014896701551,838869
2019-05-28,156.5893096923828,156.5893096923828,153.03045725274745,155.00760298731078,566472
2019-05-29,153.82131958007812,155.79845291799373,153.42589291249502,154.21674624766126,410065
2019-05-30,153.0304412841797,156.19386671744687,152.63501464917405,154.2167335424186,595846
2019-05-31,154.6121826171875,156.19388938677238,151.84418341719018,151.84418341719018,637689
2019-06-03,154.21673583984375,155.40301576253316,152.63501692303572,154.21673583984375,327746
2019-06-04,154.21673583984375,156.58929568522257,153.4258825580508,154.21673583984375,702464
2019-06-05,153.82131958007812,158.5664395910756,153.82131958007812,158.5664395910756,813153
2019-06-06,150.26248168945312,155.40304121631206,149.4716282781247,153.8213343936552,957403
2019-06-10,156.5893096923828,156.5893096923828,153.42589628223874,153.82132295850673,804460
2019-06-11,158.96185302734375,159.35729201523517,156.5892932193269,157.7755731233353,937017
2019-06-12,164.89329528808594,166.07957532183693,158.96187041288442,158.96187041288442,1798259
2019-06-13,164.89329528808594,165.68414864391994,162.52072286736066,163.31157622319466,749068
2019-06-14,166.07957458496094,167.66128128961108,165.68414790879842,166.07957458496094,877340
2019-06-17,164.10243225097656,168.05671144775417,163.31157888226574,166.07957802597713,629240
2019-06-18,165.28872680664062,166.0795801856355,164.89330011714318,165.68415349613807,469673
2019-06-19,167.66127014160156,168.4521234413418,166.0795635421211,167.66127014160156,784692
2019-06-20,168.84756469726562,168.84756469726562,167.2658579609606,167.66128464503686,594303
2019-06-21,169.63841247558594,170.82470484194815,167.6612791203541,170.03383914663232,591268
2019-06-24,167.66127014160156,169.63840339095213,166.87041684186133,168.4521234413418,394226
2019-06-25,168.0566864013672,168.8475396522129,166.8704065250986,167.26583315052144,481279
2019-06-26,171.61557006835938,172.0109967667889,167.6612907308401,168.05671742926964,794331
2019-06-27,170.42929077148438,173.19727767345833,170.03385171797837,172.40642427289436,568908
2019-06-28,170.03384399414062,171.61556307664256,169.24299062950138,169.24299062950138,409280
2019-07-01,179.52410888671875,180.31496225052302,171.61556289545263,172.80184294115904,2518783
2019-07-02,182.68751525878906,185.06007509778203,177.54695658774884,179.52408978690966,1409949
2019-07-03,188.6189422607422,191.38692896044472,183.87380985088623,185.85094320781658,3693658
2019-07-04,188.6189422607422,192.17778230321684,186.24636987920266,190.99150228905864,1794023
2019-07-05,185.45550537109375,187.4326509622133,184.26922542835544,187.4326509622133,781028
2019-07-08,185.85092163085938,187.8280671114698,183.8737885034706,185.85092163085938,638203
2019-07-09,185.06007385253906,185.85092712688186,181.89666075516791,185.85092712688186,719994
2019-07-10,185.85092163085938,188.22349373694757,185.06006837990387,185.85092163085938,850729
2019-07-11,190.20065307617188,192.17778647603237,186.64180060319967,187.8280929963393,1079649
2019-07-12,189.4097900390625,191.78234999767824,187.82808339998533,191.78234999767824,386043
2019-07-15,185.85092163085938,190.5960534898141,185.4554950053816,190.5960534898141,695241
2019-07-16,188.22352600097656,190.5960861605316,185.85095348819772,188.22352600097656,1264956
2019-07-17,184.66465759277344,189.01436319931662,183.47837761459513,188.61893653992385,930098
2019-07-18,183.47837829589844,186.64179158278716,181.89667165245405,185.0600849393428,840965
2019-07-19,187.0372314453125,187.43265810796734,184.26923245350585,185.8509391041252,737041
2019-07-22,184.26922607421875,188.2235049170952,183.87379942525334,187.037224970199,1066762
2019-07-23,184.66465759277344,188.22350988053108,182.68752429580957,185.45551091155897,1449891
2019-07-24,192.57322692871094,192.9686536115978,185.06009524741413,186.24637529607463,2159511
2019-07-25,186.6417999267578,188.61894567267595,184.66466653406303,186.6417999267578,2511579
2019-07-26,193.36407470703125,193.36407470703125,182.68752987114942,184.66466322845233,2187284
2019-07-29,190.9915008544922,196.92291323395463,189.40979418082833,195.3412065602908,1474327
2019-07-30,187.0372314453125,192.17777805982536,185.8509391041252,190.99149807186083,965263
2019-07-31,189.01434326171875,189.80519649708356,187.0372101733067,189.01434326171875,592037
2019-08-01,196.13204956054688,196.13204956054688,188.6189309033779,190.59606414125858,1914517
2019-08-02,185.5303192138672,189.20015437924593,181.04496795361723,189.20015437924593,2696852
2019-08-05,180.22946166992188,191.646713096558,180.22946166992188,186.34584545287274,1654202
2019-08-06,178.190673828125,179.41394805422954,170.44325765767056,170.44325765767056,1935591
2019-08-07,179.4139404296875,182.67601763246373,178.19066625556837,181.4527434583446,706917
2019-08-08,179.00619506835938,182.26827250251117,176.96740463355167,179.4139531553209,1056071
2019-08-12,186.34584045410156,187.9768854273385,179.0061826591404,179.0061826591404,2290674
2019-08-13,177.3751678466797,185.5303425600556,176.55965164918808,185.5303425600556,3087346
2019-08-14,167.18116760253906,181.04496658766658,167.18116760253906,179.8216924545891,5019820
2019-08-15,162.28805541992188,165.95789049176645,161.06478130879296,162.28805541992188,2477421
2019-08-16,170.03550720214844,170.4432652957896,163.51135222697076,164.73463924635385,2760804
2019-08-19,172.8898162841797,174.11309058227204,167.18119015462224,170.03550958863087,1841125
2019-08-20,174.92860412597656,174.92860412597656,172.07429747374974,172.88981366010026,1599853
2019-08-21,179.00619506835938,179.00619506835938,173.7053271993999,174.52084337332298,1685710
2019-08-22,179.82171630859375,181.044990603943,178.5984420132445,179.00620011169426,1099143
2019-08-23,176.55963134765625,180.22945381439766,175.33634445361744,179.8216957625375,1025944
2019-08-26,171.25877380371094,174.11308033120991,169.62772876382388,171.25877380371094,846981
2019-08-27,171.25877380371094,175.3363545572809,171.25877380371094,173.70532225585293,691373
2019-08-28,174.11306762695312,174.52082567255783,172.88979349013903,172.88979349013903,320724
2019-08-29,174.92860412597656,177.37516542348777,174.5208460328013,175.33636221915182,766137
2019-08-30,175.744140625,178.1906892894928,175.33636977579098,177.782931178744,754035
2019-09-02,181.45274353027344,181.45274353027344,176.96739215160008,177.3751502098014,1246637
2019-09-03,181.45274353027344,183.89929187948152,180.22945661721084,181.45274353027344,1281374
2019-09-04,182.67601013183594,183.4915262144305,181.4527360079441,183.08376817313322,780989
2019-09-05,180.63722229003906,183.89929963161885,180.63722229003906,183.89929963161885,711819
2019-09-06,172.07427978515625,179.82169549754045,170.44324758011922,179.82169549754045,2957386
2019-09-10,176.15188598632812,176.55964406756445,172.8898085979783,174.11308284168723,1353753
2019-09-11,185.12257385253906,185.12257385253906,176.96739960650956,179.00618998340215,3546002
2019-09-12,183.08377075195312,187.56912200785945,181.86049661083092,186.75359317531976,1762844
2019-09-16,179.4139404296875,183.08377569050344,178.5984243136081,183.08377569050344,1505549
2019-09-17,177.7829132080078,181.4527485722512,177.3751551384762,180.22946162519747,855109
2019-09-18,178.5984344482422,180.63722485413265,177.782918285886,178.1906763670641,679021
2019-09-19,179.00619506835938,179.82171124228245,177.78292080747477,178.1906788944363,403018
2019-09-20,180.22946166992188,181.45274861727918,179.4139455306563,180.22946166992188,695060
2019-09-23,179.4139404296875,182.67601763246373,179.4139404296875,181.04497266184634,572574
2019-09-24,181.45274353027344,182.6760177048775,179.8216985590095,179.8216985590095,834619
2019-09-25,175.744140625,178.5984474002416,174.92861166504218,178.5984474002416,1500855
2019-09-26,173.29757690429688,177.78292880100506,172.07430258841103,177.37517069570976,1037444
2019-09-27,174.92860412597656,178.19068160983832,172.88981366010026,176.9674073303125,1600628
2019-10-01,172.4820556640625,176.15189124316626,172.0742975706576,175.74413314976135,1096049
2019-10-02,169.62771606445312,173.70530925120855,168.40444192996392,171.25876098223017,2683202
2019-10-03,169.62771606445312,171.25876098223017,167.18116779547475,167.99668388513422,1263607
2019-10-04,168.4044647216797,170.8510260602317,165.55015802157214,169.62773902172574,1951088
2019-10-07,171.25877380371094,172.07428995442493,170.03549957763997,170.44325765299695,1357762
2019-10-08,170.03550720214844,172.88981385763648,170.03550720214844,172.48205576399533,694415
2019-10-09,167.5889434814453,171.25877900967384,167.1811853936932,169.2199758324538,1054444
2019-10-14,170.44325256347656,170.44325256347656,168.40444950911217,169.6277236986556,966907
2019-10-15,172.07427978515625,173.29755393893402,171.25876368263775,172.07427978515625,1147655
2019-10-16,167.99667358398438,174.5208146396736,167.99667358398438,172.88978256036563,1381234
2019-10-17,169.62771606445312,170.4432448925707,168.40444192996392,168.81219997479366,783658
2019-10-18,168.8122100830078,170.851013167695,168.40445201376218,170.851013167695,904708
2019-10-21,167.18116760253906,169.21995782433484,167.18116760253906,168.81219977997569,878315
2019-10-22,168.4044647216797,169.2199809217104,166.3656742216029,168.4044647216797,1076366
2019-10-23,172.8898162841797,173.70533248290792,168.8122225520787,169.21998065144282,2826492
2019-10-24,177.7829132080078,182.67602278084604,176.15188092988137,181.86050664178282,7028520
2019-10-25,173.705322265625,178.5984319086433,173.705322265625,178.5984319086433,2390560
2019-10-28,173.29757690429688,176.1518963798239,172.8898187990016,175.7441382745286,1453384
2019-10-29,173.705322265625,176.55964153174364,172.88980611486514,174.5208384163849,1689827
2019-10-30,172.07427978515625,173.70531199019328,171.25876368263775,173.29755393893402,1248408
2019-10-31,169.219970703125,173.70532227089956,169.219970703125,172.88980612011494,1343448
2019-11-01,170.03550720214844,172.07429767035418,169.2199782764065,170.03550720214844,1022275
2019-11-04,170.44325256347656,171.25876868983883,170.0354945002954,170.44325256347656,719361
2019-11-05,172.8898162841797,174.52084868163615,171.25878388672322,171.25878388672322,1485922
2019-11-06,172.07427978515625,175.3363441952303,171.25876368263775,174.52082809271178,1636518
2019-11-07,172.07427978515625,173.70531199019328,171.25876368263775,172.07427978515625,1024292
2019-11-08,175.3363494873047,175.3363494873047,172.48204304234002,173.70531723303918,1594964
2019-11-11,169.62771606445312,176.55962830347477,169.62771606445312,176.55962830347477,1881057
2019-11-12,171.25877380371094,172.88980610513892,170.85101572835396,170.85101572835396,618593
2019-11-13,172.8898162841797,174.11309058227204,170.03550958863087,171.25878388672322,1067754
2019-11-14,175.3363494873047,176.96739448002893,173.70531723303918,174.9285914237383,3466324
2019-11-15,181.45274353027344,181.8605015884748,175.74411797699602,176.96739215160008,5507415
2019-11-18,181.04498291015625,185.1225764598299,179.4139505856705,184.30706029758704,4302298
2019-11-19,185.93809509277344,186.7536112658527,179.82171105621953,180.22946914275917,4563621
2019-11-20,185.12257385253906,187.56913504326926,183.8992996264035,186.3458480786746,4096377
2019-11-21,183.08377075195312,183.8992868460346,181.04496777829124,183.08377075195312,2703841
2019-11-22,181.8605194091797,185.12258419444365,181.4527613110217,184.30706799812768,2298937
2019-11-25,177.7829132080078,181.86050664178282,177.7829132080078,181.0449777642607,2965644
2019-11-26,181.8605194091797,181.8605194091797,179.00619998361393,179.00619998361393,1965585
2019-11-27,183.8992919921875,183.8992919921875,181.45274364148,181.86050169993126,2300336
2019-11-28,184.30703735351562,187.9768723652163,184.30703735351562,184.71479538387595,3455534
2019-11-29,185.5303192138672,187.97688023693908,184.71480311899597,185.9380772613028,3236472
2019-12-02,180.22946166992188,186.75360352250553,179.0061874610235,186.34584545287274,3058252
2019-12-03,181.8605194091797,183.49155180181168,180.63723237624592,181.0449904744039,2188417
2019-12-04,180.63722229003906,182.67602540544857,179.00618998847872,181.86050925466841,1968244
2019-12-05,181.45274353027344,182.6760177048775,181.04497273361355,181.8605015884748,1032467
2019-12-06,177.3751678466797,181.04499073539193,177.3751678466797,179.82171643915453,3012207
2019-12-09,173.705322265625,175.74412538098377,172.88980611486514,174.9285964917648,3595637
2019-12-10,172.4820556640625,175.3363623178968,171.2587813838478,173.7053299442772,2416186
2019-12-11,170.03550720214844,172.88981385763648,170.03550720214844,172.88981385763648,2759692
2019-12-12,170.44325256347656,173.70531706892567,170.0354945002954,170.0354945002954,2635194
2019-12-13,168.8122100830078,172.4820454446776,168.8122100830078,171.25877123694062,2396202
2019-12-16,171.66653442382812,172.4820505866312,169.62773127836113,169.62773127836113,5423
2019-12-17,174.11306762695312,176.1518705934348,173.2975515357437,173.70530958134842,3694343
2019-12-18,174.11306762695312,175.7441125478301,173.2975515357437,174.52082567255783,1817138
2019-12-19,175.744140625,177.3751730679952,174.92861166504218,175.744140625,2352100
2019-12-20,175.744140625,177.782931178744,175.33636977579098,176.5596568464976,1823498
2019-12-23,174.92860412597656,177.37516542348777,174.92860412597656,176.9674073303125,794861
2019-12-24,176.9674072265625,179.00619769124356,174.52084593048562,175.74413294775388,3398754
2019-12-25,183.08377075195312,185.93807708123828,179.82169363716903,180.22945168420978,7390333
2019-12-26,181.04498291015625,185.1225764598299,180.22946674791336,184.30706029758704,2804169
2019-12-27,184.30703735351562,185.53031144459663,181.0449603721753,182.26824720171396,2611071
2019-12-30,183.08377075195312,186.75359317531976,183.08377075195312,185.93807708123828,2092216
2019-12-31,183.8992919921875,185.12256616754127,181.86050169993126,182.67601781683376,1764533
2020-01-02,185.5303192138672,191.64670266385963,184.71480311899597,185.9380772613028,6040178
2020-01-03,182.67601013183594,189.60790957234764,181.8604940492414,188.3846354484558,4513200
2020-01-06,183.08377075195312,186.34583512827902,181.86049661083092,181.86049661083092,2562749
2020-01-07,188.3846435546875,189.20015967237387,183.49153411011062,185.1225663454834,5193686
2020-01-08,193.2777557373047,195.7243041250225,186.75360122647302,188.3846462234103,9166482
2020-01-09,191.64671325683594,199.3941420632562,190.83119711688832,197.35533897492823,5826517
2020-01-10,192.0544891357422,193.27777619755616,189.60794048903443,191.64673102795754,2647885
2020-01-13,194.09327697753906,195.72430927896704,192.8700027514681,194.50103505289607,3028521
2020-01-14,193.2777557373047,199.80189750967762,193.2777557373047,198.1708525127403,4304953
2020-01-15,191.64671325683594,196.1320647650068,191.2389551868621,194.50103248511152,3115840
2020-01-16,191.23895263671875,192.86999763332318,189.20016231403667,191.64671070125516,2511832
2020-01-17,190.83120727539062,193.68552665560998,190.42344918371066,192.4622396421105,1549249
2020-01-20,189.20018005371094,191.6467286703213,188.79242195094255,191.23897056755288,1788381
2020-01-30,181.04498291015625,185.1225764598299,179.4139505856705,180.22946674791336,3997093
2020-01-31,182.67601013183594,186.7535905448087,181.04496522818883,186.7535905448087,2434841
2020-02-03,178.5984344482422,179.41395061059836,172.8898085732896,178.1906763670641,2437970
2020-02-04,182.26824951171875,182.26824951171875,169.62771219497364,169.62771219497364,3900941
2020-02-05,183.49154663085938,186.3458532375285,181.8605142841913,185.12257897752744,3534710
2020-02-06,179.4139404296875,183.49153374854316,178.19066625556837,183.08377569050344,4419284
2020-02-07,170.8510284423828,178.59844518915563,170.44327033668213,176.96741276635294,5020740
2020-02-10,167.18116760253906,170.03548665151126,163.51133246484855,165.9578934694616,3236195
2020-02-11,168.4044647216797,170.8510260602317,167.99670662166432,170.035509860201,2243300
2020-02-12,174.92860412597656,174.92860412597656,169.21997808306327,169.21997808306327,2335700
2020-02-13,170.8510284423828,175.74413844925093,170.8510284423828,175.3363676050902,2445648
2020-02-14,175.3363494873047,175.3363494873047,171.66652691520727,171.66652691520727,1669613
2020-02-17,173.29757690429688,173.70533500959218,172.07430258841103,173.70533500959218,1137781
2020-02-18,172.07427978515625,176.15187303620715,172.07427978515625,173.70531199019328,1568574
2020-02-19,174.92860412597656,175.74413305078673,173.70532984645078,175.33636221915182,1606304
2020-02-20,175.3363494873047,178.19066867072806,174.9285914237383,176.96739448002893,1886889
2020-02-21,172.07427978515625,176.15187303620715,172.07427978515625,175.74411498494788,1547360
2020-02-24,170.03550720214844,170.85102338943074,167.18118780820075,169.62773637004764,1233072
2020-02-25,169.219970703125,170.44325766776103,166.7734222507711,167.1811803261634,1255317
2020-02-26,166.3656768798828,169.219983625598,165.55016066682134,167.58895119947502,1900020
2020-02-27,156.1716766357422,167.9966855283864,155.76391858692398,167.18116943075,4600684
2020-03-02,154.13290405273438,158.21049774659943,148.01651988116666,150.87082654995038,2796541
2020-03-03,157.80271911621094,159.4337641562495,156.5794448900263,159.02600608085464,1542512
2020-03-04,156.5794219970703,157.80269604440412,154.13287390240274,156.98718001284826,1139034
2020-03-05,160.24929809570312,160.65705621636167,158.2105074924104,159.43378185438604,1201639
2020-03-06,159.4337615966797,160.24927773437702,157.8027165828261,159.026003527831,678918
2020-03-09,149.6475372314453,157.39495300695825,149.6475372314453,156.1716788432128,1947831
2020-03-10,152.90963745117188,154.1329117992738,145.16220776960554,145.16220776960554,1893597
2020-03-11,153.31736755371094,157.39494796901266,152.0940806906624,155.3561577613618,1530211
2020-03-12,142.71563720703125,152.50185596935864,140.67683420077896,152.50185596935864,2941870
2020-03-13,133.33718872070312,134.56046299351166,128.4440788910093,130.07512399321362,5325501
2020-03-16,125.18201446533203,135.78375033215266,123.55096935919528,134.1527052260159,2576428
2020-03-17,119.88114166259766,128.03631590819666,115.39579009521162,115.80354817056862,2868518
2020-03-18,120.69664764404297,127.22078903852395,120.28888960304154,123.95872471051247,3452448
2020-03-19,108.87164306640625,119.88113606378676,108.87164306640625,118.25010383853291,3935164
2020-03-20,115.39579772949219,118.25011718428446,112.94924911549303,114.1725234224926,3949919
2020-03-23,104.79405975341797,109.27941153885268,103.97854356305888,108.87165344367314,3094035
2020-03-24,109.68716430664062,111.72595468351642,107.64837392976483,108.46389008051514,3892207
2020-03-25,120.28889465332031,120.28889465332031,114.58026910116796,115.39578521740994,4462922
2020-03-26,124.77424621582031,125.18200427454492,118.65786259649254,123.14320124246329,4149581
2020-03-27,123.14320373535156,130.4828744178947,123.14320373535156,128.4440713445399,3826141
2020-03-30,130.48287963867188,130.48287963867188,120.28890207940108,122.3276924958715,3251861
2020-03-31,133.7449493408203,135.37599447386847,128.03632322130127,132.92943314352615,4680915
2020-04-01,134.15267944335938,136.19148224958013,131.29837334849034,133.33716341625393,2513410
2020-04-06,135.3759765625,135.78373460719732,132.52165751116075,135.3759765625,1830137
2020-04-07,138.23028564453125,139.45355980312885,134.9682084831459,136.59925343306776,3299059
2020-04-08,142.71563720703125,143.93891136770756,137.00701171875,137.41476977230877,3066801
2020-04-09,137.00701904296875,144.75443521321077,134.5604578523677,143.93891906249678,4525491
2020-04-10,139.86131286621094,141.49235775794259,137.00700659798196,137.00700659798196,1872914
2020-04-13,137.8225555419922,140.6768624909049,137.00703927087426,140.26910435534595,1298009
2020-04-14,141.4923553466797,141.90011337804924,139.45355245137418,139.86131048274373,1316644
2020-04-15,149.2397918701172,150.46306613790546,143.9389239712418,144.34668206050455,4068892
2020-04-16,149.6475372314453,152.90961440655826,146.38546005633236,148.42426306769988,3617162
2020-04-17,146.38546752929688,152.90962221258027,145.56995137850123,151.68633524792773,3496996
2020-04-20,144.75440979003906,147.608728554694,143.9388937825539,146.79321254720884,1524290
2020-04-21,141.90013122558594,146.79324095591087,141.49237314293046,145.1621958868297,2223357
2020-04-22,143.9389190673828,145.16219329349533,137.82253519836118,141.08461253978695,1323810
2020-04-23,142.71563720703125,146.7932304810774,142.71563720703125,146.7932304810774,1145468
2020-04-24,143.5311737060547,144.34668992903508,141.9001412600939,143.5311737060547,643651
2020-04-27,146.7932586669922,147.6087749306978,144.7544552692673,145.97772966482572,1543283
2020-04-28,148.0165252685547,149.23979959970006,146.7932509374093,149.23979959970006,1386225
2020-04-29,149.6475372314453,150.87081139519077,148.01650501311806,148.8320211222817,1496990
2020-04-30,160.24929809570312,161.88033057833732,152.09411020561117,152.5018810647302,6183894
2020-05-04,152.90963745117188,154.94842803134176,152.5018793351379,152.90963745117188,2644301
2020-05-05,154.94839477539062,156.98718491798317,152.90960463279805,154.94839477539062,2236536
2020-05-06,152.09408569335938,154.540646761471,151.278569583475,153.31737259664442,1439292
2020-05-07,153.7251434326172,154.5406596103053,152.50186916608502,152.50186916608502,883474
2020-05-08,154.54063415527344,156.17166624199558,152.50184404687076,154.54063415527344,1334678
2020-05-11,154.94839477539062,156.98718491798317,154.1328787183536,156.98718491798317,1269876
2020-05-12,153.31736755371094,158.21047679053103,153.31736755371094,154.13288363677128,1621769
2020-05-13,152.90963745117188,154.1329117992738,151.2785922485756,151.2785922485756,705882
2020-05-14,148.0165252685547,153.31739344197814,147.2010090477911,151.68634826199082,1314226
2020-05-15,147.60873413085938,150.87079828402997,145.16217327752412,149.647524226591,1227848
2020-05-18,148.0165252685547,150.46307393084544,145.97772197818554,147.6087671581729,935383
2020-05-19,152.09408569335938,154.1328887065288,149.6475373637062,150.87081152853278,1513063
2020-05-20,154.13290405273438,154.94842024381543,151.27858464549092,153.72514595719383,1174690
2020-05-21,152.09408569335938,155.7639209262976,152.09408569335938,154.94840481641322,1313582
2020-05-22,150.46304321289062,153.72512016843208,150.46304321289062,152.50184608702563,835189
2020-05-25,153.31736755371094,153.31736755371094,149.23977439995122,151.68632264913222,532002
2020-05-26,154.13290405273438,155.76393643489652,153.72514595719383,154.13290405273438,1180212
2020-05-27,158.61825561523438,160.65704609002054,155.76393621207407,156.1716943070313,3955608
2020-05-28,157.80271911621094,161.47255453322387,156.98720296542118,159.4337641562495,2745915
2020-05-29,160.24929809570312,160.24929809570312,156.98722039197423,157.3949785126328,1355745
2020-06-01,166.77342224121094,167.99669646731778,162.28807067369348,164.73463186436624,3349473
2020-06-02,164.73463439941406,168.40445713420826,164.32687631777026,167.99669905256445,1858192
2020-06-03,169.62771606445312,170.03548684774097,165.55013561615584,166.36565170581528,2238487
2020-06-04,167.99667358398438,172.07426652071166,167.18115754433038,170.85099246123067,1549178
2020-06-05,170.44325256347656,170.8510106266577,167.99669144593102,169.21996563547444,1253273
2020-06-08,168.8122100830078,170.44325509844933,167.99669394451652,170.44325509844933,1386421
2020-06-09,171.25877380371094,174.9285964819239,170.44325765299695,170.85101572835396,3692513
2020-06-10,174.92860412597656,174.92860412597656,170.4432651010487,170.85102319422396,2611301
2020-06-11,169.219970703125,177.7829157632818,169.219970703125,177.3751576878895,2409809
2020-06-12,170.8510284423828,170.8510284423828,162.28808274574862,164.7346441184127,1795192
2020-06-15,167.18116760253906,172.88979296202535,166.7734095581799,170.44324469587042,1702484
2020-06-16,171.66653442382812,172.07429250522966,167.5889408713534,169.2199731969596,1844378
2020-06-17,170.03550720214844,172.48205576399533,169.62773637004764,172.07429767035418,796226
2020-06-18,171.25877380371094,172.07428995442493,169.21997068846687,170.44325765299695,854487
2020-06-19,172.4820556640625,176.15189124316626,172.0742975706576,172.0742975706576,1743268
2020-06-22,175.3363494873047,175.7441202893298,171.66652691520727,171.66652691520727,1439829
2020-06-23,176.15188598632812,178.59843447374604,173.70532476045094,176.96740214880077,1950113
2020-06-24,175.744140625,177.3751730679952,175.33636977579098,176.9674149572464,845106
2020-06-29,171.66653442382812,175.336357156442,170.85101826102505,173.70532483083585,1090821
2020-06-30,171.25877380371094,173.29756418049593,171.25877380371094,172.88980610513892,822804
2020-07-01,173.705322265625,176.15188345636372,173.29756419024508,173.29756419024508,1558350
2020-07-02,178.5984344482422,182.6760279984824,175.74412787999555,176.15188596117363,4405936
2020-07-03,182.67601013183594,184.71480033832233,181.04496522818883,182.26825209053868,3600564
2020-07-06,187.16136169433594,187.16136169433594,183.89928461905487,185.1225587453635,2733568
2020-07-07,180.63722229003906,189.20016735014903,178.59843191308866,189.20016735014903,4437437
2020-07-08,179.82171630859375,183.4915519331013,178.5984420132445,181.45276144085256,2171362
2020-07-09,175.744140625,181.4527669139434,174.92861166504218,181.04499606473442,3446188
2020-07-10,171.25877380371094,176.96739959716797,171.25877380371094,176.559641521811,1427463
2020-07-13,176.55963134765625,176.55963134765625,172.0742800387362,172.8897961424565,1471685
2020-07-14,177.3751678466797,178.1906840441713,175.33636461449083,177.7829259454255,2753049
2020-07-15,171.84548950195312,180.7780453322381,171.84548950195312,180.7780453322381,2906718
2020-07-16,172.27084350585938,175.6737167531591,171.8454843499469,173.12156181768432,1145880
2020-07-17,173.12155151367188,176.09906542784066,172.69619238307632,172.69619238307632,1252623
2020-07-20,173.97227478027344,175.24835220877446,171.845479066105,174.39763392310712,515442
2020-07-21,176.9497833251953,177.8005148729574,175.6737059360325,176.09906506575342,1089408
2020-07-22,174.3976287841797,177.80051511489782,174.3976287841797,177.37515598459808,1206589
2020-07-23,173.54693603515625,176.94980957778006,172.6962176495003,176.0990911921241,1047209
2020-07-24,169.29330444335938,174.82298637694367,169.29330444335938,172.69619074414976,1526956
2020-07-27,165.89044189453125,171.84548333029227,164.61435114604458,169.71867427502843,1705596
2020-07-28,161.63682556152344,168.8679439424935,160.7861073153293,168.44258481939642,1775692
2020-07-29,164.18899536132812,165.4650861359964,161.21148122651832,162.06219955074968,1310067
2020-07-30,169.29330444335938,169.29330444335938,164.18898163633384,165.8904314308891,961988
2020-07-31,166.3157958984375,168.44259159953037,164.61434604924267,167.16651417887465,1087744
2020-08-03,166.7411651611328,167.59188349321514,165.46508766300934,165.46508766300934,415817
2020-08-04,168.01722717285156,168.86794542652189,166.31579066551092,168.01722717285156,533960
2020-08-05,167.16653442382812,169.71868957422214,166.7411752320958,168.86797119075746,949554
2020-08-06,176.9497833251953,178.22587400267832,169.29330570189825,169.29330570189825,4400021
2020-08-07,177.3751678466797,179.07660448166334,174.39764044713718,176.52443624086675,2353301
2020-08-10,174.822998046875,178.6512437297704,174.39763889192227,177.37516626491228,883849
2020-08-11,177.3751678466797,181.2034002753929,176.52443624086675,176.94979539961267,1866461
2020-08-12,177.80052185058594,179.0765992898273,176.09907197661005,178.6512401434135,998959
2020-08-13,178.6512451171875,184.60628662109374,178.6512451171875,179.92732259195574,3204578
2020-08-14,185.03164672851562,188.43452001202016,182.47947847756606,184.60628756807756,6809452
2020-08-17,187.5838165283203,189.28526659297205,185.031661363826,187.1584573342379,2683851
2020-08-18,191.41204833984375,195.24029409043627,189.71061168994538,193.1134849897421,5110243
2020-08-19,195.6656494140625,199.06852264709676,192.68812204683653,192.68812204683653,5847484
2020-08-20,187.15843200683594,197.3670778599624,182.0541090802727,196.09100045040168,4608401
2020-08-21,205.87428283691406,205.87428283691406,194.38955907449105,194.38955907449105,9593342
2020-08-24,205.02357482910156,206.7250115347129,198.64317389473743,205.87429318190723,6826460
2020-08-25,203.32211303710938,206.72498602847722,201.19531741750447,205.87426778063528,2533041
2020-08-26,202.89675903320312,208.4264410720351,202.47139989854838,203.32211816785787,4007734
2020-08-27,209.27716064453125,214.38148358049352,204.17283770856895,206.72499253238988,6622204
2020-08-28,208.4264373779297,213.95611931875476,207.57571912369815,209.2771556321612,3598789
2020-08-31,210.1278839111328,213.1054112313146,204.59820170649874,207.57572902668053,2420600
2020-09-01,217.7843780517578,222.0379831305517,211.829336256775,213.1054270822384,8334132
2020-09-02,219.0604248046875,219.91115633155172,213.95611537342134,219.91115633155172,2029011
2020-09-03,217.7843780517578,221.6126239515045,216.08294133556893,219.06045558889946,3073112
2020-09-04,213.9561309814453,215.6575675826532,207.5757304385948,210.9786036410106,2125843
2020-09-07,206.29962158203125,214.38147130465842,202.89674867845744,213.53075307876495,2676935
2020-09-08,208.851806640625,211.4039615271757,206.724997613512,208.42644749286657,957399
2020-09-09,207.5757293701172,209.2771659625671,200.76995642367595,202.47140630444665,1776054
2020-09-10,203.32211303710938,210.55323143208608,203.32211303710938,209.27715406032314,1106428
2020-09-11,202.47140502929688,206.29963733819926,197.367081995773,204.59820075646485,2388123
2020-09-14,197.79244995117188,203.32213237642952,196.94173162241245,202.8967732120498,1484556
2020-09-15,199.9192352294922,201.19532594365265,198.2177986617057,199.9192352294922,1563184
2020-09-16,200.76995849609375,205.4489224619497,200.34459934359057,202.04604924192424,1718324
2020-09-17,202.47140502929688,203.74748246559767,200.34459601380817,201.19532759299608,807668
2020-09-18,209.27716064453125,210.97859719374517,204.17283770856895,204.59819684587242,2658012
2020-09-21,213.53077697753906,217.78436858307646,208.00109460201926,208.00109460201926,2595796
2020-09-22,211.82933044433594,214.3814987369114,210.12789377483324,213.53078040216005,1222038
2020-09-23,208.4264373779297,212.68002864908735,208.4264373779297,210.5532330135085,1107991
2020-09-24,196.94171142578125,206.72498449154858,196.94171142578125,204.17282976699707,2738399
2020-09-25,191.83740234375,201.19533024319574,189.7106065885673,200.34459865280178,2792282
2020-09-28,186.73309326171875,195.66566268072822,186.73309326171875,193.53885347755738,2430681
2020-09-29,189.2852325439453,192.68810548448843,187.58378278535392,190.1359507790811,2251713
2020-09-30,191.83740234375,191.83740234375,187.58379754506367,188.00915669610023,1553048
2020-10-05,195.6656494140625,196.51636772232106,189.28524881380227,189.28524881380227,984307
2020-10-06,194.81491088867188,199.06851556700147,193.96419261067007,198.64315642800057,985993
2020-10-07,190.56130981445312,193.96418275352846,189.7105915796843,193.96418275352846,1514770
2020-10-08,186.30772399902344,192.26276552673946,185.88236483906667,192.26276552673946,2184961
2020-10-12,186.73309326171875,188.00917081062815,184.18093816389998,186.73309326171875,1012074
2020-10-13,185.88235473632812,190.13595939303286,185.4569955994897,188.00915042052029,1285799
2020-10-14,185.03164672851562,188.0091608515821,184.1809284076395,186.7330833702679,1269658
2020-10-15,185.03164672851562,186.7330833702679,182.90483763800412,185.4570058889537,916488
2020-10-16,182.05410766601562,185.88235315327904,182.05410766601562,184.18091662041545,1513080
2020-10-19,184.180908203125,185.45698554445443,182.90481757347587,183.75554908934853,979254
2020-10-20,187.15843200683594,187.15843200683594,182.90482735331318,182.90482735331318,1019812
2020-10-21,187.15843200683594,189.71060011427775,186.30771373379545,188.85986855291685,977069
2020-10-22,185.45700073242188,188.85987392131136,185.0316415838107,188.85987392131136,993502
2020-10-23,186.73309326171875,187.58381162765835,185.88237489577918,186.73309326171875,451803
2020-10-26,187.15843200683594,188.0091502798764,185.88235459727522,186.73307287031568,514010
2020-10-27,184.60629272460938,185.45701106924827,183.75557437997045,185.45701106924827,824344
2020-10-28,187.15843200683594,187.15843200683594,184.6062771877145,185.03163632423477,701127
2020-10-29,187.15843200683594,187.15843200683594,183.33019977815383,183.75555891467405,879384
2020-10-30,186.73309326171875,186.73309326171875,184.18093816389998,186.73309326171875,1156219
2020-11-02,182.9048309326172,187.15843566937966,182.05411264292883,185.88235823484712,922435
2020-11-03,190.56130981445312,190.98666893183753,184.18090976536703,184.18090976536703,1565250
2020-11-04,195.2402801513672,196.94171667979245,188.00914832891928,190.56131640987746,2120931
2020-11-05,193.96420288085938,197.7924486228894,193.11348455781297,195.66565281527338,842613
2020-11-06,195.6656494140625,196.94172687645033,193.9641995092244,196.51636772232106,1797588
2020-11-09,207.15037536621094,212.25468527031703,198.21780645738306,199.0685247747341,4650769
2020-11-10,206.7250213623047,211.829345010117,203.32214778931132,204.17286618255966,1962424
2020-11-11,205.02357482910156,210.97861658706287,204.1728564762959,205.4489340055044,2379698
2020-11-12,199.49388122558594,207.15037255446217,199.06852207268403,205.4489226545336,1888325
2020-11-13,202.89675903320312,205.44891384113154,199.49387266764484,199.49387266764484,1478405
2020-11-16,197.79244995117188,200.7699641018299,193.11348585467368,200.7699641018299,3561161
2020-11-17,202.47140502929688,204.17284161103126,200.34459601380817,201.19532759299608,1947483
2020-11-18,199.9192352294922,204.59819907922562,199.9192352294922,203.7474807953324,1450888
2020-11-19,202.47140502929688,205.44891904733205,200.34459601380817,202.04604588386326,1751747
2020-11-20,206.29962158203125,208.42643043508457,201.62067133961727,203.7474669043509,2288093
2020-11-23,207.15037536621094,207.57573452488646,204.1728479671613,205.44892544318782,1275857
2020-11-24,209.70252990722656,210.55324822291007,204.59820672480433,208.85181159154303,2095800
2020-11-25,208.4264373779297,220.76187864092714,208.4264373779297,210.5532330135085,4568670
2020-11-26,210.97860717773438,214.3814937255151,209.27717054800456,211.40396633516684,1268936
2020-11-27,212.68003845214844,214.8068474740784,210.97860186526106,211.82932015870475,1059087
2020-11-30,208.4264373779297,215.23219670010207,208.4264373779297,213.530760191639,1298611
2020-12-01,210.1278839111328,213.53077037872333,207.1503698792718,212.25467964817642,1872568
2020-12-02,208.851806640625,210.97860237941725,206.724997613512,210.97860237941725,1245722
2020-12-03,207.5757293701172,210.55324340690453,207.5757293701172,208.85180681445462,1134633
2020-12-04,206.7250213623047,209.70254902699617,204.17286618255966,209.277189830372,1273764
2020-12-07,203.74749755859375,210.12789850105918,201.62070167387918,208.4264617932875,2024120
2020-12-08,206.29962158203125,207.57571220919112,203.7474669043509,203.7474669043509,1403682
2020-12-09,208.4264373779297,209.2771556321612,205.87426932691497,207.15035999658238,1687270
2020-12-10,207.5757293701172,208.42644766634214,203.3221246006716,207.1503702220047,1606201
2020-12-11,208.0010986328125,212.25469032077902,206.29964866930447,208.0010986328125,1832396
2020-12-14,206.29962158203125,211.40394422571165,205.4489033561378,209.277148660978,1279804
2020-12-15,202.47140502929688,210.12788293542235,202.47140502929688,207.15036891738714,1341223
2020-12-16,210.97860717773438,212.6800438074642,204.59820652792652,205.02356568535896,2471965
2020-12-17,213.10540771484375,213.9561259956234,209.27716216301474,212.68003528613337,1760879
2020-12-18,206.29962158203125,214.38147130465842,206.29962158203125,214.38147130465842,1272818
2020-12-21,205.02357482910156,208.4264615286459,203.32213812349025,207.1503839994374,941329
2020-12-22,201.19532775878906,205.87427836241432,200.76995532468425,202.4714051961414,1498615
2020-12-23,199.49388122558594,203.74748604292597,198.64316291978213,201.1953311255145,1044506
2020-12-24,204.5981903076172,205.8742676787486,200.76994490590292,200.76994490590292,1338135
2020-12-25,209.27716064453125,209.27716064453125,206.29963339508637,207.5757240953173,1266793
2020-12-28,207.5757293701172,211.40396170312948,207.1503702220047,210.55324340690453,958472
2020-12-29,208.851806640625,209.7025249361419,207.1503700495912,207.57572919734966,600293
2020-12-30,207.15037536621094,209.27717115958848,207.15037536621094,208.00109368356198,412691
2020-12-31,207.15037536621094,210.553248635615,207.15037536621094,208.42645284223747,1036075
2021-01-04,227.56764221191406,227.56764221191406,209.27715953948226,209.27715953948226,7000740
2021-01-05,225.8662109375,236.0748569935228,224.59013350257732,229.69444324226802,7582566
2021-01-06,227.1422882080078,231.39587965467115,219.06043788270614,227.56764735267416,4885366
2021-01-07,228.41836547851562,230.54516120032505,224.16477403489682,229.69444291160127,3031825
2021-01-08,224.59011840820312,238.20163670920945,224.59011840820312,233.09730073593235,4174079
2021-01-11,227.56764221191406,230.97051529237373,223.73940999639694,226.71692394179914,2062763
2021-01-12,222.0379638671875,227.567646003384,221.1872455828989,226.2915685769511,1755455
2021-01-13,226.2915802001953,226.71693936418777,223.7394252162406,224.5901435442255,910538
2021-01-14,233.0973358154297,239.90310927847332,227.99302565062965,228.41838483102964,5096099
2021-01-15,233.94805908203125,242.45524190200248,229.69444109540453,237.35093221001975,4890917
2021-01-18,239.05238342285156,245.00741176174827,230.97053267199183,238.20166508872344,5940451
2021-01-19,241.17916870117188,245.4327601856223,239.90309125583673,240.32845040428177,3174655
2021-01-20,236.9255828857422,243.30597026508414,233.9480687753826,242.88061110646134,2561157
2021-01-21,243.3059539794922,245.4327496302499,239.47772180812828,241.60451745888602,2542377
2021-01-22,253.51463317871094,259.46968836436264,244.15670450219764,245.85814124762842,5481913
2021-01-25,248.4102783203125,251.81315119991373,246.28348277056173,251.81315119991373,2366099
2021-01-26,253.93994140625,261.171072699884,250.11170949725243,250.9624276992519,6016753
2021-01-27,265.85003662109375,276.4840412751343,257.7681867056293,257.7681867056293,9705093
2021-01-28,260.32037353515625,267.9768379130699,253.51460084481465,256.06675563745256,6047510
2021-01-29,264.1485900878906,268.4021811571633,259.89499901861797,267.976822050236,4163447
2021-02-01,250.9624481201172,267.5514809855983,250.5370889845059,267.5514809855983,4124778
2021-02-02,256.06671142578125,257.7681476604419,250.96240272179935,254.36527519112062,3532193
2021-02-03,255.21607971191406,261.5964943286183,253.9400021039022,259.4696983152652,2297118
2021-02-04,253.93994140625,257.76817331524757,251.81314590125135,254.3653005072497,1497368
2021-02-05,250.9624481201172,255.6413986118414,250.9624481201172,254.36532120500752,1297917
2021-02-17,261.1711120605469,261.5964712256518,252.66390218180624,257.7682121630651,2583403
2021-02-18,265.85003662109375,267.5514731134778,257.7681867056293,261.1710862670375,2061035
2021-02-19,259.4696960449219,265.4247248302044,258.19361844807565,263.7232880344094,1820410
2021-02-22,260.32037353515625,262.4471691956878,257.7681921658778,260.74573266726253,2025415
2021-02-23,256.49212646484375,260.74574455649986,256.49212646484375,256.9174856163452,1229318
2021-02-24,255.64141845703125,261.17111422588357,253.93998178250524,256.0667776256627,1911211
2021-02-25,259.4696960449219,262.4472104375631,256.9175142745846,259.4696960449219,1442038
2021-02-26,253.51463317871094,256.0667882968571,251.81319643328015,254.36535155142633,1637457
2021-03-02,244.58201599121094,256.06673835981104,244.15665688780496,255.64137925640506,2184835
2021-03-03,236.50021362304688,245.43275557249783,233.09731392280543,242.88060072979755,3827583
2021-03-04,234.37342834472656,239.90309741651322,234.37342834472656,236.5002241415676,1581074
2021-03-05,238.20164489746094,241.60451794552736,231.39587222468757,232.67194961771247,2168559
2021-03-08,233.0973358154297,241.17918681967333,233.0973358154297,238.6270317372733,1347750
2021-03-09,230.11978149414062,233.5226543449798,227.9929859623661,231.3958588132053,1825845
2021-03-10,232.24658203125,241.17915003385488,231.82122291572784,236.50019976311114,1887192
2021-03-11,237.77627563476562,238.2016347476493,235.22412095746353,235.6494800703472,960368
2021-03-12,235.22413635253906,240.75380518193566,233.5226732130067,240.32844604121283,1645282
2021-03-15,234.37342834472656,236.5002241415676,232.67196513061148,234.79878750409478,1063202
2021-03-16,236.50021362304688,239.05236846574715,235.6494953421468,235.6494953421468,1043881
2021-03-17,234.37342834472656,238.20166077904042,233.52268344934788,236.5002241415676,1338049
2021-03-18,238.20164489746094,238.20164489746094,234.79877184939448,237.35092663544432,1105085
2021-03-19,233.0973358154297,236.92559501567328,232.6719766350297,236.0748766548733,1320749
2021-03-22,229.69442749023438,233.5226595324691,227.99299102701895,233.09730041666523,1095437
2021-03-23,229.69442749023438,232.6719413008614,227.99299102701895,231.3958639534498,1305420
2021-03-24,228.41836547851562,231.3958794890488,227.14228804543,230.54516120032505,1011874
2021-03-25,224.16477966308594,230.54516698870896,224.16477966308594,230.54516698870896,2372358
2021-03-26,227.99302673339844,229.2691042806587,224.16479409161764,224.5901532740377,1652881
2021-03-29,228.84373474121094,229.69445306754923,227.14229808853435,228.41837557804178,1033238
2021-03-30,230.97052001953125,232.67195659458352,229.69444258824203,231.82123830705737,1170515
2021-03-31,226.2915802001953,232.67196766008217,226.2915802001953,231.82124933209727,1978433
2021-04-01,230.11978149414062,234.37339913432857,228.8437041750759,230.5451406004955,2166195
2021-04-07,240.7538299560547,240.7538299560547,234.79880137314922,235.22416055764248,3308080
2021-04-08,241.60450744628906,241.60450744628906,238.2016345460989,240.32843010871775,1619084
2021-04-09,239.05238342285156,244.15669342762018,238.20166508872344,244.15669342762018,1729265
2021-04-12,235.22413635253906,241.6045234633813,234.79877721181623,239.0523686190444,1003188
2021-04-13,229.2690887451172,237.35093924010695,228.84372959151995,235.2241434721207,1893153
2021-04-14,229.69442749023438,232.6719413008614,220.33651365422975,231.82122306925368,2446057
2021-04-15,227.1422882080078,230.5451613653385,226.29156991867515,229.26908393133948,1186262
2021-04-16,229.2690887451172,230.1198070523117,226.71693382353365,227.9930112843254,961410
2021-04-19,226.71693420410156,228.8437299756579,226.2915750497903,228.41837082134663,1112807
2021-04-20,226.2915802001953,228.84373518415006,225.4408618722104,226.2915802001953,1734479
2021-04-21,227.99302673339844,229.2691042806587,227.14230836855825,227.99302673339844,761132
2021-04-22,228.84373474121094,230.9705305570567,227.99301641487264,229.69445306754923,1237125
2021-04-23,230.11978149414062,230.9704997068504,227.9929859623661,228.418345068721,946373
2021-04-26,230.97052001953125,232.24659745082045,228.8437243007159,231.3958791632943,587092
2021-04-27,228.41836547851562,231.8212386334107,228.41836547851562,231.3958794890488,553195
2021-04-28,225.01548767089844,229.2690790265643,224.59012853533184,228.4183607554311,1079614
2021-04-29,222.0379638671875,227.1422868612397,222.0379638671875,225.8662094348068,1616866
2021-05-03,219.48580932617188,225.8662097557224,219.48580932617188,221.6126050399152,756035
2021-05-04,213.53077697753906,221.18725515582753,205.44892635037567,221.18725515582753,2003824
2021-05-05,205.87428283691406,214.80685166916348,205.87428283691406,212.68004260569788,1109389
2021-05-06,214.38150024414062,216.93365526633787,210.5532544225233,210.9786135928895,1083218
2021-05-07,222.88868713378906,224.16477787706748,214.80684996407044,216.5082865706805,895510
2021-05-10,216.9336395263672,222.03796248873073,216.08292124736002,221.61260334922713,700720
2021-05-11,208.0010986328125,214.3814994530837,206.72500783810113,212.68004948957568,952893
2021-05-12,204.17283630371094,211.829314010812,199.0685134028701,207.15036353266825,1197421
2021-05-13,202.47140502929688,206.29963733819926,197.367081995773,201.19532759299608,838750
2021-05-14,201.6206817626953,208.42644120999634,201.6206817626953,205.87427311205823,1035008
2021-05-17,181.6287384033203,185.8823427865751,181.6287384033203,181.6287384033203,3476001
2021-05-18,182.47947692871094,185.45700431482584,175.24835797431916,185.45700431482584,4379314
2021-05-19,177.80052185058594,181.62875416831005,176.09907197661005,178.6512401434135,2469708
2021-05-20,183.33021545410156,185.88237049144914,178.65125126397615,180.77804712843246,2277497
2021-05-21,185.45700073242188,188.009155624089,181.20339595798922,187.15843732686662,2179546
2021-05-24,199.9192352294922,203.7474807953324,182.9048296866655,183.75556125887934,3782665
2021-05-25,197.36709594726562,204.59821521911115,196.09101842076143,198.21781429826845,3694874
2021-05-26,198.21778869628906,202.47139319022554,197.36707045516576,198.21778869628906,1839378
2021-05-27,199.49388122558594,201.62069027841642,197.36708546107639,197.36708546107639,1439361
2021-05-28,205.02357482910156,205.87429318190723,201.19534224147608,202.47141977068458,1633722
2021-05-31,207.15037536621094,208.42645284223747,202.89677049113476,204.1728479671613,952191
2021-06-01,209.27716064453125,209.70251978183472,204.59819684587242,204.59819684587242,716369
2021-06-02,204.17283630371094,210.12787747330518,201.6206814974507,208.00108180142166,990409
2021-06-03,202.47140502929688,205.87427819276567,202.47140502929688,204.59820075646485,880779
2021-06-04,201.19532775878906,206.72499665398254,200.76995532468425,202.89676434192552,938028
2021-06-07,201.6206817626953,203.32211830244046,198.2177953948846,201.195322627759,768188
2021-06-08,196.94171142578125,202.89675240472133,196.94171142578125,200.7699435126085,1149895
2021-06-09,199.9192352294922,202.04604422754588,196.09100295197257,196.94172123586583,965349
2021-06-10,204.17283630371094,205.44891370684107,199.0685134028701,199.91923167162352,1187550
2021-06-11,201.6206817626953,205.44891397712195,201.6206817626953,204.17283657231306,747852
2021-06-15,202.89675903320312,203.7474773025126,200.76995007160906,202.04604076389364,386019
2021-06-16,203.32211303710938,204.5981904088723,202.04603566534644,202.8967539131884,519209
2021-06-17,206.29962158203125,208.8517895480313,202.89674867845744,202.89674867845744,956260
2021-06-18,208.851806640625,210.97860237941725,205.44892017023665,205.8742793179951,1085428
2021-06-21,208.4264373779297,208.85179650504546,204.59819194556766,206.2996284540307,1011873
2021-06-22,216.08291625976562,222.03795736368295,210.1278751558483,210.1278751558483,3356973
2021-06-23,232.67198181152344,235.22416352734805,219.48583363743572,219.48583363743572,5222079
2021-06-24,226.2915802001953,236.92558587664928,224.5901435442255,234.37343089269456,4090246
2021-06-25,224.59011840820312,231.3958642703865,224.59011840820312,227.1422731065219,1751046
2021-06-28,225.4408416748047,227.1422781783416,223.31404604538355,225.4408416748047,943218
2021-06-29,223.3140411376953,227.99299141959432,222.88866873283925,226.2915549534492,1167665
2021-06-30,220.33653259277344,225.44085570947038,219.48581428804408,223.31405994764702,1678695
2021-07-01,214.80685424804688,222.03797325867347,214.38149508791125,222.03797325867347,1014716
2021-07-02,218.6350860595703,219.4858176657125,210.97860791085975,214.80685362937558,2243899
2021-07-05,220.33653259277344,222.03796920223212,215.23220947607646,220.7618917451381,1512282
2021-07-06,225.4408416748047,227.56763730422585,222.46331450529502,226.29155992657314,2440643
2021-07-07,231.39588928222656,231.82124844459057,223.73942435967444,223.73942435967444,3479989
2021-07-08,226.22286987304688,232.79911505510853,226.22286987304688,231.92228419032728,2496037
2021-07-09,224.46920776367188,227.53812966866892,224.0307923052727,226.22288329347145,1004310
2021-07-12,227.09970092773438,227.97653179324885,225.34602550050317,226.22287006221987,888683
2021-07-13,223.5923614501953,230.60703569395383,223.5923614501953,229.73019114133245,1244936
2021-07-14,221.40028381347656,226.6612826364161,219.64662210456405,224.0307763768453,1216191
2021-07-15,220.52345275878906,224.0307761734295,220.52345275878906,222.27711446610928,767210
2021-07-16,220.9618682861328,221.83869914019178,219.20819288181283,221.40028371316228,728868
2021-07-19,218.3313751220703,220.52346608488932,217.45454421542385,220.52346608488932,818948
2021-07-20,209.5630340576172,216.57769439437988,209.5630340576172,216.57769439437988,1579537
2021-07-21,212.19354248046875,215.26246431234713,210.43988068865406,210.43988068865406,957215
2021-07-22,214.82403564453125,216.13928190745452,212.6319448434573,212.6319448434573,788355
2021-07-23,217.01611328125,220.08503493179387,214.8240361710057,215.70086701510343,1056640
2021-07-26,222.7155303955078,226.22286751426475,220.08503782859168,220.96186868423038,1249398
2021-07-27,217.4545440673828,229.73020414448192,217.4545440673828,229.73020414448192,1488562
2021-07-28,219.20819091796875,221.8386971527815,212.19353045213796,217.45452922556154,857961
2021-07-29,220.08505249023438,223.5923761464404,217.01613059485115,223.5923761464404,685161
2021-07-30,225.34603881835938,227.53812980789945,222.27713060768747,223.1539615250223,1676306
2021-08-02,224.46920776367188,227.53812966866892,222.27713047167612,227.53812966866892,806798
2021-08-03,220.08505249023438,230.1686353942326,220.08505249023438,226.22288258479787,1496885
2021-08-04,219.20819091796875,223.15394342208688,219.20819091796875,222.27711257588328,587797
2021-08-05,220.52345275878906,222.71552989293934,219.2081927820969,220.08503733195903,490479
2021-08-06,217.01611328125,220.52345035384272,217.01611328125,220.52345035384272,408782
2021-08-09,217.01611328125,219.20819039149427,216.57769785920115,216.57769785920115,356292
2021-08-10,211.31671142578125,218.331372283972,210.878295978157,217.4545413887235,477063
2021-08-11,209.12461853027344,213.07035726347,208.2477877006742,211.31669560427153,558091
2021-08-12,209.12461853027344,213.07035726347,209.12461853027344,209.56303394507304,391224
2021-08-13,204.30203247070312,210.43986188996203,204.30203247070312,210.00144648117222,433302
2021-08-16,202.10997009277344,205.61729361759933,197.28738654993538,202.54838553337666,696101
2021-08-17,191.14955139160156,202.98679535247385,189.83430510621622,202.54837992401207,1181327
2021-08-18,192.9031982421875,193.78002903155095,182.38120137742425,185.01170744171557,3411049
2021-08-19,189.8343048095703,193.34162823178383,184.1348905522713,191.1495510929004,1791003
2021-08-20,187.6422119140625,192.90321068581594,184.13488853036145,191.14954899396542,1608351
2021-08-23,190.27273559570312,194.6568902273484,186.76539819418375,189.8343201325386,1222517
2021-08-24,202.10997009277344,202.9868009739799,192.4648030070973,192.90321844770054,1504162
2021-08-25,205.1788787841797,206.4941251098816,199.0410489013683,199.0410489013683,885624
2021-08-26,194.2184600830078,204.30204236596975,193.78004465298355,204.30204236596975,1891398
2021-08-27,190.7111358642578,195.9721346992735,188.95747415131996,195.53371927103905,1045218
2021-08-30,193.78004455566406,195.09530454127838,189.39589025762336,194.6568754152722,804823
2021-08-31,199.4794464111328,200.3562772161117,193.7800324825689,195.53370778872792,1110906
2021-09-01,206.49412536621094,210.43987804441716,205.6172944813212,206.93254080865577,2046138
2021-09-02,206.49412536621094,207.809385389748,202.54838638420722,207.809385389748,1136895
2021-09-03,207.37095642089844,212.19352597322504,206.0556964831532,208.68620266244204,1001392
2021-09-06,202.54837036132812,207.8093689506901,202.54837036132812,207.3709535429267,818972
2021-09-07,205.1788787841797,208.68621601558726,201.23313980707397,204.30204790037843,1061463
2021-09-08,210.00148010253906,213.0703884554019,206.05572709551174,206.05572709551174,2493846
2021-09-09,208.68621826171875,210.0014646015769,206.05571188579978,208.68621826171875,439302
2021-09-10,207.8093719482422,208.68620277641682,203.86361952525473,207.37095653415489,1184420
2021-09-13,208.68621826171875,210.0014646015769,206.49412733241917,206.93254277903856,375773
2021-09-14,208.68621826171875,213.07037272791263,208.68621826171875,209.12463370833814,1185627
2021-09-15,208.68621826171875,210.4398800481963,203.42521920608343,210.0014646015769,512240
2021-09-16,210.4398651123047,211.75511135881374,209.56303428129866,210.00144969680167,379068
2021-09-17,217.89295959472656,219.20820595424945,210.43988319456062,211.7551295540835,1741080
2021-09-22,217.01611328125,217.89294412534773,211.31669909841298,213.50878990485913,840605
2021-09-23,217.4545440673828,220.08505048173424,217.4545440673828,219.64663502870948,594000
2021-09-24,219.20819091796875,221.8386971527815,217.89294464866333,221.8386971527815,684267
2021-09-27,213.07037353515625,218.7697880590039,213.07037353515625,217.45454171416276,722871
2021-09-28,201.23312377929688,211.31669183607988,200.79469467611366,210.87827642909807,1448873
2021-09-29,194.65687561035156,199.91787446947492,193.78004474986471,197.28738188801432,1599349
2021-09-30,195.9721221923828,199.0410299941672,195.095291391873,196.84895299289263,846061
2021-10-01,195.9721221923828,195.9721221923828,195.9721221923828,195.9721221923828,0
2021-10-04,215.26246643066406,215.26246643066406,215.26246643066406,215.26246643066406,1246563
2021-10-05,214.3856201171875,217.4545280624858,200.79470098511814,214.8240355379444,4235219
2021-10-06,217.01611328125,220.9618657758916,213.50878990485913,217.45452870329885,1983414
2021-10-07,223.15394592285156,223.15394592285156,215.70086995039642,219.20819337451553,1964973
2021-10-08,224.03077697753906,226.22286781575937,221.40028440711717,224.4691924059427,1120161
2021-10-12,217.89295959472656,221.8387123694981,216.57771323520365,219.20820595424945,1033973
2021-10-13,221.8386993408203,222.71553019567227,215.70086966065452,220.52345305854237,1102618
2021-10-14,216.13929748535156,224.46920478043228,216.13929748535156,224.46920478043228,1452178
2021-10-15,231.48385620117188,234.11434865282547,219.2081836715174,219.2081836715174,5015750
2021-10-18,226.66128540039062,230.16862255718718,224.90760997389125,228.41494713068778,1776405
2021-10-19,227.53811645507812,233.23753077949374,225.78444102711796,226.66128558919917,1829281
2021-10-20,232.7991180419922,235.86802610810162,227.5381190896022,230.607040851914,2414827
2021-10-21,226.22286987304688,231.92228419032728,226.22286987304688,231.92228419032728,1864511
2021-10-22,227.9765167236328,229.73017833874192,222.71551818210418,224.4691797972133,1333270
2021-10-25,232.36068725585938,235.4295951192583,227.53810406003103,227.97651946908803,2293419
2021-10-26,235.86802673339844,242.4442857134717,232.3607032199753,238.49851936846582,3876152
2021-10-27,231.0454559326172,235.42961030599344,228.4149496123891,233.2375331193053,2041199
2021-10-28,227.53811645507812,232.79911534655426,226.66128558919917,231.0454536147963,1418257
2021-10-29,224.9075927734375,231.92226655056328,224.9075927734375,230.60702035342763,1119546
2021-11-01,234.11436462402344,235.42961093957587,226.22287303450645,226.22287303450645,2272548
2021-11-02,229.73019409179688,236.3064392956035,228.85336322411626,236.3064392956035,1903641
2021-11-03,233.23753356933594,234.55277988388656,229.29178092948166,229.7301963676652,1374996
2021-11-04,233.23753356933594,240.25218058027264,233.23753356933594,234.11436444570302,2338032
2021-11-05,237.62168884277344,238.93693516225912,232.3607035648307,234.99119620380205,1218256
2021-11-08,233.6759490966797,241.12903894104846,233.6759490966797,236.74485716513547,1114397
2021-11-09,229.73019409179688,234.99119299408264,229.73019409179688,233.23753125872145,1368625
2021-11-10,227.9765167236328,230.1686074387205,224.4691797972133,228.41493212741008,1778158
2021-11-11,225.784423828125,228.8533453211304,225.34600842858154,225.34600842858154,432528
2021-11-12,225.784423828125,229.73017612021732,225.784423828125,229.29176072067386,447970
2021-11-15,227.53811645507812,229.7301936197756,227.09970102213865,229.7301936197756,542772
2021-11-16,227.9765167236328,239.37533091804335,227.9765167236328,231.04543824627507,3909507
2021-11-17,229.73019409179688,235.42960842792291,229.73019409179688,230.6070386556797,1667419
2021-11-18,225.34603881835938,232.79912900811144,225.34603881835938,232.79912900811144,1536365
2021-11-19,222.27713012695312,226.66129840034833,221.8387146692339,221.8387146692339,1836888
2021-11-22,226.66128540039062,232.36069972005862,221.40028651329692,223.59236367616836,2468327
2021-11-23,226.66128540039062,227.0997008329649,224.90760997389125,225.34602540646554,1096725
2021-11-24,230.1686248779297,231.48387118891392,224.46919680459334,224.90761224158808,940704
2021-11-25,225.784423828125,233.2375130127662,225.784423828125,233.2375130127662,729056
2021-11-26,224.46920776367188,226.66129875187062,221.83871501327698,225.7844541388693,915290
2021-11-29,221.8386993408203,224.0307764779502,216.57770051550648,218.7697776526364,796127
2021-11-30,226.66128540039062,226.66128540039062,222.2771173784455,224.46919454131697,500625
2021-12-01,223.5923614501953,224.46919230661462,220.08503802451813,224.03077687840496,758630
2021-12-02,219.20819091796875,224.4691896913923,219.20819091796875,222.27711257588328,771966
2021-12-03,219.64662170410156,221.83869883624556,219.64662170410156,221.83869883624556,329852
2021-12-06,217.89295959472656,222.7155432758467,217.89295959472656,219.6466351036266,500750
2021-12-07,222.27713012695312,223.5923765001108,221.8387146692339,223.5923765001108,738822
2021-12-08,222.27713012695312,224.03079195783002,221.40029921151466,222.71554558467233,735819
2021-12-09,224.03077697753906,224.90760783434635,222.27711526392446,223.5923615491354,494773
2021-12-10,221.8386993408203,223.59236105052423,220.0850376311164,223.59236105052423,459588
2021-12-13,217.01611328125,223.59235830818474,217.01611328125,219.64661950974502,866282
2021-12-14,214.82403564453125,217.01611274940336,213.9472048025824,217.01611274940336,566993
2021-12-15,211.755126953125,216.13929512722072,211.755126953125,214.82404878385282,848720
2021-12-16,213.07037353515625,215.70087992104123,212.1935426385955,213.07037353515625,598073
2021-12-17,212.19354248046875,213.0703733763761,210.43988068865406,211.3167115845614,619948
2021-12-20,215.26246643066406,216.13929733519996,210.43988275951375,211.31671366404964,575520
2021-12-21,217.4545440673828,218.33137497343236,213.9472204431847,216.13929770830853,412443
2021-12-22,220.08505249023438,220.96188340428589,216.5777151378254,218.76979242295414,374727
2021-12-23,221.40028381347656,222.2771146679328,220.08503753179218,221.40028381347656,474025
2021-12-24,222.7155303955078,223.59236125114654,222.27711496768848,222.7155303955078,382775
2021-12-27,224.03077697753906,224.03077697753906,221.8386998355208,224.03077697753906,284808
2021-12-28,223.5923614501953,224.46919230661462,222.715530593776,224.03077687840496,328466
2021-12-29,226.66128540039062,227.9765316981135,224.46919454131697,224.46919454131697,1067037
2021-12-30,228.85336303710938,228.85336303710938,226.66128586969916,227.97653217014528,514811
2022-01-03,231.0454559326172,232.7991176819677,229.73019592440195,230.60704049527956,1038315
2022-01-04,232.36068725585938,233.23751807397335,230.60702561963143,232.36068725585938,1544738
2022-01-05,229.73019409179688,234.55277756024233,228.85336322411626,232.36070039104087,1424069
2022-01-06,221.40028381347656,226.6612826364161,217.45453127222137,224.90760723130154,3962343
2022-01-07,222.27713012695312,225.34603833098768,220.52346829607623,220.96188375379546,1550635
2022-01-10,227.09970092773438,228.85336265876333,218.7697803129423,224.03077920223143,2624102
2022-01-11,229.29177856445312,229.73019399811466,223.59236423065124,223.59236423065124,1809826
2022-01-12,230.60704040527344,235.86802565127155,229.73019583473805,232.36070215393946,3209666
2022-01-13,222.7155303955078,231.4838663442991,222.7155303955078,230.6070354886604,1971640
2022-01-14,216.57769775390625,221.83869651213664,212.1935298393473,221.40028109030095,1976618
2022-01-17,219.20819091796875,220.96186630657786,216.5776983793579,220.96186630657786,1311394
2022-01-18,220.9618682861328,223.5923608483097,215.70086946557697,217.8929466007244,794205
2022-01-19,226.22286987304688,229.2917778997813,218.76978013000175,218.76978013000175,1884611
2022-01-20,229.29177856445312,229.73019399811466,219.64662532769765,221.8387024960052,3545078
2022-01-21,231.9222869873047,234.99119505105006,220.9618736529522,220.9618736529522,5166347
2022-01-24,243.32110595703125,243.32110595703125,231.4838622241918,233.6759393242725,7759664
2022-01-25,255.5967559814453,255.5967559814453,240.69057744845196,242.00585105393,11214741
2022-01-26,258.6656799316406,260.4193416583603,249.45892847395808,255.1583564782013,9550892
2022-02-07,268.3108215332031,268.3108215332031,259.98090172395996,262.6113940661204,7006186
2022-02-08,268.7492370605469,278.3944030457865,258.6656556847238,270.0644832322975,10780313
2022-02-09,266.99560546875,267.43402090854613,259.98093103960707,267.43402090854613,4719989
2022-02-10,256.0351867675781,266.118769066015,254.28152504478984,263.0498336587312,4233666
2022-02-11,270.94134521484375,271.3797606559148,256.47360826709274,257.7888545903061,6960822
2022-02-14,259.98095703125,268.31087861256674,259.5425415476232,265.68035831839836,4542029
2022-02-15,259.10406494140625,266.11873841708274,258.22723418099685,261.2961418424298,2920527
2022-02-16,258.22723388671875,266.1187381138114,257.35040312730854,264.803464582295,2278877
2022-02-17,261.29620361328125,265.2419429679029,256.47363329096595,260.8577881294344,3312693
2022-02-18,248.5821075439453,259.5425211663259,248.1436920947463,256.03519757273386,5370081
2022-02-21,251.6510009765625,253.40466267083767,248.1436775880122,248.58209301158098,2302399
2022-02-22,245.51318359375,251.6509994873919,242.00586022595462,250.77416864544307,2762051
2022-02-23,256.91204833984375,257.78887930605293,247.2668803191354,248.14371128534455,3392198
2022-02-24,256.4736328125,259.54254119370273,251.6510351067739,253.40469703888974,2931395
2022-02-25,262.1729736328125,265.680296688229,255.59674290390646,261.7345582508854,3689746
2022-03-01,259.98095703125,265.68035831839836,259.5425415476232,259.98095703125,2307962
2022-03-02,260.8577575683594,264.80349646071363,259.54251127090794,260.8577575683594,1765717
2022-03-03,253.4046630859375,262.61141438836745,249.02050884306794,262.1729989640805,3485551
2022-03-04,255.1583709716797,257.3504482545934,251.65101992661187,254.28154005851422,965633
2022-03-07,255.5967559814453,265.24189487733173,255.5967559814453,260.41932542938855,5691370
2022-03-08,246.39002990722656,256.47361261521866,239.37535533876084,253.84311992419603,4176396
2022-03-09,256.0351867675781,258.22726392106347,250.33575877611193,253.40466679099143,2640100
2022-03-10,270.94134521484375,277.95599227198124,259.10410091351935,262.61142444208804,6245754
2022-03-11,273.5718688964844,284.532283559065,266.5572210435739,274.4486998780982,8332083
2022-03-14,266.99560546875,272.6950061860997,263.92666999777225,271.81817530650744,2355791
2022-03-15,260.8577575683594,264.36508102822984,257.35043410848886,263.92666559574604,2771098
2022-03-16,271.3797607421875,271.81817618339795,259.1041009958895,263.0498399667837,2607817
2022-03-17,281.9017639160156,282.3401793653013,271.8181811900396,274.8870893350393,5283787
2022-03-18,278.83282470703125,286.285886514563,275.3254741110845,285.84747111411997,2891207
2022-03-21,277.517578125,288.47799159529166,277.517578125,283.2170062779061,3765916
2022-03-22,280.5865173339844,284.9706718231822,277.0791663502207,280.1481018850646,3159403
2022-03-23,278.83282470703125,285.84747111411997,275.3254741110845,283.2169787114617,2990655
2022-03-24,281.9017639160156,282.3401793653013,276.2023356828964,279.70968666958726,1670780
2022-03-25,278.83282470703125,288.03954811633514,276.64072031241363,288.03954811633514,1598015
2022-03-28,257.7888488769531,275.32549352353857,254.7199408574714,273.57183179812046,5350427
2022-03-29,266.99560546875,267.87243634834226,259.1041001600148,261.7345927987916,4081413
2022-03-30,271.3797607421875,274.4486688306608,267.4340217712933,269.1876835361352,2310534
2022-03-31,259.98095703125,270.06454054707393,259.5425415476232,270.06454054707393,2504908
2022-04-01,262.6114196777344,262.6114196777344,254.7199418816236,254.7199418816236,1264967
2022-04-06,263.9266357421875,263.9266357421875,257.3504049987882,260.8577280619345,1433276
2022-04-07,262.6114196777344,263.92666597708615,260.41934251214803,263.04983511085163,1613332
2022-04-08,263.9266357421875,264.80346650797406,260.8577280619345,263.9266357421875,1142664
2022-04-11,252.0894012451172,263.0498135678269,249.8973242590557,263.0498135678269,2518565
2022-04-12,251.21258544921875,253.84310538194867,248.14367748550495,248.14367748550495,2024753
2022-04-13,261.29620361328125,261.29620361328125,250.7742046085493,250.7742046085493,2496021
2022-04-14,262.6114196777344,263.92666597708615,260.41934251214803,262.1730042446171,1113590
2022-04-15,262.1729736328125,263.4882197785937,256.4735736677606,261.2961428689583,1057804
2022-04-18,263.04986572265625,266.1188015040217,261.29620378610895,263.04986572265625,908312
2022-04-19,271.8181457519531,274.8870534968463,265.24188747763725,266.5571610464219,2279846
2022-04-20,276.20233154296875,279.27126703437443,273.5718388866825,276.20233154296875,1819580
2022-04-21,278.3944091796875,279.2712399801739,275.32547398558273,278.3944091796875,1175259
2022-04-22,270.5029296875,281.0249276622553,269.62609880563747,276.6407458605377,2083585
2022-04-25,262.1729736328125,268.3108163721927,261.7345582508854,264.8034659243749,1194780
2022-04-26,267.4340515136719,270.5029599434503,263.92670020151706,267.4340515136719,991883
2022-04-27,258.22723388671875,261.7345569243594,252.52780655815152,258.6656492664238,1827186
2022-04-28,257.7888488769531,262.1730031904984,257.7888488769531,260.8577568964348,799574
2022-04-29,263.4882507324219,267.4340170257038,260.8577581318369,260.8577581318369,863155
2022-05-03,265.24188232421875,267.8724020182775,259.9808977209039,263.9266361733901,1059446
2022-05-04,274.44866943359375,276.20233120228824,268.31085324316314,269.62609956968396,1798755
2022-05-05,301.63043212890625,301.63043212890625,276.2022858713508,280.58646696595036,7768572
2022-05-06,293.739013671875,298.5615836999279,289.3548317085118,290.67010547220497,5066507
2022-05-09,293.739013671875,296.3695064144493,281.4633534807889,289.3548317085118,3137775
2022-05-10,279.2712707519531,287.6011642744115,271.81818073419026,285.8475024802097,5934064
2022-05-11,274.44866943359375,284.97066743816555,274.01025399142014,277.51757752880906,2464505
2022-05-12,271.8181457519531,276.64071506535674,270.5028995755703,274.01022271259114,1955685
2022-05-13,278.83282470703125,279.7096555079173,274.0102279097554,274.4486433101984,1392402
2022-05-16,266.1188049316406,287.162775833663,263.04986911074724,284.09386740517755,4488767
2022-05-17,277.07916259765625,277.07916259765625,266.1187765231015,266.1187765231015,1866092
2022-05-18,273.5718688964844,279.27129766938214,273.13345340567747,277.0791928229396,1739484
2022-05-19,272.2565612792969,273.13339206398757,266.55716117880746,269.1876535328795,1264428
2022-05-20,272.69500732421875,276.64074629885187,270.50293011608926,272.69500732421875,766601
2022-05-23,277.517578125,280.14809817609785,271.818177364499,274.44867002319177,1416773
2022-05-24,263.04986572265625,278.3944624522604,263.04986572265625,277.5176040915792,2668981
2022-05-25,263.04986572265625,265.68035862747723,258.66571088128796,263.04986572265625,1939971
2022-05-26,260.4193420410156,264.8034963642568,259.10409574404326,263.92666549960853,1326758
2022-05-27,266.99560546875,269.18768266773066,263.92666999777225,265.6803317569567,1080908
2022-05-30,276.20233154296875,277.5175778711119,270.06451534496745,270.9413462303962,1536606
2022-05-31,273.1334533691406,279.7097131227725,273.1334533691406,278.832882141276,1249936
2022-06-01,276.20233154296875,284.53225234694696,273.1334234439681,273.1334234439681,1957479
2022-06-02,263.9266357421875,274.44863232402776,263.9266357421875,274.01021694113444,3368882
2022-06-06,261.73455810546875,265.68029654062013,259.9808965787348,263.9266350138862,1733297
2022-06-07,274.8870544433594,277.07913141154535,265.6803037845765,269.62606971971314,4381031
2022-06-08,274.8870544433594,280.1480665594076,272.2565620815363,276.20230062427095,1918791
2022-06-09,276.20233154296875,278.39443614894566,273.5718388866825,274.01025432939684,839451
2022-06-10,277.07916259765625,278.39443631900787,273.5718390537987,276.20233171169184,1276455
2022-06-13,270.94134521484375,273.1334224201992,269.1876834505594,270.94134521484375,780792
2022-06-14,270.94134521484375,271.81817609698595,265.6803325295857,270.5029297737727,855087
2022-06-15,268.3108215332031,270.94131387536356,264.3650556275607,270.94131387536356,1302080
2022-06-16,263.9266357421875,275.3254630898143,263.9266357421875,271.818140026668,1242096
2022-06-17,261.29620361328125,266.1188013280042,258.6657107102002,263.04986554866866,1751405
2022-06-20,248.5821075439453,264.803506556714,248.5821075439453,264.803506556714,2143332
2022-06-21,261.73455810546875,262.6113888688357,249.89731540761332,251.65097693434728,1310310
2022-06-22,257.7888488769531,263.48824948456195,256.47360258288955,263.04983405320746,1040081
2022-06-23,257.3504333496094,264.36508024866544,254.71994076246335,260.8577567991374,756911
2022-06-24,267.4340515136719,269.1877134735453,259.10412981186516,259.98096079180186,1595936
2022-06-27,273.5718688964844,276.2023618413258,268.31088300680153,270.94137595164295,1671831
2022-06-28,275.3254699707031,276.2023007584033,272.25656221375243,272.25656221375243,1051037
2022-06-29,268.7492370605469,274.88705252871637,265.68030193406037,274.88705252871637,1332879
2022-06-30,270.5029296875,274.0102532149501,267.4340216009811,270.5029296875,1546943
2022-07-01,255.1583709716797,270.50293934448155,255.1583709716797,269.6261084313161,1566934
2022-07-04,257.7888488769531,264.8034957786256,255.15835628882596,259.54251060237124,1248234
2022-07-05,260.8577575683594,263.0498347307784,253.4046678237302,262.6114192982946,1207809
2022-07-06,276.6407470703125,278.39443623411154,263.926671835301,263.926671835301,5135081
2022-07-07,288.4779357910156,289.35476650762905,271.3797094246538,272.694955499574,5525709
2022-07-08,289.7932434082031,295.4926716689557,281.9017652827996,291.1085171548427,3257236
2022-07-11,285.84747314453125,289.3547963729886,281.9017345125168,289.3547963729886,1496676
2022-07-12,276.6407470703125,283.217006105445,276.6407470703125,282.7785906625965,1702516
2022-07-13,276.6407470703125,285.4090833196875,276.6407470703125,284.093836991142,1541962
2022-07-14,279.3880920410156,283.9089248989556,271.25056465034527,278.9360087552216,2682992
2022-07-15,289.3339538574219,289.7860371452199,274.41517711370955,282.5526762940735,2715483
2022-07-18,302.44439697265625,302.8964802597408,291.1422865491637,292.95061969750196,4391771
2022-07-19,284.8130798339844,298.3756061000609,281.1964136953979,296.56727303076764,3718137
2022-07-20,282.1006164550781,288.4298112567247,282.1006164550781,287.97772793134857,2917547
2022-07-21,283.9089050292969,286.6214045542238,282.5526552668334,283.0047385209879,1919809
2022-07-22,280.292236328125,297.47142806885324,277.5797368290168,288.4297630718258,4759902
2022-07-25,280.292236328125,281.64848607767914,277.1276535791654,279.38806982842226,900355
2022-07-26,272.6068115234375,280.2922555441795,272.6068115234375,280.2922555441795,1598198
2022-07-27,284.3610534667969,284.81313682458125,272.1547745602358,273.05894127580456,2825240
2022-07-28,282.5526428222656,291.14225251926194,280.74430988529275,286.1693086962114,3009211
2022-07-29,290.23809814453125,290.69018139761204,283.90890435502365,286.6214038735085,3252535
2022-08-01,281.6485290527344,290.2381403569237,280.29227909623825,290.2381403569237,1834478
2022-08-02,276.6755676269531,278.9359838541319,273.0588734170912,276.6755676269531,2097664
2022-08-03,273.5109558105469,278.03181649719795,272.6067893224918,276.2234835210878,1347388
2022-08-04,277.1276550292969,278.93598803816485,273.9630440174016,274.4151555159949,2615486
2022-08-05,284.8130798339844,285.717246368631,277.1276642894881,278.483914091458,2062989
2022-08-08,281.6485290527344,282.1006123715664,277.57977918324593,281.19644573390235,1667592
2022-08-09,285.7172546386719,286.16933791908065,279.8401719933576,282.10058839540153,1384058
2022-08-10,285.2651672363281,285.71725051020456,282.5526675930696,282.5526675930696,651018
2022-08-11,281.1964111328125,291.5943544328678,279.8401613432023,289.7860213800542,2390349
2022-08-12,277.57977294921875,284.8131058880816,277.57977294921875,279.38810618393444,1682052
2022-08-15,280.292236328125,281.64848607767914,277.5797368290168,278.93598657857086,1147706
2022-08-16,284.3610534667969,284.81313682458125,279.3881365311687,280.7443866045218,1748627
2022-08-17,281.1964111328125,284.81307723843975,280.2922446064057,283.45682744882953,1107930
2022-08-18,276.6755676269531,282.10056657218223,275.31931789064583,279.84015034500345,1656928
2022-08-19,274.4151916503906,278.48394145610774,272.1547468452789,277.1276915208687,2237732
2022-08-22,268.9901428222656,273.51097558946446,268.53805954554576,272.1547257593048,1232508
2022-08-23,273.05889892578125,275.77142689817134,264.4693164600779,266.7297328984209,2134378
2022-08-24,270.7984924316406,279.84018676341816,270.3464091273707,274.86727041644923,2089100
2022-08-25,269.4422607421875,273.96309409064685,268.53809407249565,272.1547607512631,1451019
2022-08-26,271.70263671875,273.510969787268,268.990137115973,270.3463869173615,1748479
2022-08-29,296.5672912597656,297.4714578499883,275.7714314382643,276.675598028487,11135348
2022-08-30,307.8694152832031,311.93816511628785,297.0193874819303,300.18399893182084,12374407
2022-08-31,307.41729736328125,310.12979694666564,298.8276871028536,309.6777136827682,6269772
2022-09-01,303.34857177734375,306.9652381721484,301.0881552805908,302.89648847799316,2249654
2022-09-02,298.82769775390625,310.12980800055703,297.0193646338626,306.51314176046975,3503675
2022-09-05,292.0464782714844,301.99233969016234,290.23814496743034,301.99233969016234,2086026
2022-09-06,284.8130798339844,290.23810728824134,282.1005802300445,288.8818574862714,3314800
2022-09-07,274.4151916503906,281.1964413265858,273.9630800922643,281.1964413265858,2472169
2022-09-08,273.9630432128906,279.3880704699399,270.79846045666466,276.22348771371395,2686013
2022-09-12,276.2234802246094,281.1963958495649,275.77139698597705,279.38806289503566,1304472
2022-09-13,292.0464782714844,295.2110615535789,283.9089501568604,284.8131168088874,6023656
2022-09-14,290.6902160644531,292.0464659854378,285.7172714411295,285.7172714411295,2219130
2022-09-15,289.3339538574219,302.8964807377402,288.88187056962386,292.0464535842098,3614703
2022-09-16,287.5256042480469,297.0193527483754,286.62140947782916,290.2381038195693,2636693
2022-09-19,280.74432373046875,287.5256008249174,278.0318241912399,287.5256008249174,1872150
2022-09-20,280.292236328125,285.71723532634144,278.4839033287195,283.90890232693596,2180409
2022-09-21,275.3193359375,278.9360021380542,273.0588913157759,278.0318355879157,2002825
2022-09-22,282.5526428222656,282.5526428222656,272.15470018829643,273.05886665678287,2557610
2022-09-23,271.2505798339844,283.45685748006457,268.5380799673843,281.1964409245645,2903273
2022-09-26,258.5921936035156,268.08597045512954,256.33177726893547,267.6338871882135,2550404
2022-09-27,265.37347412109375,266.72972393854093,258.5921967874803,260.4005298774099,2009040
2022-09-28,250.45468139648438,266.7297063809159,250.45468139648438,265.3734566527446,2249559
2022-09-29,250.9067840576172,260.85261616727723,250.9067840576172,254.97553355702357,2143801
2022-09-30,253.61927795410156,253.61927795410156,242.7692512894759,245.93383416146503,2158877
2022-10-03,249.09844970703125,254.07136573711156,248.64636643156942,248.64636643156942,997425
2022-10-04,255.8797149658203,256.7838815737292,251.3588819262756,253.61929844604794,1530288
2022-10-05,258.14013671875,261.7568314700849,256.783886779392,261.30471991058545,1618598
2022-10-06,261.3046875,263.1130487745598,256.7838549295421,263.1130487745598,1315681
2022-10-07,259.4963684082031,262.20889634253217,258.14011856422763,259.044285126878,1192384
2022-10-11,249.09844970703125,254.5234490125734,244.57758870603507,254.5234490125734,1838095
2022-10-12,254.5234832763672,254.9755666126882,245.02970496724413,250.45473324947795,1415688
2022-10-13,229.2067413330078,253.1672127046689,229.2067413330078,251.35887950626116,3070916
2022-10-14,229.2067413330078,237.79635227182385,228.30257473380397,235.9880049502265,5129711
2022-10-17,234.63174438476562,234.63174438476562,220.16505120879856,222.42546760404687,2998375
2022-10-18,239.152587890625,240.50883770844797,234.17965776875198,237.79633807280203,1807656
2022-10-19,245.93385314941406,249.0984645121123,238.24843700978263,239.15260361444516,2730220
2022-10-20,239.6046600341797,240.50882653739868,234.17964689167766,239.6046600341797,2498705
2022-10-21,238.70050048828125,242.3171666065709,237.34425069392265,239.60466701785367,1065082
2022-10-24,246.83798217773438,250.90675952570191,244.12548277667275,244.12548277667275,1865287
2022-10-25,235.9879913330078,246.83800402056545,231.46714447466533,245.02967092650397,3134414
2022-10-26,222.8775634765625,235.98800755617268,222.42548017196833,234.6317576423902,3154203
2022-10-27,228.3025665283203,228.7546498116738,221.06921987147538,224.2338028549498,2913508
2022-10-28,218.8087921142578,226.0421388630941,216.09629237964018,224.6858889957853,2659038
2022-10-31,222.8775634765625,224.68589669493915,221.06923025818585,221.06923025818585,1485684
2022-11-01,226.04212951660156,228.75464326225023,222.42546335332162,224.2337964349616,1337871
2022-11-02,231.0150604248047,232.371310240793,225.13796376566657,228.30256079282807,1269474
2022-11-03,230.56297302246094,231.01505628635834,226.0421262602984,226.9463069112817,687142
2022-11-04,235.0838165283203,236.4400663012262,229.20672005587318,230.11088657114377,1679836
2022-11-07,237.7963409423828,242.76925700107716,236.4400769850045,238.70050749850907,2537235
2022-11-08,237.7963409423828,242.31717372301404,237.7963409423828,239.6046740546353,1439041
2022-11-09,242.76925659179688,243.22133986909785,239.15259037338916,240.96092348259302,1144694
2022-11-10,240.50885009765625,242.31718328123864,237.34426702638712,239.60468350586507,1179619
2022-11-11,226.49423217773438,245.02967494199686,224.68588493084928,244.12550838014883,8110021
2022-11-14,229.2067413330078,231.46715783101752,219.71296379498793,226.4942415353962,6216103
2022-11-15,229.6588134765625,230.56298003184503,224.6858832993197,229.20673019892124,2853879
2022-11-16,228.754638671875,231.01505497856564,226.9463056265225,228.754638671875,3536499
2022-11-17,231.4671630859375,232.8234130155338,227.39841329714864,228.3025799168795,3618545
2022-11-18,227.85047912597656,237.34425615115336,227.39839585079565,230.11089550188112,4549407
2022-11-21,217.45252990722656,227.85047321292333,216.5483633803292,227.85047321292333,5415561
2022-11-22,220.61712646484375,220.61712646484375,214.2879466651277,217.45252950339147,4065977
2022-11-23,224.2338104248047,228.3025742355316,221.06922733449787,221.9733939317284,3743820
2022-11-24,228.754638671875,231.91922150124188,227.85047214919877,229.65880519455126,2756805
2022-11-25,225.13796997070312,230.56298350736415,225.13796997070312,228.7546503695402,1468380
2022-11-28,226.94631958007812,228.7546527366141,222.42547256554894,223.78172243295091,1049907
2022-11-29,224.68589782714844,228.3025784053162,224.68589782714844,224.68589782714844,2014460
2022-11-30,226.49423217773438,227.8504820205064,224.23380164992528,224.23380164992528,1993086
2022-12-01,229.2067413330078,233.27550515261487,228.7546580334059,229.65882463260976,3491570
2022-12-02,234.63174438476562,240.5088411356002,229.6588141920304,229.6588141920304,5345851
2022-12-05,240.0567626953125,241.86509584796124,235.0838324023392,237.3442629663394,4185261
2022-12-06,240.0567626953125,244.12551228877217,238.24842954266376,240.50884598347469,4959231
2022-12-07,234.63174438476562,241.4130076936995,232.82339714537804,239.15259129845123,3098133
2022-12-08,233.7275848388672,234.63175142409295,232.37132083783914,234.17966813148007,1730210
2022-12-09,233.7275848388672,238.2484318881854,233.2755015462543,235.08383471670584,1494391
2022-12-12,237.7963409423828,237.7963409423828,233.72757731662574,234.17966059468887,1642041
2022-12-13,236.44007873535156,238.24842598418005,235.08382889112198,237.79634270277018,1894922
2022-12-14,237.34425354003906,240.05675316128327,236.44007287643564,236.892156146643,1518227
2022-12-15,237.7963409423828,240.05675733269842,235.98799370694138,238.24842422044594,1702580
2022-12-16,231.0150604248047,236.44007381194672,231.0150604248047,235.0838239959584,3436058
2022-12-19,227.3983917236328,232.37130766036697,225.13796126556505,231.4671411264153,3381166
2022-12-20,223.3296356201172,227.85048256331638,218.356705394917,227.39839928131536,3377413
2022-12-21,226.04212951660156,226.04212951660156,220.61713027168165,224.2337964349616,2600981
2022-12-22,232.37132263183594,232.37132263183594,226.94632307859828,228.3025729669077,3161282
2022-12-23,226.94631958007812,229.6588193148821,226.94631958007812,227.85048615834611,1414625
2022-12-26,221.973388671875,227.8504855378,221.973388671875,227.8504855378,761757
2022-12-27,222.8775634765625,225.59006330412745,222.8775634765625,224.68589669493915,529993
2022-12-28,214.7400360107422,220.61713271433143,214.7400360107422,219.71295204031173,1831999
2022-12-29,213.8358612060547,214.74002772198557,209.315014503212,213.38376382490094,1506935
2022-12-30,213.8358612060547,219.71294355960538,213.8358612060547,219.71294355960538,1152846
2023-01-03,216.09628295898438,217.00044949777336,213.8358666120119,213.8358666120119,517986
2023-01-04,212.47959899902344,216.09627921470218,211.57543247590087,214.287946168457,1143529
2023-01-05,217.90463256835938,219.71296578313041,214.7400494425101,214.7400494425101,1901725
2023-01-06,221.52130126953125,223.781717667061,216.09628779227083,216.54837107177678,1658471
2023-01-09,220.61712646484375,225.13795909093488,220.16504320223464,224.68587582832578,1078884
2023-01-10,221.52130126953125,225.59005078508483,221.52130126953125,222.42546782854316,1519085
2023-01-11,218.8087921142578,222.87755583937354,218.35670882515487,221.97338926116765,2099418
2023-01-12,226.04212951660156,226.94631018061025,219.71294960767295,219.71294960767295,2828176
2023-01-13,223.3296356201172,227.85048256331638,222.42546905611516,226.94631599931435,2212413
2023-01-16,224.2338104248047,226.94632433968584,223.78172712618942,223.78172712618942,1004096
2023-01-17,226.94631958007812,228.7546527366141,224.2338057220849,226.04213887862088,1606174
2023-01-30,240.50885009765625,245.48176635250778,236.44008631140642,238.7005169140739,7216487
2023-01-31,236.44007873535156,240.9609256726392,235.53591217253182,238.7005092655899,4130589
2023-02-01,238.24842834472656,243.2213444895063,236.44008107798112,238.70051163061564,3354254
2023-02-02,248.19427490234375,249.09846977248012,240.96094191229278,241.41302522417095,6278755
2023-02-03,245.93385314941406,246.38593645174532,243.67343663775776,245.93385314941406,2578458
2023-02-06,246.3859100341797,251.3588540730025,245.48174352646214,250.0026043114262,3385460
2023-02-07,245.4817657470703,248.6463770569135,245.4817657470703,246.83801563141216,1924807
2023-02-08,245.93385314941406,250.00263111677478,245.4817698470828,247.7421863587391,2331122
2023-02-09,240.0567626953125,248.19426188223184,240.0567626953125,246.3859287295831,4150043
2023-02-10,240.96092224121094,243.22133861607057,240.0567556912671,241.41300551618286,1822154
2023-02-13,241.86508178710938,242.76924831086995,240.50883200146856,240.96091526334882,716847
2023-02-14,245.02967834472656,245.48176163192866,242.7692619087161,243.2213451959182,1273523
2023-02-15,247.2901153564453,250.00264355173152,246.38594870681018,246.38594870681018,3624167
2023-02-16,253.61927795410156,256.33177755866365,250.90677834953945,251.35886161696646,5140050
2023-02-17,252.26304626464844,253.16721286442288,250.0026297652124,251.35887966487402,1943688
2023-02-20,254.07138061523438,263.11307490032004,254.07138061523438,258.5922136345875,5425736
2023-02-21,252.26304626464844,256.78387926352053,251.81096296476125,254.9755460639717,2066034
2023-02-22,247.7421875,252.263048790518,246.83802089117228,250.00263226844876,2170708
2023-02-23,253.61927795410156,254.07136122152858,249.09844527983137,249.09844527983137,1882640
2023-02-24,250.45468139648438,255.87968030916966,249.55051491103683,253.6192640955508,1647254
2023-03-01,252.71510314941406,253.6192696546802,250.00260363361562,250.4546868862487,1014490
2023-03-02,255.8797149658203,255.8797149658203,252.715131838139,252.715131838139,2096037
2023-03-03,253.61927795410156,257.6880273609447,253.61927795410156,256.33177755866365,1098464
2023-03-06,259.94842529296875,260.4005085283869,254.52342646795034,256.33175940962315,2389716
2023-03-07,256.7838439941406,258.59217694531407,256.33176075634725,258.59217694531407,1513700
2023-03-08,254.97552490234375,257.23594121417716,254.0713583776104,255.87969142707712,1511787
2023-03-09,250.0026092529297,254.52344188087528,249.09844272734057,254.07135861808072,3103472
2023-03-10,245.4817657470703,250.00262694125536,244.1255158627285,246.83801563141216,2000572
2023-03-13,244.57757568359375,246.38590868915713,241.8650761752487,245.48174218637544,1554403
2023-03-14,242.3171844482422,245.02968423667917,241.86510115016935,243.67343434246067,798270
2023-03-15,244.12548828125,246.38590449976957,244.12548828125,244.57757152495392,768903
2023-03-16,238.24842834472656,244.1255110612844,236.8921643638702,242.76926120361722,1354384
2023-03-17,242.3171844482422,245.02968423667917,240.96093455402368,240.96093455402368,784289
2023-03-20,246.83798217773438,248.64634335815055,243.67339954316247,244.12548277667275,957674
2023-03-21,246.3859100341797,250.45468756528498,246.3859100341797,249.09843780370866,515729
2023-03-22,249.550537109375,250.90678695818917,248.19425901418262,248.19425901418262,1225171
2023-03-23,248.6463623046875,249.5505288406044,247.29008425443493,248.6463623046875,548920
2023-03-24,250.9067840576172,252.71511716846447,250.00261750219354,250.45470077990538,805722
2023-03-27,247.7421875,252.71513209493185,247.29010419558614,252.263048790518,804919
2023-03-28,243.22134399414062,248.64637166013873,243.22134399414062,247.74217684382378,1122747
2023-03-29,248.6463623046875,249.09844557264594,244.57758464668427,244.57758464668427,1249422
2023-03-30,251.35887145996094,252.26303803022137,249.55053831944014,249.55053831944014,1096751
2023-03-31,252.26304626464844,261.3047122623927,251.81096296476125,253.16721286442288,4661750
2023-04-06,245.02967834472656,249.55053946312597,244.12551177032236,249.55053946312597,2023094
2023-04-07,245.93385314941406,248.19426966107036,245.02968654475154,245.4817698470828,811355
2023-04-10,248.19427490234375,248.64638646060192,244.57760840731825,248.19427490234375,621608
2023-04-11,250.9067840576172,251.35886733532902,248.19425614496842,249.55053422448174,706804
2023-04-12,251.8109588623047,254.97554190995837,250.90679227726076,251.8109588623047,1178969
2023-04-13,250.45468139648438,253.6192640955508,250.45468139648438,253.16718085282702,753822
2023-04-14,250.45468139648438,252.71509761010324,250.45468139648438,252.71509761010324,1103252
2023-04-17,246.3859100341797,250.90677081914373,245.9338267803209,250.90677081914373,1174220
2023-04-18,246.3859100341797,249.09843780370866,245.9338267803209,247.74215979575598,604725
2023-04-19,246.83798217773438,248.64634335815055,246.3858989442241,247.7421486447549,633912
2023-04-20,247.8104248046875,249.17201325097807,243.725631219437,246.4488081120181,1297847
2023-04-21,238.73309326171875,248.26426813027084,238.2792304819188,248.26426813027084,1712369
2023-04-24,231.47125244140625,240.09468785167,230.10966406655922,239.18696226843863,2237722
2023-04-25,227.386474609375,234.6483075668149,226.93261181493358,232.8328563890493,1184024
2023-04-26,231.9251251220703,232.3790020562275,227.84034570016982,228.74807132210566,543652
2023-04-27,236.00990295410156,237.8253682002925,232.378986584908,234.1944377079106,647279
2023-04-28,238.73309326171875,240.5485443809185,236.91762801933066,240.5485443809185,656409
2023-05-02,236.9176483154297,241.00242780674958,236.9176483154297,239.18697653202497,495356
2023-05-03,234.6483154296875,237.82538334361578,231.01739882929851,236.9176436011266,701439
2023-05-04,233.74058532714844,235.55605065411618,232.37899692431435,234.64831092903782,333279
2023-05-05,234.19444274902344,236.00990803429286,234.19444274902344,234.64830553954363,281054
2023-05-08,236.00990295410156,237.37150541954185,235.10217739260025,235.5560401733509,355489
2023-05-09,233.28672790527344,236.00991889692128,231.92512534785484,236.00991889692128,411604
2023-05-10,233.74058532714844,235.55605065411618,232.83285972525903,234.19444812809311,351542
2023-05-11,233.74058532714844,235.1021878531715,231.47125719923596,234.19444812809311,525858
2023-05-12,234.6483154296875,237.3715205339658,233.74058981038758,233.74058981038758,775309
2023-05-15,231.01739501953125,234.19444875787667,229.20192968768143,234.19444875787667,545648
2023-05-16,235.55604553222656,236.46377111437855,232.37899187150603,232.832854662582,423823
2023-05-17,237.37152099609375,238.2792466171609,233.7405902654466,234.1944530759802,944614
2023-05-18,237.82537841796875,239.64082961896847,236.91763869427993,239.18696681871853,612100
2023-05-19,236.9176483154297,239.64083935070613,236.9176483154297,239.18697653202497,398588
2023-05-22,240.54855346679688,240.54855346679688,235.5560485772348,236.00991137417782,639965
2023-05-23,241.45631408691406,244.1794909450363,240.5485602211615,240.5485602211615,758482
2023-05-24,242.81790161132812,243.27176441932423,239.6408337089769,242.364038803332,557544
2023-05-25,241.91017150878906,243.27175990752494,241.00241766325394,243.27175990752494,386554
2023-05-26,242.36402893066406,243.72561729918826,241.91016614115597,242.81789172017213,582546
2023-05-29,245.5410614013672,245.99492417783307,243.7256102955036,243.7256102955036,726401
2023-05-30,243.7256317138672,246.44880861197262,243.7256317138672,246.44880861197262,568682
2023-05-31,250.98744201660156,251.89516756610215,245.08719769847136,245.08719769847136,1928063
2023-06-01,250.07974243164062,252.349084787383,249.1720167878954,251.89519371913113,719623
2023-06-02,246.90269470214844,250.98745996704054,246.44880364855987,250.07973435262005,1045859
2023-06-05,245.99493408203125,249.62586468632267,245.99493408203125,247.81041350736575,755666
2023-06-06,244.6333465576172,246.9026887856669,243.7256209649484,245.0872093539516,643708
2023-06-07,247.3565673828125,247.3565673828125,244.63336218447364,244.63336218447364,337771
2023-06-08,249.62586975097656,249.62586975097656,245.99493907301726,247.35655573123833,691111
2023-06-09,255.07225036621094,256.4338387712291,251.89518250812392,252.34907355617463,2339722
2023-06-12,262.7879638671875,266.4188661338313,256.43382840780714,257.7954450041754,4062210
2023-06-13,259.6109313964844,265.5111766274976,259.6109313964844,265.05731378252585,1960217
2023-06-14,259.15704345703125,263.6956997136458,258.24931785498393,260.06476905907857,1247663
2023-06-15,258.70318603515625,260.9725000874598,255.9799809260134,260.51863727699913,1472598
2023-06-16,255.52610778808594,261.8802151241038,255.52610778808594,260.0647639556351,1252134
2023-06-19,261.8802490234375,265.0573172258937,257.7954833656266,257.7954833656266,2628296
2023-06-20,265.51116943359375,268.68823750869535,262.7879924375466,264.14958093557016,2520683
2023-06-21,289.5660095214844,291.8353234397505,268.2343457042754,268.2343457042754,13943374
2023-06-26,286.84283447265625,289.1121768738473,279.12713809991806,284.1196574868827,5416394
2023-06-27,280.48870849609375,285.4812275609485,277.3116406379578,281.39643409945313,4203420
2023-06-28,273.2268981933594,284.119662834223,273.2268981933594,283.21190890883406,4396095
2023-06-29,294.55853271484375,297.7355722470841,280.48870147579015,282.3041526370704,9445725
2023-06-30,292.2891845703125,296.3739778464662,287.29666573198625,289.56600788379455,5076618
2023-07-03,295.46624755859375,301.3664918647239,287.7505239107784,297.28169865390265,6881538
2023-07-04,296.8278503417969,308.62833952898774,295.4662619539774,303.63582052727196,6520818
2023-07-05,292.7430725097656,301.3665225842593,292.7430725097656,301.3665225842593,2605411
2023-07-06,290.4737243652344,295.46624304748553,288.6582450512675,290.4737243652344,2957100
2023-07-07,284.11962890625,292.28918728814466,284.11962890625,289.5660105763055,2312640
2023-07-10,283.2118835449219,288.6582653775862,282.7580207460647,284.1196373890141,1259711
2023-07-11,288.2043762207031,291.8353065258682,284.1196114045646,285.9350624339595,1514393
2023-07-12,286.84283447265625,292.28921669058315,285.0273831488072,290.01990253577185,1314520
2023-07-13,292.7430725097656,295.4662776766928,285.02737632183374,288.2044160624731,3040710
2023-07-14,295.9201354980469,300.4587918686716,293.1969303771206,299.0971751850191,3003519
2023-07-17,288.2043762207031,298.6432761324743,287.7505134633544,298.6432761324743,2374403
2023-07-18,285.93505859375,290.9275771039099,284.11960758873727,290.9275771039099,1697931
2023-07-19,276.8577575683594,288.6582460409097,275.9500320314518,287.75052050400217,2861276
2023-07-20,279.1271057128906,281.39641960439417,275.04231246180774,276.85776357501055,2198537
2023-07-21,276.8577575683594,278.6732368885505,272.31910163744556,277.765483105267,1554529
2023-07-24,280.9425964355469,283.2119106469958,273.6807627125297,277.311665450848,1874346
2023-07-25,285.74212646484375,290.48081595788545,282.8989186107065,284.79440024961093,1665526
2023-07-26,287.16375732421875,290.0069654450127,284.79442695970425,286.6898795679392,1002297
2023-07-27,290.0069274902344,292.37625754466177,285.7421158672024,287.1637197415464,1314379
2023-07-28,292.8501281738281,294.2717320138755,285.7421089735912,290.0069204937334,2698522
2023-07-31,286.68988037109375,293.7979006929917,286.68988037109375,293.7979006929917,2063692
2023-08-01,288.1114196777344,295.2194384019892,288.1114196777344,289.0591749799251,1435239
2023-08-02,282.8988952636719,292.850121931899,281.95116912665287,290.0069143124055,1248111
2023-08-04,276.7386779785156,285.2682730592515,274.84319617810695,284.79442451548033,1861813
2023-08-07,281.00341796875,281.951173328329,275.7908803248128,280.05569181760785,524102
2023-08-08,278.1602783203125,281.0034571703791,276.7386742910587,279.58188234956623,489846
2023-08-09,269.1567687988281,278.16027046602096,267.73516480971557,276.7386664769084,2886581
2023-08-10,261.57489013671875,271.0522399586967,259.67940848894756,269.1567583109255,3497210
2023-08-11,256.8362121582031,266.3135624058893,255.8884858959666,266.3135624058893,2584939
2023-08-14,254.94073486328125,255.8884610334352,249.72816790634093,255.8884610334352,2166235
2023-08-15,253.04527282714844,255.88848076529075,252.09754658391424,253.04527282714844,1486497
2023-08-16,255.41458129882812,256.8361851468938,252.09752512563296,253.04525128819768,504032
2023-08-17,254.94073486328125,257.31006489288484,249.72816790634093,253.04525331453593,1178472
2023-08-18,250.20204162597656,256.836183128673,249.25431547085907,253.99297545488352,1187294
2023-08-21,248.7804718017578,252.0975576108286,246.88501923238104,252.0975576108286,1151225
2023-08-22,249.2543182373047,254.46685596095972,247.8327143846317,254.46685596095972,1358863
2023-08-23,253.99298095703125,256.3623402088069,246.88499082701705,251.14977322165052,1446839
2023-08-24,256.8362121582031,258.2578161557781,252.5714001654783,253.99300416305323,1150959
2023-08-25,253.04527282714844,256.8362070085249,252.57139510131148,252.57139510131148,648175
2023-08-28,227.93028259277344,240.72470308592995,227.93028259277344,239.77697688893713,6755646
2023-08-29,230.29962158203125,232.19510325764543,221.77001245864625,227.45642827704938,3052473
2023-08-30,235.5121612548828,237.88149131199737,230.77348653643477,230.77348653643477,1870772
2023-08-31,236.4598846435547,238.35536619192422,234.09055461442088,234.5644176994039,930769
2023-09-01,240.72470092773438,243.09404560741262,236.933766965312,237.8814931538081,1230146
2023-09-04,239.3031005859375,241.19856759522918,236.4598927698904,238.35537438340128,1021370
2023-09-05,242.6201629638672,245.46338528406199,237.88148830531327,239.3030921633013,874585
2023-09-06,238.82923889160156,243.56791374485567,237.4076349752034,242.6201729325171,1074954
2023-09-07,238.82923889160156,241.19856901611894,236.9337718711438,236.9337718711438,591018
2023-09-08,238.35537719726562,239.30310341099008,235.9860324545157,236.93377327245955,916072
2023-09-11,235.5121612548828,237.88149131199737,233.6166942883474,237.40762822141824,890308
2023-09-12,241.19857788085938,241.19857788085938,237.88150682209155,238.82924766926232,843024
2023-09-13,244.98951721191406,252.57138527983915,241.19856857373225,241.19856857373225,2666178
2023-09-14,244.98951721191406,248.3066027469054,244.51565410872357,245.93724341829505,757388
2023-09-15,246.41111755371094,249.25432534007714,244.5156505642065,246.88499525425135,749865
2023-09-18,245.93724060058594,245.93724060058594,242.14630661005623,244.04177360532108,724389
2023-09-19,245.93724060058594,245.93724060058594,243.56791050755965,245.46339210704363,444988
2023-09-20,259.679443359375,260.62716970630424,244.9895535439786,246.88503544628,3944457
2023-09-21,253.99298095703125,259.6793964277927,251.62365091369318,256.83618869241195,2301501
2023-09-22,259.20556640625,261.57489661834495,251.14979110993573,251.6236688357306,2001118
2023-09-25,259.679443359375,261.1010474839903,257.3101128878304,258.73171701244576,817213
2023-09-26,258.731689453125,259.67941569910533,253.04527356036363,259.67941569910533,908511
2023-09-27,255.41458129882812,258.2577889949595,253.51912897369866,258.2577889949595,666651
2023-09-28,255.88845825195312,256.8361844118054,253.04525056395923,255.88845825195312,595932
2023-10-02,253.99298095703125,255.4145848247216,252.5713770893409,254.4668586490739,1222688
2023-10-03,253.99298095703125,258.25779256010236,253.51913247342623,253.99298095703125,537255
2023-10-04,256.36236572265625,256.36236572265625,250.20207194676365,252.57140222590363,595789
2023-10-05,252.09751892089844,257.7839341732047,252.09751892089844,257.310056499367,667735
2023-10-06,246.41111755371094,252.09753312644332,243.56790976734476,252.09753312644332,1378886
2023-10-11,243.09405517578125,248.30660783455585,240.72471040284375,246.41112617451805,990802
2023-10-12,246.41111755371094,246.88499525425135,241.1985650772999,244.98951366052785,540720
2023-10-13,242.1463165283203,244.98952443978436,241.67245341114955,243.09405736688157,617245
2023-10-16,243.5679168701172,245.46339851911554,239.7769827805595,239.7769827805595,440872
2023-10-17,253.99298095703125,254.94073634111658,245.93723544293172,247.3588393106221,1573527
2023-10-18,250.67593383789062,255.88847180583096,249.7281784194006,255.88847180583096,1024214
2023-10-19,251.1497802734375,258.2577998114684,249.72817636583133,250.20205407117953,1119601
2023-10-20,244.98951721191406,247.35884733208584,242.62017248752304,246.41112112570485,988626
2023-10-23,245.46339416503906,249.72817668486755,243.09404944792877,243.09404944792877,449909
2023-10-24,251.62367248535156,252.0975502180197,244.51566714175038,249.7281907631192,554158
2023-10-25,247.8327178955078,252.57137799925547,247.8327178955078,252.09752951394333,373940
2023-10-26,244.51564025878906,250.67591866821016,244.51564025878906,245.46338101570709,488633
2023-10-27,244.04177856445312,250.20205737741023,244.04177856445312,247.35884952462703,390630
2023-10-30,244.51564025878906,246.4111071684067,242.620158744953,245.46338101570709,240538
2023-10-31,238.35537719726562,245.46339682129596,237.4076363793218,245.46339682129596,1037209
2023-11-01,238.35537719726562,239.77698112207167,235.5121693476535,238.35537719726562,396109
2023-11-02,240.72470092773438,242.62016790894555,239.77697473923828,240.72470092773438,300018
2023-11-03,237.4076385498047,243.56791741221107,237.4076385498047,241.6724503632136,481009
2023-11-06,242.6201629638672,243.56790373726545,238.82922907871153,239.3030921633013,453350
2023-11-07,243.5679168701172,244.9895208047562,241.19857211097903,243.5679168701172,261167
2023-11-08,249.72817993164062,249.72817993164062,244.51565653635498,244.98951964425012,616626
2023-11-09,247.35885620117188,249.72818640629632,245.9372522364093,249.72818640629632,514478
2023-11-10,243.5679168701172,248.30660638839353,241.67244982533836,245.46339851911554,472087
2023-11-13,240.72470092773438,244.51564949437577,239.77697473923828,242.62016790894555,755872
2023-11-14,241.6724395751953,243.0940434495393,239.30309491654904,239.30309491654904,268697
2023-11-15,245.93724060058594,247.35884449808935,243.56791050755965,244.51565130730162,592491
2023-11-16,246.41111755371094,248.30659914743444,244.98951366052785,247.3588437463536,404297
2023-11-17,248.30661010742188,249.2543363418962,245.93725070857698,246.41112843003384,386642
2023-11-20,247.35885620117188,250.20206413069704,244.51566287586652,248.30661164997335,385081
2023-11-21,252.57138061523438,253.51913601255035,245.46339038599274,249.7281728401625,1575360
2023-11-22,255.88845825195312,255.88845825195312,252.097524404107,253.51912824810393,2587178
2023-11-23,256.36236572265625,258.7316960017962,254.94076171348414,255.88848798345202,1786862
2023-11-24,252.57138061523438,257.3100699765002,250.67592823747847,256.36234378762225,1252380
2023-11-27,250.67593383789062,253.04526396723827,249.2543299185943,253.04526396723827,518208
2023-11-28,252.09751892089844,252.09751892089844,250.67591510782185,251.62364124706073,307846
2023-11-29,252.57138061523438,254.9407399000863,251.62365442635644,253.04525831389236,583005
2023-11-30,250.20204162597656,254.46685313666075,249.72816394419934,253.99297545488352,1214311
2023-12-01,257.7839660644531,259.6794185774232,250.67594611971526,252.09755010866283,1910805
2023-12-04,261.57489013671875,264.41809800415604,260.1532862030001,261.57489013671875,2280184
2023-12-05,256.8362121582031,260.6271464155895,256.362363631305,260.6271464155895,849487
2023-12-06,256.36236572265625,257.78396973182834,253.99300623507574,256.8362142534199,706339
2023-12-07,254.94073486328125,260.1532726117841,254.94073486328125,256.83618720358913,424841
2023-12-08,252.57138061523438,257.7839476751582,252.57138061523438,256.8361922778422,613163
2023-12-11,257.31005859375,258.7316624183978,254.46685094445448,254.94072862214932,621540
2023-12-12,254.94073486328125,258.2577910630388,253.99297948468984,257.78394258218054,383046
2023-12-13,250.67593383789062,256.36234951507595,250.2020561286456,254.94074559577962,806177
2023-12-14,253.51913452148438,255.41458688809223,251.14977525056779,253.04525682561348,778902
2023-12-15,257.7839660644531,260.6271448339082,254.940758086558,255.41460661058042,1552411
2023-12-18,252.57138061523438,257.3100699765002,252.57138061523438,257.3100699765002,663039
2023-12-19,250.20204162597656,254.46685313666075,250.20204162597656,254.46685313666075,503228
2023-12-20,250.67593383789062,253.04526396723827,250.67593383789062,252.09753775718696,436304
2023-12-21,246.41111755371094,249.7281738321794,246.41111755371094,249.25432534007714,890263
2023-12-22,244.51564025878906,248.30658868224273,244.51564025878906,248.30658868224273,669094
2023-12-25,246.41111755371094,248.78044763953673,244.98951366052785,246.88499525425135,321529
2023-12-26,248.7804718017578,248.7804718017578,246.41114148581636,247.35886777050473,323273
2023-12-27,251.1497802734375,251.6236579787857,249.25432786892156,249.25432786892156,467153
2023-12-28,251.62367248535156,252.0975502180197,249.7281907631192,251.14979475268345,275858
2023-12-29,253.04527282714844,254.4668767962196,252.57139510131148,252.57139510131148,391784
2024-01-02,251.1497802734375,253.99298808864984,249.72817636583133,253.04526188639187,384121
2024-01-03,248.7804718017578,251.14980211769924,248.30662326363412,249.2543495483225,254575
2024-01-04,245.46339416503906,250.20205439082116,245.46339416503906,248.3066019838837,405046
2024-01-05,242.6201629638672,245.46338528406199,242.6201629638672,245.46338528406199,661059
2024-01-08,238.82923889160156,243.56791374485567,238.82923889160156,241.67244672439787,728874
2024-01-09,240.72470092773438,242.62016790894555,238.82923394652317,239.77697473923828,632421
2024-01-10,235.98602294921875,240.25083455185433,234.56441908167358,240.25083455185433,989135
2024-01-11,233.61671447753906,236.9337856066926,232.668973610258,236.9337856066926,1062756
2024-01-12,233.61671447753906,233.61671447753906,230.77350647991602,233.61671447753906,838849
2024-01-15,232.66896057128906,234.56442759540744,232.19509746631428,234.56442759540744,469839
2024-01-16,231.24734497070312,234.09055266536592,231.24734497070312,232.66894881803452,714361
2024-01-17,228.40415954589844,233.61671236242069,227.45643329141805,231.24736751777965,597019
2024-01-18,227.45640563964844,228.87800945276535,224.13933494378176,228.87800945276535,948863
2024-01-19,227.45640563964844,228.87800945276535,225.56093875689865,227.45640563964844,921559
2024-01-22,227.93028259277344,229.82574959097826,227.45641949427701,227.93028259277344,955060
2024-01-23,232.66896057128906,235.03830530460152,229.82575273300182,231.24735665214544,1245352
2024-01-24,232.66896057128906,234.56442759540744,232.19509746631428,233.14282367626382,385662
2024-01-25,229.35189819335938,232.6689692605001,229.35189819335938,232.6689692605001,427724
2024-01-26,220.34840393066406,230.7734945132881,217.9790737916519,228.40414977005653,4422858
2024-01-29,223.1916046142578,224.61320849370574,220.82225994710498,222.7177415225148,915129
2024-01-30,222.71774291992188,226.50867688608932,222.2438652209867,226.03481379137315,631076
2024-01-31,218.92678833007812,224.13934064551145,218.92678833007812,223.66546295960566,1331033
2024-02-01,220.82228088378906,222.24388489802263,219.8745546104469,221.29615862468046,536550
2024-02-02,220.34840393066406,222.71774867389564,219.8745408237055,220.82226703762262,527513
2024-02-05,216.55747985839844,219.40068783977262,210.8710638956501,219.40068783977262,2231755
2024-02-15,220.34840393066406,221.77000785575913,215.60972904842032,217.50519608047392,1414246
2024-02-16,224.61322021484375,225.56096105200524,219.40068212100473,221.77001230757892,1253846
2024-02-19,232.66896057128906,234.56442759540744,225.08707787059618,226.5086817897398,2489922
2024-02-20,231.72120666503906,233.61668818628345,229.8257397480132,233.1428105038631,1298379
2024-02-21,230.29962158203125,231.72122553663203,228.40415451063677,231.72122553663203,751543
2024-02-22,230.7734832763672,233.61669098811464,230.2996055882635,233.61669098811464,857449
2024-02-23,231.24734497070312,234.56441574640354,229.8257411233717,232.66894881803452,1392142
2024-02-26,228.40415954589844,232.6689715037203,226.50869243271762,230.77350439053947,1788527
2024-02-27,228.40415954589844,232.6689715037203,226.50869243271762,230.77350439053947,1178038
2024-02-29,229.8257598876953,234.0905717778938,227.45642968484267,231.7212269708214,1240127
2024-03-01,226.03482055664062,230.77349545828892,223.66547580370676,230.77349545828892,1373921
2024-03-04,234.56443786621094,239.3031129361075,231.24736677770534,231.24736677770534,3139116
2024-03-05,235.98602294921875,236.93376372898848,231.24734825880773,234.56441908167358,1082236
2024-03-06,235.03829956054688,237.88149272513056,235.03829956054688,237.88149272513056,736914
2024-03-07,230.29962158203125,235.98603740043438,229.82575846523756,235.5121742836407,898188
2024-03-08,230.29962158203125,233.6167072122462,228.87803223165017,232.19510325764543,685433
2024-03-11,227.93028259277344,238.3553729892287,226.98254179156146,235.5121651898119,1787933
2024-03-12,231.72120666503906,233.61668818628345,228.87801359160952,230.29960282621502,1067313
2024-03-13,231.72120666503906,233.61668818628345,230.29960282621502,231.24734358683722,704568
2024-03-14,231.72120666503906,232.66894742566126,228.40413590918916,231.24734358683722,681815
2024-03-15,232.19509887695312,234.0905659125869,230.2996172370999,231.7212211648801,636118
2024-03-18,232.66896057128906,235.5121684095763,231.24735665214544,234.56442759540744,552406
2024-03-19,239.3031005859375,240.25084139269293,233.6166995580625,234.0905626593306,1401123
2024-03-20,240.25082397460938,244.515635389483,238.35535710273825,241.19855010843585,1028547
2024-03-21,244.51564025878906,245.93722948783844,240.72469183533536,242.1462956686032,1988976
2024-03-22,248.7804718017578,249.72819808644618,243.56793342331025,244.51567431221912,2190468
2024-03-25,246.88499450683594,249.7281730761566,244.98951291885078,248.78044688638303,1200297
2024-03-26,242.6201629638672,246.88498914205005,240.25083293669957,245.46338528406199,1691917
2024-03-27,238.82923889160156,245.46339536953275,237.881498079263,243.56791374485567,898529
2024-03-28,243.5679168701172,245.93724702503587,239.7769827805595,239.7769827805595,941914
2024-03-29,243.09405517578125,244.5156591186998,242.620177458662,242.620177458662,418091
2024-04-01,240.72470092773438,243.56790870166066,238.35537085227514,242.62016790894555,993927
2024-04-02,243.09405517578125,244.5156591186998,237.40763940410696,242.620177458662,631739
2024-04-03,243.09405517578125,245.46339994871872,240.72471040284375,241.19857351574342,401355
2024-04-08,241.6724395751953,245.46338810818557,239.77697261080962,245.46338810818557,652869
2024-04-09,240.72470092773438,243.09404560741262,239.30309704077123,240.25083783348632,525614
2024-04-10,242.1463165283203,245.93725067412592,241.19857568975905,242.1463165283203,667673
2024-04-11,237.4076385498047,241.1985726477996,237.4076385498047,241.1985726477996,622210
2024-04-12,234.56443786621094,237.88150895471654,234.56443786621094,237.40764582899288,692071
2024-04-15,230.29962158203125,238.82924530963595,230.29962158203125,234.0905703290399,1705158
2024-04-16,220.82228088378906,228.40416409162796,219.40069147377582,228.40416409162796,2122151
2024-04-17,223.1916046142578,224.61320849370574,220.34839685536198,221.7700007348099,1882617
2024-04-18,221.296142578125,224.6132135027368,220.3484017692848,223.19160959158614,1360356
2024-04-19,214.66200256347656,220.34840365245793,211.34491700629653,218.92679972915775,1444276
2024-04-22,214.18812561035156,216.08359264671515,212.29265857398798,213.2403993942795,1410743
2024-04-23,215.1358642578125,216.55746817178212,212.76651953312336,215.6097273610626,1025967
2024-04-24,223.1916046142578,223.1916046142578,215.60972212527525,219.87453376361898,1441535
2024-04-25,221.296142578125,224.6132135027368,220.82226487159525,220.82226487159525,461833
2024-04-26,219.87454223632812,222.71775010478495,218.9268014121027,222.71775010478495,687705
2024-04-29,218.92678833007812,220.34839217935823,217.505184480798,219.8745290976711,923634
2024-04-30,218.45294189453125,225.08708396054848,218.45294189453125,223.665480002942,1261815
2024-05-02,214.18812561035156,217.97907428729818,214.18812561035156,217.97907428729818,1179803
2024-05-03,213.2404022216797,217.03133634467167,213.2404022216797,215.60973239749478,1236179
2024-05-06,215.1358642578125,217.50519437828234,213.24039724059276,213.71426034384288,799030
2024-05-07,216.55747985839844,218.45294697790786,215.13587586771135,217.03134298722077,824724
2024-05-08,217.0313262939453,217.97906708291322,215.13585932022843,216.0835855049774,530487
2024-05-09,212.2926483154297,218.4529268390945,212.2926483154297,217.03132297946271,833537
2024-05-10,216.08358764648438,216.55746534777418,212.76651675855112,214.1881206539824,500188
2024-05-13,217.97906494140625,218.9267911168444,216.08358338209234,216.55746107403024,483046
2024-05-14,220.34840393066406,220.82226703762262,218.45293689861046,218.45293689861046,608356
2024-05-15,220.82228088378906,223.6654889122562,220.82228088378906,223.19162577558512,1252383
2024-05-16,219.87454223632812,222.71775010478495,217.97907519209673,221.77000928055952,1089834
2024-05-17,227.93028259277344,232.19509429189867,219.40067379874216,219.40067379874216,2974133
2024-05-20,228.40415954589844,234.0905754896609,228.40415954589844,230.77350439053947,1675891
2024-05-21,245.46339416503906,249.25432818735243,229.35188805965913,231.24735507081581,5242546
2024-05-22,246.41111755371094,248.30659914743444,240.2508388846572,244.5156505642065,4139848
2024-05-23,252.09751892089844,254.94072654705158,242.6201552989819,246.41110366859215,4293890
2024-05-24,249.72817993164062,255.41459564326033,249.2543314279649,251.62366157166014,2434982
2024-05-27,250.20204162597656,254.46685313666075,249.25431547085907,253.04524929976603,1765989
2024-05-28,252.09751892089844,255.41457501245276,244.9894998555156,251.14976357322305,4746166
2024-05-29,247.8327178955078,250.6759256411315,244.0417693666033,250.6759256411315,2378806
2024-05-30,253.99298095703125,257.7839440764973,245.93723544293172,246.41111313497439,3827040
2024-05-31,262.5225830078125,266.31351661334884,251.14975298276818,254.9407157967398,9752481
2024-06-03,262.5225830078125,266.31351661334884,254.46683814288454,266.31351661334884,3688454
2024-06-04,271.9999694824219,273.895451153218,262.5226195453199,263.4703457764983,5416750
2024-06-05,270.5783386230469,276.73863153417796,264.41807492035224,274.36927237920025,5473288
2024-06-06,261.1009826660156,270.5783314078975,258.73165278265407,270.5783314078975,3558843
2024-06-07,272.9476623535156,276.7386252317705,259.2055314514757,262.0487097975132,5480651
2024-06-11,275.7908935546875,285.26824314605454,275.7908935546875,277.2124974538145,9922984
2024-06-12,268.20904541015625,275.79091396086835,263.4703556596309,275.79091396086835,5819305
2024-06-13,288.1114196777344,294.74556075089384,275.790863625171,277.68634502111735,9657054
2024-06-14,306.59228515625,312.75254891578,288.11143546078677,295.69333225148137,9711067
2024-06-17,332.6550598144531,333.6027861236018,305.17073397316574,312.7526028632387,9871378
2024-06-18,316.06964111328125,331.7072542949935,308.0138956787439,331.7072542949935,8727929
2024-06-19,323.17767333984375,338.34140944220724,320.334465518541,326.9686073654346,12691641
2024-06-20,322.22991943359375,323.17767485075126,313.226447429668,318.4389853902797,6421025
2024-06-21,314.6480712890625,321.28221358743747,310.3832592668699,317.9651278340297,7915989
2024-06-24,312.7525939941406,318.9128878500166,312.7525939941406,317.49128382238683,4154453
2024-06-25,320.33447265625,322.22992510706075,303.2752253483183,315.1219053954226,7233924
2024-06-26,341.65850830078125,351.13585833876704,324.1254121909295,327.91634636443587,14651281
2024-06-27,341.18463134765625,346.3971694990728,336.44597092216475,338.8153011349105,6326818
2024-06-28,354.4529113769531,367.7211943674174,352.08355217916977,360.13929750969714,7076648
2024-07-01,346.39715576171875,358.2438647725123,344.9755518487611,356.8222608595546,3259744
2024-07-02,347.8187561035156,357.76998339204715,346.397152205154,346.8710299074206,4092627
2024-07-03,368.195068359375,374.35536180876244,353.0313320098283,353.0313320098283,9322701
2024-07-04,363.4564208984375,371.98604480286207,362.98254316760057,371.98604480286207,4227561
2024-07-05,364.87799072265625,368.1950469026521,360.6131791697153,363.93026455814845,2805495
2024-07-08,363.4564208984375,366.77347738897595,353.50519300994216,360.61321293029596,3698113
2024-07-09,359.19158935546875,364.8780049816076,353.979051434321,364.4041272766166,3073968
2024-07-10,365.82574462890625,367.72122631009955,359.19160255738893,360.61320651617405,3274186
2024-07-11,380.989501953125,387.1497953732353,364.4041325401373,369.616670536576,7350239
2024-07-12,365.82574462890625,376.2508500628102,365.82574462890625,368.6689525464765,4560487
2024-07-15,398.0487060546875,402.31351768787727,369.6166577085268,376.250828610225,7607755
2024-07-16,389.9929504394531,400.41805501045394,388.09749812358905,391.8884319637543,2943245
2024-07-17,368.6689453125,389.5191265627487,367.7212190947193,389.5191265627487,5894447
2024-07-18,369.6166687011719,371.9860280401466,354.92678100003417,356.34838492004354,6167335
2024-07-19,371.5121154785156,384.7803980149251,364.40409654528344,369.1427855702502,6378777
2024-07-22,367.7212219238281,378.14629802493965,358.71772055610535,369.142825865656,3072242
2024-07-23,385.4971008300781,392.7706378016464,383.07259846908426,385.0122182910313,4989118
2024-07-26,370.46514892578125,380.16318837818335,358.827489627464,358.827489627464,6031948
2024-07-29,367.07080078125,384.5272887354518,367.07080078125,374.3443374288341,3156844
2024-07-30,379.6782531738281,383.0725802284624,367.07079965296305,369.49533178709544,3809905
2024-07-31,367.55572509765625,379.1933841109005,367.55572509765625,374.3443495591867,2673105
2024-08-01,402.4686584472656,403.92336577403603,378.22354629728704,378.22354629728704,7954556
2024-08-02,366.5859375,393.7404358911031,366.5859375,381.1329816699233,7097233
2024-08-05,335.5522155761719,349.12946542486503,330.2182981276559,341.8559280457122,4934389
2024-08-06,345.250244140625,366.5859431242482,327.7937848911785,361.7369084008209,5559049
2024-08-07,360.2821960449219,368.0406455185726,348.15965423503945,349.6143616433123,4610178
2024-08-08,355.9180908203125,360.76712570902873,349.12946588698037,353.0086758648004,2507157
2024-08-09,371.91986083984375,381.1329879701374,366.5859435597481,366.5859435597481,4127285
2024-08-12,374.3443298339844,378.22353933779783,368.52550063397183,371.919827630174,1817407
2024-08-13,376.76885986328125,378.7084797027269,369.49535271468034,376.28397731985996,1623763
2024-08-14,379.1933898925781,385.497102028476,375.31415023662464,384.0423946296401,1842729
2024-08-15,371.91986083984375,384.5273152694276,370.95006584944105,376.2839831295367,1469559
2024-08-16,392.2857360839844,397.61965337922925,374.82927676422037,376.7688667505345,5031068
2024-08-19,407.8025817871094,411.1969088993541,392.77062576556597,396.1649528778107,5183898
2024-08-20,412.6516418457031,430.10810123676094,409.2573145229096,414.10634928567356,5574910
2024-08-21,404.4082946777344,414.1063339556581,404.4082946777344,409.25729937240305,2221277
2024-08-22,411.1969299316406,421.3798520120494,400.5290655250683,405.37810023507154,3537777
2024-08-23,416.53082275390625,425.7439493072402,404.8931640435178,404.8931640435178,4162538
2024-08-26,418.4704284667969,433.0175024058913,414.10633617365505,425.74396543634407,4372200
2024-08-27,455.322998046875,458.23241284870943,406.8328011639456,428.1684997478692,11816138
2024-08-28,437.3816223144531,463.0814129551706,433.50241258038454,462.5965304187785,6769242
2024-08-29,428.1684875488281,432.5325797386548,417.9855360325323,430.59298985175093,7005736
2024-08-30,441.7457275390625,441.7457275390625,424.2892395720733,429.6231564880138,3595890
2024-09-02,425.25909423828125,440.77593366900453,424.2892693574206,440.77593366900453,3377840
2024-09-03,419.9251403808594,434.9571269092596,418.95534540400956,431.5627996574049,3512897
2024-09-04,403.4384765625,410.712013614506,387.4367249366736,394.71026198867963,5200555
2024-09-05,399.55926513671875,408.28750956357214,396.16496778533354,406.3478897280758,4652964
2024-09-06,407.31768798828125,411.19692769057644,388.4065214660866,398.10456094465076,2665499
2024-09-09,400.529052734375,405.3780872895268,392.7706333124355,396.64984302340525,2433223
2024-09-10,385.4971008300781,404.89317949520245,382.10280350240396,403.43847210088876,2841607
2024-09-11,389.37628173828125,404.4082669954002,386.4668671651992,397.6196130658191,3398882
2024-09-12,408.2875061035156,417.9855454216372,401.0139691427778,401.0139691427778,5361780
2024-09-13,400.0441589355469,411.1969052208877,399.07433411867527,407.3176657305719,2201060
2024-09-16,400.529052734375,403.92337991183985,390.83101351265753,400.529052734375,1719407
2024-09-18,397.134765625,410.22710247118374,395.6800582100255,398.104560605454,1429191
2024-09-19,403.92340087890625,408.28752323850216,397.6196586188496,400.04419096657244,1448324
2024-09-20,421.86474609375,428.6533704815031,404.40828765218276,408.2874973182437,6325214
2024-09-23,437.3816223144531,440.29103708715115,423.3194608759414,426.7137880736179,4682557
2024-09-24,447.07965087890625,462.5965193318793,433.98728471554557,434.4721971289023,6880141
2024-09-25,446.10986328125,455.80790248786036,436.41182407463964,454.83807764518906,4493394
2024-09-26,449.0192565917969,455.80788072341437,442.71551496977617,446.1098419798773,2508796
2024-09-27,449.504150390625,464.5361063373452,446.1098531838613,452.4135650756141,3388563
2024-09-30,447.07965087890625,459.6871046289103,443.2004412378094,447.07965087890625,2502651
2024-10-01,464.5361328125,464.5361328125,437.8665464944377,453.38338584727865,4108436
2024-10-04,418.4704284667969,459.2022056076748,418.4704284667969,459.2022056076748,6625553
2024-10-07,441.2608337402344,445.1400434891751,422.83455007203264,422.83455007203264,4186898
2024-10-08,431.077880859375,440.7759201504324,424.2892563444935,438.3514177998146,2521097
2024-10-09,430.593017578125,434.4722274903054,420.41006540613733,431.56281258402316,3362356
2024-10-11,442.2306213378906,445.6249484920319,430.5929922849478,430.5929922849478,2184886
2024-10-14,443.6853332519531,443.6853332519531,429.1382893145669,442.2306258693559,2218953
2024-10-15,452.89849853515625,460.65691812998864,442.7155466644253,442.7155466644253,2458404
2024-10-16,453.38336181640625,457.7474838612995,440.29102557031206,452.4135668804029,3079257
2024-10-17,450.9588928222656,459.20222510828734,444.1702679919294,456.29281019691643,2032239
2024-10-18,456.7776794433594,469.87004530626365,446.59472821665605,455.8078845274874,3453944
2024-10-21,465.5059509277344,469.38516070960503,454.3532041244895,461.62674114586366,2970604
2024-10-22,480.052978515625,494.60005205636475,468.90023209725314,475.2039739277689,5263161
2024-10-23,473.749267578125,485.87180896205285,471.80964780571884,483.93218918964664,2263324
2024-10-24,462.1116027832031,491.69063207296944,462.1116027832031,484.9020077896532,3592025
2024-10-25,455.322998046875,479.0831990027984,451.9286708152059,475.20398922988136,3642150
2024-10-28,455.8078918457031,466.47572575732715,438.3514037482251,458.7173065286161,2626126
2024-10-29,438.3514099121094,454.83807342138687,437.38161496703003,452.89848353122824,2331635
2024-10-30,457.26263427734375,463.5663466483431,438.35143738717017,439.80614484026046,2421211
2024-11-01,454.83807373046875,466.4757326336722,446.5947419702283,446.5947419702283,1911991
2024-11-04,466.4757385253906,470.3549482459253,453.3833720939266,459.2022016190217,2680422
2024-11-05,468.41534423828125,474.7190561084378,465.021017154561,466.4757244920718,1300946
2024-11-06,474.71905517578125,480.0529721066464,468.90022583717,478.1133822528329,2281127
2024-11-07,479.08319091796875,492.6604398383471,475.20398121051585,475.20398121051585,4408448
2024-11-08,505.2679443359375,525.6337886599904,499.4490847041422,525.6337886599904,5283375
2024-11-11,555.6976928710938,555.6976928710938,510.1169403738421,520.7847747928334,7081464
2024-11-12,553.7581176757812,576.063611974446,546.9695227632867,564.4259523791121,8640782
2024-11-13,548.9091186523438,561.5165434976091,545.0298788199366,555.6977136375863,3324575
2024-11-14,556.66748046875,561.5164849205316,550.8486512157442,556.66748046875,3281662
2024-11-15,578.003173828125,581.8824134300129,531.4525974913322,547.9392611893041,7487169
2024-11-18,544.06005859375,578.0031496366479,544.06005859375,578.0031496366479,3832558
2024-11-19,582.8522338867188,587.7012385196931,545.9996671663353,555.697676432284,4698681
2024-11-20,580.91259765625,596.429496528927,567.3353485033911,578.0031828536964,4546091
2024-11-21,622.6141357421875,633.2820292831245,576.0635612379454,580.9125657165358,5448516
2024-11-22,613.885986328125,641.0404846773636,609.0369217979818,624.5538206955277,4236013
2024-11-25,609.0369262695312,622.6141755438348,604.1879214809602,622.6141755438348,2321421
2024-11-26,601.2784423828125,612.916100453194,588.6710193246776,603.218032135487,2696999
2024-11-27,600.3086547851562,618.7349677964886,599.3388897373611,601.2784796101225,2670565
2024-11-28,585.7616577148438,609.0369161807308,576.0635885211778,604.1879114724843,3695393
2024-11-29,627.4631958007812,638.13102949319,582.8522114309488,583.821976453878,5530031
2024-12-02,637.1612548828125,654.6177439966359,622.6141806212929,630.3726600788863,4225089
2024-12-03,652.6781005859375,683.7118365440496,642.0102071494229,661.4063444282662,4934350
2024-12-04,706.9871215820312,712.8059510398989,661.4063705316303,673.0439696701937,6658808
2024-12-05,699.228759765625,706.0174146174559,681.77226995564,700.1985846807942,3731226
2024-12-06,688.5609130859375,715.71541247665,683.7119081469907,707.9569926189001,3150300
2024-12-09,682.7420043945312,702.1380816873294,675.9533504423259,696.319252521773,2656318
2024-12-10,661.4063720703125,681.7722154430562,642.9800588184744,672.0742061754967,4844473
2024-12-11,665.2855224609375,672.0741764699092,644.919620211192,649.7686844078157,3897572
2024-12-12,674.983642578125,686.621242117328,668.1949880511804,675.9534076697072,3731863
2024-12-13,681.772216796875,692.4400509232427,665.2855531875482,670.1345578309567,3014052
2024-12-16,661.4063720703125,711.8361278605313,650.7384781879563,688.5608697520854,5239227
2024-12-17,655.5875244140625,667.225123256893,648.7988702933386,665.2855334126162,3167379
2024-12-18,590.6106567382812,644.9196524131165,590.6106567382812,642.9800625039217,9457228
2024-12-19,611.9462890625,611.9462890625,587.7012074041018,590.610621985283,7603871
2024-12-20,601.2784423828125,623.5839337586546,597.3992628774637,609.0368611706776,3515584
2024-12-23,594.4899291992188,610.0067688849448,593.52010430242,604.1879390585036,2040545
2024-12-24,582.8522338867188,604.1879020935436,582.8522338867188,597.3993075628138,2560660
2024-12-25,573.1541748046875,598.3690830224156,573.1541748046875,593.5200783051682,3238348
2024-12-26,583.822021484375,590.61067605434,573.1541869691506,580.9126066368434,1788118
2024-12-27,582.8522338867188,596.4294827253501,579.9428191514997,583.8219989470105,1946844
2024-12-30,583.822021484375,593.5200909018716,573.1541869691506,584.791846359277,1855416
2024-12-31,593.5200805664062,605.1577397538762,576.0635917852014,581.8824213789363,2943859
2025-01-02,586.7313842773438,615.825530171439,580.9125550985246,591.5804484444723,5160852
2025-01-03,586.7313842773438,603.2180470249414,582.8522046762437,593.5200382450223,3517906
2025-01-06,609.0369262695312,611.9463410981087,587.7012573780793,595.4596769952278,3233339
2025-01-07,606.1275024414062,627.4632307932475,606.1275024414062,616.7953965059133,3390445
2025-01-08,620.674560546875,626.4933899693082,603.2180722795756,605.157721938501,3000131
2025-01-09,623.583984375,641.0404728975163,617.7651548674946,620.6745696212473,4367259
2025-01-10,601.2784423828125,636.1914165939569,593.5200235949474,620.6745192410591,3471575
2025-01-13,575.0938110351562,600.3086588847643,560.5467374471734,600.3086588847643,4813323
2025-01-14,566.3656005859375,581.882440151722,560.5467708044745,581.882440151722,2565357
2025-01-15,525.6337890625,570.2447772764721,518.8451942083421,568.3051872863091,7873869
2025-01-16,539.2109985351562,545.9996526627282,527.5733996805864,537.271408688923,3619911
2025-01-17,544.06005859375,551.818477695636,523.6941561462753,533.3921650793404,5191008
2025-01-20,598.3690795898438,598.3690795898438,551.8185030615288,552.788327910284,4514774
2025-01-21,593.5200805664062,609.0369196315839,582.8522462369499,598.3690853021276,4849675
2025-01-22,617.7651977539062,622.614202754397,599.3389428857356,601.2785329304966,4265221
2025-02-03,565.395751953125,572.184406338804,556.6675076474688,558.607097567446,6021935
2025-02-04,553.7581176757812,592.5502764754438,553.7581176757812,574.1240219676155,5071746
2025-02-05,581.8824462890625,588.6711010314303,558.6071269177168,560.5467767167794,2707929
2025-02-06,601.2784423828125,627.4631730411708,601.2784423828125,606.1274466530823,5832272
2025-02-07,626.493408203125,628.4329981413298,601.2784998977697,609.0369194277622,3232507
2025-02-10,636.1914672851562,639.1008820345713,620.6745686958851,628.4329881019345,4010453
2025-02-11,684.681640625,684.681640625,637.161239068289,641.0404787008018,7474065
2025-02-12,677.89306640625,702.1381504524396,667.2251720398389,688.5609009954865,4551556
2025-02-13,672.07421875,691.4702974251913,670.1345690384597,683.7118779105494,2379887
2025-02-14,676.9232177734375,686.6212271407697,666.255383558503,678.8628076914695,2731734
2025-02-17,638.1310424804688,681.7722029383897,631.342388295953,676.9231983935475,4300199
2025-02-18,665.2855224609375,667.2251122732854,643.9498551936027,643.9498551936027,3984662
2025-02-19,661.4063720703125,672.0742061754967,652.6781278632058,655.587542598908,2317132
2025-02-20,673.0440063476562,680.8024858990585,655.5875767999388,665.285586573429,3348805
2025-02-21,671.1044311523438,674.0138461040049,656.5573563940382,669.1648411102951,2024615
2025-02-24,634.2518310546875,664.3157442515857,631.3424162435571,664.3157442515857,4651166
2025-02-25,614.855712890625,634.2517904644791,613.8859478670926,624.5537815661369,2779118
2025-02-26,609.0369262695312,618.7349956238473,602.2483315209664,606.1275114409539,3134335
2025-02-27,577.033447265625,613.8860167226063,574.1240323143587,609.0369519523781,4477591
2025-03-03,573.1541748046875,580.9125943077178,567.3353452331215,572.1844097275418,1840385
2025-03-04,568.30517578125,575.0938302751496,553.7581017065891,560.5467562004886,2449078
2025-03-05,583.822021484375,597.3993306243051,578.9730166642138,581.8824315117454,3597137
2025-03-06,581.8824462890625,586.7314512323676,562.4863667386663,581.8824462890625,3788141
2025-03-07,550.8486938476562,586.7314371668238,549.8789287485486,578.0031926118088,3978427
2025-03-10,566.3656005859375,578.0032003716883,557.637355913743,567.3353656980646,2870451
2025-03-11,524.6640014648438,544.0600798665317,516.9055222824308,540.1808402753253,4310962
2025-03-12,514.9659423828125,535.3318460223685,512.0565275771617,533.3921963004856,3300829
2025-03-13,522.724365234375,545.9996838263227,521.754600144493,532.4224345734111,4015624
2025-03-14,522.724365234375,531.4526097063554,512.056530805457,524.6640149684865,1621283
2025-03-17,541.1506958007812,546.9695256289339,525.633796333316,530.4828610415601,3666075
2025-03-18,561.5164794921875,565.3957188824129,542.120402095399,550.8486458905292,4980923
2025-03-19,543.0902709960938,557.6373451694654,533.3922016214547,557.6373451694654,3143211
2025-03-20,542.1204223632812,554.7279060199841,539.2110076561322,552.7883161409419,1564671
2025-03-21,580.91259765625,582.8522473760679,540.1808501976731,546.9695046626891,4796683
2025-03-24,562.4863891601562,585.7617094592887,562.4863891601562,581.8824694837072,3849882
2025-03-25,570.2447509765625,584.7918246748051,565.3957463362057,579.9428200344482,4507163
2025-03-26,562.4863891601562,578.9730544463156,562.4863891601562,578.9730544463156,1401088
2025-03-27,535.3318481445312,547.939272500881,535.3318481445312,546.9695074132686,2069875
2025-03-28,525.6337890625,546.9695180629919,523.694199072337,534.3620336839956,2088998
2025-03-31,488.7812194824219,513.0263319308301,486.84159972665844,499.449053417657,3016809
2025-04-01,509.1471252441406,511.0867152363644,487.8114559981546,495.56987574422453,2039340
2025-04-02,498.4792785644531,509.1471129294237,490.7208590060357,504.2981081775595,1598976
2025-04-07,449.0192565917969,449.0192565917969,449.0192565917969,449.0192565917969,130638
2025-04-08,404.4082946777344,404.4082946777344,404.4082946777344,404.4082946777344,1165087
2025-04-09,364.1614074707031,393.2555557666459,364.1614074707031,369.0104421495559,5443637
2025-04-10,400.529052734375,400.529052734375,400.529052734375,400.529052734375,1211861
2025-04-11,440.2910461425781,440.2910461425781,369.49535495757874,369.49535495757874,7048381
2025-04-14,469.3851318359375,475.20396109509846,447.0796396015436,461.6267127494461,5512154
2025-04-15,490.7208251953125,493.6302398014067,463.56629883462824,471.8096302557002,3708689
2025-04-16,471.3247985839844,496.53967807549344,471.3247985839844,481.02283835413033,2425068
2025-04-17,481.5076904296875,489.7510222179777,460.656904749556,460.656904749556,3138020
2025-04-18,501.388671875,507.2075012386361,479.0831792401186,483.93218378409176,4403196
2025-04-21,468.41534423828125,497.50946109991185,468.41534423828125,496.5396362825144,3849781
2025-04-22,466.9606628417969,491.69065906471843,457.7475058962156,460.6569207328637,3295363
2025-04-23,495.5698547363281,511.0866935706876,484.90202056555944,488.7812302741493,4004691
2025-04-24,515.9357299804688,526.60356357165,499.4490373096643,502.35848179376814,5922885
2025-04-25,523.6942138671875,536.3016388251806,521.7546238222293,528.5432188681713,4135197
2025-04-28,518.8451538085938,534.3619920760324,513.9960895449952,532.4224022368951,2654007
2025-04-29,519.81494140625,525.6337709534442,514.9659367093124,516.9055266326528,1364854
2025-04-30,520.7847290039062,534.3619770504321,516.9054896575409,522.7243187885047,1959307
2025-05-02,572.1843872070312,572.1843872070312,533.3921716643505,534.361996480498,5004468
2025-05-05,584.7918090820312,594.4898778813296,560.546726749541,575.0938000599033,5721837
2025-05-06,578.9730224609375,599.3389265975635,572.1844276001787,574.1240175922277,4570889
2025-05-07,571.214599609375,584.7918490342361,563.4561799061936,582.8522590527343,2567544
2025-05-08,586.7313842773438,586.7313842773438,574.1239609080151,579.9427900868342,2478632
2025-05-09,595.4596557617188,602.2483100453807,579.9428170807369,589.6408263120576,3906960
2025-05-12,593.5200805664062,605.1577397538762,589.6408409115252,603.218090037849,2048334
2025-05-13,593.5200805664062,611.9463344284515,589.6408409115252,607.09732969273,2749361
2025-05-14,623.583984375,633.2820534798998,594.4898966146452,601.2784911886199,6489674
2025-05-15,596.4295043945312,608.067163758221,590.6106747126864,607.0973388855222,5243201
2025-05-16,602.248291015625,603.2180560418116,589.6408076806715,591.5804572873842,2480735
2025-05-19,579.9428100585938,607.097307310102,578.972985236336,602.248302753155,3149124
2025-05-20,581.8824462890625,595.4596959966223,579.9428562671757,591.5805159528485,2592674
2025-05-21,598.3690795898438,601.2784943589367,577.0334111346103,585.7616554418893,4547028
2025-05-22,598.3690795898438,612.9161534353086,589.6408352825648,594.4898997491682,5136936
2025-05-23,606.1275024414062,616.7953965059133,602.2483225790154,606.1275024414062,3950861
2025-05-26,610.9765625,625.5235765441264,598.3690785958167,607.0973228885961,4564299
2025-05-27,603.2181396484375,614.8557997930258,602.2483744878406,608.0672045601347,2240215
2025-05-28,598.3690795898438,615.8255682044015,594.4898997491682,612.9161534353086,2547295
2025-05-29,625.5235595703125,630.3726238972793,607.0973064147855,608.067131235613,5647107
2025-06-02,618.7349853515625,630.372644472663,610.0067410107372,613.8859806434949,2988478
2025-06-03,629.4027709960938,667.2251004405589,629.4027709960938,640.0706044405753,10293490
2025-06-04,610.9765625,657.5271389509838,610.9765625,642.980065129685,6147853
2025-06-05,623.583984375,627.4632239723944,609.0369106062365,617.7651548674946,2667321
2025-06-06,598.3690795898438,613.8859782840638,592.5502500516578,610.9765635149708,5619078
2025-06-09,605.1577758789062,615.8256108451814,599.3389459378149,610.0067809040901,2885090
2025-06-10,635.2216796875,639.1009195065598,609.0369454074918,610.9765952056096,4819178
2025-06-11,647.8291015625,664.3157661089599,637.1612668297524,640.0706817366087,6039674
2025-06-12,671.1044311523438,675.9534361460535,642.980106545345,642.980106545345,4825799
2025-06-13,729.2926025390625,733.1718420393269,666.2553641556693,674.0137833790274,13445292
2025-06-16,742.869873046875,745.7792878136396,715.7153750751874,716.6851999231664,5746292
2025-06-17,757.4169311523438,771.9640046840854,744.809507276282,751.5981017396472,6040262
2025-06-18,761.296142578125,775.8431557955936,749.6584841824148,749.6584841824148,6367961
2025-06-19,746.7490844726562,768.0847521054166,738.9906653132134,760.3263329459737,4753468
2025-06-20,741.900146484375,751.5981563588501,720.5644171616135,746.7491514216126,4897549
2025-06-23,760.3263549804688,769.0545992042281,731.2322075679378,731.2322075679378,4838973
2025-06-24,772.9337768554688,795.2392698839064,766.1451823295631,779.7224311585462,5499935
2025-06-25,785.541259765625,792.3299140612771,767.1150063272679,785.541259765625,3841187
2025-06-26,778.7525634765625,791.3600465523078,758.3867212421565,790.3902217688909,3882504
2025-06-27,784.5714721679688,791.3601267858303,774.8734624592233,790.3903019040858,2069741
2025-06-30,822.3938598632812,832.0918695061135,789.4205314341726,790.3902965321513,5445822
2025-07-01,822.3938598632812,847.6087686226892,817.5447952646908,818.5146201398438,4442279
2025-07-02,809.786376953125,832.0918709016581,803.9675472467969,815.6052066594532,3600576
2025-07-03,841.7899169921875,846.6389216872565,804.937349799883,820.454188734973,3418621
2025-07-04,859.246337890625,873.7934116182545,835.0012548626908,837.9106696082166,4305866
2025-07-07,835.0012817382812,865.065195224913,834.031516643341,852.4577707732961,4075371
2025-07-08,852.457763671875,856.3370033508425,822.3938504356914,829.1824451524175,3791662
2025-07-09,905.7969970703125,907.7365870247272,849.548350397724,849.548350397724,5687566
2025-07-10,883.491455078125,899.0082934195573,872.823621246244,894.159288910006,4500583
2025-07-11,868.9443969726562,891.2498898393844,861.1859776662228,883.4914705329511,4217655
2025-07-14,847.6087646484375,886.4009225922273,845.6691149072262,877.6726780882985,3282586
2025-07-15,858.2765502929688,867.9745593386538,844.6993017627074,861.1859649621083,2694772
2025-07-16,855.3671264648438,878.6424435687363,854.3973016597917,867.00478501679,2926127
2025-07-17,854.5121459960938,880.2862942511964,847.5729522351046,870.3731603069261,4050726
2025-07-18,863.4339599609375,887.2254812457394,856.4947662528702,866.4079001215378,4361980
2025-07-21,860.4600219726562,868.3905290876115,846.5816345214844,866.4079023088727,2602375
2025-07-22,810.8943481445312,870.3731511869173,803.9551544562528,861.4513307305594,5443482
2025-07-23,818.8248901367188,830.7206512525064,800.9812484630372,824.7727706946126,4378145
2025-07-24,842.6163940429688,857.4860951143153,824.7727527573529,828.7380063763786,3677022
2025-07-25,825.7640380859375,843.6076787648653,813.8682776333189,843.6076787648653,3062084
2025-07-28,868.3905639648438,875.329757969129,825.7640865099484,825.7640865099484,4585452
2025-07-29,880.2863159179688,885.2428830121014,862.4426743790909,877.3123756614891,3684018
2025-07-30,870.3731689453125,892.1820638391586,858.4774080941237,883.260243200767,2827515
2025-07-31,903.0864868164062,908.0430537034337,880.2862791360798,880.2862791360798,3970275
2025-08-04,842.6163940429688,877.3123632094439,841.6250806382124,877.3123632094439,3781924
2025-08-05,877.3123779296875,879.2950047724664,863.4339900302348,864.4253034516244,3034620
2025-08-06,870.3731689453125,886.2341834135642,855.5034678813265,877.3123627751726,3464410
2025-08-07,921.9214477539062,923.9040745232695,882.2689123666415,888.2167926747312,4452485
2025-08-08,964.5479125976562,969.5044794660923,922.9127509027934,927.8693177712295,5261045
2025-08-11,972.4784545898438,974.4610814085794,927.8693511682912,964.5479473149011,3777389
2025-08-12,955.6260986328125,980.4089331409249,945.7129648295676,976.4436796196269,3834860
2025-08-13,980.408935546875,1001.2265165847763,958.6000411262165,971.4871151020602,5145954
2025-08-14,980.408935546875,996.2699496709903,975.452368633089,990.3220693744471,2667180
2025-08-15,976.4437255859375,996.2699941257534,971.4871584509835,980.4089792939008,3232221
2025-08-18,968.51318359375,981.4002576845573,945.7129755869371,972.4784371601522,4642659
2025-08-19,935.7998657226562,987.3481634107687,934.8085523055772,976.4437158228988,4474934
2025-08-20,916.9649047851562,967.5218887246622,916.9649047851562,926.8780388909418,4744111
2025-08-21,968.51318359375,991.313391600563,951.6608559365404,963.5566166357472,7780459
2025-08-22,933.8171997070312,983.3828684812898,930.8432595805757,976.4436748528937,5112478
2025-08-25,920.93017578125,970.4958472441806,920.93017578125,959.5913995223359,4940272
2025-08-26,926.8780517578125,932.8259323038519,904.0778429979947,930.8433054551722,3815143
2025-08-27,952.6521606445312,958.6000409399185,921.9214457850302,931.8345796106756,4916693
2025-08-28,972.4784545898438,996.2699764146716,948.6869327650157,950.6695595837514,5636264
2025-08-29,1065.661865234375,1065.661865234375,986.3567961936774,991.313363008721,6768115
2025-09-01,967.5218505859375,1045.8356069345944,959.5913436139216,1035.9224732195746,6031162
2025-09-02,950.6695556640625,973.4697639855154,937.7824813954151,971.4871371749543,4605060
2025-09-03,958.6000366210938,976.4436774268639,949.6782162182087,956.6174098648971,2703406
2025-09-04,1050.792236328125,1050.792236328125,989.3308036372347,996.2699976507223,8082297
2025-09-05,1065.661865234375,1090.444699309593,1030.9658975290697,1075.5749988644623,5956890
2025-09-08,1075.5750732421875,1080.5316403999857,1045.8356702953988,1060.7053717687932,2089810
2025-09-09,1080.5316162109375,1110.2710184919724,1060.7053480235809,1100.3578843982941,3006345
2025-09-10,1125.1407470703125,1149.9235829088657,1090.444776896338,1090.444776896338,2855426
2025-09-11,1115.2275390625,1174.7063411458334,1110.2709722222223,1159.836640625,2715119
2025-09-12,1090.4447021484375,1130.0972367720171,1070.6184348366478,1110.2709694602274,2376697
2025-09-15,1085.4881591796875,1120.1841277379424,1075.5750253059005,1110.2709938641551,2007080
2025-09-16,1105.314453125,1149.9235566143498,1065.6619166900225,1070.6184837443946,4722806
2025-09-17,1090.4447021484375,1110.2709694602274,1080.5315684925426,1100.3578358043324,1853502
2025-09-18,1115.2275390625,1125.1406727430556,1090.4447048611112,1100.3578385416668,1431450
2025-09-19,1105.314453125,1135.0538554512332,1085.4881849075111,1130.097288396861,3947433
2025-09-22,1110.27099609375,1115.227563040597,1090.4447283063616,1105.3144291469027,1198798
2025-09-23,1075.5750732421875,1135.0538791357646,1075.5750732421875,1125.1407448201685,2145319
2025-09-24,1085.4881591796875,1100.357859990368,1055.7487575583261,1085.4881591796875,1343404
2025-09-25,989.3307495117188,1100.3578476533144,988.3394361354544,1075.5750132467083,4162126
2025-09-26,975.452392578125,988.3394668703156,962.5653182859343,972.4784523568502,2670539
2025-09-30,1021.0527954101562,1030.9659293461773,983.3828864532767,991.3133936020935,2708576
2025-10-01,1030.9659423828125,1040.8790764441856,1011.139674260066,1026.0093753521257,1633303
2025-10-02,1016.0962524414062,1050.7922220369665,1006.1831182712461,1050.7922220369665,1828170
2025-10-03,1050.792236328125,1085.488206395563,1016.096266260687,1026.0094005656692,2780422
2025-10-07,1021.0527954101562,1095.4012999303134,996.269960570104,1085.4881659942923,2280745
2025-10-08,1045.835693359375,1055.748827893587,991.3134534212086,1001.2265879554207,2795654
2025-10-09,1095.4012451171875,1105.314378557162,1070.6184115172512,1070.6184115172512,3102551
2025-10-13,1085.4881591796875,1110.2709938641551,1055.7487575583261,1060.7053244952197,2660324
2025-10-14,1115.2275390625,1189.5760416666667,1105.3144053819444,1144.9669401041667,5827451
2025-10-15,1174.7064208984375,1189.5761224287974,1095.401346069851,1135.0538834841443,5472613
2025-10-16,1209.40234375,1234.18517866291,1164.7932409067623,1184.6195088370903,3757404
2025-10-17,1283.7508544921875,1303.5771225152328,1204.445782400006,1209.4023494057674,5444399
2025-10-20,1278.7943115234375,1308.533714117006,1254.0114760287972,1283.7508786223657,3045851
2025-10-21,1278.7943115234375,1308.533714117006,1268.8811773255813,1288.7074457212937,2565855
2025-10-22,1308.53369140625,1372.969062573982,1288.70742335464,1288.70742335464,4902741
2025-10-23,1318.44677734375,1333.316477840108,1278.794242686795,1288.7073763510339,2276491
2025-10-27,1358.099365234375,1397.7519014455977,1348.1862311815694,1382.882200366389,2690511
2025-10-28,1432.4478759765625,1447.3175771112674,1382.8822055275464,1382.8822055275464,3241395
2025-10-29,1447.3175048828125,1447.3175048828125,1387.8387033122858,1442.3609380852686,2432328
2025-10-30,1387.8387451171875,1442.3609815325055,1372.9690442766462,1432.4478476388113,2945127
2025-10-31,1382.8822021484375,1402.7084702795978,1368.0125010500672,1397.7519032468078,1817170
2025-11-03,1442.3609619140625,1447.3175287934923,1377.9255924814754,1382.8821593609052,2872849
2025-11-04,1368.012451171875,1462.1872213612432,1358.099317467731,1447.3175208050272,2748978
2025-11-05,1363.055908203125,1368.0124751420456,1293.6639710582388,1313.4902388139205,3455089
2025-11-06,1358.099365234375,1402.7084684720005,1353.1427982079722,1392.7953344191947,2461811
2025-11-07,1402.70849609375,1407.6650632177561,1308.5337207376324,1328.3599892336572,2925091
2025-11-10,1521.666015625,1536.5357161034203,1452.274080059039,1467.1437805374594,4122431
2025-11-11,1536.5357666015625,1605.9277044480846,1516.7094986454133,1526.6226326234878,3981087
2025-11-12,1486.9700927734375,1586.1014322916667,1486.9700927734375,1541.4923295084636,3261756
2025-11-13,1591.0579833984375,1600.971117251387,1486.970077942465,1486.970077942465,3539222
2025-11-14,1506.79638671875,1556.3620573344983,1477.0569843493008,1521.6660879034744,3698972
2025-11-17,1610.88427734375,1650.5368134014423,1541.4923392427886,1546.4489062500002,3456114
2025-11-18,1556.362060546875,1645.5802678393711,1521.6660910442376,1556.362060546875,3833121
2025-11-19,1566.275146484375,1615.8408156769185,1526.6226111303401,1546.4488788073575,2952457
2025-11-20,1665.406494140625,1714.9721636090958,1650.5367933000837,1665.406494140625,3034497
2025-11-21,1591.0579833984375,1630.7105188102364,1546.4488810601636,1576.1882826190129,3762862
2025-11-24,1546.4488525390625,1645.5801892402844,1516.7094515286958,1645.5801892402844,17049556
2025-11-25,1531.5792236328125,1615.840863767951,1417.5781810970368,1591.0580284340867,9262634
2025-11-26,1486.9700927734375,1546.448896484375,1467.1438248697916,1536.535762532552,5629631
2025-11-27,1526.6226806640625,1596.0146206942472,1506.7964120840097,1516.709546374036,4793334
2025-11-28,1596.0145263671875,1605.9276600713315,1551.4054246985393,1566.2751252547555,3891476
2025-12-01,1586.1014404296875,1625.7539764404296,1566.2751724243162,1596.014574432373,2936229
2025-12-02,1521.666015625,1724.8852554967427,1521.666015625,1695.1458545399023,6996110
2025-12-03,1511.7529296875,1566.2751664959017,1496.8832287397543,1541.492331582992,3538331
2025-12-04,1516.70947265625,1571.2317086014093,1501.8397719439338,1531.5791733685662,3853383
2025-12-05,1511.7529296875,1526.622630635246,1486.9700947745903,1521.666063652664,1870663
2025-12-08,1501.83984375,1541.4923808787128,1486.9701423267327,1516.7095451732673,2221625
2025-12-09,1457.230712890625,1551.4054868529443,1447.3175787893283,1506.796383397109,3687241
2025-12-10,1511.7529296875,1526.622630635246,1457.2306928790983,1467.1438268442623,3147746
2025-12-11,1521.666015625,1551.4054165818404,1511.75288197272,1526.62258245114,2677436
2025-12-12,1521.666015625,1566.2751170602605,1516.70944879886,1536.5357161034203,1819171
2025-12-15,1462.187255859375,1496.8832246424788,1462.187255859375,1477.0569567664195,2632694
2025-12-16,1427.4913330078125,1462.1873029073079,1397.7519302368164,1442.3610343933105,3855922
2025-12-17,1422.53466796875,1457.2306354801829,1417.5781011814024,1452.2740686928355,1757858
2025-12-18,1427.4913330078125,1452.2741686503093,1412.6216316223145,1417.5781987508137,2439398
2025-12-19,1427.4913330078125,1467.1438700358074,1402.7084973653157,1442.3610343933105,8101154
2025-12-22,1462.187255859375,1482.0135237354343,1427.4912870762712,1447.3175549523305,2604822
2025-12-23,1447.3175048828125,1477.0569056680756,1437.4043712877246,1477.0569056680756,1625180
2025-12-24,1536.5357666015625,1546.448900579637,1467.1438287550402,1467.1438287550402,3399711
2025-12-26,1531.5792236328125,1556.3620589666768,1516.709522432494,1551.405491899904,1881377
2025-12-29,1491.9266357421875,1541.492304703722,1477.056935053727,1541.492304703722,2230577
2025-12-30,1491.9266357421875,1506.796336430648,1477.056935053727,1491.9266357421875,1062893
2025-12-31,1506.79638671875,1536.535789088199,1486.9701184724506,1496.8832525956002,1922723
2026-01-02,1511.7529296875,1556.3620325307377,1496.8832287397543,1511.7529296875,2292185
2026-01-05,1561.318603515625,1576.1883045014881,1511.752933562748,1526.6226345486111,3086804
2026-01-06,1561.318603515625,1625.753974454365,1506.7963665674604,1581.1448714967757,3447013
2026-01-07,1417.578125,1581.1448317307693,1407.6649912587413,1571.2316979895106,7461375
2026-01-08,1397.7518310546875,1462.1871991529533,1372.9689971707392,1422.5346649386358,4770851
2026-01-09,1412.62158203125,1462.187251576206,1397.7518811677633,1397.7518811677633,3079442
2026-01-12,1382.8822021484375,1437.4044395091285,1368.0125010500672,1437.4044395091285,2349611
2026-01-13,1407.6650390625,1427.4913072183099,1392.7953379456426,1402.7084720235475,1762505
2026-01-14,1482.0135498046875,1486.9701168608906,1417.578178074049,1422.5347451302518,2907419
2026-01-15,1457.230712890625,1511.7529504477573,1437.4044446880314,1482.013548143867,1795568
2026-01-16,1387.8387451171875,1482.0135171072823,1372.9690442766462,1482.0135171072823,3499253
2026-01-19,1303.5771484375,1387.8387892110268,1298.6205813331749,1368.0125207937263,4804063
2026-01-20,1328.3599853515625,1343.2296866801248,1298.620582694438,1303.5771498039587,2221905
2026-01-21,1288.7073974609375,1318.4467989408054,1263.924562894381,1318.4467989408054,3633161
2026-01-22,1407.6650390625,1407.6650390625,1273.8377290107835,1318.4468323613555,4510254
2026-01-23,1377.9256591796875,1427.4913303732014,1353.1428235829305,1412.6216290151472,3159653
2026-01-26,1417.578125,1422.5346918706293,1372.9690231643358,1382.8821569055945,1839644
2026-01-27,1407.6650390625,1447.3175753741198,1407.6650390625,1427.4913072183099,2077086
2026-01-28,1427.4913330078125,1442.3610343933105,1402.7084973653157,1422.5347658793132,1673759
2026-01-29,1353.142822265625,1462.1872987851991,1338.2731209220467,1442.3610303270948,3728872
2026-01-30,1288.7073974609375,1358.0993342472957,1268.8811298076923,1353.1427673339845,3896158
2026-02-02,1313.490234375,1343.2296359080187,1258.967998231132,1258.967998231132,2659750
2026-02-03,1397.7518310546875,1412.6215313850566,1333.3164629564217,1353.1427300635805,3426104
2026-02-04,1328.3599853515625,1397.7519248848532,1303.5771498039587,1387.8387906658115,3284564
2026-02-05,1249.054931640625,1308.5337379092261,1239.1417972625247,1303.5771707201761,3495568
2026-02-06,1273.8377685546875,1303.5771717116063,1234.1852310121292,1254.0114997834082,4800561
2026-02-09,1244.0982666015625,1353.1427361841697,1244.0982666015625,1338.2730357865414,3728258
2026-02-10,1368.012451171875,1368.012451171875,1333.316483207371,1333.316483207371,2739907
2026-02-11,1353.142822265625,1447.3175974416208,1343.2296880365727,1377.9256578382553,6994347
2026-02-23,1278.7943115234375,1372.9690864030706,1273.8377444245095,1363.0559522052145,4704873
2026-02-24,1283.7508544921875,1303.5771225152328,1273.8377204806648,1278.7942874864261,3820257
2026-02-25,1333.3165283203125,1353.142796399425,1283.7508581225313,1313.4902602412,5663172
2026-02-26,1397.7518310546875,1427.4912317154256,1363.0558636171597,1377.9255639475289,5440294
2026-03-02,1491.9266357421875,1526.6226040152617,1358.0993295460444,1368.0124633383514,5870040
2026-03-03,1630.7105712890625,1640.6237054610326,1581.1449004292126,1625.7540042030776,10591525
2026-03-04,1596.0145263671875,1615.8407937754755,1531.5791572902513,1566.2751252547555,7439435
2026-03-05,1710.015625,1754.6247282608697,1675.3196557971014,1729.8418931159422,6324106
2026-03-06,1754.624755859375,1769.4944571802173,1695.1459505760065,1719.9287861107434,4478302
2026-03-09,1581.1448974609375,1581.1448974609375,1581.1448974609375,1581.1448974609375,970758
2026-03-10,1551.405517578125,1600.971189066244,1477.0570103459465,1591.0580547686202,8699014
2026-03-11,1640.6236572265625,1670.3630588681317,1576.1882870031627,1586.1014208836857,3576565
2026-03-12,1620.79736328125,1640.6236307219992,1576.188261539564,1620.79736328125,3047745
2026-03-13,1576.1883544921875,1605.9277574071345,1546.4489515772407,1576.1883544921875,2949330
2026-03-16,1630.7105712890625,1660.4499738049724,1576.1883333432277,1610.8843029451225,4915243
2026-03-17,1724.88525390625,1754.624654835668,1655.4933184042745,1700.1024197984016,4096391
2026-03-18,1675.3197021484375,1744.7116424741125,1660.4500006500787,1714.9722394773946,3996754
2026-03-19,1705.05908203125,1729.8419175258903,1675.3196794376818,1700.102514932322,4609896
2026-03-20,1809.14697265625,1819.0601067529965,1705.059064640411,1744.7116010273974,9752972
2026-03-23,1754.624755859375,1794.2772927149542,1685.2328163621116,1739.755054538533,3197004
2026-03-24,1714.97216796875,1824.0166410765896,1695.145900130961,1814.103507157695,2525477
2026-03-25,1789.3206787109375,1824.0166475502076,1719.9287410323968,1754.6247098716672,4192333
2026-03-26,1799.2337646484375,1913.2348020779527,1794.277197803676,1833.9297325617683,3331156
2026-03-27,1843.8428955078125,1888.4519978184856,1749.6681239630586,1774.4509585800993,2519542
2026-03-30,1863.669189453125,1878.5388904328042,1759.5812825953706,1759.5812825953706,2309087
2026-03-31,1724.88525390625,1848.7994244454921,1710.015553441541,1848.7994244454921,3628608
2026-04-01,1893.4085693359375,1893.4085693359375,1843.8428999815935,1848.799466917028,2555176
2026-04-02,1898.3651123046875,2056.9752522361496,1883.495411686113,1962.800481651844,4775396
2026-04-07,1972.713623046875,2052.018693320116,1962.8004892627198,1997.496457507263,2696385
2026-04-08,1997.4964599609375,2086.7146641279273,1977.670192368273,2081.7580972297615,2616667
2026-04-09,2111.49755859375,2146.1935278664173,1977.6702485420335,1992.5399496588907,3662829
2026-04-10,2180.889404296875,2205.672238436612,2096.6277682217687,2180.889404296875,2293430
2026-04-13,2205.67236328125,2215.5854974982444,2146.193557979284,2180.889527738764,1932336
2026-04-14,2275.064208984375,2359.3258463541665,2230.4551068474266,2324.6298780254288,2906999
2026-04-15,2329.58642578125,2389.0652281416224,2280.020757147606,2309.7601583277924,2400200
2026-04-16,2374.195556640625,2468.370328198395,2364.2824227924384,2408.891525109277,2575628
2026-04-17,2344.456298828125,2453.5007778433865,2314.716895460326,2384.1088366518566,2263409
2026-04-20,2438.630859375,2493.1530940358234,2344.4560904153964,2374.195491139482,2538403
2026-04-21,2403.93505859375,2577.4149081829896,2379.1522229381444,2547.675505396263,2554256
2026-04-22,2532.8056640625,2537.762230919765,2413.8480594881357,2443.587460631727,3168869
2026-04-23,2731.068359375,2785.5905952245917,2567.501651826225,2760.8077607475047,6501191
2026-04-24,2740.9814453125,2884.7218827701176,2696.37234403255,2775.6774129746836,3388426
2026-04-27,2607.154296875,2795.5038468393536,2607.154296875,2795.5038468393536,2969166
2026-04-28,2607.154296875,2721.155340274477,2582.371461353375,2636.893699500951,2335870
2026-04-29,2755.851318359375,2795.5038553141862,2582.371469182076,2597.2411705401305,2638261
2026-04-30,2745.938232421875,2790.547337280714,2691.4159931499603,2736.0250980087994,2645974
2026-05-04,2914.46142578125,2944.2008280851405,2835.156352970876,2924.3745598825467,2778750
2026-05-05,2850.026123046875,2924.3746306046196,2800.460451341712,2919.4180634341033,2040625
2026-05-06,2721.1552734375,2859.9391489497953,2567.5016969774592,2859.9391489497953,6029606
2026-05-07,2755.851318359375,2785.5907210754835,2666.63311021105,2745.9381841206723,2462663
2026-05-08,2726.11181640625,2775.6774857954547,2686.4592808948864,2736.024950284091,1861923
2026-05-11,2879.765380859375,2899.5916485417115,2622.0239009890006,2626.9804679095846,2619632
2026-05-12,2750.894775390625,2983.8534320453264,2750.894775390625,2973.9402977195946,3295285
2026-05-13,2478.283447265625,2478.283447265625,2478.283447265625,2478.283447265625,834386
2026-05-14,2230.455078125,2280.0207465277776,2230.455078125,2230.455078125,5038688
2026-05-15,2076.801513671875,2314.7167228753356,2042.105545663037,2314.7167228753356,9777574
2026-05-18,2007.40966796875,2066.8884729456017,1972.7136983989199,2052.018771701389,4966815
2026-05-19,1972.713623046875,2047.0621264280385,1923.1479541260992,2042.105559535961,3433198
2026-05-20,1947.9307861328125,1982.6267543336512,1843.8428815302957,1952.8873530186465,2067750
2026-05-21,2136.2802734375,2141.2368401972158,2012.3661044446058,2012.3661044446058,2378816
2026-05-22,2205.67236328125,2250.2814672577247,2180.889527738764,2235.4117659322333,2166519
2026-05-25,2364.282470703125,2408.8915739239387,2319.6733674823113,2319.6733674823113,1915270
2026-05-26,2245.324951171875,2394.021967805774,2230.455249508485,2389.065400584644,1265772
2026-05-27,2096.6279296875,2314.7168869126776,2096.6279296875,2289.934050864362,2207901
2026-05-28,2096.6279296875,2096.6279296875,1933.061211768617,2012.366287123227,2787471
2026-05-29,2066.888427734375,2294.890508491644,2066.888427734375,2294.890508491644,2548504
2026-06-01,2101.58447265625,2161.063278486144,2076.8016368937942,2131.323875571197,1366117
2026-06-02,2175.932861328125,2180.889428210421,2076.8015236821966,2091.671224329086,1772044
2026-06-03,2284.977294921875,2364.282363726105,2245.32476051976,2324.62982932399,4590911
2026-06-04,2136.2802734375,2255.237875670679,2111.497439638921,2245.3247421512474,3073078
2026-06-05,2180.889404296875,2240.3682062322446,2101.584335049716,2101.584335049716,2598833
2026-06-08,2076.801513671875,2101.584347963902,1962.80047592855,1962.80047592855,3207049
2026-06-09,2136.2802734375,2161.063107236079,2071.844905561195,2101.5843061194896,2422782
2026-06-10,2136.2802734375,2136.2802734375,2136.2802734375,2136.2802734375,0
2026-06-11,2141.237060546875,2260.194675021701,1987.5834751835575,2210.629002323857,5754377
2026-06-12,2289.933837890625,2329.5863718800733,2215.58533666041,2280.0207043932633,3902739
2026-06-15,2245.324951171875,2403.9351022480337,2230.455249508485,2398.978535026904,2896513
2026-06-16,2101.58447265625,2255.238054383476,2091.671338351268,2245.3249200784935,2689021
2026-06-17,2071.844970703125,2131.3237736898177,2042.1055692097787,2126.36720677426,2947550
2026-06-18,2081.758056640625,2121.4105910528274,2061.931789434524,2121.4105910528274,6861015
2026-06-22,1972.713623046875,2096.6277953488143,1952.8873554785646,2096.6277953488143,4815051
2026-06-23,1982.6268310546875,2007.4096664428712,1962.8005627441407,1972.7136968994141,1785674
2026-06-24,1987.5833740234375,2056.9753122686448,1923.148002795745,1977.670239988408,3251799
2026-06-25,1903.32177734375,2027.2359555562336,1903.32177734375,2002.453119913737,2280635
2026-06-26,1838.8863525390625,1942.9742592865564,1833.9297855510865,1883.4954554308456,2744647
2026-06-29,1863.669189453125,1898.3651584057097,1804.1903855344083,1838.886354486993,1463372
2026-06-30,1898.3651123046875,1933.0610804146947,1868.6257110675383,1883.495411686113,1169644
2026-07-01,1992.5399169921875,2022.2793187383395,1933.0611134998833,1947.9308143729593,1997319
2026-07-02,2022.279296875,2022.279296875,1928.1045256969976,1957.84392712163,1332985
2026-07-03,1977.6702880859375,1997.4965566381775,1923.1480495672774,1967.7571538098175,2046639
2026-07-06,1928.1046142578125,1977.670285575494,1893.4086443354354,1977.670285575494,1955430
2026-07-07,1962.800537109375,2111.497547496449,1957.8439700964725,2002.4530732125945,4360153
2026-07-08,1883.4954833984375,1977.6702575683594,1814.1035445363898,1977.6702575683594,3366998
2026-07-09,1848.7994384765625,1893.408540209241,1848.7994384765625,1888.4519733500545,1267072
2026-07-10,1848.7994384765625,1848.7994384765625,1848.7994384765625,1848.7994384765625,0
2026-07-13,1848.7994384765625,1893.408540209241,1814.103470462257,1848.7994384765625,1436516
2026-07-14,1759.581298828125,1863.6692066461267,1710.0156284386003,1848.7995055292693,2635917
2026-07-15,1910.0,1915.0,1790.0,1805.0,2902639
2026-07-16,1955.0,1985.0,1815.0,1890.0,2721632
2026-07-17,1765.0,1915.0,1765.0,1855.0,3215109
2026-07-20,1820.0,1860.0,1685.0,1800.0,3040279
2026-07-21,2000.0,2000.0,1825.0,1850.0,2429277
2026-07-22,2115.0,2195.0,2040.0,2060.0,4628929
2026-07-23,2285.0,2325.0,2105.0,2120.0,5767386
2026-07-24,2205.0,2350.0,2190.0,2235.0,2859495
2026-07-27,2150.0,2225.0,2075.0,2225.0,2032962
2026-07-28,2215.0,2280.0,2055.0,2060.0,3739842
2026-07-29,2090.0,2275.0,1995.0,2230.0,4020920
2026-07-30,1910.0,2125.0,1885.0,2070.0,4187156
2026-07-31,2100.0,2100.0,2035.0,2100.0,2347557
2026-08-03,2095.0,2300.0,2060.0,2100.0,4675646
2026-08-04,2300.0,2300.0,2105.0,2105.0,3695189
2026-08-05,2355.0,2450.0,2330.0,2400.0,3749200
2026-08-06,2370.0,2555.0,2370.0,2405.0,4665449
2026-08-07,2200.0,2300.0,2185.0,2300.0,5305766
2026-08-10,2190.0,2300.0,2115.0,2190.0,4229020
