Price,Adj Close,Close,High,Low,Open,Volume
Ticker,^TWII,^TWII,^TWII,^TWII,^TWII,^TWII
Date,,,,,,
2016-08-10,9200.3984375,9200.419921875,9200.419921875,9131.6298828125,9160.9404296875,2158200
2016-08-11,9131.80859375,9131.830078125,9187.1796875,9063.8095703125,9168.7001953125,2218600
2016-08-12,9150.3681640625,9150.3896484375,9173.7197265625,9135.33984375,9135.33984375,1924700
2016-08-15,9148.48828125,9148.509765625,9162.01953125,9117.259765625,9152.3603515625,1666600
2016-08-16,9110.3388671875,9110.3603515625,9165.580078125,9082.33984375,9146.08984375,1762700
2016-08-17,9117.6787109375,9117.7001953125,9133.0703125,9073.26953125,9121.1796875,1704800
2016-08-18,9122.478515625,9122.5,9128.7998046875,9093.509765625,9104.8798828125,1779500
2016-08-19,9034.248046875,9034.26953125,9175.1298828125,9034.26953125,9139.6904296875,1966900
2016-08-22,8981.7880859375,8981.8095703125,9012.7197265625,8928.330078125,9004.6796875,1680100
2016-08-23,9030.908203125,9030.9296875,9046.2998046875,8986.759765625,8987.0703125,1606000
2016-08-24,9017.3583984375,9017.3798828125,9054.759765625,9016.3896484375,9043.1298828125,1538600
2016-08-25,9115.4482421875,9115.4697265625,9115.4697265625,9031.33984375,9034.4697265625,1843600
2016-08-26,9131.6982421875,9131.7197265625,9131.7197265625,9092.080078125,9097.01953125,1535600
2016-08-29,9110.1484375,9110.169921875,9136.419921875,9027.349609375,9117.5302734375,1604400
2016-08-30,9110.5380859375,9110.5595703125,9134.3701171875,9093.8701171875,9113.33984375,1631700
2016-08-31,9068.8291015625,9068.849609375,9130.759765625,9044.5,9122.1904296875,2149900
2016-09-01,9001.1298828125,9001.150390625,9069.1298828125,8980.2099609375,9055.73046875,1891700
2016-09-02,8987.529296875,8987.5498046875,9038.48046875,8958.8095703125,9015.6298828125,1968000
2016-09-05,9090.109375,9090.1298828125,9100.0498046875,9032.3798828125,9032.3798828125,1467300
2016-09-06,9181.8291015625,9181.849609375,9181.849609375,9098.599609375,9102.830078125,1709300
2016-09-07,9259.0498046875,9259.0703125,9278.8798828125,9202.23046875,9202.23046875,1969500
2016-09-08,9262.869140625,9262.8896484375,9273.5703125,9224.8896484375,9241.9501953125,1860000
2016-09-09,9164.859375,9164.8798828125,9217.3701171875,9142.1298828125,9217.3701171875,1587900
2016-09-12,8947.0390625,8947.0595703125,9031.509765625,8947.0595703125,9031.509765625,1673200
2016-09-13,8940.8095703125,8940.830078125,9014.75,8885.5498046875,8983.9501953125,1797200
2016-09-14,8902.279296875,8902.2998046875,8965.3203125,8895.849609375,8913.1103515625,1755900
2016-09-19,9152.859375,9152.8798828125,9155.3798828125,9003.41015625,9003.41015625,1678200
2016-09-20,9161.5595703125,9161.580078125,9173.4599609375,9130.900390625,9141.2099609375,1425100
2016-09-21,9228.4794921875,9228.5,9228.5,9133.16015625,9141.919921875,1624800
2016-09-22,9235.2392578125,9235.259765625,9290.759765625,9207.41015625,9265.2802734375,1489300
2016-09-23,9284.599609375,9284.6201171875,9284.6201171875,9228.66015625,9240.25,1566400
2016-09-26,9194.4990234375,9194.51953125,9229.33984375,9189.490234375,9229.33984375,1242800
2016-09-29,9270.8798828125,9270.900390625,9303.1298828125,9238.490234375,9241.6103515625,1843300
2016-09-30,9166.8291015625,9166.849609375,9240.650390625,9160.91015625,9240.4404296875,1606100
2016-10-03,9234.1796875,9234.2001953125,9256.580078125,9212.3798828125,9219.51953125,1379500
2016-10-04,9287.7490234375,9287.76953125,9287.76953125,9224.4501953125,9228.66015625,1396600
2016-10-05,9272.259765625,9272.2802734375,9276.1298828125,9244.41015625,9260.6904296875,1339700
2016-10-06,9284.2890625,9284.3095703125,9284.3095703125,9242.830078125,9263.400390625,1405800
2016-10-07,9265.7890625,9265.8095703125,9289.9501953125,9249.0595703125,9289.66015625,1501300
2016-10-11,9219.7998046875,9219.8203125,9327.7099609375,9167.7197265625,9311.7900390625,2070400
2016-10-12,9252.5791015625,9252.599609375,9258.6904296875,9166.580078125,9201.5498046875,1385400
2016-10-13,9219.1494140625,9219.169921875,9285.0498046875,9187.7802734375,9268.2197265625,1523400
2016-10-14,9165.1494140625,9165.169921875,9216.6298828125,9149.8701171875,9198.259765625,1479500
2016-10-17,9176.19921875,9176.2197265625,9182.669921875,9074.990234375,9150.669921875,1260400
2016-10-18,9222.5595703125,9222.580078125,9222.580078125,9157.400390625,9175.0703125,1276700
2016-10-19,9283.9697265625,9283.990234375,9298.8701171875,9226.4599609375,9227.98046875,1506800
2016-10-20,9317.2197265625,9317.240234375,9331.8896484375,9279.150390625,9288.490234375,1631700
2016-10-21,9306.5498046875,9306.5703125,9348.08984375,9292.5302734375,9322.5498046875,1895600
2016-10-24,9322.4794921875,9322.5,9343.5703125,9308.5302734375,9333.9404296875,1257600
2016-10-25,9385.6298828125,9385.650390625,9399.9697265625,9334.7998046875,9338.08984375,1429900
2016-10-26,9362.2294921875,9362.25,9372.740234375,9338.83984375,9355.66015625,1311100
2016-10-27,9299.529296875,9299.5498046875,9370.3203125,9286.8603515625,9363.900390625,1445200
2016-10-28,9306.8994140625,9306.919921875,9320.5703125,9276.7099609375,9307.3896484375,1372600
2016-10-31,9290.099609375,9290.1201171875,9314.33984375,9194.48046875,9283.2001953125,1320100
2016-11-01,9272.6796875,9272.7001953125,9289.1201171875,9236.8203125,9272.2998046875,1119300
2016-11-02,9139.01953125,9139.0400390625,9230.23046875,9139.0400390625,9230.23046875,1373000
2016-11-03,9067.2490234375,9067.26953125,9154.1904296875,9067.26953125,9126.2900390625,1401300
2016-11-04,9068.1298828125,9068.150390625,9098.8798828125,9048.2099609375,9065.1103515625,1181400
2016-11-07,9189.8193359375,9189.83984375,9191.669921875,9102.9697265625,9102.9697265625,1245000
2016-11-08,9217.4091796875,9217.4296875,9230.2001953125,9165.0,9214.9501953125,1347800
2016-11-09,8943.1796875,8943.2001953125,9296.8603515625,8926.599609375,9252.26953125,2656500
2016-11-10,9152.1591796875,9152.1796875,9179.1796875,9070.6396484375,9070.6396484375,1998400
2016-11-11,8957.7392578125,8957.759765625,9067.650390625,8949.3798828125,9067.650390625,2518700
2016-11-14,8940.3798828125,8940.400390625,8991.9404296875,8879.6904296875,8955.26953125,2151600
2016-11-15,8931.009765625,8931.0302734375,8981.0498046875,8923.3603515625,8927.919921875,1949200
2016-11-16,8962.19921875,8962.2197265625,9032.3095703125,8955.759765625,8955.759765625,1851700
2016-11-17,8995.2392578125,8995.259765625,8998.23046875,8936.2998046875,8984.5703125,1704600
2016-11-18,9008.76953125,9008.7900390625,9025.98046875,8958.2197265625,8991.5,1779800
2016-11-21,9041.08984375,9041.1103515625,9049.759765625,8986.400390625,9009.7802734375,1807800
2016-11-22,9133.369140625,9133.3896484375,9161.1904296875,9058.580078125,9058.580078125,2146700
2016-11-23,9178.2099609375,9178.23046875,9202.7197265625,9146.7197265625,9146.7197265625,1926800
2016-11-24,9152.08984375,9152.1103515625,9183.16015625,9137.5595703125,9164.83984375,2022700
2016-11-25,9159.0498046875,9159.0703125,9191.33984375,9148.6298828125,9149.349609375,1840100
2016-11-28,9222.2197265625,9222.240234375,9241.5400390625,9167.330078125,9167.330078125,1910200
2016-11-29,9192.365234375,9192.3798828125,9249.0595703125,9192.3798828125,9220.9501953125,1889200
2016-11-30,9240.6953125,9240.7099609375,9240.7099609375,9189.6201171875,9196.08984375,2538900
2016-12-01,9263.515625,9263.5302734375,9278.9599609375,9241.7802734375,9245.5498046875,1996000
2016-12-02,9189.4755859375,9189.490234375,9214.5595703125,9165.900390625,9214.5595703125,1730600
2016-12-05,9160.6455078125,9160.66015625,9212.1904296875,9138.6396484375,9194.4599609375,1547800
2016-12-06,9250.7548828125,9250.76953125,9280.650390625,9209.7998046875,9209.7998046875,1649700
2016-12-07,9263.8779296875,9263.8896484375,9299.919921875,9247.5,9279.0,1682800
2016-12-08,9375.8486328125,9375.8603515625,9376.41015625,9308.900390625,9308.900390625,2170000
2016-12-09,9392.66796875,9392.6796875,9399.25,9366.8603515625,9383.0703125,1811800
2016-12-12,9349.9287109375,9349.9404296875,9430.33984375,9336.4501953125,9402.0498046875,1697400
2016-12-13,9382.1279296875,9382.1396484375,9382.1396484375,9342.5595703125,9361.9697265625,1856000
2016-12-14,9368.5078125,9368.51953125,9413.1298828125,9353.25,9395.599609375,1658400
2016-12-15,9360.337890625,9360.349609375,9370.509765625,9309.7900390625,9337.2099609375,1692100
2016-12-16,9326.7685546875,9326.7802734375,9379.75,9326.7802734375,9352.26953125,1858100
2016-12-19,9239.30859375,9239.3203125,9317.0302734375,9237.98046875,9316.0595703125,1454800
2016-12-20,9242.3984375,9242.41015625,9258.6904296875,9199.83984375,9229.740234375,1349900
2016-12-21,9204.248046875,9204.259765625,9263.5,9204.259765625,9234.9404296875,1439700
2016-12-22,9118.73828125,9118.75,9209.7197265625,9118.75,9204.2900390625,1427400
2016-12-23,9078.6279296875,9078.6396484375,9128.830078125,9078.6396484375,9112.330078125,1333800
2016-12-26,9110.5283203125,9110.5400390625,9127.740234375,9083.2802734375,9088.990234375,799000
2016-12-27,9109.2626953125,9109.26953125,9132.0498046875,9100.830078125,9120.8798828125,880800
2016-12-28,9201.3935546875,9201.400390625,9203.5595703125,9120.900390625,9120.900390625,1195900
2016-12-29,9153.0830078125,9153.08984375,9196.01953125,9149.16015625,9172.3896484375,1239800
2016-12-30,9253.4931640625,9253.5,9259.08984375,9186.2998046875,9186.2998046875,1329700
2017-01-03,9272.873046875,9272.8798828125,9273.650390625,9235.9501953125,9252.5595703125,1186600
2017-01-04,9286.953125,9286.9599609375,9299.6201171875,9266.0302734375,9279.51953125,1322300
2017-01-05,9358.1328125,9358.1396484375,9358.419921875,9282.4501953125,9282.5595703125,1859300
2017-01-06,9372.212890625,9372.2197265625,9381.1103515625,9351.25,9371.41015625,1743800
2017-01-09,9342.4130859375,9342.419921875,9404.900390625,9328.1904296875,9376.48046875,1708500
2017-01-10,9349.6328125,9349.6396484375,9353.599609375,9319.4501953125,9344.1904296875,1514800
2017-01-11,9345.7333984375,9345.740234375,9384.0,9333.490234375,9370.169921875,1801200
2017-01-12,9410.1728515625,9410.1796875,9430.580078125,9356.1201171875,9356.1201171875,1919300
2017-01-13,9378.8232421875,9378.830078125,9387.6796875,9352.080078125,9373.7001953125,1560100
2017-01-16,9292.3232421875,9292.330078125,9359.009765625,9281.2099609375,9356.5400390625,1445700
2017-01-17,9354.5234375,9354.5302734375,9354.5302734375,9294.6796875,9301.9599609375,1449700
2017-01-18,9341.962890625,9341.9697265625,9350.9501953125,9322.4404296875,9344.740234375,1882800
2017-01-19,9318.11328125,9318.1201171875,9337.6396484375,9287.5400390625,9324.830078125,1796100
2017-01-20,9331.453125,9331.4599609375,9350.0703125,9317.6201171875,9326.7998046875,1613400
2017-01-23,9424.04296875,9424.0498046875,9427.4599609375,9363.66015625,9363.66015625,1796100
2017-01-24,9447.943359375,9447.9501953125,9468.33984375,9416.0595703125,9423.0498046875,2147200
2017-02-02,9428.962890625,9428.9697265625,9521.33984375,9413.76953125,9502.25,3341600
2017-02-03,9455.552734375,9455.5595703125,9478.009765625,9423.9296875,9450.0595703125,2264200
2017-02-06,9538.0029296875,9538.009765625,9548.6796875,9467.669921875,9467.669921875,3053900
2017-02-07,9554.552734375,9554.5595703125,9555.7998046875,9512.5595703125,9527.419921875,2607300
2017-02-08,9543.2431640625,9543.25,9564.0703125,9505.7900390625,9540.76953125,2893600
2017-02-09,9590.1728515625,9590.1796875,9600.08984375,9540.509765625,9555.51953125,2733900
2017-02-10,9665.5830078125,9665.58984375,9688.150390625,9612.669921875,9612.669921875,3443400
2017-02-13,9710.3134765625,9710.3203125,9711.4296875,9681.099609375,9690.3896484375,2743600
2017-02-14,9718.7734375,9718.7802734375,9760.009765625,9698.2900390625,9726.740234375,2798500
2017-02-15,9799.7529296875,9799.759765625,9813.98046875,9723.0400390625,9724.1298828125,2986500
2017-02-16,9771.2431640625,9771.25,9869.58984375,9753.16015625,9826.8896484375,2654800
2017-02-17,9759.7529296875,9759.759765625,9791.58984375,9754.5400390625,9779.16015625,2180300
2017-02-20,9753.193359375,9753.2001953125,9817.1396484375,9743.3603515625,9795.8095703125,2480000
2017-02-21,9763.9228515625,9763.9296875,9775.490234375,9721.3603515625,9761.26953125,2406100
2017-02-22,9778.7734375,9778.7802734375,9820.0703125,9770.099609375,9786.25,2566100
2017-02-23,9769.302734375,9769.3095703125,9810.5595703125,9748.9404296875,9774.080078125,2525500
2017-02-24,9750.462890625,9750.4697265625,9784.3896484375,9740.1796875,9757.669921875,2454600
2017-03-01,9674.7734375,9674.7802734375,9758.7802734375,9674.7802734375,9751.1201171875,2474000
2017-03-02,9691.79296875,9691.7998046875,9774.599609375,9646.33984375,9727.599609375,2522300
2017-03-03,9648.203125,9648.2099609375,9679.8203125,9633.8798828125,9672.259765625,2180100
2017-03-06,9682.623046875,9682.6298828125,9688.5,9647.0,9647.0,1906000
2017-03-07,9738.0634765625,9738.0703125,9738.0703125,9690.2001953125,9690.259765625,1882200
2017-03-08,9753.443359375,9753.4501953125,9773.490234375,9712.5,9744.259765625,2048400
2017-03-09,9658.603515625,9658.6103515625,9743.7802734375,9650.3203125,9740.0498046875,2432800
2017-03-10,9627.8828125,9627.8896484375,9656.650390625,9562.75,9653.7900390625,2283500
2017-03-13,9697.3330078125,9697.33984375,9697.33984375,9656.5595703125,9656.5595703125,1858800
2017-03-14,9744.203125,9744.2099609375,9767.66015625,9720.5302734375,9720.5302734375,2212800
2017-03-15,9740.302734375,9740.3095703125,9749.009765625,9714.580078125,9741.2900390625,1836600
2017-03-16,9837.8232421875,9837.830078125,9842.169921875,9768.849609375,9768.849609375,2102200
2017-03-17,9908.68359375,9908.6904296875,9908.6904296875,9835.509765625,9845.58984375,2689700
2017-03-20,9912.962890625,9912.9697265625,9916.1796875,9869.349609375,9905.8095703125,2118700
2017-03-21,9972.4833984375,9972.490234375,9976.6103515625,9918.3896484375,9923.1796875,2317100
2017-03-22,9922.6533203125,9922.66015625,9922.66015625,9843.0703125,9911.9599609375,2270500
2017-03-23,9930.7333984375,9930.740234375,9945.240234375,9897.4501953125,9921.9697265625,2615300
2017-03-24,9902.9736328125,9902.98046875,9932.6796875,9892.3095703125,9914.1201171875,2324400
2017-03-27,9876.7626953125,9876.76953125,9917.849609375,9859.5302734375,9907.599609375,2296100
2017-03-28,9876.443359375,9876.4501953125,9924.1396484375,9799.2802734375,9909.990234375,2595900
2017-03-29,9856.2431640625,9856.25,9906.759765625,9831.6298828125,9887.0,2272800
2017-03-30,9848.1435546875,9848.150390625,9878.6201171875,9836.330078125,9869.2802734375,2296100
2017-03-31,9811.5126953125,9811.51953125,9869.650390625,9811.51953125,9846.3798828125,2362400
2017-04-05,9949.4736328125,9949.48046875,9949.48046875,9856.4404296875,9856.4404296875,2734200
2017-04-06,9897.79296875,9897.7998046875,9946.66015625,9879.849609375,9946.66015625,2015700
2017-04-07,9873.36328125,9873.3701171875,9900.8798828125,9788.51953125,9892.98046875,2422600
2017-04-10,9882.533203125,9882.5400390625,9898.6396484375,9859.0302734375,9880.2900390625,2364800
2017-04-11,9832.4130859375,9832.419921875,9896.58984375,9820.41015625,9881.5302734375,2287200
2017-04-12,9817.6728515625,9817.6796875,9837.1904296875,9789.58984375,9831.5595703125,2339400
2017-04-13,9836.6728515625,9836.6796875,9868.4501953125,9800.7998046875,9808.830078125,2222700
2017-04-14,9732.9228515625,9732.9296875,9808.330078125,9730.9404296875,9806.150390625,2179100
2017-04-17,9716.3935546875,9716.400390625,9762.4697265625,9670.1103515625,9740.8095703125,2118300
2017-04-18,9746.552734375,9746.5595703125,9771.0703125,9727.259765625,9735.759765625,1763700
2017-04-19,9639.93359375,9639.9404296875,9725.3896484375,9631.6396484375,9725.3896484375,2145200
2017-04-20,9632.68359375,9632.6904296875,9664.240234375,9622.25,9639.9296875,1820400
2017-04-21,9717.4033203125,9717.41015625,9718.8203125,9657.0498046875,9657.0498046875,1626700
2017-04-24,9717.943359375,9717.9501953125,9772.9599609375,9683.7001953125,9742.91015625,1467700
2017-04-25,9841.703125,9841.7099609375,9841.7099609375,9737.8203125,9737.8203125,2097800
2017-04-26,9856.443359375,9856.4501953125,9865.8798828125,9827.4697265625,9859.1103515625,2146400
2017-04-27,9860.61328125,9860.6201171875,9863.51953125,9823.849609375,9859.4501953125,1830500
2017-04-28,9871.9931640625,9872.0,9897.0400390625,9845.83984375,9868.3798828125,2208800
2017-05-02,9941.2626953125,9941.26953125,9951.1396484375,9925.75,9926.4404296875,2064300
2017-05-03,9955.3232421875,9955.330078125,9979.91015625,9937.990234375,9957.6201171875,1702700
2017-05-04,9967.6396484375,9967.6396484375,9973.759765625,9938.9599609375,9962.73046875,1816700
2017-05-05,9899.9404296875,9899.9404296875,9960.990234375,9899.9404296875,9954.9404296875,1708400
2017-05-08,9937.25,9937.25,9964.8603515625,9900.0703125,9934.1298828125,1860700
2017-05-09,9915.48046875,9915.48046875,10001.9404296875,9899.080078125,9967.009765625,2425200
2017-05-10,9968.3203125,9968.3203125,9971.98046875,9932.169921875,9935.2197265625,1972100
2017-05-11,10001.48046875,10001.48046875,10018.7900390625,9964.2998046875,9968.509765625,2145200
2017-05-12,9986.8203125,9986.8203125,10008.25,9961.3701171875,9981.76953125,1833700
2017-05-15,10036.8203125,10036.8203125,10036.8203125,9978.2802734375,9978.2802734375,1810800
2017-05-16,10031.490234375,10031.490234375,10058.58984375,9991.080078125,10037.580078125,2176300
2017-05-17,10013.669921875,10013.669921875,10029.6201171875,9967.9697265625,10019.6201171875,1822400
2017-05-18,9969.4501953125,9969.4501953125,9969.4501953125,9895.650390625,9952.6396484375,1786200
2017-05-19,9947.6201171875,9947.6201171875,9979.73046875,9947.1396484375,9970.400390625,1852200
2017-05-22,9997.259765625,9997.259765625,9997.259765625,9960.9404296875,9965.080078125,1636800
2017-05-23,10007.83984375,10007.83984375,10038.2001953125,9992.580078125,9994.6796875,1747800
2017-05-24,10044.419921875,10044.419921875,10059.740234375,10014.150390625,10014.150390625,1748400
2017-05-25,10108.490234375,10108.490234375,10108.490234375,10059.2001953125,10059.91015625,2021300
2017-05-26,10101.9501953125,10101.9501953125,10121.8798828125,10072.83984375,10090.1796875,1914300
2017-05-31,10040.7197265625,10040.7197265625,10116.1298828125,10025.8798828125,10095.9501953125,2713500
2017-06-01,10087.419921875,10087.419921875,10100.3701171875,10059.9296875,10064.4404296875,1983100
2017-06-02,10152.5302734375,10152.5302734375,10152.5302734375,10117.0595703125,10117.759765625,2100600
2017-06-05,10226.83984375,10226.83984375,10226.83984375,10164.8896484375,10164.8896484375,2208100
2017-06-06,10206.1796875,10206.1796875,10221.6396484375,10190.3896484375,10213.169921875,2078600
2017-06-07,10209.990234375,10209.990234375,10242.3896484375,10183.150390625,10216.1396484375,2239900
2017-06-08,10225.7802734375,10225.7802734375,10235.7001953125,10211.0,10215.9296875,1756200
2017-06-09,10199.650390625,10199.650390625,10268.3701171875,10198.7998046875,10238.5498046875,2205300
2017-06-12,10109.9599609375,10109.9599609375,10158.6396484375,10109.9599609375,10137.0400390625,1800300
2017-06-13,10128.150390625,10128.150390625,10146.669921875,10109.7001953125,10109.7001953125,1635400
2017-06-14,10072.4599609375,10072.4599609375,10165.3095703125,10033.25,10142.7998046875,2131200
2017-06-15,10088.349609375,10088.349609375,10089.0703125,10046.7998046875,10079.1396484375,1647300
2017-06-16,10156.73046875,10156.73046875,10159.4697265625,10073.1201171875,10078.6904296875,2120200
2017-06-19,10250.599609375,10250.599609375,10250.599609375,10162.2197265625,10162.2197265625,1878500
2017-06-20,10324.4599609375,10324.4599609375,10354.3701171875,10286.7900390625,10286.7900390625,1913800
2017-06-21,10349.7197265625,10349.7197265625,10379.8203125,10274.75,10310.9697265625,2399200
2017-06-22,10399.0595703125,10399.0595703125,10403.3603515625,10368.9296875,10369.080078125,2010500
2017-06-23,10377.7001953125,10377.7001953125,10422.330078125,10374.009765625,10403.5595703125,1952000
2017-06-26,10513.9599609375,10513.9599609375,10513.9599609375,10341.8603515625,10341.8603515625,2648600
2017-06-27,10512.0595703125,10512.0595703125,10545.7001953125,10489.099609375,10513.0,2660200
2017-06-28,10390.5498046875,10390.5498046875,10459.169921875,10382.8095703125,10459.169921875,3121300
2017-06-29,10421.650390625,10421.650390625,10476.509765625,10390.900390625,10442.1796875,2867000
2017-06-30,10395.0703125,10395.0703125,10395.0703125,10329.83984375,10367.259765625,2376900
2017-07-03,10412.7900390625,10412.7900390625,10412.7900390625,10363.5,10368.990234375,2157100
2017-07-04,10347.7802734375,10347.7802734375,10421.7197265625,10347.7802734375,10397.9296875,2445100
2017-07-05,10404.7900390625,10404.7900390625,10404.7900390625,10304.740234375,10352.3896484375,1994200
2017-07-06,10368.2001953125,10368.2001953125,10381.2001953125,10336.3203125,10380.66015625,1694000
2017-07-07,10297.25,10297.25,10343.2998046875,10294.6904296875,10343.2998046875,1754100
2017-07-10,10289.91015625,10289.91015625,10331.1103515625,10283.9501953125,10310.740234375,1964700
2017-07-11,10415.5703125,10415.5703125,10415.5703125,10313.080078125,10313.080078125,2039900
2017-07-12,10420.6796875,10420.6796875,10450.8701171875,10393.5400390625,10396.9697265625,2196800
2017-07-13,10460.150390625,10460.150390625,10485.2802734375,10418.740234375,10418.740234375,2645100
2017-07-14,10443.91015625,10443.91015625,10466.33984375,10423.400390625,10450.919921875,2292900
2017-07-17,10457.5400390625,10457.5400390625,10490.0498046875,10436.3095703125,10467.26953125,2183500
2017-07-18,10481.259765625,10481.259765625,10481.259765625,10429.849609375,10447.4697265625,2035100
2017-07-19,10506.099609375,10506.099609375,10537.419921875,10472.8095703125,10472.8095703125,2351900
2017-07-20,10499.3603515625,10499.3603515625,10534.51953125,10483.5400390625,10513.1201171875,2273600
2017-07-21,10436.7001953125,10436.7001953125,10477.7197265625,10428.5595703125,10468.4697265625,1904900
2017-07-24,10461.2802734375,10461.2802734375,10461.2802734375,10406.8095703125,10426.1298828125,1756400
2017-07-25,10463.150390625,10463.150390625,10473.98046875,10442.849609375,10455.1396484375,1959500
2017-07-26,10419.1103515625,10419.1103515625,10500.1103515625,10416.5703125,10477.150390625,2344100
2017-07-27,10508.3701171875,10508.3701171875,10516.23046875,10427.830078125,10427.830078125,2487900
2017-07-28,10423.0498046875,10423.0498046875,10480.669921875,10410.5302734375,10480.669921875,1915800
2017-07-31,10427.330078125,10427.330078125,10427.330078125,10366.169921875,10396.759765625,2036800
2017-08-01,10437.2900390625,10437.2900390625,10470.0302734375,10408.5302734375,10408.5302734375,2391000
2017-08-02,10519.26953125,10519.26953125,10519.26953125,10479.259765625,10479.259765625,2351400
2017-08-03,10469.8798828125,10469.8798828125,10478.6201171875,10427.7197265625,10464.099609375,2125000
2017-08-04,10506.5595703125,10506.5595703125,10510.7001953125,10466.25,10470.9599609375,2439200
2017-08-07,10579.3798828125,10579.3798828125,10592.3095703125,10521.6904296875,10521.6904296875,2543100
2017-08-08,10568.9697265625,10568.9697265625,10619.419921875,10533.7197265625,10598.58984375,2898600
2017-08-09,10470.3798828125,10470.3798828125,10536.1904296875,10457.51953125,10523.509765625,2590000
2017-08-10,10329.740234375,10329.740234375,10477.7900390625,10303.4697265625,10470.0302734375,3032100
2017-08-11,10329.5703125,10329.5703125,10338.0595703125,10238.5,10267.0498046875,2408500
2017-08-14,10225.2802734375,10225.2802734375,10365.2197265625,10225.2802734375,10347.66015625,2531500
2017-08-15,10311.16015625,10311.16015625,10336.2197265625,10271.0302734375,10271.0302734375,2296200
2017-08-16,10290.3896484375,10290.3896484375,10322.3798828125,10245.7197265625,10302.830078125,2510400
2017-08-17,10369.3701171875,10369.3701171875,10372.41015625,10302.5400390625,10302.5400390625,2588000
2017-08-18,10321.330078125,10321.330078125,10330.3896484375,10259.830078125,10324.830078125,2316000
2017-08-21,10326.3896484375,10326.3896484375,10336.3701171875,10282.7197265625,10316.08984375,2165200
2017-08-22,10392.0703125,10392.0703125,10410.4697265625,10353.3701171875,10353.3701171875,2482000
2017-08-23,10406.8095703125,10406.8095703125,10458.91015625,10378.009765625,10418.3203125,2465700
2017-08-24,10488.9599609375,10488.9599609375,10488.9599609375,10410.73046875,10414.66015625,2716400
2017-08-25,10515.509765625,10515.509765625,10519.83984375,10478.7197265625,10497.8603515625,2826800
2017-08-28,10525.98046875,10525.98046875,10542.3701171875,10498.8798828125,10502.7998046875,2738000
2017-08-29,10496.5703125,10496.5703125,10518.6904296875,10463.2197265625,10518.6904296875,2815800
2017-08-30,10569.400390625,10569.400390625,10574.5302734375,10511.58984375,10511.58984375,2765700
2017-08-31,10585.7802734375,10585.7802734375,10609.48046875,10551.9501953125,10586.650390625,2800700
2017-09-01,10594.8203125,10594.8203125,10619.51953125,10568.7197265625,10576.26953125,3121700
2017-09-04,10569.8701171875,10569.8701171875,10610.0400390625,10555.33984375,10585.4404296875,2619800
2017-09-05,10617.83984375,10617.83984375,10617.83984375,10564.259765625,10584.099609375,2761000
2017-09-06,10547.8603515625,10547.8603515625,10604.919921875,10519.7099609375,10593.8701171875,2815600
2017-09-07,10538.509765625,10538.509765625,10604.01953125,10509.91015625,10564.7900390625,3227300
2017-09-08,10609.9501953125,10609.9501953125,10609.9501953125,10550.7197265625,10553.900390625,2818200
2017-09-11,10572.16015625,10572.16015625,10656.25,10565.7802734375,10630.16015625,2977700
2017-09-12,10610.349609375,10610.349609375,10646.5498046875,10586.2802734375,10610.330078125,2920800
2017-09-13,10532.8798828125,10532.8798828125,10620.3095703125,10532.8798828125,10596.3603515625,2711500
2017-09-14,10553.5703125,10553.5703125,10572.7099609375,10508.7197265625,10533.990234375,2491800
2017-09-15,10580.41015625,10580.41015625,10580.7802734375,10520.150390625,10556.8203125,3365900
2017-09-18,10631.5703125,10631.5703125,10642.400390625,10581.8095703125,10590.7998046875,3575300
2017-09-19,10576.1396484375,10576.1396484375,10664.1796875,10561.2099609375,10653.33984375,3071500
2017-09-20,10519.169921875,10519.169921875,10589.1904296875,10490.7099609375,10568.580078125,2745000
2017-09-21,10578.4404296875,10578.4404296875,10603.080078125,10493.9501953125,10506.849609375,2312400
2017-09-22,10449.6796875,10449.6796875,10579.01953125,10446.4501953125,10571.650390625,2427200
2017-09-25,10335.8896484375,10335.8896484375,10447.08984375,10322.099609375,10442.0498046875,2622600
2017-09-26,10257.01953125,10257.01953125,10374.5400390625,10257.01953125,10333.4404296875,2348600
2017-09-27,10326.6796875,10326.6796875,10357.23046875,10315.9697265625,10322.4404296875,1954500
2017-09-28,10296.4501953125,10296.4501953125,10365.58984375,10288.240234375,10351.419921875,2054900
2017-09-29,10329.9404296875,10329.9404296875,10338.9501953125,10273.599609375,10319.6904296875,1942400
2017-10-02,10465.16015625,10465.16015625,10472.8095703125,10414.5302734375,10425.099609375,1730200
2017-10-03,10469.349609375,10469.349609375,10495.33984375,10445.8603515625,10462.7001953125,1916100
2017-10-05,10518.26953125,10518.26953125,10530.9296875,10473.2802734375,10473.2802734375,1905900
2017-10-06,10532.8095703125,10532.8095703125,10557.669921875,10511.5,10538.2099609375,1950000
2017-10-11,10641.1904296875,10641.1904296875,10668.490234375,10576.1201171875,10576.1201171875,2859400
2017-10-12,10711.4404296875,10711.4404296875,10711.4404296875,10668.3896484375,10668.3896484375,2367700
2017-10-13,10724.08984375,10724.08984375,10724.08984375,10675.830078125,10712.48046875,2301200
2017-10-16,10774.2099609375,10774.2099609375,10774.2099609375,10723.3701171875,10735.1396484375,2451900
2017-10-17,10723.150390625,10723.150390625,10798.51953125,10723.150390625,10790.349609375,2368600
2017-10-18,10720.2802734375,10720.2802734375,10790.3095703125,10684.3203125,10773.849609375,2651200
2017-10-19,10760.2900390625,10760.2900390625,10798.5400390625,10745.76953125,10745.76953125,2173500
2017-10-20,10728.8798828125,10728.8798828125,10753.76953125,10702.5595703125,10737.8701171875,2314000
2017-10-23,10735.2099609375,10735.2099609375,10792.26953125,10731.900390625,10759.4697265625,2041300
2017-10-24,10743.7802734375,10743.7802734375,10766.6396484375,10726.25,10749.900390625,2253000
2017-10-25,10750.5703125,10750.5703125,10794.5498046875,10740.0703125,10771.400390625,2517700
2017-10-26,10734.759765625,10734.759765625,10756.509765625,10716.51953125,10735.349609375,2228900
2017-10-27,10709.1103515625,10709.1103515625,10803.599609375,10701.080078125,10757.349609375,3016300
2017-10-30,10756.8701171875,10756.8701171875,10842.25,10743.1298828125,10777.599609375,2240000
2017-10-31,10793.7998046875,10793.7998046875,10829.330078125,10747.3701171875,10768.900390625,2185500
2017-11-01,10806.3603515625,10806.3603515625,10843.41015625,10785.3203125,10816.0400390625,2414200
2017-11-02,10788.509765625,10788.509765625,10827.669921875,10788.509765625,10797.6298828125,2534500
2017-11-03,10800.76953125,10800.76953125,10835.7001953125,10765.3095703125,10797.91015625,2213600
2017-11-06,10786.1904296875,10786.1904296875,10858.5,10769.1904296875,10856.5595703125,2241200
2017-11-07,10840.33984375,10840.33984375,10842.6103515625,10807.8896484375,10820.830078125,2593500
2017-11-08,10818.990234375,10818.990234375,10844.740234375,10806.009765625,10839.4404296875,2513400
2017-11-09,10743.26953125,10743.26953125,10831.3798828125,10721.8701171875,10802.9501953125,3008000
2017-11-10,10732.669921875,10732.669921875,10742.6103515625,10659.2900390625,10713.669921875,2347400
2017-11-13,10683.919921875,10683.919921875,10749.3896484375,10683.919921875,10728.2197265625,2850600
2017-11-14,10687.1796875,10687.1796875,10735.080078125,10654.580078125,10716.58984375,2676900
2017-11-15,10630.650390625,10630.650390625,10669.58984375,10600.259765625,10662.080078125,2325600
2017-11-16,10625.0400390625,10625.0400390625,10666.66015625,10609.23046875,10629.16015625,2189300
2017-11-17,10701.6396484375,10701.6396484375,10729.4501953125,10673.4296875,10673.4296875,2471200
2017-11-20,10664.5498046875,10664.5498046875,10728.3896484375,10656.1796875,10706.7900390625,2503700
2017-11-21,10779.240234375,10779.240234375,10787.580078125,10687.259765625,10688.2197265625,3285200
2017-11-22,10822.58984375,10822.58984375,10882.650390625,10801.099609375,10815.400390625,3911700
2017-11-23,10854.5703125,10854.5703125,10872.2900390625,10809.08984375,10837.6103515625,2681100
2017-11-24,10854.08984375,10854.08984375,10873.91015625,10833.7802734375,10847.7900390625,2746900
2017-11-27,10750.9296875,10750.9296875,10856.0,10746.740234375,10836.8203125,2668100
2017-11-28,10707.0703125,10707.0703125,10752.580078125,10692.5302734375,10733.5595703125,2961000
2017-11-29,10713.5498046875,10713.5498046875,10762.91015625,10697.6201171875,10735.240234375,3096300
2017-11-30,10560.4404296875,10560.4404296875,10650.1796875,10560.4404296875,10623.2001953125,4939100
2017-12-01,10600.3701171875,10600.3701171875,10665.919921875,10495.150390625,10591.6201171875,3776200
2017-12-04,10651.1103515625,10651.1103515625,10665.4296875,10565.6796875,10617.26953125,2864500
2017-12-05,10566.849609375,10566.849609375,10635.7099609375,10540.740234375,10607.6201171875,3126100
2017-12-06,10393.919921875,10393.919921875,10541.0302734375,10376.650390625,10541.0302734375,3022600
2017-12-07,10355.759765625,10355.759765625,10418.9697265625,10322.759765625,10404.419921875,2740500
2017-12-08,10398.6201171875,10398.6201171875,10419.2802734375,10336.259765625,10406.349609375,2683800
2017-12-11,10473.08984375,10473.08984375,10504.669921875,10438.330078125,10438.330078125,2334200
2017-12-12,10443.2802734375,10443.2802734375,10495.240234375,10408.0595703125,10488.73046875,2164400
2017-12-13,10470.7001953125,10470.7001953125,10489.169921875,10444.7001953125,10447.1103515625,2324000
2017-12-14,10538.009765625,10538.009765625,10577.5302734375,10494.599609375,10494.599609375,2447400
2017-12-15,10491.4404296875,10491.4404296875,10520.66015625,10436.1103515625,10517.2099609375,2590700
2017-12-18,10506.51953125,10506.51953125,10526.41015625,10472.3896484375,10478.740234375,1861300
2017-12-19,10467.33984375,10467.33984375,10544.0,10452.080078125,10508.330078125,2190500
2017-12-20,10504.51953125,10504.51953125,10514.3095703125,10470.3603515625,10470.3603515625,2155800
2017-12-21,10488.9697265625,10488.9697265625,10545.7802734375,10488.9697265625,10526.9697265625,2116400
2017-12-22,10537.26953125,10537.26953125,10537.26953125,10486.51953125,10503.099609375,2049900
2017-12-25,10522.490234375,10522.490234375,10556.650390625,10514.5400390625,10546.6396484375,1928200
2017-12-26,10421.91015625,10421.91015625,10528.919921875,10408.1201171875,10526.1396484375,2037800
2017-12-27,10486.669921875,10486.669921875,10497.76953125,10419.8095703125,10419.8095703125,2103300
2017-12-28,10567.6396484375,10567.6396484375,10592.0400390625,10513.2900390625,10513.2900390625,2223700
2017-12-29,10642.8603515625,10642.8603515625,10659.98046875,10590.9501953125,10590.9501953125,2411700
2018-01-02,10710.73046875,10710.73046875,10710.73046875,10650.76953125,10664.8203125,2375900
2018-01-03,10801.5703125,10801.5703125,10813.16015625,10759.6103515625,10759.6103515625,2964800
2018-01-04,10848.6298828125,10848.6298828125,10853.4599609375,10794.25,10834.580078125,3048500
2018-01-05,10879.7998046875,10879.7998046875,10879.7998046875,10815.6796875,10856.919921875,3028400
2018-01-08,10915.75,10915.75,10918.4697265625,10869.1201171875,10899.08984375,3246900
2018-01-09,10914.8896484375,10914.8896484375,10931.0,10860.76953125,10922.349609375,2933100
2018-01-10,10831.08984375,10831.08984375,10934.75,10819.25,10915.3203125,3224000
2018-01-11,10810.0595703125,10810.0595703125,10844.080078125,10770.099609375,10824.5400390625,2736200
2018-01-12,10883.9599609375,10883.9599609375,10899.98046875,10818.240234375,10818.240234375,2900300
2018-01-15,10956.3095703125,10956.3095703125,10962.5498046875,10911.8896484375,10932.3701171875,2672500
2018-01-16,10986.1103515625,10986.1103515625,10986.1103515625,10920.5,10955.8095703125,2943900
2018-01-17,11004.7998046875,11004.7998046875,11030.2197265625,10942.9501953125,10976.1298828125,3337400
2018-01-18,11071.5703125,11071.5703125,11122.8203125,11048.0595703125,11048.0595703125,3069900
2018-01-19,11150.849609375,11150.849609375,11150.849609375,11095.849609375,11123.580078125,2661500
2018-01-22,11231.4599609375,11231.4599609375,11231.4599609375,11142.3798828125,11169.7900390625,3222600
2018-01-23,11253.1103515625,11253.1103515625,11270.1796875,11201.51953125,11243.490234375,3399800
2018-01-24,11152.16015625,11152.16015625,11228.7099609375,11107.3203125,11228.7099609375,3171100
2018-01-25,11165.9501953125,11165.9501953125,11268.6103515625,11131.849609375,11154.3603515625,3457900
2018-01-26,11147.099609375,11147.099609375,11178.2998046875,11089.48046875,11152.5302734375,2701400
2018-01-29,11221.8095703125,11221.8095703125,11246.1796875,11161.830078125,11202.26953125,2450400
2018-01-30,11076.7802734375,11076.7802734375,11189.5703125,11076.7802734375,11189.5703125,2709200
2018-01-31,11103.7900390625,11103.7900390625,11158.2900390625,11007.8896484375,11054.3603515625,2642900
2018-02-01,11160.25,11160.25,11212.099609375,11139.400390625,11139.400390625,2257600
2018-02-02,11126.23046875,11126.23046875,11153.3203125,11070.4296875,11151.650390625,2023400
2018-02-05,10946.25,10946.25,10970.2998046875,10855.4296875,10970.2998046875,2393600
2018-02-06,10404.0,10404.0,10761.009765625,10300.400390625,10761.009765625,5183600
2018-02-07,10551.5400390625,10551.5400390625,10697.8203125,10547.6396484375,10547.6396484375,3145300
2018-02-08,10528.51953125,10528.51953125,10609.5,10512.9296875,10559.4404296875,2287100
2018-02-09,10371.75,10371.75,10392.3095703125,10189.0400390625,10371.009765625,2895400
2018-02-12,10421.08984375,10421.08984375,10473.509765625,10416.009765625,10429.08984375,2387100
2018-02-21,10714.4404296875,10714.4404296875,10720.48046875,10559.7900390625,10559.7900390625,2770600
2018-02-22,10662.3798828125,10662.3798828125,10698.4697265625,10620.7998046875,10698.4697265625,2385800
2018-02-23,10794.5498046875,10794.5498046875,10799.2900390625,10688.9697265625,10688.9697265625,2623500
2018-02-26,10836.7001953125,10836.7001953125,10890.6904296875,10827.98046875,10827.98046875,2295300
2018-02-27,10815.4697265625,10815.4697265625,10937.900390625,10815.4697265625,10896.16015625,2697700
2018-03-01,10785.7900390625,10785.7900390625,10805.5498046875,10709.6904296875,10779.099609375,2508100
2018-03-02,10698.169921875,10698.169921875,10719.2900390625,10638.98046875,10719.2900390625,2135500
2018-03-05,10642.900390625,10642.900390625,10756.3701171875,10642.900390625,10727.4501953125,2203900
2018-03-06,10784.33984375,10784.33984375,10784.33984375,10711.150390625,10711.150390625,1905900
2018-03-07,10745.3203125,10745.3203125,10818.0498046875,10745.3203125,10762.990234375,2106300
2018-03-08,10823.240234375,10823.240234375,10852.330078125,10788.4296875,10788.4296875,2535200
2018-03-09,10864.8203125,10864.8203125,10882.759765625,10845.3798828125,10847.740234375,2457800
2018-03-12,11002.099609375,11002.099609375,11016.5595703125,10908.990234375,10908.990234375,2759800
2018-03-13,11095.6298828125,11095.6298828125,11095.6298828125,11014.8701171875,11022.150390625,2433800
2018-03-14,11038.7998046875,11038.7998046875,11070.2900390625,11015.4697265625,11063.73046875,2331000
2018-03-15,11018.4501953125,11018.4501953125,11052.1103515625,11008.1796875,11039.599609375,2124400
2018-03-16,11027.7001953125,11027.7001953125,11054.8603515625,10933.4599609375,11010.240234375,3071600
2018-03-19,11046.900390625,11046.900390625,11066.0,10983.25,11004.8095703125,2206800
2018-03-20,11010.83984375,11010.83984375,11020.7802734375,10981.0400390625,11016.849609375,2159800
2018-03-21,11011.0703125,11011.0703125,11072.3095703125,11011.0703125,11037.349609375,2360400
2018-03-22,11005.83984375,11005.83984375,11120.2001953125,10975.330078125,11045.900390625,2637400
2018-03-23,10823.330078125,10823.330078125,10863.669921875,10758.0595703125,10863.669921875,2618800
2018-03-26,10840.0498046875,10840.0498046875,10840.0498046875,10781.4296875,10783.5703125,2048600
2018-03-27,10986.7900390625,10986.7900390625,10986.7900390625,10901.6904296875,10901.6904296875,2297400
2018-03-28,10865.66015625,10865.66015625,10939.9697265625,10853.48046875,10939.9697265625,1953100
2018-03-29,10845.919921875,10845.919921875,10889.599609375,10815.4599609375,10855.66015625,2158300
2018-03-30,10906.2197265625,10906.2197265625,10969.2197265625,10905.2998046875,10905.2998046875,2263300
2018-04-02,10888.26953125,10888.26953125,10969.8798828125,10882.0498046875,10936.259765625,2071400
2018-04-03,10821.5302734375,10821.5302734375,10837.5400390625,10775.4501953125,10837.5400390625,2124100
2018-04-09,10893.5302734375,10893.5302734375,10904.75,10829.01953125,10880.1396484375,2664500
2018-04-10,10927.1796875,10927.1796875,10975.669921875,10874.830078125,10885.6396484375,2943400
2018-04-11,10974.01953125,10974.01953125,11016.349609375,10953.3095703125,10961.7001953125,2560400
2018-04-12,10955.2900390625,10955.2900390625,11008.2001953125,10920.6201171875,10984.1201171875,2248200
2018-04-13,10965.3896484375,10965.3896484375,10988.23046875,10938.3701171875,10975.580078125,2400400
2018-04-16,10954.5498046875,10954.5498046875,10974.9404296875,10921.169921875,10962.3603515625,2341000
2018-04-17,10810.4501953125,10810.4501953125,10965.2001953125,10799.0703125,10953.509765625,2646400
2018-04-18,10847.8896484375,10847.8896484375,10917.599609375,10809.8896484375,10842.8798828125,2189700
2018-04-19,10971.2197265625,10971.2197265625,10983.9599609375,10889.7099609375,10891.66015625,2490200
2018-04-20,10779.3798828125,10779.3798828125,10831.5595703125,10770.0498046875,10802.419921875,2349600
2018-04-23,10697.1298828125,10697.1298828125,10774.73046875,10687.25,10756.8896484375,2324700
2018-04-24,10579.5,10579.5,10692.1904296875,10540.150390625,10680.3798828125,2664800
2018-04-25,10559.9697265625,10559.9697265625,10573.73046875,10489.2001953125,10541.830078125,2555100
2018-04-26,10488.580078125,10488.580078125,10618.6796875,10478.98046875,10583.080078125,2633700
2018-04-27,10553.4296875,10553.4296875,10573.6103515625,10495.669921875,10546.2900390625,2079000
2018-04-30,10657.8798828125,10657.8798828125,10660.6103515625,10539.6298828125,10553.41015625,2120800
2018-05-02,10618.8095703125,10618.8095703125,10683.900390625,10601.099609375,10665.51953125,2252100
2018-05-03,10514.1796875,10514.1796875,10578.98046875,10509.0302734375,10578.98046875,2113300
2018-05-04,10529.3701171875,10529.3701171875,10566.3701171875,10500.9697265625,10516.4501953125,2055900
2018-05-07,10604.91015625,10604.91015625,10632.6201171875,10555.5595703125,10581.7802734375,1965200
2018-05-08,10691.3798828125,10691.3798828125,10691.3798828125,10609.0400390625,10610.4404296875,2300800
2018-05-09,10703.349609375,10703.349609375,10748.599609375,10689.8095703125,10692.8896484375,2414400
2018-05-10,10760.2099609375,10760.2099609375,10782.0595703125,10731.6796875,10731.6796875,2472700
2018-05-11,10858.98046875,10858.98046875,10874.6298828125,10808.400390625,10808.400390625,2782800
2018-05-14,10952.3896484375,10952.3896484375,10970.240234375,10908.8603515625,10938.2998046875,2550800
2018-05-15,10874.73046875,10874.73046875,10978.3798828125,10874.73046875,10965.080078125,2652800
2018-05-16,10897.5703125,10897.5703125,10915.740234375,10865.0703125,10873.5400390625,2905400
2018-05-17,10833.8095703125,10833.8095703125,10938.6298828125,10833.8095703125,10911.740234375,2510000
2018-05-18,10830.83984375,10830.83984375,10893.349609375,10819.0703125,10844.08984375,2570800
2018-05-21,10966.2001953125,10966.2001953125,10979.099609375,10861.66015625,10861.66015625,2401700
2018-05-22,10938.73046875,10938.73046875,11034.1201171875,10938.73046875,10986.76953125,2535800
2018-05-23,10886.1796875,10886.1796875,10991.8603515625,10886.1796875,10974.51953125,2468500
2018-05-24,10936.9296875,10936.9296875,10942.6396484375,10883.51953125,10910.6103515625,2239900
2018-05-25,10942.2998046875,10942.2998046875,10977.8095703125,10918.1201171875,10946.6201171875,2219900
2018-05-28,10987.76953125,10987.76953125,10999.4296875,10965.1796875,10976.490234375,2463800
2018-05-29,10964.1201171875,10964.1201171875,10986.5302734375,10929.5595703125,10979.6796875,2424700
2018-05-30,10821.169921875,10821.169921875,10925.2099609375,10799.75,10925.2099609375,3159000
2018-05-31,10874.9599609375,10874.9599609375,10909.6103515625,10853.650390625,10856.0302734375,4494100
2018-06-01,10949.080078125,10949.080078125,10954.669921875,10876.9697265625,10882.6796875,2817400
2018-06-04,11109.5,11109.5,11109.5,11002.150390625,11002.150390625,2890900
2018-06-05,11100.1103515625,11100.1103515625,11131.080078125,11054.6201171875,11130.0302734375,3024000
2018-06-06,11201.830078125,11201.830078125,11207.150390625,11111.1396484375,11111.1396484375,3038200
2018-06-07,11251.75,11251.75,11261.6796875,11188.990234375,11228.6396484375,3563000
2018-06-08,11156.419921875,11156.419921875,11243.58984375,11122.98046875,11243.58984375,2935100
2018-06-11,11149.23046875,11149.23046875,11186.669921875,11118.8095703125,11168.990234375,2763200
2018-06-12,11144.7900390625,11144.7900390625,11160.0498046875,11088.5302734375,11140.01953125,3009100
2018-06-13,11173.2099609375,11173.2099609375,11188.009765625,11119.240234375,11153.2001953125,3259400
2018-06-14,11013.98046875,11013.98046875,11143.0400390625,11013.98046875,11143.0400390625,3145600
2018-06-15,11087.4697265625,11087.4697265625,11087.4697265625,10981.6103515625,10998.2001953125,3547100
2018-06-19,10904.1904296875,10904.1904296875,11008.76953125,10904.1904296875,11008.76953125,3158000
2018-06-20,10927.4404296875,10927.4404296875,10969.2001953125,10842.5595703125,10904.7998046875,3060000
2018-06-21,10941.0703125,10941.0703125,10992.3095703125,10941.0703125,10949.849609375,2522200
2018-06-22,10899.2802734375,10899.2802734375,10914.830078125,10828.8603515625,10901.25,2733900
2018-06-25,10786.4599609375,10786.4599609375,10851.16015625,10786.4599609375,10834.0703125,2393700
2018-06-26,10742.169921875,10742.169921875,10752.990234375,10651.419921875,10730.900390625,2616000
2018-06-27,10701.0302734375,10701.0302734375,10800.33984375,10701.0302734375,10766.8798828125,2357900
2018-06-28,10654.2802734375,10654.2802734375,10723.83984375,10633.009765625,10669.419921875,2259600
2018-06-29,10836.91015625,10836.91015625,10836.91015625,10667.6396484375,10667.6396484375,2256100
2018-07-02,10777.9404296875,10777.9404296875,10886.2001953125,10777.9404296875,10852.169921875,2244500
2018-07-03,10715.7197265625,10715.7197265625,10873.48046875,10707.6796875,10802.8798828125,2685900
2018-07-04,10721.8701171875,10721.8701171875,10752.0498046875,10680.4404296875,10714.25,2081200
2018-07-05,10611.8095703125,10611.8095703125,10709.7998046875,10585.26953125,10690.91015625,2075800
2018-07-06,10608.5703125,10608.5703125,10665.7197265625,10523.580078125,10645.66015625,2613100
2018-07-09,10720.2802734375,10720.2802734375,10746.740234375,10638.900390625,10638.900390625,2329300
2018-07-10,10756.8896484375,10756.8896484375,10776.4697265625,10728.240234375,10737.6201171875,2427500
2018-07-11,10676.83984375,10676.83984375,10693.6396484375,10635.0302734375,10693.6396484375,2140700
2018-07-12,10738.3798828125,10738.3798828125,10752.5703125,10643.650390625,10644.91015625,2053500
2018-07-13,10864.5400390625,10864.5400390625,10864.5400390625,10769.7001953125,10769.7001953125,2134000
2018-07-16,10817.4501953125,10817.4501953125,10890.2001953125,10817.4501953125,10867.9697265625,1889400
2018-07-17,10778.990234375,10778.990234375,10818.83984375,10758.830078125,10802.75,2029100
2018-07-18,10842.4599609375,10842.4599609375,10872.740234375,10788.3701171875,10811.4296875,2388600
2018-07-19,10835.3798828125,10835.3798828125,10896.25,10826.1396484375,10868.5595703125,2052700
2018-07-20,10932.1103515625,10932.1103515625,10963.9501953125,10893.73046875,10932.509765625,2245800
2018-07-23,10946.8896484375,10946.8896484375,10984.83984375,10901.75,10929.4599609375,2153400
2018-07-24,10995.3896484375,10995.3896484375,10995.3896484375,10917.6103515625,10937.76953125,2213600
2018-07-25,10965.7900390625,10965.7900390625,10992.2900390625,10956.0,10957.66015625,1970700
2018-07-26,11010.6103515625,11010.6103515625,11018.1904296875,10966.330078125,10969.349609375,2336000
2018-07-27,11075.7802734375,11075.7802734375,11075.7802734375,11009.16015625,11023.0703125,2230900
2018-07-30,11033.5400390625,11033.5400390625,11080.41015625,11001.150390625,11072.7001953125,2141500
2018-07-31,11057.509765625,11057.509765625,11057.509765625,10976.4599609375,10997.73046875,2513500
2018-08-01,11098.1298828125,11098.1298828125,11100.01953125,11058.2802734375,11062.3603515625,2144000
2018-08-02,10929.76953125,10929.76953125,11095.669921875,10919.1298828125,11095.669921875,2168200
2018-08-03,11012.4296875,11012.4296875,11012.4296875,10957.2998046875,10957.2998046875,1956900
2018-08-06,11024.099609375,11024.099609375,11054.490234375,10994.9697265625,10997.259765625,1896400
2018-08-07,10983.4404296875,10983.4404296875,11030.08984375,10983.4404296875,11024.9697265625,1987900
2018-08-08,11075.25,11075.25,11095.5,11026.0703125,11026.0703125,2141000
2018-08-09,11028.0703125,11028.0703125,11063.6201171875,11001.9599609375,11063.6201171875,2004300
2018-08-10,10983.6796875,10983.6796875,11033.8896484375,10972.25,11009.9599609375,2143300
2018-08-13,10748.919921875,10748.919921875,10939.6796875,10693.73046875,10939.6796875,2883800
2018-08-14,10824.23046875,10824.23046875,10829.849609375,10755.5302734375,10797.9501953125,2280700
2018-08-15,10716.75,10716.75,10827.2802734375,10688.58984375,10827.2802734375,2450800
2018-08-16,10683.900390625,10683.900390625,10725.7099609375,10606.259765625,10663.5703125,2348700
2018-08-17,10690.9599609375,10690.9599609375,10757.009765625,10688.5498046875,10702.599609375,2069100
2018-08-20,10699.0498046875,10699.0498046875,10729.900390625,10663.4404296875,10698.759765625,2057400
2018-08-21,10792.2001953125,10792.2001953125,10792.2001953125,10697.009765625,10697.009765625,1972500
2018-08-22,10804.2001953125,10804.2001953125,10828.2099609375,10774.6904296875,10790.240234375,2018400
2018-08-23,10863.1298828125,10863.1298828125,10863.1298828125,10802.7900390625,10817.330078125,1938600
2018-08-24,10809.349609375,10809.349609375,10865.91015625,10770.3203125,10865.91015625,1748700
2018-08-27,10902.2099609375,10902.2099609375,10916.6904296875,10847.169921875,10847.169921875,1710800
2018-08-28,10989.5498046875,10989.5498046875,11005.5498046875,10946.330078125,10946.330078125,1940600
2018-08-29,11099.5703125,11099.5703125,11099.5703125,11029.1103515625,11029.1201171875,1822900
2018-08-30,11093.75,11093.75,11186.0498046875,11080.0703125,11153.9697265625,1915800
2018-08-31,11063.9404296875,11063.9404296875,11063.9404296875,10987.6796875,11037.259765625,2081900
2018-09-03,10964.2197265625,10964.2197265625,11097.1103515625,10952.849609375,11087.8603515625,1897900
2018-09-04,11021.3798828125,11021.3798828125,11028.26953125,10956.490234375,10981.3896484375,1653400
2018-09-05,10995.1298828125,10995.1298828125,11058.0595703125,10989.9296875,11042.41015625,1898700
2018-09-06,10924.2998046875,10924.2998046875,11016.919921875,10905.33984375,11016.919921875,2038400
2018-09-07,10846.990234375,10846.990234375,10922.5498046875,10807.5595703125,10922.5498046875,2491300
2018-09-10,10725.7998046875,10725.7998046875,10877.7197265625,10689.2900390625,10869.7998046875,2600600
2018-09-11,10752.2998046875,10752.2998046875,10765.419921875,10669.58984375,10723.0,2098700
2018-09-12,10722.5703125,10722.5703125,10779.9296875,10667.25,10762.91015625,1938500
2018-09-13,10727.23046875,10727.23046875,10758.83984375,10701.25,10726.669921875,1811500
2018-09-14,10868.1396484375,10868.1396484375,10882.0400390625,10770.4697265625,10776.5302734375,2068800
2018-09-17,10828.6103515625,10828.6103515625,10883.98046875,10806.73046875,10881.7802734375,1698100
2018-09-18,10760.2099609375,10760.2099609375,10806.5595703125,10750.8095703125,10794.2197265625,1938500
2018-09-19,10857.26953125,10857.26953125,10882.75,10808.5,10808.5,1999200
2018-09-20,10831.41015625,10831.41015625,10908.3603515625,10814.5400390625,10886.1904296875,2090900
2018-09-21,10972.41015625,10972.41015625,10972.41015625,10835.83984375,10857.099609375,2539000
2018-09-25,10978.849609375,10978.849609375,11003.490234375,10941.76953125,10959.5595703125,1987200
2018-09-26,10974.1904296875,10974.1904296875,11007.349609375,10947.2900390625,10974.080078125,1855200
2018-09-27,11034.1904296875,11034.1904296875,11051.08984375,10961.26953125,10973.76953125,2089800
2018-09-28,11006.33984375,11006.33984375,11073.9501953125,10966.9599609375,11050.08984375,2192700
2018-10-01,11051.7998046875,11051.7998046875,11062.4296875,11012.9501953125,11014.1904296875,1646700
2018-10-02,10919.6298828125,10919.6298828125,11064.33984375,10906.419921875,11048.8896484375,1802400
2018-10-03,10863.9404296875,10863.9404296875,10926.73046875,10839.4599609375,10918.740234375,1696000
2018-10-04,10718.91015625,10718.91015625,10826.1904296875,10707.759765625,10826.1904296875,1874000
2018-10-05,10517.1201171875,10517.1201171875,10669.6298828125,10446.9404296875,10665.2900390625,2735700
2018-10-08,10455.9296875,10455.9296875,10507.830078125,10403.1298828125,10467.849609375,1796600
2018-10-09,10466.830078125,10466.830078125,10503.099609375,10428.9697265625,10464.3896484375,2097200
2018-10-11,9806.1103515625,9806.1103515625,10272.0400390625,9797.9296875,10272.0400390625,4348500
2018-10-12,10045.8095703125,10045.8095703125,10046.009765625,9740.759765625,9811.580078125,2724400
2018-10-15,9901.1201171875,9901.1201171875,9989.6298828125,9890.4697265625,9989.6298828125,2044700
2018-10-16,9981.099609375,9981.099609375,10011.1904296875,9888.73046875,9891.9697265625,1888800
2018-10-17,9979.1396484375,9979.1396484375,10127.009765625,9978.25,10048.4296875,1856700
2018-10-18,9953.73046875,9953.73046875,10019.5,9919.7900390625,9975.4599609375,1611800
2018-10-19,9919.259765625,9919.259765625,9919.259765625,9762.91015625,9879.4697265625,2417000
2018-10-22,9974.2802734375,9974.2802734375,9984.150390625,9822.150390625,9871.2998046875,1481700
2018-10-23,9775.2001953125,9775.2001953125,9912.2802734375,9775.2001953125,9912.2802734375,1711300
2018-10-24,9759.400390625,9759.400390625,9809.1904296875,9667.849609375,9774.2900390625,2135200
2018-10-25,9520.7900390625,9520.7900390625,9622.9501953125,9475.6103515625,9622.9501953125,2456900
2018-10-26,9489.1796875,9489.1796875,9629.0703125,9400.6904296875,9570.1904296875,2247500
2018-10-29,9516.3203125,9516.3203125,9554.349609375,9459.1201171875,9515.4296875,1787600
2018-10-30,9526.1103515625,9526.1103515625,9574.830078125,9481.66015625,9508.8095703125,1671600
2018-10-31,9802.1298828125,9802.1298828125,9802.1298828125,9588.8603515625,9588.8603515625,2211300
2018-11-01,9844.740234375,9844.740234375,9869.58984375,9742.6103515625,9812.2001953125,1992200
2018-11-02,9906.58984375,9906.58984375,9906.58984375,9817.2900390625,9871.400390625,2238700
2018-11-05,9889.8095703125,9889.8095703125,9889.8095703125,9786.25,9856.849609375,1847700
2018-11-06,9824.9501953125,9824.9501953125,9899.9697265625,9782.8603515625,9888.41015625,1984100
2018-11-07,9908.349609375,9908.349609375,9912.5302734375,9817.9501953125,9818.150390625,1867900
2018-11-08,9945.3095703125,9945.3095703125,10014.419921875,9938.5498046875,9958.4697265625,2038400
2018-11-09,9830.009765625,9830.009765625,9921.7802734375,9798.4501953125,9921.7802734375,1597500
2018-11-12,9831.2099609375,9831.2099609375,9875.83984375,9764.4599609375,9806.7998046875,1553300
2018-11-13,9775.83984375,9775.83984375,9777.349609375,9616.16015625,9727.169921875,1893900
2018-11-14,9791.8798828125,9791.8798828125,9823.25,9763.8896484375,9799.6904296875,1936800
2018-11-15,9826.4599609375,9826.4599609375,9844.3896484375,9755.1201171875,9806.580078125,1981500
2018-11-16,9797.08984375,9797.08984375,9851.2900390625,9770.8701171875,9819.0498046875,2128300
2018-11-19,9828.6904296875,9828.6904296875,9836.01953125,9779.400390625,9795.4697265625,1612100
2018-11-20,9743.990234375,9743.990234375,9800.0302734375,9726.7998046875,9788.9501953125,1494300
2018-11-21,9741.51953125,9741.51953125,9753.6904296875,9632.4697265625,9698.51953125,1656500
2018-11-22,9714.7099609375,9714.7099609375,9792.990234375,9702.76953125,9769.330078125,1653700
2018-11-23,9667.2998046875,9667.2998046875,9738.7998046875,9654.91015625,9730.6396484375,1478500
2018-11-26,9765.3603515625,9765.3603515625,9847.349609375,9679.98046875,9679.98046875,1721700
2018-11-27,9778.6201171875,9778.6201171875,9781.400390625,9688.740234375,9728.9501953125,1887000
2018-11-28,9884.3095703125,9884.3095703125,9890.8896484375,9767.1396484375,9774.0302734375,2320700
2018-11-29,9885.3603515625,9885.3603515625,10001.849609375,9885.3603515625,9959.8701171875,2548900
2018-11-30,9888.0302734375,9888.0302734375,9957.6298828125,9888.0302734375,9899.240234375,3655700
2018-12-03,10137.8701171875,10137.8701171875,10148.75,9979.2099609375,9979.2099609375,3055000
2018-12-04,10083.5400390625,10083.5400390625,10126.01953125,10061.7001953125,10120.4296875,2576200
2018-12-05,9916.740234375,9916.740234375,9971.98046875,9895.2900390625,9971.98046875,2025400
2018-12-06,9684.7197265625,9684.7197265625,9850.080078125,9664.75,9850.080078125,2658000
2018-12-07,9760.8798828125,9760.8798828125,9785.2001953125,9719.4599609375,9719.4599609375,1716300
2018-12-10,9647.5400390625,9647.5400390625,9722.9697265625,9626.4697265625,9722.9697265625,1868800
2018-12-11,9707.0400390625,9707.0400390625,9720.9599609375,9661.7197265625,9661.7197265625,1768400
2018-12-12,9816.4501953125,9816.4501953125,9835.5595703125,9741.4501953125,9741.4501953125,1860200
2018-12-13,9858.759765625,9858.759765625,9871.9599609375,9815.5,9827.3203125,2034600
2018-12-14,9774.16015625,9774.16015625,9818.9501953125,9718.9404296875,9818.9501953125,1837600
2018-12-17,9787.5302734375,9787.5302734375,9826.8798828125,9733.98046875,9762.490234375,1597900
2018-12-18,9718.8203125,9718.8203125,9756.669921875,9701.099609375,9756.4599609375,1881600
2018-12-19,9783.2099609375,9783.2099609375,9783.2099609375,9720.919921875,9720.919921875,1782800
2018-12-20,9674.51953125,9674.51953125,9741.5498046875,9658.5,9729.2900390625,1696500
2018-12-21,9676.669921875,9676.669921875,9683.9501953125,9585.3203125,9648.98046875,2087300
2018-12-24,9639.7001953125,9639.7001953125,9658.9501953125,9613.2900390625,9646.5302734375,1385100
2018-12-25,9527.08984375,9527.08984375,9559.7001953125,9479.0595703125,9559.7001953125,1458500
2018-12-26,9478.990234375,9478.990234375,9591.91015625,9473.2998046875,9544.8701171875,1299700
2018-12-27,9641.5595703125,9641.5595703125,9670.9697265625,9555.009765625,9555.009765625,1511100
2018-12-28,9727.41015625,9727.41015625,9727.41015625,9630.76953125,9649.9697265625,1411300
2019-01-02,9554.1396484375,9554.1396484375,9737.6796875,9542.51953125,9725.26953125,1239100
2019-01-03,9492.419921875,9492.419921875,9554.5302734375,9474.4697265625,9494.25,1560800
2019-01-04,9382.509765625,9382.509765625,9427.240234375,9319.2802734375,9427.240234375,1842100
2019-01-07,9590.2998046875,9590.2998046875,9596.349609375,9460.2001953125,9460.2001953125,1722300
2019-01-08,9563.599609375,9563.599609375,9600.9404296875,9547.6298828125,9591.5595703125,1423100
2019-01-09,9738.3095703125,9738.3095703125,9741.6396484375,9584.6298828125,9584.6298828125,2281800
2019-01-10,9720.6904296875,9720.6904296875,9731.1103515625,9683.2001953125,9731.1103515625,1609200
2019-01-11,9759.400390625,9759.400390625,9796.98046875,9736.0,9753.6298828125,1618600
2019-01-14,9708.2197265625,9708.2197265625,9762.3701171875,9677.490234375,9737.669921875,1356000
2019-01-15,9806.0400390625,9806.0400390625,9806.0400390625,9701.9296875,9701.9296875,1709500
2019-01-16,9763.8095703125,9763.8095703125,9803.990234375,9763.8095703125,9781.349609375,1796800
2019-01-17,9789.150390625,9789.150390625,9826.25,9759.509765625,9773.3095703125,1634200
2019-01-18,9836.0595703125,9836.0595703125,9842.7998046875,9771.150390625,9781.3896484375,1545600
2019-01-21,9889.400390625,9889.400390625,9919.9404296875,9870.26953125,9870.26953125,1593600
2019-01-22,9894.66015625,9894.66015625,9894.66015625,9855.4697265625,9880.5400390625,1408000
2019-01-23,9846.400390625,9846.400390625,9873.3896484375,9828.0302734375,9869.5400390625,1140300
2019-01-24,9877.1201171875,9877.1201171875,9892.8203125,9847.3203125,9865.0,1452000
2019-01-25,9969.6103515625,9969.6103515625,9980.080078125,9918.2099609375,9923.3896484375,1944600
2019-01-28,10013.330078125,10013.330078125,10020.599609375,9990.0703125,10006.4599609375,1656900
2019-01-29,9931.58984375,9931.58984375,9952.33984375,9893.9599609375,9944.7099609375,1647200
2019-01-30,9932.259765625,9932.259765625,9959.0302734375,9909.8095703125,9915.9697265625,1981800
2019-02-11,10004.25,10004.25,10065.51953125,9988.830078125,10029.83984375,2320500
2019-02-12,10097.740234375,10097.740234375,10100.23046875,10032.080078125,10032.080078125,2264900
2019-02-13,10090.580078125,10090.580078125,10140.98046875,10074.33984375,10123.6103515625,2455200
2019-02-14,10089.009765625,10089.009765625,10135.6201171875,10082.0,10095.990234375,2140200
2019-02-15,10064.7802734375,10064.7802734375,10135.16015625,10055.5,10111.1796875,2137700
2019-02-18,10145.2802734375,10145.2802734375,10165.76953125,10096.9404296875,10096.9404296875,1911900
2019-02-19,10152.259765625,10152.259765625,10173.4697265625,10143.150390625,10152.1103515625,1765600
2019-02-20,10272.4599609375,10272.4599609375,10272.4599609375,10181.9404296875,10181.9404296875,2246700
2019-02-21,10319.5302734375,10319.5302734375,10319.5302734375,10256.5302734375,10282.3203125,2282400
2019-02-22,10322.919921875,10322.919921875,10322.919921875,10269.9501953125,10309.01953125,2188700
2019-02-25,10390.9296875,10390.9296875,10390.9296875,10343.4501953125,10343.4501953125,2325300
2019-02-26,10391.5498046875,10391.5498046875,10416.91015625,10368.8603515625,10403.0302734375,2295000
2019-02-27,10389.169921875,10389.169921875,10403.0498046875,10343.5595703125,10385.8095703125,2510800
2019-03-04,10349.8798828125,10349.8798828125,10402.3896484375,10313.1796875,10385.25,2273800
2019-03-05,10305.259765625,10305.259765625,10334.33984375,10295.4404296875,10323.25,1773500
2019-03-06,10357.150390625,10357.150390625,10359.1201171875,10327.900390625,10328.1796875,1865800
2019-03-07,10311.6796875,10311.6796875,10367.98046875,10299.4599609375,10359.4697265625,2007700
2019-03-08,10241.75,10241.75,10274.2802734375,10204.2099609375,10274.2802734375,1780600
2019-03-11,10250.2802734375,10250.2802734375,10269.2998046875,10214.01953125,10224.26953125,1774800
2019-03-12,10343.330078125,10343.330078125,10382.1201171875,10294.3701171875,10294.3701171875,1970500
2019-03-13,10373.3203125,10373.3203125,10373.3203125,10331.26953125,10331.26953125,1810600
2019-03-14,10348.650390625,10348.650390625,10407.26953125,10339.6396484375,10391.2998046875,2101900
2019-03-15,10439.240234375,10439.240234375,10439.240234375,10370.0,10374.66015625,2821000
2019-03-18,10512.7001953125,10512.7001953125,10512.7001953125,10445.740234375,10455.1904296875,2211800
2019-03-19,10512.3203125,10512.3203125,10525.599609375,10484.6904296875,10497.400390625,2284300
2019-03-20,10551.5595703125,10551.5595703125,10556.8095703125,10506.9599609375,10529.2998046875,2260000
2019-03-21,10609.5498046875,10609.5498046875,10612.33984375,10551.669921875,10563.9296875,2137700
2019-03-22,10639.0703125,10639.0703125,10667.9404296875,10589.4697265625,10642.5703125,2427100
2019-03-25,10479.48046875,10479.48046875,10535.1201171875,10458.7900390625,10535.1201171875,2215900
2019-03-26,10559.2001953125,10559.2001953125,10559.2001953125,10506.6796875,10506.6796875,1978500
2019-03-27,10542.7001953125,10542.7001953125,10556.75,10515.8603515625,10542.6796875,1974900
2019-03-28,10536.259765625,10536.259765625,10536.259765625,10499.2900390625,10529.01953125,1931300
2019-03-29,10641.0400390625,10641.0400390625,10641.0400390625,10525.26953125,10551.990234375,2220600
2019-04-01,10642.6298828125,10642.6298828125,10735.0703125,10627.009765625,10714.6796875,2667600
2019-04-02,10690.2998046875,10690.2998046875,10728.3798828125,10685.099609375,10695.4697265625,2311900
2019-04-03,10704.3798828125,10704.3798828125,10741.5595703125,10690.23046875,10725.169921875,2223400
2019-04-08,10800.5703125,10800.5703125,10807.0498046875,10759.9599609375,10759.9599609375,2775100
2019-04-09,10851.599609375,10851.599609375,10851.599609375,10793.76953125,10805.3896484375,2515400
2019-04-10,10868.1396484375,10868.1396484375,10875.650390625,10815.6103515625,10839.9296875,2380600
2019-04-11,10808.76953125,10808.76953125,10887.1201171875,10797.759765625,10869.240234375,2465900
2019-04-12,10805.2998046875,10805.2998046875,10836.4404296875,10782.01953125,10820.9404296875,2240000
2019-04-15,10875.599609375,10875.599609375,10897.2099609375,10849.5498046875,10849.83984375,2225000
2019-04-16,10927.849609375,10927.849609375,10927.849609375,10876.33984375,10905.6298828125,2542500
2019-04-17,10997.259765625,10997.259765625,11016.919921875,10961.6103515625,10961.6103515625,2918400
2019-04-18,10962.01953125,10962.01953125,11077.990234375,10926.849609375,11038.240234375,2903900
2019-04-19,10968.5,10968.5,11045.080078125,10950.4296875,11017.6904296875,2135400
2019-04-22,10987.7099609375,10987.7099609375,11027.490234375,10974.8203125,10994.51953125,2117600
2019-04-23,11025.6796875,11025.6796875,11025.6796875,10949.2998046875,10994.2802734375,1997200
2019-04-24,11027.6396484375,11027.6396484375,11070.849609375,10995.830078125,11054.01953125,2158600
2019-04-25,11039.8603515625,11039.8603515625,11046.76953125,11006.6796875,11017.73046875,2203500
2019-04-26,10952.4697265625,10952.4697265625,10986.5302734375,10906.4404296875,10986.5302734375,2174600
2019-04-29,10939.0595703125,10939.0595703125,10992.5498046875,10905.7802734375,10952.91015625,2124700
2019-04-30,10967.73046875,10967.73046875,10978.099609375,10910.7802734375,10945.9404296875,1865000
2019-05-02,11004.490234375,11004.490234375,11046.6396484375,10988.7001953125,10992.759765625,1843600
2019-05-03,11096.2998046875,11096.2998046875,11097.0,11018.8603515625,11037.990234375,1868300
2019-05-06,10897.1201171875,10897.1201171875,11005.3603515625,10870.400390625,11005.3603515625,2240200
2019-05-07,10987.1396484375,10987.1396484375,11004.759765625,10913.9501953125,10913.9501953125,1781400
2019-05-08,10923.7099609375,10923.7099609375,10946.8203125,10867.0595703125,10938.4697265625,1846400
2019-05-09,10733.669921875,10733.669921875,10910.4697265625,10732.9697265625,10910.4697265625,2458000
2019-05-10,10712.990234375,10712.990234375,10834.6904296875,10669.3896484375,10751.5498046875,2139200
2019-05-13,10558.2900390625,10558.2900390625,10693.4404296875,10549.0595703125,10684.0400390625,2021900
2019-05-14,10519.25,10519.25,10544.9697265625,10363.01953125,10480.2099609375,2502400
2019-05-15,10560.7099609375,10560.7099609375,10612.5,10535.240234375,10535.240234375,2024100
2019-05-16,10474.6103515625,10474.6103515625,10573.9296875,10474.6103515625,10556.580078125,2169600
2019-05-17,10384.1103515625,10384.1103515625,10564.9697265625,10384.1103515625,10508.5595703125,2375500
2019-05-20,10398.41015625,10398.41015625,10465.83984375,10385.1796875,10405.3603515625,1909200
2019-05-21,10464.5,10464.5,10477.2001953125,10342.3203125,10362.349609375,2268700
2019-05-22,10457.2197265625,10457.2197265625,10520.6201171875,10453.5,10481.099609375,1664400
2019-05-23,10308.3701171875,10308.3701171875,10404.0,10289.6904296875,10404.0,1960700
2019-05-24,10328.2802734375,10328.2802734375,10370.9697265625,10308.58984375,10313.150390625,1754200
2019-05-27,10334.1298828125,10334.1298828125,10365.4404296875,10305.2802734375,10344.1796875,1661800
2019-05-28,10312.3095703125,10312.3095703125,10361.6103515625,10312.3095703125,10348.580078125,3192400
2019-05-29,10301.7802734375,10301.7802734375,10307.75,10227.4404296875,10277.349609375,1853800
2019-05-30,10382.990234375,10382.990234375,10384.3603515625,10306.0302734375,10307.1201171875,1788400
2019-05-31,10498.490234375,10498.490234375,10515.099609375,10369.01953125,10386.1201171875,2168100
2019-06-03,10500.0703125,10500.0703125,10511.2001953125,10383.509765625,10482.4501953125,1635900
2019-06-04,10429.1201171875,10429.1201171875,10518.330078125,10421.8095703125,10499.509765625,1621700
2019-06-05,10461.6201171875,10461.6201171875,10541.2900390625,10446.509765625,10497.5,1703200
2019-06-06,10409.2001953125,10409.2001953125,10429.330078125,10371.080078125,10409.900390625,1716000
2019-06-10,10566.4697265625,10566.4697265625,10566.4697265625,10466.240234375,10486.23046875,1819200
2019-06-11,10607.759765625,10607.759765625,10637.900390625,10548.0595703125,10567.5400390625,2350800
2019-06-12,10615.66015625,10615.66015625,10630.6904296875,10566.3701171875,10605.75,2034500
2019-06-13,10561.009765625,10561.009765625,10617.0595703125,10539.490234375,10582.1904296875,1685400
2019-06-14,10524.669921875,10524.669921875,10568.919921875,10517.8203125,10546.419921875,1505300
2019-06-17,10530.5400390625,10530.5400390625,10562.9697265625,10474.1904296875,10488.7001953125,1444800
2019-06-18,10566.740234375,10566.740234375,10573.76953125,10521.7001953125,10547.150390625,1524200
2019-06-19,10775.33984375,10775.33984375,10778.6396484375,10650.48046875,10650.48046875,2370300
2019-06-20,10785.009765625,10785.009765625,10799.1396484375,10745.25,10749.41015625,2079800
2019-06-21,10803.76953125,10803.76953125,10840.2900390625,10773.4697265625,10817.7099609375,2780700
2019-06-24,10779.4501953125,10779.4501953125,10786.330078125,10695.490234375,10734.25,1711700
2019-06-25,10706.7197265625,10706.7197265625,10787.6201171875,10693.0400390625,10777.1796875,1790000
2019-06-26,10652.5498046875,10652.5498046875,10690.98046875,10645.3701171875,10661.3896484375,1555600
2019-06-27,10773.900390625,10773.900390625,10800.2900390625,10674.2001953125,10674.2001953125,2226300
2019-06-28,10730.830078125,10730.830078125,10788.080078125,10719.080078125,10786.66015625,1693000
2019-07-01,10895.4599609375,10895.4599609375,10914.849609375,10821.2998046875,10821.2998046875,2277900
2019-07-02,10865.1201171875,10865.1201171875,10888.2099609375,10843.6396484375,10878.009765625,2034200
2019-07-03,10743.76953125,10743.76953125,10812.650390625,10720.66015625,10793.099609375,1875300
2019-07-04,10775.900390625,10775.900390625,10791.2802734375,10750.900390625,10755.8701171875,1576600
2019-07-05,10785.73046875,10785.73046875,10812.3798828125,10756.669921875,10785.849609375,1573800
2019-07-08,10751.2197265625,10751.2197265625,10781.1103515625,10708.919921875,10742.8095703125,1628900
2019-07-09,10702.7802734375,10702.7802734375,10733.5703125,10680.849609375,10729.830078125,1723300
2019-07-10,10798.48046875,10798.48046875,10810.16015625,10723.23046875,10723.23046875,2038800
2019-07-11,10843.419921875,10843.419921875,10856.509765625,10799.650390625,10817.599609375,2378800
2019-07-12,10824.349609375,10824.349609375,10867.58984375,10823.8896484375,10855.16015625,2352200
2019-07-15,10876.4296875,10876.4296875,10880.5595703125,10769.5703125,10819.919921875,2211100
2019-07-16,10886.0498046875,10886.0498046875,10899.83984375,10865.0,10865.0,2352100
2019-07-17,10828.48046875,10828.48046875,10861.1103515625,10804.33984375,10861.1103515625,2420400
2019-07-18,10799.2802734375,10799.2802734375,10835.4296875,10792.26953125,10821.919921875,2208600
2019-07-19,10873.1904296875,10873.1904296875,10919.9599609375,10861.990234375,10861.990234375,2136100
2019-07-22,10944.5302734375,10944.5302734375,10949.759765625,10909.150390625,10910.5,2145600
2019-07-23,10947.259765625,10947.259765625,10994.4404296875,10932.5302734375,10963.8603515625,2326900
2019-07-24,10935.759765625,10935.759765625,10976.4599609375,10912.919921875,10969.740234375,2400800
2019-07-25,10941.41015625,10941.41015625,10945.919921875,10879.400390625,10892.25,2543700
2019-07-26,10891.98046875,10891.98046875,10907.4404296875,10879.240234375,10898.25,2243400
2019-07-29,10885.73046875,10885.73046875,10905.740234375,10863.330078125,10872.6298828125,2149500
2019-07-30,10830.900390625,10830.900390625,10927.16015625,10827.740234375,10909.98046875,2415700
2019-07-31,10823.8095703125,10823.8095703125,10835.7998046875,10754.0703125,10824.150390625,2427500
2019-08-01,10731.75,10731.75,10773.25,10714.73046875,10773.0595703125,2335400
2019-08-02,10549.0400390625,10549.0400390625,10641.2802734375,10524.6796875,10641.2802734375,2828900
2019-08-05,10423.41015625,10423.41015625,10542.490234375,10418.25,10528.8701171875,2297300
2019-08-06,10394.75,10394.75,10425.599609375,10180.0400390625,10304.8798828125,2451800
2019-08-07,10386.1796875,10386.1796875,10461.3701171875,10366.5400390625,10422.8896484375,2041200
2019-08-08,10494.490234375,10494.490234375,10500.76953125,10383.6201171875,10383.6201171875,2086500
2019-08-12,10472.3603515625,10472.3603515625,10514.0498046875,10440.76953125,10491.7900390625,2361300
2019-08-13,10362.66015625,10362.66015625,10436.6201171875,10361.8896484375,10436.6201171875,2269300
2019-08-14,10427.73046875,10427.73046875,10518.01953125,10427.73046875,10444.5,2618400
2019-08-15,10327.1298828125,10327.1298828125,10374.75,10287.759765625,10374.75,2414000
2019-08-16,10420.8896484375,10420.8896484375,10456.3203125,10318.3701171875,10345.419921875,2566100
2019-08-19,10488.75,10488.75,10516.0498046875,10449.3896484375,10449.3896484375,2353800
2019-08-20,10522.5,10522.5,10538.1201171875,10497.1298828125,10508.419921875,2290800
2019-08-21,10525.7998046875,10525.7998046875,10545.25,10504.490234375,10526.8701171875,2139300
2019-08-22,10529.7802734375,10529.7802734375,10596.41015625,10515.7197265625,10560.009765625,2281400
2019-08-23,10538.1103515625,10538.1103515625,10541.73046875,10503.0703125,10526.150390625,1896100
2019-08-26,10354.5703125,10354.5703125,10453.400390625,10340.150390625,10453.400390625,2015700
2019-08-27,10387.23046875,10387.23046875,10431.7802734375,10368.9599609375,10386.2099609375,2298800
2019-08-28,10434.2900390625,10434.2900390625,10456.2998046875,10397.599609375,10397.599609375,1678300
2019-08-29,10462.4296875,10462.4296875,10466.990234375,10406.490234375,10440.150390625,2063000
2019-08-30,10618.0498046875,10618.0498046875,10618.0498046875,10504.2802734375,10504.2802734375,2823700
2019-09-02,10634.849609375,10634.849609375,10634.849609375,10589.419921875,10613.1904296875,2078600
2019-09-03,10558.2099609375,10558.2099609375,10650.150390625,10557.0302734375,10629.2197265625,1997000
2019-09-04,10657.3095703125,10657.3095703125,10670.4296875,10566.3203125,10566.3203125,2090600
2019-09-05,10756.9296875,10756.9296875,10766.599609375,10714.26953125,10718.400390625,2805200
2019-09-06,10780.6396484375,10780.6396484375,10803.0703125,10753.4501953125,10783.4599609375,2376200
2019-09-10,10753.580078125,10753.580078125,10810.0302734375,10732.7802734375,10791.9501953125,2275000
2019-09-11,10790.349609375,10790.349609375,10815.58984375,10746.8701171875,10787.650390625,2151800
2019-09-12,10827.5498046875,10827.5498046875,10862.6796875,10804.01953125,10830.25,2035900
2019-09-16,10898.1298828125,10898.1298828125,10898.1298828125,10822.6904296875,10822.6904296875,2107200
2019-09-17,10874.5,10874.5,10912.23046875,10866.4296875,10908.849609375,2104900
2019-09-18,10929.4501953125,10929.4501953125,10971.5400390625,10878.33984375,10887.419921875,2121900
2019-09-19,10894.7001953125,10894.7001953125,10954.1796875,10874.66015625,10947.6201171875,1876200
2019-09-20,10929.6904296875,10929.6904296875,10931.759765625,10903.4501953125,10908.099609375,2822000
2019-09-23,10919.01953125,10919.01953125,10948.1904296875,10905.919921875,10924.8095703125,1996500
2019-09-24,10918.009765625,10918.009765625,10947.5302734375,10886.6201171875,10917.4404296875,2057900
2019-09-25,10873.6904296875,10873.6904296875,10885.669921875,10825.849609375,10885.669921875,1969200
2019-09-26,10871.990234375,10871.990234375,10934.91015625,10856.9599609375,10909.5703125,1930900
2019-09-27,10829.6796875,10829.6796875,10921.169921875,10827.6103515625,10904.0,2084900
2019-10-01,10967.650390625,10967.650390625,10967.650390625,10855.599609375,10855.599609375,2028800
2019-10-02,10947.8798828125,10947.8798828125,10965.2001953125,10927.3896484375,10945.919921875,1628000
2019-10-03,10875.91015625,10875.91015625,10888.400390625,10809.2802734375,10866.5,1753500
2019-10-04,10894.48046875,10894.48046875,10941.490234375,10854.1201171875,10907.6904296875,1759200
2019-10-07,10935.0595703125,10935.0595703125,10954.4501953125,10919.4296875,10932.240234375,1617600
2019-10-08,11017.3095703125,11017.3095703125,11020.509765625,10986.009765625,10986.009765625,1872400
2019-10-09,10889.9599609375,10889.9599609375,10989.3896484375,10889.9599609375,10976.9296875,1941600
2019-10-14,11066.9501953125,11066.9501953125,11085.490234375,11004.740234375,11004.740234375,2395500
2019-10-15,11111.7998046875,11111.7998046875,11126.4501953125,11091.2900390625,11103.5,2031800
2019-10-16,11162.830078125,11162.830078125,11180.1103515625,11113.1796875,11166.169921875,2346500
2019-10-17,11186.8798828125,11186.8798828125,11186.8798828125,11131.4501953125,11156.1396484375,2151300
2019-10-18,11180.2197265625,11180.2197265625,11237.3798828125,11154.8603515625,11190.2099609375,2561700
2019-10-21,11184.150390625,11184.150390625,11188.1298828125,11147.8603515625,11166.240234375,1760000
2019-10-22,11271.25,11271.25,11271.25,11218.25,11221.1904296875,2112800
2019-10-23,11239.669921875,11239.669921875,11281.1201171875,11209.099609375,11266.1796875,2304700
2019-10-24,11320.1396484375,11320.1396484375,11320.1396484375,11254.58984375,11266.83984375,2106800
2019-10-25,11296.1201171875,11296.1201171875,11347.1796875,11281.3701171875,11336.6396484375,1966200
2019-10-28,11315.01953125,11315.01953125,11341.0302734375,11295.4404296875,11321.990234375,1737800
2019-10-29,11333.8701171875,11333.8701171875,11373.9501953125,11292.830078125,11347.3896484375,2228000
2019-10-30,11380.2802734375,11380.2802734375,11380.2802734375,11306.9501953125,11336.9697265625,1993100
2019-10-31,11358.7099609375,11358.7099609375,11428.419921875,11358.7099609375,11393.6796875,2507400
2019-11-01,11399.5302734375,11399.5302734375,11399.5302734375,11335.509765625,11373.7001953125,1920500
2019-11-04,11556.849609375,11556.849609375,11559.0703125,11451.7197265625,11451.7197265625,2378900
2019-11-05,11644.0302734375,11644.0302734375,11644.0302734375,11576.1796875,11576.1796875,2333100
2019-11-06,11653.0703125,11653.0703125,11668.2001953125,11601.7001953125,11645.080078125,2666600
2019-11-07,11606.5595703125,11606.5595703125,11647.4697265625,11552.080078125,11642.91015625,2358500
2019-11-08,11579.5400390625,11579.5400390625,11642.41015625,11561.3095703125,11620.8896484375,2109500
2019-11-11,11427.2802734375,11427.2802734375,11570.330078125,11409.830078125,11570.330078125,2387200
2019-11-12,11520.3701171875,11520.3701171875,11520.3701171875,11459.6796875,11463.330078125,2003100
2019-11-13,11467.830078125,11467.830078125,11509.3701171875,11439.08984375,11483.240234375,1957000
2019-11-14,11450.419921875,11450.419921875,11498.25,11424.76953125,11488.740234375,2312000
2019-11-15,11525.599609375,11525.599609375,11552.25,11485.4599609375,11485.4599609375,2446300
2019-11-18,11599.7802734375,11599.7802734375,11599.7802734375,11532.9697265625,11543.7998046875,1943800
2019-11-19,11656.400390625,11656.400390625,11656.400390625,11576.7900390625,11608.48046875,1908800
2019-11-20,11631.2001953125,11631.2001953125,11649.0703125,11591.73046875,11645.73046875,1896800
2019-11-21,11558.26953125,11558.26953125,11573.83984375,11478.4296875,11573.83984375,1861200
2019-11-22,11566.7998046875,11566.7998046875,11577.01953125,11534.150390625,11556.75,1840600
2019-11-25,11561.580078125,11561.580078125,11604.75,11559.330078125,11590.8095703125,2150400
2019-11-26,11576.8203125,11576.8203125,11642.9599609375,11576.8203125,11608.3701171875,3254400
2019-11-27,11647.4599609375,11647.4599609375,11651.73046875,11590.8095703125,11590.8095703125,2166700
2019-11-28,11617.080078125,11617.080078125,11654.0595703125,11604.6796875,11641.7001953125,1977000
2019-11-29,11489.5703125,11489.5703125,11623.58984375,11485.16015625,11616.8798828125,2296900
2019-12-02,11502.830078125,11502.830078125,11524.849609375,11454.3798828125,11509.9404296875,2131300
2019-12-03,11531.580078125,11531.580078125,11531.580078125,11460.0595703125,11473.3203125,1884000
2019-12-04,11510.4697265625,11510.4697265625,11513.830078125,11457.4296875,11511.8203125,0
2019-12-05,11594.650390625,11594.650390625,11604.3896484375,11546.75,11546.75,0
2019-12-06,11609.6396484375,11609.6396484375,11657.650390625,11577.830078125,11639.7998046875,1975900
2019-12-09,11660.76953125,11660.76953125,11678.3603515625,11631.0302734375,11635.4697265625,0
2019-12-10,11627.83984375,11627.83984375,11649.73046875,11607.259765625,11647.7802734375,0
2019-12-11,11700.76953125,11700.76953125,11700.76953125,11622.580078125,11635.0703125,2258900
2019-12-12,11836.419921875,11836.419921875,11875.98046875,11766.98046875,11766.98046875,2486200
2019-12-13,11927.73046875,11927.73046875,11990.7802734375,11913.01953125,11937.900390625,2969000
2019-12-16,11939.76953125,11939.76953125,11975.73046875,11915.6103515625,11915.6103515625,2643500
2019-12-17,12097.009765625,12097.009765625,12097.009765625,11939.6201171875,11939.6201171875,2495800
2019-12-18,12122.4501953125,12122.4501953125,12125.900390625,12059.919921875,12061.099609375,0
2019-12-19,12018.900390625,12018.900390625,12111.76953125,12008.16015625,12082.98046875,2236200
2019-12-20,11959.080078125,11959.080078125,12028.2197265625,11937.4501953125,12001.5595703125,2649800
2019-12-23,12022.23046875,12022.23046875,12022.23046875,11960.2099609375,11969.1396484375,1907900
2019-12-24,11976.3798828125,11976.3798828125,12027.599609375,11976.3798828125,12023.7900390625,1724100
2019-12-25,12008.1298828125,12008.1298828125,12032.3701171875,11973.9501953125,11978.9404296875,1518600
2019-12-26,12001.009765625,12001.009765625,12030.66015625,11982.6396484375,12018.3798828125,1618300
2019-12-27,12091.58984375,12091.58984375,12093.01953125,12032.7197265625,12032.7197265625,1868500
2019-12-30,12053.3701171875,12053.3701171875,12114.8896484375,12046.2197265625,12094.8095703125,1890200
2019-12-31,11997.1396484375,11997.1396484375,12047.75,11997.1396484375,12019.1904296875,1742700
2020-01-02,12100.48046875,12100.48046875,12110.740234375,12026.23046875,12026.5,2023800
2020-01-03,12110.4296875,12110.4296875,12197.6396484375,12023.599609375,12167.4404296875,2572900
2020-01-06,11953.3603515625,11953.3603515625,12040.080078125,11953.3603515625,12035.7099609375,2345200
2020-01-07,11880.3203125,11880.3203125,11986.0302734375,11822.400390625,11961.9697265625,2338400
2020-01-08,11817.099609375,11817.099609375,11899.669921875,11777.4501953125,11818.759765625,2428800
2020-01-09,11970.6298828125,11970.6298828125,11992.5498046875,11889.4599609375,11889.4599609375,2036900
2020-01-10,12024.650390625,12024.650390625,12038.2099609375,11959.0595703125,12009.26953125,1869000
2020-01-13,12113.419921875,12113.419921875,12113.419921875,12037.240234375,12069.6103515625,2292300
2020-01-14,12179.8095703125,12179.8095703125,12186.6201171875,12140.26953125,12161.73046875,2255300
2020-01-15,12091.8798828125,12091.8798828125,12169.919921875,12048.009765625,12169.919921875,1943800
2020-01-16,12066.9296875,12066.9296875,12075.5400390625,12006.080078125,12006.080078125,2049000
2020-01-17,12090.2900390625,12090.2900390625,12117.5498046875,12055.91015625,12080.7197265625,2009700
2020-01-20,12118.7099609375,12118.7099609375,12151.419921875,12101.5498046875,12107.5595703125,2095100
2020-01-30,11421.740234375,11421.740234375,11933.23046875,11418.2197265625,11933.23046875,4917300
2020-01-31,11495.099609375,11495.099609375,11594.2099609375,11436.9501953125,11494.0302734375,3130700
2020-02-03,11354.919921875,11354.919921875,11365.900390625,11138.0302734375,11365.900390625,3472200
2020-02-04,11555.919921875,11555.919921875,11581.3603515625,11393.0302734375,11399.4599609375,2731100
2020-02-05,11573.6201171875,11573.6201171875,11620.419921875,11512.7099609375,11601.5498046875,2624400
2020-02-06,11749.6796875,11749.6796875,11749.6796875,11605.1103515625,11605.1103515625,2305400
2020-02-07,11612.8095703125,11612.8095703125,11712.7099609375,11592.08984375,11712.7099609375,2182700
2020-02-10,11574.0703125,11574.0703125,11598.0302734375,11423.33984375,11514.7197265625,2328300
2020-02-11,11664.0400390625,11664.0400390625,11678.580078125,11614.25,11614.25,1845400
2020-02-12,11774.1904296875,11774.1904296875,11801.51953125,11693.400390625,11693.400390625,2120500
2020-02-13,11791.7802734375,11791.7802734375,11854.98046875,11784.9404296875,11813.5,2132400
2020-02-14,11815.7001953125,11815.7001953125,11840.7900390625,11788.8701171875,11806.51953125,1697100
2020-02-17,11763.509765625,11763.509765625,11775.5595703125,11724.8203125,11770.2998046875,1837200
2020-02-18,11648.98046875,11648.98046875,11717.099609375,11642.9501953125,11700.91015625,1882600
2020-02-19,11758.83984375,11758.83984375,11783.4296875,11654.16015625,11655.3701171875,2169000
2020-02-20,11725.08984375,11725.08984375,11827.830078125,11714.150390625,11785.7802734375,2035400
2020-02-21,11686.349609375,11686.349609375,11755.169921875,11661.6298828125,11721.16015625,1952700
2020-02-24,11534.8701171875,11534.8701171875,11615.2802734375,11512.080078125,11615.2802734375,2347100
2020-02-25,11540.23046875,11540.23046875,11567.08984375,11415.4697265625,11506.740234375,2158400
2020-02-26,11433.6201171875,11433.6201171875,11494.2197265625,11408.0595703125,11468.599609375,2640000
2020-02-27,11292.169921875,11292.169921875,11470.23046875,11274.51953125,11436.9599609375,3360600
2020-03-02,11170.4599609375,11170.4599609375,11282.0498046875,11049.849609375,11184.66015625,3204100
2020-03-03,11327.7197265625,11327.7197265625,11390.240234375,11279.8603515625,11279.8603515625,2572300
2020-03-04,11392.349609375,11392.349609375,11392.349609375,11297.8095703125,11368.25,2245300
2020-03-05,11514.8203125,11514.8203125,11525.3203125,11454.650390625,11454.650390625,2291000
2020-03-06,11321.8095703125,11321.8095703125,11471.3603515625,11310.3203125,11471.3603515625,2518500
2020-03-09,10977.6396484375,10977.6396484375,11221.759765625,10977.6396484375,11221.759765625,3897400
2020-03-10,11003.5400390625,11003.5400390625,11032.4697265625,10830.2197265625,10907.6201171875,3544100
2020-03-11,10893.75,10893.75,11088.23046875,10885.91015625,11022.8203125,2804700
2020-03-12,10422.3203125,10422.3203125,10845.3896484375,10359.669921875,10845.3896484375,4844200
2020-03-13,10128.8701171875,10128.8701171875,10171.2001953125,9636.150390625,10091.0302734375,5906200
2020-03-16,9717.76953125,9717.76953125,10130.7998046875,9717.76953125,10069.419921875,3783600
2020-03-17,9439.6298828125,9439.6298828125,9677.0703125,9371.349609375,9538.6396484375,4504100
2020-03-18,9218.669921875,9218.669921875,9509.6103515625,9218.669921875,9453.98046875,3991000
2020-03-19,8681.33984375,8681.33984375,9085.2802734375,8523.6298828125,9085.2802734375,5702600
2020-03-20,9234.08984375,9234.08984375,9264.419921875,8816.8603515625,8816.8603515625,4683400
2020-03-23,8890.0302734375,8890.0302734375,9029.51953125,8750.1396484375,9025.5498046875,136500
2020-03-24,9285.6201171875,9285.6201171875,9415.6396484375,9083.7802734375,9083.7802734375,2920600
2020-03-25,9644.75,9644.75,9722.3701171875,9426.4296875,9426.4296875,3565400
2020-03-26,9736.3603515625,9736.3603515625,9739.73046875,9565.01953125,9667.1396484375,2795400
2020-03-27,9698.919921875,9698.919921875,9954.8603515625,9691.1396484375,9807.900390625,3349400
2020-03-30,9629.4296875,9629.4296875,9655.7001953125,9415.51953125,9571.2197265625,2274000
2020-03-31,9708.0595703125,9708.0595703125,9789.8095703125,9630.2998046875,9689.6201171875,2882300
2020-04-01,9663.6298828125,9663.6298828125,9736.0,9663.6298828125,9726.2001953125,2434800
2020-04-06,9818.740234375,9818.740234375,9818.740234375,9651.51953125,9707.75,2987300
2020-04-07,9996.3896484375,9996.3896484375,10039.150390625,9928.16015625,9928.16015625,3205000
2020-04-08,10137.4697265625,10137.4697265625,10149.759765625,9984.66015625,10010.6396484375,3117000
2020-04-09,10119.4296875,10119.4296875,10246.83984375,10092.3603515625,10173.259765625,3058700
2020-04-10,10157.6103515625,10157.6103515625,10165.1201171875,10103.76953125,10105.4296875,2365200
2020-04-13,10099.2197265625,10099.2197265625,10179.400390625,10080.650390625,10147.5595703125,2456300
2020-04-14,10332.9404296875,10332.9404296875,10344.1298828125,10130.650390625,10130.650390625,2847000
2020-04-15,10447.2099609375,10447.2099609375,10461.83984375,10366.76953125,10366.76953125,3333800
2020-04-16,10375.48046875,10375.48046875,10425.2900390625,10317.1298828125,10385.7802734375,2770300
2020-04-17,10597.0400390625,10597.0400390625,10710.150390625,10552.580078125,10554.5498046875,3725200
2020-04-20,10586.7099609375,10586.7099609375,10637.6396484375,10542.9599609375,10612.4501953125,2298700
2020-04-21,10288.419921875,10288.419921875,10544.7998046875,10278.9501953125,10544.7998046875,3392700
2020-04-22,10307.740234375,10307.740234375,10310.849609375,10140.08984375,10256.1103515625,2531000
2020-04-23,10366.509765625,10366.509765625,10462.7001953125,10294.8798828125,10370.1298828125,2633300
2020-04-24,10347.3603515625,10347.3603515625,10386.9296875,10324.2001953125,10367.9697265625,2400100
2020-04-27,10567.26953125,10567.26953125,10578.9599609375,10407.490234375,10407.490234375,3281100
2020-04-28,10616.0595703125,10616.0595703125,10620.51953125,10537.7099609375,10580.25,3260300
2020-04-29,10772.2197265625,10772.2197265625,10794.830078125,10656.400390625,10656.400390625,3529100
2020-04-30,10992.1396484375,10992.1396484375,11012.7802734375,10826.259765625,10826.259765625,3909100
2020-05-04,10720.48046875,10720.48046875,10781.509765625,10658.5,10781.509765625,3113100
2020-05-05,10774.6103515625,10774.6103515625,10833.5302734375,10735.009765625,10756.9501953125,2817200
2020-05-06,10774.98046875,10774.98046875,10828.73046875,10708.099609375,10771.08984375,3137600
2020-05-07,10842.919921875,10842.919921875,10890.8701171875,10775.16015625,10778.5302734375,2849600
2020-05-08,10901.419921875,10901.419921875,10970.7001953125,10883.2197265625,10883.2197265625,3169900
2020-05-11,11013.259765625,11013.259765625,11039.1103515625,10942.1796875,10942.1796875,3370600
2020-05-12,10879.4697265625,10879.4697265625,10974.509765625,10854.509765625,10974.509765625,3047800
2020-05-13,10938.26953125,10938.26953125,10938.26953125,10828.9296875,10861.009765625,2677400
2020-05-14,10780.8798828125,10780.8798828125,10894.169921875,10777.4599609375,10894.169921875,3054300
2020-05-15,10814.919921875,10814.919921875,10904.009765625,10730.5498046875,10833.16015625,2749400
2020-05-18,10740.5498046875,10740.5498046875,10812.8701171875,10730.7001953125,10753.2099609375,2716100
2020-05-19,10860.4404296875,10860.4404296875,10924.7900390625,10812.7900390625,10812.7900390625,3048200
2020-05-20,10907.7998046875,10907.7998046875,10933.98046875,10860.150390625,10892.759765625,2731300
2020-05-21,11008.3095703125,11008.3095703125,11021.66015625,10933.2099609375,10933.2099609375,2787700
2020-05-22,10811.150390625,10811.150390625,10977.5498046875,10804.5595703125,10977.5498046875,2923700
2020-05-25,10871.1796875,10871.1796875,10874.5400390625,10719.25,10812.9404296875,2222100
2020-05-26,10997.2099609375,10997.2099609375,11046.2197265625,10903.3203125,10903.3203125,2886300
2020-05-27,11014.66015625,11014.66015625,11069.7197265625,10972.25,11023.9296875,2794500
2020-05-28,10944.1904296875,10944.1904296875,11087.5302734375,10915.2998046875,11040.6201171875,3122300
2020-05-29,10942.16015625,10942.16015625,10965.0302734375,10861.900390625,10921.16015625,3589800
2020-06-01,11079.01953125,11079.01953125,11109.2900390625,10971.400390625,10971.400390625,2655700
2020-06-02,11127.9296875,11127.9296875,11170.490234375,11102.9697265625,11109.26953125,2754300
2020-06-03,11320.16015625,11320.16015625,11330.51953125,11182.51953125,11182.51953125,3776100
2020-06-04,11393.23046875,11393.23046875,11425.419921875,11341.580078125,11373.9404296875,3539700
2020-06-05,11479.400390625,11479.400390625,11482.3603515625,11411.9404296875,11418.009765625,3400800
2020-06-08,11610.3203125,11610.3203125,11631.8896484375,11528.4404296875,11539.0,3822500
2020-06-09,11637.1103515625,11637.1103515625,11640.4501953125,11537.3798828125,11600.6103515625,3023600
2020-06-10,11720.16015625,11720.16015625,11740.900390625,11621.01953125,11635.990234375,3477600
2020-06-11,11535.76953125,11535.76953125,11771.1201171875,11516.58984375,11738.490234375,4457500
2020-06-12,11429.9404296875,11429.9404296875,11442.2998046875,11244.6396484375,11406.5400390625,3367500
2020-06-15,11306.259765625,11306.259765625,11469.83984375,11299.4501953125,11436.2802734375,3034000
2020-06-16,11511.6396484375,11511.6396484375,11542.25,11380.669921875,11380.669921875,2915500
2020-06-17,11534.58984375,11534.58984375,11550.3203125,11482.3203125,11525.5,3138800
2020-06-18,11548.330078125,11548.330078125,11567.419921875,11485.3896484375,11534.2001953125,3404900
2020-06-19,11549.8603515625,11549.8603515625,11584.8798828125,11542.3701171875,11557.26953125,4580400
2020-06-22,11572.9296875,11572.9296875,11632.8798828125,11553.91015625,11553.91015625,2950700
2020-06-23,11612.3603515625,11612.3603515625,11679.400390625,11530.849609375,11618.419921875,3057500
2020-06-24,11660.669921875,11660.669921875,11701.23046875,11637.7900390625,11647.8603515625,2861900
2020-06-29,11542.6201171875,11542.6201171875,11608.7998046875,11500.650390625,11608.7998046875,2922300
2020-06-30,11621.240234375,11621.240234375,11638.0,11563.599609375,11563.599609375,2935300
2020-07-01,11703.419921875,11703.419921875,11736.3896484375,11622.6396484375,11622.6396484375,2868400
2020-07-02,11805.1396484375,11805.1396484375,11805.2099609375,11690.9501953125,11694.099609375,3060100
2020-07-03,11909.16015625,11909.16015625,11933.58984375,11857.900390625,11857.900390625,3536100
2020-07-06,12116.7001953125,12116.7001953125,12116.7001953125,11941.83984375,11941.83984375,4451500
2020-07-07,12092.9697265625,12092.9697265625,12249.9501953125,12028.5703125,12176.7900390625,4263000
2020-07-08,12170.1904296875,12170.1904296875,12190.26953125,12083.83984375,12086.1298828125,3598500
2020-07-09,12192.6904296875,12192.6904296875,12273.4296875,12181.33984375,12222.900390625,3882900
2020-07-10,12073.6796875,12073.6796875,12253.580078125,12030.2001953125,12250.4404296875,4166700
2020-07-13,12211.5595703125,12211.5595703125,12216.240234375,12109.6103515625,12109.6103515625,3558300
2020-07-14,12209.009765625,12209.009765625,12228.3095703125,12143.91015625,12202.8896484375,3333000
2020-07-15,12202.849609375,12202.849609375,12320.48046875,12162.51953125,12233.990234375,3905800
2020-07-16,12157.740234375,12157.740234375,12220.9296875,12107.0400390625,12173.0400390625,3196600
2020-07-17,12181.5595703125,12181.5595703125,12266.9296875,12144.6201171875,12195.7197265625,3396200
2020-07-20,12174.5400390625,12174.5400390625,12221.330078125,12065.7998046875,12205.25,2819300
2020-07-21,12397.5498046875,12397.5498046875,12450.16015625,12242.3203125,12242.3203125,3529000
2020-07-22,12473.26953125,12473.26953125,12486.9501953125,12389.400390625,12389.759765625,3424000
2020-07-23,12413.0400390625,12413.0400390625,12429.759765625,12347.8603515625,12423.01953125,3426700
2020-07-24,12304.0400390625,12304.0400390625,12502.83984375,12266.5498046875,12467.4296875,3996200
2020-07-27,12588.2998046875,12588.2998046875,12686.3603515625,12586.91015625,12618.6904296875,3687300
2020-07-28,12586.73046875,12586.73046875,13031.7001953125,12533.1904296875,12951.7197265625,4457700
2020-07-29,12540.9697265625,12540.9697265625,12660.8701171875,12488.009765625,12530.740234375,3067000
2020-07-30,12722.919921875,12722.919921875,12769.4697265625,12616.830078125,12691.8603515625,3244900
2020-07-31,12664.7998046875,12664.7998046875,12733.48046875,12635.7099609375,12653.4599609375,3171700
2020-08-03,12513.0302734375,12513.0302734375,12673.01953125,12506.58984375,12642.73046875,3391600
2020-08-04,12709.919921875,12709.919921875,12709.919921875,12577.8798828125,12577.8798828125,3465700
2020-08-05,12802.2998046875,12802.2998046875,12816.3896484375,12739.990234375,12762.33984375,3917200
2020-08-06,12913.5,12913.5,12971.8701171875,12851.2001953125,12894.240234375,4098100
2020-08-07,12828.8701171875,12828.8701171875,12912.6298828125,12791.1796875,12901.4296875,3831300
2020-08-10,12894.0,12894.0,12933.16015625,12786.7998046875,12786.7998046875,3952000
2020-08-11,12780.1904296875,12780.1904296875,12906.009765625,12780.1904296875,12856.4599609375,3726400
2020-08-12,12670.349609375,12670.349609375,12730.9599609375,12625.5400390625,12713.6298828125,3440300
2020-08-13,12763.1298828125,12763.1298828125,12812.7998046875,12717.1298828125,12758.8701171875,3631900
2020-08-14,12795.4599609375,12795.4599609375,12801.3095703125,12679.1904296875,12709.9697265625,3896200
2020-08-17,12956.1103515625,12956.1103515625,12956.1103515625,12800.6904296875,12813.9404296875,4310300
2020-08-18,12872.1396484375,12872.1396484375,12981.580078125,12840.25,12974.9599609375,3911700
2020-08-19,12778.6396484375,12778.6396484375,12950.1103515625,12778.6396484375,12904.83984375,4459400
2020-08-20,12362.6396484375,12362.6396484375,12764.75,12144.759765625,12764.75,6063400
2020-08-21,12607.83984375,12607.83984375,12638.650390625,12462.51953125,12462.51953125,3778800
2020-08-24,12647.1298828125,12647.1298828125,12702.9404296875,12567.9501953125,12629.7802734375,3397300
2020-08-25,12758.25,12758.25,12814.5595703125,12698.849609375,12706.400390625,3891600
2020-08-26,12833.2900390625,12833.2900390625,12833.2900390625,12734.6904296875,12768.9599609375,3413200
2020-08-27,12797.3095703125,12797.3095703125,12960.6796875,12786.4501953125,12888.650390625,4956500
2020-08-28,12728.849609375,12728.849609375,12799.16015625,12674.5703125,12759.2998046875,3774200
2020-08-31,12591.4501953125,12591.4501953125,12831.3798828125,12591.4501953125,12763.4404296875,4820400
2020-09-01,12703.2802734375,12703.2802734375,12703.2802734375,12565.830078125,12617.3896484375,4070500
2020-09-02,12699.5,12699.5,12802.6103515625,12646.4697265625,12772.4296875,3968600
2020-09-03,12757.9697265625,12757.9697265625,12857.7900390625,12732.3203125,12774.9697265625,5711400
2020-09-04,12637.9501953125,12637.9501953125,12655.669921875,12559.7802734375,12645.919921875,5122000
2020-09-07,12601.400390625,12601.400390625,12725.0498046875,12575.3603515625,12645.9296875,5406000
2020-09-08,12663.5595703125,12663.5595703125,12702.5498046875,12614.7197265625,12637.419921875,4243200
2020-09-09,12608.580078125,12608.580078125,12616.5703125,12480.5,12592.1796875,4223700
2020-09-10,12691.75,12691.75,12708.6396484375,12650.400390625,12665.740234375,4738300
2020-09-11,12675.9501953125,12675.9501953125,12701.7900390625,12616.6796875,12697.4599609375,4644800
2020-09-14,12787.8203125,12787.8203125,12793.0703125,12680.41015625,12680.41015625,3515300
2020-09-15,12845.650390625,12845.650390625,12857.73046875,12773.23046875,12787.419921875,3475900
2020-09-16,12976.759765625,12976.759765625,13021.6796875,12948.7197265625,12989.8095703125,3609400
2020-09-17,12872.740234375,12872.740234375,12972.51953125,12851.51953125,12920.150390625,3259900
2020-09-18,12875.6201171875,12875.6201171875,12927.8095703125,12841.08984375,12858.599609375,3858100
2020-09-21,12795.1201171875,12795.1201171875,12952.3095703125,12795.08984375,12874.6103515625,3612600
2020-09-22,12645.509765625,12645.509765625,12786.91015625,12632.740234375,12786.91015625,3420700
2020-09-23,12583.8798828125,12583.8798828125,12700.8896484375,12548.0703125,12656.2998046875,3552700
2020-09-24,12264.3798828125,12264.3798828125,12487.48046875,12264.3798828125,12487.48046875,4698500
2020-09-25,12232.91015625,12232.91015625,12385.8095703125,12149.8095703125,12312.9404296875,4286100
2020-09-28,12462.759765625,12462.759765625,12462.759765625,12282.3603515625,12282.3603515625,3002400
2020-09-29,12467.73046875,12467.73046875,12571.33984375,12429.7197265625,12488.099609375,2887800
2020-09-30,12515.6103515625,12515.6103515625,12568.6796875,12466.580078125,12483.650390625,2462100
2020-10-05,12548.2802734375,12548.2802734375,12637.6201171875,12519.1201171875,12567.8798828125,2876800
2020-10-06,12704.23046875,12704.23046875,12706.3896484375,12644.08984375,12644.08984375,3064800
2020-10-07,12746.3701171875,12746.3701171875,12774.3603515625,12619.8095703125,12667.509765625,2873000
2020-10-08,12887.1904296875,12887.1904296875,12887.1904296875,12818.009765625,12832.5400390625,3427200
2020-10-12,12955.91015625,12955.91015625,12997.7900390625,12898.8896484375,12959.150390625,3714400
2020-10-13,12947.1298828125,12947.1298828125,12994.66015625,12857.099609375,12988.4404296875,3354400
2020-10-14,12919.3095703125,12919.3095703125,12960.0,12895.7900390625,12927.08984375,3672900
2020-10-15,12827.8203125,12827.8203125,12909.1103515625,12786.259765625,12892.2900390625,3580300
2020-10-16,12750.3701171875,12750.3701171875,12896.2998046875,12750.3701171875,12814.16015625,3718400
2020-10-19,12908.33984375,12908.33984375,12911.41015625,12803.3203125,12803.3203125,2971300
2020-10-20,12862.3701171875,12862.3701171875,12917.75,12862.3701171875,12889.990234375,2623800
2020-10-21,12877.25,12877.25,12942.1201171875,12846.419921875,12889.8798828125,3419400
2020-10-22,12917.0302734375,12917.0302734375,12917.0302734375,12827.400390625,12854.9697265625,3683000
2020-10-23,12898.8203125,12898.8203125,12963.259765625,12875.23046875,12945.1201171875,3531700
2020-10-26,12909.0302734375,12909.0302734375,12971.580078125,12894.1796875,12923.5498046875,4288700
2020-10-27,12875.009765625,12875.009765625,12884.3203125,12821.0703125,12867.76953125,3583700
2020-10-28,12793.75,12793.75,12879.98046875,12761.330078125,12853.759765625,3657900
2020-10-29,12662.91015625,12662.91015625,12699.8203125,12583.3701171875,12687.6396484375,3741600
2020-10-30,12546.33984375,12546.33984375,12656.2900390625,12546.33984375,12651.349609375,3918600
2020-11-02,12591.3095703125,12591.3095703125,12594.33984375,12480.66015625,12565.3203125,2950900
2020-11-03,12736.009765625,12736.009765625,12760.1396484375,12641.2802734375,12641.2802734375,2946900
2020-11-04,12867.900390625,12867.900390625,12885.2802734375,12736.01953125,12766.8603515625,3335500
2020-11-05,12918.7998046875,12918.7998046875,12918.7998046875,12840.400390625,12878.009765625,2946300
2020-11-06,12973.5302734375,12973.5302734375,12999.16015625,12927.2998046875,12952.490234375,3215100
2020-11-09,13127.4697265625,13127.4697265625,13149.900390625,13048.669921875,13053.98046875,3696600
2020-11-10,13081.7197265625,13081.7197265625,13142.2197265625,13022.919921875,13090.650390625,4774300
2020-11-11,13262.1904296875,13262.1904296875,13262.1904296875,13067.0400390625,13067.0400390625,5109800
2020-11-12,13221.7802734375,13221.7802734375,13324.8603515625,13193.740234375,13324.8603515625,3935700
2020-11-13,13273.330078125,13273.330078125,13273.330078125,13170.1201171875,13221.7998046875,3526400
2020-11-16,13551.830078125,13551.830078125,13551.830078125,13356.740234375,13356.740234375,3858000
2020-11-17,13593.009765625,13593.009765625,13780.1201171875,13593.009765625,13723.76953125,4123400
2020-11-18,13773.2900390625,13773.2900390625,13773.2900390625,13608.7197265625,13628.419921875,4140300
2020-11-19,13722.4296875,13722.4296875,13785.919921875,13700.0400390625,13775.259765625,3973800
2020-11-20,13716.4404296875,13716.4404296875,13726.2197265625,13666.0703125,13702.58984375,3869400
2020-11-23,13878.009765625,13878.009765625,13921.16015625,13793.5498046875,13793.5498046875,4442800
2020-11-24,13807.1298828125,13807.1298828125,13951.169921875,13798.3203125,13918.83984375,5153400
2020-11-25,13738.830078125,13738.830078125,13893.2001953125,13731.8095703125,13860.9501953125,5163800
2020-11-26,13845.66015625,13845.66015625,13856.759765625,13763.7900390625,13763.7900390625,4596800
2020-11-27,13867.08984375,13867.08984375,13885.009765625,13811.8095703125,13833.2099609375,4863800
2020-11-30,13722.8896484375,13722.8896484375,13969.3896484375,13722.8896484375,13917.650390625,7445200
2020-12-01,13885.669921875,13885.669921875,13885.669921875,13749.7099609375,13810.5498046875,6561000
2020-12-02,13989.1396484375,13989.1396484375,13995.7001953125,13894.7001953125,13970.509765625,6589100
2020-12-03,13977.08984375,13977.08984375,14049.580078125,13940.0703125,13988.490234375,6081000
2020-12-04,14132.4404296875,14132.4404296875,14149.5595703125,14010.169921875,14010.169921875,6852600
2020-12-07,14256.599609375,14256.599609375,14306.8701171875,14142.01953125,14230.0,8157200
2020-12-08,14360.400390625,14360.400390625,14367.0,14184.580078125,14251.9404296875,6401000
2020-12-09,14390.1396484375,14390.1396484375,14427.41015625,14336.6904296875,14336.6904296875,6287100
2020-12-10,14249.490234375,14249.490234375,14319.3798828125,14191.849609375,14295.150390625,6332100
2020-12-11,14261.6904296875,14261.6904296875,14353.169921875,14081.419921875,14298.58984375,6398300
2020-12-14,14211.0498046875,14211.0498046875,14270.33984375,14182.25,14238.919921875,5733400
2020-12-15,14068.51953125,14068.51953125,14256.5498046875,14053.349609375,14206.330078125,6314600
2020-12-16,14304.4599609375,14304.4599609375,14339.5,14145.240234375,14145.240234375,4861300
2020-12-17,14258.9296875,14258.9296875,14338.400390625,14213.490234375,14326.16015625,4300900
2020-12-18,14249.9599609375,14249.9599609375,14329.1201171875,14245.599609375,14268.1298828125,5686900
2020-12-21,14384.9599609375,14384.9599609375,14384.9599609375,14166.8896484375,14273.7900390625,6280700
2020-12-22,14177.4599609375,14177.4599609375,14411.9296875,14175.6904296875,14348.1103515625,8023200
2020-12-23,14223.08984375,14223.08984375,14247.7900390625,14134.8701171875,14180.7001953125,5537300
2020-12-24,14280.2802734375,14280.2802734375,14324.419921875,14256.2900390625,14256.2900390625,5380500
2020-12-25,14331.419921875,14331.419921875,14400.830078125,14296.9697265625,14306.98046875,5375300
2020-12-28,14483.0703125,14483.0703125,14483.0703125,14363.4501953125,14363.4501953125,6279800
2020-12-29,14472.0498046875,14472.0498046875,14547.0703125,14435.0302734375,14500.91015625,7396000
2020-12-30,14687.7001953125,14687.7001953125,14695.4404296875,14476.6904296875,14485.9697265625,6211900
2020-12-31,14732.5302734375,14732.5302734375,14760.0595703125,14646.330078125,14704.5302734375,5881100
2021-01-04,14902.0302734375,14902.0302734375,14937.1298828125,14720.25,14720.25,6487600
2021-01-05,15000.0302734375,15000.0302734375,15000.0302734375,14861.990234375,14913.6396484375,6302200
2021-01-06,14983.1298828125,14983.1298828125,15197.6796875,14837.0,15145.849609375,7787000
2021-01-07,15214.0,15214.0,15270.400390625,15049.8603515625,15059.51953125,5878900
2021-01-08,15463.9501953125,15463.9501953125,15463.9501953125,15275.3798828125,15365.1298828125,6192800
2021-01-11,15557.2998046875,15557.2998046875,15557.2998046875,15395.73046875,15425.580078125,5319100
2021-01-12,15500.7001953125,15500.7001953125,15642.0302734375,15421.23046875,15549.5302734375,6399400
2021-01-13,15769.98046875,15769.98046875,15778.51953125,15550.16015625,15550.16015625,5900400
2021-01-14,15707.1904296875,15707.1904296875,15760.150390625,15620.9599609375,15651.2001953125,5571500
2021-01-15,15616.3896484375,15616.3896484375,16041.58984375,15615.1103515625,15987.16015625,6418300
2021-01-18,15612.0,15612.0,15676.4501953125,15320.9697265625,15676.4501953125,5431000
2021-01-19,15877.3701171875,15877.3701171875,15928.1396484375,15716.6396484375,15716.6396484375,5516500
2021-01-20,15806.1796875,15806.1796875,16004.3203125,15745.48046875,15934.849609375,7303000
2021-01-21,16153.76953125,16153.76953125,16238.4599609375,15775.73046875,15775.73046875,5268500
2021-01-22,16019.0302734375,16019.0302734375,16138.0400390625,15973.01953125,15984.8896484375,5023800
2021-01-25,15946.5400390625,15946.5400390625,16014.9599609375,15772.6298828125,16006.2099609375,4667900
2021-01-26,15658.849609375,15658.849609375,16023.8701171875,15589.2099609375,15955.16015625,4526600
2021-01-27,15701.4501953125,15701.4501953125,15837.4697265625,15642.1201171875,15711.759765625,4293000
2021-01-28,15415.8798828125,15415.8798828125,15557.01953125,15367.4501953125,15519.849609375,5142300
2021-01-29,15138.3095703125,15138.3095703125,15603.41015625,15138.3095703125,15544.3603515625,5546700
2021-02-01,15410.08984375,15410.08984375,15429.98046875,15089.9599609375,15176.5595703125,4413200
2021-02-02,15760.0498046875,15760.0498046875,15838.150390625,15546.6904296875,15546.6904296875,4965800
2021-02-03,15771.3203125,15771.3203125,15896.400390625,15741.16015625,15828.6396484375,5015900
2021-02-04,15706.2197265625,15706.2197265625,15801.3701171875,15606.740234375,15697.75,4217800
2021-02-05,15802.400390625,15802.400390625,15938.08984375,15774.33984375,15805.759765625,4311100
2021-02-17,16362.2900390625,16362.2900390625,16406.779296875,16197.4501953125,16197.4501953125,5847800
2021-02-18,16424.509765625,16424.509765625,16517.73046875,16323.2197265625,16366.23046875,5808600
2021-02-19,16341.3798828125,16341.3798828125,16382.7001953125,16211.25,16376.91015625,5567600
2021-02-22,16410.16015625,16410.16015625,16579.169921875,16410.16015625,16445.869140625,6377000
2021-02-23,16443.400390625,16443.400390625,16467.75,16211.75,16320.8798828125,6508000
2021-02-24,16212.5302734375,16212.5302734375,16456.939453125,16212.5302734375,16329.5400390625,6503200
2021-02-25,16452.1796875,16452.1796875,16474.05078125,16322.26953125,16376.7998046875,6958100
2021-02-26,15953.7998046875,15953.7998046875,16190.0400390625,15953.7998046875,16190.0400390625,7625000
2021-03-02,15946.8798828125,15946.8798828125,16262.91015625,15946.8798828125,16127.8701171875,6314300
2021-03-03,16211.73046875,16211.73046875,16211.73046875,15884.5498046875,15992.3203125,5473300
2021-03-04,15906.41015625,15906.41015625,16091.75,15840.990234375,16091.75,5822900
2021-03-05,15855.23046875,15855.23046875,15934.4296875,15636.4296875,15759.580078125,4705600
2021-03-08,15820.1103515625,15820.1103515625,16074.9697265625,15816.5,15943.3701171875,4746800
2021-03-09,15853.08984375,15853.08984375,15864.259765625,15657.919921875,15715.0703125,5441900
2021-03-10,15911.669921875,15911.669921875,15986.0703125,15857.3203125,15921.4501953125,4340600
2021-03-11,16179.5595703125,16179.5595703125,16216.2197265625,15947.2099609375,15947.2099609375,5113400
2021-03-12,16255.1796875,16255.1796875,16298.0302734375,16166.349609375,16241.5498046875,4907000
2021-03-15,16249.330078125,16249.330078125,16281.91015625,16194.91015625,16256.580078125,4681700
2021-03-16,16313.16015625,16313.16015625,16340.66015625,16244.990234375,16253.9296875,5049000
2021-03-17,16215.8203125,16215.8203125,16349.2099609375,16166.349609375,16312.98046875,4911400
2021-03-18,16287.83984375,16287.83984375,16410.01953125,16264.6103515625,16264.6103515625,5694800
2021-03-19,16070.240234375,16070.240234375,16186.4599609375,16022.169921875,16186.4599609375,6753400
2021-03-22,16189.2197265625,16189.2197265625,16235.6298828125,15983.76953125,16065.5,7093200
2021-03-23,16177.58984375,16177.58984375,16351.3798828125,16166.2900390625,16250.2001953125,7291400
2021-03-24,16032.1201171875,16032.1201171875,16125.5400390625,15967.9501953125,15994.9599609375,5549900
2021-03-25,16060.1396484375,16060.1396484375,16146.580078125,15944.9599609375,16010.5400390625,5947800
2021-03-26,16305.8798828125,16305.8798828125,16325.6201171875,16140.3701171875,16140.3701171875,5404200
2021-03-29,16475.970703125,16475.970703125,16520.890625,16411.669921875,16411.669921875,6897800
2021-03-30,16554.900390625,16554.900390625,16556.189453125,16438.400390625,16490.310546875,5851100
2021-03-31,16431.130859375,16431.130859375,16550.19921875,16427.19921875,16529.23046875,5865500
2021-04-01,16571.279296875,16571.279296875,16602.470703125,16496.16015625,16538.279296875,5687600
2021-04-07,16815.359375,16815.359375,16816.33984375,16715.3203125,16771.349609375,6682200
2021-04-08,16926.439453125,16926.439453125,16926.720703125,16735.779296875,16786.560546875,7382600
2021-04-09,16854.099609375,16854.099609375,17016.130859375,16815.58984375,16974.279296875,8624700
2021-04-12,16859.69921875,16859.69921875,16979.349609375,16793.5390625,16908.55078125,9009000
2021-04-13,16824.91015625,16824.91015625,17041.369140625,16802.220703125,16872.400390625,10350300
2021-04-14,16865.970703125,16865.970703125,16935.390625,16559.5703125,16869.779296875,10140000
2021-04-15,17076.73046875,17076.73046875,17076.73046875,16851.060546875,16851.060546875,7006700
2021-04-16,17158.810546875,17158.810546875,17158.810546875,16998.91015625,17028.349609375,7912900
2021-04-19,17263.279296875,17263.279296875,17294.150390625,17135.51953125,17141.25,10158100
2021-04-20,17323.869140625,17323.869140625,17323.869140625,17175.01953125,17231.580078125,9165400
2021-04-21,17202.109375,17202.109375,17282.759765625,17167.390625,17282.759765625,9427000
2021-04-22,17096.970703125,17096.970703125,17428.150390625,17066.169921875,17302.73046875,14999500
2021-04-23,17300.26953125,17300.26953125,17300.26953125,17055.48046875,17117.490234375,9329900
2021-04-26,17572.2890625,17572.2890625,17572.2890625,17378.359375,17378.359375,9298000
2021-04-27,17595.900390625,17595.900390625,17630.189453125,17489.7109375,17586.01953125,9687900
2021-04-28,17567.529296875,17567.529296875,17628.810546875,17497.740234375,17610.720703125,10510700
2021-04-29,17566.66015625,17566.66015625,17709.23046875,17548.30078125,17646.9296875,10991600
2021-05-03,17222.349609375,17222.349609375,17546.939453125,17222.349609375,17505.51953125,11037100
2021-05-04,16933.779296875,16933.779296875,17328.55078125,16647.609375,17249.560546875,12968600
2021-05-05,16843.439453125,16843.439453125,17052.19921875,16843.439453125,16968.75,8435500
2021-05-06,16994.359375,16994.359375,17088.73046875,16764.7109375,16925.51953125,9028200
2021-05-07,17285.0,17285.0,17285.0,17032.23046875,17032.23046875,8356000
2021-05-10,17235.609375,17235.609375,17304.470703125,17188.150390625,17274.23046875,9059300
2021-05-11,16583.130859375,16583.130859375,17137.189453125,16460.869140625,17137.189453125,12909700
2021-05-12,15902.3701171875,15902.3701171875,16552.630859375,15165.26953125,16515.880859375,13913300
2021-05-13,15670.099609375,15670.099609375,16031.9296875,15368.5400390625,15668.330078125,10615100
2021-05-14,15827.08984375,15827.08984375,16075.48046875,15702.099609375,15819.240234375,9406800
2021-05-17,15353.8896484375,15353.8896484375,15719.740234375,15159.8603515625,15554.990234375,9443500
2021-05-18,16145.98046875,16145.98046875,16153.76953125,15564.9599609375,15564.9599609375,7546900
2021-05-19,16132.66015625,16132.66015625,16273.98046875,16009.759765625,16112.2099609375,8707800
2021-05-20,16042.3603515625,16042.3603515625,16154.080078125,15943.4501953125,16122.51953125,8178100
2021-05-21,16302.0595703125,16302.0595703125,16431.140625,16136.8603515625,16136.8603515625,7531400
2021-05-24,16338.2900390625,16338.2900390625,16397.58984375,16136.9697265625,16246.51953125,7333500
2021-05-25,16595.669921875,16595.669921875,16657.599609375,16444.75,16444.75,9038500
2021-05-26,16643.689453125,16643.689453125,16706.2890625,16523.23046875,16645.169921875,6816100
2021-05-27,16601.609375,16601.609375,16601.609375,16419.419921875,16591.69921875,8532000
2021-05-28,16870.859375,16870.859375,16889.009765625,16690.0390625,16690.0390625,8549300
2021-05-31,17068.4296875,17068.4296875,17113.330078125,16939.91015625,16948.470703125,9490500
2021-06-01,17162.380859375,17162.380859375,17184.30078125,17060.44921875,17098.490234375,7821200
2021-06-02,17165.0390625,17165.0390625,17274.66015625,17056.419921875,17192.91015625,9368700
2021-06-03,17246.16015625,17246.16015625,17311.279296875,17198.890625,17201.30078125,8355400
2021-06-04,17147.41015625,17147.41015625,17225.060546875,17084.490234375,17225.060546875,8595000
2021-06-07,17083.91015625,17083.91015625,17189.23046875,16775.849609375,17176.08984375,8683700
2021-06-08,17076.2109375,17076.2109375,17181.51953125,17056.529296875,17094.33984375,5658700
2021-06-09,16966.220703125,16966.220703125,17082.51953125,16907.4296875,17082.51953125,6310000
2021-06-10,17159.220703125,17159.220703125,17159.220703125,16978.009765625,17024.5390625,6582700
2021-06-11,17213.51953125,17213.51953125,17278.55078125,17193.609375,17200.44921875,6154800
2021-06-15,17371.2890625,17371.2890625,17371.2890625,17279.69921875,17279.69921875,6317500
2021-06-16,17307.859375,17307.859375,17398.220703125,17275.01953125,17357.369140625,7962000
2021-06-17,17390.609375,17390.609375,17390.609375,17150.51953125,17254.83984375,6398800
2021-06-18,17318.5390625,17318.5390625,17417.5,17318.5390625,17384.740234375,7976600
2021-06-21,17062.98046875,17062.98046875,17305.490234375,17023.310546875,17305.490234375,7503200
2021-06-22,17075.55078125,17075.55078125,17270.470703125,17075.55078125,17162.7109375,8917000
2021-06-23,17336.7109375,17336.7109375,17375.7890625,17127.58984375,17127.58984375,8083500
2021-06-24,17407.9609375,17407.9609375,17439.630859375,17319.890625,17358.5703125,6453900
2021-06-25,17502.990234375,17502.990234375,17597.330078125,17471.0703125,17471.0703125,6766700
2021-06-28,17590.970703125,17590.970703125,17595.509765625,17481.23046875,17531.8203125,7091900
2021-06-29,17598.189453125,17598.189453125,17713.240234375,17541.140625,17621.150390625,8437900
2021-06-30,17755.4609375,17755.4609375,17797.26953125,17648.25,17648.25,7979400
2021-07-01,17713.939453125,17713.939453125,17863.900390625,17644.359375,17801.189453125,9647200
2021-07-02,17710.150390625,17710.150390625,17795.880859375,17676.98046875,17745.689453125,8973200
2021-07-05,17919.330078125,17919.330078125,17945.51953125,17783.80078125,17783.80078125,7425200
2021-07-06,17913.0703125,17913.0703125,18008.369140625,17895.779296875,17929.220703125,6634400
2021-07-07,17850.689453125,17850.689453125,17933.619140625,17756.8203125,17901.25,6893400
2021-07-08,17866.08984375,17866.08984375,17935.109375,17742.080078125,17880.900390625,8078500
2021-07-09,17661.48046875,17661.48046875,17778.119140625,17597.4609375,17778.119140625,6565500
2021-07-12,17814.330078125,17814.330078125,17947.900390625,17759.900390625,17843.30078125,6898800
2021-07-13,17847.51953125,17847.51953125,18018.0390625,17786.759765625,17931.470703125,8913100
2021-07-14,17845.75,17845.75,17940.859375,17716.439453125,17892.509765625,7380100
2021-07-15,18034.189453125,18034.189453125,18034.189453125,17878.779296875,17878.779296875,5697300
2021-07-16,17895.25,17895.25,17926.380859375,17779.609375,17839.580078125,6709700
2021-07-19,17789.25,17789.25,17854.349609375,17708.150390625,17854.349609375,5948000
2021-07-20,17528.740234375,17528.740234375,17724.919921875,17500.689453125,17724.919921875,6263700
2021-07-21,17458.7890625,17458.7890625,17707.560546875,17352.240234375,17593.599609375,7703300
2021-07-22,17572.330078125,17572.330078125,17667.380859375,17482.810546875,17482.810546875,6900500
2021-07-23,17572.919921875,17572.919921875,17672.599609375,17511.859375,17603.94921875,6686500
2021-07-26,17403.560546875,17403.560546875,17637.359375,17403.560546875,17554.9296875,5927200
2021-07-27,17269.869140625,17269.869140625,17459.349609375,17264.5,17394.76953125,6079500
2021-07-28,17135.220703125,17135.220703125,17252.869140625,16893.69921875,17252.869140625,6728900
2021-07-29,17402.810546875,17402.810546875,17402.810546875,17190.48046875,17216.580078125,5660700
2021-07-30,17247.41015625,17247.41015625,17429.009765625,17237.669921875,17414.76953125,6577000
2021-08-02,17503.279296875,17503.279296875,17503.279296875,17231.220703125,17256.609375,5186900
2021-08-03,17553.759765625,17553.759765625,17553.759765625,17456.19921875,17489.119140625,4533200
2021-08-04,17623.890625,17623.890625,17636.109375,17557.1796875,17588.640625,5817500
2021-08-05,17603.119140625,17603.119140625,17643.970703125,17566.720703125,17624.8203125,6348300
2021-08-06,17526.279296875,17526.279296875,17593.849609375,17469.6796875,17593.849609375,5686300
2021-08-09,17485.150390625,17485.150390625,17510.08984375,17350.150390625,17505.009765625,5189400
2021-08-10,17323.640625,17323.640625,17524.91015625,17305.060546875,17492.44921875,4788400
2021-08-11,17227.1796875,17227.1796875,17327.19921875,17090.25,17308.619140625,5654700
2021-08-12,17219.939453125,17219.939453125,17233.109375,17139.2109375,17221.349609375,4227200
2021-08-13,16982.109375,16982.109375,17216.33984375,16978.109375,17216.33984375,5206300
2021-08-16,16858.76953125,16858.76953125,16983.58984375,16773.5703125,16941.330078125,4958100
2021-08-17,16661.359375,16661.359375,16870.55078125,16657.630859375,16841.619140625,4136900
2021-08-18,16826.26953125,16826.26953125,16826.26953125,16418.5390625,16630.990234375,5284900
2021-08-19,16375.400390625,16375.400390625,16777.779296875,16375.400390625,16777.779296875,5329700
2021-08-20,16341.9404296875,16341.9404296875,16507.109375,16248.080078125,16426.98046875,4562600
2021-08-23,16741.83984375,16741.83984375,16785.2890625,16459.130859375,16459.130859375,4379900
2021-08-24,16818.73046875,16818.73046875,16904.30078125,16779.900390625,16830.630859375,5515800
2021-08-25,17045.859375,17045.859375,17045.859375,16821.080078125,16821.080078125,4501500
2021-08-26,17066.9609375,17066.9609375,17201.419921875,16984.689453125,17177.390625,4595100
2021-08-27,17209.9296875,17209.9296875,17229.890625,17000.259765625,17061.099609375,4252800
2021-08-30,17396.51953125,17396.51953125,17396.51953125,17244.619140625,17244.619140625,3860100
2021-08-31,17490.2890625,17490.2890625,17490.2890625,17207.5703125,17384.609375,4900300
2021-09-01,17473.990234375,17473.990234375,17503.9296875,17415.51953125,17463.80078125,4520700
2021-09-02,17319.759765625,17319.759765625,17523.16015625,17319.759765625,17455.919921875,4558000
2021-09-03,17516.919921875,17516.919921875,17540.779296875,17380.51953125,17380.51953125,4494700
2021-09-06,17495.30078125,17495.30078125,17633.669921875,17461.0703125,17534.05078125,5068400
2021-09-07,17428.869140625,17428.869140625,17559.2109375,17388.369140625,17534.380859375,4347400
2021-09-08,17270.490234375,17270.490234375,17447.580078125,17167.080078125,17411.529296875,4088600
2021-09-09,17304.330078125,17304.330078125,17319.08984375,17122.94921875,17175.0390625,3138500
2021-09-10,17474.5703125,17474.5703125,17474.5703125,17270.279296875,17270.279296875,3450400
2021-09-13,17446.310546875,17446.310546875,17482.5703125,17387.5703125,17452.16015625,3675300
2021-09-14,17434.900390625,17434.900390625,17529.470703125,17424.5390625,17463.779296875,3725300
2021-09-15,17354.0,17354.0,17439.75,17316.51953125,17434.01953125,3839700
2021-09-16,17278.69921875,17278.69921875,17411.369140625,17254.099609375,17332.33984375,3781900
2021-09-17,17276.7890625,17276.7890625,17408.7109375,17235.44921875,17279.2890625,4564600
2021-09-22,16925.8203125,16925.8203125,17196.7890625,16838.580078125,17196.7890625,4648700
2021-09-23,17078.220703125,17078.220703125,17145.25,16998.0703125,16998.0703125,3706500
2021-09-24,17260.189453125,17260.189453125,17273.58984375,17130.740234375,17130.740234375,3963900
2021-09-27,17313.76953125,17313.76953125,17335.990234375,17235.6796875,17278.109375,4368100
2021-09-28,17181.439453125,17181.439453125,17286.890625,17113.470703125,17286.890625,3676400
2021-09-29,16855.4609375,16855.4609375,17127.859375,16801.779296875,17127.859375,4613200
2021-09-30,16934.76953125,16934.76953125,16994.2109375,16767.19921875,16886.5703125,4145900
2021-10-01,16570.890625,16570.890625,16883.0,16503.740234375,16883.0,5034000
2021-10-04,16408.349609375,16408.349609375,16680.2890625,16380.0595703125,16600.51953125,4455400
2021-10-05,16460.75,16460.75,16460.75,16162.169921875,16362.26953125,4344700
2021-10-06,16393.16015625,16393.16015625,16568.2109375,16303.6298828125,16488.2109375,3980200
2021-10-07,16713.859375,16713.859375,16731.580078125,16465.5703125,16465.5703125,3979100
2021-10-08,16640.4296875,16640.4296875,16771.7109375,16605.490234375,16742.349609375,3630500
2021-10-12,16462.83984375,16462.83984375,16589.720703125,16349.490234375,16589.720703125,3840700
2021-10-13,16347.990234375,16347.990234375,16543.330078125,16328.4697265625,16480.98046875,3780500
2021-10-14,16387.279296875,16387.279296875,16519.9609375,16347.8798828125,16392.509765625,3823900
2021-10-15,16781.189453125,16781.189453125,16781.189453125,16426.759765625,16426.759765625,3616300
2021-10-18,16705.4609375,16705.4609375,16862.029296875,16695.890625,16816.939453125,4145800
2021-10-19,16900.669921875,16900.669921875,16916.720703125,16772.150390625,16791.119140625,3873500
2021-10-20,16887.8203125,16887.8203125,16973.859375,16855.810546875,16936.19921875,3633300
2021-10-21,16889.509765625,16889.509765625,17026.890625,16873.990234375,16904.4609375,4307800
2021-10-22,16888.740234375,16888.740234375,16932.890625,16800.490234375,16900.3203125,3796200
2021-10-25,16894.240234375,16894.240234375,16930.98046875,16784.109375,16879.33984375,3360900
2021-10-26,17034.33984375,17034.33984375,17067.150390625,16909.3203125,16909.3203125,3828200
2021-10-27,17074.55078125,17074.55078125,17079.599609375,16973.16015625,17037.369140625,3536400
2021-10-28,17041.630859375,17041.630859375,17104.859375,16994.369140625,17081.169921875,4615900
2021-10-29,16987.41015625,16987.41015625,17073.970703125,16920.6796875,17058.0390625,4554900
2021-11-01,17068.240234375,17068.240234375,17119.4296875,17021.76953125,17021.76953125,4505300
2021-11-02,17065.970703125,17065.970703125,17237.08984375,17026.630859375,17094.419921875,5366000
2021-11-03,17122.16015625,17122.16015625,17153.759765625,17080.509765625,17087.890625,4649400
2021-11-04,17078.859375,17078.859375,17219.650390625,17061.4609375,17158.279296875,4495000
2021-11-05,17296.900390625,17296.900390625,17296.900390625,17097.16015625,17097.16015625,4755100
2021-11-08,17415.30078125,17415.30078125,17415.30078125,17279.4609375,17323.390625,5609900
2021-11-09,17541.359375,17541.359375,17581.51953125,17433.099609375,17433.099609375,5480400
2021-11-10,17559.650390625,17559.650390625,17575.439453125,17489.869140625,17549.08984375,5804300
2021-11-11,17452.51953125,17452.51953125,17527.1796875,17403.48046875,17527.1796875,6146900
2021-11-12,17518.130859375,17518.130859375,17602.05078125,17479.55078125,17479.55078125,5532600
2021-11-15,17634.470703125,17634.470703125,17683.189453125,17560.51953125,17560.51953125,5366800
2021-11-16,17693.130859375,17693.130859375,17708.099609375,17629.80078125,17639.9609375,6220100
2021-11-17,17764.0390625,17764.0390625,17764.0390625,17669.580078125,17705.2890625,6399300
2021-11-18,17841.369140625,17841.369140625,17841.369140625,17748.2109375,17767.060546875,6803100
2021-11-19,17818.310546875,17818.310546875,17986.1796875,17786.05078125,17864.189453125,6246900
2021-11-22,17803.5390625,17803.5390625,17857.73046875,17790.640625,17828.529296875,4908200
2021-11-23,17666.119140625,17666.119140625,17797.900390625,17650.0703125,17797.900390625,5002100
2021-11-24,17642.51953125,17642.51953125,17722.890625,17588.779296875,17680.16015625,4917100
2021-11-25,17654.189453125,17654.189453125,17724.5,17609.509765625,17686.119140625,4708400
2021-11-26,17369.390625,17369.390625,17641.7890625,17330.439453125,17641.7890625,5676100
2021-11-29,17328.08984375,17328.08984375,17415.630859375,17167.240234375,17320.009765625,4887500
2021-11-30,17427.759765625,17427.759765625,17535.23046875,17369.7890625,17369.7890625,6132900
2021-12-01,17585.990234375,17585.990234375,17626.2109375,17374.58984375,17428.609375,4219800
2021-12-02,17724.880859375,17724.880859375,17741.55078125,17559.439453125,17575.91015625,4988600
2021-12-03,17697.140625,17697.140625,17781.140625,17670.3203125,17720.9296875,4400000
2021-12-06,17688.2109375,17688.2109375,17763.419921875,17585.94921875,17650.669921875,3850100
2021-12-07,17796.919921875,17796.919921875,17796.919921875,17642.3203125,17734.189453125,5417700
2021-12-08,17832.419921875,17832.419921875,17988.880859375,17832.419921875,17845.060546875,5272600
2021-12-09,17914.119140625,17914.119140625,17925.119140625,17807.119140625,17880.41015625,5266100
2021-12-10,17826.259765625,17826.259765625,17893.2890625,17767.80078125,17893.2890625,4629000
2021-12-13,17767.599609375,17767.599609375,17919.349609375,17767.599609375,17841.029296875,4799000
2021-12-14,17599.369140625,17599.369140625,17754.380859375,17566.990234375,17754.380859375,4871000
2021-12-15,17660.099609375,17660.099609375,17678.779296875,17556.869140625,17592.869140625,3773800
2021-12-16,17785.740234375,17785.740234375,17814.3203125,17719.060546875,17719.060546875,4322400
2021-12-17,17812.58984375,17812.58984375,17822.740234375,17718.26953125,17744.5390625,5154400
2021-12-20,17669.109375,17669.109375,17812.810546875,17646.390625,17812.810546875,3798200
2021-12-21,17789.26953125,17789.26953125,17825.890625,17652.3203125,17686.83984375,3555900
2021-12-22,17826.830078125,17826.830078125,17870.16015625,17799.720703125,17805.740234375,3538900
2021-12-23,17946.66015625,17946.66015625,17960.990234375,17855.779296875,17855.779296875,3851000
2021-12-24,17961.640625,17961.640625,18039.849609375,17953.5703125,17966.349609375,3834800
2021-12-27,18048.939453125,18048.939453125,18099.779296875,17975.41015625,17975.41015625,3701200
2021-12-28,18196.810546875,18196.810546875,18197.359375,18099.7109375,18099.7109375,3899900
2021-12-29,18248.279296875,18248.279296875,18283.25,18192.859375,18209.140625,3983900
2021-12-30,18218.83984375,18218.83984375,18291.25,18216.44921875,18270.0,4082900
2022-01-03,18270.509765625,18270.509765625,18379.689453125,18238.470703125,18260.23046875,4309600
2022-01-04,18526.349609375,18526.349609375,18526.349609375,18395.140625,18395.140625,4231400
2022-01-05,18499.9609375,18499.9609375,18619.609375,18446.51953125,18598.130859375,4261600
2022-01-06,18367.919921875,18367.919921875,18427.150390625,18253.8203125,18395.720703125,3411400
2022-01-07,18169.759765625,18169.759765625,18444.119140625,18134.41015625,18388.16015625,4727900
2022-01-10,18239.380859375,18239.380859375,18243.259765625,18043.970703125,18095.390625,3440300
2022-01-11,18288.2109375,18288.2109375,18293.529296875,18135.4296875,18266.5390625,4694000
2022-01-12,18375.400390625,18375.400390625,18394.69921875,18255.380859375,18348.390625,4196200
2022-01-13,18436.9296875,18436.9296875,18459.73046875,18346.810546875,18356.2109375,4599500
2022-01-14,18403.330078125,18403.330078125,18509.0,18213.439453125,18509.0,4559700
2022-01-17,18525.439453125,18525.439453125,18535.419921875,18435.01953125,18512.150390625,3172100
2022-01-18,18378.640625,18378.640625,18575.41015625,18378.640625,18492.810546875,3163500
2022-01-19,18227.4609375,18227.4609375,18359.140625,18199.349609375,18275.1796875,3422100
2022-01-20,18218.279296875,18218.279296875,18292.140625,18125.19921875,18212.259765625,3209300
2022-01-21,17899.30078125,17899.30078125,18113.939453125,17851.390625,18113.939453125,4160500
2022-01-24,17989.0390625,17989.0390625,18004.44921875,17682.330078125,17843.330078125,3586500
2022-01-25,17701.119140625,17701.119140625,17890.7109375,17645.66015625,17890.7109375,3506500
2022-01-26,17674.400390625,17674.400390625,17776.419921875,17633.029296875,17657.970703125,2897700
2022-02-07,17900.30078125,17900.30078125,17900.30078125,17712.349609375,17750.69921875,0
2022-02-08,17966.560546875,17966.560546875,18063.55078125,17955.94921875,17955.94921875,4040800
2022-02-09,18151.759765625,18151.759765625,18168.599609375,18039.23046875,18060.330078125,3901200
2022-02-10,18338.05078125,18338.05078125,18338.05078125,18145.0390625,18217.2890625,3618700
2022-02-11,18310.939453125,18310.939453125,18310.939453125,18191.75,18258.810546875,3541200
2022-02-14,17997.669921875,17997.669921875,18182.73046875,17965.220703125,18182.73046875,3594200
2022-02-15,17951.810546875,17951.810546875,18085.91015625,17942.6796875,17978.439453125,3611800
2022-02-16,18231.470703125,18231.470703125,18233.7890625,18109.169921875,18109.169921875,3822800
2022-02-17,18268.5703125,18268.5703125,18330.630859375,18190.240234375,18213.30078125,5115800
2022-02-18,18232.349609375,18232.349609375,18262.9609375,18098.51953125,18250.369140625,4870600
2022-02-21,18221.490234375,18221.490234375,18253.099609375,18129.650390625,18196.400390625,4487800
2022-02-22,17969.2890625,17969.2890625,18159.509765625,17840.380859375,18159.509765625,5056200
2022-02-23,18055.73046875,18055.73046875,18109.279296875,17954.75,17954.75,3709000
2022-02-24,17594.55078125,17594.55078125,17939.529296875,17561.0703125,17939.529296875,6003200
2022-02-25,17652.1796875,17652.1796875,17737.3203125,17554.970703125,17617.359375,5029500
2022-03-01,17898.25,17898.25,17944.5,17657.5,17657.5,4576900
2022-03-02,17867.599609375,17867.599609375,17918.98046875,17784.640625,17864.109375,4013600
2022-03-03,17934.400390625,17934.400390625,18026.029296875,17906.240234375,17932.150390625,4006800
2022-03-04,17736.51953125,17736.51953125,17845.009765625,17710.5390625,17845.009765625,4422400
2022-03-07,17178.689453125,17178.689453125,17581.5703125,17135.6796875,17581.5703125,5833800
2022-03-08,16825.25,16825.25,17113.669921875,16764.779296875,17000.0,5875900
2022-03-09,17015.359375,17015.359375,17072.740234375,16944.080078125,16944.080078125,3963600
2022-03-10,17433.19921875,17433.19921875,17478.4296875,17224.73046875,17224.73046875,4493300
2022-03-11,17264.740234375,17264.740234375,17373.900390625,17239.900390625,17373.8203125,3114900
2022-03-14,17263.0390625,17263.0390625,17363.0390625,17217.580078125,17287.900390625,3432300
2022-03-15,16926.060546875,16926.060546875,17177.26953125,16911.94921875,17177.26953125,4138100
2022-03-16,16940.830078125,16940.830078125,17085.76953125,16808.4296875,17007.580078125,4846600
2022-03-17,17448.220703125,17448.220703125,17472.94921875,17172.810546875,17172.810546875,5028900
2022-03-18,17456.51953125,17456.51953125,17472.380859375,17359.5,17439.91015625,4984000
2022-03-21,17560.359375,17560.359375,17603.990234375,17503.94921875,17503.94921875,3703600
2022-03-22,17559.7109375,17559.7109375,17573.2890625,17468.55078125,17512.41015625,3448800
2022-03-23,17731.369140625,17731.369140625,17738.689453125,17581.619140625,17581.619140625,3950500
2022-03-24,17699.060546875,17699.060546875,17711.169921875,17603.220703125,17711.169921875,3883600
2022-03-25,17676.94921875,17676.94921875,17747.130859375,17633.859375,17695.80078125,3872300
2022-03-28,17520.009765625,17520.009765625,17527.150390625,17368.66015625,17510.150390625,3202100
2022-03-29,17548.66015625,17548.66015625,17585.91015625,17493.009765625,17568.3203125,3429900
2022-03-30,17740.560546875,17740.560546875,17770.0703125,17572.900390625,17572.900390625,3739000
2022-03-31,17693.470703125,17693.470703125,17767.810546875,17682.529296875,17754.099609375,3422500
2022-04-01,17625.58984375,17625.58984375,17657.759765625,17465.609375,17657.759765625,3396600
2022-04-06,17522.5,17522.5,17528.990234375,17381.0703125,17484.189453125,4241200
2022-04-07,17178.630859375,17178.630859375,17438.599609375,17178.630859375,17430.130859375,4863100
2022-04-08,17284.5390625,17284.5390625,17316.689453125,17210.400390625,17210.400390625,3538700
2022-04-11,17048.369140625,17048.369140625,17316.349609375,17046.669921875,17273.05078125,4584600
2022-04-12,16990.91015625,16990.91015625,17100.849609375,16905.130859375,17005.83984375,4100800
2022-04-13,17301.650390625,17301.650390625,17333.2109375,17080.400390625,17080.400390625,4058700
2022-04-14,17245.650390625,17245.650390625,17374.140625,17245.650390625,17353.25,4429600
2022-04-15,17004.1796875,17004.1796875,17141.330078125,17004.1796875,17139.33984375,4078400
2022-04-18,16898.869140625,16898.869140625,16999.359375,16845.509765625,16958.66015625,4020900
2022-04-19,16993.400390625,16993.400390625,17106.259765625,16926.33984375,16926.33984375,3514900
2022-04-20,17148.880859375,17148.880859375,17148.880859375,16983.55078125,17057.130859375,4801300
2022-04-21,17127.94921875,17127.94921875,17213.66015625,17106.369140625,17159.880859375,3952000
2022-04-22,17025.08984375,17025.08984375,17088.759765625,16923.869140625,17088.759765625,4322500
2022-04-25,16620.900390625,16620.900390625,16912.30078125,16579.890625,16912.30078125,4528800
2022-04-26,16644.7890625,16644.7890625,16729.470703125,16582.109375,16677.83984375,3941900
2022-04-27,16303.349609375,16303.349609375,16427.3203125,16219.41015625,16427.3203125,4261400
2022-04-28,16419.380859375,16419.380859375,16455.5703125,16256.8798828125,16350.7197265625,3635500
2022-04-29,16592.1796875,16592.1796875,16663.66015625,16521.939453125,16599.83984375,3416300
2022-05-03,16498.900390625,16498.900390625,16604.869140625,16465.990234375,16593.2109375,2457700
2022-05-04,16565.830078125,16565.830078125,16617.060546875,16514.30078125,16531.369140625,2630000
2022-05-05,16696.119140625,16696.119140625,16783.779296875,16650.810546875,16689.98046875,3215900
2022-05-06,16408.19921875,16408.19921875,16491.109375,16312.169921875,16491.109375,3186200
2022-05-09,16048.919921875,16048.919921875,16345.83984375,16048.919921875,16345.83984375,3742000
2022-05-10,16061.7001953125,16061.7001953125,16071.5,15734.4404296875,15891.400390625,3489400
2022-05-11,16006.25,16006.25,16081.150390625,15953.26953125,16053.75,2938300
2022-05-12,15616.6796875,15616.6796875,15943.6201171875,15616.6796875,15943.6201171875,4040900
2022-05-13,15832.5400390625,15832.5400390625,15860.6904296875,15687.150390625,15687.150390625,3216400
2022-05-16,15901.0400390625,15901.0400390625,16032.849609375,15847.4599609375,15943.6904296875,3298100
2022-05-17,16056.08984375,16056.08984375,16085.849609375,15915.9296875,15915.9296875,2799500
2022-05-18,16296.8603515625,16296.8603515625,16316.580078125,16172.7998046875,16174.7802734375,3405600
2022-05-19,16020.3203125,16020.3203125,16111.490234375,15892.73046875,16111.490234375,3423100
2022-05-20,16144.849609375,16144.849609375,16181.66015625,16058.2001953125,16061.919921875,2836000
2022-05-23,16156.41015625,16156.41015625,16249.4501953125,16125.4501953125,16193.919921875,3295600
2022-05-24,15963.6298828125,15963.6298828125,16219.7998046875,15963.6298828125,16166.5703125,2961400
2022-05-25,16104.0302734375,16104.0302734375,16169.1796875,15980.900390625,15987.740234375,3107300
2022-05-26,15968.830078125,15968.830078125,16179.009765625,15949.6103515625,16128.2099609375,3062100
2022-05-27,16266.2197265625,16266.2197265625,16266.2197265625,16075.91015625,16075.91015625,2951400
2022-05-30,16610.619140625,16610.619140625,16610.619140625,16368.9296875,16368.9296875,3342400
2022-05-31,16807.76953125,16807.76953125,16807.76953125,16493.0703125,16561.6796875,5523600
2022-06-01,16675.08984375,16675.08984375,16811.0390625,16649.91015625,16718.91015625,3097600
2022-06-02,16552.5703125,16552.5703125,16617.259765625,16540.55078125,16605.4609375,2638200
2022-06-06,16605.9609375,16605.9609375,16654.119140625,16509.009765625,16570.890625,2873700
2022-06-07,16512.880859375,16512.880859375,16593.75,16465.869140625,16593.75,2437900
2022-06-08,16670.509765625,16670.509765625,16702.990234375,16538.669921875,16538.669921875,2409700
2022-06-09,16621.33984375,16621.33984375,16643.94921875,16557.5390625,16643.94921875,2366400
2022-06-10,16460.119140625,16460.119140625,16581.810546875,16403.330078125,16581.810546875,2373300
2022-06-13,16070.98046875,16070.98046875,16295.0703125,16055.8896484375,16295.0703125,3106700
2022-06-14,16047.3701171875,16047.3701171875,16067.7998046875,15869.0595703125,15975.169921875,3086200
2022-06-15,15999.25,15999.25,16106.75,15981.5595703125,16025.83984375,2967000
2022-06-16,15838.6103515625,15838.6103515625,16209.25,15838.2900390625,16098.2900390625,3636900
2022-06-17,15641.259765625,15641.259765625,15794.16015625,15573.3798828125,15794.16015625,4373500
2022-06-20,15367.580078125,15367.580078125,15667.6796875,15367.580078125,15649.2001953125,3998700
2022-06-21,15728.6396484375,15728.6396484375,15728.6396484375,15427.330078125,15427.330078125,3553500
2022-06-22,15347.75,15347.75,15687.4599609375,15346.9501953125,15687.4599609375,3950300
2022-06-23,15176.4404296875,15176.4404296875,15380.2802734375,15102.400390625,15305.509765625,3916600
2022-06-24,15303.3203125,15303.3203125,15424.3701171875,15232.33984375,15232.33984375,3081400
2022-06-27,15548.009765625,15548.009765625,15656.349609375,15409.080078125,15409.080078125,3120800
2022-06-28,15439.919921875,15439.919921875,15533.33984375,15375.650390625,15519.5595703125,3094700
2022-06-29,15240.1298828125,15240.1298828125,15365.5400390625,15218.0703125,15365.5400390625,3239700
2022-06-30,14825.73046875,14825.73046875,15147.76953125,14825.73046875,15146.919921875,3673000
2022-07-01,14343.080078125,14343.080078125,14812.1298828125,14336.0302734375,14812.1298828125,4290300
2022-07-04,14217.0595703125,14217.0595703125,14412.4697265625,14167.099609375,14237.830078125,3244400
2022-07-05,14349.2001953125,14349.2001953125,14488.7998046875,14100.8896484375,14345.5400390625,3468200
2022-07-06,13985.509765625,13985.509765625,14319.3203125,13985.509765625,14289.669921875,3688700
2022-07-07,14336.26953125,14336.26953125,14355.150390625,13951.8095703125,14052.1796875,3460100
2022-07-08,14464.5302734375,14464.5302734375,14552.419921875,14373.83984375,14462.5,3508600
2022-07-11,14340.5302734375,14340.5302734375,14525.0302734375,14313.9404296875,14478.3095703125,2620100
2022-07-12,13950.6201171875,13950.6201171875,14235.6298828125,13928.66015625,14235.6298828125,3120000
2022-07-13,14324.6796875,14324.6796875,14403.509765625,14194.9404296875,14194.9404296875,3342700
2022-07-14,14438.51953125,14438.51953125,14450.4697265625,14159.3896484375,14252.01953125,2947600
2022-07-15,14550.6201171875,14550.6201171875,14579.73046875,14378.330078125,14483.9599609375,3025600
2022-07-18,14719.6396484375,14719.6396484375,14719.6396484375,14589.099609375,14589.099609375,3117300
2022-07-19,14694.080078125,14694.080078125,14720.1298828125,14598.990234375,14638.4501953125,2964100
2022-07-20,14733.2197265625,14733.2197265625,14906.9501953125,14694.2001953125,14810.400390625,3539900
2022-07-21,14937.7001953125,14937.7001953125,14937.7001953125,14716.01953125,14744.169921875,3418100
2022-07-22,14949.3603515625,14949.3603515625,14996.240234375,14902.3203125,14953.26953125,3674900
2022-07-25,14936.330078125,14936.330078125,14968.23046875,14851.3701171875,14902.25,2629600
2022-07-26,14806.7802734375,14806.7802734375,14912.41015625,14750.7099609375,14912.41015625,2617400
2022-07-27,14921.58984375,14921.58984375,14921.58984375,14717.01953125,14791.7099609375,2569700
2022-07-28,14891.900390625,14891.900390625,15031.990234375,14849.9404296875,14978.9501953125,2911200
2022-07-29,15000.0703125,15000.0703125,15035.26953125,14929.490234375,14950.1796875,3117200
2022-08-01,14981.6904296875,14981.6904296875,14994.3603515625,14886.8095703125,14982.26953125,2658300
2022-08-02,14747.23046875,14747.23046875,14860.9404296875,14663.4599609375,14860.9404296875,3161000
2022-08-03,14777.01953125,14777.01953125,14777.01953125,14673.349609375,14757.509765625,2649100
2022-08-04,14702.2001953125,14702.2001953125,14766.5703125,14545.6904296875,14741.4697265625,2766400
2022-08-05,15036.0400390625,15036.0400390625,15041.41015625,14802.33984375,14802.33984375,2749400
2022-08-08,15020.41015625,15020.41015625,15034.8701171875,14908.169921875,14972.2099609375,2558700
2022-08-09,15050.2802734375,15050.2802734375,15077.6298828125,14905.23046875,14965.1201171875,2854300
2022-08-10,14939.01953125,14939.01953125,14982.330078125,14890.5498046875,14940.759765625,2863700
2022-08-11,15197.849609375,15197.849609375,15204.7900390625,15087.58984375,15087.58984375,3417400
2022-08-12,15288.9697265625,15288.9697265625,15298.419921875,15198.9296875,15203.91015625,2921300
2022-08-15,15417.349609375,15417.349609375,15437.23046875,15315.1201171875,15332.919921875,3136600
2022-08-16,15420.5703125,15420.5703125,15451.830078125,15392.490234375,15435.0400390625,3045100
2022-08-17,15465.4501953125,15465.4501953125,15475.8896484375,15390.83984375,15423.4404296875,3108600
2022-08-18,15396.759765625,15396.759765625,15396.759765625,15311.2197265625,15384.73046875,2635800
2022-08-19,15408.7802734375,15408.7802734375,15458.4501953125,15346.259765625,15394.3603515625,3252400
2022-08-22,15245.1396484375,15245.1396484375,15375.2001953125,15229.3603515625,15375.2001953125,2782000
2022-08-23,15095.8896484375,15095.8896484375,15225.169921875,15086.4296875,15225.169921875,2405400
2022-08-24,15069.1904296875,15069.1904296875,15183.9599609375,15053.51953125,15112.150390625,2665500
2022-08-25,15200.0400390625,15200.0400390625,15244.0595703125,15105.3095703125,15105.3095703125,2502900
2022-08-26,15278.4404296875,15278.4404296875,15337.25,15221.5,15221.5,3192200
2022-08-29,14926.1904296875,14926.1904296875,15197.1904296875,14843.7197265625,15197.1904296875,2973800
2022-08-30,14953.6298828125,14953.6298828125,15027.5,14911.9697265625,14919.669921875,2729600
2022-08-31,15095.4404296875,15095.4404296875,15095.4404296875,14874.330078125,14912.1201171875,3006200
2022-09-01,14801.8603515625,14801.8603515625,14981.0,14773.1904296875,14981.0,3009700
2022-09-02,14673.0400390625,14673.0400390625,14817.400390625,14673.0400390625,14790.2802734375,3003400
2022-09-05,14661.099609375,14661.099609375,14753.0302734375,14632.7900390625,14670.1796875,2643200
2022-09-06,14677.2001953125,14677.2001953125,14789.3095703125,14623.2197265625,14705.16015625,2642400
2022-09-07,14410.0498046875,14410.0498046875,14557.8603515625,14397.1201171875,14557.8603515625,2439500
2022-09-08,14583.419921875,14583.419921875,14583.419921875,14447.08984375,14447.08984375,2349200
2022-09-12,14807.4296875,14807.4296875,14856.23046875,14711.33984375,14711.33984375,2620300
2022-09-13,14894.41015625,14894.41015625,14949.5595703125,14856.98046875,14895.8701171875,2535400
2022-09-14,14658.3095703125,14658.3095703125,14699.7802734375,14522.7001953125,14695.1904296875,2515900
2022-09-15,14670.0400390625,14670.0400390625,14750.2802734375,14624.5498046875,14647.0,2703700
2022-09-16,14561.759765625,14561.759765625,14602.16015625,14521.650390625,14602.16015625,3637300
2022-09-19,14425.6796875,14425.6796875,14585.0595703125,14424.330078125,14567.26953125,2314800
2022-09-20,14549.2998046875,14549.2998046875,14558.7197265625,14461.3896484375,14474.9501953125,2436500
2022-09-21,14424.51953125,14424.51953125,14525.4599609375,14384.1103515625,14517.33984375,2716200
2022-09-22,14284.6298828125,14284.6298828125,14325.669921875,14151.7998046875,14325.669921875,3106100
2022-09-23,14118.3798828125,14118.3798828125,14277.5302734375,14109.7099609375,14231.0302734375,2584800
2022-09-26,13778.1904296875,13778.1904296875,13993.419921875,13743.1904296875,13993.419921875,3149000
2022-09-27,13826.58984375,13826.58984375,13862.83984375,13732.3203125,13812.990234375,2722800
2022-09-28,13466.0703125,13466.0703125,13854.08984375,13466.0703125,13816.7001953125,3481100
2022-09-29,13534.259765625,13534.259765625,13651.2900390625,13462.5703125,13550.7001953125,2992600
2022-09-30,13424.580078125,13424.580078125,13466.8203125,13274.7197265625,13409.650390625,2822000
2022-10-03,13300.48046875,13300.48046875,13440.23046875,13273.48046875,13359.259765625,2183300
2022-10-04,13576.51953125,13576.51953125,13586.9599609375,13447.3603515625,13447.3603515625,2392400
2022-10-05,13801.4296875,13801.4296875,13902.01953125,13727.2998046875,13727.2998046875,2785100
2022-10-06,13892.0498046875,13892.0498046875,13899.23046875,13814.330078125,13865.4501953125,2151900
2022-10-07,13702.2802734375,13702.2802734375,13847.51953125,13684.2099609375,13847.51953125,1873700
2022-10-11,13106.0302734375,13106.0302734375,13394.1201171875,13106.0302734375,13394.1201171875,2847100
2022-10-12,13081.240234375,13081.240234375,13130.73046875,12991.58984375,13076.91015625,2438200
2022-10-13,12810.73046875,12810.73046875,13111.3896484375,12809.4296875,13108.400390625,3440400
2022-10-14,13128.1201171875,13128.1201171875,13221.8701171875,13023.7099609375,13023.7099609375,2967500
2022-10-17,12966.0498046875,12966.0498046875,12988.830078125,12814.8203125,12988.830078125,3036700
2022-10-18,13124.6796875,13124.6796875,13143.150390625,12978.1298828125,13075.0498046875,2610300
2022-10-19,12976.759765625,12976.759765625,13155.6201171875,12976.759765625,13096.349609375,2470600
2022-10-20,12946.099609375,12946.099609375,12946.099609375,12698.91015625,12912.9296875,3533700
2022-10-21,12819.2001953125,12819.2001953125,12954.01953125,12813.599609375,12931.2001953125,2220400
2022-10-24,12856.98046875,12856.98046875,13027.83984375,12856.76953125,12913.580078125,2281500
2022-10-25,12666.1201171875,12666.1201171875,12843.3095703125,12629.48046875,12830.2900390625,2289400
2022-10-26,12729.0498046875,12729.0498046875,12791.9697265625,12635.51953125,12666.419921875,2218400
2022-10-27,12926.3701171875,12926.3701171875,12954.3203125,12807.6904296875,12807.6904296875,2373300
2022-10-28,12788.419921875,12788.419921875,12891.3798828125,12723.98046875,12874.830078125,2112200
2022-10-31,12949.75,12949.75,12977.6103515625,12826.33984375,12862.3701171875,2003500
2022-11-01,13037.2099609375,13037.2099609375,13062.900390625,12907.6103515625,12933.1201171875,2030700
2022-11-02,13100.169921875,13100.169921875,13100.169921875,13014.0400390625,13033.150390625,2032900
2022-11-03,12986.599609375,12986.599609375,12991.3701171875,12905.349609375,12985.5498046875,2009100
2022-11-04,13026.7099609375,13026.7099609375,13029.9404296875,12868.25,12941.7802734375,2354400
2022-11-07,13223.73046875,13223.73046875,13246.58984375,13103.349609375,13109.349609375,2750000
2022-11-08,13347.759765625,13347.759765625,13389.25,13274.91015625,13274.91015625,3009500
2022-11-09,13638.8095703125,13638.8095703125,13638.8095703125,13410.1904296875,13410.1904296875,2981300
2022-11-10,13503.759765625,13503.759765625,13559.400390625,13463.849609375,13556.509765625,2335900
2022-11-11,14007.5595703125,14007.5595703125,14045.509765625,13878.9501953125,13878.9501953125,3988800
2022-11-14,14174.900390625,14174.900390625,14217.2998046875,14076.9404296875,14080.91015625,3396800
2022-11-15,14546.3095703125,14546.3095703125,14568.509765625,14278.5302734375,14325.490234375,3441500
2022-11-16,14537.349609375,14537.349609375,14657.66015625,14481.0595703125,14637.849609375,3356100
2022-11-17,14535.23046875,14535.23046875,14545.8896484375,14383.5498046875,14489.41015625,2707100
2022-11-18,14504.990234375,14504.990234375,14669.98046875,14470.48046875,14584.3095703125,2787500
2022-11-21,14449.3896484375,14449.3896484375,14530.759765625,14421.650390625,14514.7099609375,2186300
2022-11-22,14542.2001953125,14542.2001953125,14542.7900390625,14371.08984375,14404.080078125,2281400
2022-11-23,14608.5400390625,14608.5400390625,14647.98046875,14573.41015625,14595.5,2345700
2022-11-24,14784.0,14784.0,14784.0,14649.7998046875,14649.7998046875,2615600
2022-11-25,14778.509765625,14778.509765625,14835.66015625,14756.009765625,14764.9404296875,2808900
2022-11-28,14556.8701171875,14556.8701171875,14638.1904296875,14503.1201171875,14636.900390625,2567800
2022-11-29,14709.6396484375,14709.6396484375,14716.580078125,14449.0498046875,14503.7900390625,3143000
2022-11-30,14879.5498046875,14879.5498046875,14879.5498046875,14678.23046875,14678.23046875,4457700
2022-12-01,15012.7998046875,15012.7998046875,15152.3798828125,14998.0302734375,15059.919921875,3771700
2022-12-02,14970.6796875,14970.6796875,15021.73046875,14921.0595703125,14933.2001953125,2999500
2022-12-05,14980.740234375,14980.740234375,15088.0595703125,14969.9697265625,14972.169921875,3216700
2022-12-06,14728.8798828125,14728.8798828125,14957.8203125,14728.8798828125,14955.2900390625,3221700
2022-12-07,14630.009765625,14630.009765625,14823.150390625,14630.009765625,14708.080078125,3266900
2022-12-08,14553.0400390625,14553.0400390625,14634.16015625,14464.2001953125,14631.2099609375,2428500
2022-12-09,14705.4296875,14705.4296875,14742.7900390625,14620.26953125,14620.26953125,2543200
2022-12-12,14612.58984375,14612.58984375,14658.4599609375,14538.66015625,14658.4599609375,2221600
2022-12-13,14522.9599609375,14522.9599609375,14658.7001953125,14515.740234375,14617.8603515625,2730600
2022-12-14,14739.3603515625,14739.3603515625,14739.3603515625,14557.5595703125,14557.5595703125,2640200
2022-12-15,14734.1298828125,14734.1298828125,14756.3798828125,14649.5400390625,14692.919921875,2570800
2022-12-16,14528.5498046875,14528.5498046875,14568.3095703125,14447.76953125,14554.2099609375,4451200
2022-12-19,14433.3203125,14433.3203125,14493.7197265625,14411.8095703125,14478.4501953125,3207500
2022-12-20,14170.0302734375,14170.0302734375,14451.91015625,14157.990234375,14410.75,3679200
2022-12-21,14234.400390625,14234.400390625,14291.98046875,14197.8603515625,14205.0595703125,3230800
2022-12-22,14442.9404296875,14442.9404296875,14442.9404296875,14323.0400390625,14323.0400390625,3258800
2022-12-23,14271.6298828125,14271.6298828125,14318.1201171875,14192.98046875,14318.1201171875,1979800
2022-12-26,14285.1298828125,14285.1298828125,14301.1103515625,14253.2001953125,14271.2001953125,1574600
2022-12-27,14328.4296875,14328.4296875,14410.240234375,14310.1904296875,14310.1904296875,1821100
2022-12-28,14173.099609375,14173.099609375,14249.830078125,14119.2998046875,14249.830078125,1958900
2022-12-29,14085.01953125,14085.01953125,14120.5703125,13981.6298828125,14097.509765625,1839200
2022-12-30,14137.6904296875,14137.6904296875,14248.900390625,14137.6904296875,14183.51953125,1748100
2023-01-03,14224.1201171875,14224.1201171875,14237.9404296875,14001.9697265625,14108.16015625,1816400
2023-01-04,14199.1298828125,14199.1298828125,14257.4501953125,14177.9697265625,14186.9501953125,2073800
2023-01-05,14301.0498046875,14301.0498046875,14357.599609375,14270.9296875,14285.1201171875,2086500
2023-01-06,14373.33984375,14373.33984375,14384.919921875,14278.51953125,14278.51953125,1741200
2023-01-09,14752.2099609375,14752.2099609375,14752.2099609375,14504.4697265625,14504.4697265625,2581100
2023-01-10,14802.9599609375,14802.9599609375,14816.1298828125,14728.5595703125,14796.26953125,2069800
2023-01-11,14751.4404296875,14751.4404296875,14842.740234375,14734.4404296875,14822.8603515625,1986800
2023-01-12,14731.6396484375,14731.6396484375,14813.3095703125,14700.73046875,14780.580078125,1812900
2023-01-13,14824.1298828125,14824.1298828125,14962.3095703125,14822.150390625,14923.0498046875,1786500
2023-01-16,14927.009765625,14927.009765625,14960.919921875,14895.259765625,14895.259765625,1611600
2023-01-17,14932.9296875,14932.9296875,14945.23046875,14884.7802734375,14922.33984375,1772600
2023-01-30,15493.8203125,15493.8203125,15493.8203125,15291.5302734375,15291.5302734375,3697500
2023-01-31,15265.2001953125,15265.2001953125,15441.98046875,15265.2001953125,15419.2099609375,3357200
2023-02-01,15420.1298828125,15420.1298828125,15420.1298828125,15291.6796875,15346.349609375,3009800
2023-02-02,15595.16015625,15595.16015625,15602.08984375,15496.51953125,15508.830078125,3248500
2023-02-03,15602.66015625,15602.66015625,15617.73046875,15504.0302734375,15591.9501953125,2647300
2023-02-06,15392.8203125,15392.8203125,15514.7998046875,15392.8203125,15514.7998046875,2320600
2023-02-07,15400.91015625,15400.91015625,15462.099609375,15363.650390625,15376.1201171875,2251800
2023-02-08,15618.169921875,15618.169921875,15631.2197265625,15520.0498046875,15538.7099609375,2514500
2023-02-09,15598.7099609375,15598.7099609375,15617.33984375,15553.83984375,15590.0,2236100
2023-02-10,15586.650390625,15586.650390625,15628.2998046875,15546.1103515625,15627.330078125,2483000
2023-02-13,15544.2802734375,15544.2802734375,15569.990234375,15465.5595703125,15564.759765625,2184300
2023-02-14,15654.48046875,15654.48046875,15669.6298828125,15584.740234375,15584.740234375,2077800
2023-02-15,15432.8896484375,15432.8896484375,15553.6796875,15388.849609375,15497.669921875,2438100
2023-02-16,15550.5,15550.5,15585.48046875,15474.4599609375,15474.4599609375,2883000
2023-02-17,15479.7001953125,15479.7001953125,15503.75,15418.4296875,15503.75,2528300
2023-02-20,15551.23046875,15551.23046875,15575.3203125,15436.66015625,15452.009765625,2994900
2023-02-21,15563.0,15563.0,15567.740234375,15496.73046875,15535.6396484375,2997300
2023-02-22,15418.76953125,15418.76953125,15541.169921875,15345.9296875,15541.169921875,2881300
2023-02-23,15615.41015625,15615.41015625,15657.6298828125,15463.4599609375,15463.4599609375,3012200
2023-02-24,15503.7900390625,15503.7900390625,15717.9599609375,15503.7900390625,15669.8798828125,2717600
2023-03-01,15598.490234375,15598.490234375,15617.0302734375,15387.3798828125,15435.3798828125,3062600
2023-03-02,15598.7197265625,15598.7197265625,15618.0595703125,15492.3701171875,15580.2802734375,2664900
2023-03-03,15608.419921875,15608.419921875,15713.419921875,15606.849609375,15621.3603515625,3025100
2023-03-06,15763.509765625,15763.509765625,15818.8798828125,15675.2802734375,15675.2802734375,3095600
2023-03-07,15857.8896484375,15857.8896484375,15879.16015625,15749.0400390625,15763.8701171875,2944000
2023-03-08,15818.2001953125,15818.2001953125,15821.490234375,15740.98046875,15819.1796875,3091600
2023-03-09,15770.66015625,15770.66015625,15878.75,15770.66015625,15827.98046875,3556200
2023-03-10,15526.2001953125,15526.2001953125,15729.2900390625,15488.7099609375,15729.2900390625,3932200
2023-03-13,15560.490234375,15560.490234375,15571.169921875,15349.669921875,15514.0302734375,3141600
2023-03-14,15360.419921875,15360.419921875,15517.740234375,15348.1201171875,15517.740234375,3097800
2023-03-15,15387.58984375,15387.58984375,15526.73046875,15387.58984375,15425.990234375,2998000
2023-03-16,15221.1201171875,15221.1201171875,15334.25,15186.740234375,15334.25,3443900
2023-03-17,15452.9599609375,15452.9599609375,15452.9599609375,15337.9697265625,15337.9697265625,3434700
2023-03-20,15419.9697265625,15419.9697265625,15488.98046875,15399.0703125,15454.75,2433600
2023-03-21,15513.4501953125,15513.4501953125,15547.9697265625,15437.9501953125,15437.9501953125,2773500
2023-03-22,15760.4599609375,15760.4599609375,15760.4599609375,15535.169921875,15535.169921875,2773200
2023-03-23,15863.9501953125,15863.9501953125,15882.75,15680.83984375,15711.599609375,2652800
2023-03-24,15914.7001953125,15914.7001953125,15921.9697265625,15845.990234375,15869.83984375,2914300
2023-03-27,15830.3095703125,15830.3095703125,15902.0595703125,15821.6298828125,15873.669921875,2706800
2023-03-28,15701.48046875,15701.48046875,15846.5400390625,15685.58984375,15790.7001953125,2545400
2023-03-29,15769.759765625,15769.759765625,15811.2001953125,15681.099609375,15766.2900390625,2376300
2023-03-30,15849.4296875,15849.4296875,15885.2099609375,15791.75,15824.650390625,2266900
2023-03-31,15868.0595703125,15868.0595703125,15951.7998046875,15857.1904296875,15874.1904296875,2440300
2023-04-06,15810.76953125,15810.76953125,15838.0703125,15733.2900390625,15838.0703125,2513500
2023-04-07,15836.5,15836.5,15877.990234375,15811.1904296875,15856.1904296875,2199900
2023-04-10,15876.169921875,15876.169921875,15919.759765625,15850.9404296875,15850.9404296875,2220400
2023-04-11,15913.8798828125,15913.8798828125,15945.6298828125,15838.099609375,15886.4599609375,2744200
2023-04-12,15932.9697265625,15932.9697265625,15944.3203125,15867.01953125,15914.150390625,3138100
2023-04-13,15804.759765625,15804.759765625,15913.2001953125,15800.419921875,15888.6298828125,3825100
2023-04-14,15929.4296875,15929.4296875,15973.8203125,15854.25,15854.25,3492400
2023-04-17,15963.5498046875,15963.5498046875,15963.5498046875,15894.76953125,15934.6396484375,3396900
2023-04-18,15869.4404296875,15869.4404296875,15967.8896484375,15851.7099609375,15967.8896484375,3344600
2023-04-19,15770.4697265625,15770.4697265625,15915.3896484375,15756.75,15874.650390625,3554800
2023-04-20,15707.51953125,15707.51953125,15804.3798828125,15686.5400390625,15771.4501953125,3170900
2023-04-21,15602.990234375,15602.990234375,15802.9296875,15592.9599609375,15776.5400390625,3512500
2023-04-24,15626.8701171875,15626.8701171875,15643.8603515625,15529.3896484375,15555.099609375,2474500
2023-04-25,15370.73046875,15370.73046875,15639.490234375,15353.2197265625,15606.830078125,3449300
2023-04-26,15374.6298828125,15374.6298828125,15398.400390625,15284.4599609375,15352.0302734375,2745800
2023-04-27,15411.490234375,15411.490234375,15455.8798828125,15306.6904296875,15374.3896484375,2616700
2023-04-28,15579.1796875,15579.1796875,15580.6298828125,15477.33984375,15477.33984375,2999300
2023-05-02,15636.48046875,15636.48046875,15651.23046875,15532.6298828125,15588.6796875,2915700
2023-05-03,15553.41015625,15553.41015625,15629.509765625,15530.7900390625,15629.509765625,2511600
2023-05-04,15609.0302734375,15609.0302734375,15622.41015625,15523.5,15548.01953125,2461600
2023-05-05,15626.0703125,15626.0703125,15673.6201171875,15578.669921875,15627.9296875,2294100
2023-05-08,15699.5703125,15699.5703125,15757.7998046875,15648.5400390625,15648.5400390625,2829600
2023-05-09,15727.7001953125,15727.7001953125,15744.26953125,15635.900390625,15702.259765625,2864700
2023-05-10,15641.759765625,15641.759765625,15711.3896484375,15579.490234375,15708.48046875,2366700
2023-05-11,15514.6396484375,15514.6396484375,15675.3701171875,15501.580078125,15666.490234375,2769100
2023-05-12,15502.3603515625,15502.3603515625,15545.990234375,15424.419921875,15477.1201171875,2711900
2023-05-15,15475.0498046875,15475.0498046875,15510.08984375,15434.51953125,15489.1796875,2444700
2023-05-16,15673.900390625,15673.900390625,15723.9501953125,15550.5703125,15550.5703125,2617800
2023-05-17,15925.2900390625,15925.2900390625,15961.9697265625,15698.6298828125,15702.740234375,3099200
2023-05-18,16101.8798828125,16101.8798828125,16128.7197265625,16015.6201171875,16060.259765625,3379800
2023-05-19,16174.919921875,16174.919921875,16189.8095703125,16099.900390625,16146.2900390625,3955600
2023-05-22,16180.8896484375,16180.8896484375,16202.919921875,16131.5498046875,16168.740234375,3311200
2023-05-23,16188.0302734375,16188.0302734375,16239.5,16121.4501953125,16186.150390625,3041900
2023-05-24,16159.3203125,16159.3203125,16186.6201171875,16070.16015625,16186.6201171875,2938400
2023-05-25,16292.0,16292.0,16323.76953125,16163.9501953125,16163.9501953125,3551900
2023-05-26,16505.05078125,16505.05078125,16537.7890625,16457.740234375,16509.140625,3981600
2023-05-29,16636.30078125,16636.30078125,16683.759765625,16597.380859375,16610.859375,3879200
2023-05-30,16622.740234375,16622.740234375,16681.189453125,16579.130859375,16648.76953125,3645500
2023-05-31,16578.9609375,16578.9609375,16636.650390625,16491.900390625,16593.529296875,5023700
2023-06-01,16512.650390625,16512.650390625,16555.5,16477.4296875,16511.0,3888600
2023-06-02,16706.91015625,16706.91015625,16752.19921875,16525.0,16525.0,4585600
2023-06-05,16714.4296875,16714.4296875,16781.189453125,16703.599609375,16714.48046875,4575100
2023-06-06,16761.66015625,16761.66015625,16793.810546875,16699.830078125,16712.98046875,3861900
2023-06-07,16922.48046875,16922.48046875,16922.48046875,16771.759765625,16771.759765625,3721800
2023-06-08,16733.689453125,16733.689453125,16899.509765625,16694.2109375,16864.1796875,3859300
2023-06-09,16886.400390625,16886.400390625,16895.990234375,16775.919921875,16775.919921875,3598000
2023-06-12,16955.369140625,16955.369140625,16999.720703125,16899.490234375,16899.490234375,3731500
2023-06-13,17216.599609375,17216.599609375,17254.9609375,17129.23046875,17135.83984375,3764800
2023-06-14,17238.140625,17238.140625,17259.23046875,17182.1796875,17190.69921875,4290400
2023-06-15,17334.98046875,17334.98046875,17346.3203125,17259.369140625,17259.369140625,4893200
2023-06-16,17288.91015625,17288.91015625,17342.859375,17250.7890625,17342.859375,6203100
2023-06-19,17274.560546875,17274.560546875,17306.810546875,17210.869140625,17274.0703125,4654400
2023-06-20,17184.91015625,17184.91015625,17247.16015625,17121.58984375,17233.80078125,4185300
2023-06-21,17202.400390625,17202.400390625,17246.76953125,17131.44921875,17186.720703125,4354900
2023-06-26,17059.240234375,17059.240234375,17182.48046875,17011.279296875,17182.48046875,3970000
2023-06-27,16887.900390625,16887.900390625,17035.490234375,16887.900390625,17022.150390625,4028700
2023-06-28,16935.630859375,16935.630859375,17011.119140625,16903.7109375,16906.23046875,3256100
2023-06-29,16942.30078125,16942.30078125,17077.439453125,16911.380859375,16930.41015625,3357100
2023-06-30,16915.5390625,16915.5390625,16919.94921875,16792.33984375,16870.26953125,3542500
2023-07-03,17084.19921875,17084.19921875,17103.73046875,16915.5390625,16915.5390625,3930600
2023-07-04,17140.76953125,17140.76953125,17154.099609375,17042.599609375,17084.19921875,4436200
2023-07-05,17056.4296875,17056.4296875,17153.169921875,17020.009765625,17140.76953125,4153400
2023-07-06,16762.169921875,16762.169921875,17056.4296875,16749.2890625,17056.4296875,4369600
2023-07-07,16664.2109375,16664.2109375,16762.390625,16593.83984375,16762.169921875,3783700
2023-07-10,16652.80078125,16652.80078125,16798.810546875,16635.830078125,16664.2109375,3379500
2023-07-11,16898.91015625,16898.91015625,16898.91015625,16675.689453125,16675.689453125,3940800
2023-07-12,16962.029296875,16962.029296875,16962.029296875,16864.009765625,16903.25,4067700
2023-07-13,17061.400390625,17061.400390625,17223.859375,16994.58984375,16994.58984375,4859500
2023-07-14,17283.7109375,17283.7109375,17287.400390625,17128.0703125,17152.810546875,4457500
2023-07-17,17334.2890625,17334.2890625,17346.66015625,17235.919921875,17279.109375,4827400
2023-07-18,17227.91015625,17227.91015625,17401.58984375,17164.919921875,17368.359375,6165200
2023-07-19,17116.439453125,17116.439453125,17340.8203125,17082.5390625,17265.380859375,4897100
2023-07-20,17164.890625,17164.890625,17214.41015625,17098.650390625,17104.91015625,3659100
2023-07-21,17030.69921875,17030.69921875,17106.2890625,16859.130859375,17106.2890625,4256500
2023-07-24,17033.609375,17033.609375,17098.73046875,16941.150390625,17036.7890625,4044800
2023-07-25,17198.890625,17198.890625,17270.19921875,17061.880859375,17061.880859375,3822600
2023-07-26,17162.55078125,17162.55078125,17247.01953125,17121.990234375,17205.470703125,4140400
2023-07-27,17241.8203125,17241.8203125,17282.859375,17189.30078125,17189.30078125,4509600
2023-07-28,17292.9296875,17292.9296875,17328.2109375,17179.939453125,17244.509765625,4184900
2023-07-31,17145.4296875,17145.4296875,17463.759765625,17081.48046875,17341.0390625,5016000
2023-08-01,17212.869140625,17212.869140625,17252.3203125,17095.859375,17141.970703125,3848500
2023-08-02,16893.73046875,16893.73046875,17212.55078125,16844.5703125,17207.220703125,4905400
2023-08-04,16843.6796875,16843.6796875,16887.380859375,16748.509765625,16847.240234375,3836700
2023-08-07,16996.0,16996.0,17032.3203125,16868.740234375,16870.810546875,3358800
2023-08-08,16877.0703125,16877.0703125,17043.560546875,16812.58984375,17006.4609375,3689000
2023-08-09,16870.939453125,16870.939453125,16956.73046875,16798.5,16836.640625,3230500
2023-08-10,16634.69921875,16634.69921875,16827.109375,16601.169921875,16827.109375,3822300
2023-08-11,16601.25,16601.25,16766.83984375,16601.25,16644.650390625,3143400
2023-08-14,16393.66015625,16393.66015625,16585.41015625,16307.2802734375,16585.41015625,3754700
2023-08-15,16454.80078125,16454.80078125,16546.009765625,16437.630859375,16438.630859375,3164800
2023-08-16,16446.779296875,16446.779296875,16446.779296875,16304.4404296875,16422.19921875,3521200
2023-08-17,16516.66015625,16516.66015625,16550.109375,16264.650390625,16411.630859375,3718500
2023-08-18,16381.3095703125,16381.3095703125,16583.94921875,16344.2900390625,16508.4609375,3834000
2023-08-21,16381.490234375,16381.490234375,16485.25,16347.76953125,16414.140625,2647300
2023-08-22,16437.609375,16437.609375,16535.0703125,16407.830078125,16429.689453125,2929100
2023-08-23,16576.900390625,16576.900390625,16588.509765625,16440.390625,16440.390625,3025900
2023-08-24,16770.869140625,16770.869140625,16822.359375,16651.029296875,16651.029296875,3988000
2023-08-25,16481.580078125,16481.580078125,16708.529296875,16481.580078125,16708.529296875,3217200
2023-08-28,16509.259765625,16509.259765625,16582.9609375,16498.859375,16498.859375,3052400
2023-08-29,16623.650390625,16623.650390625,16627.69921875,16495.759765625,16528.490234375,2649500
2023-08-30,16719.8203125,16719.8203125,16780.419921875,16666.330078125,16666.330078125,2979300
2023-08-31,16634.509765625,16634.509765625,16712.220703125,16630.669921875,16707.349609375,3812000
2023-09-01,16644.939453125,16644.939453125,16730.130859375,16619.23046875,16640.919921875,3194100
2023-09-04,16789.689453125,16789.689453125,16789.689453125,16648.509765625,16649.669921875,2734900
2023-09-05,16791.609375,16791.609375,16791.609375,16727.439453125,16784.119140625,2626500
2023-09-06,16738.16015625,16738.16015625,16841.189453125,16732.689453125,16796.369140625,3123200
2023-09-07,16619.140625,16619.140625,16715.44921875,16609.939453125,16715.44921875,2727400
2023-09-08,16576.01953125,16576.01953125,16609.9296875,16505.640625,16609.9296875,2492600
2023-09-11,16432.94921875,16432.94921875,16600.029296875,16398.30078125,16579.830078125,3098400
2023-09-12,16572.7109375,16572.7109375,16579.859375,16422.91015625,16433.8203125,2744800
2023-09-13,16581.509765625,16581.509765625,16653.30078125,16542.720703125,16578.130859375,2656800
2023-09-14,16807.560546875,16807.560546875,16807.560546875,16581.619140625,16581.619140625,3031000
2023-09-15,16920.919921875,16920.919921875,16920.919921875,16787.740234375,16809.740234375,4307600
2023-09-18,16698.240234375,16698.240234375,16893.970703125,16698.240234375,16893.970703125,2642300
2023-09-19,16636.3203125,16636.3203125,16762.51953125,16636.3203125,16706.48046875,2872700
2023-09-20,16534.75,16534.75,16665.26953125,16522.380859375,16626.609375,2959400
2023-09-21,16316.669921875,16316.669921875,16475.419921875,16300.5400390625,16475.419921875,2823600
2023-09-22,16344.48046875,16344.48046875,16360.9599609375,16202.4296875,16267.3203125,2268200
2023-09-25,16452.23046875,16452.23046875,16498.380859375,16345.7802734375,16345.7802734375,2049400
2023-09-26,16276.0703125,16276.0703125,16440.259765625,16276.0703125,16440.259765625,2412200
2023-09-27,16310.3603515625,16310.3603515625,16324.2197265625,16212.8603515625,16273.83984375,2187900
2023-09-28,16353.740234375,16353.740234375,16411.279296875,16311.41015625,16330.7099609375,2477900
2023-10-02,16557.310546875,16557.310546875,16575.310546875,16382.9599609375,16382.9599609375,2669600
2023-10-03,16454.33984375,16454.33984375,16571.66015625,16453.80078125,16520.240234375,2697100
2023-10-04,16273.3798828125,16273.3798828125,16419.48046875,16203.33984375,16419.48046875,2624800
2023-10-05,16453.51953125,16453.51953125,16477.609375,16313.8896484375,16313.8896484375,2503200
2023-10-06,16520.5703125,16520.5703125,16539.130859375,16482.9296875,16482.9296875,2296800
2023-10-11,16672.029296875,16672.029296875,16729.5,16567.4296875,16567.4296875,3635100
2023-10-12,16825.91015625,16825.91015625,16825.91015625,16684.4296875,16698.849609375,2917100
2023-10-13,16782.5703125,16782.5703125,16815.91015625,16726.4296875,16815.91015625,2955800
2023-10-16,16652.240234375,16652.240234375,16712.9296875,16614.099609375,16712.9296875,2843500
2023-10-17,16642.55078125,16642.55078125,16770.640625,16618.30078125,16678.279296875,2965400
2023-10-18,16440.91015625,16440.91015625,16612.25,16398.759765625,16608.01953125,3844900
2023-10-19,16452.73046875,16452.73046875,16479.349609375,16382.400390625,16416.5390625,2608200
2023-10-20,16440.720703125,16440.720703125,16462.560546875,16271.8203125,16434.4296875,3035200
2023-10-23,16251.3603515625,16251.3603515625,16391.41015625,16245.83984375,16391.41015625,2273100
2023-10-24,16309.759765625,16309.759765625,16318.76953125,16163.0,16257.7998046875,2642000
2023-10-25,16358.8896484375,16358.8896484375,16459.33984375,16320.7099609375,16320.7099609375,2667800
2023-10-26,16073.740234375,16073.740234375,16305.16015625,16073.740234375,16305.16015625,2572100
2023-10-27,16134.6103515625,16134.6103515625,16200.2998046875,16112.75,16112.75,2142800
2023-10-30,16149.6796875,16149.6796875,16203.330078125,16101.240234375,16142.0595703125,2250800
2023-10-31,16001.26953125,16001.26953125,16215.349609375,15975.91015625,16176.580078125,2703600
2023-11-01,16038.5595703125,16038.5595703125,16099.0302734375,15978.259765625,16027.7197265625,2183800
2023-11-02,16396.94921875,16396.94921875,16396.94921875,16094.259765625,16094.259765625,2464200
2023-11-03,16507.650390625,16507.650390625,16520.099609375,16412.5390625,16412.5390625,2809400
2023-11-06,16649.359375,16649.359375,16720.560546875,16572.560546875,16572.560546875,2709700
2023-11-07,16684.94921875,16684.94921875,16684.94921875,16608.099609375,16650.140625,2180100
2023-11-08,16740.830078125,16740.830078125,16775.23046875,16665.400390625,16691.3203125,2664300
2023-11-09,16745.650390625,16745.650390625,16759.4296875,16680.91015625,16741.16015625,2433800
2023-11-10,16682.669921875,16682.669921875,16725.939453125,16651.23046875,16725.939453125,2157500
2023-11-13,16839.2890625,16839.2890625,16961.01953125,16711.529296875,16711.529296875,2512400
2023-11-14,16915.7109375,16915.7109375,16946.380859375,16884.51953125,16884.51953125,2619800
2023-11-15,17128.779296875,17128.779296875,17143.880859375,17034.94921875,17039.619140625,3950300
2023-11-16,17171.1796875,17171.1796875,17194.3203125,17089.400390625,17136.51953125,3308400
2023-11-17,17208.94921875,17208.94921875,17253.470703125,17147.560546875,17155.859375,3186300
2023-11-20,17210.470703125,17210.470703125,17219.759765625,17151.8203125,17197.8203125,3044800
2023-11-21,17416.69921875,17416.69921875,17421.169921875,17239.939453125,17239.939453125,3727100
2023-11-22,17310.259765625,17310.259765625,17344.529296875,17264.94921875,17325.599609375,3167500
2023-11-23,17294.55078125,17294.55078125,17343.609375,17228.44921875,17291.330078125,3179200
2023-11-24,17287.419921875,17287.419921875,17336.130859375,17268.380859375,17304.650390625,3037300
2023-11-27,17137.419921875,17137.419921875,17351.9296875,17133.759765625,17291.23046875,3164500
2023-11-28,17341.25,17341.25,17360.380859375,17145.19921875,17150.30078125,3435400
2023-11-29,17370.560546875,17370.560546875,17441.7890625,17323.26953125,17352.109375,3414100
2023-11-30,17433.849609375,17433.849609375,17433.849609375,17313.30078125,17389.19921875,4478400
2023-12-01,17438.349609375,17438.349609375,17450.130859375,17355.890625,17422.349609375,3399000
2023-12-04,17421.48046875,17421.48046875,17516.609375,17398.099609375,17450.640625,3929200
2023-12-05,17328.009765625,17328.009765625,17401.58984375,17252.5703125,17401.58984375,3623500
2023-12-06,17360.720703125,17360.720703125,17439.849609375,17337.470703125,17340.8203125,3307100
2023-12-07,17278.740234375,17278.740234375,17387.939453125,17273.7109375,17356.919921875,3368200
2023-12-08,17383.990234375,17383.990234375,17465.349609375,17309.359375,17309.359375,3155300
2023-12-11,17418.33984375,17418.33984375,17451.8203125,17372.8203125,17416.9609375,3003300
2023-12-12,17450.630859375,17450.630859375,17528.720703125,17404.880859375,17429.609375,3356500
2023-12-13,17468.9296875,17468.9296875,17507.919921875,17438.689453125,17447.509765625,3410000
2023-12-14,17653.109375,17653.109375,17668.349609375,17482.380859375,17482.380859375,4072600
2023-12-15,17673.869140625,17673.869140625,17743.5390625,17642.7890625,17693.330078125,5019300
2023-12-18,17652.029296875,17652.029296875,17665.91015625,17586.880859375,17637.859375,3975400
2023-12-19,17576.55078125,17576.55078125,17669.83984375,17497.3203125,17669.83984375,3914800
2023-12-20,17635.19921875,17635.19921875,17657.650390625,17597.48046875,17608.349609375,4182900
2023-12-21,17543.740234375,17543.740234375,17552.900390625,17442.759765625,17531.44921875,4021800
2023-12-22,17596.630859375,17596.630859375,17618.169921875,17567.55078125,17586.16015625,3700300
2023-12-25,17604.83984375,17604.83984375,17663.349609375,17595.26953125,17596.26953125,3027400
2023-12-26,17751.73046875,17751.73046875,17751.73046875,17619.08984375,17619.08984375,2900000
2023-12-27,17891.5,17891.5,17897.16015625,17766.73046875,17766.73046875,3378000
2023-12-28,17910.369140625,17910.369140625,17928.140625,17841.759765625,17900.759765625,3289700
2023-12-29,17930.810546875,17930.810546875,17945.69921875,17864.23046875,17893.630859375,2868000
2024-01-02,17853.759765625,17853.759765625,17956.740234375,17784.970703125,17939.7890625,3254000
2024-01-03,17559.310546875,17559.310546875,17829.279296875,17518.189453125,17829.279296875,3095000
2024-01-04,17549.650390625,17549.650390625,17609.890625,17515.73046875,17574.390625,3096700
2024-01-05,17519.140625,17519.140625,17606.7890625,17495.390625,17559.400390625,3084900
2024-01-08,17572.66015625,17572.66015625,17688.109375,17534.51953125,17534.51953125,3044600
2024-01-09,17535.490234375,17535.490234375,17694.259765625,17517.55078125,17585.400390625,3213400
2024-01-10,17465.630859375,17465.630859375,17499.4296875,17439.26953125,17495.669921875,2843300
2024-01-11,17545.3203125,17545.3203125,17574.919921875,17476.869140625,17477.880859375,2880100
2024-01-12,17512.830078125,17512.830078125,17570.630859375,17469.869140625,17536.05078125,2596200
2024-01-15,17546.8203125,17546.8203125,17632.76953125,17532.98046875,17541.259765625,0
2024-01-16,17346.869140625,17346.869140625,17523.779296875,17337.580078125,17523.779296875,3415100
2024-01-17,17161.7890625,17161.7890625,17361.05078125,17151.580078125,17341.580078125,3977500
2024-01-18,17227.7890625,17227.7890625,17300.2890625,17169.099609375,17169.099609375,3027100
2024-01-19,17681.51953125,17681.51953125,17682.970703125,17499.849609375,17546.509765625,3364900
2024-01-22,17815.099609375,17815.099609375,17869.0703125,17765.130859375,17770.779296875,3480100
2024-01-23,17874.58984375,17874.58984375,17893.73046875,17801.890625,17840.279296875,3182700
2024-01-24,17875.830078125,17875.830078125,17944.98046875,17856.33984375,17883.619140625,2687500
2024-01-25,18002.619140625,18002.619140625,18014.259765625,17894.830078125,17894.830078125,2496500
2024-01-26,17995.029296875,17995.029296875,18029.849609375,17943.650390625,17985.439453125,2484900
2024-01-29,18119.630859375,18119.630859375,18119.630859375,17995.109375,18001.240234375,2167700
2024-01-30,18034.630859375,18034.630859375,18138.740234375,18034.630859375,18083.44921875,2422700
2024-01-31,17889.560546875,17889.560546875,17996.330078125,17874.94921875,17970.41015625,2303000
2024-02-01,17968.109375,17968.109375,17968.109375,17832.94921875,17871.26953125,2620500
2024-02-02,18059.9296875,18059.9296875,18059.9296875,17985.890625,18016.349609375,2697800
2024-02-05,18096.0703125,18096.0703125,18115.80078125,17992.169921875,18047.400390625,2575800
2024-02-15,18644.5703125,18644.5703125,18725.470703125,18550.859375,18664.44921875,3727500
2024-02-16,18607.25,18607.25,18715.689453125,18585.140625,18639.66015625,3658600
2024-02-19,18635.80078125,18635.80078125,18663.740234375,18561.0390625,18561.0390625,3839600
2024-02-20,18753.16015625,18753.16015625,18756.330078125,18610.2109375,18610.2109375,3375300
2024-02-21,18676.310546875,18676.310546875,18729.029296875,18645.26953125,18673.490234375,3295300
2024-02-22,18852.779296875,18852.779296875,18881.76953125,18758.150390625,18826.849609375,3580200
2024-02-23,18889.189453125,18889.189453125,19012.380859375,18889.189453125,18950.0703125,3696800
2024-02-26,18948.05078125,18948.05078125,18974.080078125,18854.7109375,18899.390625,3220600
2024-02-27,18854.41015625,18854.41015625,19023.009765625,18752.529296875,18964.490234375,3784600
2024-02-29,18966.76953125,18966.76953125,19019.689453125,18794.619140625,18796.5390625,3892000
2024-03-01,18935.9296875,18935.9296875,19041.919921875,18923.4609375,19021.349609375,3350500
2024-03-04,19305.310546875,19305.310546875,19333.390625,18952.689453125,18952.689453125,4014800
2024-03-05,19386.919921875,19386.919921875,19453.849609375,19332.73046875,19398.970703125,3826500
2024-03-06,19499.44921875,19499.44921875,19532.30078125,19246.30078125,19283.609375,3886200
2024-03-07,19693.51953125,19693.51953125,19794.5703125,19630.7890625,19678.359375,4581400
2024-03-08,19785.3203125,19785.3203125,20065.5,19638.130859375,19966.490234375,4903500
2024-03-11,19726.080078125,19726.080078125,19828.69921875,19649.669921875,19671.900390625,3536700
2024-03-12,19914.55078125,19914.55078125,19917.060546875,19664.7109375,19672.759765625,4044500
2024-03-13,19928.509765625,19928.509765625,20112.810546875,19866.73046875,20024.830078125,4854900
2024-03-14,19937.919921875,19937.919921875,19995.509765625,19775.5,19920.630859375,4476200
2024-03-15,19682.5,19682.5,19888.130859375,19682.5,19845.44921875,5186200
2024-03-18,19879.849609375,19879.849609375,19879.859375,19706.109375,19706.109375,3761200
2024-03-19,19857.19921875,19857.19921875,19921.25,19762.16015625,19798.119140625,4061600
2024-03-20,19784.44921875,19784.44921875,19994.419921875,19728.4296875,19879.25,4499200
2024-03-21,20199.08984375,20199.08984375,20199.30078125,19843.80078125,19843.80078125,4424400
2024-03-22,20228.4296875,20228.4296875,20296.099609375,20084.310546875,20232.060546875,4690300
2024-03-25,20192.25,20192.25,20285.380859375,20172.80078125,20228.640625,3611700
2024-03-26,20126.490234375,20126.490234375,20397.0703125,19977.400390625,20208.880859375,4582900
2024-03-27,20200.119140625,20200.119140625,20255.099609375,20108.9609375,20158.0703125,3865800
2024-03-28,20146.55078125,20146.55078125,20222.19921875,20065.9296875,20213.33984375,4294000
2024-03-29,20294.44921875,20294.44921875,20335.919921875,20156.33984375,20156.33984375,4231500
2024-04-01,20222.330078125,20222.330078125,20387.23046875,20217.580078125,20319.73046875,3144500
2024-04-02,20466.5703125,20466.5703125,20466.5703125,20359.810546875,20359.810546875,3410300
2024-04-03,20337.599609375,20337.599609375,20403.73046875,20269.66015625,20388.83984375,3449300
2024-04-08,20417.69921875,20417.69921875,20487.830078125,20379.830078125,20395.05078125,3597800
2024-04-09,20796.19921875,20796.19921875,20820.810546875,20521.560546875,20521.560546875,4638900
2024-04-10,20763.529296875,20763.529296875,20883.689453125,20763.529296875,20789.419921875,4529300
2024-04-11,20753.220703125,20753.220703125,20770.830078125,20651.880859375,20713.25,4546200
2024-04-12,20736.5703125,20736.5703125,20825.0390625,20713.869140625,20772.7890625,4725000
2024-04-15,20449.76953125,20449.76953125,20623.76953125,20449.76953125,20586.529296875,4754200
2024-04-16,19901.9609375,19901.9609375,20365.109375,19844.5390625,20365.109375,5377200
2024-04-17,20213.330078125,20213.330078125,20264.990234375,19986.619140625,19986.619140625,3987800
2024-04-18,20301.19921875,20301.19921875,20363.08984375,20057.810546875,20126.5703125,4862300
2024-04-19,19527.119140625,19527.119140625,19992.060546875,19291.880859375,19992.060546875,7130900
2024-04-22,19411.220703125,19411.220703125,19695.490234375,19395.310546875,19466.439453125,5729000
2024-04-23,19599.279296875,19599.279296875,19709.0,19509.740234375,19564.380859375,4097700
2024-04-24,20131.740234375,20131.740234375,20165.76953125,19770.4609375,19770.4609375,4696300
2024-04-25,19857.419921875,19857.419921875,20003.0,19848.5703125,20003.0,3809400
2024-04-26,20120.509765625,20120.509765625,20226.2890625,20087.609375,20094.169921875,4713100
2024-04-29,20495.51953125,20495.51953125,20495.51953125,20235.9296875,20235.9296875,5508500
2024-04-30,20396.599609375,20396.599609375,20559.970703125,20396.599609375,20508.48046875,4326200
2024-05-02,20222.439453125,20222.439453125,20360.669921875,20222.439453125,20360.669921875,4720400
2024-05-03,20330.3203125,20330.3203125,20521.490234375,20272.33984375,20381.98046875,4752500
2024-05-06,20523.310546875,20523.310546875,20639.900390625,20479.80078125,20479.80078125,4590100
2024-05-07,20653.529296875,20653.529296875,20689.189453125,20493.80078125,20634.619140625,4547600
2024-05-08,20700.509765625,20700.509765625,20700.509765625,20547.48046875,20604.1796875,4479700
2024-05-09,20560.76953125,20560.76953125,20754.609375,20560.76953125,20710.05078125,4326400
2024-05-10,20708.83984375,20708.83984375,20765.8203125,20574.009765625,20582.119140625,5206400
2024-05-13,20857.7109375,20857.7109375,20933.279296875,20816.419921875,20905.16015625,4809000
2024-05-14,20985.849609375,20985.849609375,20994.529296875,20816.76953125,20835.94921875,5002300
2024-05-15,21147.2109375,21147.2109375,21308.3203125,20984.69921875,20984.69921875,5100000
2024-05-16,21304.259765625,21304.259765625,21515.51953125,21249.880859375,21319.01953125,5601100
2024-05-17,21258.470703125,21258.470703125,21346.75,21218.33984375,21346.75,5081300
2024-05-20,21271.630859375,21271.630859375,21338.349609375,21102.1796875,21278.380859375,5277600
2024-05-21,21236.75,21236.75,21307.080078125,21131.619140625,21239.259765625,4601200
2024-05-22,21551.830078125,21551.830078125,21567.48046875,21248.990234375,21248.990234375,5382400
2024-05-23,21607.4296875,21607.4296875,21668.83984375,21475.990234375,21668.83984375,5498400
2024-05-24,21565.33984375,21565.33984375,21608.720703125,21381.25,21442.669921875,4233200
2024-05-27,21803.76953125,21803.76953125,21871.33984375,21699.98046875,21699.98046875,4877400
2024-05-28,21858.41015625,21858.41015625,21937.400390625,21812.19921875,21812.19921875,4906000
2024-05-29,21662.5,21662.5,21906.099609375,21662.5,21846.41015625,5223800
2024-05-30,21364.48046875,21364.48046875,21558.359375,21364.240234375,21481.390625,4495700
2024-05-31,21174.220703125,21174.220703125,21539.029296875,21174.220703125,21400.830078125,7171300
2024-06-03,21536.759765625,21536.759765625,21612.5390625,21372.080078125,21388.7109375,4756500
2024-06-04,21356.619140625,21356.619140625,21529.98046875,21308.970703125,21513.849609375,4858900
2024-06-05,21484.880859375,21484.880859375,21510.859375,21264.630859375,21385.0,4124900
2024-06-06,21902.69921875,21902.69921875,21970.630859375,21847.6796875,21856.130859375,4777500
2024-06-07,21858.380859375,21858.380859375,21920.849609375,21823.619140625,21823.619140625,4981400
2024-06-11,21792.119140625,21792.119140625,22003.7109375,21792.119140625,21984.419921875,5291900
2024-06-12,22048.9609375,22048.9609375,22094.939453125,21841.810546875,21841.810546875,4372000
2024-06-13,22312.0390625,22312.0390625,22440.099609375,22211.080078125,22217.640625,4207100
2024-06-14,22504.720703125,22504.720703125,22504.720703125,22252.01953125,22311.9296875,4357100
2024-06-17,22496.529296875,22496.529296875,22567.33984375,22431.259765625,22468.109375,4253400
2024-06-18,22757.4296875,22757.4296875,22787.669921875,22642.939453125,22690.33984375,4284500
2024-06-19,23209.5390625,23209.5390625,23275.30078125,22858.44921875,22858.44921875,5033100
2024-06-20,23406.099609375,23406.099609375,23406.099609375,23180.69921875,23196.689453125,4446000
2024-06-21,23253.390625,23253.390625,23351.169921875,23151.150390625,23193.900390625,6457400
2024-06-24,22813.69921875,22813.69921875,23131.6796875,22813.69921875,23124.310546875,5094100
2024-06-25,22875.970703125,22875.970703125,22875.970703125,22503.0,22695.150390625,4386700
2024-06-26,22986.689453125,22986.689453125,23074.740234375,22893.75,22938.5703125,4289300
2024-06-27,22905.98046875,22905.98046875,22922.560546875,22765.16015625,22859.9296875,4535700
2024-06-28,23032.25,23032.25,23142.400390625,22896.720703125,22896.720703125,4348300
2024-07-01,23058.5703125,23058.5703125,23187.880859375,23015.169921875,23042.69921875,4294900
2024-07-02,22879.369140625,22879.369140625,23041.900390625,22833.779296875,23012.740234375,5034500
2024-07-03,23172.4296875,23172.4296875,23172.4296875,22994.279296875,23009.8203125,5720700
2024-07-04,23522.529296875,23522.529296875,23571.8203125,23360.880859375,23360.880859375,5361000
2024-07-05,23556.58984375,23556.58984375,23628.859375,23491.7890625,23532.009765625,5319900
2024-07-08,23878.150390625,23878.150390625,24011.640625,23505.859375,23550.640625,5644800
2024-07-09,23900.080078125,23900.080078125,24126.66015625,23607.919921875,23888.19921875,6353500
2024-07-10,24007.080078125,24007.080078125,24040.609375,23682.490234375,23744.880859375,5510500
2024-07-11,24390.029296875,24390.029296875,24416.669921875,24151.80078125,24242.029296875,5761800
2024-07-12,23916.9296875,23916.9296875,24045.73046875,23774.220703125,23955.669921875,6056600
2024-07-15,23879.359375,23879.359375,24018.310546875,23759.509765625,23927.91015625,5209800
2024-07-16,23997.25,23997.25,24174.1796875,23861.76953125,23880.330078125,4762100
2024-07-17,23769.8203125,23769.8203125,23993.6796875,23650.939453125,23827.26953125,6025100
2024-07-18,23398.470703125,23398.470703125,23450.91015625,23148.740234375,23373.009765625,5618700
2024-07-19,22869.259765625,22869.259765625,23235.8203125,22865.83984375,23228.0390625,5435600
2024-07-22,22256.990234375,22256.990234375,22818.859375,22130.880859375,22818.859375,5194300
2024-07-23,22871.83984375,22871.83984375,22871.83984375,22514.75,22514.75,3915800
2024-07-26,22119.2109375,22119.2109375,22206.9296875,21889.609375,22206.9296875,4132300
2024-07-29,22164.490234375,22164.490234375,22471.400390625,22128.140625,22321.369140625,3920300
2024-07-30,22223.5703125,22223.5703125,22276.390625,21833.849609375,22040.0390625,3659100
2024-07-31,22199.349609375,22199.349609375,22315.310546875,22046.2890625,22088.779296875,3673200
2024-08-01,22642.099609375,22642.099609375,22652.2109375,22465.060546875,22546.400390625,4149100
2024-08-02,21638.08984375,21638.08984375,22141.19921875,21636.220703125,22141.19921875,4570100
2024-08-05,19830.880859375,19830.880859375,20982.919921875,19783.5,20982.919921875,6413800
2024-08-06,20501.01953125,20501.01953125,20751.5,19662.740234375,20344.390625,6051700
2024-08-07,21295.279296875,21295.279296875,21306.23046875,20638.279296875,20638.279296875,3982300
2024-08-08,20870.099609375,20870.099609375,21074.189453125,20723.259765625,21047.16015625,3746500
2024-08-09,21469.0,21469.0,21613.759765625,21212.0,21212.0,4426600
2024-08-12,21773.259765625,21773.259765625,21897.98046875,21598.9296875,21598.9296875,3821500
2024-08-13,21796.5703125,21796.5703125,21866.630859375,21698.470703125,21816.0703125,3389300
2024-08-14,22027.25,22027.25,22155.2890625,21942.220703125,21952.029296875,3955900
2024-08-15,21895.169921875,21895.169921875,22089.0390625,21895.169921875,22005.689453125,3151800
2024-08-16,22349.330078125,22349.330078125,22374.939453125,22114.720703125,22114.720703125,3855200
2024-08-19,22409.630859375,22409.630859375,22485.91015625,22307.169921875,22338.830078125,3122100
2024-08-20,22429.099609375,22429.099609375,22545.890625,22369.25,22464.0703125,3871600
2024-08-21,22237.890625,22237.890625,22358.880859375,22165.8203125,22316.779296875,4134900
2024-08-22,22148.830078125,22148.830078125,22315.919921875,22096.259765625,22254.58984375,3019700
2024-08-23,22158.05078125,22158.05078125,22159.26953125,21935.98046875,22042.58984375,4275900
2024-08-26,22240.119140625,22240.119140625,22449.44921875,22164.529296875,22250.490234375,4880500
2024-08-27,22185.0,22185.0,22205.109375,22059.509765625,22179.2109375,3660500
2024-08-28,22370.66015625,22370.66015625,22370.66015625,22108.859375,22210.5703125,3293800
2024-08-29,22201.849609375,22201.849609375,22273.619140625,22010.890625,22136.310546875,3416000
2024-08-30,22268.08984375,22268.08984375,22342.25,22230.0703125,22230.0703125,4245800
2024-09-02,22235.099609375,22235.099609375,22439.310546875,22178.0390625,22341.900390625,2928000
2024-09-03,22092.2109375,22092.2109375,22303.5,22092.2109375,22240.109375,2936800
2024-09-04,21092.75,21092.75,21574.650390625,20922.169921875,21574.650390625,4571100
2024-09-05,21187.7109375,21187.7109375,21488.810546875,21150.990234375,21271.08984375,3353700
2024-09-06,21435.189453125,21435.189453125,21461.7109375,21125.140625,21255.44921875,2587200
2024-09-09,21144.439453125,21144.439453125,21163.91015625,20922.509765625,21127.810546875,2944600
2024-09-10,21064.080078125,21064.080078125,21324.4296875,20977.0,21252.5703125,3118200
2024-09-11,21031.0,21031.0,21134.05078125,21031.0,21089.1796875,2863800
2024-09-12,21653.25,21653.25,21706.849609375,21373.640625,21373.640625,3050300
2024-09-13,21759.650390625,21759.650390625,21796.390625,21643.220703125,21754.359375,2514700
2024-09-16,21850.080078125,21850.080078125,21854.740234375,21736.69921875,21800.0,2823700
2024-09-18,21678.83984375,21678.83984375,21859.16015625,21584.630859375,21813.5390625,3989100
2024-09-19,22042.689453125,22042.689453125,22042.689453125,21656.66015625,21675.400390625,3393700
2024-09-20,22159.419921875,22159.419921875,22354.5390625,22136.529296875,22246.240234375,5085000
2024-09-23,22285.529296875,22285.529296875,22307.4609375,22170.939453125,22170.939453125,3582300
2024-09-24,22431.779296875,22431.779296875,22431.779296875,22154.55078125,22273.7890625,3517800
2024-09-25,22761.599609375,22761.599609375,22785.3203125,22569.2890625,22569.2890625,4014100
2024-09-26,22858.810546875,22858.810546875,22961.76953125,22769.240234375,22841.419921875,3923400
2024-09-27,22822.7890625,22822.7890625,23079.2109375,22806.830078125,22978.970703125,4104100
2024-09-30,22224.5390625,22224.5390625,22691.23046875,22224.5390625,22643.91015625,3569300
2024-10-01,22390.390625,22390.390625,22446.859375,22311.330078125,22329.650390625,2789600
2024-10-04,22302.7109375,22302.7109375,22493.05078125,22193.5,22459.099609375,3632200
2024-10-07,22702.560546875,22702.560546875,22719.0703125,22479.240234375,22479.240234375,3508600
2024-10-08,22611.390625,22611.390625,22691.3203125,22418.380859375,22691.3203125,3557200
2024-10-09,22659.080078125,22659.080078125,22885.94921875,22637.169921875,22637.169921875,3670800
2024-10-11,22901.640625,22901.640625,23011.109375,22726.189453125,22726.189453125,3012500
2024-10-14,22975.2890625,22975.2890625,23015.55078125,22799.140625,22947.3203125,2706500
2024-10-15,23292.0390625,23292.0390625,23353.91015625,23082.060546875,23083.69921875,3579700
2024-10-16,23010.98046875,23010.98046875,23258.51953125,22866.73046875,22990.640625,3698000
2024-10-17,23053.83984375,23053.83984375,23191.7890625,22950.69921875,23114.2109375,3263300
2024-10-18,23487.26953125,23487.26953125,23713.69921875,23378.359375,23620.5703125,3775600
2024-10-21,23542.529296875,23542.529296875,23678.509765625,23480.060546875,23602.98046875,3005000
2024-10-22,23535.4296875,23535.4296875,23535.4296875,23269.859375,23428.109375,3046700
2024-10-23,23334.759765625,23334.759765625,23486.44921875,23318.83984375,23402.240234375,3039000
2024-10-24,23192.51953125,23192.51953125,23446.640625,23150.76953125,23446.640625,3322300
2024-10-25,23348.44921875,23348.44921875,23388.529296875,23222.76953125,23255.0703125,2744200
2024-10-28,23198.0703125,23198.0703125,23547.119140625,23164.419921875,23455.689453125,2880000
2024-10-29,22926.58984375,22926.58984375,23056.5703125,22711.099609375,23048.44921875,2933400
2024-10-30,22820.4296875,22820.4296875,23116.330078125,22801.44921875,22985.130859375,2981400
2024-11-01,22780.080078125,22780.080078125,22828.98046875,22231.939453125,22438.9296875,3569900
2024-11-04,22965.390625,22965.390625,23020.990234375,22792.76953125,22839.1796875,2715900
2024-11-05,23106.7890625,23106.7890625,23178.80078125,22849.830078125,22870.109375,2872200
2024-11-06,23217.380859375,23217.380859375,23439.390625,23035.30078125,23112.94921875,3163400
2024-11-07,23408.8203125,23408.8203125,23518.630859375,23132.939453125,23180.009765625,3751300
2024-11-08,23553.890625,23553.890625,23699.69921875,23509.130859375,23608.109375,3635500
2024-11-11,23529.640625,23529.640625,23563.80078125,23306.66015625,23477.75,3158800
2024-11-12,22981.76953125,22981.76953125,23276.759765625,22981.76953125,23276.759765625,3983600
2024-11-13,22860.23046875,22860.23046875,23046.470703125,22860.23046875,22894.91015625,3491500
2024-11-14,22715.380859375,22715.380859375,22893.8203125,22619.7109375,22821.0390625,3593400
2024-11-15,22742.76953125,22742.76953125,22940.80078125,22690.76953125,22767.109375,3823100
2024-11-18,22546.5390625,22546.5390625,22781.76953125,22503.689453125,22693.9609375,3431100
2024-11-19,22848.80078125,22848.80078125,22906.689453125,22578.75,22614.740234375,3689400
2024-11-20,22688.359375,22688.359375,22977.560546875,22622.470703125,22872.91015625,3757700
2024-11-21,22555.66015625,22555.66015625,22708.5703125,22490.279296875,22671.66015625,3395800
2024-11-22,22904.3203125,22904.3203125,23019.0390625,22799.529296875,22799.529296875,3505100
2024-11-25,22948.369140625,22948.369140625,23172.4296875,22948.369140625,22996.05078125,5048900
2024-11-26,22678.759765625,22678.759765625,22832.109375,22645.130859375,22789.599609375,2985600
2024-11-27,22334.779296875,22334.779296875,22743.990234375,22334.779296875,22665.580078125,3577000
2024-11-28,22298.900390625,22298.900390625,22413.25,22124.310546875,22380.44921875,3123400
2024-11-29,22262.5,22262.5,22429.859375,22055.380859375,22202.279296875,2801000
2024-12-02,22736.9296875,22736.9296875,22802.529296875,22456.5,22456.5,2812700
2024-12-03,23027.4609375,23027.4609375,23144.779296875,22972.30078125,22972.30078125,3099500
2024-12-04,23255.330078125,23255.330078125,23255.330078125,23034.69921875,23126.080078125,2836900
2024-12-05,23267.939453125,23267.939453125,23387.169921875,23225.310546875,23308.2890625,2847600
2024-12-06,23193.26953125,23193.26953125,23361.119140625,23137.619140625,23278.6796875,2954100
2024-12-09,23273.25,23273.25,23325.990234375,23172.220703125,23287.7890625,3209600
2024-12-10,23125.080078125,23125.080078125,23329.009765625,23071.4296875,23228.259765625,2908900
2024-12-11,22903.630859375,22903.630859375,23108.359375,22880.5703125,23108.359375,2760300
2024-12-12,23046.80078125,23046.80078125,23189.2890625,23030.48046875,23050.640625,3059200
2024-12-13,23020.48046875,23020.48046875,23097.51953125,22920.83984375,23002.369140625,3046000
2024-12-16,23039.900390625,23039.900390625,23264.400390625,22959.91015625,23207.2109375,3188400
2024-12-17,23018.009765625,23018.009765625,23223.509765625,23018.009765625,23131.5703125,3429100
2024-12-18,23168.669921875,23168.669921875,23211.169921875,22934.58984375,23014.4296875,3298300
2024-12-19,22932.25,22932.25,22947.560546875,22743.30078125,22947.560546875,3445900
2024-12-20,22510.25,22510.25,22845.58984375,22510.25,22798.390625,4683900
2024-12-23,23104.5390625,23104.5390625,23132.25,22811.560546875,22811.560546875,3504100
2024-12-24,23120.240234375,23120.240234375,23326.25,23120.240234375,23260.740234375,3344300
2024-12-25,23220.130859375,23220.130859375,23296.359375,23159.359375,23226.349609375,3073700
2024-12-26,23246.939453125,23246.939453125,23320.619140625,23241.939453125,23276.080078125,2941300
2024-12-27,23275.6796875,23275.6796875,23335.66015625,23204.349609375,23251.279296875,2416800
2024-12-30,23190.19921875,23190.19921875,23331.669921875,23159.69921875,23274.259765625,2483600
2024-12-31,23035.099609375,23035.099609375,23123.9609375,22972.990234375,23094.0703125,2572400
2025-01-02,22832.060546875,22832.060546875,23038.080078125,22713.630859375,22975.7109375,3148600
2025-01-03,22908.30078125,22908.30078125,23092.0703125,22905.400390625,23018.560546875,2828200
2025-01-06,23547.7109375,23547.7109375,23553.2890625,23131.7890625,23131.7890625,2957500
2025-01-07,23651.26953125,23651.26953125,23943.94921875,23651.26953125,23824.720703125,3207900
2025-01-08,23407.330078125,23407.330078125,23671.279296875,23388.630859375,23522.2890625,2606700
2025-01-09,23081.130859375,23081.130859375,23463.9609375,23081.130859375,23406.720703125,3399500
2025-01-10,23011.859375,23011.859375,23202.25,22989.669921875,23067.4609375,2979400
2025-01-13,22488.330078125,22488.330078125,23070.3203125,22458.220703125,23070.3203125,3544500
2025-01-14,22797.51953125,22797.51953125,22797.51953125,22542.9296875,22573.9609375,2319000
2025-01-15,22514.5703125,22514.5703125,22777.33984375,22509.650390625,22757.4609375,2359800
2025-01-16,23025.099609375,23025.099609375,23147.689453125,22817.51953125,22817.51953125,2497000
2025-01-17,23148.080078125,23148.080078125,23209.880859375,22905.529296875,23190.119140625,2465000
2025-01-20,23266.8203125,23266.8203125,23346.640625,23176.4296875,23203.470703125,2168200
2025-01-21,23300.009765625,23300.009765625,23377.640625,23174.01953125,23266.8203125,0
2025-01-22,23525.41015625,23525.41015625,23642.080078125,23472.669921875,23472.669921875,2695000
2025-02-03,22694.7109375,22694.7109375,22796.7109375,22502.19921875,22796.7109375,3428900
2025-02-04,22793.9609375,22793.9609375,22934.310546875,22720.619140625,22836.26953125,2990000
2025-02-05,23161.580078125,23161.580078125,23249.330078125,22916.380859375,22916.380859375,2482200
2025-02-06,23316.599609375,23316.599609375,23348.419921875,23216.650390625,23226.5,2400700
2025-02-07,23478.26953125,23478.26953125,23478.26953125,23254.169921875,23289.970703125,2672200
2025-02-10,23252.140625,23252.140625,23448.16015625,23163.849609375,23421.76953125,2706000
2025-02-11,23384.05078125,23384.05078125,23485.509765625,23289.759765625,23321.919921875,2956500
2025-02-12,23289.75,23289.75,23528.609375,23289.75,23449.310546875,3159400
2025-02-13,23399.41015625,23399.41015625,23413.099609375,23206.44921875,23263.279296875,3604700
2025-02-14,23152.609375,23152.609375,23276.240234375,23142.94921875,23198.390625,3818900
2025-02-17,23505.330078125,23505.330078125,23510.6796875,23242.83984375,23258.169921875,3408200
2025-02-18,23666.109375,23666.109375,23666.109375,23454.08984375,23550.5,3038600
2025-02-19,23604.080078125,23604.080078125,23683.4609375,23550.990234375,23589.439453125,3534600
2025-02-20,23487.4609375,23487.4609375,23576.7109375,23400.75,23530.970703125,3563200
2025-02-21,23730.25,23730.25,23732.580078125,23488.419921875,23526.130859375,3518400
2025-02-24,23565.310546875,23565.310546875,23605.220703125,23461.4296875,23573.80078125,3211200
2025-02-25,23285.720703125,23285.720703125,23376.419921875,23209.529296875,23376.419921875,3717900
2025-02-26,23402.55078125,23402.55078125,23431.240234375,23156.01953125,23221.83984375,3362900
2025-02-27,23053.1796875,23053.1796875,23487.73046875,23053.1796875,23446.4609375,5093000
2025-03-03,22756.25,22756.25,22775.01953125,22611.099609375,22734.05078125,3324900
2025-03-04,22596.880859375,22596.880859375,22700.939453125,22359.5,22508.80078125,3100900
2025-03-05,22871.900390625,22871.900390625,22948.30078125,22757.220703125,22778.859375,3075000
2025-03-06,22715.4296875,22715.4296875,22979.970703125,22715.4296875,22930.109375,2851500
2025-03-07,22576.0703125,22576.0703125,22747.109375,22542.080078125,22696.23046875,2987500
2025-03-10,22459.150390625,22459.150390625,22641.25,22407.5703125,22548.98046875,3078100
2025-03-11,22071.08984375,22071.08984375,22140.390625,21769.5703125,22126.060546875,3604700
2025-03-12,22278.359375,22278.359375,22391.470703125,22153.609375,22171.099609375,3159800
2025-03-13,21961.6796875,21961.6796875,22552.4296875,21961.6796875,22403.33984375,3666300
2025-03-14,21968.05078125,21968.05078125,22074.029296875,21895.900390625,21986.810546875,3373300
2025-03-17,22118.630859375,22118.630859375,22306.830078125,22110.080078125,22137.529296875,2961500
2025-03-18,22271.669921875,22271.669921875,22327.099609375,22186.419921875,22204.619140625,2652000
2025-03-19,21960.830078125,21960.830078125,22247.66015625,21942.689453125,22245.419921875,2916300
2025-03-20,22377.259765625,22377.259765625,22377.259765625,22171.0,22171.0,2626000
2025-03-21,22209.099609375,22209.099609375,22366.94921875,22200.23046875,22362.380859375,3597700
2025-03-24,22106.640625,22106.640625,22380.73046875,22106.640625,22348.380859375,2651400
2025-03-25,22273.189453125,22273.189453125,22414.01953125,22228.6796875,22269.369140625,2553000
2025-03-26,22260.2890625,22260.2890625,22398.119140625,22235.890625,22327.609375,2295800
2025-03-27,21951.759765625,21951.759765625,22093.19921875,21919.400390625,22093.19921875,2674800
2025-03-28,21602.890625,21602.890625,21836.16015625,21525.05078125,21836.16015625,3242700
2025-03-31,20695.900390625,20695.900390625,21254.630859375,20695.900390625,21254.630859375,4034100
2025-04-01,21280.169921875,21280.169921875,21315.51953125,20884.529296875,20884.529296875,2753300
2025-04-02,21298.220703125,21298.220703125,21390.51953125,21235.990234375,21313.76953125,2300200
2025-04-07,19232.349609375,19232.349609375,20153.5703125,19212.01953125,20153.5703125,1558900
2025-04-08,18459.94921875,18459.94921875,19064.470703125,18180.48046875,19064.470703125,5839900
2025-04-09,17391.759765625,17391.759765625,18371.51953125,17306.970703125,18337.439453125,6177900
2025-04-10,19000.029296875,19000.029296875,19024.470703125,18256.470703125,18256.470703125,2659600
2025-04-11,19528.76953125,19528.76953125,19528.76953125,18418.19921875,18772.5,4766500
2025-04-14,19513.08984375,19513.08984375,20023.630859375,19508.9296875,19686.6796875,4176300
2025-04-15,19857.669921875,19857.669921875,19895.4296875,19576.150390625,19609.900390625,2866400
2025-04-16,19468.0,19468.0,19737.08984375,19453.140625,19737.08984375,2805300
2025-04-17,19338.73046875,19338.73046875,19478.0,19196.470703125,19389.51953125,2300500
2025-04-18,19395.029296875,19395.029296875,19499.279296875,19376.349609375,19423.98046875,2123700
2025-04-21,19106.19921875,19106.19921875,19359.9609375,19080.599609375,19321.140625,2325500
2025-04-22,18793.4296875,18793.4296875,19059.650390625,18793.4296875,18990.859375,2526000
2025-04-23,19639.140625,19639.140625,19639.140625,19163.609375,19163.609375,2694600
2025-04-24,19478.810546875,19478.810546875,19752.58984375,19433.369140625,19752.58984375,2418200
2025-04-25,19872.73046875,19872.73046875,20012.26953125,19861.240234375,19861.240234375,2674500
2025-04-28,20034.41015625,20034.41015625,20073.75,19972.0703125,19972.0703125,2131000
2025-04-29,20232.630859375,20232.630859375,20232.630859375,20007.30078125,20018.3203125,2538500
2025-04-30,20235.029296875,20235.029296875,20331.890625,20185.310546875,20215.390625,2806300
2025-05-02,20787.640625,20787.640625,20787.640625,20534.080078125,20534.080078125,2779300
2025-05-05,20532.990234375,20532.990234375,20885.5390625,20320.80078125,20839.0390625,3929000
2025-05-06,20522.58984375,20522.58984375,20623.849609375,20349.560546875,20353.880859375,3091500
2025-05-07,20546.490234375,20546.490234375,20685.279296875,20418.029296875,20575.150390625,2681400
2025-05-08,20543.400390625,20543.400390625,20747.279296875,20543.400390625,20559.650390625,2348100
2025-05-09,20915.0390625,20915.0390625,20915.0390625,20643.560546875,20690.80078125,2744700
2025-05-12,21129.5390625,21129.5390625,21176.130859375,20996.94921875,20996.94921875,2687300
2025-05-13,21330.140625,21330.140625,21626.279296875,21330.140625,21474.01953125,3601900
2025-05-14,21782.869140625,21782.869140625,21782.869140625,21552.419921875,21552.419921875,3656500
2025-05-15,21730.25,21730.25,21821.009765625,21674.3203125,21776.650390625,3543000
2025-05-16,21843.689453125,21843.689453125,21854.5,21697.849609375,21731.880859375,3714600
2025-05-19,21523.830078125,21523.830078125,21786.330078125,21496.689453125,21786.330078125,3401200
2025-05-20,21526.029296875,21526.029296875,21746.560546875,21517.099609375,21631.609375,2908900
2025-05-21,21803.91015625,21803.91015625,21879.240234375,21603.580078125,21603.580078125,3078500
2025-05-22,21670.9609375,21670.9609375,21733.8203125,21585.310546875,21733.8203125,3137400
2025-05-23,21652.240234375,21652.240234375,21798.880859375,21559.779296875,21766.240234375,3065000
2025-05-26,21536.5703125,21536.5703125,21688.44921875,21536.5703125,21577.640625,3105400
2025-05-27,21336.5390625,21336.5390625,21558.470703125,21310.0,21491.650390625,3512400
2025-05-28,21357.720703125,21357.720703125,21634.369140625,21305.73046875,21539.150390625,3647300
2025-05-29,21347.30078125,21347.30078125,21605.259765625,21347.30078125,21531.2890625,5081700
2025-06-02,21002.7109375,21002.7109375,21256.099609375,20940.98046875,21253.970703125,3805400
2025-06-03,21126.9296875,21126.9296875,21303.2109375,21110.630859375,21126.69921875,3739600
2025-06-04,21618.08984375,21618.08984375,21618.08984375,21341.439453125,21341.439453125,4061200
2025-06-05,21674.4296875,21674.4296875,21738.9296875,21626.740234375,21695.9296875,3521900
2025-06-06,21660.66015625,21660.66015625,21702.4609375,21606.69921875,21637.76953125,2964300
2025-06-09,21790.2890625,21790.2890625,21866.26953125,21717.51953125,21773.44921875,3035200
2025-06-10,22242.140625,22242.140625,22294.859375,21921.240234375,21921.240234375,3534000
2025-06-11,22470.099609375,22470.099609375,22470.099609375,22294.599609375,22376.369140625,3669800
2025-06-12,22287.8203125,22287.8203125,22390.169921875,22253.640625,22362.669921875,3060300
2025-06-13,22072.94921875,22072.94921875,22228.009765625,21984.359375,22215.5,3285000
2025-06-16,22049.900390625,22049.900390625,22094.599609375,21936.380859375,22058.5703125,2521300
2025-06-17,22211.58984375,22211.58984375,22331.689453125,22118.4609375,22172.58984375,3044000
2025-06-18,22356.73046875,22356.73046875,22370.25,22104.6796875,22135.830078125,3214600
2025-06-19,22003.5,22003.5,22249.400390625,21973.0390625,22238.099609375,3057900
2025-06-20,22045.740234375,22045.740234375,22089.48046875,21779.55078125,21960.509765625,4418300
2025-06-23,21732.01953125,21732.01953125,21801.3203125,21551.580078125,21750.69921875,3015300
2025-06-24,22188.759765625,22188.759765625,22201.05078125,22001.48046875,22001.48046875,3767600
2025-06-25,22430.609375,22430.609375,22444.509765625,22284.51953125,22341.869140625,3405900
2025-06-26,22492.33984375,22492.33984375,22587.669921875,22391.26953125,22425.390625,3685100
2025-06-27,22580.080078125,22580.080078125,22580.080078125,22388.58984375,22503.849609375,3454100
2025-06-30,22256.01953125,22256.01953125,22558.94921875,22256.01953125,22508.330078125,3443500
2025-07-01,22553.720703125,22553.720703125,22730.759765625,22401.580078125,22419.740234375,3676400
2025-07-02,22577.740234375,22577.740234375,22577.740234375,22396.259765625,22463.55078125,2897200
2025-07-03,22712.970703125,22712.970703125,22816.19921875,22700.859375,22707.41015625,3368000
2025-07-04,22547.5,22547.5,22842.75,22500.970703125,22756.55078125,3270200
2025-07-07,22428.720703125,22428.720703125,22550.5,22294.109375,22550.140625,2570300
2025-07-08,22362.26953125,22362.26953125,22375.650390625,22190.4609375,22375.650390625,2661400
2025-07-09,22527.009765625,22527.009765625,22527.009765625,22211.099609375,22253.169921875,2907300
2025-07-10,22693.25,22693.25,22699.2890625,22513.349609375,22566.509765625,2829400
2025-07-11,22751.029296875,22751.029296875,22770.009765625,22601.94921875,22602.810546875,4446700
2025-07-14,22614.970703125,22614.970703125,22735.23046875,22525.66015625,22679.1796875,2557300
2025-07-15,22835.939453125,22835.939453125,22888.23046875,22588.259765625,22618.4296875,2696000
2025-07-16,23042.900390625,23042.900390625,23106.4296875,22923.119140625,22967.509765625,3171200
2025-07-17,23113.279296875,23113.279296875,23159.5390625,22923.369140625,23042.970703125,3078000
2025-07-18,23383.130859375,23383.130859375,23468.2109375,23276.01953125,23345.720703125,2995200
2025-07-21,23340.560546875,23340.560546875,23403.830078125,23243.7890625,23314.2890625,2784300
2025-07-22,22987.919921875,22987.919921875,23486.080078125,22985.900390625,23301.66015625,3764700
2025-07-23,23318.669921875,23318.669921875,23318.669921875,23063.5703125,23063.5703125,3346500
2025-07-24,23373.73046875,23373.73046875,23455.08984375,23295.310546875,23373.669921875,3659600
2025-07-25,23364.380859375,23364.380859375,23485.560546875,23308.44921875,23454.58984375,2946900
2025-07-28,23412.98046875,23412.98046875,23564.439453125,23350.73046875,23477.099609375,3255000
2025-07-29,23201.51953125,23201.51953125,23422.169921875,23094.669921875,23414.359375,3565200
2025-07-30,23461.720703125,23461.720703125,23461.720703125,23264.640625,23288.720703125,3352200
2025-07-31,23542.51953125,23542.51953125,23631.109375,23454.439453125,23523.58984375,3757100
2025-08-01,23434.380859375,23434.380859375,23484.2109375,23168.26953125,23318.369140625,3402400
2025-08-04,23378.939453125,23378.939453125,23378.939453125,23151.650390625,23260.1796875,3191500
2025-08-05,23660.58984375,23660.58984375,23671.83984375,23498.400390625,23498.400390625,3421400
2025-08-06,23447.359375,23447.359375,23557.490234375,23433.529296875,23443.359375,3264600
2025-08-07,24003.76953125,24003.76953125,24050.5390625,23717.349609375,23717.349609375,3487700
2025-08-08,24021.259765625,24021.259765625,24131.4609375,23967.990234375,24026.650390625,3790600
2025-08-11,24135.5,24135.5,24249.05078125,23887.25,23980.390625,3851900
2025-08-12,24158.359375,24158.359375,24263.919921875,24065.4296875,24182.83984375,4193700
2025-08-13,24370.01953125,24370.01953125,24406.939453125,24172.189453125,24232.0390625,4867300
2025-08-14,24238.099609375,24238.099609375,24389.509765625,24198.880859375,24258.5,4491700
2025-08-15,24334.48046875,24334.48046875,24385.560546875,24164.4296875,24266.23046875,4491700
2025-08-18,24482.51953125,24482.51953125,24515.650390625,24257.30078125,24272.55078125,4745200
2025-08-19,24353.5,24353.5,24551.419921875,24324.2890625,24493.919921875,4734800
2025-08-20,23625.439453125,23625.439453125,24309.26953125,23620.240234375,24309.26953125,4336000
2025-08-21,23962.130859375,23962.130859375,24011.5,23739.830078125,23739.830078125,3924400
2025-08-22,23764.470703125,23764.470703125,24071.650390625,23764.470703125,24033.01953125,3633100
2025-08-25,24277.380859375,24277.380859375,24362.01953125,24108.75,24108.810546875,3818800
2025-08-26,24305.099609375,24305.099609375,24382.419921875,24113.029296875,24237.359375,5104500
2025-08-27,24519.900390625,24519.900390625,24539.880859375,24410.080078125,24449.810546875,4022200
2025-08-28,24236.44921875,24236.44921875,24502.369140625,24236.44921875,24468.119140625,4093700
2025-08-29,24233.099609375,24233.099609375,24570.150390625,24233.099609375,24438.029296875,4230800
2025-09-01,24071.73046875,24071.73046875,24312.830078125,23885.41015625,24143.369140625,3978800
2025-09-02,24016.779296875,24016.779296875,24295.029296875,23890.330078125,24113.900390625,3621600
2025-09-03,24100.30078125,24100.30078125,24103.23046875,23925.490234375,24036.880859375,3208300
2025-09-04,24179.849609375,24179.849609375,24389.349609375,24168.16015625,24235.26953125,4098500
2025-09-05,24494.580078125,24494.580078125,24494.580078125,24244.259765625,24244.259765625,3935800
2025-09-08,24547.380859375,24547.380859375,24729.9609375,24547.380859375,24610.849609375,4221200
2025-09-09,24855.1796875,24855.1796875,24880.0703125,24650.4609375,24650.4609375,4235300
2025-09-10,25192.58984375,25192.58984375,25272.23046875,25032.880859375,25032.880859375,4503300
2025-09-11,25215.7109375,25215.7109375,25541.439453125,25174.130859375,25509.30078125,5159400
2025-09-12,25474.640625,25474.640625,25492.279296875,25349.69921875,25349.69921875,4362700
2025-09-15,25357.16015625,25357.16015625,25519.939453125,25284.169921875,25494.099609375,3734300
2025-09-16,25629.640625,25629.640625,25664.810546875,25335.4609375,25335.4609375,4224500
2025-09-17,25438.25,25438.25,25632.0703125,25422.9609375,25543.91015625,4404600
2025-09-18,25769.359375,25769.359375,25769.359375,25475.25,25543.169921875,4746200
2025-09-19,25578.369140625,25578.369140625,25864.009765625,25578.369140625,25794.66015625,6041400
2025-09-22,25880.599609375,25880.599609375,25887.689453125,25599.599609375,25599.599609375,4316700
2025-09-23,26247.369140625,26247.369140625,26307.30078125,26041.689453125,26121.0,4775000
2025-09-24,26196.73046875,26196.73046875,26394.029296875,26045.470703125,26389.16015625,4309500
2025-09-25,26023.849609375,26023.849609375,26247.849609375,26023.849609375,26067.970703125,5318500
2025-09-26,25580.3203125,25580.3203125,25998.279296875,25469.0390625,25998.279296875,4370400
2025-09-30,25820.5390625,25820.5390625,25975.83984375,25738.310546875,25738.310546875,3601000
2025-10-01,25982.91015625,25982.91015625,26325.7890625,25982.91015625,26078.2890625,4127200
2025-10-02,26378.390625,26378.390625,26489.7890625,26330.25,26392.310546875,4331900
2025-10-03,26761.060546875,26761.060546875,26761.060546875,26410.029296875,26435.099609375,3947400
2025-10-07,27211.94921875,27211.94921875,27301.419921875,27017.080078125,27029.279296875,4714200
2025-10-08,27063.6796875,27063.6796875,27110.4296875,26883.990234375,26999.8203125,4475000
2025-10-09,27301.919921875,27301.919921875,27463.119140625,27253.0703125,27301.609375,5551400
2025-10-13,26923.419921875,26923.419921875,26965.720703125,26470.439453125,26762.599609375,4848200
2025-10-14,26793.150390625,26793.150390625,27507.16015625,26764.060546875,27282.099609375,6407700
2025-10-15,27275.7109375,27275.7109375,27275.7109375,26773.150390625,26911.05078125,4438300
2025-10-16,27647.869140625,27647.869140625,27732.779296875,27337.3203125,27337.3203125,4657900
2025-10-17,27302.369140625,27302.369140625,27513.08984375,27302.369140625,27399.91015625,4488400
2025-10-20,27688.630859375,27688.630859375,27768.26953125,27412.44921875,27480.439453125,4283400
2025-10-21,27752.41015625,27752.41015625,27969.05078125,27742.55078125,27742.55078125,4293000
2025-10-22,27648.91015625,27648.91015625,27725.830078125,27490.890625,27614.109375,3944200
2025-10-23,27532.259765625,27532.259765625,27586.849609375,27371.669921875,27457.0703125,3819800
2025-10-27,27993.630859375,27993.630859375,28196.330078125,27993.630859375,28029.880859375,4954700
2025-10-28,27949.109375,27949.109375,28087.9296875,27885.619140625,28041.009765625,5011300
2025-10-29,28294.740234375,28294.740234375,28395.310546875,28139.650390625,28157.91015625,5040500
2025-10-30,28287.529296875,28287.529296875,28527.6796875,28116.599609375,28350.240234375,5137600
2025-10-31,28233.349609375,28233.349609375,28489.759765625,28233.349609375,28280.470703125,4459700
2025-11-03,28334.58984375,28334.58984375,28494.990234375,28150.44921875,28253.529296875,3968500
2025-11-04,28116.560546875,28116.560546875,28554.609375,28033.619140625,28364.759765625,4218000
2025-11-05,27717.060546875,27717.060546875,27799.08984375,27373.05078125,27785.91015625,4085800
2025-11-06,27899.44921875,27899.44921875,28061.529296875,27879.69921875,27906.439453125,4125700
2025-11-07,27651.41015625,27651.41015625,27818.5390625,27621.48046875,27818.5390625,4344700
2025-11-10,27869.509765625,27869.509765625,27976.890625,27680.509765625,27805.470703125,4157600
2025-11-11,27784.94921875,27784.94921875,28187.69921875,27784.94921875,28031.5390625,5302400
2025-11-12,27947.08984375,27947.08984375,28071.759765625,27799.919921875,27853.470703125,5291300
2025-11-13,27903.560546875,27903.560546875,28038.240234375,27811.810546875,27867.58984375,6572900
2025-11-14,27397.5,27397.5,27816.44921875,27383.33984375,27816.44921875,5171300
2025-11-17,27447.310546875,27447.310546875,27723.76953125,27447.310546875,27600.740234375,4781900
2025-11-18,26756.119140625,26756.119140625,27310.400390625,26756.119140625,27310.400390625,5433000
2025-11-19,26580.119140625,26580.119140625,26902.970703125,26580.119140625,26708.279296875,4448000
2025-11-20,27426.359375,27426.359375,27493.630859375,27183.029296875,27212.91015625,4862100
2025-11-21,26434.939453125,26434.939453125,26821.970703125,26395.98046875,26821.970703125,4006000
2025-11-24,26504.240234375,26504.240234375,26764.130859375,26482.330078125,26596.029296875,6156100
2025-11-25,26912.169921875,26912.169921875,27118.01953125,26793.7109375,26995.900390625,3724900
2025-11-26,27409.5390625,27409.5390625,27409.5390625,27063.169921875,27063.169921875,4016500
2025-11-27,27554.529296875,27554.529296875,27659.060546875,27436.58984375,27517.240234375,3621100
2025-11-28,27626.48046875,27626.48046875,27796.900390625,27566.119140625,27566.119140625,3953500
2025-12-01,27342.529296875,27342.529296875,27697.060546875,27342.529296875,27674.16015625,3774100
2025-12-02,27564.26953125,27564.26953125,27741.890625,27477.099609375,27550.349609375,4210100
2025-12-03,27793.0390625,27793.0390625,27847.669921875,27605.630859375,27605.630859375,3769000
2025-12-04,27795.7109375,27795.7109375,27880.23046875,27636.630859375,27773.419921875,3599700
2025-12-05,27980.890625,27980.890625,27980.890625,27738.5,27796.4296875,3817000
2025-12-08,28303.779296875,28303.779296875,28303.779296875,28026.390625,28034.0,4068700
2025-12-09,28182.599609375,28182.599609375,28390.240234375,28157.26953125,28364.0390625,4898300
2025-12-10,28400.73046875,28400.73046875,28417.08984375,28190.759765625,28190.759765625,4773000
2025-12-11,28024.75,28024.75,28568.01953125,27984.189453125,28385.23046875,4248000
2025-12-12,28198.01953125,28198.01953125,28272.060546875,28071.33984375,28097.5390625,4802600
2025-12-15,27866.939453125,27866.939453125,28119.7890625,27684.869140625,28119.7890625,4157000
2025-12-16,27536.66015625,27536.66015625,27740.66015625,27355.669921875,27721.099609375,5140200
2025-12-17,27525.169921875,27525.169921875,27780.689453125,27469.599609375,27596.1796875,5499500
2025-12-18,27468.529296875,27468.529296875,27569.439453125,27350.76953125,27447.44921875,4799900
2025-12-19,27696.349609375,27696.349609375,27869.779296875,27672.05078125,27685.740234375,5627700
2025-12-22,28149.640625,28149.640625,28168.75,27986.66015625,27986.66015625,5026500
2025-12-23,28310.470703125,28310.470703125,28350.369140625,28212.83984375,28253.140625,4559700
2025-12-24,28371.98046875,28371.98046875,28486.380859375,28280.58984375,28383.609375,4612900
2025-12-26,28556.01953125,28556.01953125,28590.91015625,28404.33984375,28443.48046875,4511200
2025-12-29,28810.890625,28810.890625,28841.640625,28595.349609375,28662.7890625,4440500
2025-12-30,28707.130859375,28707.130859375,28833.029296875,28553.640625,28723.8203125,5135300
2025-12-31,28963.599609375,28963.599609375,29009.810546875,28687.900390625,28723.490234375,5689400
2026-01-02,29349.810546875,29349.810546875,29363.4296875,29007.75,29016.6796875,5945900
2026-01-05,30105.0390625,30105.0390625,30339.3203125,29779.69921875,29779.69921875,6274000
2026-01-06,30576.30078125,30576.30078125,30576.30078125,29933.650390625,29933.650390625,6867900
2026-01-07,30435.470703125,30435.470703125,30570.259765625,30306.16015625,30412.3203125,8350800
2026-01-08,30360.55078125,30360.55078125,30593.490234375,30268.359375,30330.580078125,8283300
2026-01-09,30288.9609375,30288.9609375,30500.419921875,29925.490234375,30370.44921875,6518900
2026-01-12,30567.2890625,30567.2890625,30681.990234375,30472.69921875,30472.69921875,5720700
2026-01-13,30707.220703125,30707.220703125,30973.849609375,30529.330078125,30630.859375,6687400
2026-01-14,30941.779296875,30941.779296875,30994.810546875,30742.529296875,30742.529296875,6046100
2026-01-15,30810.580078125,30810.580078125,30877.310546875,30663.869140625,30746.98046875,6569600
2026-01-16,31408.69921875,31408.69921875,31475.220703125,30844.630859375,30844.630859375,7323000
2026-01-19,31639.2890625,31639.2890625,31827.390625,31285.529296875,31336.76953125,7864700
2026-01-20,31759.990234375,31759.990234375,31759.990234375,31340.099609375,31584.33984375,7884000
2026-01-21,31246.369140625,31246.369140625,31749.140625,31200.759765625,31749.140625,8417100
2026-01-22,31746.080078125,31746.080078125,31890.619140625,31371.130859375,31371.130859375,7642300
2026-01-23,31961.509765625,31961.509765625,32042.439453125,31693.150390625,31788.76953125,7178200
2026-01-26,32064.51953125,32064.51953125,32196.75,31989.859375,32002.560546875,6470200
2026-01-27,32317.919921875,32317.919921875,32428.169921875,32095.080078125,32095.080078125,7511200
2026-01-28,32803.8203125,32803.8203125,32803.8203125,32381.759765625,32381.759765625,7408400
2026-01-29,32536.26953125,32536.26953125,32996.03125,32472.44921875,32828.01953125,7939900
2026-01-30,32063.75,32063.75,32555.51953125,32004.9609375,32555.51953125,8004400
2026-02-02,31624.029296875,31624.029296875,32008.4609375,31359.94921875,32008.4609375,6128700
2026-02-03,32195.359375,32195.359375,32293.830078125,31737.66015625,31737.66015625,6083600
2026-02-04,32289.810546875,32289.810546875,32380.0,31942.279296875,32196.5703125,5481900
2026-02-05,31801.26953125,31801.26953125,32241.640625,31769.080078125,32241.640625,5843100
2026-02-06,31782.919921875,31782.919921875,31842.619140625,31164.279296875,31746.439453125,5482300
2026-02-09,32404.619140625,32404.619140625,32666.05078125,31956.2109375,31956.2109375,4854000
2026-02-10,33072.96875,33072.96875,33072.96875,32439.7109375,32439.7109375,4429000
2026-02-11,33605.7109375,33605.7109375,33707.828125,33071.671875,33086.1484375,5334200
2026-02-23,33773.26171875,33773.26171875,34212.37890625,33663.01953125,33663.01953125,6847600
2026-02-24,34700.8203125,34700.8203125,34786.421875,33987.51171875,34020.7109375,6653800
2026-02-25,35413.0703125,35413.0703125,35521.5390625,34753.30859375,34753.30859375,8280600
2026-02-26,35414.48828125,35414.48828125,35579.33984375,35171.51953125,35457.76171875,8684700
2026-03-02,35095.08984375,35095.08984375,35345.71875,34605.359375,35277.48046875,7852100
2026-03-03,34323.6484375,34323.6484375,35264.58984375,34323.6484375,35106.21875,8829900
2026-03-04,32828.87890625,32828.87890625,34228.75,32828.87890625,34228.75,7817200
2026-03-05,33672.94140625,33672.94140625,34319.6796875,33472.91015625,33620.73828125,5789800
2026-03-06,33599.5390625,33599.5390625,33829.48828125,33322.51953125,33483.94140625,5479700
2026-03-09,32110.419921875,32110.419921875,32354.609375,31529.359375,32354.609375,6749000
2026-03-10,32771.87109375,32771.87109375,33256.69140625,32455.19921875,32692.369140625,6268300
2026-03-11,34114.19140625,34114.19140625,34218.66015625,33128.48828125,33128.48828125,5854600
2026-03-12,33581.859375,33581.859375,34019.48046875,33458.640625,33816.1484375,7553100
2026-03-13,33400.3203125,33400.3203125,33639.1796875,33013.4609375,33215.78125,6795000
2026-03-16,33342.51171875,33342.51171875,33765.80859375,33278.05859375,33541.25,6288500
2026-03-17,33836.5703125,33836.5703125,34008.69921875,33380.83984375,33380.83984375,6564400
2026-03-18,34348.578125,34348.578125,34423.66015625,33929.28125,33929.28125,7008700
2026-03-19,33689.6796875,33689.6796875,34279.12109375,33663.78125,34279.12109375,6675700
2026-03-20,33543.87890625,33543.87890625,33989.1796875,33379.23828125,33719.8515625,7825000
2026-03-23,32722.5,32722.5,33334.0,32461.08984375,33334.0,5505600
2026-03-24,32612.240234375,32612.240234375,33361.4609375,32434.5390625,33062.890625,5184200
2026-03-25,33439.109375,33439.109375,33705.75,32725.26953125,32725.26953125,4540400
2026-03-26,33337.62109375,33337.62109375,33892.55859375,33337.62109375,33575.6015625,5141000
2026-03-27,33112.58984375,33112.58984375,33267.25,32669.390625,33267.25,4967400
2026-03-30,32518.16015625,32518.16015625,33009.6796875,32326.369140625,33009.6796875,5026000
2026-03-31,31722.990234375,31722.990234375,32453.380859375,31705.990234375,32419.0,5862700
2026-04-01,33174.8203125,33174.8203125,33182.21875,31892.330078125,31892.330078125,4716000
2026-04-02,32572.4296875,32572.4296875,33497.578125,32516.939453125,33218.01953125,5332000
2026-04-07,33229.8203125,33229.8203125,33264.21875,32671.51953125,32671.51953125,4475300
2026-04-08,34761.37890625,34761.37890625,34761.37890625,33379.5,33379.5,5671700
2026-04-09,34861.16015625,34861.16015625,34884.44921875,34617.33984375,34779.9609375,6586300
2026-04-10,35417.828125,35417.828125,35417.828125,34950.87109375,34950.87109375,6752000
2026-04-13,35457.2890625,35457.2890625,35552.48828125,35261.73046875,35422.91015625,5566000
2026-04-14,36296.12109375,36296.12109375,36341.44140625,35584.08984375,35584.08984375,7184600
2026-04-15,36722.140625,36722.140625,37064.16015625,36369.109375,36369.109375,7050400
2026-04-16,37132.01953125,37132.01953125,37135.55078125,36751.08984375,36759.53125,6694200
2026-04-17,36804.33984375,36804.33984375,37145.66015625,36776.28125,37145.66015625,6808300
2026-04-20,36958.80078125,36958.80078125,37344.5,36850.23828125,36850.23828125,6458900
2026-04-21,37605.109375,37605.109375,37781.828125,37051.25,37051.25,6360500
2026-04-22,37878.46875,37878.46875,38096.87890625,37623.37890625,37627.19921875,6248000
2026-04-23,37714.1484375,37714.1484375,38921.94921875,37164.44140625,37971.69140625,8516700
2026-04-24,38932.3984375,38932.3984375,38989.94140625,37862.6484375,37862.6484375,5653800
2026-04-27,39616.62890625,39616.62890625,40194.921875,39607.73828125,39858.19140625,5805300
2026-04-28,39521.73046875,39521.73046875,40101.23046875,39521.73046875,39531.9296875,5020400
2026-04-29,39303.5,39303.5,39548.1796875,38896.30078125,39176.23828125,5009300
2026-04-30,38926.62890625,38926.62890625,39848.21875,38926.62890625,39571.4609375,5678600
2026-05-04,40705.140625,40705.140625,40755.51953125,39228.390625,39228.390625,5642100
2026-05-05,40769.2890625,40769.2890625,40885.05078125,40522.78125,40708.3984375,6050000
2026-05-06,41138.8515625,41138.8515625,41575.83984375,40616.28125,40983.0390625,8107500
2026-05-07,41933.78125,41933.78125,42156.05859375,41259.9609375,41259.9609375,7835100
2026-05-08,41603.94140625,41603.94140625,42038.6015625,41132.25,41886.03125,7818600
2026-05-11,41790.05859375,41790.05859375,42021.78125,41529.25,41714.0,6722000
2026-05-12,41898.3203125,41898.3203125,42253.421875,41471.5703125,41880.66015625,8332000
2026-05-13,41374.5,41374.5,41795.921875,41014.53125,41795.921875,8129100
2026-05-14,41751.75,41751.75,42205.62109375,41496.23046875,41496.23046875,7982100
2026-05-15,41172.359375,41172.359375,42408.66015625,41016.73046875,41830.421875,8185700
2026-05-18,40891.8203125,40891.8203125,41095.8203125,40170.171875,41095.8203125,6319000
2026-05-19,40175.55859375,40175.55859375,40951.55859375,40168.51171875,40883.421875,6548000
2026-05-20,40020.8203125,40020.8203125,40439.0390625,39967.078125,40204.16015625,6049500
2026-05-21,41368.2109375,41368.2109375,41606.91015625,40263.1796875,40263.1796875,6705300
2026-05-22,42267.96875,42267.96875,42357.6015625,41447.921875,41447.921875,7704200
2026-05-25,43644.3984375,43644.3984375,43645.78125,42667.87109375,42667.87109375,8500300
2026-05-26,43525.37109375,43525.37109375,44097.62890625,43349.76953125,43708.890625,11150100
2026-05-27,44256.80078125,44256.80078125,44818.25,43842.26171875,43842.26171875,10615800
2026-05-28,43636.44140625,43636.44140625,44954.08984375,43236.359375,44240.80078125,10946500
2026-05-29,44732.94140625,44732.94140625,44933.94921875,43815.48046875,43815.48046875,12618300
2026-06-01,45337.91015625,45337.91015625,45931.1015625,44872.8203125,44872.8203125,9887600
2026-06-02,45557.30859375,45557.30859375,45915.921875,44869.37890625,45388.9296875,11590000
2026-06-03,46459.16015625,46459.16015625,46552.16015625,45660.4609375,45660.4609375,11629900
2026-06-04,45677.4609375,45677.4609375,46364.0703125,45677.4609375,46364.0703125,10148400
2026-06-05,45070.94140625,45070.94140625,45619.8203125,44209.53125,45619.8203125,8445300
2026-06-08,43502.78125,43502.78125,44507.48828125,42376.859375,44507.48828125,6465800
2026-06-09,44704.44140625,44704.44140625,44821.7109375,43687.62109375,43687.62109375,7468300
2026-06-10,43225.5390625,43225.5390625,44676.48828125,43225.5390625,44581.44921875,7804700
2026-06-11,43149.4609375,43149.4609375,43463.03125,42006.390625,43172.2109375,6756200
2026-06-12,44169.0390625,44169.0390625,44798.87890625,43587.62890625,43587.62890625,6583000
2026-06-15,45396.98828125,45396.98828125,45483.62890625,44447.87109375,44447.87109375,6161900
2026-06-16,45809.19140625,45809.19140625,45809.19140625,45266.33984375,45500.078125,6574400
2026-06-17,45877.390625,45877.390625,45877.390625,45159.51171875,45685.26953125,6992700
2026-06-18,46465.19921875,46465.19921875,46565.69921875,45972.26171875,45972.26171875,9801100
2026-06-22,47741.51171875,47741.51171875,47871.19140625,46679.5703125,46679.5703125,8634300
2026-06-23,47100.6484375,47100.6484375,48218.87109375,47100.6484375,47795.08984375,9602200
2026-06-24,46043.6015625,46043.6015625,46909.98046875,45819.7109375,46909.98046875,8877500
2026-06-25,46255.26171875,46255.26171875,46785.44921875,46048.69921875,46339.6796875,7621600
2026-06-26,44571.76171875,44571.76171875,46188.6015625,44454.21875,46188.6015625,7695600
2026-06-29,44999.8984375,44999.8984375,45521.62890625,44594.80859375,44594.80859375,6052400
2026-06-30,46125.91015625,46125.91015625,46637.859375,45165.80078125,45165.80078125,7182400
2026-07-01,47018.98828125,47018.98828125,47293.1015625,46234.69921875,46234.69921875,8429000
2026-07-02,46744.16015625,46744.16015625,46910.30859375,45981.890625,46833.890625,6148400
2026-07-03,46780.62109375,46780.62109375,46948.828125,45880.69140625,46545.140625,6606400
2026-07-06,46556.390625,46556.390625,47395.30078125,46431.37890625,46897.1796875,7246000
2026-07-07,45479.109375,45479.109375,46967.0390625,45432.01953125,46537.33984375,7141700
2026-07-08,45734.41015625,45734.41015625,45837.12109375,45036.640625,45524.69140625,5691300
2026-07-09,45354.609375,45354.609375,46064.05859375,45352.41015625,45805.62109375,5765500
2026-07-13,45380.51953125,45380.51953125,46330.91015625,45272.8984375,45500.3203125,6161200
2026-07-14,44737.94921875,44737.94921875,45364.3984375,43654.0390625,45364.3984375,6654600
2026-07-15,45631.58984375,45631.58984375,45881.91015625,44850.69140625,44850.69140625,5330100
2026-07-16,45624.98046875,45624.98046875,45855.01953125,44970.640625,45511.98046875,5267400
2026-07-17,42671.26953125,42671.26953125,45234.078125,42671.26953125,45234.078125,6385100
2026-07-20,42449.69921875,42449.69921875,43084.51171875,41967.75,42793.1484375,5678000
2026-07-21,44232.87109375,44232.87109375,44232.87109375,42566.9296875,42566.9296875,4764300
2026-07-22,44825.78125,44825.78125,45323.75,44513.75,44513.75,5389000
2026-07-23,44850.80859375,44850.80859375,45089.8203125,44340.76171875,44899.0390625,5159100
2026-07-24,43654.83984375,43654.83984375,44769.390625,43607.3984375,44769.390625,4337700
2026-07-27,43634.19140625,43634.19140625,43686.1484375,42969.48046875,43585.921875,4260000
2026-07-28,41603.359375,41603.359375,43221.9296875,41565.0,43221.9296875,4492500
2026-07-29,40039.1796875,40039.1796875,41698.390625,39384.8515625,41491.48046875,6323100
2026-07-30,39933.30078125,39933.30078125,41155.421875,39404.6484375,40048.94140625,5907800
2026-07-31,43119.75,43119.75,43214.359375,41610.41015625,41610.41015625,4859500
2026-08-03,43386.41015625,43386.41015625,43784.19140625,42780.421875,42780.421875,4688600
2026-08-04,43360.66015625,43360.66015625,43912.76953125,42895.80859375,43092.48828125,5057500
2026-08-05,44611.6015625,44611.6015625,44980.30859375,43809.828125,43809.828125,5687100
2026-08-06,44396.69921875,44396.69921875,44601.23828125,44024.3203125,44487.94140625,4904700
2026-08-07,44225.91015625,44225.91015625,44827.12890625,43941.55859375,44450.19140625,4388800
2026-08-10,44928.76171875,44928.76171875,45219.3984375,44540.7109375,44540.7109375,0
