Date,Close,High,Low,Open,Volume
2000-01-04,3.2057085037231445,3.2057085037231445,3.0118139692622443,3.0505935308670074,151974952
2000-01-05,3.102297782897949,3.1540027615346395,3.050592804261259,3.102297782897949,64726455
2000-01-06,3.1669299602508545,3.231560367924853,3.1669299602508545,3.1669299602508545,159324499
2000-01-07,3.1927809715270996,3.2574130191732005,3.1798555440666108,3.2315605274710038,123269645
2000-01-10,3.3349719047546387,3.3608244055781467,3.3091194039311302,3.3608244055781467,147197117
2000-01-11,3.231560707092285,3.386676133579091,3.231560707092285,3.373749068618852,106911293
2000-01-12,3.270338773727417,3.322043758606401,3.257413112072409,3.257413112072409,62879451
2000-01-13,3.3608226776123047,3.412527886501076,3.3220431279246365,3.3220431279246365,142069343
2000-01-14,3.270338773727417,3.399601235924877,3.270338773727417,3.399601235924877,65691411
2000-01-17,3.3091185092926025,3.3478964316531403,3.283266015458459,3.296191443984854,46204012
2000-01-18,3.283266305923462,3.360823794287271,3.270339239472078,3.3349712981660016,54019525
2000-01-19,3.231560707092285,3.2961913553754494,3.231560707092285,3.283265927196521,38739044
2000-01-20,3.257413387298584,3.347896533917192,3.244486555421883,3.296191544669538,75959935
2000-01-21,3.270338773727417,3.322043758606401,3.257413112072409,3.270338773727417,46483524
2000-01-24,3.3996012210845947,3.3996012210845947,3.2832658240053525,3.2961912517780423,107128552
2000-01-25,3.2961907386779785,3.3478957152826223,3.2832653129173193,3.3091178012196414,52064859
2000-01-26,3.2961907386779785,3.3478957152826223,3.2832653129173193,3.3220432269803006,61007372
2000-01-27,3.322042942047119,3.412527695560686,3.3091175173950798,3.347895428132061,141915531
2000-01-28,3.464233636856079,3.464233636856079,3.360823656607308,3.360823656607308,263911234
2000-01-31,3.322042942047119,3.3996004003019453,3.296190455962177,3.373748148042841,95346159
2000-02-01,3.3349719047546387,3.3608244055781467,3.3220448359519863,3.3220448359519863,72017524
2000-02-02,3.3349719047546387,3.3349719047546387,3.3349719047546387,3.3349719047546387,0
2000-02-03,3.3349719047546387,3.3349719047546387,3.3349719047546387,3.3349719047546387,0
2000-02-04,3.3349719047546387,3.3349719047546387,3.3349719047546387,3.3349719047546387,0
2000-02-07,3.3349719047546387,3.3349719047546387,3.3349719047546387,3.3349719047546387,0
2000-02-08,3.3349719047546387,3.3349719047546387,3.3349719047546387,3.3349719047546387,0
2000-02-09,3.347896099090576,3.399601081622759,3.3349706718481262,3.399601081622759,94080996
2000-02-10,3.3608226776123047,3.386675398969616,3.334970190080844,3.347895615456097,97127703
2000-02-11,3.347896099090576,3.4513060641549416,3.347896099090576,3.399601081622759,180607651
2000-02-14,3.270338773727417,3.37374897731128,3.270338773727417,3.347896251045893,78036241
2000-02-15,3.2186336517333984,3.283265936990674,3.192781158517112,3.2703388719918736,71593989
2000-02-16,3.2186336517333984,3.2574132099484854,3.2057082235159124,3.231560716732199,69782057
2000-02-17,3.322042942047119,3.347895428132061,3.2315598253144158,3.2315598253144158,122309431
2000-02-18,3.2444868087768555,3.3866765925278157,3.2315611450203914,3.3737495258157533,94018573
2000-02-21,3.270338773727417,3.3866760419216586,3.270338773727417,3.322043758606401,94944038
2000-02-22,3.231560707092285,3.3220438485146166,3.2186336421320467,3.2961913553754494,64655287
2000-02-23,3.2186336517333984,3.2703388719918736,3.2057082235159124,3.244486378775587,41022671
2000-02-24,3.1927809715270996,3.2574130191732005,3.1669301166061223,3.244486188757381,65170039
2000-02-25,3.102297782897949,3.192780677121623,3.076445293579604,3.1798552508529845,50842679
2000-02-28,3.102297782897949,3.102297782897949,3.102297782897949,3.102297782897949,0
2000-02-29,3.0764455795288086,3.1410759904413994,3.050593087807528,3.1022980712500887,35039026
2000-03-01,3.1281511783599854,3.1281511783599854,3.0764464147067683,3.0764464147067683,36435028
2000-03-02,3.0764455795288086,3.128150329145481,3.050593087807528,3.128150329145481,32664941
2000-03-03,3.0893709659576416,3.1022982648414774,3.076445771506935,3.076445771506935,18560507
2000-03-06,3.0764455795288086,3.1022980712500887,3.024740362260359,3.08937077317295,28897661
2000-03-07,3.0247397422790527,3.076444948949479,2.985961831036056,3.0505924625271863,43384162
2000-03-08,2.9988882541656494,3.037667815098975,2.9730357591372423,2.9988882541656494,55616854
2000-03-09,2.9988882541656494,3.0247407491940566,2.9859628250421606,2.9988882541656494,34269250
2000-03-10,2.9471821784973145,3.0376666961569616,2.9471821784973145,3.0247396350138005,42790218
2000-03-13,2.779142379760742,2.908403440262357,2.753289887069342,2.908403440262357,98966285
2000-03-14,2.8308472633361816,2.856699988923723,2.7791422798128775,2.7791422798128775,57716586
2000-03-15,2.792067527770996,2.8566998052357215,2.7791421011118964,2.817920251696187,57247433
2000-03-16,2.985962390899658,2.985962390899658,2.7145101803524065,2.8179203792566803,144894391
2000-03-17,2.960109233856201,3.0505923483840434,2.8825499068846123,2.9471821727383003,163453517
2000-03-20,2.8566999435424805,2.8566999435424805,2.8566999435424805,2.8566999435424805,3448659
2000-03-21,2.895477056503296,2.90840271506128,2.7662146252774775,2.7662146252774775,108861899
2000-03-22,2.8308472633361816,2.8954776743497006,2.8049947715745294,2.8696251825880483,52834579
2000-03-23,2.9084041118621826,2.9471836782447824,2.83084801883435,2.83084801883435,68768847
2000-03-24,2.8566999435424805,2.908403289463208,2.8437726456505157,2.908403289463208,33717623
2000-03-27,2.8566999435424805,2.869625137001478,2.7791422356637088,2.8566999435424805,52020285
2000-03-28,2.8825502395629883,2.9342568532212856,2.869624813734173,2.8825502395629883,44151511034
2000-03-29,2.8437728881835938,2.921330602676927,2.8437728881835938,2.908403537508354,46461654
2000-03-30,2.8696250915527344,2.908403243400301,2.8437726006112207,2.8437726006112207,78649950
2000-03-31,2.8308472633361816,2.8696251825880483,2.817920432890633,2.8696251825880483,67364042
2000-04-03,2.8308472633361816,2.8308472633361816,2.8308472633361816,2.8308472633361816,0
2000-04-04,2.8308472633361816,2.8308472633361816,2.8308472633361816,2.8308472633361816,0
2000-04-05,2.9084041118621826,2.973036176905963,2.856700751321482,2.856700751321482,98236873
2000-04-06,2.9730353355407715,3.037667382293765,2.9730353355407715,2.9988878268857295,86956106
2000-04-07,2.9342572689056396,3.011813576079361,2.9213304382903793,2.9988879145935607,24848783
2000-04-10,2.921330451965332,2.9730354364094875,2.9084033874636672,2.9342572826411035,27420057
2000-04-11,2.9471821784973145,2.998887149508305,2.9342565203091477,2.9601092396404756,50395416
2000-04-12,3.050593376159668,3.063520441632827,2.9859627253120866,3.024740648168814,89082375
2000-04-13,2.985962390899658,3.089370719196856,2.985962390899658,3.089370719196856,50361349
2000-04-14,2.921330451965332,2.9859625009111523,2.921330451965332,2.9859625009111523,33278193
2000-04-17,2.8308472633361816,2.8437726908263965,2.7791422798128775,2.792067707303092,56198222
2000-04-18,2.8696250915527344,2.908403243400301,2.8437726006112207,2.8825505186329057,39595581
2000-04-19,2.8308472633361816,2.9084033356658043,2.8308472633361816,2.9084033356658043,37420565
2000-04-20,2.8308472633361816,2.856699988923723,2.817920432890633,2.8308472633361816,17654109
2000-04-21,2.8437728881835938,2.8825508101266397,2.8437728881835938,2.8437728881835938,19053506726
2000-04-24,2.8308472633361816,2.8696251825880483,2.792067707303092,2.856699988923723,23043015
2000-04-25,2.8308472633361816,2.856699988923723,2.817920432890633,2.8308472633361816,21481783
2000-04-26,2.792067527770996,2.8566998052357215,2.7791421011118964,2.8437725079696303,30944416
2000-04-27,2.792067527770996,2.817920251696187,2.7791421011118964,2.792067527770996,30392544
2000-04-28,2.8049943447113037,2.843772258061959,2.7791418568838755,2.792067282407103,39109982
2000-05-01,2.8049943447113037,2.8049943447113037,2.8049943447113037,2.8049943447113037,0
2000-05-02,2.8179209232330322,2.8567004860140983,2.8049952596677525,2.8179209232330322,25470153
2000-05-03,2.8049943447113037,2.843772258061959,2.792067282407103,2.817920004060384,20308142
2000-05-04,2.8308472633361816,2.8696251825880483,2.8049947715745294,2.8049947715745294,28390287
2000-05-05,2.9342572689056396,2.9342572689056396,2.85670002642835,2.869625220262366,44651865
2000-05-08,2.9084041118621826,2.9084041118621826,2.8437734497741105,2.882551379375051,18493744
2000-05-09,2.9084041118621826,2.9084041118621826,2.9084041118621826,2.9084041118621826,0
2000-05-10,2.895477056503296,2.9213297765742987,2.8825499949902773,2.90840271506128,19731990
2000-05-11,2.9342572689056396,2.9988879145935607,2.9342572689056396,2.9988879145935607,60552389
2000-05-12,2.921330451965332,3.0376674853553083,2.9084033874636672,2.9730354364094875,79147593
2000-05-15,2.921330451965332,2.94718294418741,2.9084033874636672,2.9342572826411035,44620398
2000-05-16,2.9084041118621826,2.9471836782447824,2.9084041118621826,2.9213311795836026,17019708
2000-05-17,2.9342572689056396,2.9730354224925004,2.9213304382903793,2.9213304382903793,35576918
2000-05-18,2.9471821784973145,2.97303466400281,2.9342565203091477,2.9342565203091477,36035260
2000-05-19,2.9471821784973145,2.97303466400281,2.9342565203091477,2.9471821784973145,20048166
2000-05-22,2.9342572689056396,2.9471829303914396,2.9213304382903793,2.9471829303914396,21204263
2000-05-23,2.895477056503296,2.9471822628194624,2.895477056503296,2.934256604261478,19354358
2000-05-24,2.8566999435424805,2.89547762835244,2.8566999435424805,2.869625137001478,20332573
2000-05-25,2.895477056503296,2.90840271506128,2.8566993793518263,2.8696245702581322,18422652
2000-05-26,2.9342572689056396,2.960109994832592,2.869625220262366,2.8954777123634265,29025638
2000-05-29,2.960109233856201,2.960109233856201,2.9084026261654223,2.960109233856201,13978615
2000-05-30,2.960109233856201,2.960109233856201,2.960109233856201,2.960109233856201,0
2000-05-31,2.9471821784973145,3.0247396350138005,2.9471821784973145,2.998887149508305,37187810
2000-06-01,2.9342572689056396,2.960109994832592,2.9213304382903793,2.9471829303914396,12214404
2000-06-02,2.9342572689056396,2.960109994832592,2.9213304382903793,2.9471829303914396,22821698
2000-06-05,2.960109233856201,2.998887143648256,2.9471821727383003,2.9730346581932783,26206110
2000-06-06,2.960109233856201,2.960109233856201,2.960109233856201,2.960109233856201,0
2000-06-07,2.9471821784973145,2.97303466400281,2.9342565203091477,2.9601092396404756,24904966
2000-06-08,2.9471821784973145,2.97303466400281,2.9342565203091477,2.9601092396404756,22459562
2000-06-09,2.895477056503296,2.934256604261478,2.895477056503296,2.934256604261478,39971829
2000-06-12,2.8825502395629883,2.90840296182749,2.856699621731217,2.8954773021728157,33587258
2000-06-13,2.8437728881835938,2.8696253817394033,2.8437728881835938,2.8696253817394033,32338768
2000-06-14,2.8179209232330322,2.843773185667311,2.8049952596677525,2.843773185667311,50905311
2000-06-15,2.895477056503296,2.895477056503296,2.817919831593644,2.817919831593644,46982988
2000-06-16,2.8566999435424805,2.89547762835244,2.8437726456505157,2.89547762835244,37109414
2000-06-19,2.8825502395629883,2.8825502395629883,2.8437723252955305,2.8437723252955305,18290787074
2000-06-20,2.8566999435424805,2.89547762835244,2.8437726456505157,2.89547762835244,38778063
2000-06-21,2.8437728881835938,2.8567001871780717,2.8308474597963573,2.8567001871780717,59566927
2000-06-22,2.94222354888916,2.94222354888916,2.9003898425380443,2.94222354888916,29802432
2000-06-23,2.94222354888916,2.970111929737392,2.94222354888916,2.970111929737392,34923245
2000-06-26,2.9143354892730713,2.970112514184853,2.9143354892730717,2.956167438177636,17295839
2000-06-27,2.928279161453247,2.9422242379824577,2.914335598362749,2.9282791614532475,11615056
2000-06-28,2.85855770111084,2.9282780115835694,2.85855770111084,2.9282780115835694,23575862
2000-06-29,2.85855770111084,2.886446077539618,2.8446126300575494,2.886446077539618,24606580
2000-06-30,2.928279161453247,2.9282791614532475,2.8446137470736916,2.858558823602902,31984277
2000-07-03,2.9561665058135986,2.997999954962702,2.9003894984936798,2.9422231998824797,30097990
2000-07-04,2.886446475982666,2.9561667960795397,2.886446475982666,2.9561667960795397,27925535
2000-07-05,3.0119431018829346,3.081665177130976,2.8725009693043146,2.886446040177099,71303911
2000-07-06,2.9840548038482666,3.025888251882784,2.9422231214915766,2.984054803848267,33105338
2000-07-07,2.94222354888916,2.998000310585624,2.9282784756260023,2.9840552373224662,23541739
2000-07-10,2.94222354888916,2.970111929737392,2.8725014616898124,2.9282784756260023,40396179
2000-07-11,2.9561665058135986,2.970111577422591,2.9003894984936798,2.9143345701026724,24428149
2000-07-12,2.9143354892730713,2.956167438177636,2.9003904132658547,2.956167438177636,12717630
2000-07-13,2.94222354888916,3.0119436181706982,2.9143349158012017,2.9143349158012017,31158848
2000-07-14,2.9701128005981445,3.0537779676741343,2.9282793342208486,2.9282793342208486,70880642
2000-07-17,3.095609188079834,3.1374411345279776,3.0119440339847423,3.0258891091730877,99818800
2000-07-18,3.0258889198303223,3.1234973773276553,2.9980005368770533,3.1234973773276553,37315501
2000-07-19,3.0258889198303223,3.1234973773276553,2.9980005368770533,3.1234973773276553,37315501
2000-07-20,2.9701128005981445,3.0258895786488043,2.9561677232461787,2.998001189623474,25357541
2000-07-21,3.0119431018829346,3.0258881727557183,2.9701114206201438,2.984054725815147,29320494
2000-07-24,3.0119431018829346,3.0398317301904045,2.9701114206201438,2.9979997966879313,26889069
2000-07-25,2.9701128005981445,3.039833142561969,2.9561677232461787,2.984056112271509,37013322
2000-07-26,2.9840548038482666,3.025888251882784,2.9701114982886456,2.9701114982886456,24871336
2000-07-27,3.0258889198303223,3.0258889198303223,2.9701121539237842,2.9701121539237842,50675723
2000-07-28,3.095609188079834,3.1095524975898527,3.0119440339847423,3.039832670922867,77411304991
2000-07-31,3.0677196979522705,3.109551377086929,3.0677196979522705,3.0956080726012734,20933022548
2000-08-01,2.998000144958496,3.081665535120751,2.998000144958496,3.0677202103882886,33361443
2000-08-02,3.0119431018829346,3.0119431018829346,2.984054725815147,2.9979997966879313,27352362
2000-08-03,2.998000144958496,3.0258885242660103,2.9561666931582318,2.998000144958496,32831498
2000-08-04,3.0119431018829346,3.0258881727557183,2.9979997966879313,3.0119431018829346,12828018
2000-08-07,2.9561665058135986,2.997999954962702,2.9561665058135986,2.9840548833537097,16458483
2000-08-08,2.998000144958496,3.0258885242660103,2.9561666931582318,2.984055072465746,25254583
2000-08-09,3.0398318767547607,3.053776696060206,3.0119432471026504,3.025888318647791,19301665
2000-08-10,2.998000144958496,3.0398320833204866,2.998000144958496,3.0398320833204866,16667646
2000-08-11,2.9840548038482666,2.997999875085715,2.9701114982886456,2.984054803848267,12941517
2000-08-14,2.9840548038482666,3.011943180645336,2.9561664270511976,3.011943180645336,8705889
2000-08-15,2.9701128005981445,2.984056112271509,2.9561677232461787,2.9561677232461787,10248698
2000-08-16,2.9701128005981445,2.984056112271509,2.9561677232461787,2.9701128005981445,11484907
2000-08-17,2.94222354888916,2.9840552373224662,2.9143349158012017,2.970111929737392,44725309
2000-08-18,2.9561665058135986,2.970111577422591,2.9422231998824797,2.9422231998824797,12705432
2000-08-21,2.928279161453247,2.9422242379824577,2.914335598362749,2.9282791614532475,21236509
2000-08-22,2.928279161453247,2.9422242379824577,2.914335598362749,2.9282791614532475,16057656
2000-08-23,2.928279161453247,2.9282791614532475,2.9282791614532475,2.9282791614532475,0
2000-08-24,2.900390148162842,2.9282787841895286,2.88644683910851,2.9143352228954438,27920811
2000-08-25,2.8725011348724365,2.900389512547682,2.8585578288737548,2.886446206549001,30651930
2000-08-28,2.8725011348724365,2.886446206549001,2.8167243795219448,2.8585578288737548,34634212
2000-08-29,2.900390148162842,2.9282787841895286,2.872501764375908,2.9003901481628422,28137501
2000-08-30,2.7888364791870117,2.9003900089816197,2.7888364791870117,2.886446700596386,27091913
2000-08-31,2.8725011348724365,2.886446206549001,2.788836001846699,2.802780821283566,28140840
2000-09-01,2.8303911685943604,2.873059794054334,2.816167368561918,2.8588372552206884,25245960
2000-09-04,2.9299519062042236,2.9299519062042236,2.873059734138027,2.915729619906937,14899133
2000-09-05,2.8872830867767334,2.944175502272868,2.8730592892434834,2.929951452499903,7469592
2000-09-06,2.8446130752563477,2.873059410323089,2.830390790562017,2.873059410323089,24392124
2000-09-07,2.8446130752563477,2.858836873389033,2.816166992429332,2.816166992429332,17257672
2000-09-08,2.8730595111846924,2.8872833098167177,2.844613175119314,2.844613175119314,15025203
2000-09-11,2.8730595111846924,2.8872833098167177,2.844613175119314,2.873059511184692,12415176
2000-09-12,2.8730595111846924,2.873059511184692,2.873059511184692,2.873059511184692,0
2000-09-13,2.915729284286499,2.9157292842864995,2.844613068430701,2.844613068430701,28353151
2000-09-14,2.8872830867767334,2.915729168404943,2.858836752908809,2.901505370871693,18635408
2000-09-15,2.8872830867767334,2.901505370871693,2.858836752908809,2.858836752908809,20429460
2000-09-18,2.8872830867767334,2.8872830867767334,2.8446129553755584,2.8446129553755584,29283156
2000-09-19,2.8730595111846924,2.8872833098167177,2.844613175119314,2.8588369737513393,47202674
2000-09-20,2.8872830867767334,2.8872830867767334,2.8446129553755584,2.858836752908809,33252551
2000-09-21,2.8730595111846924,2.8872833098167177,2.844613175119314,2.844613175119314,20439855
2000-09-22,2.8872830867767334,2.8872830867767334,2.8019445896523894,2.8446129553755584,71706338
2000-09-25,2.858837604522705,2.887283946864459,2.844613802752353,2.844613802752353,31903076
2000-09-26,2.8872830867767334,2.901505370871693,2.8446129553755584,2.858836752908809,40135627
2000-09-27,2.8730595111846924,2.8872833098167177,2.8588369737513393,2.8588369737513393,15669349
2000-09-28,2.8446130752563477,2.887283208455774,2.8446130752563477,2.858836873389033,24351342
2000-09-29,2.8730595111846924,2.873059511184692,2.8161670912936705,2.844613175119314,52068974
2000-10-02,2.8730595111846924,2.873059511184692,2.844613175119314,2.844613175119314,32981905
2000-10-03,2.8872830867767334,2.901505370871693,2.858836752908809,2.858836752908809,48009946
2000-10-04,2.787721872329712,2.8446125133067137,2.7877218723297115,2.7877218723297115,34309679
2000-10-05,2.816167116165161,2.830390914922807,2.7166063263755884,2.7166063263755884,51056476
2000-10-06,2.8730595111846924,2.873059511184692,2.787722520906434,2.8161670912936705,46937104
2000-10-09,2.801945209503174,2.844613584665509,2.801945209503174,2.844613584665509,26080921
2000-10-10,2.801945209503174,2.801945209503174,2.801945209503174,2.801945209503174,0
2000-10-11,2.7166061401367188,2.787722354412419,2.7166061401367188,2.7734983043901766,29370205
2000-10-12,2.6454918384552,2.7592764363698294,2.6454918384551998,2.71660655002248,33771344
2000-10-13,2.7166061401367188,2.787722354412419,2.5601529406794294,2.5601529406794294,40466804
2000-10-16,2.7166061401367188,2.7166061401367188,2.7166061401367188,2.7166061401367188,0
2000-10-17,2.730829954147339,2.7450522385760614,2.5885990381890407,2.5885990381890407,25489921
2000-10-18,2.7023847103118896,2.716606999153317,2.6739383669504413,2.70238471031189,15223193
2000-10-19,2.602821111679077,2.6881596038900817,2.5885988284029615,2.602821111679077,37497540
2000-10-20,2.7450525760650635,2.7592763756808494,2.6454917802688582,2.6739378660619177,48280816
2000-10-23,2.6739377975463867,2.7592763049786506,2.6739377975463867,2.7592763049786506,46283641
2000-10-24,2.7023847103118896,2.70238471031189,2.6028221301871204,2.6881606557918682,49962975
2000-10-25,2.6597135066986084,2.702383635367104,2.631267426892142,2.702383635367104,30646989
2000-10-26,2.631268262863159,2.6739381528484567,2.602821921779406,2.645492064004483,32639385
2000-10-27,2.631268262863159,2.631268262863159,2.631268262863159,2.631268262863159,0
2000-10-30,2.6881604194641113,2.7734989375663828,2.560153525149924,2.560153525149924,91240753
2000-10-31,2.6597135066986084,2.716605918551241,2.631267426892142,2.688159586505075,41967577
2000-11-01,2.602821111679077,2.702383652844101,2.602821111679077,2.6739373206139656,36405637
2000-11-02,2.6739377975463867,2.6881600833592367,2.631267913230891,2.659713998295064,26705339
2000-11-03,2.6881604194641113,2.7166067603247197,2.673938131873027,2.7166067603247197,22264943
2000-11-06,2.602821111679077,2.6597135238996468,2.602821111679077,2.6597135238996468,14713173
2000-11-07,2.6454918384552,2.6597141249452863,2.617045752036482,2.6454918384551998,14235729
2000-11-08,2.6739377975463867,2.702384134850305,2.617045627418041,2.659713998295064,23979812
2000-11-09,2.7023847103118896,2.70238471031189,2.6597145646702187,2.70238471031189,26048713
2000-11-10,2.7166061401367188,2.745052222263448,2.702383855792513,2.7166061401367188,27512944
2000-11-13,2.6881604194641113,2.7308305613544666,2.6597143308432796,2.7308305613544666,29198674
2000-11-14,2.7023847103118896,2.7308308014335396,2.6739383669504413,2.70238471031189,21193961
2000-11-15,2.7023847103118896,2.7450530902749666,2.70238471031189,2.716606999153317,28088380
2000-11-16,2.602821111679077,2.6739373206139656,2.560152748412527,2.560152748412527,29110678
2000-11-17,2.6170454025268555,2.6312676871175382,2.560152985047714,2.560152985047714,21042348
2000-11-20,2.503260612487793,2.602821398963873,2.489036561963803,2.5601530309878284,23669017
2000-11-21,2.503260612487793,2.531706947857675,2.417922110857605,2.417922110857605,32113155
2000-11-22,2.489036798477173,2.5174828843103314,2.474814764519603,2.5032608503527616,29630994
2000-11-23,2.489036798477173,2.5032608503527616,2.446368678686444,2.474814764519603,25156104
2000-11-24,2.545928478240967,2.545928478240967,2.489036070963819,2.489036070963819,23061355
2000-11-27,2.545928478240967,2.5601525259590487,2.5174821484825536,2.545928478240967,15421558
2000-11-28,2.545928478240967,2.5601525259590487,2.531706448440314,2.545928478240967,13162647
2000-11-29,2.545928478240967,2.5743745557597015,2.503260118681901,2.5174821484825536,34507820
2000-11-30,2.531707525253296,2.5601536148710267,2.5174832192455012,2.5317075252532963,21013263
2000-12-01,2.6881604194641113,2.7023844727336352,2.5317074365290924,2.5317074365290924,58450479
2000-12-04,2.6739377975463867,2.6881600833592367,2.617045627418041,2.645491712482214,24548608
2000-12-05,2.7166061401367188,2.730829937919242,2.6739375214260646,2.6739375214260646,50015192
2000-12-06,2.730829954147339,2.7592760364431097,2.71660615628029,2.71660615628029,47962229
2000-12-07,2.759276866912842,2.759276866912842,2.7308307760555457,2.7450530647648033,35467282
2000-12-08,2.787721872329712,2.7877218723297115,2.7308294656749785,2.759275542882507,29589191
2000-12-11,2.801945209503174,2.8303912974242724,2.7592765821010676,2.787722922261937,25428945
2000-12-12,2.816167116165161,2.830390914922807,2.7877225455267114,2.8019448308459363,22983344
2000-12-13,2.858837604522705,2.858837604522705,2.7592767936454137,2.8019454243187782,37112808
2000-12-14,2.858837604522705,2.8730601450941062,2.8303915144207417,2.858837604522705,28266028
2000-12-15,2.816167116165161,2.858836998999677,2.7877225455267114,2.8446132002420317,16026301
2000-12-18,2.8303911685943604,2.8303911685943604,2.7734987431019444,2.8019450819680323,11635530
2000-12-19,2.901505470275879,2.901505470275879,2.8019446856456707,2.8303907682484293,51451251
2000-12-20,2.901505470275879,2.901505470275879,2.8588368508511883,2.8730593876731203,34349773
2000-12-21,2.8303911685943604,2.844613455188246,2.8019450819680323,2.844613455188246,33651753
2000-12-22,2.8303911685943604,2.8303911685943604,2.7734987431019444,2.816167368561918,21993404
2000-12-25,2.8303911685943604,2.8303911685943604,2.8303911685943604,2.8303911685943604,0
2000-12-26,2.801945209503174,2.8303912974242724,2.787722922261937,2.8303912974242724,11814651
2000-12-27,2.773498296737671,2.8303907130738732,2.7592760124327063,2.8303907130738732,12400449
2000-12-28,2.8446130752563477,2.8446130752563477,2.7734983726682603,2.787722423040671,21959262
2000-12-29,2.8303911685943604,2.844613455188246,2.787722795374146,2.8303911685943604,16850948
2001-01-01,2.8303911685943604,2.8303911685943604,2.8303911685943604,2.8303911685943604,0
2001-01-02,2.8303911685943604,2.844613455188246,2.8019450819680323,2.816167368561918,10588574
2001-01-03,2.773498296737671,2.8161669153305957,2.7308299303844645,2.8161669153305957,28615503
2001-01-04,2.773498296737671,2.8161669153305957,2.773498296737671,2.787722346720667,60169792
2001-01-05,2.6881604194641113,2.7734989375663828,2.645492043252195,2.7734989375663828,69931533
2001-01-08,2.6454918384552,2.6597141249452863,2.617045752036482,2.6454918384551998,55731591
2001-01-09,2.6739377975463867,2.6881600833592367,2.617045627418041,2.645491712482214,43623238
2001-01-10,2.7450525760650635,2.7592763756808494,2.659714066446132,2.6739378660619177,53319204
2001-01-11,2.7023847103118896,2.787723235916638,2.70238471031189,2.787723235916638,49101365
2001-01-12,2.6881604194641113,2.7308305613544666,2.673938131873027,2.7166067603247197,27216283
2001-01-15,2.7166061401367188,2.730829937919242,2.6881598057702707,2.6881598057702707,26552665
2001-01-16,2.787721872329712,2.7877218723297115,2.7308294656749785,2.745051747559715,39078946
2001-01-17,2.801945209503174,2.8161674967444106,2.7734988693423044,2.801945209503174,33183690
2001-01-18,2.8446130752563477,2.8446130752563477,2.7734983726682603,2.816166992429332,47652587
2001-01-19,2.8446130752563477,2.8446130752563477,2.8446130752563477,2.8446130752563477,0
2001-01-22,2.8446130752563477,2.8446130752563477,2.8446130752563477,2.8446130752563477,0
2001-01-23,2.8446130752563477,2.8446130752563477,2.8446130752563477,2.8446130752563477,0
2001-01-24,2.8446130752563477,2.8446130752563477,2.8446130752563477,2.8446130752563477,0
2001-01-25,2.8446130752563477,2.8446130752563477,2.8446130752563477,2.8446130752563477,0
2001-01-26,2.8446130752563477,2.8446130752563477,2.8446130752563477,2.8446130752563477,0
2001-01-29,2.787721872329712,2.8730588427539185,2.7877218723297115,2.8446125133067137,35086975
2001-01-30,2.858837604522705,2.858837604522705,2.7877231359871675,2.8019454243187782,49009613
2001-01-31,2.8730595111846924,2.873059511184692,2.844613175119314,2.8588369737513393,41050106
2001-02-01,2.8872830867767334,2.8872830867767334,2.8446129553755584,2.8730592892434834,19265739
2001-02-02,2.9299519062042236,2.9441759581797897,2.8872835338738385,2.8872835338738385,70355039
2001-02-05,2.9583988189697266,2.9583988189697266,2.887284094556692,2.929952475172867,39107472
2001-02-06,2.915729284286499,2.972621702043743,2.9015054861879443,2.9583979039451878,34945813
2001-02-07,2.8730595111846924,2.915729393642361,2.873059511184692,2.915729393642361,19118533
2001-02-08,2.8872830867767334,2.901505370871693,2.8730592892434834,2.901505370871693,29496992
2001-02-09,2.901505470275879,2.901505470275879,2.8446130528306375,2.8730593876731203,29344524
2001-02-12,2.915729284286499,2.9157292842864995,2.873059403429185,2.9015054861879443,19857949
2001-02-13,2.9726219177246094,2.9868442034167226,2.9299517815316056,2.9299517815316056,61127395
2001-02-14,2.9299519062042236,3.0010681302459865,2.9299519062042236,3.0010681302459865,21727667
2001-02-15,2.9299519062042236,2.972622044212888,2.9299519062042236,2.9441759581797897,30446989
2001-02-16,2.9299519062042236,2.9583982444770762,2.9015058201711255,2.9583982444770762,32354438
2001-02-19,2.901505470275879,2.9157292682964298,2.8872831856936707,2.8872831856936707,11028876
2001-02-20,2.9299519062042236,2.9441759581797897,2.9015058201711255,2.9015058201711255,17570609
2001-02-21,2.9583988189697266,2.9583988189697266,2.9015063836158106,2.9157301861137483,25741544
2001-02-22,2.9441754817962646,2.958397765792309,2.9157291481261827,2.958397765792309,22548142
2001-02-23,3.0010669231414795,3.0010669231414795,2.929950727704437,2.9583970545354625,50006117
2001-02-26,3.086406707763672,3.1006289943705205,3.0295145344591616,3.0295145344591616,61226921
2001-02-27,3.0579612255096436,3.1006296072020443,3.015291078138577,3.1006296072020443,32674346
2001-02-28,3.0579612255096436,3.057961225509644,3.057961225509644,3.057961225509644,0
2001-03-01,3.0579612255096436,3.0864073177841966,3.0295151332350914,3.057961225509644,74511101
2001-03-02,3.0579612255096436,3.0721835149274916,3.015291078138577,3.057961225509644,33862687
2001-03-05,3.0721828937530518,3.0721828937530513,3.029514520687905,3.0437368072301036,19101370
2001-03-06,3.0721828937530518,3.086406693733801,3.029514520687905,3.0721828937530513,35921843
2001-03-07,2.9726219177246094,3.0721827101245265,2.944175832901923,3.0721827101245265,39593479
2001-03-08,2.915729284286499,2.9583979039451878,2.88728320152774,2.9583979039451878,28928531
2001-03-09,2.9726219177246094,2.9726219177246094,2.901505696708919,2.9157294958394924,22827380
2001-03-12,2.8872830867767334,2.972621583901078,2.8872830867767334,2.972621583901078,15373559
2001-03-13,2.8730595111846924,2.8872833098167177,2.844613175119314,2.8872833098167177,43226751
2001-03-14,2.8730595111846924,2.873059511184692,2.873059511184692,2.873059511184692,0
2001-03-15,2.915729284286499,2.9157292842864995,2.8303907837704965,2.873059403429185,20197382
2001-03-16,2.915729284286499,2.9299515689467035,2.873059403429185,2.9299515689467035,19087607
2001-03-19,2.8446130752563477,2.9015054931501045,2.8446130752563477,2.9015054931501045,17822080
2001-03-20,2.8730595111846924,2.873059511184692,2.844613175119314,2.873059511184692,7243074
2001-03-21,2.901505470275879,2.9157292682964298,2.8446130528306375,2.8588368508511883,14737535
2001-03-22,2.8730595111846924,2.915729393642361,2.844613175119314,2.915729393642361,28329553
2001-03-23,2.858837604522705,2.887283946864459,2.844613802752353,2.8730601450941062,22096482
2001-03-26,2.8446130752563477,2.873059410323089,2.830390790562017,2.858836873389033,17354062
2001-03-27,2.858837604522705,2.858837604522705,2.8303915144207417,2.844613802752353,21009228
2001-03-28,2.816167116165161,2.858836998999677,2.816167116165161,2.858836998999677,19649021
2001-03-29,2.773498296737671,2.8161669153305957,2.773498296737671,2.8161669153305957,15943822
2001-03-30,2.773498296737671,2.787722346720667,2.7450522146894287,2.773498296737671,26183794
2001-04-02,2.7450525760650635,2.773498661858123,2.7308302898877894,2.773498661858123,8821367
2001-04-03,2.7023847103118896,2.7450530902749666,2.70238471031189,2.7450530902749666,10631846
2001-04-04,2.6739377975463867,2.716606420663155,2.645491712482214,2.702384134850305,28379687
2001-04-05,2.6739377975463867,2.6739377975463867,2.6739377975463867,2.6739377975463867,0
2001-04-06,2.6881604194641113,2.7166067603247197,2.6881604194641113,2.7023844727336352,18639500
2001-04-09,2.6170454025268555,2.688159852356956,2.6170454025268555,2.673937567766273,26368788
2001-04-10,2.58859920501709,2.6739377096439547,2.58859920501709,2.61704554138587,35733874
2001-04-11,2.631268262863159,2.645492064004483,2.602821921779406,2.645492064004483,14743803
2001-04-12,2.5743751525878906,2.64549162407035,2.57437515258789,2.64549162407035,24280362
2001-04-13,2.58859920501709,2.61704554138587,2.58859920501709,2.6028214903623996,9873489
2001-04-16,2.6454918384552,2.6454918384551998,2.5885994133780064,2.602821699868093,11971644
2001-04-17,2.631268262863159,2.645492064004483,2.602821921779406,2.631268262863159,8088213
2001-04-18,2.6597135066986084,2.6739373033209386,2.631267426892142,2.631267426892142,10522668
2001-04-19,2.6597135066986084,2.702383635367104,2.631267426892142,2.688159586505075,17772223
2001-04-20,2.6170454025268555,2.6597137697372473,2.6170454025268555,2.6597137697372473,7622364
2001-04-23,2.631268262863159,2.659714351707133,2.6170459751605093,2.6170459751605093,19472713
2001-04-24,2.6597135066986084,2.6597135066986084,2.631267426892142,2.631267426892142,12523154
2001-04-25,2.7023847103118896,2.716606999153317,2.6454922758287913,2.6454922758287913,33241022
2001-04-26,2.7023847103118896,2.716606999153317,2.6454922758287913,2.6454922758287913,33241022
2001-04-27,2.7023847103118896,2.716606999153317,2.70238471031189,2.70238471031189,21990671
2001-04-30,2.7166061401367188,2.7166061401367188,2.702383855792513,2.702383855792513,9977520
2001-05-01,2.7166061401367188,2.7166061401367188,2.7166061401367188,2.7166061401367188,0
2001-05-02,2.7023847103118896,2.716606999153317,2.6881606557918682,2.70238471031189,34483366
2001-05-03,2.6881604194641113,2.7166067603247197,2.6881604194641113,2.7023844727336352,20392956
2001-05-04,2.6454918384552,2.6881602113640044,2.6454918384551998,2.6881602113640044,19643145
2001-05-07,2.6597135066986084,2.688159586505075,2.6597135066986084,2.6739373033209386,9626418
2001-05-08,2.6881604194641113,2.7023844727336352,2.645492043252195,2.6597143308432796,15877460
2001-05-09,2.7166061401367188,2.745052222263448,2.6739375214260646,2.6739375214260646,23058714
2001-05-10,2.6739377975463867,2.716606420663155,2.659713998295064,2.716606420663155,9984732
2001-05-11,2.6597135066986084,2.6739373033209386,2.6597135066986084,2.6739373033209386,13141009
2001-05-14,2.6739377975463867,2.6881600833592367,2.645491712482214,2.6739377975463867,8372573
2001-05-15,2.6881604194641113,2.7023844727336352,2.673938131873027,2.6881604194641113,5832956
2001-05-16,2.6739377975463867,2.702384134850305,2.6739377975463867,2.6881600833592367,8124345
2001-05-17,2.7166061401367188,2.745052222263448,2.6739375214260646,2.6739375214260646,16285387
2001-05-18,2.773498296737671,2.773498296737671,2.702383848336223,2.7592760124327063,20303249
2001-05-21,2.773498296737671,2.787722346720667,2.7450522146894287,2.773498296737671,31835274
2001-05-22,2.901505470275879,2.9157292682964298,2.745052268200429,2.773498350803188,49760037
2001-05-23,2.901505470275879,2.901505470275879,2.8588368508511883,2.901505470275879,32654299
2001-05-24,2.816167116165161,2.901505620635509,2.8019448308459363,2.8730595365586384,13694731
2001-05-25,2.8303911685943604,2.844613455188246,2.7734987431019444,2.816167368561918,18691997
2001-05-28,2.787721872329712,2.816166436099185,2.7734978247672437,2.8019441542144485,9888852
2001-05-29,2.801945209503174,2.844613584665509,2.7734988693423044,2.7734988693423044,19695010
2001-05-30,2.6881604194641113,2.7734989375663828,2.673938131873027,2.7734989375663828,34503357
2001-05-31,2.58859920501709,2.6312678267311793,2.5601531208880477,2.5601531208880477,50931549
2001-06-01,2.602821111679077,2.6170451606330967,2.574374779448942,2.5885988284029615,25271418
2001-06-04,2.5743751525878906,2.6170455399568406,2.57437515258789,2.6170455399568406,10543199
2001-06-05,2.58859920501709,2.6312678267311793,2.57437515399362,2.58859920501709,15025858
2001-06-06,2.6170454025268555,2.6454914851465645,2.588599067667423,2.602821352258106,15429214
2001-06-07,2.5743751525878906,2.588599203603594,2.545929068474381,2.588599203603594,25613790
2001-06-08,2.503260612487793,2.5601530309878284,2.489036561963803,2.5601530309878284,48437320
2001-06-11,2.503260612487793,2.5032606124877934,2.4321441434637676,2.4463684462274866,18850658
2001-06-12,2.4748146533966064,2.503260737952492,2.4605906021596993,2.4748146533966064,23382192
2001-06-13,2.4605908393859863,2.5032609792926195,2.4605908393859863,2.4748148919942383,21497095
2001-06-14,2.503260612487793,2.5032606124877934,2.4605904788336495,2.4605904788336495,17601075
2001-06-15,2.503260612487793,2.5174826450939563,2.489036561963803,2.5032606124877934,9187490
2001-06-18,2.4748146533966064,2.5174827712714705,2.4605906021596993,2.503260737952492,9000321
2001-06-19,2.503260612487793,2.5032606124877934,2.4605904788336495,2.47481452935764,9920184
2001-06-20,2.503260612487793,2.531706947857675,2.5032606124877934,2.5032606124877934,12175976
2001-06-21,2.517482280731201,2.531706581436194,2.4890362017181342,2.5032602501834353,10036139
2001-06-22,2.4748146533966064,2.5174827712714705,2.417922232045094,2.5174827712714705,7643076
2001-06-25,2.4748146533966064,2.4748146533966064,2.4748146533966064,2.4748146533966064,0
2001-06-26,2.4321441650390625,2.474814551311459,2.4321441650390625,2.4463684679289632,6862222
2001-06-27,2.3752517700195312,2.4321441895987506,2.3610294849038596,2.4321441895987506,20385963
2001-06-28,2.3468055725097656,2.3894757049034485,2.3468055725097656,2.3752516547996314,11096945
2001-06-29,2.446369171142578,2.446369171142578,2.3752524288053083,2.403698772604492,18026830
2001-07-02,2.446369171142578,2.446369171142578,2.389476483544211,2.446369171142578,13639842
2001-07-03,2.4321441650390625,2.4463684679289632,2.4036980816565667,2.4321441650390625,7610303
2001-07-04,2.417922019958496,2.417922019958496,2.37525163566877,2.4036979699692433,10753884
2001-07-05,2.3610293865203857,2.389475721244511,2.3610293865203857,2.389475721244511,11148626
2001-07-06,2.332583427429199,2.375251796693783,2.332583427429199,2.361029511418394,24580222
2001-07-09,2.417210578918457,2.417210578918457,2.402561502703265,2.402561502703265,23719858
2001-07-10,2.463862895965576,2.4976149603205977,2.446987992204513,2.4807380818307516,16452282
2001-07-11,2.4132349491119385,2.4638621847174678,2.4132349491119385,2.4638621847174678,13495279
2001-07-12,2.4132349491119385,2.4469872858277157,2.4047960891469105,2.4132349491119385,11818643
2001-07-13,2.261353015899658,2.430110211023864,2.2444779734370117,2.4216738887348495,19052026
2001-07-16,2.109471082687378,2.227600905880166,2.109471082687378,2.193850817443835,19766489
2001-07-17,2.0504071712493896,2.0841572587354413,2.0250912909117473,2.0672823560444624,18036090
2001-07-18,2.0335299968719482,2.067282197551006,1.9913410507544604,2.0588433363320338,23487272
2001-07-19,2.0250914096832275,2.0419687112488574,1.9575889739193593,1.9575889739193593,17428328
2001-07-20,2.008216381072998,2.075720787366244,1.9913411963379886,2.025091283703915,18441455
2001-07-23,2.0335299968719482,2.067282197551006,2.0082162342557544,2.0082162342557544,20079287
2001-07-24,2.04196834564209,2.1094707693199024,2.016654584132835,2.0250910470982766,31717409720
2001-07-25,2.1600983142852783,2.1685367520648753,2.0588432672194954,2.0588432672194954,26183371
2001-07-26,2.168536901473999,2.2613530939989945,2.1263482359700596,2.160098463113006,36736987
2001-07-27,2.2529165744781494,2.278228221580151,2.18541203135766,2.210725794240226,44988053
2001-07-30,2.2529165744781494,2.2529165744781494,2.2529165744781494,2.2529165744781494,0
2001-07-31,2.244478225708008,2.320419240048257,2.202289274815166,2.252916805778068,21876504
2001-08-01,2.202289581298828,2.2782287725305475,2.202289581298828,2.2613535847707054,9409823
2001-08-02,2.227600574493408,2.261352914741421,2.1938504910778747,2.2022889287699527,7076952
2001-08-03,2.1516599655151367,2.227600835778189,2.1263483168227704,2.1938507484039644,35529884
2001-08-06,2.1854119300842285,2.202288946657494,2.1432229854778577,2.1516597306141017,13582765
2001-08-07,2.168536901473999,2.1854120855714925,2.160098463113006,2.1769736472104992,10521257
2001-08-08,2.202289581298828,2.2276012345220173,2.126348697442248,2.176974119669702,36636531
2001-08-09,2.1516599655151367,2.2022891870858228,2.134784780775978,2.1938507484039644,18780160
2001-08-10,2.0841569900512695,2.1516596952579428,2.075720527157716,2.1432229502603315,25752151
2001-08-13,2.0841569900512695,2.1179091889667787,2.0672820895357593,2.0841569900512695,20855293
2001-08-14,2.1010327339172363,2.1094711732268316,2.075720942289875,2.0841574068706725,9309841
2001-08-15,2.1179091930389404,2.1432229543811645,2.0925958548528034,2.1010323177625776,23514056
2001-08-16,2.176973819732666,2.185412258762394,2.1263484044802325,2.134784868781228,20479112
2001-08-17,2.176973819732666,2.2022892778739025,2.1600986342978374,2.1938508388441744,14904276
2001-08-20,2.1516599655151367,2.1685369839309003,2.1263483168227704,2.1263483168227704,11751123
2001-08-21,2.1432228088378906,2.1685365684610924,2.1263479094358857,2.1516595532787957,8322515
2001-08-22,2.1516599655151367,2.160098545249042,2.1263483168227704,2.1263483168227704,10715852
2001-08-23,2.1516599655151367,2.1685369839309003,2.1432232194578362,2.1432232194578362,11753191
2001-08-24,2.109471082687378,2.143223286904473,2.101032643739964,2.143223286904473,15156298
2001-08-27,2.07572078704834,2.1094710154611436,2.07572078704834,2.07572078704834,8504139
2001-08-28,2.0335299968719482,2.0588433363320338,2.0250911356529757,2.0588433363320338,22049722
2001-08-29,2.07572078704834,2.07572078704834,1.9744658702485356,2.0166548194439233,22218433
2001-08-30,2.0925958156585693,2.0925958156585693,2.0335298564422426,2.067282054790471,17128959
2001-08-31,2.07572078704834,2.07572078704834,2.041968583906886,2.050407163637424,10403162
2001-09-03,2.1010327339172363,2.1010327339172363,2.04196873662412,2.058843640514513,14444907
2001-09-04,2.1432228088378906,2.1432228088378906,2.0588430929031456,2.101032175084411,13897185
2001-09-05,2.1600983142852783,2.1600983142852783,2.117909228531984,2.117909228531984,16768029
2001-09-06,2.1600983142852783,2.1685367520648753,2.126348089467675,2.1600983142852783,13767957
2001-09-07,2.176973819732666,2.176973819732666,2.1432233078109566,2.1600986342978374,15945039
2001-09-10,2.176973819732666,2.1938508388441744,2.1432233078109566,2.176973819732666,11216451
2001-09-11,2.1854119300842285,2.193850508896877,2.16009830942675,2.1769734923236115,19325946
2001-09-12,2.1854119300842285,2.1854119300842285,2.1854119300842285,2.1854119300842285,0
2001-09-13,2.067282199859619,2.1094708639201483,2.033529999142869,2.033529999142869,18336705
2001-09-14,2.1010327339172363,2.1263484750021937,2.058843640514513,2.0672825029802797,29384222
2001-09-17,2.1010327339172363,2.1010327339172363,2.1010327339172363,2.1010327339172363,0
2001-09-18,2.1010327339172363,2.1010327339172363,2.1010327339172363,2.1010327339172363,0
2001-09-19,2.1010327339172363,2.1010327339172363,2.1010327339172363,2.1010327339172363,0
2001-09-20,2.04196834564209,2.075720544845206,2.04196834564209,2.058843246301393,26529122
2001-09-21,1.9744657278060913,1.9744657278060913,1.9744657278060913,1.9744657278060913,4110717
2001-09-24,1.9744657278060913,1.9744657278060913,1.9744657278060913,1.9744657278060913,0
2001-09-25,1.9575889110565186,1.9829026762852218,1.8900866185123648,1.9829026762852218,28587551
2001-09-26,1.9744657278060913,1.9744657278060913,1.898524863051889,1.9069613263931045,28729689
2001-09-27,1.94071364402771,1.9744658467677756,1.9238387416000575,1.9575888285594516,10415928
2001-09-28,1.94071364402771,1.94071364402771,1.94071364402771,1.94071364402771,0
2001-10-01,1.94071364402771,1.94071364402771,1.94071364402771,1.94071364402771,0
2001-10-02,1.999779462814331,2.041968408383239,1.9575886835689773,2.041968408383239,12533451
2001-10-03,1.9913409948349,1.9997794326608007,1.9407134710242018,1.9744656707554518,15209566
2001-10-04,2.04196834564209,2.04196834564209,1.9913409636756103,2.0250910470982766,14898317
2001-10-05,2.0504071712493896,2.0672823560444624,2.0082163882207684,2.0250912909117473,11691830
2001-10-08,2.0250914096832275,2.050407291505645,1.9997797594224673,1.9997797594224673,13526637
2001-10-09,2.07572078704834,2.07572078704834,2.008216380765432,2.0166548194439233,19509873
2001-10-10,2.07572078704834,2.07572078704834,2.07572078704834,2.07572078704834,0
2001-10-11,2.1938507556915283,2.202289194401418,2.075720794771801,2.075720794771801,37825543
2001-10-12,2.1938507556915283,2.261353187496953,2.134784787867336,2.261353187496953,47081943
2001-10-15,2.202289581298828,2.202289581298828,2.1432236030979466,2.1432236030979466,27634541
2001-10-16,2.227600574493408,2.227600574493408,2.1854119123337665,2.2022889287699527,17312875
2001-10-17,2.261353015899658,2.261353015899658,2.2191643518527697,2.227600674141785,25083175
2001-10-18,2.244478225708008,2.252916805778068,2.202289274815166,2.252916805778068,18238914
2001-10-19,2.244478225708008,2.244478225708008,2.1516600512276387,2.202289274815166,20476852
2001-10-22,2.210725784301758,2.2276006858006885,2.193850600698753,2.2276006858006885,20291662
2001-10-23,2.2191641330718994,2.2191641330718994,2.1600981755529234,2.1938503729312306,28123727
2001-10-24,2.278228521347046,2.278228521347046,2.1938508992259345,2.1938508992259345,25395148
2001-10-25,2.2866671085357666,2.2951059714998343,2.261353481736935,2.2866671085357666,26471943
2001-10-26,2.3119804859161377,2.3119804859161377,2.2782282839577803,2.286666722340484,28263939
2001-10-29,2.303541898727417,2.3119803365650076,2.2529164906270713,2.2866665746245918,14540347
2001-10-30,2.269791603088379,2.2866665035103053,2.24447784193521,2.2866665035103053,22928235
2001-10-31,2.269791603088379,2.2866665035103053,2.236039404360051,2.24447784193521,22722852
2001-11-01,2.2529165744781494,2.2613530379012827,2.210725794240226,2.244477995274452,26653802
2001-11-02,2.1938507556915283,2.2697919083109364,2.1938507556915283,2.244478143753785,16349060
2001-11-05,2.1432228088378906,2.1938503280842947,2.1432228088378906,2.1938503280842947,16226964
2001-11-06,2.1263482570648193,2.185412107252204,2.1263482570648193,2.176973668807496,15404270
2001-11-07,2.168536901473999,2.1938506649845273,2.1263482359700596,2.1263482359700596,19247925
2001-11-08,2.176973819732666,2.1938508388441744,2.1600986342978374,2.185412258762394,22916631
2001-11-09,2.176973819732666,2.176973819732666,2.176973819732666,2.176973819732666,0
2001-11-12,2.236039638519287,2.244478076978124,2.219164454226127,2.244478076978124,15605141
2001-11-13,2.202289581298828,2.244478538062935,2.202289581298828,2.2276012345220173,9082174
2001-11-14,2.210725784301758,2.2276006858006885,2.193850600698753,2.2276006858006885,13180939
2001-11-15,2.227600574493408,2.244477873033654,2.1854119123337665,2.210725673837671,28506533
2001-11-16,2.176973819732666,2.227600927609727,2.1600986342978374,2.227600927609727,34366585
2001-11-19,2.227600574493408,2.236039435341576,2.1769734746416884,2.1938504910778747,25093079
2001-11-20,2.2529165744781494,2.354169369175811,2.244477995274452,2.244477995274452,43680232
2001-11-21,2.404796600341797,2.404796600341797,2.2782283433709605,2.2782283433709605,54296529
2001-11-22,2.379483461380005,2.5144903014703988,2.3541695554425135,2.463862771699513,46807656
2001-11-23,2.371046304702759,2.430110150800603,2.3541692879298526,2.387921487799239,19146751
2001-11-26,2.4132349491119385,2.4638621847174678,2.371046009263376,2.371046009263376,33897977
2001-11-27,2.3288559913635254,2.4469880797819803,2.2866670378262572,2.4469880797819803,55341037
2001-11-28,2.227600574493408,2.3372940582011057,2.227600574493408,2.3288554794569976,24336740
2001-11-29,2.261353015899658,2.278228199414341,2.2107257727311747,2.2444779734370117,25615096
2001-11-30,2.227600574493408,2.261352914741421,2.227600574493408,2.261352914741421,17125525
2001-12-03,2.3204190731048584,2.3288556778392144,2.227600764250284,2.227600764250284,22425376
2001-12-04,2.2951061725616455,2.3204196605259897,2.2360401918775294,2.278228868311177,19345770
2001-12-05,2.278228521347046,2.320419307136388,2.261353335447758,2.2866669606090264,25045051
2001-12-06,2.430110216140747,2.430110216140747,2.3035419669009976,2.311980404988325,43556971
2001-12-07,2.4723012447357178,2.4723012447357178,2.3794830870427703,2.4301100446408928,34148723
2001-12-10,2.632619619369507,2.632619619369507,2.421673770497746,2.4554238537752067,69835996
2001-12-11,2.4976143836975098,2.6326195068037945,2.4976143836975098,2.6326195068037945,43278548
2001-12-12,2.581993579864502,2.6494980020092087,2.497615379542932,2.497615379542932,43225419
2001-12-13,2.4554240703582764,2.6326198515823025,2.4216739841038564,2.6326198515823025,49831082
2001-12-14,2.337294101715088,2.362607863690265,2.2951054387700096,2.337294101715088,72661613
2001-12-17,2.396360158920288,2.396360158920288,2.3372941947691768,2.3372941947691768,61361721
2001-12-18,2.371046304702759,2.387921487799239,2.3204189217368927,2.387921487799239,36072093
2001-12-19,2.303541898727417,2.3879214813342218,2.2951054356182796,2.3794831845486635,14988329
2001-12-20,2.3288559913635254,2.3372945719625204,2.295105900529374,2.3119808048943886,20252398
2001-12-21,2.3119804859161377,2.3372942494917917,2.2613530998168714,2.3372942494917917,21922429
2001-12-24,2.3288559913635254,2.3457330115094543,2.3035423653474547,2.3372945719625204,23062573
2001-12-25,2.362607479095459,2.379482800474425,2.328855143713412,2.362607479095459,21593594
2001-12-26,2.371046304702759,2.3963600667117086,2.3457325426938094,2.3963600667117086,21582745
2001-12-27,2.303541898727417,2.3963600602238446,2.2951054356182796,2.3794831845486635,17974898
2001-12-28,2.2951061725616455,2.3204196605259897,2.2951061725616455,2.311981078926794,19249697
2001-12-31,2.303541898727417,2.337294098505423,2.303541898727417,2.3288555196158,17936844
2002-01-01,2.303541898727417,2.303541898727417,2.303541898727417,2.303541898727417,0
2002-01-02,2.337294101715088,2.396360063514621,2.2951054387700096,2.303541901890732,32154343
2002-01-03,2.337294101715088,2.337294101715088,2.337294101715088,2.337294101715088,0
2002-01-04,2.379483461380005,2.379483461380005,2.3204191854143783,2.337294370428446,26713206
2002-01-07,2.4469876289367676,2.4469876289367676,2.379483228143984,2.413235287488341,22883992
2002-01-08,2.3288559913635254,2.404796869411737,2.3288559913635254,2.3541697584316568,32951506
2002-01-09,2.3541693687438965,2.379483272673856,2.3372941850681244,2.345732623218236,14695973
2002-01-10,2.371046304702759,2.387921487799239,2.3541692879298526,2.362607866842322,15718485
2002-01-11,2.371046304702759,2.3963600667117086,2.3457325426938094,2.379483190990835,19356761
2002-01-14,2.3457324504852295,2.387921393932251,2.3457324504852295,2.3794830974555485,15556803
2002-01-15,2.337294101715088,2.3541692847890543,2.320418918641122,2.3457325395642665,13683418
2002-01-16,2.3457324504852295,2.3626077739703892,2.3119802519426114,2.3372940129565003,14068534
2002-01-17,2.362607479095459,2.379482800474425,2.311979963386456,2.311979963386456,12996177
2002-01-18,2.3457324504852295,2.3794830974555485,2.3288554343757433,2.3794830974555485,10388005
2002-01-21,2.463862895965576,2.463862895965576,2.3626082544731273,2.3710466937180503,33487469
2002-01-22,2.430110216140747,2.4976146176945595,2.413235314694605,2.46386255796969,26514704
2002-01-23,2.4385488033294678,2.5144898007595526,2.4047961831897178,2.413235043484759,17318605
2002-01-24,2.4891765117645264,2.5060516966103252,2.446987844389791,2.480737931977295,18163502
2002-01-25,2.531365156173706,2.531365156173706,2.506051394591385,2.514489973361634,17423882
2002-01-28,2.6494977474212646,2.6494977474212646,2.548242675506592,2.565117862582729,44391099
2002-01-29,2.6494977474212646,2.683247839469407,2.5819933317629986,2.6494977474212646,45902108
2002-01-30,2.6494977474212646,2.7338753754267433,2.5819933317629986,2.6326203035120708,74878118
2002-01-31,2.6494977474212646,2.6494977474212646,2.6494977474212646,2.6494977474212646,0
2002-02-01,2.8520050048828125,2.953259500254421,2.835129537758309,2.8688818825278046,66350910
2002-02-04,2.970136880874634,3.037639030085108,2.852004946085271,2.852004946085271,57347153
2002-02-05,3.00388765335083,3.037639723019781,2.852005596673802,2.9363852066378664,47862692
2002-02-06,3.00388765335083,3.0207648166019303,2.9532601130557166,2.9532601130557166,31870486
2002-02-07,3.00388765335083,3.00388765335083,3.00388765335083,3.00388765335083,0
2002-02-08,3.00388765335083,3.00388765335083,3.00388765335083,3.00388765335083,0
2002-02-11,3.00388765335083,3.00388765335083,3.00388765335083,3.00388765335083,0
2002-02-12,3.00388765335083,3.00388765335083,3.00388765335083,3.00388765335083,0
2002-02-13,3.00388765335083,3.00388765335083,3.00388765335083,3.00388765335083,0
2002-02-14,3.00388765335083,3.00388765335083,3.00388765335083,3.00388765335083,0
2002-02-15,3.00388765335083,3.00388765335083,3.00388765335083,3.00388765335083,0
2002-02-18,3.00388765335083,3.037639723019781,2.9701375584109733,3.00388765335083,25454939
2002-02-19,2.885756731033325,2.987011496701475,2.8520046723038344,2.987011496701475,20022366
2002-02-20,2.8182549476623535,2.8857573878611924,2.784502599146418,2.8857573878611924,22181487
2002-02-21,2.902632474899292,2.953259726462952,2.8351297549185306,2.953259726462952,19401767
2002-02-22,3.105142116546631,3.105142116546631,2.902632541441279,2.9195097028699997,75702013
2002-02-25,3.1726458072662354,3.1726458072662354,3.0882659510526027,3.138893469835131,48362237
2002-02-26,3.0713911056518555,3.1895210553854283,3.0713911056518555,3.1726461542922526,29543551
2002-02-27,3.105142116546631,3.155769369270906,3.03763939501839,3.0882669298467906,29182112
2002-02-28,3.105142116546631,3.105142116546631,3.105142116546631,3.105142116546631,0
2002-03-01,2.970136880874634,3.105141743503766,2.9026321927273333,3.105141743503766,36733059
2002-03-04,3.00388765335083,3.037639723019781,2.9532601130557166,3.00388765335083,15222441
2002-03-05,3.00388765335083,3.037639723019781,2.9195100181158598,3.037639723019781,24554930
2002-03-06,2.936384439468384,2.9532593414774415,2.8688817282872443,2.9363844394683833,27260868
2002-03-07,2.733874559402466,2.9026317397706305,2.733874559402466,2.8688813756923794,62132718
2002-03-08,2.835129737854004,2.835129737854004,2.7507501394434226,2.7507501394434226,41753693
2002-03-11,2.8688817024230957,2.885756886384099,2.8351293597725284,2.8688817024230953,18610736
2002-03-12,2.8688817024230957,2.93638441299567,2.8351293597725284,2.9026320703451027,34365621
2002-03-13,2.8688817024230957,2.9026320703451027,2.7845021152650373,2.8688817024230953,44723023
2002-03-14,2.8182549476623535,2.852005321449386,2.784502599146418,2.8013797607688375,19757012
2002-03-15,2.7845022678375244,2.835129515119057,2.75074992333755,2.8013794274518458,17713990
2002-03-18,2.7507500648498535,2.784502411086217,2.7338751612001664,2.784502411086217,20779460
2002-03-19,2.7169997692108154,2.7676272973580622,2.70012458473794,2.750749856052478,16875187
2002-03-20,2.835129737854004,2.835129737854004,2.7338752353361295,2.7338752353361295,21525203
2002-03-21,2.767627477645874,2.8520050981312806,2.767627477645874,2.835129630455021,17740647
2002-03-22,2.835129737854004,2.835129737854004,2.8013796475353003,2.8013796475353003,12940828
2002-03-25,2.835129737854004,2.868882085005648,2.8013796475353003,2.868882085005648,7540905
2002-03-26,2.7845022678375244,2.8013794274518458,2.733875020555992,2.7845022678375244,26713815
2002-03-27,2.7169997692108154,2.7676272973580622,2.7169997692108154,2.7676272973580622,28781547
2002-03-28,2.7845022678375244,2.7845022678375244,2.7169998356703386,2.733875020555992,21528243
2002-03-29,2.7507500648498535,2.8013795715687837,2.7169999754463694,2.784502411086217,9836292
2002-04-01,2.733874559402466,2.767626898209052,2.71699937736334,2.7507494593375434,7147855
2002-04-02,2.767627477645874,2.767627477645874,2.7338751317728196,2.7338751317728196,7661190
2002-04-03,2.767627477645874,2.7845023811139202,2.7338751317728196,2.767627477645874,12647373
2002-04-04,2.767627477645874,2.7845023811139202,2.7338751317728196,2.767627477645874,13180326
2002-04-05,2.767627477645874,2.767627477645874,2.767627477645874,2.767627477645874,0
2002-04-08,2.801379680633545,2.8351297713510046,2.75075017194348,2.767627615187238,25615634
2002-04-09,2.801379680633545,2.8351297713510046,2.7845025194939077,2.818254867044335,18090735
2002-04-10,2.7845022678375244,2.818254612337499,2.7676273650559664,2.818254612337499,13478041
2002-04-11,2.733874559402466,2.80137895491159,2.71699937736334,2.80137895491159,36038231
2002-04-12,2.7845022678375244,2.7845022678375244,2.7001246507846854,2.7001246507846854,12877506
2002-04-15,2.7507500648498535,2.76762750743653,2.7338751612001664,2.7338751612001664,10379693
2002-04-16,2.7507500648498535,2.784502411086217,2.7507500648498535,2.7507500648498535,12040270
2002-04-17,2.8182549476623535,2.8182549476623535,2.7507502506304826,2.784502599146418,19776737
2002-04-18,2.885756731033325,2.885756731033325,2.8351292071472183,2.8520046723038344,33920021
2002-04-19,2.9532597064971924,2.9532597064971924,2.8857572690769064,2.9026324552758016,33757377
2002-04-22,2.902632474899292,2.953259726462952,2.8351297549185306,2.93638482225409,48180213
2002-04-23,2.8520050048828125,2.902632252568617,2.835129537758309,2.902632252568617,20543606
2002-04-24,2.8182549476623535,2.852005321449386,2.784502599146418,2.8351298524517405,25776611
2002-04-25,2.885756731033325,2.970136595752989,2.8182543061987317,2.8182543061987317,134406878
2002-04-26,2.801379680633545,2.868882118901432,2.7845025194939077,2.868882118901432,44714566
2002-04-29,2.733874559402466,2.80137895491159,2.71699937736334,2.7845017981441296,52334316
2002-04-30,2.666372060775757,2.7507496700594403,2.5988696348239264,2.7507496700594403,48728436
2002-05-01,2.666372060775757,2.666372060775757,2.666372060775757,2.666372060775757,0
2002-05-02,2.5482418537139893,2.6663717925044756,2.4976143340837225,2.6494968929745237,58942819
2002-05-03,2.581993579864502,2.6832480973003685,2.548242920365024,2.5651181090626833,61200590
2002-05-06,2.5060513019561768,2.598869458708589,2.497614416122159,2.581992583895999,29297523
2002-05-07,2.531365156173706,2.5651172144222145,2.4976145084455013,2.4976145084455013,32191839
2002-05-08,2.5482418537139893,2.581992499086017,2.522928093898856,2.5482418537139893,40034544
2002-05-09,2.6494977474212646,2.6494977474212646,2.565117862582729,2.5988702114639284,41056502
2002-05-10,2.733874559402466,2.733874559402466,2.615744617775965,2.649496956582551,31349563
2002-05-13,2.7507500648498535,2.784502411086217,2.7001247896925724,2.7338751612001664,30556178
2002-05-14,2.7169997692108154,2.7845021997268495,2.7169997692108154,2.7845021997268495,12864950
2002-05-15,2.700125217437744,2.75075050061492,2.6663728658544414,2.75075050061492,25280464
2002-05-16,2.6494977474212646,2.700125001274469,2.6326203035120708,2.700125001274469,22391317
2002-05-17,2.733874559402466,2.7507494593375434,2.6663718565176286,2.6663718565176286,28628616
2002-05-20,2.700125217437744,2.75075050061492,2.6663728658544414,2.7338755942919644,21338732
2002-05-21,2.767627477645874,2.767627477645874,2.7001247606285137,2.7338751317728196,27202679
2002-05-22,2.8688817024230957,2.8688817024230953,2.75074977261447,2.7845021152650373,51172892
2002-05-23,2.8688817024230957,2.93638441299567,2.852004825837612,2.8688817024230953,54448982
2002-05-24,2.902632474899292,2.9195096359411083,2.8688821022733286,2.8857572885863103,29329165
2002-05-27,2.801379680633545,2.8857573053122225,2.7845025194939077,2.868882118901432,34171905
2002-05-28,2.7507500648498535,2.8182547573225807,2.7338751612001664,2.784502411086217,21081744
2002-05-29,2.8182549476623535,2.8351298524517405,2.7507502506304826,2.7507502506304826,22113627
2002-05-30,2.970136880874634,3.0038869681155496,2.852004946085271,2.868881823382326,85439510
2002-05-31,2.801379680633545,3.003887277541328,2.801379680633545,2.987012091130538,53124661
2002-06-03,2.8520050048828125,2.8688818825278046,2.7845022900725045,2.8013794498215945,33797394
2002-06-04,2.835129737854004,2.852005206169532,2.818254833746711,2.835129737854004,12912789
2002-06-05,2.885756731033325,2.9026319140858767,2.8520046723038344,2.8520046723038344,25046802
2002-06-06,3.00388765335083,3.0545151936459436,2.8688824778207462,2.885757666342753,73320725
2002-06-07,3.0376381874084473,3.071390522118802,2.9701360569238604,3.0038861348021064,80504919
2002-06-10,3.105142116546631,3.122017303246471,2.9701372376984003,3.03763939501839,67209116
2002-06-11,3.0545148849487305,3.138894486385173,3.037639416028046,3.1220173248397223,29995156
2002-06-12,3.0713911056518555,3.088266288849098,3.0038867055100105,3.0545142298302093,35179895
2002-06-13,3.0376381874084473,3.071390522118802,3.0038861348021064,3.071390522118802,29161655
2002-06-14,3.00388765335083,3.037639723019781,2.9701375584109733,3.00388765335083,23764329
2002-06-17,2.970136880874634,3.0038869681155496,2.9363845368009835,2.987011783443046,21966372
2002-06-18,2.919509172439575,2.9870115995995254,2.9026320140771773,2.9701366980697244,25822565
2002-06-19,2.902632474899292,2.970137169608888,2.8857572885863103,2.9195096359411083,29772582
2002-06-20,3.00388765335083,3.00388765335083,2.8688824778207462,2.885757666342753,24189439
2002-06-21,3.088266372680664,3.1051415563359863,3.054514312745569,3.054514312745569,56144724
2002-06-24,3.088266372680664,3.1051415563359863,3.0207639454349238,3.1051415563359863,33267083
2002-06-25,3.00388765335083,3.0882672633148944,3.00388765335083,3.0882672633148944,22095067
2002-06-26,3.00388765335083,3.037639723019781,2.9195100181158598,2.9701375584109733,38554224
2002-06-27,2.902632474899292,3.0207644211725486,2.9026324748992915,3.003887260130732,26123030
2002-06-28,2.902632474899292,2.970137169608888,2.8857572885863103,2.9195096359411083,52966040
2002-07-01,3.00388765335083,3.00388765335083,2.8351301260476394,2.9026328548647595,35714491
2002-07-02,3.0545148849487305,3.0545148849487305,2.9701372582411825,3.0038873497701672,29017191
2002-07-03,2.987011194229126,3.0376384308845257,2.9195087762299985,3.0376384308845257,31788858
2002-07-04,2.987011194229126,3.0376384308845257,2.9532588568134175,3.0038863755728533,24172273
2002-07-05,2.970136880874634,3.0038869681155496,2.9363845368009835,2.987011783443046,22678513
2002-07-08,2.919509172439575,2.9870115995995254,2.8857568304433014,2.9870115995995254,46432483
2002-07-09,2.919509172439575,2.953259257603252,2.9026320140771773,2.919509172439575,18379528
2002-07-10,2.9532597064971924,2.9532597064971924,2.9026324552758016,2.9532597064971924,17996774
2002-07-11,2.919509172439575,2.953259257603252,2.9026320140771773,2.953259257603252,20214382
2002-07-12,2.9532597064971924,2.987012053623805,2.936384802402414,2.9532597064971924,23171064
2002-07-15,2.902632474899292,2.970137169608888,2.9026324748992915,2.953259726462952,16439273
2002-07-16,2.8688817024230957,2.93638441299567,2.8688817024230953,2.9026320703451027,28535631
2002-07-17,2.936384439468384,2.9532593414774415,2.8688817282872443,2.8688817282872443,21879733
2002-07-18,3.020763874053955,3.037638775206447,2.936384290418266,2.9532591915707584,52993602
2002-07-19,2.970136880874634,3.0713913741587584,2.9701368808746342,3.0713913741587584,26748535
2002-07-22,2.919509172439575,2.9870115995995254,2.8857568304433014,2.9701366980697244,38951553
2002-07-23,2.987011194229126,3.0038863755728533,2.902631620158018,2.9195087762299985,43563667
2002-07-24,2.9532597064971924,2.987012053623805,2.9026324552758016,2.936384802402414,51781045
2002-07-25,3.083631753921509,3.120783440285346,3.083631753921509,3.102207597103427,33522227
2002-07-26,3.0279033184051514,3.083631439202124,2.935023515036091,3.083631439202124,45726253
2002-07-29,2.9350247383117676,3.04648072788953,2.9164488892835796,3.0279045803917977,49073698
2002-07-30,2.89787220954895,2.9907520250039754,2.860718134386837,2.9721761813007537,79452773
2002-07-31,2.8792967796325684,2.916448472378121,2.879296779632568,2.8978726260053445,30730698
2002-08-01,2.9350247383117676,2.9350247383117676,2.8607189544426603,2.8792971912272027,30682714
2002-08-02,2.9721763134002686,2.9721763134002686,2.879296493817164,2.9164481828748285,28561107
2002-08-05,2.8792967796325684,2.9721766084354537,2.8235665542887243,2.916448472378121,49192953
2002-08-06,2.78641414642334,2.879296040675044,2.78641414642334,2.842141671239467,44946017
2002-08-07,2.842141628265381,2.8607177680593048,2.804989945616375,2.8235657869408777,55666929
2002-08-08,2.80499005317688,2.860717877756756,2.80499005317688,2.8421417372505093,29169273
2002-08-09,2.8607177734375,2.8792960025522945,2.823565792249227,2.823565792249227,20566618
2002-08-12,2.9164481163024902,2.9164481163024902,2.8607181962323374,2.8792964280928692,23683017
2002-08-13,2.9350247383117676,2.9536008858095,2.897873040255391,2.9164488892835796,10365329
2002-08-14,2.9721763134002686,2.9907521579291005,2.9164481828748285,2.9350240274036605,24169520
2002-08-15,2.9350247383117676,3.0093287313636092,2.9164488892835796,3.0093287313636092,43531361
2002-08-16,2.8792967796325684,2.9721766084354537,2.879296779632568,2.9721766084354537,38103231
2002-08-19,2.823566436767578,2.8978725053914665,2.823566436767578,2.8792966597918452,23598232
2002-08-20,2.842141628265381,2.8792959971391716,2.8235657869408777,2.8607177680593048,26343698
2002-08-21,2.8607177734375,2.8792960025522945,2.823565792249227,2.842141633608653,15423948
2002-08-22,2.9350247383117676,2.9350247383117676,2.897873040255391,2.897873040255391,18467114
2002-08-23,2.9350247383117676,2.9350247383117676,2.9350247383117676,2.9350247383117676,0
2002-08-26,2.9164481163024902,2.9164481163024902,2.8607181962323374,2.8792964280928692,12693404
2002-08-27,2.89787220954895,2.9536000391280735,2.89787220954895,2.9164480532521715,18700013
2002-08-28,2.9350247383117676,2.972177033307233,2.9350247383117676,2.9350247383117676,47403343
2002-08-29,2.9721763134002686,2.9907521579291005,2.9350240274036605,2.9536001704019643,42772098
2002-08-30,2.9535999298095703,2.9907519143104047,2.935023788324429,2.9907519143104047,23030796
2002-09-02,2.9721763134002686,2.9907521579291005,2.9536001704019643,2.9536001704019643,17532090
2002-09-03,2.9350247383117676,2.972177033307233,2.897873040255391,2.9536008858095,20282276
2002-09-04,2.9535999298095703,2.972176071294711,2.8978721022930425,2.916447945308736,15686854
2002-09-05,2.9164481163024902,2.9721762455558514,2.9164481163024902,2.953600102981576,19654556
2002-09-06,2.9164481163024902,2.9164481163024902,2.9164481163024902,2.9164481163024902,0
2002-09-09,2.89787220954895,2.9350238969553932,2.89787220954895,2.9164480532521715,12913716
2002-09-10,2.9350247383117676,2.9536008858095,2.897873040255391,2.9164488892835796,21108300
2002-09-11,2.9907519817352295,3.009327825169705,2.935023854492895,2.9535999963968247,30172107
2002-09-12,2.9907519817352295,3.0464798105081097,2.972176138300754,3.009327825169705,38126916
2002-09-13,2.9907519817352295,2.9907519817352295,2.9535999963968247,2.9907519817352295,13184709
2002-09-16,2.9350247383117676,3.0093287313636092,2.9164488892835796,2.990752882335421,12279496
2002-09-17,3.0279033184051514,3.0279033184051514,2.953599654791555,2.972175794547019,22826159
2002-09-18,2.9907519817352295,2.9907519817352295,2.9535999963968247,2.9907519817352295,15455241
2002-09-19,2.9907519817352295,2.9907519817352295,2.935023854492895,2.972176138300754,14146836
2002-09-20,3.0093278884887695,3.027903732314098,2.9536000585433237,2.972176200838113,24002508
2002-09-23,2.9721763134002686,3.027903846986765,2.9536001704019643,3.027903846986765,18772470
2002-09-24,2.9721763134002686,2.9907521579291005,2.9164481828748285,2.9536001704019643,33330605
2002-09-25,2.823566436767578,2.9536003406598197,2.823566436767578,2.9350241965907093,52542938
2002-09-26,2.842141628265381,2.8792959971391716,2.8235657869408777,2.842141628265381,28587857
2002-09-27,2.823566436767578,2.8792966597918452,2.823566436767578,2.8421422823672,25301553
2002-09-30,2.78641414642334,2.823565829634091,2.767838006348539,2.8049899880287157,30499364
2002-10-01,2.78641414642334,2.842141671239467,2.78641414642334,2.78641414642334,24686348
2002-10-02,2.80499005317688,2.8421417372505093,2.786414211140065,2.8235658952136946,25380002
2002-10-03,2.842141628265381,2.8607177680593048,2.804989945616375,2.804989945616375,38122505
2002-10-04,2.89787220954895,2.9164480532521715,2.823566148510935,2.842141992214157,46555180
2002-10-07,2.9164481163024902,2.9164481163024902,2.842142053658062,2.89787227219768,35054473
2002-10-08,2.9535999298095703,2.972176071294711,2.8978721022930425,2.916447945308736,36704438
2002-10-09,2.9721763134002686,2.9907521579291005,2.9350240274036605,2.9721763134002686,26824222
2002-10-10,2.9721763134002686,2.9721763134002686,2.9721763134002686,2.9721763134002686,0
2002-10-11,2.9907519817352295,2.9907519817352295,2.935023854492895,2.9907519817352295,41045761
2002-10-14,3.0093278884887695,3.027903732314098,2.9536000585433237,2.990752044663441,22922237
2002-10-15,3.0279033184051514,3.06505559791608,2.990751635833063,3.009327477119107,36215029
2002-10-16,2.9535999298095703,3.0650558833120733,2.9535999298095703,3.027903600341791,38897231
2002-10-17,2.9535999298095703,2.9907519143104047,2.916447945308736,2.935023788324429,32508325
2002-10-18,3.0279033184051514,3.046479458160616,2.953599654791555,2.972175794547019,44572713
2002-10-21,3.0464794635772705,3.0836314446848347,2.9721757998315614,3.027903323788778,47756011
2002-10-22,3.250816822052002,3.250816822052002,3.120782955292306,3.120782955292306,234575958
2002-10-23,3.4737300872802734,3.4737300872802734,3.343696235491942,3.343696235491942,293797760
2002-10-24,3.362273693084717,3.510883753076709,3.287970006201531,3.4737317604003595,182808166
2002-10-25,3.306546211242676,3.343697906117685,3.2508180719911244,3.306546211242676,98618636
2002-10-28,3.5294594764709473,3.5294594764709473,3.3251218823308277,3.3622735752354798,220071149
2002-10-29,3.5108821392059326,3.5851857919334598,3.4365781880090296,3.5480338163350083,197552443
2002-10-30,3.4180006980895996,3.492306449623171,3.3622725783170786,3.4551544692646283,113162369
2002-10-31,3.4737300872802734,3.5294579002187723,3.399426436185398,3.4365781124981507,161655702
2002-11-01,3.3994271755218506,3.4737308427769222,3.3622728049041215,3.436578859914669,70007018
2002-11-04,3.3808491230010986,3.4551551884712373,3.325121588567461,3.436579343660025,126334163
2002-11-05,3.3808491230010986,3.4923071765631386,3.3808491230010986,3.4180014095624767,113539814
2002-11-06,3.45515513420105,3.45515513420105,3.3436973808591555,3.418001355875864,111796431
2002-11-07,3.4923079013824463,3.510884048518566,3.418002118959815,3.4551559055797463,167750174
2002-11-08,3.4737300872802734,3.5294579002187723,3.4365781124981507,3.4737300872802734,105183514
2002-11-11,3.4923079013824463,3.566611892987847,3.4365800569131655,3.4551559055797463,256308462
2002-11-12,3.4923079013824463,3.566611892987847,3.4551559055797463,3.4551559055797463,199443412
2002-11-13,3.7152199745178223,3.7152199745178223,3.5480344145547407,3.5480344145547407,433653153
2002-11-14,3.6223390102386475,3.7152206226810063,3.6037628668318624,3.7152206226810063,242403196
2002-11-15,3.7337965965270996,3.77094828174476,3.622338556179706,3.6594926291528957,282881780
2002-11-18,3.6409149169921875,3.938132321138527,3.6223390717394968,3.7152206857588195,400159028
2002-11-19,3.5851871967315674,3.6594932663297453,3.5294593607325195,3.6409150327306152,155479187
2002-11-20,3.4737300872802734,3.585185713157271,3.4551539506545272,3.548033738375149,139007094
2002-11-21,3.4365787506103516,3.56661053725771,3.4365787506103516,3.5294585555771185,144979020
2002-11-22,3.5294594764709473,3.5294594764709473,3.4365796472703107,3.4923074850967923,111834591
2002-11-25,3.5294594764709473,3.5480353229232735,3.4923074850967923,3.5294594764709473,59673500
2002-11-26,3.4923079013824463,3.603763590321009,3.4923079013824467,3.5294598971851467,96033122
2002-11-27,3.5851871967315674,3.6223391868874306,3.5108835148893345,3.5108835148893345,174832907
2002-11-28,3.5294594764709473,3.6409151521239105,3.5294594764709473,3.6409151521239105,111144919
2002-11-29,3.5851871967315674,3.6223391868874306,3.5480352065757046,3.5666113508883823,131253491
2002-12-02,3.5851871967315674,3.5851871967315674,3.5851871967315674,3.5851871967315674,0
2002-12-03,3.6223390102386475,3.640914855175953,3.5666111769572506,3.5851870218945563,87214491
2002-12-04,3.6037628650665283,3.64091485339242,3.585187020138322,3.6037628650665283,95939595
2002-12-05,3.6409149169921875,3.6966448405061287,3.6037629280173222,3.6223390717394968,124688304
2002-12-06,3.548034429550171,3.640914235364247,3.548034429550171,3.603762253344731,95604245
2002-12-09,3.6780667304992676,3.733796949823997,3.5851869117278197,3.6037627560943215,201322206
2002-12-10,3.6223390102386475,3.6966447777437,3.6037628668318624,3.659493087869088,105442728
2002-12-11,3.6223390102386475,3.7895245993691873,3.622339010238647,3.659493087869088,257748300
2002-12-12,3.6223390102386475,3.640914855175953,3.5666111769572506,3.622339010238647,83607509
2002-12-13,3.7152199745178223,3.7523722548497456,3.6409142199762696,3.696644132821287,287867041
2002-12-16,3.6780667304992676,3.7152205085185566,3.6409147432967948,3.7152205085185566,93702008
2002-12-17,3.6223390102386475,3.640914855175953,3.52945918861316,3.6037628668318624,207337970
2002-12-18,3.6223390102386475,3.659493087869088,3.5666111769572506,3.622339010238647,116555768
2002-12-19,3.6223390102386475,3.640914855175953,3.5851870218945563,3.622339010238647,152079827
2002-12-20,3.7152199745178223,3.8266756216358866,3.6223383782797343,3.6409142199762696,405384730
2002-12-23,3.7523725032806396,3.752372503280639,3.6780664453501273,3.715220220488999,127652579
2002-12-24,3.6780667304992676,3.7895244829235026,3.6594929754190515,3.7895244829235026,122295966
2002-12-25,3.6037628650665283,3.659493086076454,3.585187020138322,3.64091485339242,87677898
2002-12-26,3.6037628650665283,3.64091485339242,3.585187020138322,3.6223390084642135,49489175
2002-12-27,3.6594929695129395,3.6594929695129395,3.6037627502781535,3.6037627502781535,66264924
2002-12-30,3.6037628650665283,3.64091485339242,3.585187020138322,3.64091485339242,33929906
2002-12-31,3.6037628650665283,3.6223390084642135,3.5480350318124305,3.6223390084642135,62057701
2003-01-01,3.6037628650665283,3.6037628650665283,3.6037628650665283,3.6037628650665283,0
2003-01-02,3.6409149169921875,3.6780669059670528,3.5851870827646315,3.6037629280173222,51761743
2003-01-03,3.6780667304992676,3.752372794190499,3.6594929754190515,3.6780667304992676,134836766
2003-01-06,3.9195556640625,3.9195556640624996,3.6966443563475186,3.7152201991672857,292561169
2003-01-07,3.9009807109832764,4.031014625074388,3.8824048639267073,3.9567088490920095,274833687
2003-01-08,4.161045551300049,4.161045551300049,3.8638281824754444,3.8824040255205556,364005498
2003-01-09,4.161045551300049,4.235351311236079,4.086741582180708,4.161045551300049,253995398
2003-01-10,4.068166255950928,4.198198069194147,4.03101426667151,4.179621925319696,156666400
2003-01-13,4.179621696472168,4.198197839329517,4.068166033205951,4.068166033205951,205516168
2003-01-14,4.179621696472168,4.40253541076036,4.142469709226939,4.161045852084288,321147931
2003-01-15,4.402534484863281,4.402534484863281,4.198196956406666,4.21677279688786,261747132
2003-01-16,4.291079998016357,4.532569570791096,4.291079998016357,4.40253566778959,318973399
2003-01-17,4.179621696472168,4.346807280657782,4.161045852084288,4.291079747494143,185337474
2003-01-20,4.458262920379639,4.458262920379639,4.161045551538035,4.179621394584209,261856466
2003-01-21,4.3839592933654785,4.606872695302476,4.3839592933654785,4.458262964759275,330314890473
2003-01-22,4.495417594909668,4.495417594909668,4.365383691516714,4.3839598355144975,228450520
2003-01-23,4.309654712677002,4.476838173469527,4.309654712677002,4.458262332871271,176123798
2003-01-24,4.272502899169922,4.365382397754321,4.272502899169922,4.3096545792159215,125873673
2003-01-27,4.198197841644287,4.2725039054620035,4.142469711510982,4.2725039054620035,106933752
2003-01-28,4.365384101867676,4.383960247611638,4.198198491702495,4.198198491702495,134639620962
2003-01-29,4.365384101867676,4.365384101867676,4.365384101867676,4.365384101867676,0
2003-01-30,4.365384101867676,4.365384101867676,4.365384101867676,4.365384101867676,0
2003-01-31,4.365384101867676,4.365384101867676,4.365384101867676,4.365384101867676,0
2003-02-03,4.365384101867676,4.365384101867676,4.365384101867676,4.365384101867676,0
2003-02-04,4.365384101867676,4.365384101867676,4.365384101867676,4.365384101867676,0
2003-02-05,4.365384101867676,4.365384101867676,4.365384101867676,4.365384101867676,0
2003-02-06,4.476839065551758,4.5697209732759285,4.383959545583333,4.383959545583333,281504495415
2003-02-07,4.309654712677002,4.532568381488972,4.2353507533451635,4.495416401823053,200008015
2003-02-10,4.309654712677002,4.4025345126070965,4.2353507533451635,4.346806393873512,150588272
2003-02-11,4.2167744636535645,4.365384230938217,4.161046621713013,4.346808084645017,135334924
2003-02-12,4.2167744636535645,4.2725046933503155,4.105318779772463,4.179622469536689,129783734
2003-02-13,4.068166255950928,4.216773914599114,4.068166255950928,4.216773914599114,121130889
2003-02-14,3.9752862453460693,4.142469741549898,3.9381321685246453,4.0867419094819555,102148621
2003-02-17,4.235351085662842,4.235351085662842,4.08674136452237,4.10531750504757,147845942
2003-02-18,4.309654712677002,4.346806393873512,4.216772823461046,4.2725030314804915,205297431
2003-02-19,4.179621696472168,4.328231436269903,4.10531802045118,4.328231436269903,139587338
2003-02-20,4.123892784118652,4.179620601147553,4.068164967089753,4.105316944598816,87867924
2003-02-21,4.123892784118652,4.142468623638489,4.086740806609589,4.123892784118652,65462658
2003-02-24,4.253927230834961,4.27250367115327,4.142469484333464,4.179621469561723,94830739
2003-02-25,4.161045551300049,4.2539271542811905,4.161045551300049,4.235351311236079,82817763
2003-02-26,4.105318069458008,4.161045901756363,4.012438249470927,4.161045901756363,106567627
2003-02-27,4.01243782043457,4.04958950568132,3.9567079048089133,4.031013663057945,108375072
2003-02-28,4.01243782043457,4.01243782043457,4.01243782043457,4.01243782043457,0
2003-03-03,4.01243782043457,4.086741489397512,3.993861977811195,4.086741489397512,73801916
2003-03-04,4.049590110778809,4.068166254647307,3.9567084960278534,3.993862574581768,76435202
2003-03-05,4.01243782043457,4.086741489397512,4.01243782043457,4.031013663057945,71583916
2003-03-06,3.863828182220459,4.031013754309908,3.7523725270182506,4.031013754309908,181673402
2003-03-07,3.696643590927124,3.7895233827333246,3.65949191298015,3.7709475437598377,152903165
2003-03-10,3.696643590927124,3.7337958658128634,3.640913686251601,3.696643590927124,73436517
2003-03-11,3.5666112899780273,3.6594932038331587,3.5480351459825914,3.6594932038331587,145844259
2003-03-12,3.6409149169921875,3.6409149169921875,3.5108834032843848,3.5666112375119408,88908271
2003-03-13,3.7152199745178223,3.7523722548497456,3.566610554720702,3.6223383782797343,92280422
2003-03-14,3.7152199745178223,3.8266756216358866,3.7152199745178223,3.8080997799393512,133329595
2003-03-17,3.6037628650665283,3.696644775932867,3.6037628650665283,3.696644775932867,55196070
2003-03-18,3.6780667304992676,3.752372794190499,3.6594929754190515,3.696644664152055,93038731
2003-03-19,3.6594929695129395,3.6966446581859835,3.6409147374206663,3.678066724563179,42178748
2003-03-20,3.8452515602111816,3.863827399492001,3.678065723520545,3.7152194913678973,140757524
2003-03-21,3.8266761302948,3.90098010389661,3.770948597797641,3.8452525713994516,112556796
2003-03-24,3.8266761302948,3.8824042597308908,3.80810028612908,3.863828415565171,56058474
2003-03-25,3.789522647857666,3.826674318600076,3.7523709771152562,3.770946812486461,62862079
2003-03-26,3.8080999851226807,3.8266758278200963,3.7895241424252646,3.8080999851226807,52175094
2003-03-27,3.8266761302948,3.8266761302948,3.770948597797641,3.7895244419633607,37585309
2003-03-28,3.789522647857666,3.826674318600076,3.770946812486461,3.808098483228871,47269922
2003-03-31,3.6409149169921875,3.7709488184558593,3.6223390717394968,3.7709488184558593,84569352
2003-04-01,3.7152199745178223,3.7152199745178223,3.5851863964172375,3.5851863964172375,60382598
2003-04-02,3.696643590927124,3.715219429900611,3.678065662667958,3.715219429900611,29281107
2003-04-03,3.7152199745178223,3.770948096546281,3.7152199745178223,3.770948096546281,34789380
2003-04-04,3.863828182220459,3.8638281822204585,3.6966444009476986,3.715220243991584,87232080
2003-04-07,3.9938621520996094,4.012437995533618,3.8638282633670125,3.8638282633670125,159160017
2003-04-08,3.9567086696624756,4.012438596061034,3.919556380295101,3.9567086696624756,111035021
2003-04-09,4.01243782043457,4.01243782043457,3.9195556226232804,3.993861977811195,78683028
2003-04-10,4.0310139656066895,4.161045769138209,4.0124381215891,4.049589809624279,195796522
2003-04-11,3.9752862453460693,4.031014077414012,3.956708311526941,4.031014077414012,74059183
2003-04-14,3.9195556640625,4.01243786285578,3.882403978422966,3.993862020036013,58927565
2003-04-15,3.9567086696624756,3.975286605163158,3.9009805340809125,3.9381325249787884,47358064
2003-04-16,3.9938621520996094,4.012437995533618,3.9195557936690353,3.9567080774759593,56147079
2003-04-17,3.9195556640625,4.01243786285578,3.900979821242733,3.993862020036013,47419033
2003-04-18,3.938131093978882,3.9752851606625663,3.900979116580931,3.9381310939788814,55954429
2003-04-21,3.863828182220459,3.9195557113521144,3.8266758991937917,3.9195557113521144,65947964
2003-04-22,3.8266761302948,3.8824042597308908,3.8266761302948,3.8266761302948,30440039
2003-04-23,3.882403612136841,3.9009794532040667,3.84525193000239,3.84525193000239,33457972
2003-04-24,3.7337965965270996,3.8824039343366246,3.715220156979387,3.8824039343366246,100097369
2003-04-25,3.6780667304992676,3.7152205085185566,3.6409147432967948,3.6594929754190515,110431047
2003-04-28,3.6223390102386475,3.640914855175953,3.548035033550466,3.640914855175953,70705395
2003-04-29,3.7523725032806396,3.752372503280639,3.6409144610279327,3.6966443775626248,68557388
2003-04-30,3.6223390102386475,3.7152206226810063,3.622339010238647,3.7152206226810063,55148755
2003-05-01,3.6223390102386475,3.622339010238647,3.622339010238647,3.622339010238647,0
2003-05-02,3.6780667304992676,3.696644664152055,3.622338898930293,3.622338898930293,31408459
2003-05-05,3.6780667304992676,3.696644664152055,3.6409147432967948,3.6780667304992676,19454430
2003-05-06,3.7337965965270996,3.7523724391359297,3.6966443143705563,3.6966443143705563,47492667
2003-05-07,3.7523725032806396,3.7709483462070135,3.7337966603542654,3.7709483462070135,30508737
2003-05-08,3.696643590927124,3.7337958658128634,3.678065662667958,3.715219429900611,39899535
2003-05-09,3.7152199745178223,3.789523938242816,3.696644132821287,3.696644132821287,37332925
2003-05-12,3.7337965965270996,3.77094828174476,3.715220156979387,3.733796596527099,25611020
2003-05-13,3.789522647857666,3.808098483228871,3.770946812486461,3.770946812486461,35554264
2003-05-14,3.789522647857666,3.826674318600076,3.770946812486461,3.808098483228871,30018738
2003-05-15,3.789522647857666,3.789522647857666,3.7523709771152562,3.770946812486461,23435268
2003-05-16,3.7523725032806396,3.808100032059761,3.752372503280639,3.7895241891333873,21284665
2003-05-19,3.7523725032806396,3.7895241891333873,3.7337966603542654,3.752372503280639,14601287
2003-05-20,3.8080999851226807,3.8080999851226807,3.7152201746967166,3.7152201746967166,35457607
2003-05-21,3.7523725032806396,3.7709483462070135,3.715220220488999,3.7337966603542654,26683116
2003-05-22,3.7337965965270996,3.77094828174476,3.715220156979387,3.7523724391359297,35991588
2003-05-23,3.696643590927124,3.7337958658128634,3.65949191298015,3.678065662667958,156437832
2003-05-26,3.7709481716156006,3.7895240136819304,3.6966442064114173,3.6966442064114173,107141414
2003-05-27,3.7337965965270996,3.78952412435359,3.733796596527099,3.78952412435359,72728078
2003-05-28,3.7523725032806396,3.808100032059761,3.752372503280639,3.7709483462070135,76362834
2003-05-29,3.789522647857666,3.789522647857666,3.733795141744051,3.789522647857666,68168974
2003-05-30,3.7523725032806396,3.8266758749861354,3.752372503280639,3.7895241891333873,111829754
2003-06-02,3.9009807109832764,3.9567088490920095,3.7709491846482663,3.7895250317048355,138610599
2003-06-03,3.9195556640625,3.9752858787468015,3.900979821242733,3.9381318053517114,128649516
2003-06-04,3.9195556640625,3.9195556640624996,3.9195556640624996,3.9195556640624996,0
2003-06-05,4.123892784118652,4.161044761627717,3.956707243746211,3.956707243746211,292736388
2003-06-06,4.123892784118652,4.161044761627717,4.068164967089753,4.123892784118652,175040153
2003-06-09,4.179621696472168,4.235351617391565,4.10531802045118,4.12389386483906,209910137
2003-06-10,4.2167744636535645,4.309656388997666,4.198198615829889,4.198198615829889,229787489
2003-06-11,4.142470359802246,4.253928129859203,4.142470359802246,4.235352282553985,161089292
2003-06-12,4.253927230834961,4.253927230834961,4.16104562618232,4.179621469561723,131356823
2003-06-13,4.272502899169922,4.328230419238921,4.2353506221851225,4.272502899169922,137942138
2003-06-16,4.495417594909668,4.495417594909668,4.309655856462337,4.309655856462337,289590123
2003-06-17,4.458262920379639,4.551144821835541,4.439686778864017,4.551144821835541,252039862
2003-06-18,4.439687252044678,4.588296996947334,4.439687252044678,4.476839240566122,218807223
2003-06-19,4.3839592933654785,4.4211109798276516,4.3096553235022315,4.4025351365965655,229818040
2003-06-20,4.291079998016357,4.346807534433487,4.291079998016357,4.32823168896111,126078316
2003-06-23,4.272502899169922,4.346806259261921,4.253926462208122,4.291078739192922,111353247
2003-06-24,4.328231334686279,4.328231334686279,4.253927361939736,4.272503802830566,53711971
2003-06-25,4.328231334686279,4.402535307432823,4.328231334686279,4.328231334686279,111714449
2003-06-26,4.291079998016357,4.383959822317213,4.291079998016357,4.383959822317213,76367997986
2003-06-27,4.328231334686279,4.402535307432823,4.309655490734374,4.328231334686279,94381124
2003-06-30,4.458262920379639,4.476838763425812,4.383959249725496,4.383959249725496,153043453787
2003-07-01,4.458262920379639,4.5139928372737455,4.421110935817843,4.5139928372737455,148317232
2003-07-02,4.476839065551758,4.551145128976137,4.458263221251967,4.495417297607295,139386297
2003-07-03,4.3839592933654785,4.551144867139766,4.3839592933654785,4.53256902390868,143587386
2003-07-04,4.439687252044678,4.439687252044678,4.365383573471269,4.383959716966731,78335382986
2003-07-07,4.64402437210083,4.6626002140994,4.421110686484813,4.4582626689513845,356320577
2003-07-08,4.662600517272949,4.774058262736504,4.569720704301966,4.662600517272949,374734558
2003-07-09,4.866937637329102,4.9412416004009065,4.718328218838371,4.718328218838371,395407583
2003-07-10,4.792634010314941,4.904089657327363,4.755479939201675,4.904089657327363,166915188
2003-07-11,4.718328475952148,4.774058092874683,4.681176193922299,4.774058092874683,180135494
2003-07-14,4.811209678649902,4.866937500148285,4.755479767865611,4.792633837640246,162000681
2003-07-15,4.7554802894592285,4.866938033966882,4.7554802894592285,4.829786347872675,143462146
2003-07-16,5.015545845031738,5.015545845031738,4.829786512808725,4.829786512808725,314353178
2003-07-17,4.866937637329102,5.034121405005951,4.866937637329102,5.015545265003288,238214075
2003-07-18,4.959817886352539,4.959817886352539,4.829786387029703,4.885514215092269,131605690
2003-07-21,4.996969699859619,5.05269961529723,4.959817716268787,5.015545542420315,144863303
2003-07-22,5.052700519561768,5.1084283556867165,4.996970594150363,5.015546440035514,156024851
2003-07-23,5.034121513366699,5.1084272688544985,5.01554537296418,5.1084272688544985,225566163
2003-07-24,5.27216911315918,5.27216911315918,5.170390415461786,5.231458015044365,168146008
2003-07-25,5.27216911315918,5.333237030211877,5.231458015044365,5.27216911315918,121375264
2003-07-28,5.292524814605713,5.3535901790038025,5.25181150279649,5.333235904124576,114067929
2003-07-29,4.946475982666016,5.211101634864237,4.946475982666016,5.170390850791825,258398654
2003-07-30,5.007542610168457,5.048253383715165,4.946474703763047,4.946474703763047,113328089
2003-07-31,4.92611837387085,4.92611837387085,4.803984771313525,4.885406961371679,128662232
2003-08-01,4.966832160949707,4.966832160949707,4.88540742342971,4.926118839779335,104995918
2003-08-04,4.987185955047607,5.0482538673029,4.946475177601089,4.966831677469676,157206913
2003-08-05,4.8854079246521,4.987186952173451,4.8854079246521,4.987186952173451,141642173
2003-08-06,4.92611837387085,4.946475191265765,4.885406961371679,4.885406961371679,78417884
2003-08-07,5.007542610168457,5.068610199103803,4.946474703763047,4.946474703763047,136964076
2003-08-08,5.2111005783081055,5.272168488120939,5.048253665394097,5.048253665394097,274578442
2003-08-11,5.150032997131348,5.251812324197388,5.109321901245134,5.2314577286645845,121825817
2003-08-12,5.150032997131348,5.190744410487663,5.150032997131348,5.150032997131348,66201444
2003-08-13,5.353590965270996,5.373947782900383,5.190744360988349,5.190744360988349,226137337
2003-08-14,5.312880992889404,5.373948918926235,5.251813384322738,5.353592096993517,132820243
2003-08-15,5.312880992889404,5.435016844963066,5.312880992889404,5.333237814822121,147492954
2003-08-18,5.292524814605713,5.3535901790038025,5.272167999966076,5.312879089484939,76840768
2003-08-19,5.333237648010254,5.394305572137015,5.312880826714252,5.333237648010254,111643539
2003-08-20,5.312880992889404,5.353592096993517,5.2925267107180085,5.353592096993517,64927768
2003-08-21,5.435015678405762,5.455372495969146,5.31287985254701,5.31287985254701,165025488
2003-08-22,5.557151794433594,5.597862891925334,5.45537278082379,5.475727059689206,220542332
2003-08-25,5.760709285736084,5.760709285736084,5.577506169172969,5.597862988149214,207802151
2003-08-26,5.577505111694336,5.719997737989966,5.557150836338154,5.719997737989966,191601418
2003-08-27,5.516440391540527,5.618219399515639,5.496083574041198,5.57750576451698,110843332382
2003-08-28,5.4553728103637695,5.55715182452469,5.435015991627216,5.516440726812506,124103511
2003-08-29,5.557151794433594,5.557151794433594,5.475727059689206,5.475727059689206,105100615
2003-09-01,5.638574123382568,5.69964204095153,5.557151926464599,5.5978630249235835,109653899
2003-09-02,5.638574123382568,5.69964204095153,5.5978630249235835,5.658930942492545,74084496
2003-09-03,5.597862720489502,5.719998548985192,5.597862720489502,5.6996417309823,83037869
2003-09-04,5.536794662475586,5.638573670325633,5.536794662475586,5.597862575137768,104731451
2003-09-05,5.557151794433594,5.618219710551657,5.536794975807269,5.597862891925334,78682419
2003-09-08,5.536794662475586,5.597862575137768,5.516440384762036,5.557151479949902,70134655
2003-09-09,5.536794662475586,5.618219392612083,5.536794662475586,5.577505757663452,77823145
2003-09-10,5.41465950012207,5.5164410601950165,5.373948399949538,5.496084240228212,151615844
2003-09-11,5.41465950012207,5.41465950012207,5.41465950012207,5.41465950012207,0
2003-09-12,5.4553728103637695,5.4553728103637695,5.373948075178479,5.414659172890662,51378449
2003-09-15,5.4553728103637695,5.4757270893394,5.414659172890662,5.4553728103637695,36205815
2003-09-16,5.475727081298828,5.496083900005489,5.435015983646425,5.455372802353086,44720070
2003-09-17,5.4553728103637695,5.536795005788137,5.435015991627216,5.516440726812506,76629285
2003-09-18,5.394304275512695,5.455372184960615,5.373947459109845,5.435015368557765,66415974
2003-09-19,5.394304275512695,5.435015368557765,5.373947459109845,5.414658552154914,76528225
2003-09-22,5.333237648010254,5.394305572137015,5.312880826714252,5.373948750841014,61691770
2003-09-23,5.27216911315918,5.3128802112739955,5.231458015044365,5.292525932097062,92290982
2003-09-24,5.373947620391846,5.41465871465873,5.272168614844283,5.2925254318580786,83413158
2003-09-25,5.333237648010254,5.373948750841014,5.312880826714252,5.312880826714252,42252250
2003-09-26,5.353590965270996,5.435015696027761,5.333236687402393,5.373947782900383,51910702
2003-09-29,5.373947620391846,5.373947620391846,5.312879709111167,5.35359080337805,39019701
2003-09-30,5.27216911315918,5.394304947264574,5.251812611691417,5.394304947264574,45443594
2003-10-01,5.231457710266113,5.272168806009151,5.190744392232376,5.272168806009151,70757614
2003-10-02,5.27216911315918,5.27216911315918,5.211101196106483,5.251812611691417,56034991
2003-10-03,5.4553728103637695,5.4553728103637695,5.25181255975112,5.272169061017558,170890219
2003-10-06,5.496084213256836,5.536795313229584,5.435016293417183,5.496084213256836,137027407
2003-10-07,5.496084213256836,5.55715213309649,5.47572739338993,5.5164410331237415,87178478
2003-10-08,5.496084213256836,5.55715213309649,5.496084213256836,5.5164410331237415,75406389
2003-10-09,5.516440391540527,5.536794669279089,5.435015661303978,5.496083574041198,95568279
2003-10-10,5.516440391540527,5.516440391540528,5.516440391540528,5.516440391540528,0
2003-10-13,5.679287910461426,5.740353289869993,5.516440972596163,5.55715207212222,245345537
2003-10-14,5.618219375610352,5.740352660804351,5.618219375610352,5.740352660804351,141454403697
2003-10-15,5.577505111694336,5.658929832400478,5.577505111694336,5.618218741927643,128925623930
2003-10-16,5.536794662475586,5.618219392612083,5.516440384762036,5.557151479949902,251603048
2003-10-17,5.557151794433594,5.577506073299009,5.475727059689206,5.516440696941854,234349897
2003-10-20,5.536794662475586,5.577505757663452,5.49608356728772,5.557151479949902,84106202
2003-10-21,5.536794662475586,5.557151479949902,5.516440384762036,5.536794662475586,84015567
2003-10-22,5.536794662475586,5.557151479949902,5.49608356728772,5.536794662475586,66928486
2003-10-23,5.4553728103637695,5.516440726812506,5.4553728103637695,5.496083908075953,88158601
2003-10-24,5.475727081298828,5.536794997657894,5.455372802353086,5.475727081298828,86134744
2003-10-27,5.496084213256836,5.536795313229584,5.47572739338993,5.496084213256836,41178262
2003-10-28,5.577505111694336,5.618218741927643,5.496082930748665,5.516439745865319,167826857064
2003-10-29,5.557151794433594,5.638573989417073,5.536794975807269,5.618219710551657,111862365
2003-10-30,5.618219375610352,5.638573653262306,5.4757267332428805,5.557151463132972,202475379021
2003-10-31,5.577505111694336,5.618218741927643,5.557150836338154,5.618218741927643,113951567139
2003-11-03,5.618219375610352,5.658930470675018,5.577505740784927,5.577505740784927,165149628963
2003-11-04,5.781066417694092,5.82177687867815,5.658930590160496,5.658930590160496,406758169
2003-11-05,5.740352153778076,5.760708334452604,5.6792867864551555,5.760708334452604,181295720
2003-11-06,5.658931255340576,5.842134383235409,5.597863334395539,5.78106709723065,232619293
2003-11-07,5.638574123382568,5.69964204095153,5.5978630249235835,5.658930942492545,82266537
2003-11-10,5.679287910461426,5.7199990099874825,5.638574271174333,5.658931090817879,94196811
2003-11-11,5.658931255340576,5.740353456759886,5.597863334395539,5.740353456759886,129511529
2003-11-12,5.618219375610352,5.67928728808773,5.618219375610352,5.658930470675018,60229382991
2003-11-13,5.597862720489502,5.658930634737347,5.597862720489502,5.638573816734455,54792364
2003-11-14,5.618219375610352,5.67928728808773,5.618219375610352,5.618219375610352,44038215440
2003-11-17,5.597862720489502,5.658930634737347,5.57750590248661,5.6182195384923945,65267029483
2003-11-18,5.577505111694336,5.618218741927643,5.557150836338154,5.577505111694336,63122955723
2003-11-19,5.577505111694336,5.577505111694336,5.5367940212215006,5.557150836338154,68568091
2003-11-20,5.577505111694336,5.59786192681099,5.557150836338154,5.577505111694336,34541301
2003-11-21,5.557151794433594,5.577506073299009,5.516440696941854,5.557151794433594,67899658
2003-11-24,5.577505111694336,5.59786192681099,5.5367940212215006,5.5367940212215006,44981597
2003-11-25,5.577505111694336,5.618218741927643,5.577505111694336,5.59786192681099,43501167957
2003-11-26,5.618219375610352,5.638573653262306,5.557151463132972,5.577505740784927,55268537827
2003-11-27,5.557151794433594,5.618219710551657,5.557151794433594,5.597862891925334,61472845154
2003-11-28,5.557151794433594,5.597862891925334,5.536794975807269,5.597862891925334,75004086
2003-12-01,5.577505111694336,5.59786192681099,5.516439745865319,5.5367940212215006,44448601
2003-12-02,5.557151794433594,5.597862891925334,5.536794975807269,5.597862891925334,51004432
2003-12-03,5.536794662475586,5.577505757663452,5.536794662475586,5.577505757663452,42090310
2003-12-04,5.557151794433594,5.577506073299009,5.536794975807269,5.536794975807269,40072305
2003-12-05,5.557151794433594,5.577506073299009,5.536794975807269,5.557151794433594,40493642
2003-12-08,5.536794662475586,5.557151479949902,5.516440384762036,5.536794662475586,46777450
2003-12-09,5.536794662475586,5.577505757663452,5.536794662475586,5.536794662475586,31303960
2003-12-10,5.516440391540527,5.557151486778419,5.516440391540528,5.536794669279089,40913139
2003-12-11,5.577505111694336,5.59786192681099,5.5367940212215006,5.5367940212215006,50718366
2003-12-12,5.536794662475586,5.597862575137768,5.536794662475586,5.597862575137768,33286018
2003-12-15,5.577505111694336,5.59786192681099,5.5367940212215006,5.5367940212215006,37872488
2003-12-16,5.679287910461426,5.679287910461426,5.55715207212222,5.57750635200473,136320495
2003-12-17,5.597862720489502,5.719998548985192,5.557151624244549,5.6996417309823,129484360
2003-12-18,5.679287910461426,5.7199990099874825,5.618219991291823,5.618219991291823,124924422702
2003-12-19,5.719997882843018,5.760708339406686,5.699641067210849,5.719997882843018,126232055
2003-12-22,5.699642658233643,5.760709947476065,5.699642658233643,5.760709947476065,86546359
2003-12-23,5.719997882843018,5.740352158714651,5.699641067210849,5.699641067210849,59368805
2003-12-24,5.760709285736084,5.781066739652569,5.699642003508538,5.719998822484784,82038430
2003-12-25,5.801421165466309,5.821777350016705,5.760709431305771,5.760709431305771,116747506
2003-12-26,5.760709285736084,5.821777202903869,5.740353101700077,5.801421018867861,46628226
2003-12-29,5.719997882843018,5.760708339406686,5.699641067210849,5.760708339406686,71217188
2003-12-30,5.760709285736084,5.801421018867861,5.719998822484784,5.740353101700077,98349092
2003-12-31,5.740352153778076,5.801420060861529,5.740352153778075,5.760708334452604,48098979
2004-01-01,5.740352153778076,5.740352153778075,5.740352153778075,5.740352153778075,0
2004-01-02,5.923556327819824,5.943913782112821,5.76070939228085,5.781066846573847,207487848
2004-01-05,6.004980564117432,6.0864027552085265,5.943913285858913,5.964267563751293,186397592
2004-01-06,6.0660481452941895,6.0660481452941895,6.004980235437994,6.045691328755241,128908581
2004-01-07,6.004980564117432,6.0864027552085265,6.004980564117432,6.066048477316147,117949260
2004-01-08,6.004980564117432,6.045691659662979,5.964267563751293,6.004980564117432,113520742
2004-01-09,6.045692443847656,6.10676036496747,6.025336258494291,6.025336258494291,147802570
2004-01-12,6.0660481452941895,6.1271141503298985,6.025335147156456,6.025335147156456,81358974145
2004-01-13,5.964265823364258,6.0864009791821605,5.964265823364258,6.066046707229206,98901612
2004-01-14,5.94391393661499,5.964268216735813,5.801421276963903,5.801421276963903,181255832
2004-01-15,5.903199195861816,5.943912828032206,5.882844919537214,5.903199195861816,103701859
2004-01-16,6.004980564117432,6.004980564117432,5.8828453726601975,5.903199650552578,88572301
2004-01-19,6.004980564117432,6.004980564117432,6.004980564117432,6.004980564117432,0
2004-01-20,6.004980564117432,6.004980564117432,6.004980564117432,6.004980564117432,0
2004-01-21,6.004980564117432,6.004980564117432,6.004980564117432,6.004980564117432,0
2004-01-22,6.004980564117432,6.004980564117432,6.004980564117432,6.004980564117432,0
2004-01-23,6.004980564117432,6.004980564117432,6.004980564117432,6.004980564117432,0
2004-01-26,6.004980564117432,6.004980564117432,6.004980564117432,6.004980564117432,0
2004-01-27,5.984623432159424,6.0456913421509295,5.984623432159424,6.0456913421509295,74629622
2004-01-28,6.004980564117432,6.045691659662979,5.964267563751293,5.984623746464264,61954794
2004-01-29,6.004980564117432,6.004980564117432,5.903199650552578,5.984623746464264,93150225
2004-01-30,5.984623432159424,6.004980248743477,5.943912973692135,5.984623432159424,49553920
2004-02-02,5.923556327819824,5.984624246117065,5.923556327819824,5.964268061704568,51252973
2004-02-03,5.923556327819824,5.923556327819824,5.8624890444628335,5.8828458638155805,69235506
2004-02-04,5.984623432159424,6.02533516050704,5.964267250515534,5.964267250515534,77856699
2004-02-05,5.964265823364258,6.004978811850249,5.964265823364258,5.984622000137247,52051296
2004-02-06,6.025335311889648,6.086402588475267,5.964267400363852,5.984623582519177,110003218
2004-02-09,6.106761932373047,6.147473043648425,6.045693995579096,6.06605082109767,140965371
2004-02-10,6.188182353973389,6.208539173567504,6.127115069892327,6.127115069892327,112596872
2004-02-11,6.127114772796631,6.228893151369795,6.10675985901027,6.228893151369795,86503833077
2004-02-12,6.167827606201172,6.228892980828569,6.127114605042,6.147470788151482,127370282
2004-02-13,6.188182353973389,6.208539173567504,6.127115069892327,6.167828074140302,95934081
2004-02-16,6.188182353973389,6.208539173567504,6.147471254546186,6.188182353973389,67132699
2004-02-17,6.2288923263549805,6.269605958176555,6.188181234293977,6.188181234293977,102766229
2004-02-18,6.330674648284912,6.330674648284912,6.249249914342544,6.269606732768357,149737126
2004-02-19,6.697079181671143,6.737790276209023,6.391742162995947,6.391742162995947,292594285
2004-02-20,6.656368732452393,6.758147748544691,6.636011913329544,6.758147748544691,154501905
2004-02-23,6.7988600730896,6.941352118183398,6.717437861437022,6.717437861437022,242128361
2004-02-24,6.697079181671143,6.798858187896207,6.656368087133261,6.798858187896207,131655937
2004-02-25,6.636011123657227,6.697079033997839,6.595300030017042,6.697079033997839,180927716
2004-02-26,6.615657329559326,6.7581480861957255,6.595301144359684,6.697080165537073,178453810
2004-02-27,6.920995235443115,6.9820631579318775,6.737791467976828,6.758148288726806,301928568
2004-03-01,7.104198455810547,7.185620660294877,6.982063244263148,6.982063244263148,258934611
2004-03-02,7.104198455810547,7.165266379054397,7.002417525503627,7.104198455810547,215799126
2004-03-03,7.083840847015381,7.104197028988385,6.961704390117527,7.104197028988385,114535069
2004-03-04,7.063485145568848,7.185620351873964,7.043130230261739,7.083841965696778,158014358
2004-03-05,7.022771835327148,7.165264464747511,6.961703928398498,7.1041965578188595,179115745
2004-03-08,6.961704730987549,7.043129462866414,6.941350452838447,7.0227726449564924,91335682
2004-03-09,7.022771835327148,7.022771835327149,6.920993471973037,6.920993471973037,73642857
2004-03-10,6.961704730987549,7.083841193865641,6.941350452838447,7.0227726449564924,85491387
2004-03-11,6.941350936889648,6.9820626707278866,6.880283653602417,6.920994752500405,120061134
2004-03-12,6.961704730987549,7.043129462866414,6.859926355899786,6.880283173809707,168531124
2004-03-15,6.920995235443115,7.0431304454803465,6.839570492204374,7.0431304454803465,133949777
2004-03-16,6.859927654266357,6.880284476029179,6.758148624974851,6.880284476029179,137414616
2004-03-17,6.758147716522217,6.8599267321322515,6.758147716522217,6.839569913105861,72014057
2004-03-18,6.839570999145508,6.920995748419357,6.75814878963302,6.75814878963302,116961647
2004-03-19,6.920995235443115,6.9820631579318775,6.839570492204374,6.839570492204374,149021614
2004-03-22,6.452808380126953,6.554589939444338,6.452808380126952,6.452808380126952,441386935
2004-03-23,6.819216251373291,6.859927353351819,6.452808714282977,6.452808714282977,443700909
2004-03-24,6.758147716522217,6.81921563384043,6.6767229801776145,6.81921563384043,153788510
2004-03-25,6.71743631362915,6.758147410074933,6.697079495525837,6.71743631362915,113376854
2004-03-26,6.778501033782959,6.798857849920311,6.717435664892101,6.758146757406206,110540217
2004-03-29,6.982063293457031,7.022773761045731,6.920995369782911,7.002417574840923,159445543
2004-03-30,6.900636196136475,6.961703464051798,6.880281921691575,6.961703464051798,120915580
2004-03-31,6.941350936889648,6.941350936889648,6.859926834272924,6.920994752500405,88874025
2004-04-01,6.880283832550049,6.941351117425565,6.859927012691101,6.941351117425565,67882808
2004-04-02,6.880283832550049,6.941351117425565,6.880283832550049,6.920994932506883,51186098
2004-04-05,6.982063293457031,7.002417574840923,6.900638548637797,6.94135155598772,87586554
2004-04-06,6.941350936889648,7.063484868523863,6.941350936889648,7.002416950296382,123400563
2004-04-07,7.002417087554932,7.002417087554932,6.92099488816295,6.961705352918679,72547193
2004-04-08,7.022771835327148,7.022771835327149,6.961703928398498,7.002415654704222,49136987
2004-04-09,7.002417087554932,7.022773272343189,6.961705352918679,7.022773272343189,44718329
2004-04-12,7.063485145568848,7.063485145568847,6.982062944579317,7.043130230261739,84264734
2004-04-13,7.104198455810547,7.144910192993013,7.043130532566696,7.063485448747477,76291461
2004-04-14,7.063485145568848,7.124552431251269,7.043130230261739,7.063485145568847,76726615294
2004-04-15,6.920995235443115,7.083842182159424,6.9006384146931365,7.063485361409445,114953790
2004-04-16,6.961704730987549,6.961704730987549,6.880283173809707,6.880283173809707,56631713
2004-04-19,6.941350936889648,6.9820626707278866,6.900637933170913,6.961705216458144,36484217
2004-04-20,6.880283832550049,6.941351117425565,6.880283832550049,6.920994932506883,59650818
2004-04-21,6.839570999145508,6.900638926160554,6.798859894389263,6.859927821404311,62576110
2004-04-22,6.778501033782959,6.9209936672232235,6.778501033782959,6.839568942434416,74065836
2004-04-23,6.7988600730896,6.859928001709748,6.77850325029574,6.77850325029574,41863682
2004-04-26,6.880283832550049,6.900638112647934,6.798859092875319,6.8192159127342675,34807056
2004-04-27,6.737791538238525,6.8599273844896835,6.697080436075207,6.8599273844896835,91875439
2004-04-28,6.615657329559326,6.7581480861957255,6.595301144359684,6.71743698567699,70173679
2004-04-29,6.289960861206055,6.534232517438178,6.208538668969229,6.51387569949856,224284375
2004-04-30,6.025335311889648,6.208538411526862,5.903199488838054,6.208538411526862,283252599
2004-05-03,5.801421165466309,5.984624286658858,5.719998967025741,5.943913822378828,184364166
2004-05-04,6.127114772796631,6.18818205391662,5.8624888297096325,5.8624888297096325,139997425712
2004-05-05,5.94391393661499,6.1881824414520565,5.88284601673039,6.1881824414520565,149246635
2004-05-06,6.025335311889648,6.147470500001065,5.964267400363852,5.964267400363852,99942425
2004-05-07,6.086402416229248,6.127114144447573,5.984623413153518,6.025335141371842,67129749
2004-05-10,5.903199195861816,6.0049801015870505,5.882844919537214,6.0049801015870505,68530891
2004-05-11,5.923556327819824,5.964268061704568,5.801421126165594,5.943913782112821,71116071
2004-05-12,6.004980564117432,6.066048477316147,5.964267563751293,6.045691659662979,62586004
2004-05-13,5.94391393661499,6.045692321562035,5.903200296851213,5.9235564817928354,41562412
2004-05-14,5.84213399887085,5.964267927904679,5.821777179974779,5.923556194933245,57518193
2004-05-17,5.679287910461426,5.801421209039596,5.4960841529526165,5.801421209039596,135219520
2004-05-18,5.618219375610352,5.760708843276874,5.618219375610352,5.618219375610352,97474366
2004-05-19,5.882845878601074,5.943913797051798,5.699642123248903,5.699642123248903,110999628
2004-05-20,5.781066417694092,5.903199705466875,5.740352782009019,5.801420695775817,75950959
2004-05-21,6.004980564117432,6.045691659662979,5.821776824521285,5.86248855500703,105156788
2004-05-24,5.964265823364258,6.045689895516205,5.92355410475829,6.004978811850249,53059315
2004-05-25,6.045692443847656,6.0660492641412995,5.9642683373744765,5.9642683373744765,49402031
2004-05-26,6.0660481452941895,6.167827148467633,6.0660481452941895,6.147470331928685,60538839
2004-05-27,6.127114772796631,6.147470956463445,6.066048761557095,6.127114772796631,46057460223
2004-05-28,6.167827606201172,6.167827606201172,6.066048595474395,6.167827606201172,72438466
2004-05-31,6.025335311889648,6.127114317845739,6.025335311889649,6.127114317845739,39526414120
2004-06-01,6.045692443847656,6.0660492641412995,5.903200416254663,6.025336258494291,31747905
2004-06-02,6.004980564117432,6.0253354769500085,5.943913285858913,5.964267563751293,24251322
2004-06-03,5.801421165466309,6.004981106149509,5.801421165466309,6.004981106149509,72798721
2004-06-04,5.903199195861816,5.903199195861816,5.801420194957027,5.801420194957027,31824208
2004-06-07,6.045692443847656,6.0660492641412995,5.94391405684195,5.984624522727842,39882969
2004-06-08,6.2288923263549805,6.269605958176555,6.0456911422001784,6.106759050171969,136372436
2004-06-09,6.167827606201172,6.26960661692795,6.127114605042,6.26960661692795,48546013
2004-06-10,6.147471904754639,6.2492509339681686,6.106760801021487,6.1271157179477385,60330090863
2004-06-11,6.0660481452941895,6.147470331928685,6.045691328755241,6.1271141503298985,41502278180
2004-06-14,5.903199195861816,6.106759102491841,5.882844919537214,6.066048010082043,47572177
2004-06-15,6.004980564117432,6.045691659662979,5.8828453726601975,5.903199650552578,41405408
2004-06-16,5.984623432159424,6.066048158734984,5.923555522167917,6.066048158734984,31112400
2004-06-17,6.127114772796631,6.127114772796631,5.9439135643768894,5.984624026889838,53255405
2004-06-18,6.127114772796631,6.167827775070486,6.086403040403229,6.10675985901027,50878136
2004-06-21,6.127114772796631,6.228893151369795,6.127114772796631,6.208538872523661,59874478
2004-06-22,6.127114772796631,6.127114772796631,6.127114772796631,6.127114772796631,0
2004-06-23,6.39174222946167,6.39174222946167,6.188181675134053,6.208538492495039,126956261
2004-06-24,6.493521690368652,6.513875969390795,6.371385857192084,6.45280805280251,90699306
2004-06-25,6.452808380126953,6.53423311962865,6.432454100072321,6.473165199942641,93090825
2004-06-28,6.39174222946167,6.473164419384116,6.3713854121006825,6.452807602023128,56550183
2004-06-29,6.513876438140869,6.57494435912371,6.3306752149534615,6.3713863156883175,86918084
2004-06-30,6.473163604736328,6.595299414009953,6.473163604736327,6.574942599210872,90140644
2004-07-01,6.473163604736328,6.574942599210872,6.473163604736327,6.53423150937314,82568318
2004-07-02,6.432453155517578,6.452807432583345,6.330674150906689,6.371385244798908,47017788
2004-07-05,6.432453155517578,6.493521066236248,6.39174206162536,6.412096338691127,30629510
2004-07-06,6.554590225219727,6.57494450616179,6.452808661464738,6.4935223028712015,39680306
2004-07-07,6.534233093261719,6.615657197494589,6.473165173822132,6.513876273528174,51311195
2004-07-08,6.676721572875977,6.697078387611612,6.574942578718649,6.595299393454284,90828395
2004-07-09,6.697079181671143,6.737790276209023,6.636011269983959,6.697079181671143,56789279
2004-07-12,6.7988600730896,6.839571178915889,6.737792144469451,6.737792144469451,85414185
2004-07-13,6.778501033782959,6.839568942434416,6.737789941268854,6.819214666057662,52976775
2004-07-14,6.697079181671143,6.778501370746905,6.697079181671143,6.778501370746905,51698893
2004-07-15,6.697079181671143,6.7581470933583265,6.574943358296775,6.697079181671143,88492826
2004-07-16,6.676721572875977,6.758146292058093,6.636010483165131,6.676721572875977,58181773
2004-07-19,6.758147716522217,6.758147716522217,6.656368700912183,6.6767229801776145,67999162
2004-07-20,6.595300674438477,6.758147604671525,6.574943855749002,6.758147604671525,109432867
2004-07-21,6.737791538238525,6.758148359200786,6.656369333911887,6.697080436075207,94849204
2004-07-22,6.758147716522217,6.758147716522217,6.636011881885793,6.717436618230395,189749106
2004-07-23,7.1565399169921875,7.2050603402424604,7.108022319296493,7.132279705367051,156558493040
2004-07-26,7.132282257080078,7.132282257080078,7.083764642026262,7.108024862330966,33791522
2004-07-27,7.0352463722229,7.132281593299752,6.93820832559072,7.108024200808203,51580682
2004-07-28,7.0352463722229,7.108024200808203,7.0352463722229,7.0352463722229,30665683
2004-07-29,7.059503555297852,7.1565415990514465,6.986725728871465,7.083763772625061,41744539
2004-07-30,7.108023643493652,7.156541250227987,7.083763427348932,7.083763427348932,38415449
2004-08-02,7.1565399169921875,7.1808001286173235,7.0595018960462195,7.156539916992187,38400969
2004-08-03,7.277840614318848,7.302100834160091,7.156542340668169,7.156542340668169,52287854
2004-08-04,7.2293195724487305,7.277839296959795,7.20506147616509,7.277839296959795,29269834342
2004-08-05,7.2050628662109375,7.277840701046398,7.108024811245133,7.277840701046398,43537863064
2004-08-06,7.1565399169921875,7.2050603402424604,7.108022319296493,7.1808001286173235,51404677
2004-08-09,7.2050628662109375,7.2050628662109375,7.083764591114789,7.083764591114789,24744074854
2004-08-10,7.2050628662109375,7.253581187304947,7.180802646080593,7.253581187304947,19815437
2004-08-11,7.277840614318848,7.277840614318848,7.229320881025245,7.229320881025245,41357189
2004-08-12,7.277840614318848,7.277840614318848,7.205062780350655,7.277840614318848,21079461926
2004-08-13,7.253580570220947,7.277840081898568,7.205062253254537,7.229320352154493,26553416865
2004-08-16,7.253580570220947,7.277840081898568,7.229320352154493,7.229320352154493,20268552
2004-08-17,7.277840614318848,7.277840614318848,7.229320881025245,7.253581100866489,25026283
2004-08-18,7.326359272003174,7.350619495300013,7.20506380663086,7.277841650965437,48333623
2004-08-19,7.544694900512695,7.568955121462033,7.350618784029325,7.374879004978663,75231442
2004-08-20,7.568953990936279,7.617471600032528,7.496176164514286,7.5446937736105335,60088996
2004-08-23,7.568953990936279,7.641731817358274,7.56895399093628,7.56895399093628,55252475
2004-08-24,7.568953990936279,7.56895399093628,7.56895399093628,7.56895399093628,0
2004-08-25,7.568953990936279,7.56895399093628,7.56895399093628,7.56895399093628,0
2004-08-26,7.738769054412842,7.763029269209691,7.641731020780396,7.641731020780396,93414590
2004-08-27,7.617470741271973,7.738768988670821,7.593210526681218,7.738768988670821,57185200
2004-08-30,7.641732215881348,7.71451004609877,7.641732215881348,7.641732215881348,54469297
2004-08-31,7.714508533477783,7.7630289611460235,7.64173071753026,7.64173071753026,54551049
2004-09-01,7.763030529022217,7.787287922200693,7.714510091554447,7.7387703102883325,60214164
2004-09-02,7.690249919891357,7.76303057653849,7.690249919891357,7.76303057653849,53632072
2004-09-03,7.714508533477783,7.908584593041071,7.690248319643663,7.690248319643663,128040693
2004-09-06,7.8843255043029785,7.884325504302979,7.714509634341027,7.714509634341027,143957630
2004-09-07,7.957103729248047,8.054144603293569,7.860068506313289,7.884325899269287,135107048
2004-09-08,7.9328460693359375,8.005623896865577,7.908585851640962,7.957103461475627,60331752
2004-09-09,7.908585548400879,7.932845765165641,7.7872872901322445,7.908585548400879,57125142
2004-09-10,7.957103729248047,7.957103729248047,7.884325899269287,7.908586117780668,61678292
2004-09-13,8.248217582702637,8.27247780035512,8.029884100496128,8.029884100496128,198827239
2004-09-14,8.17543888092041,8.272476915596645,8.10266106130198,8.248216700538842,102907244
2004-09-15,8.102662086486816,8.175439915313422,8.078401868359503,8.102662086486816,46822290
2004-09-16,8.126923561096191,8.175441179296662,8.054145721017596,8.078403117339946,46656375
2004-09-17,8.102662086486816,8.151179697186109,8.02988425766021,8.126922304614132,44413916
2004-09-20,8.248217582702637,8.320998235660088,8.12692214555078,8.12692214555078,104265390
2004-09-21,8.248217582702637,8.296738018007604,8.199699972952951,8.27247780035512,68546401
2004-09-22,8.4180326461792,8.490813292142366,8.272477005362884,8.272477005362884,149945024
2004-09-23,8.36951732635498,8.442295166634834,8.34525710440977,8.36951732635498,87141130770
2004-09-24,8.490814208984375,8.53933181931043,8.320998334510207,8.369515944836262,141976850
2004-09-27,8.515071868896484,8.539332087599378,8.418033819640314,8.466554257046102,95728887
2004-09-28,8.515071868896484,8.515071868896484,8.515071868896484,8.515071868896484,0
2004-09-29,8.272477149963379,8.539331046494492,8.248216934218261,8.490813440559316,141735441
2004-09-30,8.36951732635498,8.393777548300193,8.272479264129917,8.36951732635498,75127678
2004-10-01,8.490814208984375,8.53933181931043,8.369515944836262,8.369515944836262,153331668
2004-10-04,8.466553688049316,8.587851947856501,8.418033253904357,8.539331513711542,162743092
2004-10-05,8.53933048248291,8.563590696625672,8.466552665609496,8.490812879752259,55745681
2004-10-06,8.587850570678711,8.80618401265267,8.563590357496683,8.563590357496683,217660334
2004-10-07,8.709147453308105,8.73340767057892,8.636369627050902,8.68489006159253,71080135
2004-10-08,8.733407974243164,8.757668192357515,8.660630145455444,8.684890363569796,61532644
2004-10-11,8.854704856872559,8.854704856872559,8.733407307505237,8.781927740029724,88083434
2004-10-12,8.927485466003418,9.073040439982494,8.903225244090155,8.903225244090155,199704262
2004-10-13,9.000263214111328,9.024523435776398,8.85470682884346,8.976002992446256,117211059
2004-10-14,8.442293167114258,8.733407284840332,8.418032950914974,8.490813599512828,245075213
2004-10-15,8.53933048248291,8.563590696625672,8.36951463459332,8.466552665609496,121393240
2004-10-18,8.442293167114258,8.539331206356284,8.320997737228062,8.539331206356284,95930650
2004-10-19,8.32099723815918,8.490813090258891,8.248216593926495,8.466552875514664,94394620
2004-10-20,8.248217582702637,8.320998235660088,8.199699972952951,8.248217582702637,96794756
2004-10-21,8.17543888092041,8.29673713065445,8.151178665862606,8.17543888092041,102695108
2004-10-22,8.07840347290039,8.199701762074017,7.932847786336757,8.175441539128112,147864648
2004-10-25,8.07840347290039,8.07840347290039,8.07840347290039,8.07840347290039,0
2004-10-26,8.126923561096191,8.126923561096191,7.957104833505105,8.005625277261352,83129585
2004-10-27,8.151180267333984,8.151180267333984,8.029884819323875,8.126922873065283,39303471
2004-10-28,8.199700355529785,8.296738405111983,8.175440136745381,8.223960574314187,74167913
2004-10-29,8.151180267333984,8.151180267333984,7.884326325933994,8.029884819323875,133378608
2004-11-01,8.029884338378906,8.12692238630828,8.005624120007722,8.07840194956591,51479405
2004-11-02,8.199700355529785,8.199700355529785,8.029884475149792,8.029884475149792,42163641
2004-11-03,8.272477149963379,8.272477149963379,8.151178896792851,8.199699328283087,54354250
2004-11-04,8.223960876464844,8.345256323732459,8.223960876464844,8.272478490260786,48098582
2004-11-05,8.32099723815918,8.369514842092693,8.272476808670724,8.296737023414952,63909403
2004-11-08,8.490814208984375,8.490814208984375,8.345255726895578,8.369515944836262,89936647
2004-11-09,8.490814208984375,8.515071601369744,8.418033555162319,8.515071601369744,44298342
2004-11-10,8.490814208984375,8.490814208984375,8.393776162776948,8.490814208984375,44925105
2004-11-11,8.4180326461792,8.490813292142366,8.393775256413154,8.466553076821311,21458105
2004-11-12,8.393776893615723,8.466554728219165,8.393776893615723,8.418034288113162,36089201
2004-11-15,8.393776893615723,8.490814948272167,8.369516673562721,8.418034288113162,57519586
2004-11-16,8.248217582702637,8.418033455159458,8.199699972952951,8.393776063062257,61392515
2004-11-17,8.345255851745605,8.393776288352871,8.175439974730892,8.223960411338158,74647941
2004-11-18,8.345255851745605,8.393776288352871,8.32099845899733,8.393776288352871,77258469
2004-11-19,8.272477149963379,8.345254971643671,8.272477149963379,8.345254971643671,42787444
2004-11-22,8.17543888092041,8.272476915596645,8.17543888092041,8.248216700538842,54749669
2004-11-23,8.17543888092041,8.223959311036017,8.10266106130198,8.199699095978215,53115766
2004-11-24,8.490814208984375,8.490814208984375,8.248217680688152,8.248217680688152,154687683
2004-11-25,8.393776893615723,8.490814948272167,8.32099905901228,8.490814948272167,72448700
2004-11-26,8.4180326461792,8.539330897229467,8.393775256413154,8.490813292142366,164991046
2004-11-29,8.53933048248291,8.587850910768434,8.418032237323972,8.515070268340148,135402917
2004-11-30,8.612109184265137,8.612109184265137,8.466553535562221,8.539331359913678,89896788
2004-12-01,8.636368751525879,8.636368751525879,8.515070503023843,8.563590932646639,96435844
2004-12-02,8.684891700744629,8.684891700744629,8.587853638902033,8.684891700744629,54575444
2004-12-03,8.660630226135254,8.684890444475606,8.539331959988854,8.660630226135254,90228233
2004-12-06,8.684891700744629,8.70914909703845,8.587853638902033,8.587853638902033,71828239
2004-12-07,8.684891700744629,8.684891700744629,8.587853638902033,8.660631478895038,93835406
2004-12-08,8.612109184265137,8.660629617536218,8.56359157654922,8.660629617536218,79209581
2004-12-09,8.636368751525879,8.636368751525879,8.53933071783524,8.563590932646639,94336175
2004-12-10,8.587850570678711,8.587850570678711,8.51506993113263,8.587850570678711,99952729
2004-12-13,8.563590049743652,8.63636786111953,8.393774214681724,8.58785026205383,77896440
2004-12-14,8.490814208984375,8.53933181931043,8.442293773103003,8.515071601369744,44110395074
2004-12-15,8.612109184265137,8.636369400900678,8.466553535562221,8.539331359913678,78488636
2004-12-16,8.660630226135254,8.709147837260597,8.612109789454548,8.660630226135254,47317862
2004-12-17,8.660630226135254,8.684890444475606,8.612109789454548,8.6363700077949,34280858
2004-12-20,8.612109184265137,8.612109184265137,8.515071143278139,8.539331359913678,47307807
2004-12-21,8.684891700744629,8.733409318888041,8.612111035195854,8.612111035195854,64542097
2004-12-22,8.684891700744629,8.757669540737634,8.684891700744629,8.70914909703845,59689960
2004-12-23,8.709147453308105,8.709147453308105,8.636369627050902,8.709147453308105,37007108
2004-12-24,8.733407974243164,8.781928410471867,8.684890363569796,8.709147756128813,67966321
2004-12-27,8.757668495178223,8.806186107529221,8.733408276225006,8.733408276225006,83223400
2004-12-28,8.757668495178223,8.781928714131439,8.733408276225006,8.757668495178223,28870298
2004-12-29,8.878965377807617,8.903223475735913,8.781928041372801,8.781928041372801,84146192
2004-12-30,8.8304443359375,8.903222150836253,8.8304443359375,8.903222150836253,50171829785
2004-12-31,8.684891700744629,8.757669540737634,8.466555355209843,8.757669540737634,155445671
2005-01-03,8.660630226135254,8.684890444475606,8.6363700077949,8.684890444475606,40771584
2005-01-04,8.612109184265137,8.660629617536218,8.58785179318476,8.612109184265137,34271726
2005-01-05,8.53933048248291,8.587850910768434,8.53933048248291,8.563590696625672,35512064
2005-01-06,8.563590049743652,8.61210764880935,8.539329837433474,8.563590049743652,32656255
2005-01-07,8.563590049743652,8.61210764880935,8.539329837433474,8.563590049743652,39726978
2005-01-10,8.490814208984375,8.61210964757717,8.490814208984375,8.563592037251116,50452956
2005-01-11,8.636368751525879,8.660628966337278,8.490813113767397,8.490813113767397,50011592
2005-01-12,8.587850570678711,8.66062838467003,8.563590357496683,8.636368171488003,36342442
2005-01-13,8.563590049743652,8.660628073429708,8.563590049743652,8.61210764880935,43485429
2005-01-14,8.612109184265137,8.660629617536218,8.539331359913678,8.56359157654922,30110160
2005-01-17,8.612109184265137,8.709147225252135,8.612109184265137,8.660629617536218,39003642
2005-01-18,8.660630226135254,8.709147837260597,8.6363700077949,8.684890444475606,20489178
2005-01-19,8.587850570678711,8.684888597852057,8.587850570678711,8.66062838467003,39711079
2005-01-20,8.53933048248291,8.587850910768434,8.515070268340148,8.53933048248291,36304911
2005-01-21,8.490814208984375,8.53933181931043,8.490814208984375,8.515071601369744,50486403
2005-01-24,8.466553688049316,8.539331513711542,8.418033253904357,8.490813905121797,45876466
2005-01-25,8.442293167114258,8.539331206356284,8.393775560270802,8.466553383313542,41056395489
2005-01-26,8.563590049743652,8.58785026205383,8.490812238367777,8.515069625123296,31308215
2005-01-27,8.587850570678711,8.587850570678711,8.51506993113263,8.563590357496683,19432609
2005-01-28,8.587850570678711,8.636368171488003,8.563590357496683,8.587850570678711,38473635
2005-01-31,8.636368751525879,8.636368751525879,8.53933071783524,8.587851147458036,42055199
2005-02-01,8.612109184265137,8.660629617536218,8.56359157654922,8.636369400900678,26025994
2005-02-02,8.587850570678711,8.636368171488003,8.587850570678711,8.636368171488003,29494491
2005-02-03,8.684891700744629,8.684891700744629,8.636371257045445,8.636371257045445,46653556
2005-02-04,8.684891700744629,8.684891700744629,8.684891700744629,8.684891700744629,0
2005-02-07,8.684891700744629,8.684891700744629,8.684891700744629,8.684891700744629,0
2005-02-08,8.684891700744629,8.684891700744629,8.684891700744629,8.684891700744629,0
2005-02-09,8.684891700744629,8.684891700744629,8.684891700744629,8.684891700744629,0
2005-02-10,8.684891700744629,8.684891700744629,8.684891700744629,8.684891700744629,0
2005-02-11,8.684891700744629,8.684891700744629,8.684891700744629,8.684891700744629,0
2005-02-14,8.806184768676758,8.806184768676758,8.70914673317255,8.781927378966959,90164023
2005-02-15,8.781929016113281,8.830446630132641,8.73340857653839,8.806186410345196,34851660
2005-02-16,8.781929016113281,8.830446630132641,8.709148356750944,8.806186410345196,51991350
2005-02-17,8.781929016113281,8.830446630132641,8.757668796325834,8.830446630132641,50659454144
2005-02-18,8.757668495178223,8.830446326482436,8.757668495178223,8.781928714131439,67979807647
2005-02-21,8.781929016113281,8.854706143531205,8.781929016113281,8.781929016113281,88213263
2005-02-22,8.8304443359375,8.854703843033318,8.781926734523264,8.781926734523264,45943815
2005-02-23,8.806184768676758,8.83044498394156,8.757667163702155,8.806184768676758,57095373
2005-02-24,8.806184768676758,8.854704492817612,8.781927378966959,8.83044498394156,60554783
2005-02-25,8.976000785827637,8.976000785827637,8.806184927030381,8.854704652043722,182752255
2005-02-28,8.976000785827637,8.976000785827637,8.976000785827637,8.976000785827637,0
2005-03-01,9.012392044067383,9.109429384991655,9.012392044067383,9.048782371393054,181483843
2005-03-02,8.976000785827637,9.036651325080268,8.915353072130062,9.024521217229742,77531858
2005-03-03,8.951740264892578,8.951740264892578,8.89109467242917,8.927482875573704,53775240
2005-03-04,8.976000785827637,8.976000785827637,8.927483179980587,8.951740570126585,54072041
2005-03-07,8.963871002197266,9.097298661435266,8.951740893907997,9.048781760222141,90693451
2005-03-08,8.781929016113281,8.976002297746254,8.769798906219558,8.976002297746254,134506451
2005-03-09,8.757668495178223,8.806186107529221,8.684890663874008,8.733408276225006,88973899
2005-03-10,8.660630226135254,8.721277946430773,8.612109789454548,8.697020553645782,108097916
2005-03-11,8.660630226135254,8.684890444475606,8.612109789454548,8.6363700077949,55888770
2005-03-14,8.636368751525879,8.648498858931578,8.612108536714482,8.636368751525879,49161999
2005-03-15,8.636368751525879,8.672759073742975,8.587851147458036,8.624238644120181,54651394
2005-03-16,8.636368751525879,8.660628966337278,8.587851147458036,8.587851147458036,45140811
2005-03-17,8.709147453308105,8.76979799648514,8.636369627050902,8.636369627050902,86480550
2005-03-18,8.757668495178223,8.781928714131439,8.70914805727179,8.745538385701614,73491534
2005-03-21,8.806184768676758,8.84257438518521,8.769797271334557,8.806184768676758,47290483
2005-03-22,8.697019577026367,8.818315003996709,8.684889469218325,8.806184896188665,60356409
2005-03-23,8.733407974243164,8.733407974243164,8.636369927341093,8.697020472626972,57695088
2005-03-24,8.575721740722656,8.733407498770386,8.575721740722656,8.733407498770386,92694087
2005-03-25,8.636368751525879,8.636368751525879,8.53933071783524,8.575721040052336,42781650
2005-03-28,8.636368751525879,8.697019288554372,8.612108536714482,8.672759073742975,18617715
2005-03-29,8.587850570678711,8.636368171488003,8.563590357496683,8.636368171488003,35946970
2005-03-30,8.587850570678711,8.599980677269723,8.539330144314656,8.563590357496683,35005162
2005-03-31,8.527201652526855,8.624239698076378,8.515071543638754,8.587852196967367,48702287
2005-04-01,8.636368751525879,8.636368751525879,8.515070503023843,8.527200610429542,49344772
2005-04-04,8.587850570678711,8.62423806489699,8.587850570678711,8.612107958305977,24305913
2005-04-05,8.587850570678711,8.587850570678711,8.587850570678711,8.587850570678711,0
2005-04-06,8.563590049743652,8.61210764880935,8.563590049743652,8.58785026205383,36757541
2005-04-07,8.515071868896484,8.575722415653718,8.515071868896484,8.563592306302272,47052456
2005-04-08,8.527201652526855,8.551461870303061,8.515071543638754,8.515071543638754,38359329
2005-04-11,8.515071868896484,8.527201978247932,8.490814475748996,8.527201978247932,45999260
2005-04-12,8.490814208984375,8.527201710340087,8.490814208984375,8.515071601369744,28792931
2005-04-13,8.490814208984375,8.502944317954718,8.466553991043689,8.490814208984375,40184044
2005-04-14,8.466553688049316,8.490813905121797,8.442293470976837,8.490813905121797,43059619244
2005-04-15,8.151180267333984,8.44229442855821,7.957104159851167,8.44229442855821,184882475
2005-04-18,7.811548233032227,7.957103896040809,7.690249963488113,7.957103896040809,117704702
2005-04-19,7.8843255043029785,7.9207158302470715,7.811547677970034,7.811547677970034,66270168
2005-04-20,7.89645528793335,7.9934933275682765,7.860067789042205,7.944975720528375,52545610
2005-04-21,7.8843255043029785,7.8964556129510095,7.763030068933151,7.763030068933151,38257062
2005-04-22,7.823679447174072,7.908587400176545,7.811549335951456,7.884327177731313,49591983
2005-04-25,7.787286758422852,7.799416865976999,7.763029368869542,7.787286758422852,30582481
2005-04-26,7.920715808868408,7.94497602609899,7.799417548270734,7.811547656886025,38611569
2005-04-27,7.823679447174072,7.908587400176545,7.775161827839448,7.908587400176545,35116089
2005-04-28,7.89645528793335,7.89645528793335,7.738769533109766,7.787287140149667,49408891
2005-04-29,7.811548233032227,7.872195955026562,7.799418123522271,7.872195955026562,34835700
2005-05-02,7.811548233032227,7.811548233032226,7.811548233032226,7.811548233032226,0
2005-05-03,7.847938537597656,7.8721959309880525,7.823678318651826,7.823678318651826,33316010
2005-05-04,7.8358073234558105,7.8721948211893205,7.8358073234558105,7.847937431218659,34717341
2005-05-05,7.981364727020264,8.02988516878032,7.88432666905581,7.88432666905581,51582482
2005-05-06,8.151180267333984,8.163310377246102,7.981364379675403,7.981364379675403,51917429
2005-05-09,8.054143905639648,8.151179120169168,8.005623472819751,8.151179120169168,51249859
2005-05-10,7.981364727020264,8.042015279220333,7.932847110815866,8.042015279220333,38424923
2005-05-11,7.860069751739502,7.884327148539079,7.811549307028687,7.835809529384094,67167324
2005-05-12,7.8843255043029785,7.884325504302979,7.811547677970034,7.811547677970034,30112457
2005-05-13,7.823679447174072,7.884327177731313,7.79941922472884,7.860069780841921,35113161
2005-05-16,7.593211650848389,7.811547963379796,7.593211650848389,7.79941785428857,103037564
2005-05-17,7.617470741271973,7.678118452193934,7.568953137645389,7.593210526681218,57288168
2005-05-18,7.665992736816406,7.7023802405825315,7.6174722977209015,7.6174722977209015,31969295
2005-05-19,7.726641654968262,7.787289387660628,7.690251320019279,7.763031989917246,37769396
2005-05-20,7.726641654968262,7.738771766617924,7.70238143166894,7.714511543318601,17259378
2005-05-23,7.702380180358887,7.726640399716953,7.653862567198236,7.726640399716953,13716291
2005-05-24,7.702380180358887,7.7387705093959855,7.678119961000822,7.690250070679855,29245117
2005-05-25,7.617470741271973,7.787286592297405,7.617470741271973,7.738768988670821,42928271
2005-05-26,7.55682373046875,7.665991880686346,7.544693622049551,7.617471447009553,44321979
2005-05-27,7.55682373046875,7.605341338590355,7.55682373046875,7.568953838887948,29601135
2005-05-30,7.447654724121094,7.544692754764682,7.411264403046674,7.544692754764682,54405908
2005-05-31,7.423394680023193,7.471915109233249,7.399134465418165,7.423394680023193,59656494
2005-06-01,7.3384881019592285,7.459786371702319,7.31422788289952,7.423396043112758,73481316
2005-06-02,7.55682373046875,7.593211230171157,7.338487430033556,7.350617538452754,80490916
2005-06-03,7.690249919891357,7.714510138773735,7.58108458603151,7.58108458603151,66242085
2005-06-06,7.641732215881348,7.690249827507832,7.593211778699472,7.690249827507832,52097104
2005-06-07,7.593211650848389,7.7023798071140925,7.568954258221278,7.641732087213299,54115994
2005-06-08,7.581083297729492,7.605340686934231,7.496175371625545,7.593210579554389,63045018
2005-06-09,7.496175765991211,7.520433156472104,7.435525225901242,7.520433156472104,45894488
2005-06-10,7.4840474128723145,7.520434919903538,7.471917302009988,7.508304809041212,41577078
2005-06-13,7.399134635925293,7.48404538899959,7.387007353898243,7.48404538899959,86620774
2005-06-14,7.52043342590332,7.593211251063567,7.399135166932778,7.399135166932778,90650053
2005-06-15,7.653860569000244,7.678117956469938,7.568952648969456,7.568952648969456,87803898
2005-06-16,7.690249919891357,7.726640248214924,7.6417323076820285,7.690249919891357,59239379
2005-06-17,7.726641654968262,7.787289387660628,7.714511543318601,7.714511543318601,69290868
2005-06-20,7.738769054412842,7.787286658451591,7.6538611281788205,7.763029269209691,48877885
2005-06-21,7.89645528793335,7.969233111270763,7.787287140149667,7.787287140149667,116320096
2005-06-22,7.8843255043029785,7.8964556129510095,7.799417569322003,7.884325504302979,57534212
2005-06-23,7.763030529022217,7.847938469035404,7.714510091554447,7.835808359668462,67495815
2005-06-24,7.787286758422852,7.799416865976999,7.665991333991346,7.714508938652951,37446351
2005-06-27,7.763030529022217,7.763030529022217,7.714510091554447,7.763030529022217,27853041
2005-06-28,7.787286758422852,7.811546973531147,7.738769153761247,7.750899261315395,25108924
2005-06-29,7.7509002685546875,7.83580820691263,7.738770159424217,7.823678097782159,84971954
2005-06-30,7.763030529022217,7.811548140934578,7.763030529022217,7.787287922200693,29504688
2005-07-01,7.7509002685546875,7.763030377685158,7.702379832032805,7.763030377685158,21948612
2005-07-04,7.665992736816406,7.738770569904161,7.665992736816406,7.714510350356408,30163841
2005-07-05,7.714508533477783,7.750898854228963,7.66599093136438,7.66599093136438,29656742
2005-07-06,7.665992736816406,7.738770569904161,7.65386262704253,7.738770569904161,41214573
2005-07-07,7.714508533477783,7.714508533477783,7.66599093136438,7.66599093136438,32595118
2005-07-08,7.763030529022217,7.775160638389159,7.678119763453621,7.690249872820563,43834067
2005-07-11,7.775160312652588,7.811547813673569,7.738769986076316,7.76303020379383,47250840
2005-07-12,7.9328460693359375,7.9328460693359375,7.799417697568858,7.799417697568858,106736907
2005-07-13,7.920715808868408,7.969233417774339,7.920715808868408,7.957103309159048,55308360
2005-07-14,7.94497537612915,7.969232765820029,7.9328452685062105,7.9328452685062105,56578291
2005-07-15,8.054143905639648,8.066271188289486,7.957103039999853,7.957103039999853,67248911
2005-07-18,8.054143905639648,8.054143905639648,8.054143905639648,8.054143905639648,0
2005-07-19,7.957103729248047,8.042014494037879,7.908586117780668,8.042014494037879,61323692
2005-07-20,8.005622863769531,8.005622863769531,7.957102434640961,7.957102434640961,68544216
2005-07-21,8.090531349182129,8.090531349182129,7.993493309763347,8.005623417885085,135362128
2005-07-22,8.042014122009277,8.114791948621288,8.029884013314733,8.102661839926744,92134897
2005-07-25,8.07840347290039,8.090533584373343,8.054146075510383,8.054146075510383,206245566
2005-07-26,8.587861061096191,8.801793847527605,8.557296928275688,8.618421158088667,250398416
2005-07-27,8.557296752929688,8.587860885123908,8.465612428002919,8.587860885123908,81891592
2005-07-28,8.40449047088623,8.557298243830944,8.312805322819964,8.557298243830944,93501997
2005-07-29,8.159997940063477,8.358650334104826,8.129437833888622,8.343367455936932,108840909
2005-08-01,8.098872184753418,8.144715967730878,8.037748755114867,8.129436321069788,37785192
2005-08-02,8.37392807006836,8.37392807006836,8.129435192618054,8.129435192618054,57115065
2005-08-03,8.572580337524414,8.572580337524414,8.404488912653559,8.419771785745409,95645049
2005-08-04,8.740668296813965,8.755948746583805,8.587859763288145,8.587859763288145,110231479
2005-08-05,8.740668296813965,8.740668296813965,8.740668296813965,8.740668296813965,0
2005-08-08,8.557296752929688,8.740669438611171,8.557296752929688,8.740669438611171,50089517
2005-08-09,8.557296752929688,8.572580433357976,8.496176560197139,8.557296752929688,38244009
2005-08-10,8.46561336517334,8.618421935577,8.46561336517334,8.572581382370098,34596540
2005-08-11,8.450332641601562,8.526736513480301,8.343364638041484,8.465612285945504,64322553
2005-08-12,8.740668296813965,8.801792517389776,8.542015992482174,8.55729563508653,110759074
2005-08-15,8.679545402526855,8.817073507297987,8.679545402526855,8.740669632442831,48536255
2005-08-16,8.771233558654785,8.801794464956656,8.71011013171972,8.801794464956656,52919641
2005-08-17,8.8170747756958,8.847635684301778,8.679546651140287,8.74067088984941,55798437
2005-08-18,8.78651237487793,8.89347714133826,8.72538815216465,8.817072468320792,49199525
2005-08-19,8.64898681640625,8.75595243130536,8.633703938708546,8.75595243130536,62185540
2005-08-22,8.71010971069336,8.771233134673862,8.67954557720624,8.67954557720624,27704190
2005-08-23,8.893479347229004,8.893479347229004,8.771234100143436,8.771234100143436,53476359
2005-08-24,8.542015075683594,8.710107269600165,8.511454179423957,8.710107269600165,113454656
2005-08-25,8.557296752929688,8.572580433357976,8.511456204797481,8.526736656563413,60254474
2005-08-26,8.557296752929688,8.618420981490182,8.526736656563413,8.542017108329345,43278606
2005-08-29,8.526737213134766,8.587861445685062,8.511456760371424,8.57258099292172,48730623
2005-08-30,8.61842155456543,8.648984881626346,8.57258100338509,8.587861456167085,31039805
2005-08-31,8.633703231811523,8.64898610825792,8.57258221918078,8.618422776862399,21916329
2005-09-01,8.633703231811523,8.633703231811523,8.633703231811523,8.633703231811523,0
2005-09-02,8.893479347229004,8.924039448251829,8.679546532583556,8.679546532583556,82112866
2005-09-05,8.771233558654785,8.908759251344527,8.755950684006864,8.908759251344527,33916650
2005-09-06,8.862916946411133,8.862916946411133,8.801793525996608,8.801793525996608,26495604
2005-09-07,8.862916946411133,8.89347784945282,8.786513074475764,8.89347784945282,28355848
2005-09-08,8.862916946411133,8.89347784945282,8.817073170351875,8.89347784945282,23296953
2005-09-09,8.847635269165039,8.893479051420154,8.817074361992999,8.862918144248114,30375337
2005-09-12,8.862916946411133,8.89347784945282,8.84763407339356,8.89347784945282,23109067
2005-09-13,8.908760070800781,8.924039718191525,8.86291870713134,8.87819916168782,26410724
2005-09-14,8.862916946411133,8.89347784945282,8.84763407339356,8.878197397931975,25133247
2005-09-15,8.832353591918945,8.87819736782273,8.801793496146475,8.86291691635371,39729211
2005-09-16,8.893479347229004,8.893479347229004,8.832355109354795,8.832355109354795,31422497
2005-09-19,9.092130661010742,9.092130661010742,8.939322101832223,8.939322101832223,70176513
2005-09-20,9.199094772338867,9.275498642785985,9.015725321832669,9.107409643502988,82133325
2005-09-21,9.199094772338867,9.244938547505146,9.168534677058028,9.199094772338867,60061152
2005-09-22,9.122692108154297,9.19909680262991,9.107411653558618,9.19909680262991,52188734
2005-09-23,9.015726089477539,9.107410418954329,8.969882310407886,9.107410418954329,32707807
2005-09-26,9.076851844787598,9.092132299876958,8.89347992638916,8.96988381616749,52163921
2005-09-27,9.092130661010742,9.122690758515207,8.98516265167173,9.046286882508758,38626677
2005-09-28,8.893479347229004,9.092131707780185,8.832355109354795,9.092131707780185,46569824
2005-09-29,9.464603424072266,9.480893641522735,9.317991467018038,9.415732771720856,67458464
2005-09-30,9.64379596710205,9.64379596710205,9.464604364507464,9.497184802645705,45951248
2005-10-03,9.546051979064941,9.57863240807818,9.497182142710603,9.57863240807818,26196251
2005-10-04,9.513472557067871,9.594922824146483,9.513472557067871,9.546052179599995,24772654
2005-10-05,9.44831371307373,9.594924870820998,9.383152839779076,9.480894149721058,34658596
2005-10-06,9.252830505371094,9.415732678258797,9.252830505371094,9.383152243681257,70752479
2005-10-07,9.252830505371094,9.334281591814946,9.220250070793552,9.252830505371094,37109624
2005-10-10,8.679545402526855,8.679545402526855,8.679545402526855,8.679545402526855,0
2005-10-11,9.008477210998535,9.301701121055826,8.959607366487974,9.285410903830421,80864429
2005-10-12,8.764124870300293,8.992187107166215,8.764124870300293,8.975896889735388,101087031
2005-10-13,8.69896411895752,8.764124989567577,8.682673901305005,8.764124989567577,55769647
2005-10-14,8.812992095947266,8.845573328290486,8.682671202401501,8.6989614149904,51692394
2005-10-17,8.666383743286133,8.894446791990642,8.666383743286133,8.861866356461427,53239386
2005-10-18,8.69896411895752,8.764124989567577,8.66638368365249,8.66638368365249,33913026
2005-10-19,8.63380241394043,8.747833926487544,8.568641549627793,8.698963278253068,33457112
2005-10-20,8.601223945617676,8.7152554842005,8.470902187237307,8.633804385212768,52693847
2005-10-21,8.470898628234863,8.568639905954669,8.438318202328261,8.503479054141465,54692857
2005-10-24,8.454609870910645,8.519770733942586,8.389449007878703,8.47090008666863,22257981
2005-10-25,8.487188339233398,8.568639399182672,8.487188339233398,8.536058975202963,22093020
2005-10-26,8.40573787689209,8.503479155780157,8.389447663744079,8.487188942632146,32610228
2005-10-27,8.454609870910645,8.5034805181846,8.3731595992863,8.389449007878703,21633209
2005-10-28,8.389448165893555,8.470899236508856,8.389448165893555,8.454609022385796,22794427
2005-10-31,8.617513656616211,8.617513656616211,8.43832124942316,8.43832124942316,39512592
2005-11-01,8.878156661987305,8.894446879912943,8.666383828954013,8.666383828954013,58367450
2005-11-02,9.024767875671387,9.024767875671387,8.894446938572496,8.927027374638643,48028192
2005-11-03,8.9921875,9.041058154427452,8.959607870880731,9.024767936284968,35513273
2005-11-04,8.86186695098877,9.04105855125543,8.82928651327379,9.02476833239794,39850306
2005-11-07,8.747835159301758,8.845576469545193,8.715254722553947,8.829286251171288,41618112
2005-11-08,8.503479957580566,8.633801675052805,8.470899528212508,8.470899528212508,96682455
2005-11-09,8.63380241394043,8.63380241394043,8.470900253158838,8.470900253158838,55285156
2005-11-10,8.568642616271973,8.633803488695984,8.55235239816597,8.617513270589981,30159200
2005-11-11,8.764124870300293,8.764124870300293,8.601222695992016,8.601222695992016,33911727
2005-11-14,8.69896411895752,8.764124989567577,8.633803248347462,8.764124989567577,37097934
2005-11-15,8.731545448303223,8.747835667623725,8.666384571021212,8.698965009662217,31560715
2005-11-16,8.666383743286133,8.747834832109172,8.601222872227702,8.698964178815348,34090976
2005-11-17,8.568642616271973,8.698964361119994,8.55235239816597,8.66638392490799,19834230
2005-11-18,8.503479957580566,8.601221245684744,8.470899528212508,8.568640816316686,40629648
2005-11-21,8.617513656616211,8.633803875451942,8.503482124766087,8.503482124766087,34235154
2005-11-22,8.63380241394043,8.65009263001859,8.568641549627793,8.61751219786227,22612581
2005-11-23,8.584932327270508,8.601222544414256,8.438320372976776,8.503481241551768,68623579
2005-11-24,8.470898628234863,8.568639905954669,8.454608415281562,8.568639905954669,56452869
2005-11-25,8.503479957580566,8.584931031000716,8.422028884160419,8.438319098844449,42524745
2005-11-28,8.422029495239258,8.536061006301273,8.405739279373256,8.503480574569268,43589845
2005-11-29,8.3568696975708,8.438319972255963,8.3568696975708,8.422029755885807,39007319
2005-11-30,8.177678108215332,8.373160723558797,8.145097672324754,8.373160723558797,84663717
2005-12-01,7.933324337005615,8.14509715689313,7.803003408855861,8.14509715689313,131593039
2005-12-02,7.819292068481445,7.917033360591437,7.786712444943675,7.917033360591437,86199019
2005-12-05,7.754133701324463,7.900744864222405,7.737843482428499,7.8192937697425835,82511437
2005-12-06,7.803000450134277,7.868160485919121,7.754129817921645,7.754129817921645,75266163
2005-12-07,8.014775276184082,8.014775276184082,7.8192926767571835,7.8192926767571835,66259578
2005-12-08,7.949614524841309,8.063646042825164,7.917034091131635,8.047355825970326,46618884
2005-12-09,7.949614524841309,7.9821949585509815,7.884453657421962,7.9821949585509815,21220158
2005-12-12,7.9170355796813965,7.982196459352198,7.8681649199282955,7.949616019516798,14450282
2005-12-13,7.835585117340088,7.917036223552791,7.803005482020859,7.88445578106771,34105264
2005-12-14,7.803000450134277,7.851870275181577,7.786710239396733,7.819289853706489,27961458
2005-12-15,7.688972473144531,7.803004000187096,7.672681447829894,7.77042356388922,49188111
2005-12-16,7.623809814453125,7.7704217434455245,7.607519600120637,7.68897067178308,66369984
2005-12-19,7.721551895141602,7.737842111150662,7.542359519041945,7.623810599087244,85527487
2005-12-20,7.803000450134277,7.803000450134277,7.688968974971469,7.721549396446557,39946425
2005-12-21,8.079936027526855,8.112516460300425,7.917033863659004,7.917033863659004,87431677
2005-12-22,7.548744201660156,7.640458382454423,7.53347747325054,7.625165017583058,46247403503
2005-12-23,8.09622573852539,8.112515953895297,8.031064877045766,8.112515953895297,32454360
2005-12-26,7.564042091369629,7.640459691725439,7.502917858505861,7.640459691725439,26824296337
2005-12-27,8.19396686553955,8.275417940746879,8.063645145207825,8.063645145207825,49945371
2005-12-28,8.242835998535156,8.259127019348888,8.161385737459355,8.193966164755865,38859244
2005-12-29,8.210257530212402,8.275418393946772,8.19396731427881,8.242837154913998,53927804
2005-12-30,8.145096778869629,8.226547859661508,8.145096778869629,8.210257643503132,28573241
2006-01-02,7.96590518951416,8.112517149449749,7.949614971743539,8.112517149449749,25697473
2006-01-03,8.145096778869629,8.145096778869629,7.949614184969115,7.9821946172858675,36787496
2006-01-04,8.145096778869629,8.242837268654284,8.063645698077748,8.210257643503132,33715593
2006-01-05,8.177678108215332,8.19396832616062,8.128807454379466,8.145097672324754,39656770
2006-01-06,8.242835998535156,8.259127019348888,8.177675951107611,8.177675951107611,49984338
2006-01-09,8.373160362243652,8.405739989562678,8.259128841547271,8.27541905878961,51785915
2006-01-10,8.470898628234863,8.519769267094766,8.42202798937496,8.470898628234863,81552847
2006-01-11,8.470898628234863,8.503479054141465,8.40573777642166,8.470898628234863,49033542
2006-01-12,8.503479957580566,8.519770172264597,8.422028884160419,8.470899528212508,45566773
2006-01-13,8.422029495239258,8.503480574569268,8.405739279373256,8.470900142837264,28870690
2006-01-16,8.422029495239258,8.43831971110526,8.405739279373256,8.422029495239258,21417591
2006-01-17,8.324289321899414,8.42202981362481,8.291708888935743,8.42202981362481,34805372
2006-01-18,8.307998657226562,8.356869304035648,8.242836987648875,8.307998657226562,48677643
2006-01-19,8.454609870910645,8.487190302426615,8.291708520496373,8.34057916777033,42105200
2006-01-20,8.487188339233398,8.519768763213108,8.454607915253689,8.487188339233398,36622536
2006-01-23,8.470898628234863,8.487188841188164,8.454608415281562,8.487188841188164,28010817
2006-01-24,8.536062240600586,8.568642677043663,8.470901367714433,8.470901367714433,41694747
2006-01-25,8.79670524597168,8.812994656127236,8.584932420795873,8.584932420795873,104279732
2006-02-03,9.38315200805664,9.39944222493634,9.057347670462654,9.057347670462654,278797579
2006-02-06,9.676375389099121,9.708955013932682,9.383151501106738,9.415731933105892,175962225
2006-02-07,9.578633308410645,9.676375411803033,9.480892819349446,9.660084388599639,84133765
2006-02-08,9.28541088104248,9.513473921638447,9.252830446671629,9.480893487267595,109494823
2006-02-09,9.155086517333984,9.269118004920934,9.10621668696214,9.252827792408512,77718489
2006-02-10,9.171378135681152,9.317990070766355,9.138797705662219,9.155087920671685,52361329
2006-02-13,9.12250804901123,9.17137869703084,9.057347184985082,9.17137869703084,36295212
2006-02-14,9.252830505371094,9.285410939948633,9.12250876706093,9.12250876706093,47874922
2006-02-15,9.203960418701172,9.317991946725009,9.203960418701172,9.252831073568531,32962230
2006-02-16,9.252830505371094,9.285410939948633,9.155089201638472,9.171379418927241,34696264
2006-02-17,9.22024917602539,9.285410038857014,9.22024917602539,9.252829607441202,25711760
2006-02-20,9.399443626403809,9.399443626403809,9.236541433317917,9.236541433317917,37397980
2006-02-21,9.38315200805664,9.529763959973934,9.38315200805664,9.513473743094236,50954618
2006-02-22,9.350573539733887,9.513475742771984,9.220251777303409,9.513475742771984,43091066
2006-02-23,9.38315200805664,9.497183526214537,9.285410706778444,9.366861791176941,43367733
2006-02-24,9.464603424072266,9.480893641522735,9.350571901918977,9.383152336819917,49605059
2006-02-27,9.6275053024292,9.6275053024292,9.366862616552709,9.464603926443534,85478129
2006-03-01,9.676375389099121,9.676375389099121,9.497183013103776,9.513473229103353,67727337
2006-03-02,9.546051979064941,9.676374502283412,9.529762571723841,9.676374502283412,22267073
2006-03-03,9.38315200805664,9.643794670966194,9.366861791176941,9.611214237206795,29144758
2006-03-06,9.366861343383789,9.448312423888428,9.350571127282862,9.383151559484718,18901618
2006-03-07,9.38315200805664,9.480893309334837,9.366861791176941,9.38315200805664,33072637
2006-03-08,9.432022094726562,9.480892742443537,9.383151447009588,9.383151447009588,37474615
2006-03-09,9.546051979064941,9.546051979064941,9.448311499190746,9.448311499190746,45921373
2006-03-10,9.38315200805664,9.546053369687998,9.350571574297241,9.529763959973934,27032744
2006-03-13,9.464603424072266,9.497183858973205,9.383152336819917,9.383152336819917,19513401
2006-03-14,9.497184753417969,9.497184753417969,9.350572782555826,9.480894534433286,30260515
2006-03-15,9.44831371307373,9.513474586368385,9.399443058102738,9.497184368044723,13178657
2006-03-16,9.399443626403809,9.480894722946754,9.35057296847804,9.448314284329577,26593715
2006-03-17,9.4808931350708,9.497183351651078,9.432022485329973,9.464602918490526,22465805
2006-03-20,9.562342643737793,9.578632859011305,9.480892374535784,9.546052428464279,25059712
2006-03-21,9.415733337402344,9.578634714528217,9.415733337402344,9.562344496099058,29582488
2006-03-22,9.399443626403809,9.448314284329577,9.366863187786631,9.415733845712397,52843221
2006-03-23,9.415733337402344,9.432023555831503,9.383152900544026,9.415733337402344,35666544
2006-03-24,9.611217498779297,9.660088166002685,9.432025859459449,9.432025859459449,89999606
2006-03-27,9.937016487121582,10.002177340950661,9.643792644890727,9.643792644890727,109051897
2006-03-28,9.937016487121582,9.953306700578853,9.806694779463426,9.937016487121582,55603387
2006-03-29,9.871856689453125,9.937017550253572,9.839276259052903,9.937017550253572,25803983
2006-03-30,9.871856689453125,9.92072733505346,9.774115398252457,9.871856689453125,44127590
2006-03-31,9.904437065124512,9.9695979255649,9.871856634904319,9.871856634904319,37878574
2006-04-03,10.083630561828613,10.165080839345078,9.920728392464405,9.920728392464405,75629855
2006-04-04,10.083630561828613,10.132500405472236,10.01846969408293,10.099920778765034,43739218
2006-04-06,10.099921226501465,10.116211444160042,10.018470138208578,10.099921226501465,53144566
2006-04-07,10.067340850830078,10.099921286340262,10.018470197564804,10.099921286340262,37755178
2006-04-10,10.165080070495605,10.279111580425624,10.067339583435453,10.083629799139741,54465549
2006-04-11,10.295402526855469,10.295402526855469,10.083630514834585,10.165080791971457,30725521
2006-04-12,10.230240821838379,10.311691899472285,10.083629689262917,10.295401683945503,38085099
2006-04-13,10.295402526855469,10.344273177436973,10.213951442552961,10.230241659413462,29624053
2006-04-14,10.409435272216797,10.425725490998017,10.295403740748252,10.295403740748252,39180073
2006-04-17,10.653787612915039,10.751528109803479,10.409434352779789,10.425724570122139,80539704
2006-04-18,10.52346420288086,10.686366350432879,10.393142484839245,10.670076135677677,39261904
2006-04-19,10.58862590789795,10.718946829186246,10.556045475784478,10.621206340011422,39938632
2006-04-20,10.490882873535156,10.653785007114559,10.490882873535156,10.588624153682797,27964056
2006-04-21,10.311695098876953,10.490887525269494,10.262825244299353,10.490887525269494,41801257
2006-04-24,10.409435272216797,10.442015709779238,10.23024286562337,10.279113521967032,27670504
2006-04-25,10.458304405212402,10.718947060581206,10.442014188804002,10.442014188804002,47429398
2006-04-26,10.604915618896484,10.6212058341774,10.523464542491903,10.572335188334652,35388579
2006-04-27,10.507176399230957,10.637498147177796,10.507176399230957,10.621207928684441,44451017
2006-04-28,10.148789405822754,10.425723060544492,9.953307633184716,10.393142630577229,95271848
2006-05-02,10.165080070495605,10.165080070495605,10.002178720618298,10.132499639087028,43711942
2006-05-03,10.295402526855469,10.295402526855469,10.165080791971457,10.19766122569246,37726602
2006-05-04,10.458304405212402,10.556045703662809,10.213951159086388,10.311692457536793,50984493
2006-05-05,10.425724983215332,10.556046727117804,10.311693457300668,10.45830541919095,43928858
2006-05-08,10.474593162536621,10.539754019093484,10.44201273425819,10.458302948397405,31977663
2006-05-09,10.393144607543945,10.523466352202584,10.311693517132296,10.458305479873264,40803700
2006-05-10,10.425724983215332,10.45830541919095,10.327983675288477,10.327983675288477,32532294
2006-05-11,10.507176399230957,10.523466617724312,10.327983995804054,10.327983995804054,45843439
2006-05-12,10.507176399230957,10.523466617724312,10.393144869777474,10.507176399230957,30756695
2006-05-15,10.24653148651123,10.442013258836793,10.24653148651123,10.425723043879202,58197294
2006-05-16,9.969598770141602,10.230241426817999,9.93701833716135,10.230241426817999,71927985
2006-05-17,10.132501602172852,10.16508203989361,9.953310001874412,9.969600220734792,41971413
2006-05-18,9.26021957397461,9.367186775009626,9.168535246608846,9.26021957397461,74270845
2006-05-19,9.351905822753906,9.5352777438229,9.260221476550962,9.260221476550962,34345956
2006-05-22,10.051051139831543,10.14879164412432,10.034760921255126,10.14879164412432,40716674
2006-05-23,9.937016487121582,10.099918621694279,9.904436060207043,10.002177340950661,40782918
2006-05-24,10.311695098876953,10.425726642944934,10.03476215616339,10.051052376744531,81172269
2006-05-25,10.262822151184082,10.425723500732774,10.099919994469815,10.425723500732774,92807831
2006-05-26,10.295402526855469,10.360563394297474,10.230241659413462,10.327982960576472,50305167
2006-05-29,9.535274505615234,9.70336349279148,9.535274505615234,9.657509227775607,22930536870
2006-05-30,10.165080070495605,10.34427244324278,10.165080070495605,10.295401796129914,21509813
2006-06-01,10.034762382507324,10.06734282440449,9.969601498712997,10.034762382507324,29395446
2006-06-02,10.067340850830078,10.116211504095354,9.969599544299529,10.099921286340262,26682040
2006-06-05,9.888150215148926,10.09992308365071,9.871859994494944,10.067342642342744,33763653
2006-06-06,9.969598770141602,10.01846941961198,9.822986821730467,9.871857471200846,37775960
2006-06-07,9.937016487121582,9.969596914036122,9.871855633292503,9.969596914036122,15481610
2006-06-08,9.774115562438965,9.92072750170277,9.741535131491453,9.904437286229014,53377070
2006-06-09,9.822985649108887,9.904436721836273,9.7415345763815,9.774115005472455,41334951
2006-06-12,9.904437065124512,9.904437065124512,9.741534914023545,9.822985989574029,18992542
2006-06-13,9.774115562438965,9.871856855281502,9.774115562438965,9.871856855281502,38739745
2006-06-14,9.75782585144043,9.806696500388288,9.70895520249257,9.774116067756383,49779112
2006-06-15,9.774115562438965,9.822986208860232,9.757825346965209,9.79040577791272,24986973
2006-06-16,10.002179145812988,10.002179145812988,9.8392769818451,9.937018280225832,46129198
2006-06-19,10.099921226501465,10.099921226501465,9.937019049915692,10.00217992055,18215798
2006-06-20,9.969598770141602,10.132500127877243,9.93701833716135,10.09992050206261,26661258
2006-06-21,10.099921226501465,10.099921226501465,10.00217992055,10.083631008842888,26626187
2006-06-22,10.213951110839844,10.26282256699981,10.13250002918258,10.165080461845486,31125583
2006-06-23,10.148789405822754,10.230240480740912,10.067339138070139,10.165079620806386,20116092
2006-06-26,10.262822151184082,10.34427242237564,10.148789834318517,10.165080049989944,28883679
2006-06-27,10.327984809875488,10.36056524943025,10.230243491211203,10.36056524943025,24957099
2006-06-28,10.393144607543945,10.393144607543945,10.327983735214625,10.327983735214625,27197704
2006-06-29,10.458304405212402,10.458304405212402,10.3931435395788,10.4257239723956,43236543
2006-06-30,10.458304405212402,10.556045703662809,10.3931435395788,10.490884838029205,36327685
2006-07-03,10.490882873535156,10.523463300251036,10.458302446819276,10.458302446819276,23911483
2006-07-04,10.490882873535156,10.588624153682797,10.490882873535156,10.507173086893097,25541604
2006-07-05,10.490882873535156,10.523463300251036,10.425722020103395,10.490882873535156,19744606
2006-07-06,10.442012786865234,10.474593215307806,10.393142144201375,10.45830300108652,18484671
2006-07-07,10.458304405212402,10.490884838029205,10.3931435395788,10.4257239723956,12544793
2006-07-10,10.572338104248047,10.588628324021903,10.39314568673564,10.45830656583106,28083555
2006-07-11,10.52346420288086,10.60491527665687,10.52346420288086,10.572334847146465,19722524
2006-07-12,10.327984809875488,10.523467447204059,10.262824737931744,10.474596787871917,49425810
2006-07-13,10.116209983825684,10.262821921588586,10.099919768518696,10.262821921588586,46429244
2006-07-14,9.888150215148926,9.985891539072826,9.741538229263076,9.937020877110877,128945877
2006-07-17,9.839274406433105,9.888145042831674,9.774113557901682,9.839274406433105,39089150
2006-07-18,9.937016487121582,9.969596914036122,9.757824139091616,9.806694779463426,63728018
2006-07-19,9.839274406433105,9.98588631562881,9.839274406433105,9.98588631562881,37691532
2006-07-20,9.969598770141602,9.985888986631728,9.93701833716135,9.985888986631728,45314786
2006-07-21,9.937016487121582,10.01846755440793,9.937016487121582,9.969596914036122,42735167
2006-07-24,10.034762382507324,10.051052603455906,9.937021056815832,9.937021056815832,98991903
2006-07-25,10.132501602172852,10.18137225875399,10.083631752757448,10.099921971617828,120127633
2006-07-26,9.764138221740723,10.005000037567518,9.708555639381876,9.708555639381876,249323169
2006-07-27,9.745620727539062,9.801192353536486,9.671500254440422,9.764139425797529,67288986125
2006-07-28,10.037981033325195,10.095231856614856,10.01889773009573,10.037981033325195,64391644
2006-07-31,10.037981033325195,10.07614855338539,9.999814426866264,10.057065250155926,51696291
2006-08-01,9.961647987365723,10.057066341065797,9.961647987365723,10.037982122164964,27861757
2006-08-02,9.923479080200195,9.96164659908136,9.923479080200195,9.96164659908136,40139202
2006-08-03,9.980731964111328,10.037982797462606,9.92348113076005,9.92348113076005,49335678
2006-08-04,9.980731964111328,10.057067017647316,9.942564437343334,10.018899490879322,30398066
2006-08-07,9.9425630569458,10.018898099883645,9.9425630569458,9.980730578414724,18180860
2006-08-08,10.01889705657959,10.03798035852619,9.94256202159079,9.94256202159079,21471411
2006-08-09,10.057065963745117,10.095232572912122,9.99981513639328,10.018898440976782,29013826
2006-08-10,10.037981033325195,10.133399376675053,10.037981033325195,10.095231856614856,29971374
2006-08-11,9.923479080200195,10.057064939483654,9.923479080200195,10.037980723242452,40139202
2006-08-14,9.961647987365723,10.018898816865494,9.92348046316542,9.92348046316542,43521367
2006-08-15,9.961647987365723,10.076149646365266,9.961647987365723,9.999815511566025,20133605
2006-08-16,9.78268051147461,9.80119190006625,9.671499806970631,9.764138974041614,41903086353
2006-08-17,9.999814987182617,10.133399944476526,9.980730769282546,10.076149117978948,22654855
2006-08-18,10.095231056213379,10.114315271531014,10.037980237462854,10.037980237462854,31088304
2006-08-21,9.961647987365723,10.133400475865038,9.961647987365723,10.114317170565569,32629
2006-08-22,9.999814987182617,10.076149117978948,9.961647464983793,9.961647464983793,21334
2006-08-23,10.01889705657959,10.076147876020588,9.94256202159079,10.01889705657959,30856133
2006-08-24,10.076148986816406,10.076148986816406,9.999814857013726,10.037981465114415,14128537
2006-08-25,10.171568870544434,10.247903011876321,10.133401343077768,10.15248465001038,47925083
2006-08-28,10.209733963012695,10.266984788880777,10.171567354834846,10.228818180702927,31212547
2006-08-29,10.324236869812012,10.381488616241194,10.228819424166684,10.228819424166684,33314634
2006-08-30,10.381486892700195,10.419653499181315,10.247901029212477,10.324235155775982,39865617
2006-08-31,10.190651893615723,10.438739444836388,10.152484367212216,10.419655224833926,32434895
2006-09-01,10.228819847106934,10.266986461502608,10.190652319109805,10.209735626307642,17318690
2006-09-04,10.30515193939209,10.34331945979617,10.26698441898801,10.286068635990686,18494604
2006-09-05,10.362404823303223,10.400572351295226,10.343321516107949,10.381489044099952,24719293
2006-09-06,10.5150728225708,10.591406956248498,10.362403641614053,10.381487860234492,57885840
2006-09-07,10.572321891784668,10.572321891784668,10.400569434391862,10.419652736235106,31361889
2006-09-08,10.495990753173828,10.572324895837829,10.457823225041098,10.553241588572194,32556628
2006-09-11,10.381486892700195,10.648656792473101,10.34331937261781,10.495988539346088,34077661
2006-09-12,10.24790096282959,10.362402608733776,10.228817659712647,10.305151785781682,40954938
2006-09-13,9.949419975280762,9.986476565644006,9.930894877704384,9.949419975280762,15582617
2006-09-14,10.24790096282959,10.324235088898627,10.133399316925406,10.24790096282959,23834534
2006-09-15,10.266984939575195,10.266984939575195,10.133399981789404,10.133399981789404,17422853
2006-09-18,10.438737869262695,10.457821172783396,10.343319524456632,10.419653652140715,26104788
2006-09-19,10.495990753173828,10.534157367705099,10.419655696908368,10.438739917775463,29825797
2006-09-20,10.476902961730957,10.572321292743055,10.438736360207036,10.476902961730957,16073752
2006-09-21,10.629572868347168,10.648656170473052,10.515071228389447,10.534154530515329,41701649
2006-09-22,10.591408729553223,10.667743789612944,10.572325421339043,10.629576259583082,18104306
2006-09-25,10.629572868347168,10.667740386200148,10.572322048368306,10.59140535049419,14925448
2006-09-26,10.667742729187012,10.724993561740037,10.648658509268394,10.648658509268394,33327184
2006-09-27,10.953995704650879,10.953995704650879,10.686824877161545,10.686824877161545,76460763
2006-09-28,10.973077774047852,11.06849611175645,10.83949283213678,11.030328593952769,47291320
2006-09-29,10.87766170501709,10.992163359090885,10.839494182458717,10.973079141011036,18709205
2006-10-02,10.992164611816406,11.011247918469765,10.877662944693393,10.877662944693393,22210593
2006-10-03,10.915826797485352,11.06849595290785,10.877660193830625,10.97307761656864,24966523
2006-10-04,10.782240867614746,10.915825795344759,10.724990053787439,10.877659195193964,37393311
2006-10-05,10.953995704650879,10.992163226749732,10.82041074770687,10.82041074770687,28294724
2006-10-09,10.634944915771484,10.634944915771484,10.634944915771484,10.634944915771484,0
2006-10-11,11.106666564941406,11.12574987208617,10.95399736697894,10.95399736697894,29227172
2006-10-12,11.068498611450195,11.183000277118921,11.030331085026814,11.16391697070794,35892358
2006-10-13,11.182995796203613,11.221163307333653,11.106661687544587,11.182995796203613,40391453
2006-10-16,11.22116756439209,11.25933417640063,11.16391673277788,11.25933417640063,42632843
2006-10-17,11.182995796203613,11.240246606098145,11.144828285073574,11.221163307333653,17666319
2006-10-18,11.087580680847168,11.144831507294198,11.011246550118234,11.144831507294198,31274041
2006-10-19,11.087580680847168,11.144831507294198,11.049414072283358,11.087580680847168,20629321
2006-10-20,11.144828796386719,11.202079608907859,11.125745496746703,11.144828796386719,16661082
2006-10-23,11.182995796203613,11.221163307333653,11.144828285073574,11.182995796203613,20200119
2006-10-24,11.259332656860352,11.259332656860352,11.202081832972615,11.221166050002712,22299696
2006-10-25,11.335667610168457,11.39291843361372,11.297500090004526,11.297500090004526,61948203
2006-10-26,11.061095237731934,11.061095237731934,11.005485226177134,11.042546385859929,30790372858
2006-10-27,11.335667610168457,11.412001736895052,11.335667610168457,11.39291843361372,18584962
2006-10-30,11.144828796386719,11.335665447191248,11.144828796386719,11.335665447191248,25076961
2006-10-31,11.22116756439209,11.240250870396359,11.12574920716794,11.144832513172211,14863954
2006-11-01,11.182995796203613,11.25932990486264,11.182995796203613,11.240246606098145,18157015
2006-11-02,11.373836517333984,11.392920738076779,11.18300070511622,11.18300070511622,25760924
2006-11-03,11.602836608886719,11.641004126084754,11.392917548300515,11.392917548300515,64416744
2006-11-06,11.488334655761719,11.564668774462701,11.412000537060736,11.450168053211813,34179314
2006-11-07,11.98451042175293,12.022677943351285,11.679172076168703,11.831841248960817,96844109
2006-11-08,11.98451042175293,12.022677943351285,11.87000877055917,11.98451042175293,49761115
2006-11-09,12.118095397949219,12.21351374530984,11.984510442525393,12.022677964189903,94031704
2006-11-10,12.060845375061035,12.118096204567943,12.060845375061035,12.099012899266095,40676333
2006-11-13,11.87000560760498,12.022674739715944,11.67916896406601,12.022674739715944,49177551
2006-11-14,11.908174514770508,11.984509552430085,11.870007909541956,11.88909121215623,33436367
2006-11-15,11.965426445007324,11.984509747932906,11.92725892555491,11.92725892555491,30546154
2006-11-16,12.194430351257324,12.21351365514805,12.003593657944865,12.022677875436889,59158387
2006-11-17,12.118095397949219,12.21351374530984,12.041761268221505,12.21351374530984,27126340
2006-11-20,12.022677421569824,12.118094851022661,11.927259078515725,12.118094851022661,33371108
2006-11-21,12.022677421569824,12.079928244682032,11.965426598457617,12.022677421569824,23645032
2006-11-22,12.099014282226562,12.156265118277444,12.04176344617568,12.060846753658819,30636512
2006-11-23,12.213512420654297,12.213512420654297,12.099010781680716,12.118094083642578,46972555
2006-11-24,12.328015327453613,12.328015327453613,12.194430372780156,12.213513676704565,55052101
2006-11-27,12.557019233703613,12.576103452148425,12.366183444464891,12.38526674930836,54467281
2006-11-28,12.461602210998535,12.537936346516554,12.42343468643884,12.518853041037392,34045031
2006-11-29,12.30893325805664,12.499769057244546,12.25168242694013,12.461602445567799,33527980
2006-11-30,12.518853187561035,12.518853187561035,12.366184001136748,12.366184001136748,33276985
2006-12-01,12.209808349609375,12.228334357105467,12.117168262514436,12.154224845513202,35527850
2006-12-04,12.518853187561035,12.57610401826997,12.480685662554619,12.57610401826997,21625773
2006-12-05,12.461602210998535,12.557019651995715,12.442517991918,12.518853041037392,28366258
2006-12-06,12.557019233703613,12.576103452148425,12.404350967753173,12.442517577440112,26580425
2006-12-07,12.557019233703613,12.576103452148425,12.480685100728392,12.557019233703613,26181342
2006-12-08,12.557019233703613,12.557019233703613,12.366183444464891,12.557019233703613,28766596
2006-12-11,12.557019233703613,12.557019233703613,12.404350967753173,12.404350967753173,19260140
2006-12-12,12.423433303833008,12.557018254523193,12.328014959853578,12.557018254523193,28038709
2006-12-13,12.442520141601562,12.48068767275543,12.194433473105251,12.366185992895359,36307756
2006-12-14,12.442520141601562,12.518855203909297,12.347101770517659,12.366185992895359,23431686
2006-12-15,12.480685234069824,12.518852757765881,12.461601929022473,12.480685234069824,16528054
2006-12-18,12.53793716430664,12.557020471030516,12.46160302380971,12.480686330533585,18901217
2006-12-19,12.557019233703613,12.557019233703613,12.480685100728392,12.557019233703613,23978856
2006-12-20,12.67151927947998,12.67151927947998,12.557017637769068,12.595185156206448,44349652
2006-12-21,12.709689140319824,12.76693997172664,12.67152161484815,12.709689140319824,31247686
2006-12-22,12.786023139953613,12.843273966653074,12.766938921986247,12.766938921986247,29689004
2006-12-25,12.747852325439453,12.786019837915964,12.69060151352523,12.786019837915964,7173451
2006-12-26,12.976859092712402,13.015026615540803,12.766939087558196,12.786023305773062,36367995
2006-12-27,13.12952709197998,13.339447078292753,13.01502544737324,13.053192053174653,39797848
2006-12-28,13.110445022583008,13.282198431222522,13.053194190903637,13.129529242210399,21245515
2006-12-29,13.205862045288086,13.244029567084132,13.091360393501256,13.110443697598624,19344224
2007-01-02,13.301279067993164,13.339446585987217,13.148609909618166,13.320362370189581,25651741
2007-01-03,13.12952709197998,13.339447078292753,13.091359572577318,13.30127955889009,24596305
2007-01-04,12.976859092712402,13.167695793253074,12.938691569884002,13.129528270424673,36782137
2007-01-05,12.67151927947998,12.957774297358487,12.633352674643827,12.86235595806565,43198838
2007-01-08,12.652436256408691,12.671519559248098,12.442516270770227,12.595185434289224,22681209
2007-01-09,12.938692092895508,12.976859617266728,12.652437944114785,12.652437944114785,18380401
2007-01-10,12.67151927947998,12.824188439628271,12.633352674643827,12.824188439628271,38567970
2007-01-11,12.518853187561035,12.633354848978904,12.4616023568521,12.595187323972487,44475150
2007-01-12,12.67151927947998,12.70968679791736,12.442515996058155,12.442515996058155,34408975
2007-01-15,12.67151927947998,12.690603495499284,12.537934335350991,12.67151927947998,13408180
2007-01-16,12.786023139953613,12.80510644431966,12.595186441887867,12.595186441887867,22703799
2007-01-17,12.786023139953613,12.843273966653074,12.671520572953373,12.7478556176202,23001229
2007-01-18,12.728769302368164,12.805104334457475,12.709686001146421,12.786021033235732,14271605
2007-01-19,12.576103210449219,12.766938996020281,12.576103210449219,12.671520646434088,28080123
2007-01-22,12.595186233520508,12.633353755222501,12.461601277965492,12.595186233520508,33347264
2007-01-23,12.747852325439453,12.766935624877165,12.51884907778256,12.537932377220274,38862890
2007-01-24,12.786023139953613,12.843273966653074,12.728771399652834,12.786023139953613,37036898
2007-01-25,12.900524139404297,12.95777496320162,12.786022491809648,12.843273315606972,34814332
2007-01-26,12.690605163574219,12.919608477096633,12.671520945046453,12.824190125261845,19568865
2007-01-29,12.824188232421875,12.862355750242564,12.74785411038171,12.786021628202398,16928392
2007-01-30,12.976859092712402,13.072277442982738,12.805106610386597,12.862357437828532,51196810
2007-01-31,12.976859092712402,13.167695793253074,12.805106610386597,12.976859092712402,48070661
2007-02-01,13.148611068725586,13.148611068725586,13.015026114372128,13.091360243488205,42907683
2007-02-02,13.35853099822998,13.396698519395619,13.167695219604374,13.167695219604374,97638510
2007-02-05,13.45395278930664,13.45395278930664,13.301283579153537,13.35853441876076,62218023
2007-02-06,13.45395278930664,13.45395278930664,13.320366887822102,13.45395278930664,35390367
2007-02-07,13.301279067993164,13.434864010570525,13.301279067993164,13.358529888183636,22575791
2007-02-08,13.396698951721191,13.396698951721191,13.18677894893778,13.205862253335791,33047324
2007-02-09,13.35853099822998,13.35853099822998,13.224946044552185,13.339447694447808,31000456
2007-02-12,13.35853099822998,13.35853099822998,13.263112652116531,13.35853099822998,22411389
2007-02-13,13.320364952087402,13.41578330876695,13.2440308149046,13.3585324774795,28437791
2007-02-14,13.43486499786377,13.43486499786377,13.320363349068398,13.358530869867284,40390198
2007-02-26,13.702033996582031,13.740201512312156,13.587532362992823,13.663866480851908,64066605
2007-02-27,13.931039810180664,13.931039810180664,13.740204023849968,13.740204023849968,91367387
2007-03-01,13.854707717895508,13.931041860944534,13.663870989870748,13.663870989870748,76674110
2007-03-02,13.636423110961914,13.71054356488028,13.33999702495305,13.451166742617891,50248288157
2007-03-05,13.60661792755127,13.81653792858591,13.54936710123285,13.81653792858591,69657530
2007-03-06,13.740201950073242,13.816536070364323,13.60661609756236,13.60661609756236,46033832
2007-03-07,13.395586013793945,13.525278097201856,13.24736335755227,13.525278097201856,34012891
2007-03-08,13.759288787841797,13.8737904545056,13.74020548126497,13.797456314596873,20286712
2007-03-09,13.797454833984375,13.89287227023063,13.702036484136793,13.81653813851336,23819474
2007-03-12,13.488221168518066,13.63642463527796,13.377058747235665,13.395585665182539,38776221872
2007-03-13,14.045540809631348,14.045540809631348,13.911955856790243,13.93103916045289,32323202
2007-03-14,13.988289833068848,14.045540657036085,13.816537361167137,13.969206529613528,32059657
2007-03-15,14.102792739868164,14.14095935018569,14.007374386871632,14.007374386871632,50767607
2007-03-16,14.00737476348877,14.121876424722679,14.00737476348877,14.121876424722679,25860067
2007-03-19,14.00737476348877,14.102793119050821,13.931040627199959,13.931040627199959,15985904
2007-03-20,13.873790740966797,14.045543244508789,13.816539906452801,14.026459937537938,29181993
2007-03-21,13.759288787841797,13.854707147928774,13.74020548126497,13.835622927750524,28735221
2007-03-22,13.931039810180664,13.969207332887335,13.79745485110931,13.892872287473994,36556241
2007-03-23,14.121874809265137,14.121874809265137,13.931039033572883,13.931039033572883,43055770
2007-03-26,14.026457786560059,14.121875220383355,13.93103943913546,14.121875220383355,18917531
2007-03-27,14.121874809265137,14.17912563333294,14.026457378219648,14.026457378219648,28715141
2007-03-28,14.160045623779297,14.217296461164894,14.121878094321737,14.121878094321737,31079519
2007-03-29,14.160045623779297,14.23637976909293,14.02646064108007,14.121878094321737,32398501
2007-03-30,14.23637580871582,14.255459111335126,14.17912498725667,14.17912498725667,19931553
2007-04-02,14.427212715148926,14.57988096569562,14.217292728645658,14.274543551000981,43959354
2007-04-03,14.465376853942871,14.48446106720737,14.29362441616895,14.427210254616062,25568913
2007-04-04,14.541717529296875,14.560800836374197,14.484466694463457,14.503550001540779,26289270
2007-04-09,15.018805503845215,15.15239137630209,14.579882191032235,14.579882191032235,54118398
2007-04-10,15.152390480041504,15.228724607215051,14.999721312093136,15.114222959654095,43653140
2007-04-11,15.381391525268555,15.419559955941269,15.03788752602965,15.152389163643017,58320062
2007-04-12,15.400476455688477,15.400476455688477,15.266892415813896,15.362309848181821,32398501
2007-04-13,15.11422348022461,15.400476695384986,15.03788935042193,15.381393391334644,23087822
2007-04-16,15.305060386657715,15.362310299599972,15.266892864428225,15.266892864428225,17579725
2007-04-17,15.26689338684082,15.457729177315773,15.076056682764518,15.30506091037635,37043173
2007-04-18,15.381391525268555,15.457726559411595,15.190556680714536,15.266890801256382,23919872
2007-04-19,15.076055526733398,15.34322634379277,15.076055526733398,15.34322634379277,37700781
2007-04-20,15.076055526733398,15.076055526733398,14.961553878508138,15.076055526733398,19232531
2007-04-23,15.133305549621582,15.247808105385847,15.018803907458546,15.114222247128152,22372485
2007-04-24,15.209644317626953,15.209644317626953,15.076058426601486,15.076058426601486,11928561
2007-04-25,14.980636596679688,15.114221535042482,14.923385778295462,15.114221535042482,32833978
2007-04-26,14.885223388671875,15.076059211151668,14.885223388671875,15.03789259481661,21618243
2007-04-27,14.579882621765137,14.885220984743167,14.579882621765137,14.885220984743167,37079567
2007-04-30,14.427212715148926,14.57988096569562,14.31271015683703,14.57988096569562,29584841
2007-05-02,14.303447723388672,14.303447723388672,13.96994670966689,14.007003291459487,20313631
2007-05-03,14.340502738952637,14.451680722931064,14.155235334234023,14.451680722931064,35839373546
2007-05-04,15.076055526733398,15.076055526733398,14.885219750891721,14.885219750891721,30303943
2007-05-07,15.285975456237793,15.30505967326365,15.19055802551361,15.19055802551361,37196280
2007-05-08,15.324145317077637,15.324145317077637,15.228726958179355,15.285977790798041,29245997
2007-05-09,15.22872543334961,15.305060478265487,15.133307084005423,15.305060478265487,15310726
2007-05-10,15.343228340148926,15.343228340148926,15.24781089661366,15.266894202600433,28308529
2007-05-11,15.190560340881348,15.26689447981591,15.11422528834537,15.11422528834537,15212838
2007-05-14,15.095138549804688,15.266891008556867,15.076054334209196,15.266891008556867,16820464
2007-05-15,14.961553573608398,15.095139436216392,14.885219447547588,15.095139436216392,20746034
2007-05-16,15.171469688415527,15.171469688415527,14.9042989450198,14.961549753347382,13678000
2007-05-17,15.22872543334961,15.324143782693795,15.133307084005423,15.266892955807549,19926533
2007-05-18,15.076055526733398,15.19055808855994,15.03788891972583,15.076055526733398,20610496
2007-05-21,15.190560340881348,15.190560340881348,15.076057762077381,15.076057762077381,25590247
2007-05-22,15.457728385925293,15.534063429088222,15.3432267347822,15.3432267347822,54184911
2007-05-23,15.476811408996582,15.553146450773959,15.419561498065478,15.495894712640284,31486132
2007-05-24,15.534063339233398,15.534063339233398,15.343226646031248,15.476811600391716,27475224
2007-05-25,15.381391525268555,15.419559955941269,15.190556680714536,15.266890801256382,17602315
2007-05-28,15.095138549804688,15.305058526146642,15.056971032214912,15.305058526146642,37212595
2007-05-29,15.076055526733398,15.228724695567507,15.03788891972583,15.076055526733398,21921948
2007-05-30,14.904302597045898,15.05697176119524,14.808885168853653,15.037888458277042,38404823
2007-05-31,14.694380760192871,15.018802350557895,14.694380760192871,14.90430072026449,42546249
2007-06-01,15.076055526733398,15.076055526733398,14.847052230282875,14.885219750891721,24697958
2007-06-04,15.018805503845215,15.171474680823932,14.999722199323374,15.114223853657078,11793024
2007-06-05,15.037884712219238,15.056968010383635,14.885215586101001,15.037884712219238,20122310
2007-06-06,14.885223388671875,14.999725064880051,14.885223388671875,14.961557534943491,36011581
2007-06-07,14.885223388671875,14.885223388671875,14.789805020631228,14.885223388671875,32939396
2007-06-08,14.732551574707031,14.827969925857603,14.732551574707031,14.808886621068025,32828958
2007-06-11,14.885223388671875,14.885223388671875,14.751638404296171,14.770721712463699,29854661
2007-06-12,14.942474365234375,14.961557673578731,14.770721849330636,14.885223526599795,19306575
2007-06-13,14.808883666992188,14.904301085507555,14.713465334875663,14.904301085507555,24190947
2007-06-14,14.751636505126953,14.847053947281776,14.713468980104194,14.8088873358604,26157497
2007-06-15,14.847053527832031,14.885221051776506,14.751636088372884,14.847053527832031,31629199
2007-06-20,15.22872543334961,15.22872543334961,14.904303776460436,14.961554603346682,42361768
2007-06-21,15.22872543334961,15.285976260235856,15.01880543023293,15.266892955807549,45396303
2007-06-22,15.209644317626953,15.266895152751738,15.190561010452509,15.228727624801396,31216312
2007-06-25,15.190560340881348,15.26689447981591,15.190560340881348,15.190560340881348,34171784
2007-06-26,15.133305549621582,15.266891407879276,15.095138944634723,15.266891407879276,28331118
2007-06-27,15.22872543334961,15.266892955807549,15.076056257119177,15.133307084005423,23593578
2007-06-28,15.26689338684082,15.26689338684082,15.2096425583382,15.26689338684082,28513090
2007-06-29,15.26689338684082,15.30506091037635,15.13330751126714,15.26689338684082,27056061
2007-07-02,15.26689338684082,15.26689338684082,15.152391729835578,15.26689338684082,15970844
2007-07-03,15.534063339233398,15.534063339233398,15.247809213031468,15.266892516911165,53569972
2007-07-04,15.68673324584961,15.858486653220067,15.591314889221888,15.591314889221888,43169973
2007-07-05,15.839398384094238,15.839398384094238,15.686730140038296,15.763065175667478,28514345
2007-07-06,15.724897384643555,15.877567462119364,15.591312437254095,15.839399029149163,23015033
2007-07-09,15.705816268920898,15.724899574462254,15.610397914011369,15.724899574462254,21273124
2007-07-10,15.839398384094238,15.839398384094238,15.610395104409113,15.686730140038296,30165896
2007-07-11,15.68673324584961,15.839401520132295,15.68673324584961,15.839401520132295,26862795
2007-07-12,15.648566246032715,15.724899467679784,15.648566246032715,15.68673285685625,29489463
2007-07-13,16.030235290527344,16.068403722493073,15.763065402779494,15.801232007542772,44984671
2007-07-16,16.869916915893555,17.1370868306112,16.106571953154038,16.221073606204833,97702514
2007-07-17,16.984424591064453,17.060759662565108,16.469166056040773,16.889006208489455,45057459
2007-07-18,16.8508358001709,17.137089056375125,16.831752493384332,16.984420774879727,28791695
2007-07-19,16.793581008911133,16.869916049425175,16.67907936174134,16.793581008911133,39210519
2007-07-20,17.022586822509766,17.15617179277735,16.793583494278817,16.83175193378585,52048940
2007-07-23,17.2515869140625,17.2515869140625,17.09891866628585,17.09891866628585,45487917
2007-07-24,18.320268630981445,18.358435233001867,17.3660871356501,17.3660871356501,91528024
2007-07-25,18.320268630981445,18.472936866265442,17.93859530196798,18.320268630981445,94960388
2007-07-26,18.611156463623047,19.153634344526306,18.61115646362305,18.94498900571736,108131548
2007-07-27,17.734848022460938,18.193867819135203,17.734848022460938,18.068680601860404,74269085
2007-07-30,17.108911514282227,17.359285942659074,16.921131662766534,17.317556871262934,76911849
2007-07-31,17.94349479675293,17.94349479675293,17.317558661117257,17.317558661117257,42324423
2007-08-01,17.02545166015625,17.693116735383345,17.02545166015625,17.693116735383345,61348908
2007-08-02,17.004589080810547,17.442743342028628,16.48297474082344,17.23409799394054,50246621
2007-08-03,17.359285354614258,17.4427434945794,17.108910934718832,17.40101442459683,36268851
2007-08-06,17.4218807220459,17.442744288219565,16.962860931352342,17.108911713169707,23837263
2007-08-07,17.317554473876953,17.73484513007,17.317554473876953,17.73484513007,20853340
2007-08-08,17.630523681640625,17.630523681640625,17.35928378156599,17.40101284776719,19018393
2007-08-09,17.56793212890625,17.943493789199312,17.442744908808564,17.943493789199312,21542969
2007-08-10,17.02545166015625,17.108909794559636,16.6916191225427,16.6916191225427,31503592
2007-08-13,17.108911514282227,17.108911514282227,16.900266157301523,17.025453371489945,18641899
2007-08-14,16.921133041381836,17.234100132584317,16.90026753421685,17.10891290819652,15622643
2007-08-15,16.274330139160156,16.73334793176848,16.211735569555785,16.712484368256128,54156546
2007-08-16,15.857041358947754,16.190873951522843,15.231106217636462,15.857041358947754,66371255
2007-08-17,15.648397445678711,15.898770928140173,15.627531938225971,15.857041852768758,47546592
2007-08-20,16.733348846435547,16.733348846435547,16.107413783612504,16.69161977759622,34017202
2007-08-21,16.48297691345215,16.691622289041874,16.211738894952532,16.691622289041874,29799016
2007-08-22,16.48297691345215,16.524707928104146,16.190874357393557,16.274333477396475,19333965
2007-08-23,16.733348846435547,17.00458876365806,16.649890708756892,16.941994190632187,26956430
2007-08-24,16.399517059326172,16.71248408341293,16.23259982617079,16.71248408341293,33510338
2007-08-27,16.399517059326172,16.775078651950455,16.37865155663579,16.608162388561883,31765553
2007-08-28,16.816808700561523,16.837672264937538,16.357788949418122,16.399518017703887,52880856
2007-08-29,17.317554473876953,17.401012605115564,16.629025860925235,16.64988942396808,78592056
2007-08-30,17.94349479675293,18.193869251007197,17.651391266789616,17.734849418207705,108342336
2007-08-31,18.694618225097656,18.694618225097656,17.985223935555297,18.06868208726616,74968461
2007-09-03,18.611156463623047,18.778072734670204,18.277323921528737,18.778072734670204,38803175
2007-09-04,18.319055557250977,18.778075366975933,18.25646291660093,18.694617219753216,39770604
2007-09-05,17.901763916015625,18.381649208050025,17.860034844514107,18.360783702532324,45160916
2007-09-06,18.465103149414062,18.465103149414062,17.463605661263223,17.609656408518497,40217766
2007-09-07,18.319055557250977,18.54856643188045,18.04781754854413,18.27732648363962,28994855
2007-09-10,17.92262840270996,18.06867917489598,17.81830476011957,17.901762898378372,21712330
2007-09-11,18.006086349487305,18.25646076160117,17.901762708006316,17.94349177669196,19678779
2007-09-12,18.214733123779297,18.31905483392155,18.06868040213945,18.31905483392155,23131795
2007-09-13,17.797443389892578,18.214734132641972,17.797443389892578,18.214734132641972,27275658
2007-09-14,18.068681716918945,18.13127629918616,17.83917277418527,17.901765416918433,23995658
2007-09-17,17.81830406188965,17.943491264372256,17.734845926901244,17.8808986328978,17507546
2007-09-18,17.81830406188965,17.81830406188965,17.81830406188965,17.81830406188965,0
2007-09-19,18.214733123779297,18.36078390588524,18.131274979851927,18.173004051815614,46278211
2007-09-20,18.44424057006836,18.632022348606537,18.214731662448088,18.29818979967978,71136515
2007-09-21,18.81980323791504,19.049314097877705,18.527699741302282,18.56942881224696,85294611
2007-09-26,19.737844467163086,19.821302616107268,18.944992052193353,19.070179275609625,91144269
2007-09-27,19.821300506591797,20.175996632088427,19.36228073625075,19.988216786715814,94492500
2007-09-28,19.863033294677734,20.071678683887967,19.591793318937338,19.800438708147574,63698031
2007-10-01,20.405506134033203,20.551556899690876,20.09253715978526,20.09253715978526,56856576
2007-10-02,20.551557540893555,20.864526524906044,20.0299451535844,20.44723583924522,94564388
2007-10-03,21.448734283447266,21.69910870416613,20.551558306104432,20.551558306104432,110384416
2007-10-04,20.801931381225586,21.365272821635706,20.509827909281974,21.281816626328368,77038565
2007-10-05,20.864526748657227,20.864526748657227,20.593286830302045,20.801932175369966,41437410
2007-10-08,21.281814575195312,21.44873082879005,20.94798206800583,21.073169258201887,47874348
2007-10-09,20.864526748657227,21.281817438793073,20.572423265562136,21.281817438793073,42608316
2007-10-11,20.864526748657227,20.90625581767081,20.36377792049421,20.822797679643642,42229386
2007-10-12,20.6558837890625,21.198361748887915,20.6558837890625,20.864529158226123,55929355
2007-10-15,20.322050094604492,20.822798953398905,20.23859195147209,20.6558826671341,35581660
2007-10-16,20.551557540893555,20.655881182075632,20.09253778666665,20.175995923798816,41960114
2007-10-17,20.21772575378418,20.32204939889519,20.009080403095982,20.155133118344633,52726116
2007-10-18,20.322050094604492,20.551559018451655,20.196862879905886,20.23859195147209,33807633
2007-10-19,20.342906951904297,20.488959623987462,20.280314334963833,20.488959623987462,27657025
2007-10-22,19.75870704650879,19.946488842009334,19.508332612197346,19.529198118156927,42864185
2007-10-23,19.821300506591797,19.967351281933404,19.63351872168537,19.758705931778383,29602849
2007-10-24,20.134265899658203,20.53069300198838,19.92562056673012,19.946486069789756,27532745
2007-10-25,20.426372528076172,20.44723803436611,20.155134523044655,20.405508961320187,27261037
2007-10-26,20.635019302368164,20.655884810082902,20.46810299878659,20.530697582396726,24641423
2007-10-29,20.447240829467773,20.94798977447034,20.238595435716707,20.822802538219698,48841777
2007-10-30,19.716976165771484,20.238590492513843,19.6543835327013,20.238590492513843,98586408
2007-10-31,19.028446197509766,19.48746592012399,18.36078114643453,19.48746592012399,159853682
2007-11-01,18.81980323791504,19.195364876417155,18.56942881224696,19.195364876417155,106425753
2007-11-02,18.360782623291016,18.71548067997181,18.360782623291016,18.360782623291016,71417971
2007-11-05,18.736345291137695,18.736345291137695,18.33992008280197,18.360783648724645,57024718
2007-11-06,18.611156463623047,18.861530870193782,18.56942739586126,18.736343666908414,39079758
2007-11-07,18.611156463623047,18.98671807347915,18.61115646362305,18.98671807347915,48314199
2007-11-08,18.026954650878906,18.319058208432406,17.943496491577907,18.277329128781904,69542815
2007-11-09,18.319055557250977,18.465108284657727,18.026952041971462,18.026952041971462,56438656
2007-11-12,17.56793212890625,17.943493789199312,17.317557688710878,17.943493789199312,81038654
2007-11-13,18.173002243041992,18.485969281852807,17.65138792564569,17.65138792564569,56564154
2007-11-14,18.485971450805664,18.778074959750562,18.44424237809925,18.778074959750562,33785702
2007-11-15,18.319055557250977,18.652888146141855,18.23559741002826,18.485971851696416,36539342
2007-11-16,17.547067642211914,17.734847492748457,17.484473065677157,17.526202136855705,101792084
2007-11-19,17.317554473876953,17.65138699883139,17.317554473876953,17.567928867592784,40316459
2007-11-20,17.1715087890625,17.317559592128973,16.691623422842262,16.900268812604498,67241211
2007-11-21,17.317554473876953,17.693116064450695,17.317554473876953,17.44274167073487,68233009
2007-11-22,17.192367553710938,17.338420255495866,17.02545128854739,17.108909421129166,60552058
2007-11-23,17.359285354614258,17.693117914474826,17.31755628463169,17.31755628463169,52504362
2007-11-26,17.94349479675293,17.94349479675293,17.52620403966248,17.734849418207705,47379668
2007-11-27,17.755714416503906,17.943494282041073,17.463610894919626,17.526203536920672,44781986
2007-11-28,17.526203155517578,17.92263032452197,17.526203155517578,17.7765775971412,34598391
2007-11-29,17.651391983032227,17.81830829264139,17.609662905629936,17.81830829264139,28352745
2007-11-30,17.734848022460938,17.964358890565034,17.693118950036002,17.734848022460938,48395834
2007-12-03,17.985219955444336,18.026949022065168,17.83916919203825,17.9434908888235,30311972
2007-12-04,17.77657699584961,17.964358790482606,17.6931188514647,17.818306068042062,44097231
2007-12-05,17.609661102294922,17.651390175423906,17.526202956036958,17.651390175423906,32382076
2007-12-06,17.860034942626953,17.92262951999003,17.60966051224243,17.860034942626953,29297025
2007-12-07,18.068681716918945,18.214734449186412,17.94349449191856,17.94349449191856,47642847
2007-12-10,18.068681716918945,18.339921674186794,17.96435999918565,18.173005374186285,23770250
2007-12-11,18.339920043945312,18.339920043945312,18.06868011078807,18.19386732466052,17350369
2007-12-12,17.860034942626953,18.17300395037455,17.8183058708962,18.089545806913044,28035955
2007-12-13,17.40101432800293,17.964357739407397,17.40101432800293,17.94349223476503,41908940
2007-12-14,17.317554473876953,17.42187810769202,16.691618489587388,17.401012605115564,64352325
2007-12-17,16.858537673950195,17.275828402467177,16.83767410729132,17.23409932961548,37499461
2007-12-18,16.712488174438477,16.858538970888226,16.69162266664046,16.69162266664046,73223677
2007-12-19,17.296693801879883,17.296693801879883,16.9002666424691,17.234099223221786,47980351
2007-12-20,17.1506404876709,17.526202128090016,17.10891141651322,17.338422277647393,41116964
2007-12-21,17.338420867919922,17.359284432035484,17.067180957681657,17.234097228740985,31051556
2007-12-24,17.48447036743164,17.567928496909282,17.44274130269282,17.52619943217046,16760651
2007-12-25,17.38015365600586,17.609662608073283,17.317559071193028,17.609662608073283,14848943
2007-12-26,17.505340576171875,17.52620414438402,17.296695196379968,17.31755876459211,10999939
2007-12-27,17.860034942626953,17.901764014357706,17.526202368780922,17.56793144051168,32824364
2007-12-28,18.068681716918945,18.1521398669192,17.776578191918052,17.860036341918306,44288524
2007-12-31,18.15213966369629,18.15213966369629,17.818307067432706,18.068681514630395,24758392
2008-01-02,17.985219955444336,18.52769782151516,17.985219955444336,18.193865288548498,44823412
2008-01-03,17.672256469726562,17.860036337412744,17.56793281248554,17.734849112443943,21619730
2008-01-04,18.089548110961914,18.56943152722094,17.526204601077257,17.567933678123005,65543945
2008-01-07,17.860034942626953,18.465107452489825,17.860034942626953,17.96435859172078,74963587
2008-01-08,18.611156463623047,18.694614599146625,17.943491379434423,18.026949514958,86785963
2008-01-09,18.944992065429688,19.111908363434672,18.42337960393112,18.56943039491847,75775058
2008-01-10,18.360782623291016,19.111905866167536,18.360782623291016,18.98671865902145,47184720
2008-01-11,18.485971450805664,18.819804032456975,18.44424237809925,18.778074959750562,44890426
2008-01-14,19.19536590576172,19.19536590576172,18.840669753478416,19.07017868621456,98972649
2008-01-15,19.487464904785156,20.530691492735865,19.3414122127053,19.65438115885727,190862594
2008-01-16,19.341415405273438,19.967351461363265,19.257959203995295,19.487468121461315,92606379
2008-01-17,18.694618225097656,19.69611604562805,18.48597284582049,19.299688855234393,97152322
2008-01-18,18.694618225097656,18.778076376808524,17.985223935555297,18.152140238977026,52518983
2008-01-21,18.381650924682617,18.778076171201608,18.36078541721632,18.757212603269373,27800799
2008-01-22,17.317554473876953,17.73484513007,17.10890914578043,17.10890914578043,146126908
2008-01-23,17.317554473876953,17.73484513007,17.317554473876953,17.567928867592784,57094169
2008-01-24,17.81830406188965,17.985220331866458,17.50533702544998,17.943491264372256,57041776
2008-01-25,18.360782623291016,18.360782623291016,18.068679139950145,18.152137278047537,58038448
2008-01-28,18.11040687561035,18.277323139515833,17.98521967768124,18.277323139515833,31484097
2008-01-29,18.235591888427734,18.36077907135607,18.02694658354717,18.13127020575415,26210754
2008-01-30,18.381650924682617,18.73634709580308,18.277327266419263,18.527701718810434,62015387
2008-01-31,18.778072357177734,18.81980142410065,18.339918124253945,18.360781687948567,48729682
2008-02-01,19.19536590576172,19.19536590576172,18.88239688712684,18.986720539849788,65892414
2008-02-12,18.86153221130371,19.195364777134493,18.73634499911717,18.819803140574866,65340468
2008-02-13,18.611156463623047,19.111905276764517,18.50683476398543,18.98671807347915,34100055
2008-02-14,19.38314437866211,19.404009883527586,18.736344760373594,18.77807383057072,54324689
2008-02-15,19.362276077270508,19.46659969701242,19.153630777320036,19.383139637498882,28819402
2008-02-18,19.007587432861328,19.570928992153803,18.944992848754328,19.404012687247278,62371167
2008-02-19,19.070175170898438,19.278820498349564,18.778071712466865,19.195362367369114,62512504
2008-02-20,18.632022857666016,19.070177120336652,18.527699213509223,19.070177120336652,56620201
2008-02-21,18.611156463623047,18.736343666908414,18.360782057052315,18.673751035032588,68845876
2008-02-22,18.673751831054688,18.736344465598705,18.381648344270417,18.485970048355046,46954437
2008-02-25,19.028446197509766,19.070175263201968,18.778071803356553,18.778071803356553,75062280
2008-02-26,19.612653732299805,19.9464862683072,19.257957632558785,19.404008397295183,128828931
2008-02-27,19.612653732299805,19.925620765039902,19.341413827026958,19.821299067304427,96902545
2008-02-29,19.612653732299805,19.71697543003528,19.320550263293335,19.320550263293335,72287926
2008-03-03,19.320554733276367,19.362283809931686,18.944993043378492,19.195367503310408,54146799
2008-03-04,19.50832748413086,19.61265110743784,19.29968217705031,19.320547677525074,51382193
2008-03-05,19.716976165771484,19.863028875491494,19.55005989153933,19.61265446414326,57222103
2008-03-06,19.94648551940918,19.94648551940918,19.758703755188517,19.863027388540797,58399102
2008-03-07,19.716976165771484,20.113403286839727,19.675247097213447,19.946487012607573,65350215
2008-03-10,19.320554733276367,19.696116423174242,19.15363842665509,19.6126582698636,46291614
2008-03-11,19.320554733276367,19.320554733276367,18.778076736757214,18.778076736757214,40651526
2008-03-12,19.445737838745117,19.73784131337636,19.36227970313619,19.716975809707275,33539580
2008-03-13,18.90325927734375,19.48746620559253,18.90325927734375,19.404008072985558,53600945
2008-03-14,18.778072357177734,19.1953630264069,18.778072357177734,18.986717691792315,49297468
2008-03-17,18.548568725585938,18.79894319821526,18.360786901346835,18.611161373976156,73111582
2008-03-18,18.485971450805664,18.73634588704415,18.256462520687357,18.56942959621849,61503648
2008-03-19,18.778072357177734,18.798937860406028,18.590292525791444,18.778072357177734,39219876
2008-03-20,19.445737838745117,19.61265410996297,18.694614618264776,18.90325995728709,83557138
2008-03-21,19.404010772705078,19.633519699539463,19.320552628486407,19.570927061142417,60120736
2008-03-24,19.967348098754883,20.44723329737543,19.508328401590383,20.44723329737543,118616094
2008-03-25,19.612653732299805,19.988215335308123,19.529195598297957,19.967349832040824,53367007
2008-03-26,19.967348098754883,20.050806225512062,19.591786528347566,19.612652029803613,67367927
2008-03-27,19.988216400146484,20.009079964991578,19.696112915578695,19.821300123250605,55666175
2008-03-28,19.716976165771484,20.029945149723652,19.716976165771484,19.967350577119717,70624776
2008-03-31,20.029945373535156,20.029945373535156,19.570925614267715,19.716976386085925,47868256
2008-04-01,19.716976165771484,20.092537782793833,19.716976165771484,20.029945149723652,38893339
2008-04-02,19.69611167907715,20.029944211911243,19.696111679077145,19.98821514530698,38559490
2008-04-03,19.716976165771484,19.883892440003642,19.675247097213447,19.800434302887563,30106059
2008-04-07,19.94648551940918,19.94648551940918,19.758703755188517,19.821298323106603,26097441
2008-04-08,19.904760360717773,20.00908207501186,19.842165780514136,20.00908207501186,32385732
2008-04-09,19.779569625854492,20.009078520247883,19.7587041229822,19.904756824487333,45798152
2008-04-10,20.029945373535156,20.05080893828043,19.77957095938928,19.77957095938928,45698241
2008-04-11,20.092538833618164,20.113404338755306,19.96735162139685,20.113404338755306,32329684
2008-04-14,20.363780975341797,20.363780975341797,20.050811941023365,20.092541016296884,36964572
2008-04-15,20.280319213867188,20.384640913709397,20.155132010336313,20.36377734955444,25783087
2008-04-16,20.405506134033203,20.405506134033203,20.238589864976618,20.280318932240764,67516575
2008-04-17,20.6558837890625,20.697612862895227,20.53069656756433,20.53069656756433,92536929
2008-04-18,21.156631469726562,21.365274887469425,20.65588261226237,20.69761168371772,133329792
2008-04-21,21.073171615600586,21.15662975173419,20.843660771466308,21.15662975173419,45297379
2008-04-22,21.073171615600586,21.073171615600586,20.614151866865754,20.989713479466978,56330216
2008-04-23,20.6558837890625,20.864529158226123,20.6558837890625,20.781071010560673,36257886
2008-04-24,20.760202407836914,20.864526046627578,20.63501520500834,20.676744272617864,21776907
2008-04-25,20.760202407836914,20.864526046627578,20.61415164097043,20.781067911408527,26882107
2008-04-28,20.84366226196289,20.843662261962887,20.447237056747397,20.655882412001304,42066117
2008-04-29,20.488964080810547,20.822796615864643,20.488964080810547,20.593285778248116,44344571
2008-04-30,20.864526748657227,20.947984886684395,20.322048851480627,20.322048851480627,76857019
2008-05-02,20.801931381225586,20.94798408696424,20.73933874986166,20.864525952123206,21591706
2008-05-05,20.426372528076172,20.843663258535393,20.342914381984325,20.739341545687566,30654350
2008-05-06,20.864526748657227,20.864526748657227,20.530694196548552,20.572423265562136,25700234
2008-05-07,20.84366226196289,20.86452776725521,20.718475048810543,20.86452776725521,18454262
2008-05-08,20.9062557220459,20.947984790868617,20.76020301139951,20.78106851557775,31819164
2008-05-09,20.781070709228516,20.906257928911433,20.655883489545595,20.906257928911433,30725018
2008-05-12,20.864526748657227,20.947984886684395,20.69761047260289,20.781068610630058,22532330
2008-05-13,21.198360443115234,21.198360443115234,20.989715086803713,21.073173229328322,37995359
2008-05-14,21.69911003112793,21.69911003112793,21.240090231739657,21.490464667769622,69685371
2008-05-15,21.907752990722656,22.11639639165424,21.740834778816684,21.782563846909746,94754462
2008-05-16,21.82429313659668,21.907753213163947,21.699107870580146,21.699107870580146,53704511
2008-05-19,22.49195671081543,22.49195671081543,21.866022664955256,21.907751730648172,61493901
2008-05-20,22.49195671081543,22.700602039280028,22.116395119579156,22.61714390789419,55128849
2008-05-21,21.82429313659668,22.3250419587978,21.699107870580146,22.3250419587978,40873279
2008-05-22,21.69911003112793,21.69911003112793,21.490464667769622,21.615651885784608,33149684
2008-05-23,21.573917388916016,22.116395246025483,21.573917388916016,21.699106526244133,38055062
2008-05-26,21.949481964111328,22.19985639371339,21.53219124810789,21.573920319708233,60800617
2008-05-27,22.28331184387207,22.491957176658026,22.116395577643303,22.116395577643303,58752445
2008-05-28,21.82429313659668,22.3250419587978,21.699107870580146,22.3250419587978,28085910
2008-05-29,21.740835189819336,22.19985494752062,21.740835189819336,22.19985494752062,30244959
2008-05-30,21.69911003112793,22.15812789098226,21.490464667769622,22.03294067296728,64756842
2008-06-02,21.69911003112793,21.866026321814573,21.281819304411318,21.69911003112793,35839966
2008-06-03,21.240089416503906,21.532190974460175,21.15663127436387,21.49046384292402,37398331
2008-06-04,21.240089416503906,21.323547558643945,21.073173132223836,21.323547558643945,17168824
2008-06-05,21.61565399169922,21.61565399169922,21.073175994116472,21.532193898690824,30954082
2008-06-06,21.82429313659668,22.116396616214,21.657378802063388,21.740834999563162,47780529
2008-06-09,21.573917388916016,21.657377460312635,21.44873213065515,21.490461196586647,14664961
2008-06-10,21.281814575195312,21.615647082384793,21.281814575195312,21.5739160794526,35078450
2008-06-11,21.61565399169922,21.61565399169922,21.073175994116472,21.281821377802142,24921661
2008-06-12,20.9062557220459,21.281817341450346,20.864526653223184,21.156630134982198,35847276
2008-06-13,20.94798469543457,21.24008817586283,20.864526558169352,21.19835910723022,25607634
2008-06-16,21.281814575195312,21.323543638593996,20.98971113140452,21.114898321600574,21132360
2008-06-17,21.156631469726562,21.448734969914007,20.947986112449815,21.448734969914007,21122612
2008-06-18,21.073171615600586,21.198358819800994,20.86452627526657,21.073171615600586,23655718
2008-06-19,20.864526748657227,21.07317209372515,20.864526748657227,20.864526748657227,29130100
2008-06-20,20.488964080810547,21.031441950273454,20.488964080810547,21.031441950273454,29644276
2008-06-23,20.21772575378418,20.40550753917047,20.02994590793171,20.23859125861991,29523652
2008-06-24,19.94648551940918,20.3220471083169,19.94648551940918,20.071672715711752,25971943
2008-06-25,19.863033294677734,20.050813175199856,19.487471594099308,19.946491450361826,44801481
2008-06-26,19.925622940063477,20.301184584067023,19.779572159384596,19.863030302496494,30248614
2008-06-27,19.153635025024414,19.44573850973491,19.111905955780056,19.19536409426877,50602401
2008-06-30,19.55005645751953,19.61265101912856,19.195360406846387,19.195360406846387,28612270
2008-07-01,19.821300506591797,19.8630295766228,19.612655156436777,19.612655156436777,22364187
2008-07-02,19.925622940063477,20.23859194650004,19.821301230940545,19.863030302496494,26494647
2008-07-03,19.445737838745117,19.654383177767436,19.11190529630941,19.36227970313619,56689652
2008-07-04,19.111907958984375,19.46660605450578,19.111907958984375,19.445740547929706,23643533
2008-07-07,19.278825759887695,19.320554836766533,18.77807683734161,19.02845129861465,19466773
2008-07-08,18.778072357177734,19.237092093329814,18.715479726560194,19.237092093329814,34074468
2008-07-09,19.174497604370117,19.341411916351216,18.903257725892185,18.903257725892185,26450784
2008-07-10,19.5917911529541,19.612656659335414,18.965856994058132,19.02844963413414,24149180
2008-07-11,20.155139923095703,20.155139923095703,19.591796316275353,19.779578165060293,33323919
2008-07-14,19.925622940063477,20.050810154731327,19.779572159384596,20.029946588720293,25261602
2008-07-15,19.424875259399414,19.925622158905803,19.404009754672497,19.696113244112617,23967634
2008-07-16,19.633520126342773,19.75870734539216,19.44574026753567,19.466605773810876,31797232
2008-07-17,20.113405227661133,20.113405227661133,19.82130171956865,19.90475986473793,43982699
2008-07-18,19.612653732299805,20.19686067031275,19.529195598297957,20.155131603311823,34677589
2008-07-21,19.904760360717773,20.11340572883993,19.77957313984448,19.82130221346891,41136459
2008-07-22,19.925622940063477,19.967352011619425,19.779572159384596,19.904759374052446,45531317
2008-07-23,20.822797775268555,20.843661340104273,20.029945460369415,20.029945460369415,109636303
2008-07-24,20.68558120727539,20.96231004026591,20.63945834760193,20.8470060129761,90566818
2008-07-25,20.24742317199707,20.524151973343216,20.20130031759783,20.524151973343216,54831483
2008-07-28,20.24742317199707,20.24742317199707,20.24742317199707,20.24742317199707,0
2008-07-29,19.717016220092773,20.06293024589211,19.39416673686707,20.06293024589211,45409392
2008-07-30,20.109058380126953,20.662518110597077,19.924571109549415,20.293545650704495,49029178
2008-07-31,20.293540954589844,20.52414894881568,20.01681011276163,20.52414894881568,23346439
2008-08-01,20.016813278198242,20.224360922075252,19.99375289138132,20.06293613309444,19045281
2008-08-04,19.509477615356445,19.832329293978184,19.509477615356445,19.832329293978184,31974779
2008-08-05,18.148883819580078,19.348046646574627,18.148883819580078,19.348046646574627,101021613
2008-08-06,18.03358268737793,18.356436467598346,17.457062539689908,18.07970554795053,96435368
2008-08-07,17.94133758544922,18.47173899186724,17.82603356530778,18.033581217814856,58679576
2008-08-08,18.448673248291016,18.448673248291016,17.80297001760276,17.80297001760276,38641811
2008-08-11,18.17194938659668,18.563984340070146,17.94133924373647,18.448678228008728,31396323
2008-08-12,17.94133758544922,18.125824850180493,17.756852401980378,17.987460442263256,45072255
2008-08-13,17.61849021911621,17.98746271391415,17.57236735647728,17.98746271391415,45391648
2008-08-14,18.01051902770996,18.195006273979427,17.710727772837632,17.756850625036112,50283091
2008-08-15,17.895217895507812,18.171948809392553,17.733793090021965,18.125825949780484,26760394
2008-08-18,17.5262451171875,18.010521606404374,17.434000440214326,17.98746121763453,33130508
2008-08-19,17.54930305480957,17.59542382590748,17.157268175428413,17.43399800517145,22272332
2008-08-20,18.195009231567383,18.21806962078396,17.549305845927773,17.549305845927773,31125431
2008-08-21,17.987457275390625,18.35643173989151,17.987457275390625,18.218065275072643,27235935
2008-08-22,18.03358268737793,18.264192827715743,17.77991423864772,18.07970554795053,16620261
2008-08-25,18.287248611450195,18.31030899529709,18.056640610457105,18.218065378647434,21881963
2008-08-26,17.987457275390625,18.148884123925278,17.80297004314018,18.148884123925278,22070050
2008-08-27,18.218067169189453,18.310310794905167,17.872155133702247,17.964398759417957,24864147
2008-08-28,17.8029727935791,18.171947315084058,17.756852019022176,18.12582445926474,50933706
2008-08-29,17.895217895507812,18.056644782256217,17.75685347919672,17.987461533469393,30182630
2008-09-01,17.8029727935791,17.8029727935791,17.618487614089013,17.756852019022176,24890171
2008-09-02,17.480119705200195,17.802971344609194,17.43399789376589,17.802971344609194,32814664
2008-09-03,17.203393936157227,17.664611118687716,16.834420398259105,17.48012382942298,53230969
2008-09-04,16.742172241210938,17.249511109317655,16.649928621440427,17.157267489547145,47026466
2008-09-05,16.142589569091797,16.37319756038884,16.073407379828883,16.142589569091797,59985538
2008-09-08,17.27256965637207,17.27256965637207,16.765230842239482,16.88053587500123,48520515
2008-09-09,16.18871307373047,17.27257310558739,16.142592300172925,17.27257310558739,60392468
2008-09-10,15.842801094055176,16.142592367211247,15.681375264039868,15.681375264039868,81505523
2008-09-11,15.496888160705566,15.981166696201004,15.40464557165846,15.958105268465838,67264148
2008-09-12,15.865859985351562,15.958103605416827,15.566069781086064,15.566069781086064,54522736
2008-09-15,15.958106994628906,16.004228814456976,15.612194906865332,15.865863354972767,43207947
2008-09-16,15.450762748718262,15.68137176922507,15.2201547688424,15.2201547688424,44450030
2008-09-17,15.888922691345215,16.39626056133392,15.658313622594745,16.050348519154962,70468723
2008-09-18,15.981165885925293,16.396260117169163,15.45076556248302,15.45076556248302,64865152
2008-09-19,17.06502342224121,17.06502342224121,16.3962587573902,16.9035976121918,73984411
2008-09-22,16.580745697021484,17.43399654075975,16.327076274134992,17.29563215782605,63832448
2008-09-23,16.396259307861328,16.396259307861328,16.096469102351033,16.32707711284066,41148454
2008-09-24,16.02729034423828,16.188716204804724,16.004229952999378,16.188716204804724,31247273
2008-09-25,15.773618698120117,16.027287113133948,15.773618698120119,15.819739471299968,25353882
2008-09-26,15.243217468261719,15.77361777575763,15.22015708302025,15.77361777575763,67397820
2008-09-29,15.243217468261719,15.24321746826172,15.24321746826172,15.24321746826172,0
2008-09-30,14.482211112976074,14.50527149969286,14.182419841870828,14.182419841870828,73913435
2008-10-01,14.389969825744629,14.689761145618629,14.274665792141194,14.666700755150478,64590711
2008-10-02,13.836506843566895,14.389966492930911,13.836506843566895,14.389966492930911,97197179
2008-10-03,13.444472312927246,13.744263570984092,13.283046491042281,13.744263570984092,95968108
2008-10-06,13.05243968963623,13.09856046536708,12.937134628415437,13.052439689636229,56536095
2008-10-07,13.951815605163574,13.951815605163572,12.63734614854044,12.683469015775463,89763604
2008-10-08,13.05243968963623,13.928751078621945,12.98325644477751,13.813447058032374,107457972
2008-10-09,13.283044815063477,13.37528842753929,13.052436824504934,13.052436824504934,99378514
2008-10-13,12.821830749511719,12.914074383255189,12.821830749511717,12.821830749511717,46869136
2008-10-14,13.144681930541992,13.67508124358829,13.05243934091352,13.67508124358829,94185422
2008-10-15,13.006318092346191,13.052439909485116,12.706526801258793,13.052439909485116,72308190
2008-10-16,12.568160057067871,12.568160057067871,12.568160057067871,12.568160057067871,23451720
2008-10-17,12.130005836486816,12.406735702989913,12.130005836486816,12.314493107909717,74236377
2008-10-20,11.714909553527832,11.78409175430947,11.714909553527832,11.714909553527832,31269749
2008-10-21,11.32287311553955,11.89939415205507,11.32287311553955,11.668786153701275,99361953
2008-10-22,10.930841445922852,10.930841445922852,10.930841445922852,10.930841445922852,26223341
2008-10-23,10.561866760253906,10.561866760253906,10.561866760253906,10.561866760253906,12713021
2008-10-24,10.192892074584961,10.192892074584961,10.192892074584961,10.192892074584961,20403292
2008-10-27,9.501069068908691,9.501069068908691,9.501069068908691,9.501069068908691,36894613
2008-10-28,9.685554504394531,9.87004175239782,8.855363969641983,8.855363969641983,174544680
2008-10-29,9.70861530303955,10.215953120986487,9.685553878214522,10.215953120986487,110073445
2008-10-30,10.377379417419434,10.377379417419434,9.823919764577148,9.823919764577148,77640869
2008-10-31,11.092264175415039,11.092264175415039,10.607986795610236,11.069202753159036,93013132
2008-11-03,11.530423164367676,11.853275887100217,11.322875505783808,11.853275887100217,140059708
2008-11-04,11.345932960510254,11.530419125388407,11.069202152246696,11.530419125388407,68473109
2008-11-05,11.392059326171875,11.691849594290177,11.11532944766602,11.645728815065285,66844205
2008-11-06,10.769415855407715,11.023085333379967,10.700232608286303,10.700232608286303,57908301
2008-11-07,10.815536499023438,10.907780124749491,10.192893586319284,10.192893586319284,76127893
2008-11-10,11.530423164367676,11.553484593449909,10.60798993559701,10.60798993559701,91638559
2008-11-11,11.62266731262207,11.876336799939697,11.092267948517621,11.299815616265562,83458552
2008-11-12,11.13839054107666,11.484303691539566,11.069207286605259,11.484303691539566,52943516
2008-11-13,10.723292350769043,10.838596356992465,10.377379291467683,10.400440717091023,71051911
2008-11-14,10.769415855407715,11.069206110619236,10.700232608286303,10.838598061897873,65938076
2008-11-17,10.976963996887207,11.023085816780332,10.469625018694138,10.469625018694138,43894050
2008-11-18,10.654111862182617,10.976963547588527,10.53880783748497,10.746354457561978,60827789
2008-11-19,10.331259727478027,10.607990651349196,10.285138947464151,10.515747010058806,52866625
2008-11-20,10.054529190063477,10.146772825352247,9.823921142472802,9.893103348623754,63558007571
2008-11-21,10.5157470703125,10.5157470703125,9.708617805975155,9.731678196114226,52908028190
2008-11-24,10.331259727478027,10.377381548123223,10.008408023592983,10.377381548123223,43886952
2008-11-25,10.169832229614258,10.515744232127076,9.985344995769253,10.331256998282072,63560373
2008-11-26,9.91616439819336,10.146773501788886,9.91616439819336,9.93922582886857,53042882
2008-11-27,10.285138130187988,10.285138130187988,9.916163594345832,9.916163594345832,72489179
2008-11-28,10.192892074584961,10.285135686630126,10.031466273821417,10.285135686630126,43135787
2008-12-01,10.215953826904297,10.215953826904299,9.916162567880857,9.916162567880857,56987976
2008-12-02,10.146770477294922,10.146770477294922,9.685553448212241,9.939222866239266,61885335
2008-12-03,9.846981048583984,9.985346494738732,9.754737417814152,9.962285066730674,48904970
2008-12-04,9.685554504394531,9.846980326081848,9.685554504394533,9.846980326081848,73203673668
2008-12-05,9.77779769897461,9.77779769897461,9.40882425980374,9.454945029147908,42428391
2008-12-08,10.262075424194336,10.28513685012993,9.616372148095374,9.616372148095374,89897276
2008-12-09,10.308197975158691,10.377380176667833,10.100650330000088,10.377380176667833,69017260
2008-12-10,10.907780647277832,11.023084664643374,10.239015889674022,10.239015889674022,125590026
2008-12-11,10.83859634399414,10.930839965114691,10.700230912313314,10.907779580150098,61672406
2008-12-12,10.400440216064453,10.907779067764487,10.169832214726824,10.631048217402082,55453708
2008-12-15,10.792476654052734,10.884720293298281,10.607990416192935,10.607990416192935,52489268
2008-12-16,10.607987403869629,10.769413206394011,10.538805214396607,10.769413206394011,35204197
2008-12-17,10.884718894958496,11.069205109117691,10.838597081260907,10.976962522353674,73163453
2008-12-18,11.16144847869873,11.184509905330419,10.884718643536438,10.907780070168124,58646454
2008-12-19,11.02308464050293,11.02308464050293,11.02308464050293,11.02308464050293,41250186715
2008-12-22,10.607987403869629,11.18450842449414,10.607987403869629,11.115326235021119,42615295
2008-12-23,10.192892074584961,10.607987288157213,10.14677026856238,10.607987288157213,40917781
2008-12-24,10.331259727478027,10.377381548123223,9.962286202947787,10.054529844238177,29401892426
2008-12-25,10.377379417419434,10.423501228594809,10.239015024524415,10.377379417419434,9328639
2008-12-26,10.469623565673828,10.492683952104318,10.331258125197419,10.377379938689556,12231565
2008-12-29,10.5157470703125,10.607990712131432,10.377381607584102,10.469625249403034,17358413
2008-12-30,10.815536499023438,10.907780124749491,10.469623422866304,10.492683808982248,32020914
2008-12-31,10.654111862182617,10.907781340896193,10.607990044177306,10.884719911577909,21334263
2009-01-02,10.654111862182617,10.654111862182617,10.654111862182617,10.654111862182617,0
2009-01-05,11.16144847869873,11.207570291330969,10.79247501827196,11.069204853434254,63115589
2009-01-06,11.392059326171875,11.5534851753529,11.092268017422274,11.161450226890913,82812668
2009-01-07,11.553482055664062,11.599603863066374,11.299812635266857,11.39205625007148,79515824
2009-01-08,11.000021934509277,11.368995370775307,10.976961550018743,11.299813176672636,56970232
2009-01-09,10.792476654052734,11.06920653115808,10.700233014807187,10.930842112921056,43489485
2009-01-12,10.907780647277832,11.023084664643374,10.838597404353553,10.884719219426009,31015418
2009-01-13,10.976963996887207,11.000024386518119,10.815538147576921,10.90778178736317,20599660
2009-01-14,10.884718894958496,11.115327963446441,10.792475267563317,10.976962522353674,30150691
2009-01-15,10.446561813354492,10.607987619154954,10.377378581846422,10.607987619154954,68080374
2009-01-16,10.70022964477539,10.70022964477539,10.423499854825948,10.538804887883268,27883001
2009-01-19,10.631048202514648,10.79247401135114,10.607987818665595,10.746352203021996,15064699257
2009-01-20,10.377379417419434,10.584927047393066,10.377379417419434,10.584927047393066,50698302
2009-01-21,10.423501968383789,10.446563395923771,10.239015751219823,10.239015751219823,56661486
2009-02-02,10.423501968383789,10.492684169741379,10.146772122322252,10.239015751219823,32200720
2009-02-03,10.607987403869629,10.746351782815672,10.423500177766904,10.469621984292585,25149234
2009-02-04,10.631048202514648,10.838595819680288,10.584926394185503,10.838595819680288,22649689
2009-02-05,10.83859634399414,11.161447977284976,10.538806136298987,10.631048716788447,70331503
2009-02-06,11.16144847869873,11.16144847869873,10.953900842169226,11.046144467433702,80947177
2009-02-09,10.953900337219238,11.392057016711904,10.930839952281717,11.29981339569965,64804822
2009-02-10,10.953900337219238,11.046143958231493,10.769414135825816,10.838596331269462,28284017
2009-02-11,10.884718894958496,10.884718894958496,10.70023164016814,10.70023164016814,40798304
2009-02-12,10.677170753479004,10.884718385080319,10.654110368026018,10.884718385080319,31498056
2009-02-13,10.861654281616211,10.884715702015706,10.631046321406396,10.631046321406396,28067539
2009-02-16,10.654111862182617,10.792476275567289,10.631050432864333,10.746354457561978,29367587
2009-02-17,10.607987403869629,10.746351782815672,10.515743790818266,10.63104778681697,40513217
2009-02-18,10.400440216064453,10.515744216733268,10.26207479088325,10.377378791552065,72761255
2009-02-19,10.400440216064453,10.49268279222088,10.239014407001905,10.285136215395639,53154079
2009-02-20,10.262075424194336,10.400440857914587,10.239015038889846,10.377379431978992,52633586
2009-02-23,10.239013671875,10.331256241408719,10.16983148456697,10.239013671875,46246911
2009-02-24,10.192892074584961,10.239013880607544,10.14677026856238,10.192892074584961,36721904
2009-02-25,10.239013671875,10.44656127443006,10.239013671875,10.331256241408719,34618643
2009-02-26,10.354321479797363,10.423503692598802,10.239017444917847,10.40044330187544,29761505
2009-02-27,10.308197975158691,10.354319789708512,10.21595434605905,10.26207616060887,35949447
2009-03-02,10.100648880004883,10.239014303791345,10.07758849635599,10.239014303791345,65430596
2009-03-03,10.008406639099121,10.100650267629165,9.916163010569079,9.985346252282199,45610491
2009-03-04,10.146770477294922,10.21595266743647,9.916161442438076,9.985344673210635,36660392
2009-03-05,10.308197975158691,10.400441604258333,10.16983357214041,10.28513758819937,55256157
2009-03-06,10.123711585998535,10.192894834077682,10.03146898961179,10.146773015568675,79884900
2009-03-09,9.685554504394531,10.14677158377163,9.685554504394533,10.123710157455656,170448170
2009-03-10,9.87004280090332,9.962285394072874,9.685555533301748,9.685555533301748,63170004
2009-03-11,9.91616439819336,10.100651681069781,9.893104008149466,10.100651681069781,114516556
2009-03-12,9.685554504394531,9.939223950083491,9.685554504394533,9.916162523767518,112879371
2009-03-13,9.962285041809082,10.00840685707862,9.870042451901202,9.916163226539544,155745449
2009-03-16,10.146770477294922,10.331256664549388,10.008405056380814,10.077588287153374,143412151
2009-03-17,10.285138130187988,10.354320335342775,10.19289449622745,10.285138130187988,108988692
2009-03-18,10.146770477294922,10.377378471520757,10.146770477294922,10.377378471520757,151973064
2009-03-19,10.239013671875,10.308195859183032,10.123708638853659,10.192891866792657,186756136
2009-03-20,10.5157470703125,10.561868891221966,10.2620775756261,10.2620775756261,177464168
2009-03-23,10.607987403869629,10.63104778681697,10.400439794819563,10.607987403869629,112667625
2009-03-24,11.000021934509277,11.046143744121414,10.792474311570194,10.83859612118233,214986921
2009-03-25,11.115326881408691,11.299813077608807,11.023083262993103,11.04614364728147,240855381
2009-03-26,10.907780647277832,11.161449069229548,10.838597404353553,11.115328294788284,142682279
2009-03-27,10.83859634399414,11.046143971199832,10.700230912313314,10.930839965114691,128130974
2009-03-30,10.469623565673828,10.677171206072867,10.400441365751202,10.677171206072867,111833655
2009-03-31,10.239013671875,10.469621656655749,10.146770061710313,10.331256241408719,138525439
2009-04-02,10.654111862182617,10.677172250869642,10.377380954150757,10.469624590161377,134401722
2009-04-03,10.792476654052734,10.907781723425316,10.65411223581571,10.746354834429962,245910070
2009-04-06,10.884718894958496,10.976962522353674,10.723293067332515,10.838597081260907,159585262
2009-04-07,10.654111862182617,10.976963547588527,10.561868226171997,10.815537704885573,216536568
2009-04-08,10.5157470703125,10.700233313319039,10.469625249403034,10.607990712131432,154703282
2009-04-09,10.746352195739746,10.769413620204212,10.561866003179217,10.561866003179217,102387905
2009-04-10,11.48430061340332,11.48430061340332,10.907779544244287,10.930839929132969,330197861
2009-04-13,12.014697074890137,12.245305032611133,11.737966276867928,11.737966276867928,419031677
2009-04-14,11.96858024597168,12.037762453894342,11.714910762746891,11.945519856874553,162161698
2009-04-15,12.268366813659668,12.33755004138408,11.853272650468007,11.945516260346581,222202835
2009-04-16,12.960195541381836,13.098559944332978,12.475917009159302,12.683465694848373,246837492
2009-04-17,12.060824394226074,13.167744971007265,12.060824394226074,13.098561719524406,318245468
2009-04-20,11.64572525024414,11.945516467225987,11.368994415815829,11.761029244273779,233749480
2009-04-21,12.083883285522461,12.130005100580055,11.345936325863354,11.461240343191742,149940779
2009-04-22,11.761033058166504,12.060824372365312,11.668789416777436,11.991641121007852,147048499
2009-04-23,11.62266731262207,11.714910951761443,11.507363284013502,11.691849521660952,101583508
2009-04-24,11.576543807983398,11.945518310833362,11.48430122290205,11.622665620839644,127857716
2009-04-27,11.253693580627441,11.737971115864182,11.184511372916843,11.668788908153584,133263737
2009-04-28,11.06920337677002,11.415116405050425,11.023082610921563,11.253690602687834,117087077
2009-04-29,11.046144485473633,11.092266298181196,10.700231410482488,11.069204871511845,129358863
2009-04-30,11.807148933410645,11.807148933410645,11.438175561761277,11.807148933410645,184906023
2009-05-04,12.40673542022705,12.568161258727393,11.968579721530585,12.222249193640044,282170629
2009-05-05,12.037759780883789,12.591220443261765,11.853273587178496,12.45285501750951,226850593
2009-05-06,12.268366813659668,12.314489659229919,11.876333032622169,11.991637024654905,172384637
2009-05-07,12.5451021194458,12.891015259598383,12.199188979293218,12.291432622084752,287782481
2009-05-08,12.429795265197754,12.568159657350447,12.268368406634446,12.45285565034617,131204244
2009-05-11,12.614282608032227,12.867952070740408,12.406734960419278,12.406734960419278,207730787
2009-05-12,12.222249031066895,12.52203927536205,12.083883582493673,12.52203927536205,129057214
2009-05-13,12.498977661132812,12.66040348164622,12.360612226136556,12.360612226136556,127699202
2009-05-14,12.360613822937012,12.706526934798728,12.360613822937012,12.452857458184303,156443382
2009-05-15,12.40673542022705,12.545100870640729,12.360613603422491,12.522039441922834,101003869
2009-05-18,12.752644538879395,12.89100994603365,12.498975146078715,12.591218750848217,205476110
2009-05-19,12.568160057067871,13.121620765174193,12.568160057067871,13.052438566897576,181371408
2009-05-20,12.429795265197754,12.637341853426793,12.314491258193476,12.568159657350447,100598122
2009-05-21,12.291431427001953,12.522039470927677,12.268369998230641,12.360613632053424,91161836
2009-05-22,12.314491271972656,12.406733853300633,12.153064413228723,12.176125839034041,86405247
2009-05-25,12.268366813659668,12.452854033416818,12.245306431505506,12.383671846323368,81171935
2009-05-26,12.498977661132812,12.77570749049421,12.314491455102253,12.406734037801975,162788655
2009-05-27,12.775708198547363,13.09855985746721,12.775708198547363,13.006317269655234,289998122
2009-06-01,13.259984970092773,13.329167161940207,12.914071929593531,13.144679929505669,167798392
2009-06-02,13.744264602661133,13.905690436663104,13.582837728027961,13.605899156103217,225392032
2009-06-03,13.490594863891602,13.698142509201661,13.28304721858154,13.698142509201661,141294694
2009-06-04,13.236923217773438,13.582835209071552,13.098557796875587,13.582835209071552,119411548
2009-06-05,13.283044815063477,13.37528842753929,13.190801202587663,13.283044815063477,70958459
2009-06-08,13.05243968963623,13.559777588356585,13.052439689636229,13.559777588356585,73181197
2009-06-09,12.498977661132812,13.052438360486724,12.406734037801975,13.052438360486724,153758116
2009-06-10,12.86795425415039,12.914076077071487,12.498980711412997,12.545102534334093,66102504
2009-06-11,13.283044815063477,13.283044815063477,12.867949599553306,12.96019321202912,130992498
2009-06-12,13.213860511779785,13.582833891073378,13.213860511779787,13.375287340812209,121681603
2009-06-15,12.914072036743164,13.167741463129863,12.75264622733909,13.167741463129863,78526888
2009-06-16,13.006318092346191,13.006318092346191,12.660404984119866,12.891014069814496,78473656
2009-06-17,12.821830749511719,13.006318016998659,12.821830749511717,12.960196200126923,44036002
2009-06-18,12.706526756286621,12.983256617509507,12.683466368114395,12.914074412361595,39256938
2009-06-19,12.86795425415039,12.86795425415039,12.752650217163337,12.821832431229296,24374411
2009-06-22,12.86795425415039,12.93713646821635,12.706528394242243,12.93713646821635,31165651
2009-06-23,12.591224670410156,12.706528710264923,12.498981022273783,12.683468318546527,76947668
2009-06-24,12.86795425415039,13.167745582821825,12.545102534334093,12.59122435725519,70084269
2009-06-25,13.006318092346191,13.14468250313173,12.914074458068338,12.983256663461109,54633932
2009-06-26,13.029379844665527,13.190805701236064,12.983258022698037,13.190805701236064,38477383
2009-06-29,12.914072036743164,13.144680038568685,12.914072036743164,13.144680038568685,39300706
2009-06-30,13.006318092346191,13.098560685992803,12.867952640929413,13.098560685992803,39420183
2009-07-01,13.190805435180664,13.213865825383614,13.006319191663101,13.098561793106219,38324784
2009-07-02,13.236923217773438,13.329166831705338,13.190801410807488,13.190801410807488,45061608
2009-07-03,13.190805435180664,13.190805435180666,13.052441012700323,13.144683614143442,23607868
2009-07-06,13.09856128692627,13.213865314747862,13.052440508302661,13.190804925436058,20645794
2009-07-07,12.960195541381836,13.144681758860418,12.960195541381836,13.144681758860418,47615569
2009-07-08,12.960195541381836,13.052439170436717,12.914073726854395,12.960195541381836,28799777
2009-07-09,13.029379844665527,13.121623488600505,12.960197632029967,12.960197632029967,23626795
2009-07-10,13.144681930541992,13.144681930541994,13.05243934091352,13.07549972816284,30291460
2009-07-13,12.775708198547363,13.167743099115159,12.59122198229224,13.144681671688785,53104395
2009-07-14,13.05243968963623,13.075500077501655,12.937134628415437,12.960196056912084,55654807
2009-07-15,13.144681930541992,13.23692556080166,13.029377913033006,13.144681930541994,61092767
2009-07-16,13.398350715637207,13.467532914516532,13.190803078368088,13.306107090044012,141791528
2009-07-17,13.467535018920898,13.513656838924382,13.32917059954176,13.513656838924382,71438732
2009-07-20,13.859569549560547,13.905691368169435,13.513656430309528,13.605900067527303,137997850
2009-07-21,13.928750991821289,14.044055011692313,13.744264768153895,13.882629175746636,104834218
2009-07-22,14.182419776916504,14.20548120415884,13.951811748280123,14.044054335355977,124989094
2009-07-23,14.113238334655762,14.205481967318374,14.020994701993148,14.205481967318374,169161135
2009-07-24,14.496569633483887,14.572072577639949,14.24489351592371,14.24489351592371,150109340
2009-07-27,14.244891166687012,14.597237455387058,14.244891166687012,14.597237455387058,95148716
2009-07-28,14.748245239257812,14.748245239257814,14.395898904676526,14.395898904676526,125073726
2009-07-29,15.276763916015625,15.478105431179294,14.924417625579075,14.999920557655464,183203214
2009-07-30,15.503273963928223,15.50327396392822,14.99992176869989,15.276765149411476,102904153
2009-07-31,15.956290245056152,16.006625895878884,15.553608305113997,15.553608305113997,160468826
2009-08-03,16.082130432128906,16.358974905953847,15.679448452012627,16.10729771561117,101074741
2009-08-04,16.082130432128906,16.45964512876292,15.830454330666232,16.358974905953847,130399777
2009-08-05,15.70461654663086,16.107298547545472,15.60394631862222,16.107298547545472,83946543
2009-08-06,15.855618476867676,15.855618476867676,15.352265284658587,15.603942425203025,81519425
2009-08-07,15.855618476867676,15.855618476867676,15.855618476867676,15.855618476867676,0
2009-08-10,15.855618476867676,16.358971669076766,15.754948273977773,16.258300377307076,89457463
2009-08-11,15.629109382629395,15.981456718825298,15.47810353695683,15.956288351960028,55097858
2009-08-12,15.503273963928223,15.629112557175297,15.45293939773338,15.603945274077876,31509442
2009-08-13,15.830453872680664,15.855621155434825,15.578776689619177,15.805286589926505,42484781
2009-08-14,15.956290245056152,16.207967410289907,15.855620032290586,15.905955683113316,52775083
2009-08-17,15.70461654663086,15.956292661092483,15.60394631862222,15.956292661092483,41889343
2009-08-18,15.45294189453125,15.578779419230449,15.377437855279508,15.503276468858866,48930255
2009-08-19,15.35226821899414,15.603945407642566,15.35226821899414,15.503274096631198,30350323
2009-08-20,14.924419403076172,15.251598451414223,14.874083746070308,15.251598451414223,62380348
2009-08-21,14.64757251739502,15.100590089411792,14.597236868655429,14.949584232072867,67463686
2009-08-24,15.276763916015625,15.352266848092013,14.848913604622789,14.848913604622789,46252485
2009-08-25,15.100590705871582,15.301932220169574,15.075423424914295,15.301932220169574,23861750
2009-08-26,14.848918914794922,15.15093183998424,14.697912996640408,15.10059617097264,43976211
2009-08-27,14.798582077026367,14.949587972143775,14.697910754361349,14.798582077026367,34466216
2009-08-28,14.974752426147461,15.100591011238421,14.748243626311679,14.798579278124047,41860989
2009-08-31,15.050253868103027,15.050253868103027,14.798577811739488,14.974750942305985,35227243
2009-09-01,15.150924682617188,15.201259238970222,14.848911900100108,14.924415912389208,41613740
2009-09-02,14.899248123168945,15.075422343876436,14.848912475983974,14.999919417538887,33612188
2009-09-03,15.201257705688477,15.301928985999838,14.999917322825077,14.999917322825077,61324438
2009-09-04,15.125761985778809,15.402605396211023,15.025090664821548,15.352269735732392,56913660
2009-09-07,15.402606964111328,15.452942629713851,15.125763525497982,15.150930813859137,48121593
2009-09-08,15.578777313232422,15.603945685874034,15.251598268811586,15.452939805544416,56641460
2009-09-09,15.427769660949707,15.629111174557503,15.427769660949707,15.603943893686486,32462142
2009-09-10,15.67944622039795,15.931122286040225,15.47810471455622,15.880786637359831,65883791
2009-09-11,15.503273963928223,15.679448212250124,15.50327396392822,15.679448212250124,28095597
2009-09-14,15.201257705688477,15.503269368863238,15.201257705688477,15.45293481758722,35625336
2009-09-15,15.45294189453125,15.528444844902834,15.100594429837146,15.125762805881115,31050104
2009-09-16,15.578777313232422,15.603945685874034,15.427771432902803,15.452939805544416,37739424
2009-09-17,15.603944778442383,15.704614996514417,15.553609124966393,15.603944778442385,47695146
2009-09-18,15.553606986999512,15.60394263355647,15.327098210812906,15.60394263355647,38576440
2009-09-21,15.301932334899902,15.55360841299948,15.20126103255615,15.55360841299948,39979405
2009-09-22,15.100590705871582,15.301932220169574,15.100590705871584,15.176093637623344,58517373
2009-09-23,15.100590705871582,15.301932220169574,15.100590705871584,15.100590705871584,34196285
2009-09-24,15.100590705871582,15.226428199537922,14.974752123325352,15.150926356666055,37484236
2009-09-25,15.050253868103027,15.100589514927657,14.999919310158203,15.100589514927657,30535192
2009-09-28,14.974752426147461,15.100591011238421,14.924417863215007,15.050255359426053,24287063
2009-09-29,15.251594543457031,15.251594543457033,15.075421422397863,15.100588700012102,37166669
2009-09-30,15.050253868103027,15.276762645494154,15.050253868103027,15.276762645494154,35287354
2009-10-01,15.226428031921387,15.226428031921387,15.1005905396403,15.201260751241145,26364858
2009-10-02,15.050253868103027,15.226426998669522,15.025086589130614,15.050253868103027,40413791
2009-10-05,14.899248123168945,15.025086696691465,14.848912475983974,15.025086696691465,46936388
2009-10-06,15.050253868103027,15.150925161752287,14.899248016508942,14.999919310158203,47545436
2009-10-07,15.251594543457031,15.352264742793738,14.94958285656717,15.201258899348806,60294614
2009-10-08,15.125761985778809,15.377437021531657,15.100593611099441,15.352269735732392,40654234
2009-10-09,15.35226821899414,15.35226821899414,15.150927774731395,15.30193365236845,32696915
2009-10-12,15.226428031921387,15.377433893762595,15.1005905396403,15.352266613082353,40671247
2009-10-13,15.0250883102417,15.125759615422773,14.999921028386398,15.10059124468754,65272475
2009-10-14,15.100590705871582,15.201260918580633,14.974752123325352,15.201260918580633,63064251
2009-10-15,15.35226821899414,15.528442468824037,15.201262341357083,15.327100935681296,85834932
2009-10-16,15.35226821899414,15.452939530005509,15.327100935681296,15.452939530005509,28406359
2009-10-19,15.35226821899414,15.35226821899414,15.201262341357083,15.276765280175612,21389265
2009-10-20,15.201257705688477,15.352263537275856,15.201257705688477,15.352263537275856,30585095
2009-10-21,15.276763916015625,15.327099567026517,15.02508783872096,15.10059077079735,53694893
2009-10-22,15.050253868103027,15.276762645494154,14.974750942305985,15.276762645494154,79349762
2009-10-23,15.150924682617188,15.150924682617186,14.999918835798534,15.05025339215157,29824069
2009-10-26,15.201257705688477,15.251593345844157,15.150923154412457,15.226424981326485,22983904
2009-10-27,14.999919891357422,15.150925748802504,14.949584242582446,15.150925748802504,46017713
2009-10-28,15.0250883102417,15.226428742843984,14.924418093940558,14.999921028386398,52149022
2009-10-29,14.848918914794922,14.974757542883781,14.823751624729267,14.949590252818124,47191576
2009-10-30,14.748245239257812,14.999922436964486,14.748245239257814,14.899251122329803,35237450
2009-11-02,14.64757251739502,14.697907077254762,14.572069588725558,14.697907077254762,29915936
2009-11-03,14.597238540649414,14.697908760779695,14.572071257836837,14.647574195154542,24853013
2009-11-04,14.748245239257812,14.748245239257814,14.597239356185824,14.597239356185824,20298196
2009-11-05,14.597238540649414,14.773412786977373,14.572071257836837,14.748244415284823,26671083
2009-11-06,14.697908401489258,14.748244054763932,14.62240655489717,14.748244054763932,35229511
2009-11-09,14.949584007263184,14.949584007263184,14.773410872643653,14.848912711297881,24219013
2009-11-10,15.100590705871582,15.150926356666055,15.050255055077113,15.100590705871584,24317685
2009-11-11,15.100590705871582,15.100590705871584,14.924417561410774,15.100590705871584,20706496
2009-11-12,15.125761985778809,15.226431128975866,15.100593611099441,15.100593611099441,45650242
2009-11-13,14.999919891357422,15.100590100027526,14.949584242582446,15.075422820079963,27509233
2009-11-16,15.050253868103027,15.050253868103027,14.92441638436116,14.999919310158203,39837634
2009-11-17,15.150924682617188,15.201259238970222,15.100589037384378,15.150924682617186,57902654
2009-11-18,15.553606986999512,15.57877426583809,15.22642691769899,15.25159528541737,123296485
2009-11-19,15.45294189453125,15.603947795274417,15.402606231323476,15.603947795274417,62672963
2009-11-20,15.5284423828125,15.528442382812502,15.30193356761154,15.45293944441218,49812637
2009-11-23,15.503273963928223,15.528442335905627,15.402603742658552,15.528442335905627,32143441
2009-11-24,15.5284423828125,15.603945321212821,15.427771072358748,15.50327401075907,47520485
2009-11-25,15.603944778442383,15.603944778442385,15.452938906894358,15.553609124966393,40470499
2009-11-26,15.503273963928223,15.654280929152703,15.50327396392822,15.603945274077876,43919503
2009-11-27,15.125761985778809,15.352269735732392,15.125761985778809,15.301935164133862,48748788
2009-11-30,15.276763916015625,15.352266848092013,15.150926421808242,15.150926421808242,20772278
2009-12-01,15.327099800109863,15.427770014782668,15.176093933660699,15.30193251866164,21441437
2009-12-02,15.201257705688477,15.402599177431538,15.176090430050467,15.377430812913866,52830657
2009-12-03,15.150924682617188,15.226426517146741,15.150924682617186,15.201259238970222,29591564
2009-12-04,15.176095008850098,15.276765230655142,15.150927725618834,15.150927725618834,25066236
2009-12-07,15.402606964111328,15.402606964111328,15.176098102220292,15.176098102220292,23250434
2009-12-08,15.327099800109863,15.402602733334446,15.30193251866164,15.402602733334446,19610890
2009-12-09,15.35226821899414,15.35226821899414,15.17609505804424,15.17609505804424,20346965
2009-12-10,15.075424194335938,15.301933001151806,14.999921258730648,15.201261694424787,68663636
2009-12-11,15.629109382629395,15.704612305465675,15.251594768447985,15.251594768447985,106815897
2009-12-14,16.056962966918945,16.20796884386351,15.75495121302981,15.75495121302981,121417170
2009-12-15,15.956290245056152,16.207967410289907,15.956290245056152,16.207967410289907,61292681
2009-12-16,15.729783058166504,15.956291876711237,15.629112835106623,15.956291876711237,32576693
2009-12-17,15.754951477050781,15.956291923764267,15.704615820932405,15.855621700407523,32260261
2009-12-18,15.754951477050781,15.75495147705078,15.57877722507647,15.629112881194844,36894469
2009-12-21,15.654281616210938,15.855622067587001,15.654281616210936,15.754951841898968,30464873
2009-12-22,15.880786895751953,16.0066254750605,15.754949405323268,15.830452335132424,36284287
2009-12-23,15.830453872680664,15.98145974696557,15.780118218292374,15.98145974696557,25558465
2009-12-24,15.905953407287598,15.95628796202856,15.8556177636669,15.905953407287598,30902662
2009-12-25,16.006628036499023,16.031796409716186,15.931125094607616,16.006628036499023,28380274
2009-12-28,16.082130432128906,16.10729771561117,16.006627492802103,16.006627492802103,29795715
2009-12-29,16.006628036499023,16.107298262727557,15.956292378944738,16.107298262727557,19292189
2009-12-30,16.132463455200195,16.157630734575232,16.00662488056536,16.00662488056536,40889007
2009-12-31,16.61064910888672,16.61064910888672,16.20796717479535,16.20796717479535,58456128
2010-01-04,17.164339065551758,17.365679500735748,16.9126629771318,16.962997541487823,77139270
2010-01-05,17.18950653076172,17.592189583177312,17.01333337587987,17.365679685643567,85811115
2010-01-06,17.23984146118164,17.23984146118164,17.088835595081708,17.214674179791622,49582401
2010-01-07,17.11400032043457,17.466347651670045,17.088833042803376,17.315341808123378,55670613
2010-01-08,17.54184913635254,17.667687691958868,17.365674940727747,17.365674940727747,94572559
2010-01-11,17.768362045288086,18.02003812657526,17.617356178739797,17.617356178739797,86648130
2010-01-12,17.7180233001709,17.919364783377308,17.491514539893586,17.869029140355774,58764622
2010-01-13,17.290176391601562,17.516684092423038,17.265008022381505,17.46634953174265,60194807
2010-01-14,17.567020416259766,17.617356067752056,17.36567889917051,17.4160145506628,60460202
2010-01-15,17.491518020629883,17.76836247901958,17.491518020629883,17.718026825981468,58009266
2010-01-18,17.315345764160156,17.365680330922483,17.26501010851783,17.315345764160156,35898670
2010-01-19,17.18950653076172,17.491518275633435,17.11400359454379,17.416015339415505,51374386
2010-01-20,17.214679718017578,17.34051725433144,17.038505424969753,17.290182675358,40560099
2010-01-21,17.11400032043457,17.290174530492184,16.912659921625515,17.21467160871885,58250844
2010-01-22,16.58548355102539,16.912663677283913,16.53514898458561,16.862328021964142,81746258
2010-01-25,16.258304595947266,16.484814516763066,16.207970025881593,16.358975913838748,53378460
2010-01-26,16.107295989990234,16.560314666297856,16.031794147632162,16.509979015845925,87402352
2010-01-27,16.207969665527344,16.333808265653875,16.082131065400816,16.157634007700725,32104880
2010-01-28,16.43447494506836,16.61064807611474,16.308636372103912,16.409307666027395,46591601
2010-01-29,16.358978271484375,16.358978271484375,16.082133740704244,16.182805073104415,37250598
2010-02-01,16.056962966918945,16.35897472080808,15.956291656369242,16.35897472080808,41132853
2010-02-02,15.780119895935059,16.308640512121197,15.780119895935057,16.28347322669141,43392115
2010-02-03,16.107295989990234,16.107295989990234,15.855619915490342,16.006625777966253,22992978
2010-02-04,16.207969665527344,16.207969665527344,16.031796496454238,16.107298349874103,19015452
2010-02-05,15.805285453796387,16.006625879116672,15.805285453796387,15.880787296631576,52812510
2010-02-08,15.981459617614746,16.082129836696556,15.956291246184325,16.082129836696556,31166923
2010-02-09,16.082130432128906,16.207969027300244,15.905957269993033,16.006627492802103,36263872
2010-02-10,16.484813690185547,16.53514934660737,16.358975093570997,16.40931074999282,51157760
2010-02-22,16.61064910888672,17.063667781949338,16.58548182828097,17.063667781949338,56153768
2010-02-23,16.711318969726562,16.837156450796826,16.33380434875621,16.837156450796826,46494063
2010-02-24,16.484813690185547,16.660986854341907,16.459645317534626,16.61065119792008,40205104
2010-02-25,16.28346824645996,16.459641368346823,16.182798046650287,16.459641368346823,49337421
2010-02-26,16.207969665527344,16.358975550127163,16.056963780927525,16.283472607827253,42848849
2010-03-01,16.509981155395508,16.635818664512957,16.25830395940056,16.28347233232807,44715688
2010-03-02,16.560314178466797,16.811990245552856,16.53514689842215,16.811990245552856,34406106
2010-03-03,16.660987854003906,16.761658084007767,16.58548490928099,16.761658084007767,28691035
2010-03-04,16.409311294555664,16.761657634561423,16.35897563646339,16.761657634561423,37190487
2010-03-05,16.660987854003906,16.761658084007767,16.459646305116102,16.660987854003906,38448279
2010-03-08,16.711318969726562,16.78682189392063,16.63581495665271,16.711318969726562,29295547
2010-03-09,16.711318969726562,16.73648624816466,16.585480399776518,16.73648624816466,20557920
2010-03-10,16.837158203125,16.837158203125,16.686152339020914,16.711320708958194,27306217
2010-03-11,16.711318969726562,16.837156450796826,16.660983323970587,16.837156450796826,29648273
2010-03-12,16.61064910888672,16.71132040906947,16.535147267069473,16.71132040906947,18820375
2010-03-15,16.459644317626953,16.635817471080962,16.409309753142924,16.509979970990933,27770091
2010-03-16,16.560314178466797,16.560314178466797,16.40930832043919,16.509978529497644,13758586
2010-03-17,16.78682518005371,16.81199246341847,16.585483646495646,16.610650929860405,37006752
2010-03-18,16.686153411865234,16.81199200300279,16.66098612918971,16.81199200300279,22092449
2010-03-19,16.711318969726562,16.711318969726562,16.61064767821461,16.660983323970587,22854609
2010-03-22,16.459644317626953,16.610650188838946,16.358974099778944,16.610650188838946,35818144
2010-03-23,16.38414192199707,16.50998051511434,16.35897463892561,16.459644860091434,26626851
2010-03-24,16.484813690185547,16.509980973956452,16.3841423773419,16.3841423773419,31307560
2010-03-25,16.459644317626953,16.509979970990933,16.308638446414964,16.509979970990933,33558882
2010-03-26,16.43447494506836,16.50997787107107,16.283469093062948,16.384139298106618,30555607
2010-03-29,16.509981155395508,16.560316812370502,16.43447821437303,16.459645498420514,38228250
2010-03-30,16.53514862060547,16.58548318593726,16.459644594847852,16.53514862060547,36615464
2010-03-31,16.53514862060547,16.610650468603154,16.50998024905961,16.58548318593726,32365738
2010-04-01,16.711318969726562,16.711318969726562,16.535145842900327,16.585480399776518,49153686
2010-04-02,16.81199073791504,16.837158018696748,16.71132052590832,16.78682345713333,29024481
2010-04-06,17.06366729736328,17.16433750580725,16.862325791595495,16.862325791595495,52964489
2010-04-07,17.06366729736328,17.114001857145343,16.962996000039464,17.08883457725431,29731067
2010-04-08,17.11400032043457,17.16433596457671,17.063665765172182,17.063665765172182,40064467
2010-04-09,17.164339065551758,17.214674718787727,17.11400341231579,17.11400341231579,28637730
2010-04-12,17.491518020629883,17.491518020629883,17.16433899808202,17.21467465112013,47987762
2010-04-13,17.466354370117188,17.516688944740814,17.365683043109605,17.491521657429,56184390
2010-04-14,17.491518020629883,17.516685302708968,17.390847803433605,17.4663507385508,35188681
2010-04-15,17.592185974121094,17.592185974121094,17.516681964512937,17.54185033067557,40063333
2010-04-16,17.567020416259766,17.617356067752056,17.46635020215509,17.592188786445867,37608995
2010-04-19,17.139171600341797,17.416016074451633,17.063669749817297,17.3656804185553,62878247
2010-04-20,16.912660598754883,17.139168284263786,16.811989306440044,17.139168284263786,66615329
2010-04-21,16.93783187866211,17.063670479342942,16.887496220613766,16.93783187866211,30487557
2010-04-22,16.61064910888672,16.837157900978088,16.535147267069473,16.837157900978088,70091553
2010-04-23,16.660987854003906,16.711323513445876,16.610652194561936,16.660987854003906,35305500
2010-04-26,17.013330459594727,17.03849773772675,16.811988967899232,16.811988967899232,32886321
2010-04-27,17.11400032043457,17.139167598065768,16.811988633341237,17.01333012103004,23858348
2010-04-28,16.962997436523438,17.013333089447936,16.71132134966081,16.71132134966081,28539057
2010-04-29,16.912660598754883,17.013330802189927,16.83715658507886,16.96299515603251,21788492
2010-04-30,16.86232566833496,17.088834452338038,16.86232566833496,17.013331524337012,28085390
2010-05-03,16.78682518005371,16.9126637746375,16.736489524444195,16.862328119027985,19846797
2010-05-04,16.686153411865234,16.837159285678315,16.610650474958696,16.786824720327267,33633737
2010-05-05,16.207969665527344,16.38414283460045,16.107298349874103,16.38414283460045,71029509
2010-05-06,15.880786895751953,16.207966984178203,15.805285054822662,16.15763133467881,60404628
2010-05-07,15.880786895751953,15.880786895751951,15.503272246706173,15.603943545704956,74916301
2010-05-10,16.107295989990234,16.107295989990234,15.830452634704319,15.905955565942275,33056446
2010-05-11,15.830453872680664,16.258303123901246,15.830453872680666,16.258303123901246,39068668
2010-05-12,15.956290245056152,16.006625895878884,15.880787313262005,15.880787313262005,17452569
2010-05-13,16.132463455200195,16.233133661580165,16.031793248820225,16.0821278075703,18983696
2010-05-14,15.956290245056152,16.13246447849576,15.905955683113316,16.13246447849576,25468865
2010-05-17,15.830453872680664,15.905956809823117,15.654280715641601,15.855621155434825,28879307
2010-05-18,15.905953407287598,15.93112068465808,15.754947565305237,15.780114842675719,18195449
2010-05-19,15.754951477050781,15.83045441678834,15.603945597575661,15.805287133169156,33051910
2010-05-20,15.503273963928223,15.679448212250124,15.4781066808308,15.654280929152703,41813354
2010-05-21,15.226428031921387,15.301932051721872,15.07542325896006,15.1005905396403,45104708
2010-05-24,15.251594543457031,15.402600386901964,15.226426176963045,15.226426176963045,21967690
2010-05-25,14.949584007263184,15.226427348968182,14.748242504212412,15.226427348968182,65186278
2010-05-26,15.100590705871582,15.100590705871584,14.823746259821831,14.949584842368063,45611681
2010-05-27,15.176095008850098,15.226429575312624,14.949586193128752,15.075424787045051,22699228
2010-05-28,15.276763916015625,15.402602499102905,15.125759140742744,15.352266848092013,31016079
2010-05-31,15.377435684204102,15.377435684204102,15.22642980478082,15.352268400593557,18042337
2010-06-01,15.150924682617188,15.30193052943584,15.100589037384378,15.30193052943584,26293405
2010-06-02,14.999919891357422,15.100590100027526,14.899248593807469,15.100590100027526,30307224
2010-06-03,15.226428031921387,15.251596401481509,15.07542325896006,15.150926189880664,19874017
2010-06-04,15.226428031921387,15.251596401481509,15.176093470560906,15.251596401481509,13115513
2010-06-07,14.999919891357422,15.025087171304985,14.848912945032492,14.97475152253001,28667218
2010-06-08,14.999919891357422,15.100590100027526,14.748242736362387,14.999919891357422,22470127
2010-06-09,14.748245239257812,14.999922436964486,14.723077955039159,14.999922436964486,34001208
2010-06-10,14.924419403076172,14.999922344144956,14.798580805001526,14.999922344144956,13412665
2010-06-11,15.100590705871582,15.176093637623344,15.025087774119823,15.075423424914295,17991299
2010-06-14,15.35226821899414,15.377435502306986,15.226429624669928,15.226429624669928,16919511
2010-06-15,15.45294189453125,15.553612132066641,15.226431954536343,15.251600330580311,23901446
2010-06-17,15.553606986999512,15.553606986999512,15.327098210812906,15.478104061603977,25584551
2010-06-18,15.35226821899414,15.503274096631198,15.276765280175612,15.478106813318353,19710697
2010-06-21,15.427769660949707,15.603943893686486,15.327099448585756,15.52844096219355,40317387
2010-06-22,15.478107452392578,15.503274736744553,15.402604510456616,15.452940168040604,12847849
2010-06-23,15.377435684204102,15.478106996406293,15.352268400593557,15.452939712795748,14410732
2010-06-24,15.5284423828125,15.528442382812502,15.327100850784984,15.50327401075907,22217207
2010-06-25,15.301932334899902,15.42776982950974,15.251596683728026,15.377434178337866,17613621
2010-06-28,15.301932334899902,15.352266897191878,15.251596683728026,15.301932334899902,13411530
2010-06-29,15.100590705871582,15.478105364630384,15.100590705871584,15.301932220169574,23630380
2010-06-30,14.999919891357422,15.075422820079963,14.899248593807469,14.924416962634881,25311216
2010-07-01,14.899248123168945,14.999919417538887,14.899248123168945,14.999919417538887,5958916
2010-07-02,14.949584007263184,15.176092789865363,14.899248359280532,14.899248359280532,13065609
2010-07-05,15.0250883102417,15.125759615422773,14.949585375795861,14.949585375795861,12711749
2010-07-06,15.35226821899414,15.35226821899414,15.025089180407182,15.025089180407182,22735522
2010-07-07,15.226428031921387,15.402602263322716,15.150926189880664,15.377433893762595,13467105
2010-07-08,15.327099800109863,15.377434363006309,15.201261215108921,15.30193251866164,13394518
2010-07-09,15.327099800109863,15.352267081558086,15.201261215108921,15.352267081558086,13498861
2010-07-12,15.327099800109863,15.478105666559028,15.176093933660699,15.201261215108921,21414217
2010-07-13,15.276763916015625,15.37743412915751,15.226428265004733,15.327099567026517,14520746
2010-07-14,15.377435684204102,15.452939712795748,15.251598177271372,15.352268400593557,26325162
2010-07-15,15.301932334899902,15.402602548363754,15.276763964874014,15.377434178337866,20046411
2010-07-16,15.201257705688477,15.301928985999838,15.201257705688477,15.301928985999838,22951014
2010-07-19,15.45294189453125,15.503276468858866,15.100594429837146,15.150930093044922,24349442
2010-07-20,15.553606986999512,15.553606986999512,15.377432768490062,15.452936782765399,26774292
2010-07-21,15.578777313232422,15.578777313232424,15.402604149141204,15.503274373067613,31390354
2010-07-22,15.830453872680664,15.855621155434825,15.528442124110857,15.60394506125331,45220393
2010-07-23,16.006628036499023,16.031796409716186,15.931125094607616,15.931125094607616,77683670
2010-07-26,16.2624568939209,16.316216903357954,16.07429686089121,16.128056870328265,59200690
2010-07-27,16.289337158203125,16.343098294313755,16.18181713761573,16.289337158203125,20830035
2010-07-28,16.235576629638672,16.316216642505033,16.208696625349884,16.28933663821625,14836404
2010-07-29,16.343097686767578,16.343097686767578,16.181816536065092,16.23557654436029,21900522
2010-07-30,16.31621742248535,16.343098553876064,16.235577405764076,16.343098553876064,15029641
2010-08-02,16.585018157958984,16.585018157958984,16.316216983634284,16.316216983634284,27189278
2010-08-03,16.77318000793457,16.77318000793457,16.558138834462653,16.665658858290126,25821250
2010-08-04,16.746301651000977,16.80006166820851,16.611900482165062,16.773181659604745,19460909
2010-08-05,16.71942138671875,16.77318140310417,16.585020219938137,16.74630139491146,16017783
2010-08-06,16.638776779174805,16.719417912814656,16.585016773959456,16.719417912814656,20772942
2010-08-09,16.692541122436523,16.77318114577751,16.61189997327849,16.61189997327849,26097930
2010-08-10,16.665660858154297,16.77318202070118,16.611900839789406,16.77318202070118,14788095
2010-08-11,16.665660858154297,16.665660858154297,16.558140821424512,16.611900839789406,12000436
2010-08-12,16.531259536743164,16.585019550960105,16.504379529634694,16.558139543851635,13286119
2010-08-13,16.611900329589844,16.638780337946727,16.45062027944855,16.531260304519197,12044354
2010-08-16,16.55813980102539,16.585019808551348,16.423739763395595,16.504379785973473,14748569
2010-08-17,16.450618743896484,16.55813876728776,16.450618743896484,16.55813876728776,12663589
2010-08-18,16.504379272460938,16.53125927915056,16.369979239012828,16.450619259081694,21122086
2010-08-19,16.531259536743164,16.558139543851635,16.34309948698387,16.39685950120081,14658538
2010-08-20,16.477500915527344,16.50438092490824,16.39686088738466,16.477500915527344,8341017
2010-08-23,16.450618743896484,16.6118987789834,16.369978726353025,16.477498749744303,20663148
2010-08-24,16.36998176574707,16.477501809101458,16.36998176574707,16.450621798262862,15553356
2010-08-25,16.074298858642578,16.289338923116475,16.074298858642578,16.289338923116475,41669951
2010-08-26,16.10117530822754,16.15493531246467,16.020535301871842,16.074295306108976,17498898
2010-08-27,16.343097686767578,16.343097686767578,16.154936531917496,16.23557654436029,16869781
2010-08-30,16.36998176574707,16.477501809101458,16.289340607414104,16.450621798262862,14557528
2010-08-31,16.289337158203125,16.396858304607452,16.18181713761573,16.396858304607452,15817958
2010-09-01,16.289337158203125,16.369978299460605,16.235577147909428,16.289337158203125,12739347
2010-09-02,16.343097686767578,16.47749770750557,16.343097686767578,16.45061770335797,9298417
2010-09-03,16.423736572265625,16.477496576871978,16.36997656765927,16.396856569962445,12246374
2010-09-06,16.665660858154297,16.692541993153846,16.477500793877176,16.477500793877176,22752520
2010-09-07,17.203258514404297,17.283899645366784,16.907578495536754,16.907578495536754,83069811
2010-09-08,17.01510238647461,17.203262441432962,16.907582355069838,17.203262441432962,28057745
2010-09-09,16.96134376525879,17.09574381556453,16.907583745136492,17.09574381556453,19176544
2010-09-10,17.06886100769043,17.095741013345588,17.015100996380113,17.04198100203527,20732318
2010-09-13,17.257022857666016,17.257022857666016,17.176381711684613,17.20326171840608,52232092
2010-09-14,17.31078338623047,17.31078338623047,17.149502215285377,17.25702337118778,27058624
2010-09-15,17.31078338623047,17.31078338623047,17.17638222280672,17.31078338623047,20587391
2010-09-16,17.23014259338379,17.310782612342763,17.20326146124715,17.283902606023105,16178081
2010-09-17,17.203258514404297,17.310779647082015,17.203258514404297,17.230139641936322,30873950
2010-09-20,17.4451847076416,17.472064717141063,17.203263496329317,17.203263496329317,21668857
2010-09-21,17.4451847076416,17.525824736139988,17.337664669643747,17.472064717141063,15076852
2010-09-23,17.418302536010742,17.445182542173594,17.25702249903363,17.445182542173594,17000435
2010-09-24,17.31078338623047,17.41830341631584,17.25702337118778,17.25702337118778,17833768
2010-09-27,17.418302536010742,17.445182542173594,17.310782511359335,17.418302536010742,14443343
2010-09-28,17.36454200744629,17.44518202353746,17.36454200744629,17.418302018173737,19190817
2010-09-29,17.391422271728516,17.47206228902023,17.310782254436802,17.418302277492423,28896568
2010-09-30,17.36454200744629,17.39142201281001,17.203260849447005,17.39142201281001,19685986
2010-10-01,17.31078338623047,17.364543401273153,17.23014336366644,17.364543401273153,9664029
2010-10-04,17.36454200744629,17.418302018173737,17.310781996718845,17.310781996718845,20622525
2010-10-05,17.31078338623047,17.31078338623047,17.20326223032806,17.31078338623047,20633504
2010-10-06,17.418302536010742,17.445182542173594,17.310782511359335,17.310782511359335,29362093
2010-10-07,17.418302536010742,17.57958369880483,17.36454252368504,17.418302536010742,25903595
2010-10-08,17.257022857666016,17.445182904716287,17.20326171840608,17.418302897994817,20216289
2010-10-11,17.01510238647461,17.28390359080359,16.934462362921032,17.257023582952396,30608250
2010-10-12,16.82693862915039,17.015099781114465,16.746298617944447,17.015099781114465,30808074
2010-10-13,16.88070297241211,16.88070297241211,16.719421793514698,16.800061820054857,19487259
2010-10-14,16.88070297241211,16.93446299010555,16.826941828901578,16.93446299010555,30294240
2010-10-15,16.85382080078125,17.095741991334112,16.82694079358838,16.880701933791144,40704866
2010-10-18,16.692541122436523,16.9075823104962,16.66565998883915,16.9075823104962,30836620
2010-10-19,16.638776779174805,16.719417912814656,16.61189677656713,16.69253791020698,29598149
2010-10-20,16.665660858154297,16.71942200233629,16.558140821424512,16.58502083060696,18883395
2010-10-21,16.611900329589844,16.719421488834445,16.585020321232964,16.66566034630361,19020637
2010-10-22,16.611900329589844,16.66566034630361,16.55814031287608,16.66566034630361,21496482
2010-10-25,16.71942138671875,16.82694141948959,16.611900228130846,16.611900228130846,31465737
2010-10-26,16.800058364868164,16.800058364868164,16.665657222459103,16.773178361549725,17591124
2010-10-27,16.638776779174805,16.800057920637677,16.61189677656713,16.77317791803,24098589
2010-10-28,16.71942138671875,16.82694141948959,16.585020219938137,16.585020219938137,31396567
2010-10-29,16.692541122436523,16.77318114577751,16.66565998883915,16.77318114577751,16158318
2010-11-01,16.82693862915039,16.82693862915039,16.69253861047382,16.69253861047382,23685765
2010-11-02,16.82693862915039,16.853818632885705,16.77317862167976,16.82693862915039,17515367
2010-11-03,16.96134376525879,16.988223775319938,16.826942589135903,16.826942589135903,51576625
2010-11-04,16.96134376525879,16.988223775319938,16.907583745136492,16.96134376525879,35880537
2010-11-05,17.095741271972656,17.14950128409626,17.015101253787243,17.06886126591085,38113738
2010-11-08,17.06886100769043,17.122621019000746,17.015100996380113,17.095741013345588,23018220
2010-11-09,17.257022857666016,17.257022857666016,17.041981678077274,17.068861684798744,29470788
2010-11-10,17.391422271728516,17.552702306311947,17.310782254436802,17.310782254436802,49363186
2010-11-11,17.257022857666016,17.39142289127335,17.230142850944546,17.364542884551884,20633504
2010-11-12,17.12261962890625,17.20325963932499,16.98821961154168,17.20325963932499,28808733
2010-11-15,16.988224029541016,17.041984050467807,16.934464008614224,16.988224029541016,16290071
2010-11-16,17.095741271972656,17.095741271972656,16.934461235601834,16.98822124772544,14469693
2010-11-17,17.041980743408203,17.095740753902664,16.98822073291374,17.068860748655432,14163369
2010-11-18,17.041980743408203,17.095740753902664,16.934460722419278,17.041980743408203,13876808
2010-11-19,17.095741271972656,17.122621278034458,16.96134124166364,17.095741271972656,17928191
2010-11-22,17.12261962890625,17.23014076861477,17.095739625433335,17.12261962890625,23360776
2010-11-23,17.06886100769043,17.176381030311063,17.06886100769043,17.122621019000746,13126918
2010-11-24,17.06886100769043,17.122621019000746,16.961340985069796,16.988220990724955,13435438
2010-11-25,17.095741271972656,17.14950128409626,17.015101253787243,17.095741271972656,21374611
2010-11-26,16.800058364868164,16.988219513914107,16.800058364868164,16.988219513914107,33416769
2010-11-29,16.85382080078125,16.907581940984013,16.746300772009768,16.80006078639551,20794901
2010-11-30,16.85382080078125,16.934461948176885,16.80006078639551,16.85382080078125,27234293
2010-12-01,16.85382080078125,16.85382080078125,16.746300772009768,16.85382080078125,29230340
2010-12-02,16.93446159362793,16.93446159362793,16.826940441290546,16.907581586997832,24684887
2010-12-03,16.93446159362793,17.068861626778414,16.880701580367734,16.93446159362793,22317737
2010-12-06,17.041980743408203,17.095740753902664,16.90758071717205,16.934460722419278,22515366
2010-12-07,17.06886100769043,17.149501024655905,16.988220990724955,17.04198100203527,25962884
2010-12-08,17.095741271972656,17.203261296219868,17.095741271972656,17.095741271972656,20539082
2010-12-09,17.257022857666016,17.445182904716287,17.149501704963146,17.20326171840608,38628669
2010-12-10,17.23014259338379,17.257022599703447,17.149501448607833,17.257022599703447,22923798
2010-12-13,17.12261962890625,17.257020772087685,17.041979618487506,17.257020772087685,28121425
2010-12-14,17.203258514404297,17.257019643651553,17.122618509258604,17.122618509258604,21989455
2010-12-15,17.283905029296875,17.283905029296875,17.2032638732147,17.2032638732147,32154143
2010-12-16,17.283905029296875,17.337665049473564,17.25702501920853,17.283905029296875,23871316
2010-12-17,17.418302536010742,17.498942554499298,17.283902505196483,17.310782511359335,36716066
2010-12-20,17.579586029052734,17.633346048504553,17.445184854606058,17.472064864331966,54779303
2010-12-21,17.7139835357666,17.84838356511006,17.57958350642315,17.60646351229184,49555325
2010-12-22,17.687103271484375,17.79462329338824,17.633343260532442,17.740863282436308,28926212
2010-12-23,17.606464385986328,17.713984414796613,17.579584378783757,17.687104407594042,20098810
2010-12-24,17.633342742919922,17.66022274760685,17.5258215983553,17.606462738232995,17609789
2010-12-27,17.7139835357666,17.7139835357666,17.57958350642315,17.60646351229184,21752301
2010-12-28,17.687103271484375,17.71398327696034,17.606463255056475,17.71398327696034,16758889
2010-12-29,17.660221099853516,17.687101102032454,17.60646109549564,17.687101102032454,17057528
2010-12-30,17.740863800048828,17.740863800048828,17.633343775007926,17.660223781268154,34685983
2010-12-31,18.009666442871094,18.009666442871094,17.79462524960627,17.79462524960627,54810045
2011-01-03,18.359106063842773,18.439746082044422,18.197824901622496,18.224704907689713,71723744
2011-01-04,18.224706649780273,18.547267879237317,18.19782664114361,18.547267879237317,59138107
2011-01-05,18.009666442871094,18.43974770358367,17.875265274899178,18.278466527180782,47420938
2011-01-06,18.009666442871094,18.11718647659497,17.875265274899178,18.009666442871094,37675661
2011-01-07,17.7139835357666,18.00966472613917,17.63334351816053,18.00966472613917,43985498
2011-01-10,17.902143478393555,17.902143478393555,17.687103432626653,17.713983438347515,23314663
2011-01-11,18.06342887878418,18.090308890814917,17.794627632659605,17.902147680782544,27985281
2011-01-12,17.955904006958008,18.11718403581589,17.92902400214836,18.090304031006244,18409087
2011-01-13,18.06342887878418,18.170948926907123,17.982788842691974,18.00966885472271,19492749
2011-01-14,17.955904006958008,18.170944045435185,17.848382861902497,18.063424026196596,25189937
2011-01-17,17.848384857177734,18.03654603769677,17.848384857177734,17.95590601425306,19273162
2011-01-18,17.794626235961914,17.848386255803767,17.74086621612006,17.794626235961914,26684228
2011-01-19,17.902143478393555,17.92902460993138,17.76774344978924,17.794623455510102,21021075
2011-01-20,17.821508407592773,17.902148447137016,17.767748381229946,17.902148447137016,18264159
2011-01-21,17.794626235961914,17.82150624588284,17.71398620619913,17.767746226040988,31924674
2011-01-24,17.740863800048828,17.79462381256928,17.660223781268154,17.79462381256928,31660072
2011-01-25,17.687103271484375,17.79462329338824,17.687103271484375,17.687103271484375,27912818
2011-01-26,17.955904006958008,18.090304031006244,17.74086284266391,17.74086284266391,49923134
2011-01-27,18.009666442871094,18.11718647659497,17.982786434440126,18.036546451302062,40127352
2011-01-28,18.17094612121582,18.251586144856773,17.982786066053592,18.036546081814226,45001088
2011-02-08,18.76230812072754,18.76230812072754,18.27846573822023,18.439746907661675,93563880
2011-02-09,18.627904891967773,18.81606604780526,18.60102488767912,18.81606604780526,66116586
2011-02-10,18.27846336364746,18.54726452725163,18.27846336364746,18.54726452725163,50465514
2011-02-11,17.982784271240234,18.30534545942714,17.95590426604274,18.278464328412706,53829589
2011-02-14,18.06342887878418,18.197828938937857,18.036548866753446,18.06342887878418,45950802
2011-02-15,18.06342887878418,18.251588962999328,17.87526766875181,18.036548866753446,36037541
2011-02-16,18.009666442871094,18.11718647659497,18.009666442871094,18.06342645973303,22445098
2011-02-17,17.794626235961914,18.036547451067392,17.794626235961914,18.036547451067392,42698717
2011-02-18,18.09030532836914,18.14406534184388,17.902144155390538,17.902144155390538,26728145
2011-02-21,17.982784271240234,18.170944307622715,17.87526312463331,18.170944307622715,25951904
2011-02-22,17.848384857177734,17.875264864992307,17.767744833734028,17.848384857177734,44566305
2011-02-23,18.03654670715332,18.197826760026917,17.84838551965037,17.84838551965037,54020629
2011-02-24,18.06342887878418,18.197828938937857,18.06342887878418,18.197828938937857,41658972
2011-02-25,18.009666442871094,18.224706510318846,17.982786434440126,18.197826501887874,48611100
2011-03-01,18.2515811920166,18.278461192602627,18.009661186742356,18.009661186742356,30553353
2011-03-02,18.117183685302734,18.30534484114683,18.117183685302734,18.197823698171533,28983305
2011-03-03,18.385984420776367,18.385984420776367,18.117183258397382,18.117183258397382,32837059
2011-03-04,18.27846336364746,18.54726452725163,18.22470335609,18.54726452725163,35473202
2011-03-07,18.27846336364746,18.332224497021798,18.22470335609,18.27846336364746,17930387
2011-03-08,18.224706649780273,18.33222781014401,18.170946632506947,18.33222781014401,23830693
2011-03-09,18.17094612121582,18.278466152737092,18.117186105455183,18.278466152737092,17738248
2011-03-10,18.03654670715332,18.17094675121465,18.009666698341054,18.17094675121465,27882075
2011-03-11,17.955904006958008,17.982784011767656,17.92902400214836,17.955904006958008,28806537
2011-03-14,18.466623306274414,18.70854445025301,18.224702162295817,18.70854445025301,88638540
2011-03-15,18.466623306274414,18.574143314346323,18.009662146152,18.574143314346323,88784566
2011-03-16,18.493505477905273,18.60102549859117,18.43974546756233,18.54726548824822,41941141
2011-03-17,18.466623306274414,18.49350330829239,18.27846216633177,18.27846216633177,23323447
2011-03-18,18.54726791381836,18.54726791381836,18.412867870384456,18.466627887758015,30310709
2011-03-21,18.439743041992188,18.654784180894325,18.439743041992188,18.654784180894325,23713214
2011-03-22,18.493505477905273,18.60102549859117,18.466625472733803,18.493505477905273,30689497
2011-03-23,18.60102653503418,18.60102653503418,18.43974649501887,18.493506508357306,25374390
2011-03-24,18.60102653503418,18.78918770753571,18.60102653503418,18.654787674189617,27164025
2011-03-25,18.627904891967773,18.70854603065064,18.574144883390463,18.70854603065064,22046547
2011-03-28,18.60102653503418,18.681667680858837,18.547266521695743,18.60102653503418,27965518
2011-03-29,18.70854377746582,18.70854377746582,18.547262645341064,18.60102264744373,27007021
2011-03-30,18.896709442138672,18.950469460336056,18.762309396645207,18.7891894057439,53422254
2011-03-31,18.896709442138672,18.923589451237362,18.762309396645207,18.896709442138672,35812465
2011-04-01,18.84294891357422,18.896708930315498,18.70854887172102,18.896708930315498,27180494
2011-04-06,18.896709442138672,18.923589451237362,18.842949423941285,18.842949423941285,38414572
2011-04-07,18.950469970703125,18.950469970703125,18.84294993141266,18.92358996088051,23129112
2011-04-08,18.923587799072266,18.977347812576014,18.896707792320388,18.95046780582414,27860117
2011-04-11,18.869827270507812,18.869827270507812,18.681667228380604,18.84294726448964,23485941
2011-04-12,18.789186477661133,18.816066482570882,18.627905322385725,18.816066482570882,27194768
2011-04-13,18.869827270507812,18.869827270507812,18.73542724041695,18.789187252453296,12864512
2011-04-14,18.81606674194336,18.869826752503915,18.7623067313828,18.869826752503915,17496702
2011-04-15,18.73542594909668,18.816065961593168,18.68166594076569,18.816065961593168,24985721
2011-04-18,18.60102653503418,18.708547687528053,18.60102653503418,18.708547687528053,21436095
2011-04-19,18.60102653503418,18.60102653503418,18.493506508357306,18.547266521695743,24553134
2011-04-20,18.76230812072754,18.76230812072754,18.601026951286094,18.654788091644594,20535788
2011-04-21,18.869827270507812,18.92358728254416,18.76230724643512,18.869827270507812,29354407
2011-04-22,18.869827270507812,18.950467288562333,18.816067258471467,18.92358728254416,21106714
2011-04-25,18.84294891357422,18.950468947056777,18.84294891357422,18.923588938686137,12413260
2011-04-26,18.923587799072266,18.923587799072266,18.816067772064763,18.816067772064763,14549843
2011-04-27,19.05799102783203,19.05799102783203,18.923590971540992,18.97735099405741,32332009
2011-04-28,19.16550636291504,19.2461486285061,19.0579863443054,19.084866348957814,34527880
2011-04-29,19.031110763549805,19.165510818053956,18.84295068724399,19.165510818053956,34303901
2011-05-03,19.031110763549805,19.031110763549805,18.84295068724399,19.031110763549805,18473865
2011-05-04,18.97735023498535,19.004230245168387,18.81607017388712,18.923590214619274,19356605
2011-05-05,18.869827270507812,18.950467288562333,18.84294726448964,18.869827270507812,23159854
2011-05-06,18.81606674194336,18.869826752503915,18.78918673666308,18.81606674194336,19291827
2011-05-09,18.84294891357422,18.950468947056777,18.78918889683294,18.81606890520358,23551817
2011-05-10,18.84294891357422,18.896708930315498,18.81606890520358,18.84294891357422,12209044
2011-05-11,18.869827270507812,18.896707276525987,18.816067258471467,18.84294726448964,15158099
2011-05-12,18.896709442138672,18.923589451237362,18.81606941484259,18.86982943303998,15953004
2011-05-13,18.896709442138672,18.923589451237362,18.842949423941285,18.896709442138672,16604080
2011-05-16,18.84294891357422,18.950468947056777,18.84294891357422,18.896708930315498,21640311
2011-05-17,18.81606674194336,18.869826752503915,18.81606674194336,18.81606674194336,19108472
2011-05-18,18.923587799072266,18.923587799072266,18.816067772064763,18.816067772064763,13505706
2011-05-19,18.84294891357422,18.977348955427416,18.84294891357422,18.923588938686137,26183569
2011-05-20,18.869827270507812,18.92358728254416,18.816067258471467,18.92358728254416,21149534
2011-05-23,18.70854377746582,18.81606378167115,18.68166377641449,18.81606378167115,40922257
2011-05-24,18.70854377746582,18.70854377746582,18.5741426463924,18.654783775363157,30536884
2011-05-25,18.493505477905273,18.65478663475105,18.493505477905273,18.65478663475105,45972761
2011-05-26,18.412866592407227,18.493506612870608,18.30534656512272,18.493506612870608,30418307
2011-05-27,18.27846336364746,18.385984504579255,18.27846336364746,18.332224497021798,46731435
2011-05-30,18.385984420776367,18.466624431745,18.224703273022225,18.27846328033465,25481988
2011-05-31,18.439743041992188,18.547263048534862,18.35910303708518,18.439743041992188,28905351
2011-06-01,18.412866592407227,18.520386619691735,18.359106578764973,18.439746599228354,31157217
2011-06-02,18.332225799560547,18.43974582231496,18.27846466236638,18.35910580524915,39672806
2011-06-03,18.412866592407227,18.439746599228354,18.278465432484584,18.332226571943846,18310272
2011-06-07,18.412866592407227,18.412866592407227,18.30534656512272,18.412866592407227,15059285
2011-06-08,18.385984420776367,18.412864424432577,18.332224413463944,18.359104417120154,19848480
2011-06-09,18.332225799560547,18.412865816626358,18.332225799560547,18.385985810937754,24444439
2011-06-10,18.332225799560547,18.43974582231496,18.305345793871943,18.412865816626358,22397887
2011-06-13,18.17094612121582,18.30534728643446,18.17094612121582,18.278466152737092,38152165
2011-06-14,18.359106063842773,18.359106063842773,18.17094489555528,18.17094489555528,12452786
2011-06-15,18.520387649536133,18.54726765785195,18.27846644887672,18.385987607957052,30351333
2011-06-16,18.332225799560547,18.43974582231496,18.305345793871943,18.412865816626358,23690157
2011-06-17,18.17094612121582,18.412867317955733,18.17094612121582,18.385987310075414,39665121
2011-06-20,18.2515811920166,18.305342319005398,18.197821190844547,18.278461192602627,18567189
2011-06-21,18.30534553527832,18.359105545896078,18.278464404152498,18.278464404152498,17056430
2011-06-22,18.224706649780273,18.385987827417335,18.19782664114361,18.33222781014401,30995821
2011-06-23,18.30534553527832,18.3322255405872,18.22470439353474,18.25158439884362,12689940
2011-06-24,18.27846336364746,18.332224497021798,18.22470335609,18.332224497021798,18919627
2011-06-27,18.17094612121582,18.224706136976454,18.063426089694545,18.224706136976454,30322786
2011-06-28,18.009666442871094,18.224706510318846,18.009666442871094,18.197826501887874,31779747
2011-06-29,18.27846336364746,18.385984504579255,18.063423333417624,18.170943348532543,20832231
2011-06-30,18.60102653503418,18.60102653503418,18.27846532918656,18.27846532918656,22199160
2011-07-01,18.70854377746582,18.735423778517152,18.547262645341064,18.60102264744373,27067407
2011-07-04,18.68166732788086,18.762307346364874,18.65478732171952,18.708547334042198,17621867
2011-07-05,18.70854377746582,18.70854377746582,18.60102264744373,18.68166377641449,18924018
2011-07-06,18.81606674194336,18.81606674194336,18.65478671026169,18.708546720822245,19931923
2011-07-07,18.84294891357422,18.84294891357422,18.7623088884623,18.81606890520358,25084535
2011-07-08,18.84294891357422,18.977348955427416,18.81606890520358,18.84294891357422,29703551
2011-07-11,18.84294891357422,18.896708930315498,18.81606890520358,18.896708930315498,25383174
2011-07-12,18.68166732788086,18.84294736484889,18.65478732171952,18.81606735868755,42765691
2011-07-13,18.84294891357422,18.84294891357422,18.68166886335038,18.68166886335038,37604296
2011-07-14,18.73542594909668,18.86982596992416,18.68166594076569,18.842945965758663,47750319
2011-07-15,18.923587799072266,18.923587799072266,18.735427751809137,18.735427751809137,103109332
2011-07-18,19.145814895629883,19.265475597340767,18.936407772677505,19.026153000641226,150173546
2011-07-19,18.906490325927734,19.145812897652565,18.846659384677114,19.145812897652565,69108252
2011-07-20,18.936410903930664,19.11590258281594,18.906495425236788,19.11590258281594,50239444
2011-07-21,18.547508239746094,18.906492739805344,18.517592765301337,18.906492739805344,149867170
2011-07-22,18.278268814086914,18.547506870942165,18.248354535127632,18.547506870942165,94897192
2011-07-25,17.949203491210938,18.2483570617228,17.919288014831963,18.2483570617228,122323624
2011-07-26,17.739797592163086,17.889374994594352,17.709882111676833,17.889374994594352,109943093
2011-07-27,18.009033203125,18.009033203125,17.261149875459612,17.53038796888138,267443530
2011-07-28,17.889371871948242,17.919287347212656,17.799625446155005,17.919287347212656,97798879
2011-07-29,18.009033203125,18.038948679424962,17.889372491203034,17.889372491203034,71071988
2011-08-01,18.188526153564453,18.27827138964356,18.068864247755137,18.068864247755137,61316046
2011-08-02,18.038949966430664,18.158611880167896,18.009034487996356,18.158611880167896,29664129
2011-08-03,17.889371871948242,17.94920282247707,17.799625446155005,17.94920282247707,56234172
2011-08-04,17.889371871948242,18.00903257972806,17.889371871948242,17.94920282247707,35216547
2011-08-05,17.470556259155273,17.620133634172802,17.261149127408558,17.350895552419075,127287339
2011-08-08,17.320981979370117,17.56030461239949,17.23123554450487,17.470558177534244,95851873
2011-08-09,16.961997985839844,17.35089802298237,16.393606266396603,17.051744423629195,181888202
2011-08-10,17.320981979370117,17.65004985398679,17.23123554450487,17.65004985398679,99806533
2011-08-11,17.410722732543945,17.440638203120276,17.051739472183282,17.231231102363616,60906150
2011-08-12,17.53038787841797,17.650048589722445,17.350896214822328,17.650048589722445,69958368
2011-08-15,17.679964065551758,17.85945692242206,17.620134306539526,17.76971049398691,42403320
2011-08-16,17.70987892150879,17.919287247190802,17.67996344641136,17.889371772093373,31505524
2011-08-17,17.70987892150879,17.76970987170365,17.590218214396895,17.70987892150879,26764534
2011-08-18,17.70987892150879,17.919287247190802,17.530387264202034,17.919287247190802,27772543
2011-08-19,17.38081169128418,17.53038908228405,17.29106644996221,17.410727169484154,48569536
2011-08-22,17.53038787841797,17.709879542013613,17.41072597383563,17.53038787841797,35654675
2011-08-23,17.76970863342285,17.829539579448397,17.65004674137176,17.709877687397306,44525996
2011-08-24,17.650047302246094,17.88937109395339,17.530386599670226,17.88937109395339,55780359
2011-08-25,17.650047302246094,17.799624672063153,17.650047302246094,17.76970919809974,32067040
2011-08-26,17.500471115112305,17.709878239451633,17.500471115112305,17.650047291561034,46245049
2011-08-29,17.76970863342285,17.829539579448397,17.560301515611183,17.65004674137176,21379421
2011-08-30,17.76970863342285,17.889370525473943,17.67996221438453,17.889370525473943,25054891
2011-08-31,18.846662521362305,18.846662521362305,17.769710172722544,17.769710172722544,54666738
2011-09-01,18.397933959960938,18.54751015434719,18.24835776557469,18.54751015434719,54201423
2011-09-02,18.24835777282715,18.487680399907017,18.24835777282715,18.487680399907017,20302398
2011-09-05,17.949203491210938,18.068864203448957,17.88937253845299,18.068864203448957,28838064
2011-09-06,17.650047302246094,18.038947270492667,17.650047302246094,17.949202041880213,40480364
2011-09-07,18.009033203125,18.009033203125,17.769710586003193,17.919287967502992,18558249
2011-09-08,18.09878158569336,18.218443503810075,18.00903514710582,18.12869706522254,19716832
2011-09-09,18.09878158569336,18.248358983339255,17.979120860854643,18.12869706522254,20864959
2011-09-13,17.650047302246094,17.949202041880213,17.620133021560463,17.949202041880213,65462060
2011-09-14,17.70987892150879,17.82954082189851,17.590218214396895,17.70987892150879,39419026
2011-09-15,17.889371871948242,17.979118297741483,17.82954092141942,17.889371871948242,21298905
2011-09-16,18.128694534301758,18.128694534301758,17.979118350815977,18.06886358359631,35214456
2011-09-19,18.009033203125,18.158610584624803,17.949203443802954,18.12869510832484,11830518
2011-09-20,17.949203491210938,18.038948727069982,17.739795156558117,17.949203491210938,28240996
2011-09-21,17.949203491210938,18.128695156206906,17.919288014831963,18.038948727069982,21401379
2011-09-22,17.679964065551758,17.82954144627701,17.679964065551758,17.82954144627701,44718396
2011-09-23,17.53038787841797,17.650048589722445,17.350896214822328,17.4705569261268,48788077
2011-09-26,17.53038787841797,17.620134306854727,17.53038787841797,17.620134306854727,242310215
2011-09-27,17.739797592163086,17.829544033621843,17.620136863496118,17.829544033621843,38886789
2011-09-28,17.799625396728516,17.829540871909856,17.679963496003143,17.829540871909856,22760728
2011-09-29,17.679964065551758,17.82954144627701,17.679964065551758,17.76971049398691,27409702
2011-09-30,17.889371871948242,17.889371871948242,17.679963545097355,17.679963545097355,24406586
2011-10-03,17.70987892150879,17.76970987170365,17.530387264202034,17.67996344641136,19925963
2011-10-04,17.829540252685547,17.859455726827917,17.500471230397256,17.650047407831323,40527418
2011-10-05,17.650047302246094,17.799624672063153,17.650047302246094,17.76970919809974,16971993
2011-10-06,17.76970863342285,17.859455052461172,17.65004674137176,17.65004674137176,17748914
2011-10-07,17.919286727905273,17.919286727905273,17.919286727905273,17.919286727905273,137030734
2011-10-11,17.919286727905273,18.038947431549506,17.79962483098325,17.94920220213578,24085571
2011-10-12,17.70987892150879,17.919287247190802,17.67996344641136,17.919287247190802,23607707
2011-10-13,17.76970863342285,17.829539579448397,17.709877687397306,17.799624106435626,18587527
2011-10-14,17.70987892150879,17.82954082189851,17.67996344641136,17.82954082189851,11169665
2011-10-17,17.829540252685547,17.829540252685547,17.709878356116064,17.739793830258435,19821398
2011-10-18,17.590219497680664,17.73979569080223,17.560304020400768,17.679964736242436,31593359
2011-10-19,17.650047302246094,17.650047302246094,17.470555651743403,17.650047302246094,27822735
2011-10-20,17.470556259155273,17.650047915898483,17.470556259155273,17.620133634172802,22993909
2011-10-21,17.53038787841797,17.650048589722445,17.4705569261268,17.620134306854727,17213539
2011-10-24,17.799625396728516,17.799625396728516,17.679963496003143,17.679963496003143,25350811
2011-10-25,17.799625396728516,17.829540871909856,17.709878971184487,17.829540871909856,14466609
2011-10-26,17.799625396728516,17.799625396728516,17.650048020821803,17.76970992154717,16798415
2011-10-27,17.76970863342285,17.799624106435626,17.709877687397306,17.799624106435626,12468366
2011-10-28,17.919286727905273,18.068862905780012,17.829540305213758,17.94920220213578,39631294
2011-10-31,17.889371871948242,17.94920282247707,17.799625446155005,17.94920282247707,18433816
2011-11-01,17.829540252685547,17.91928667511266,17.769709304400806,17.829540252685547,18747512
2011-11-02,17.739797592163086,17.79962855313559,17.65005115070433,17.79962855313559,22705309
2011-11-03,17.650047302246094,17.73979372413633,17.59021754759705,17.73979372413633,21746445
2011-11-04,17.679964065551758,17.85945692242206,17.65004858940671,17.76971049398691,23286692
2011-11-07,17.590219497680664,17.679964736242436,17.590219497680664,17.679964736242436,18221549
2011-11-08,17.53038787841797,17.620134306854727,17.53038787841797,17.59021883070914,26379733
2011-11-09,17.560304641723633,17.67996536179917,17.560304641723633,17.650049883460795,13054977
2011-11-10,17.410722732543945,17.560300085425595,17.35089298466893,17.530384614849265,46785652
2011-11-11,17.410722732543945,17.470553673696607,17.35089298466893,17.470553673696607,24646041
2011-11-14,17.440641403198242,17.59021878352494,17.4107259271329,17.4107259271329,18340753
2011-11-15,17.291065216064453,17.380810450982164,17.231234263934066,17.380810450982164,46053695
2011-11-16,17.23123550415039,17.350897417023816,17.23123550415039,17.291066460587103,32041944
2011-11-17,17.051740646362305,17.23123228890239,17.051740646362305,17.23123228890239,50232124
2011-11-18,16.752588272094727,16.96199540175632,16.752588272094727,16.96199540175632,78528540
2011-11-21,16.15428352355957,16.692759760339356,16.06453827961493,16.692759760339356,111296168
2011-11-22,16.543180465698242,16.603011412661985,16.09445075002569,16.15428050371167,49621463
2011-11-23,16.363689422607422,16.513265602264802,16.30385847343335,16.453434653090728,41066975
2011-11-24,16.78250503540039,16.812420512402998,16.27394431291183,16.27394431291183,41861672
2011-11-25,17.470556259155273,17.94920266593354,17.201318177401546,17.94920266593354,193969677
2011-11-28,17.440641403198242,17.470556879263583,17.081658076969894,17.350896168280087,58619307
2011-11-29,17.440641403198242,17.59021878352494,17.4107259271329,17.59021878352494,59673325
2011-11-30,17.410722732543945,17.470553673696607,17.11157041333594,17.470553673696607,32802134
2011-12-01,17.410722732543945,17.650045303876936,17.291062043516273,17.590215556001926,43555630
2011-12-02,17.320981979370117,17.410727220957412,17.2910665010817,17.410727220957412,13794254
2011-12-05,17.291065216064453,17.350896168194836,17.17140331180368,17.320980692129645,13064388
2011-12-06,16.991914749145508,17.17140644501002,16.991914749145508,17.17140644501002,22611200
2011-12-07,17.141489028930664,17.201319985225787,16.9919128314708,16.9919128314708,21952439
2011-12-08,17.23123550415039,17.23123550415039,16.902166437026427,17.111574784554918,20418466
2011-12-09,17.021827697753906,17.141488412764897,16.93208126653723,17.05174317482613,16210758
2011-12-12,17.171405792236328,17.171405792236328,17.081660544354794,17.171405792236328,11261682
2011-12-13,17.0816593170166,17.11157479525366,16.96199740406836,17.05174383877954,12133757
2011-12-14,16.961997985839844,17.08165990289231,16.961997985839844,17.08165990289231,13471147
2011-12-15,16.752588272094727,16.93207992705069,16.752588272094727,16.93207992705069,26366140
2011-12-16,16.87225341796875,16.87225341796875,16.752591496117393,16.752591496117393,11308737
2011-12-19,16.78250503540039,16.87225146640822,16.69275860439256,16.87225146640822,20951749
2011-12-20,16.692758560180664,16.842335944797547,16.692758560180664,16.812420467874173,17726955
2011-12-21,17.051740646362305,17.051740646362305,16.902163283180794,16.9919097010897,21106505
2011-12-22,17.141489028930664,17.171404507078226,16.961997353323238,17.051743787765925,13905093
2011-12-23,17.291065216064453,17.291065216064453,17.141487835738488,17.17140331180368,19080030
2011-12-26,17.23123550415039,17.32098193880546,17.141489069495325,17.291066460587103,8941378
2011-12-27,17.291065216064453,17.291065216064453,17.17140331180368,17.17140331180368,9924292
2011-12-28,17.291065216064453,17.291065216064453,17.17140331180368,17.261149739999258,9593866
2011-12-29,17.291065216064453,17.291065216064453,17.17140331180368,17.17140331180368,11523096
2011-12-30,17.23123550415039,17.350897417023816,17.201320025932034,17.291066460587103,10273540
2012-01-02,17.0816593170166,17.26115099316101,17.05174383877954,17.231235514923952,59914871
2012-01-03,17.350894927978516,17.350894927978516,17.17140208441724,17.231233032271,75524379
2012-01-04,17.350894927978516,17.410724682554495,17.231233032271,17.350894927978516,87055840
2012-01-05,17.350894927978516,17.350894927978516,17.26114850619788,17.291063980124758,86006004
2012-01-06,17.350894927978516,17.350894927978516,17.231233032271,17.350894927978516,14719657
2012-01-09,17.350894927978516,17.350894927978516,17.201317558344122,17.350894927978516,10033040
2012-01-10,17.350894927978516,17.350894927978516,17.291063980124758,17.350894927978516,21027036
2012-01-11,17.320981979370117,17.350897457658533,17.2910665010817,17.350897457658533,11468722
2012-01-12,17.320981979370117,17.350897457658533,17.261151022793285,17.320981979370117,25050708
2012-01-13,17.320981979370117,17.380811742668996,17.2910665010817,17.320981979370117,39540322
2012-01-16,17.111576080322266,17.410728498603124,17.051745119354877,17.350898730913777,21498625
2012-01-17,17.350894927978516,17.350894927978516,17.081656855914385,17.081656855914385,14306624
2012-01-18,17.320981979370117,17.320981979370117,17.171404587928034,17.320981979370117,17525144
2012-01-30,17.440641403198242,17.650048542377757,17.350896168280087,17.350896168280087,35299153
2012-01-31,17.53038787841797,17.53038787841797,17.291065262531156,17.440641449981214,32144418
2012-02-01,17.38081169128418,17.53038908228405,17.350897406362154,17.53038908228405,15108640
2012-02-02,17.53038787841797,17.53038787841797,17.41072597383563,17.41072597383563,26631736
2012-02-03,17.650047302246094,17.650047302246094,17.470555651743403,17.56030207363364,28881981
2012-02-06,17.620136260986328,17.739796985561572,17.530389822596394,17.739796985561572,12701546
2012-02-07,17.620136260986328,17.709881506098263,17.590220781523016,17.650050547171638,14597315
2012-02-08,17.799625396728516,17.799625396728516,17.62013373891829,17.650048020821803,31857909
2012-02-09,17.9791202545166,17.9791202545166,17.709880947833966,17.799627383394846,56097192
2012-02-10,17.76970863342285,17.979116944512263,17.76970863342285,17.979116944512263,22189802
2012-02-13,17.679964065551758,17.79962597013196,17.65004858940671,17.709879541696807,21840554
2012-02-14,17.590219497680664,17.679964736242436,17.53038854312087,17.679964736242436,21156697
2012-02-15,17.85945701599121,17.85945701599121,17.62013439885482,17.62013439885482,20961160
2012-02-16,17.799625396728516,17.88937182227254,17.709878971184487,17.8594563470912,13134447
2012-02-17,17.889371871948242,17.919287347212656,17.799625446155005,17.799625446155005,25283889
2012-02-20,18.09878158569336,18.12869706522254,17.949205381325463,17.949205381325463,44496717
2012-02-21,18.09878158569336,18.158612544751715,17.889374422267107,18.12869706522254,25495111
2012-02-22,18.128694534301758,18.188525485007204,18.06886358359631,18.098779058949034,32063903
2012-02-23,17.9791202545166,18.128696453840107,17.919289297476016,18.128696453840107,17310785
2012-02-24,18.038949966430664,18.038949966430664,17.859458289102772,17.949204724405696,17655850
2012-02-29,18.24835777282715,18.24835777282715,18.0688649075588,18.098780385103527,41111939
2012-03-01,18.368017196655273,18.42784814753274,18.188525537300716,18.24835648817818,29404808
2012-03-02,18.368017196655273,18.487679098410204,18.24835648817818,18.42784814753274,19250471
2012-03-05,18.128694534301758,18.24835643571265,18.06886358359631,18.218440960359928,12681679
2012-03-06,18.068862915039062,18.12869386353073,17.949202211333514,18.0987783892849,17862890
2012-03-07,17.889371871948242,17.979118297741483,17.889371871948242,17.94920282247707,22069552
2012-03-08,17.949203491210938,17.949203491210938,17.82954158569504,17.919288014831963,14815857
2012-03-09,18.009033203125,18.038948679424962,17.829541538603113,17.949203443802954,11074510
2012-03-12,17.949203491210938,18.068864203448957,17.919288014831963,18.068864203448957,7838214
2012-03-13,18.15860939025879,18.248355813255678,18.009032018597303,18.068862967261897,19048660
2012-03-14,18.218441009521484,18.338101717977437,18.158610058654588,18.30818624254399,15390966
2012-03-15,18.188526153564453,18.308186866095888,18.068864247755137,18.27827138964356,13524475
2012-03-16,17.949203491210938,18.188526108964854,17.949203491210938,18.188526108964854,18924227
2012-03-19,18.009033203125,18.038948679424962,17.919287967502992,17.949203443802954,12778925
2012-03-20,17.919286727905273,18.068862905780012,17.88937125367477,18.038947431549506,15092955
2012-03-21,17.9791202545166,17.9791202545166,17.889373818955725,17.919289297476016,12527968
2012-03-22,17.949203491210938,17.949203491210938,17.859457062074014,17.919288014831963,16884158
2012-03-23,17.9791202545166,17.9791202545166,17.85945834043543,17.919289297476016,15288492
2012-03-26,17.829540252685547,17.9791176233974,17.799624778543176,17.9791176233974,21424384
2012-03-27,17.949203491210938,17.979118967589912,17.799626109316065,17.949203491210938,15621010
2012-03-28,17.949203491210938,18.009033250691008,17.919288014831963,18.009033250691008,15765310
2012-03-29,17.799625396728516,17.94920277263523,17.76970992154717,17.94920277263523,24291564
2012-03-30,18.038949966430664,18.038949966430664,17.620135654906267,17.70988089693123,29058696
2012-04-02,17.76970863342285,17.829539579448397,17.709877687397306,17.829539579448397,13405271
2012-04-03,17.85945701599121,17.949203444896558,17.76971058708586,17.949203444896558,15579184
2012-04-05,17.53038787841797,17.650048589722445,17.4705569261268,17.650048589722445,29946456
2012-04-06,17.440641403198242,17.560303307459602,17.440641403198242,17.53038783139426,25778483
2012-04-09,17.350894927978516,17.410724682554495,17.350894927978516,17.380809208627618,20760394
2012-04-10,17.38081169128418,17.4705581258841,17.320981928162183,17.350897406362154,15889742
2012-04-11,17.26114845275879,17.350894874261577,17.231232978924524,17.350894874261577,23369298
2012-04-12,17.23123550415039,17.261150982368747,17.201320025932034,17.261150982368747,18757969
2012-04-13,17.38081169128418,17.38081169128418,17.261150971762234,17.29106644996221,13842354
2012-04-16,17.320981979370117,17.350897457658533,17.23123554450487,17.350897457658533,8512661
2012-04-17,17.23123550415039,17.350897417023816,17.23123550415039,17.350897417023816,25009928
2012-04-18,17.201318740844727,17.35089612076178,17.201318740844727,17.35089612076178,16298593
2012-04-19,17.320981979370117,17.350897457658533,17.20132006621645,17.350897457658533,9193381
2012-04-20,17.171405792236328,17.350898674555474,17.171405792236328,17.350898674555474,13897774
2012-04-23,17.23123550415039,17.291066460587103,17.17140454771368,17.17140454771368,14099585
2012-04-24,17.26114845275879,17.350894874261577,17.171402031256,17.231232978924524,12278057
2012-04-25,17.26114845275879,17.320979400427316,17.231232978924524,17.29106392659305,8072441
2012-04-26,17.350894927978516,17.350894927978516,17.26114850619788,17.350894927978516,10000625
2012-04-27,17.350894927978516,17.350894927978516,17.26114850619788,17.350894927978516,13106214
2012-04-30,17.38081169128418,17.38081169128418,17.23123549356226,17.350897406362154,15669110
2012-05-02,17.500471115112305,17.530386589057606,17.35089493866358,17.4107246932764,15880332
2012-05-03,17.410722732543945,17.500469144272934,17.291062043516273,17.500469144272934,9690066
2012-05-04,17.470556259155273,17.470556259155273,17.261149127408558,17.410725309148262,15416062
2012-05-07,17.201318740844727,17.35089612076178,17.171403264861315,17.35089612076178,22637341
2012-05-08,17.171405792236328,17.350898674555474,17.171405792236328,17.350898674555474,11184304
2012-05-09,17.051740646362305,17.171401343629785,17.051740646362305,17.171401343629785,18306247
2012-05-10,16.991914749145508,17.081661193716805,16.991914749145508,17.05174571219304,17056691
2012-05-11,16.961997985839844,16.99191346510296,16.752590824276016,16.99191346510296,24780930
2012-05-14,16.961997985839844,16.961997985839844,16.81242178280225,16.961997985839844,10061273
2012-05-15,16.902162551879883,16.93207802322184,16.812417331131684,16.812417331131684,14792852
2012-05-16,16.752588272094727,16.93207992705069,16.752588272094727,16.902164452345062,19575669
2012-05-17,16.842336654663086,16.87225213284733,16.752590220110353,16.87225213284733,16459623
2012-05-18,16.752588272094727,16.812419221505984,16.63292756655002,16.752588272094727,22914439
2012-05-21,16.87225341796875,16.87225341796875,16.752591496117393,16.752591496117393,10704349
2012-05-22,16.87225341796875,16.902167705153552,16.752591496117393,16.87225341796875,13118762
2012-05-23,16.752588272094727,16.87225017091724,16.752588272094727,16.87225017091724,15094001
2012-05-24,16.752588272094727,16.812419221505984,16.692757322683466,16.752588272094727,15867784
2012-05-25,16.692758560180664,16.782504990950795,16.692758560180664,16.752589514027417,12476731
2012-05-28,16.662841796875,16.752588220716646,16.632927515538924,16.692757271488883,13977243
2012-05-29,16.902162551879883,16.93207802322184,16.662839974421892,16.72267091710581,17755187
2012-05-30,16.78250503540039,16.902165750132927,16.66284312738995,16.87225146640822,30678413
2012-05-31,16.752588272094727,16.752588272094727,16.54318114243313,16.63292756655002,32886832
2012-06-01,16.57309913635254,16.69275986008642,16.543183657099572,16.69275986008642,15291629
2012-06-04,16.45343780517578,16.57309972644829,16.423522324857654,16.45343780517578,24551932
2012-06-05,16.78250503540039,16.87225146640822,16.543182412657416,16.573097889660023,15994308
2012-06-06,16.87225341796875,16.902167705153552,16.782506976580233,16.87225341796875,11976909
2012-06-07,16.842336654663086,16.902166417753627,16.573098544282832,16.902166417753627,18776790
2012-06-08,16.752588272094727,16.782503746800355,16.63292756655002,16.752588272094727,11441535
2012-06-11,16.93208122253418,16.961996699528658,16.7525895538452,16.7525895538452,13598717
2012-06-12,16.752588272094727,16.87225017091724,16.692757322683466,16.752588272094727,14909966
2012-06-13,16.692758560180664,16.812420467874173,16.692758560180664,16.752589514027417,13381221
2012-06-14,16.961997985839844,16.961997985839844,16.69275986574978,16.7226753450129,15936797
2012-06-15,16.961997985839844,17.111575382155426,16.81242178280225,16.932082506576727,47937961
2012-06-18,16.812421798706055,17.231236122229888,16.812421798706055,17.14148968435564,16866382
2012-06-19,16.902162551879883,17.051739908589678,16.782501859789726,16.991908965905758,12746510
2012-06-20,16.93208122253418,16.93208122253418,16.81242050783416,16.9021657455397,16334145
2012-06-21,16.692758560180664,16.902165705366404,16.692758560180664,16.812420467874173,17199946
2012-06-22,16.60301399230957,16.692759233421345,16.573098514179666,16.692759233421345,18144170
2012-06-25,16.513267517089844,16.75259014825941,16.483352039033903,16.75259014825941,15026033
2012-06-26,16.543180465698242,16.573095939180114,16.4833495187345,16.51326499221637,10603967
2012-06-27,16.722675323486328,16.722675323486328,16.513268162192063,16.54318364141667,9930566
2012-06-28,16.513267517089844,16.72267467020347,16.483352039033903,16.483352039033903,15408742
2012-06-29,16.752588272094727,16.752588272094727,16.513265667727502,16.513265667727502,16050773
2012-07-02,16.662841796875,16.752588220716646,16.57309656631116,16.752588220716646,11253317
2012-07-03,16.78250503540039,16.78250503540039,16.632928843665244,16.632928843665244,12227866
2012-07-04,16.78250503540039,16.812420512402998,16.75258955839778,16.78250503540039,18133714
2012-07-05,16.752588272094727,16.812419221505984,16.662841847977838,16.782503746800355,11799148
2012-07-06,16.78250503540039,16.78250503540039,16.66284312738995,16.75258955839778,21562410
2012-07-09,16.752588272094727,16.782503746800355,16.692757322683466,16.692757322683466,13755565
2012-07-10,16.752588272094727,16.782503746800355,16.662841847977838,16.692757322683466,15879286
2012-07-11,16.63292694091797,16.75258764196175,16.63292694091797,16.692756694800977,11765687
2012-07-12,16.513267517089844,16.6329294293136,16.513267517089844,16.6329294293136,17614024
2012-07-13,16.393604278564453,16.513266181107127,16.393604278564453,16.45343522983579,30236102
2012-07-16,16.094453811645508,16.45343717516122,16.064538332472868,16.45343717516122,46506462
2012-07-17,16.094453811645508,16.094453811645508,15.914960936609662,16.034622853300228,25361267
2012-07-18,16.184194564819336,16.30385644830408,16.06453387461225,16.094449345483433,26038851
2012-07-19,16.184194564819336,16.24402550656171,16.094449345483433,16.184194564819336,26622325
2012-07-20,16.273944854736328,16.273944854736328,16.124368658021194,16.15428294274187,16270360
2012-07-23,16.094453811645508,16.184199055885443,16.034622853300228,16.1542835767128,23177944
2012-07-24,15.9747896194458,16.094451519091276,15.914958669623067,16.094451519091276,24763154
2012-07-25,15.855132102966309,15.944877352478407,15.855132102966309,15.855132102966309,46958184
2012-07-26,16.140426635742188,16.203599971290377,15.919325547160671,15.982497641411717,44118315
2012-07-27,16.424701690673828,16.424701690673828,16.2983574973194,16.424701690673828,21467307
2012-07-30,16.48787498474121,16.519461035373673,16.424702883476282,16.519461035373673,14191005
2012-07-31,16.83531951904297,16.83531951904297,16.424702121175727,16.456288170342226,24061351
2012-08-01,16.7089786529541,16.740564708416603,16.487877506014065,16.740564708416603,14162159
2012-08-02,16.7089786529541,16.7089786529541,16.7089786529541,16.7089786529541,0
2012-08-03,16.51946258544922,16.61421950494068,16.424704424660355,16.551047397748107,15687885
2012-08-06,16.645801544189453,16.74055968212618,16.614215498210545,16.645801544189453,16334851
2012-08-07,16.74056625366211,16.74056625366211,16.582637203069364,16.64580807852791,16348243
2012-08-08,16.677391052246094,16.835320061873546,16.645803760763883,16.803734011688604,20369114
2012-08-09,16.89849281311035,16.89849281311035,16.614218350496667,16.614218350496667,26024912
2012-08-10,16.930078506469727,16.930078506469727,16.772148252802076,16.898492455736196,15378825
2012-08-13,16.7089786529541,16.93008104119161,16.6458065420291,16.93008104119161,13902549
2012-08-14,16.89849281311035,16.89849281311035,16.708976504701226,16.708976504701226,15906288
2012-08-15,16.86690902709961,16.96166719403112,16.7721508601681,16.86690902709961,14115800
2012-08-16,16.83531951904297,16.898491617375964,16.772147420709974,16.83531951904297,11415646
2012-08-17,16.77214813232422,16.89849233435078,16.74056208181758,16.89849233435078,10240188
2012-08-20,16.677391052246094,16.77214796150366,16.582632901691262,16.77214796150366,8230267
2012-08-21,16.83531951904297,16.898491617375964,16.772147420709974,16.866905568209468,18416885
2012-08-22,16.74056625366211,16.80373837041824,16.614222020149843,16.80373837041824,8818512
2012-08-23,16.645801544189453,16.70897363614727,16.582630693528735,16.70897363614727,14150827
2012-08-24,16.48787498474121,16.614217945973785,16.48787498474121,16.614217945973785,16832437
2012-08-27,16.424701690673828,16.51945983568965,16.424701690673828,16.48787378735104,17479403
2012-08-28,16.424701690673828,16.456287739012435,16.424701690673828,16.424701690673828,14126102
2012-08-29,16.424701690673828,16.456287739012435,16.424701690673828,16.424701690673828,14384682
2012-08-30,16.29836082458496,16.456291098519028,16.29836082458496,16.424705043732214,28078101
2012-08-31,16.203601837158203,16.329944798911722,16.140428494335513,16.29835874814902,19069002
2012-09-03,16.108844757080078,16.172015621512866,16.07725746291763,16.172015621512866,21493062
2012-09-04,15.887743949890137,16.045674229751018,15.824571837945783,16.045674229751018,33567006
2012-09-05,15.571882247924805,15.824570677166776,15.54029743556696,15.79298462351153,44617962
2012-09-06,15.192849159240723,15.571880519740974,15.161264350388192,15.540295710888444,53921698
2012-09-07,15.698224067687988,15.7613961653612,15.256021866569926,15.256021866569926,33254856
2012-09-10,16.108844757080078,16.108844757080078,15.729813363996492,15.729813363996492,30130259
2012-09-11,16.235185623168945,16.298357720712023,15.982498474293838,16.298357720712023,24233394
2012-09-12,16.614219665527344,16.614219665527344,16.298360367808897,16.298360367808897,35565594
2012-09-13,16.424701690673828,16.677390077382682,16.361529593996615,16.645802787746884,20373235
2012-09-14,16.7089786529541,16.7089786529541,16.551048375641596,16.7089786529541,29255619
2012-09-17,16.677391052246094,16.740561911318714,16.519460801321372,16.708975861133773,25984734
2012-09-18,16.582632064819336,16.64580292070393,16.456287870455743,16.64580292070393,14899782
2012-09-19,16.803733825683594,16.803733825683594,16.614217526671737,16.614217526671737,23987176
2012-09-20,16.74056625366211,16.80373837041824,16.677395378203563,16.80373837041824,16563555
2012-09-21,16.86690902709961,16.86690902709961,16.677393934534066,16.74056480452426,16730448
2012-09-24,16.83531951904297,16.866905568209468,16.645803224043984,16.803733469876473,11162217
2012-09-25,16.86690902709961,16.86690902709961,16.74056480452426,16.83532297145577,15011044
2012-09-26,16.86690902709961,16.898495082743445,16.74056480452426,16.86690902709961,13662512
2012-09-27,16.89849281311035,16.89849281311035,16.74056255610275,16.866906761708833,12080125
2012-09-28,16.89849281311035,16.89849281311035,16.80373465890579,16.80373465890579,12187266
2012-10-01,16.582632064819336,16.835319212249317,16.424701821864847,16.80373316365842,12534443
2012-10-02,16.74056625366211,16.74056625366211,16.456292969557097,16.614222020149843,11496001
2012-10-03,16.614219665527344,16.7089778272321,16.58263485292317,16.677393014627928,4762614
2012-10-04,16.551048278808594,16.58263557538376,16.42470529899524,16.58263557538376,15923801
2012-10-05,16.48787498474121,16.519461035373673,16.361530782211354,16.424702883476282,10034148
2012-10-08,16.424701690673828,16.51945983568965,16.329943545658008,16.48787378735104,11187972
2012-10-09,16.645801544189453,16.67738883146546,16.42470046363419,16.42470046363419,14455766
2012-10-11,16.45629119873047,16.487877253709627,16.42470514375131,16.45629119873047,10655358
2012-10-12,16.393115997314453,16.456288095359607,16.361529948291878,16.424702046337032,8130338
2012-10-15,16.424701690673828,16.424701690673828,16.235185400642187,16.2983574973194,7763587
2012-10-16,16.424701690673828,16.48787378735104,16.329943545658008,16.424701690673828,7968597
2012-10-17,16.45629119873047,16.551048122370492,16.361533033792995,16.42470514375131,12822899
2012-10-18,16.551048278808594,16.551048278808594,16.42470529899524,16.42470529899524,6749870
2012-10-19,16.45629119873047,16.551048122370492,16.361533033792995,16.551048122370492,7040386
2012-10-22,16.29836082458496,16.329946879371775,16.235188715011336,16.29836082458496,10330845
2012-10-23,16.140426635742188,16.329942918495327,16.140426635742188,16.298356871369805,10822251
2012-10-24,15.982498168945312,16.17201321665662,15.919326072609147,16.10884236161764,14595873
2012-10-25,16.014083862304688,16.045669909772947,15.950911767368167,15.982497814836428,9088424
2012-10-26,15.887743949890137,16.203604509611903,15.824571837945783,16.108846341695372,17664839
2012-10-29,15.982498168945312,16.014084217113393,15.887740024441065,15.98249816894531,11600052
2012-10-30,15.982498168945312,16.17201321665662,15.919326072609147,15.98249816894531,15895986
2012-10-31,15.856156349182129,16.014086613657156,15.79298424339212,15.982500560762151,12515899
2012-11-01,15.856156349182129,15.85615634918213,15.603469167319457,15.79298424339212,19207048
2012-11-02,16.108844757080078,16.108844757080078,15.85615633415944,15.9193284398896,14350686
2012-11-05,16.045673370361328,16.045673370361328,15.792984936117646,15.982501261800408,12687943
2012-11-06,16.045673370361328,16.108845478922248,15.919329153239488,16.108845478922248,8362133
2012-11-07,16.108844757080078,16.108844757080078,15.950914492754679,16.07725746291763,12003890
2012-11-08,15.950912475585938,15.982498524456613,15.85615432897391,15.982498524456613,15201631
2012-11-09,16.045673370361328,16.045673370361328,15.729814068854152,15.824570990398108,11852451
2012-11-12,15.887743949890137,16.01408817377884,15.85615789391796,16.01408817377884,5575442
2012-11-13,15.761398315429688,15.856156474865804,15.698226209138944,15.856156474865804,19723179
2012-11-14,15.856156349182129,15.85615634918213,15.698226084707104,15.761398190497115,9155387
2012-11-15,15.792984008789062,15.82457006121486,15.603468935531625,15.792984008789062,11809182
2012-11-16,15.666638374328613,15.824568622095093,15.635053566072557,15.792982572541797,13257643
2012-11-19,15.761398315429688,15.79298436857506,15.666640155993573,15.666640155993573,10611060
2012-11-20,15.761398315429688,15.824570421720432,15.729813503581697,15.79298436857506,8776273
2012-11-21,15.698224067687988,15.856154311871016,15.635053211311986,15.824568263034411,17212581
2012-11-22,15.761398315429688,15.79298436857506,15.698226209138944,15.698226209138944,8211724
2012-11-23,16.140426635742188,16.140426635742188,15.856153452909625,15.856153452909625,25214145
2012-11-26,16.26677131652832,16.29835736460974,16.17201317228407,16.17201317228407,14346565
2012-11-27,16.329944610595703,16.329944610595703,16.108843499103806,16.235186459400346,14926567
2012-11-28,16.36153221130371,16.36153221130371,16.17201589095569,16.329946157912374,12335614
2012-11-29,16.582632064819336,16.614216872113033,16.361529724683052,16.424701821864847,28230570
2012-11-30,16.803733825683594,16.803733825683594,16.582632718133677,16.582632718133677,40844339
2012-12-03,16.582632064819336,16.80373316365842,16.456287870455743,16.80373316365842,19116391
2012-12-04,16.551048278808594,16.551048278808594,16.23518896732901,16.456291354272942,21238603
2012-12-05,16.677391052246094,16.708975861133773,16.361530550396655,16.55104561020905,25073007
2012-12-06,16.614219665527344,16.677393014627928,16.456290637316826,16.677393014627928,18232479
2012-12-07,16.614219665527344,16.614219665527344,16.48787669121841,16.614219665527344,11006656
2012-12-10,16.48787498474121,16.614217945973785,16.48787498474121,16.614217945973785,13155654
2012-12-11,16.551048278808594,16.551048278808594,16.36153318843983,16.48787740955065,22149300
2012-12-12,16.614219665527344,16.74056388113369,16.51946274512,16.58263485292317,25005014
2012-12-13,16.7089786529541,16.772150763879104,16.614220486566598,16.614220486566598,32639826
2012-12-14,16.74056625366211,16.74056625366211,16.614222020149843,16.70898019528404,20924392
2012-12-17,16.74056625366211,16.74056625366211,16.614222020149843,16.74056625366211,21017110
2012-12-18,16.645801544189453,16.74055968212618,16.551043406252727,16.74055968212618,18322107
2012-12-19,16.7089786529541,16.7089786529541,16.614220486566598,16.677393838789072,19642823
2012-12-20,16.7089786529541,16.7089786529541,16.519463561476567,16.677393838789072,14373350
2012-12-21,16.7089786529541,16.7089786529541,16.519463561476567,16.6458065420291,20336148
2012-12-24,16.582632064819336,16.64580292070393,16.51945996763754,16.551044774931235,6434629
2012-12-25,16.7089786529541,16.740564708416603,16.519463561476567,16.58263567240157,8967891
2012-12-26,17.30910873413086,17.340694782784375,16.740561099664756,16.740561099664756,59373516
2012-12-27,17.24593734741211,17.309109447322037,17.088007097637288,17.309109447322037,26082603
2012-12-28,17.27752685546875,17.340698968022593,17.18276868663798,17.340698968022593,22591255
2013-01-02,17.435455322265625,17.435455322265625,17.245939004327923,17.340697163296774,26333972
2013-01-03,17.751314163208008,17.940830476366443,17.593383902242643,17.593383902242643,37820702
2013-01-04,17.688140869140625,17.7513129692779,17.530211860094703,17.7513129692779,21958713
2013-01-07,17.688140869140625,17.688140869140625,17.56179666886608,17.688140869140625,15012074
2013-01-08,17.593381881713867,17.688140027410498,17.498623736017237,17.688140027410498,15993855
2013-01-09,17.624971389770508,17.656557444535874,17.53021446677186,17.56179928023978,12387124
2013-01-10,17.814483642578125,17.814483642578125,17.65655340488424,17.688139452423016,31513818
2013-01-11,17.751314163208008,17.81448626759415,17.624969954435716,17.81448626759415,12198598
2013-01-14,17.846071243286133,17.846071243286133,17.561796790696327,17.751313092422865,19723179
2013-01-15,17.719728469848633,17.814486628346756,17.624970311350513,17.814486628346756,14783370
2013-01-16,17.561796188354492,17.68814038517211,17.561796188354492,17.68814038517211,12571530
2013-01-17,17.372283935546875,17.688143237223116,17.277525772654776,17.593385074331014,17245548
2013-01-18,17.688140869140625,17.688140869140625,17.37228160975152,17.56179666886608,14018961
2013-01-21,17.27752685546875,17.561800120663545,17.214354742914903,17.46704319313028,18092372
2013-01-22,17.056425094604492,17.37228440481283,16.961666929152752,17.30911229451167,20334087
2013-01-23,17.182762145996094,17.245934234503398,17.088004013235143,17.088004013235143,10750137
2013-01-24,17.182762145996094,17.245934234503398,16.930075033263915,17.245934234503398,13692388
2013-01-25,17.30910873413086,17.30910873413086,16.993249488892893,17.182764539516793,17270272
2013-01-28,17.24593734741211,17.340695497277,17.18276524750218,17.309109447322037,7201098
2013-01-29,17.372283935546875,17.372283935546875,17.182767609762674,17.30911182695214,10962358
2013-01-30,17.435455322265625,17.435455322265625,17.309111110307157,17.37228321628639,10956177
2013-01-31,17.593381881713867,17.593381881713867,17.372280783052265,17.561795833148324,19097847
2013-02-01,17.530214309692383,17.593385177359625,17.435456146245368,17.593385177359625,10111413
2013-02-04,17.624971389770508,17.624971389770508,17.435456302475764,17.53021446677186,17993473
2013-02-05,17.561796188354492,17.624968286763302,17.4354532328341,17.624968286763302,13802619
2013-02-06,17.435455322265625,17.656556451895568,17.435455322265625,17.656556451895568,14949232
2013-02-18,17.593381881713867,17.688140027410498,17.43545288018335,17.688140027410498,22220383
2013-02-19,17.498624801635742,17.65655505408098,17.435453941954922,17.65655505408098,10282426
2013-02-20,17.593381881713867,17.593381881713867,17.372280783052265,17.593381881713867,17759617
2013-02-21,17.593381881713867,17.62496793027941,17.43545288018335,17.593381881713867,26429781
2013-02-22,17.656557083129883,17.688143137248723,17.49862681253568,17.593384974892203,20434017
2013-02-25,17.340696334838867,17.688141659827952,17.277524231877702,17.49862535094446,27604209
2013-02-26,17.30910873413086,17.372280831437894,17.182764539516793,17.182764539516793,17910027
2013-02-27,17.182762145996094,17.34069236726435,17.182762145996094,17.3091063230107,21764005
2013-03-01,17.467041015625,17.498625826666938,17.340696806267843,17.372282858607132,19111240
2013-03-04,17.30910873413086,17.49862378475476,17.182764539516793,17.467038977398445,21683649
2013-03-05,17.30910873413086,17.372280831437894,17.182764539516793,17.372280831437894,16656273
2013-03-06,17.467041015625,17.467041015625,17.309110753928554,17.309110753928554,10903636
2013-03-07,17.403867721557617,17.467039821918984,17.372281671376935,17.467039821918984,5943223
2013-03-08,17.340696334838867,17.435454489280612,17.245938180397122,17.403868437800032,15600318
2013-03-11,17.30910873413086,17.40386688009141,17.21435058817031,17.340694782784375,13094872
2013-03-12,17.214351654052734,17.277523755271275,17.088007451615656,17.277523755271275,17858517
2013-03-13,17.11959457397461,17.214352731734632,16.993251604925277,17.214352731734632,18877384
2013-03-14,17.056425094604492,17.056425094604492,16.930080874002172,17.056425094604492,15127456
2013-03-15,17.151180267333984,17.30911052695954,16.961665197080652,17.056423352855983,36711177
2013-03-18,16.930078506469727,17.08800751884009,16.930078506469727,17.056422709403847,18671344
2013-03-19,16.86690902709961,16.96166719403112,16.83532297145577,16.930081138387283,13411143
2013-03-20,16.74056625366211,16.89849654555244,16.74056625366211,16.866910487174376,21974166
2013-03-21,16.74056625366211,16.80373837041824,16.74056625366211,16.74056625366211,12679701
2013-03-22,16.74056625366211,16.80373837041824,16.70898019528404,16.74056625366211,11544421
2013-03-25,16.645801544189453,16.77214572810509,16.614215498210545,16.74055968212618,19937460
2013-03-26,16.48787498474121,16.677391288535993,16.424702883476282,16.645803996606247,23578187
2013-03-27,16.51946258544922,16.51946258544922,16.424704424660355,16.48787653185293,12099699
2013-03-28,16.393115997314453,16.519460193404758,16.393115997314453,16.519460193404758,20773983
2013-03-29,16.45629119873047,16.45629119873047,16.26677486885552,16.393119088772153,24116982
2013-04-01,16.329944610595703,16.456288812189516,16.29835856019725,16.456288812189516,11256995
2013-04-02,16.51946258544922,16.51946258544922,16.29836021027521,16.329946263871495,16164868
2013-04-03,16.48787498474121,16.519461035373673,16.32994473157889,16.519461035373673,16380180
2013-04-08,16.172014236450195,16.456288687889042,16.172014236450195,16.361530537409426,22976550
2013-04-09,16.26677131652832,16.26677131652832,16.140427124202652,16.20360046166267,13946847
2013-04-10,16.108844757080078,16.329945885838267,16.108844757080078,16.329945885838267,17989352
2013-04-11,16.203601837158203,16.203601837158203,16.1088436848701,16.172014545098214,14967775
2013-04-12,16.172014236450195,16.23518633676994,16.108843377427714,16.20360152790733,8209663
2013-04-15,16.108844757080078,16.172015621512866,16.045672651349918,16.172015621512866,9559225
2013-04-16,16.140426635742188,16.140426635742188,16.045669735662763,16.10884182991381,10851096
2013-04-17,16.108844757080078,16.203602915675315,16.045672651349918,16.172015621512866,17842033
2013-04-18,16.014083862304688,16.10884200470947,15.982497814836428,16.10884200470947,11023140
2013-04-19,16.014083862304688,16.140426810880573,15.950911767368167,16.045669909772947,13124748
2013-04-22,16.329944610595703,16.361530660994156,16.172014358603438,16.172014358603438,20781194
2013-04-23,16.29836082458496,16.424705043732214,16.235188715011336,16.424705043732214,9979547
2013-04-24,16.393115997314453,16.424702046337032,16.298357850246724,16.424702046337032,10944844
2013-04-25,16.51946258544922,16.51946258544922,16.29836021027521,16.39311837106407,12692064
2013-04-26,16.48787498474121,16.614217945973785,16.424702883476282,16.551045844708856,13466774
2013-04-29,16.51946258544922,16.51946258544922,16.39311837106407,16.48787653185293,10512160
2013-04-30,16.424701690673828,16.614216739408278,16.39311564233522,16.51945983568965,22615980
2013-05-02,16.29836082458496,16.424705043732214,16.29836082458496,16.424705043732214,10785163
2013-05-03,16.26677131652832,16.26677131652832,16.140427124202652,16.20360046166267,13773774
2013-05-06,16.108844757080078,16.298359832973187,16.108844757080078,16.266773780108107,14749373
2013-05-07,16.26677131652832,16.26677131652832,16.045670221255584,16.108842317418418,15829023
2013-05-08,16.393115997314453,16.424702046337032,16.203600944476214,16.235185752201573,15004863
2013-05-09,16.393115997314453,16.424702046337032,16.298357850246724,16.393115997314453,13550220
2013-05-10,16.393115997314453,16.393115997314453,16.235185752201573,16.298357850246724,10234006
2013-05-13,16.36153221130371,16.393118264695048,16.20360318564442,16.393118264695048,10043419
2013-05-14,16.393115997314453,16.424702046337032,16.329943899269303,16.361529948291878,11595931
2013-05-15,16.45629119873047,16.45629119873047,16.361533033792995,16.361533033792995,12203749
2013-05-16,16.51946258544922,16.51946258544922,16.424704424660355,16.48787653185293,14704044
2013-05-17,16.551048278808594,16.551048278808594,16.456291354272942,16.519463464828352,9195565
2013-05-20,16.45629119873047,16.551048122370492,16.42470514375131,16.551048122370492,9233682
2013-05-21,16.51946258544922,16.51946258544922,16.456290478256644,16.456290478256644,10217523
2013-05-22,16.582632064819336,16.582632064819336,16.456287870455743,16.51945996763754,10877881
2013-05-23,16.393115997314453,16.551045001130117,16.329943899269303,16.551045001130117,15174846
2013-05-24,16.329944610595703,16.456288812189516,16.2667725097988,16.456288812189516,11797850
2013-05-27,16.235185623168945,16.235185623168945,16.140427476854327,16.172013525625864,14471219
2013-05-28,16.140426635742188,16.235184777118757,16.140426635742188,16.235184777118757,11142643
2013-05-29,16.26677131652832,16.26677131652832,16.17201317228407,16.235185268446905,14179672
2013-05-30,16.07725715637207,16.266773469949037,16.07725715637207,16.266773469949037,18473546
2013-05-31,16.07725715637207,16.172015313160554,16.014086293143762,16.07725715637207,23816163
2013-06-03,15.919331550598145,16.045675786746692,15.919331550598145,16.045675786746692,14052958
2013-06-04,15.919331550598145,15.950917609635281,15.824573373486734,15.919331550598145,16105116
2013-06-05,15.887743949890137,15.887743949890137,15.792985781973606,15.85615789391796,16024761
2013-06-06,15.666638374328613,15.824568622095093,15.666638374328613,15.792982572541797,29668729
2013-06-07,15.666638374328613,15.729811714732444,15.603467516519261,15.666638374328613,17475282
2013-06-10,15.761398315429688,15.856156474865804,15.666640155993573,15.666640155993573,12884711
2013-06-11,15.603468894958496,15.761397915379476,15.603468894958496,15.761397915379476,15122305
2013-06-13,15.319194793701172,15.508711112338466,15.287608740594955,15.508711112338466,31393284
2013-06-14,15.319194793701172,15.413952953019818,15.319194793701172,15.319194793701172,15439607
2013-06-17,15.445535659790039,15.445535659790039,15.31919147473814,15.31919147473814,12801265
2013-06-18,15.287609100341797,15.477125423438777,15.224436992642804,15.44553936958928,14014840
2013-06-19,15.224435806274414,15.350780011826993,15.161264944795438,15.287607909050704,14891541
2013-06-20,15.098093032836914,15.224437250373752,15.066508219750135,15.161266382902763,23036302
2013-06-21,14.655889511108398,14.971748786865502,14.655889511108398,14.971748786865502,57135922
2013-06-24,14.813821792602539,14.94016602726459,14.529548505910517,14.65589274057257,30897758
2013-06-25,14.592716217041016,14.813817319641595,14.592716217041016,14.813817319641595,19914796
2013-06-26,15.034919738769531,15.03491973876953,14.655888388631107,14.908575541624312,27185947
2013-06-27,15.034919738769531,15.161263935914747,15.03491973876953,15.161263935914747,16829347
2013-06-28,15.508708953857422,15.508708953857424,15.034919464502941,15.034919464502941,24908175
2013-07-01,15.161263465881348,15.350778514426551,15.161263465881348,15.350778514426551,17940933
2013-07-02,15.003335952758789,15.161266223014326,15.003335952758787,15.129680168963219,13923153
2013-07-03,14.719060897827148,14.971749320476814,14.719060897827148,14.971749320476814,17815248
2013-07-04,14.813821792602539,14.971752085930104,14.719063616605998,14.719063616605998,11046834
2013-07-05,14.940162658691406,15.129678967954057,14.813818452516307,14.845404504060081,13512103
2013-07-08,14.750646591186523,15.003335007678196,14.750646591186525,14.940162903555278,13206133
2013-07-09,14.971748352050781,15.003334402838892,14.750645996534013,14.750645996534013,13529616
2013-07-10,15.192849159240723,15.25602250083757,14.971748049489435,14.971748049489435,14964685
2013-07-11,15.792984008789062,15.792984008789062,15.287608411273645,15.287608411273645,38426460
2013-07-12,15.887743949890137,15.887743949890137,15.635056743410214,15.792985781973606,24896843
2013-07-15,16.014083862304688,16.014083862304688,15.792981530026864,15.887739672431646,16767535
2013-07-16,16.172014236450195,16.172014236450195,16.014085226948097,16.04567127710797,22254380
2013-07-17,16.172014236450195,16.23518633676994,16.04567127710797,16.172014236450195,18426157
2013-07-18,16.393115997314453,16.393115997314453,16.17201365415642,16.17201365415642,20686416
2013-07-19,16.235185623168945,16.42470191579818,16.203600815694614,16.329943769483563,21004747
2013-07-22,16.329944610595703,16.424702761791064,16.29835856019725,16.29835856019725,15274775
2013-07-23,16.424701690673828,16.424701690673828,16.2983574973194,16.329943545658008,20191920
2013-07-24,16.140426635742188,16.424701059871897,16.077254541491143,16.424701059871897,19514048
2013-07-25,16.172014236450195,16.361530537409426,15.887741026308612,16.014085226948097,27854547
2013-07-26,16.30391502380371,16.336327879802283,16.206675194607378,16.206675194607378,20735580
2013-07-29,16.174264907836914,16.30391761362672,16.174264907836914,16.30391761362672,7539840
2013-07-30,16.530807495117188,16.692874284724237,16.239086769344283,16.271500883986008,19762500
2013-07-31,16.077022552490234,16.498396020659474,16.077022552490234,16.36874332494625,19520760
2013-08-01,16.109437942504883,16.20667778725708,15.882544130615873,16.20667778725708,13492560
2013-08-02,16.465984344482422,16.465984344482422,16.141850690121675,16.141850690121675,12423600
2013-08-05,16.465984344482422,16.465984344482422,16.2715046563463,16.465984344482422,8812800
2013-08-06,16.239089965820312,16.465983768171697,16.206677105999017,16.465983768171697,19570740
2013-08-07,16.40115737915039,16.40115737915039,16.141850707620847,16.141850707620847,16288380
2013-08-08,16.206676483154297,16.303916320081896,16.206676483154297,16.303916320081896,14134140
2013-08-09,16.012195587158203,16.206675246169617,16.012195587158203,16.206675246169617,14865480
2013-08-12,16.239089965820312,16.239089965820312,16.141850125155656,16.206677105999017,10647780
2013-08-13,16.49839210510254,16.53080621723856,16.33632532802371,16.40115229109533,17226780
2013-08-14,16.33633041381836,16.56322422460494,16.303917552792054,16.56322422460494,11664720
2013-08-15,16.141847610473633,16.271501551962025,16.012194930185817,16.20667458121783,14622720
2013-08-16,16.33633041381836,16.46598438032521,16.109437864232596,16.141850725258898,15138840
2013-08-19,16.465984344482422,16.49839720543817,16.2715046563463,16.433571483526674,15319380
2013-08-20,16.40115737915039,16.46598436233298,16.271504673986026,16.46598436233298,18381420
2013-08-22,16.271499633789062,16.401152298792717,16.07701874448294,16.206672670687023,22291080
2013-08-23,16.33633041381836,16.46598438032521,16.206677708512327,16.401157397071785,12382800
2013-08-26,16.465984344482422,16.465984344482422,16.336330378257795,16.368744500414362,11987040
2013-08-27,16.33633041381836,16.498397241351515,16.33633041381836,16.401157397071785,13888320
2013-08-28,16.465984344482422,16.465984344482422,16.141850690121675,16.206677673233987,12330780
2013-08-29,16.465984344482422,16.530811327594733,16.40115736137011,16.465984344482422,15475440
2013-08-30,16.40115737915039,16.53081134551557,16.40115737915039,16.498397223323867,17215560
2013-09-02,16.49839210510254,16.53080621723856,16.368739440159732,16.40115229109533,9358500
2013-09-03,16.59563636779785,16.59563636779785,16.49839527391333,16.563222249436123,11333220
2013-09-04,16.6928768157959,16.72528967415173,16.498395882058787,16.5956369795277,15360180
2013-09-05,16.854942321777344,16.854942321777344,16.75770249305643,16.75770249305643,19292280
2013-09-06,16.6928768157959,16.854943629976468,16.660462696239357,16.854943629976468,15101100
2013-09-09,16.82253074645996,16.82253074645996,16.628051059634114,16.692878042309665,15173520
2013-09-10,16.854942321777344,16.854942321777344,16.6604614031349,16.822528204736628,17882640
2013-09-11,16.854942321777344,16.854942321777344,16.692875520175615,16.692875520175615,19906320
2013-09-12,16.854942321777344,16.854942321777344,16.75770249305643,16.822528204736628,18710880
2013-09-13,16.82253074645996,16.854944868398142,16.72529090304704,16.82253074645996,14506440
2013-09-16,16.82253074645996,16.854944868398142,16.692878042309665,16.82253074645996,16246560
2013-09-17,16.854942321777344,16.854942321777344,16.75770249305643,16.822528204736628,12142080
2013-09-18,16.72528648376465,16.854940414857605,16.72528648376465,16.854940414857605,15262260
2013-09-23,16.91977310180664,16.91977310180664,16.790119126871335,16.790119126871335,19967520
2013-09-24,16.854942321777344,16.887355177617444,16.790115348896528,16.854942321777344,10305060
2013-09-25,16.854942321777344,16.854942321777344,16.75770249305643,16.75770249305643,13783260
2013-09-26,16.660459518432617,16.854940415074555,16.660459518432617,16.79011344952724,10957860
2013-09-27,16.854942321777344,16.854942321777344,16.725288376015715,16.75770249305643,16407720
2013-09-30,16.82253074645996,16.854944868398142,16.660463920371487,16.79011788572259,16192500
2013-10-01,16.660459518432617,16.79011344952724,16.660459518432617,16.79011344952724,9360540
2013-10-02,16.628049850463867,16.692876828425284,16.628049850463867,16.660462708844218,9474780
2013-10-03,16.790115356445312,16.85494232935527,16.595635698916045,16.628048554770718,17832660
2013-10-04,16.854942321777344,16.91976929465816,16.725288376015715,16.790115348896528,19453440
2013-10-07,16.790115356445312,16.790115356445312,16.69287552768068,16.790115356445312,8048820
2013-10-08,16.72528648376465,16.79011344931113,16.69287363159165,16.79011344931113,7175700
2013-10-09,16.75770378112793,16.790116639459427,16.660462683732018,16.692876803264227,9169800
2013-10-11,16.75770378112793,16.82252949779092,16.692876803264227,16.75770378112793,9293220
2013-10-14,16.75770378112793,16.790116639459427,16.660462683732018,16.72528966159572,9651240
2013-10-15,16.82253074645996,16.82253074645996,16.72529090304704,16.757705024985217,11788140
2013-10-16,16.82253074645996,16.82253074645996,16.757705024985217,16.79011788572259,8097780
2013-10-17,16.82253074645996,16.854944868398142,16.757705024985217,16.854944868398142,7960080
2013-10-18,16.854942321777344,16.854942321777344,16.75770249305643,16.854942321777344,8090640
2013-10-21,16.72528648376465,16.854940414857605,16.660459518218172,16.854940414857605,9626760
2013-10-22,16.660459518432617,16.72528648397993,16.6280466662592,16.69287363180651,13146780
2013-10-23,16.72528648376465,16.72528648376465,16.660459518218172,16.72528648376465,14086200
2013-10-24,16.75770378112793,16.75770378112793,16.660462683732018,16.72528966159572,11432160
2013-10-25,16.59563636779785,16.757703176004497,16.59563636779785,16.757703176004497,9233040
2013-10-28,16.75770378112793,16.75770378112793,16.563222847536817,16.595636967069026,8178360
2013-10-29,16.790115356445312,16.790115356445312,16.628048554770718,16.75770250059064,9522720
2013-10-30,16.82253074645996,16.82253074645996,16.692878042309665,16.79011788572259,6808500
2013-10-31,16.563222885131836,16.790116677569443,16.563222885131836,16.725289699558598,18152940
2013-11-01,16.660459518432617,16.69287363180651,16.563219700711887,16.6280466662592,6024120
2013-11-04,16.49839210510254,16.660458882181363,16.49839210510254,16.595633180310173,10386660
2013-11-05,16.40115737915039,16.53081134551557,16.40115737915039,16.46598436233298,11151660
2013-11-06,16.530807495117188,16.530807495117188,16.401153558951336,16.401153558951336,6317880
2013-11-07,16.563222885131836,16.59563700473762,16.433570190310856,16.59563700473762,6711600
2013-11-08,16.465984344482422,16.530811327594733,16.433571483526674,16.530811327594733,6845220
2013-11-11,16.368741989135742,16.46598181828535,16.271502159986134,16.46598181828535,11148600
2013-11-12,16.465984344482422,16.465984344482422,16.368744500414362,16.40115736137011,8326260
2013-11-13,16.206676483154297,16.563222972289065,16.206676483154297,16.53081011371344,17089080
2013-11-14,16.109437942504883,16.271504770825487,16.109437942504883,16.20667778725708,11640240
2013-11-15,16.206676483154297,16.27150346150627,16.141849504802323,16.141849504802323,6709560
2013-11-18,16.206676483154297,16.239089341729922,16.17426362457867,16.206676483154297,4651200
2013-11-19,16.368741989135742,16.368741989135742,16.20667518681952,16.20667518681952,7327680
2013-11-20,16.239089965820312,16.336329806484972,16.239089965820312,16.27150408684238,5437620
2013-11-21,16.141847610473633,16.271501551962025,16.141847610473633,16.271501551962025,11541300
2013-11-22,16.206676483154297,16.206676483154297,16.07702252645035,16.141849504802323,6752400
2013-11-25,16.271499633789062,16.336325335690677,16.23908552163783,16.336325335690677,5120400
2013-11-26,16.433568954467773,16.595635756706727,16.20667517909311,16.271502152228816,19586040
2013-11-27,16.271499633789062,16.530806224996798,16.271499633789062,16.530806224996798,6791160
2013-11-28,16.33633041381836,16.368744536045483,16.23909056953863,16.271504691765752,11876880
2013-11-29,16.49839210510254,16.49839210510254,16.303912477088115,16.33632532802371,12014580
2013-12-02,16.530807495117188,16.530807495117188,16.368740705510135,16.498393380475463,7805040
2013-12-03,16.40115737915039,16.53081134551557,16.40115737915039,16.498397223323867,6075120
2013-12-04,16.49839210510254,16.53080621723856,16.33632532802371,16.40115229109533,8592480
2013-12-05,16.465984344482422,16.49839720543817,16.336330378257795,16.49839720543817,7767300
2013-12-06,16.30391502380371,16.49839468219638,16.30391502380371,16.368741997001475,6635100
2013-12-09,16.465984344482422,16.465984344482422,16.336330378257795,16.40115736137011,8234460
2013-12-10,16.530807495117188,16.530807495117188,16.368740705510135,16.46598052703426,8748540
2013-12-11,16.563222885131836,16.59563700473762,16.465983048715923,16.53081002672677,11291400
2013-12-12,16.433568954467773,16.530808783571022,16.401154837299607,16.530808783571022,8455800
2013-12-13,16.72528648376465,16.72528648376465,16.368740065059733,16.498392734952215,21165000
2013-12-16,16.75770378112793,16.85494361732313,16.563222847536817,16.660462683732018,27985740
2013-12-17,16.72528648376465,16.822526301484128,16.69287363159165,16.79011344931113,21153780
2013-12-18,16.854942321777344,16.854942321777344,16.692875520175615,16.725288376015715,19628880
2013-12-19,16.91977310180664,16.91977310180664,16.757706263737962,16.85494611433899,31252800
2013-12-20,16.91977310180664,16.98459882807339,16.85494611433899,16.91977310180664,30368460
2013-12-23,16.854942321777344,16.91976929465816,16.75770249305643,16.854942321777344,14256540
2013-12-24,16.82253074645996,16.919771851073694,16.72529090304704,16.757705024985217,14411580
2013-12-25,16.854942321777344,16.91976929465816,16.790115348896528,16.822528204736628,7236900
2013-12-26,17.114248275756836,17.179075246075733,16.725287715044015,16.725287715044015,24212760
2013-12-27,17.438385009765625,17.438385009765625,17.146664221342405,17.179078342945427,35310360
2013-12-30,17.568037033081055,17.600451153430363,17.43838433528604,17.50321131478392,33057180
2013-12-31,17.503210067749023,17.56803578142758,17.438383092869813,17.56803578142758,14956260
2014-01-02,17.21149253845215,17.503213349504303,17.114252688501725,17.503213349504303,17959140
2014-01-03,17.081836700439453,17.243903519739295,17.049423841059788,17.243903519739295,13113120
2014-01-06,17.017009735107422,17.114249567323917,16.854942927679705,17.08183544911798,19845120
2014-01-07,16.88735580444336,17.049422612060695,16.88735580444336,16.984595636773626,11293440
2014-01-08,16.88735580444336,17.017009755017494,16.854942947400158,16.88735580444336,15222480
2014-01-09,16.854942321777344,16.95218215049826,16.854942321777344,16.887355177617444,9845040
2014-01-10,16.854942321777344,16.95218215049826,16.790115348896528,16.854942321777344,12094140
2014-01-13,17.017009735107422,17.0494225921127,16.887355784684985,16.887355784684985,13755720
2014-01-14,17.276315689086914,17.34114266172527,17.08183477117184,17.08183477117184,22486920
2014-01-15,17.341142654418945,17.373555510124163,17.30872853751312,17.30872853751312,19416720
2014-01-16,17.341142654418945,17.405968365829377,17.276315681807905,17.405968365829377,11460720
2014-01-17,17.1790771484375,17.37355681972975,17.1790771484375,17.341143961581277,8226300
2014-01-20,17.30872917175293,17.30872917175293,17.114249507994135,17.17907648298062,8268120
2014-01-21,17.30872917175293,17.30872917175293,17.17907648298062,17.30872917175293,7677540
2014-01-22,17.30872917175293,17.30872917175293,17.211489339873534,17.30872917175293,9956220
2014-01-23,17.30872917175293,17.3411432898465,17.17907648298062,17.30872917175293,9830760
2014-01-24,17.373558044433594,17.373558044433594,17.211491219865337,17.30873106236613,14269800
2014-01-27,16.88735580444336,17.276316394965097,16.88735580444336,17.276316394965097,36928080
2014-02-05,16.33633041381836,16.692878191111795,16.206677708512327,16.692878191111795,60135120
2014-02-06,16.49839210510254,16.72528584525298,16.33632532802371,16.33632532802371,29458620
2014-02-07,16.628049850463867,16.692876828425284,16.56322287250245,16.56322287250245,16736160
2014-02-10,16.72528648376465,16.79011344931113,16.69287363159165,16.79011344931113,8770980
2014-02-11,16.82253074645996,16.82253074645996,16.72529090304704,16.72529090304704,7826460
2014-02-12,16.854942321777344,16.887355177617444,16.75770249305643,16.854942321777344,8563920
2014-02-13,16.660459518432617,16.79011344952724,16.6280466662592,16.75770059735382,9486000
2014-02-14,16.88735580444336,16.919769922687223,16.725288996826023,16.725288996826023,16611720
2014-02-17,16.75770378112793,16.95218345351833,16.75770378112793,16.887356475654624,6052680
2014-02-18,16.95218276977539,16.95218276977539,16.72528898700423,16.757703105229062,9614520
2014-02-19,16.91977310180664,16.91977310180664,16.757706263737962,16.887358977472363,9380940
2014-02-20,16.628049850463867,16.822529523147406,16.628049850463867,16.822529523147406,14596200
2014-02-21,16.75770378112793,16.82252949779092,16.595636967069026,16.62804982540052,14681880
2014-02-24,16.6928768157959,16.75770379370827,16.628049837883527,16.660462696239357,7570440
2014-02-25,16.628049850463867,16.757703806386704,16.628049850463867,16.660462708844218,12070680
2014-02-26,16.563222885131836,16.62804986314268,16.53081002672677,16.59563700473762,18064200
2014-02-27,16.660459518432617,16.660459518432617,16.563219700711887,16.563219700711887,16519920
2014-03-03,16.59563636779785,16.59563636779785,16.33632846570669,16.59563636779785,19982820
2014-03-04,16.465984344482422,16.563224188550482,16.465984344482422,16.530811327594733,12309360
2014-03-05,16.433568954467773,16.595635756706727,16.433568954467773,16.49839466640286,11313840
2014-03-06,16.563222885131836,16.563222885131836,16.433570190310856,16.498395907120987,11587200
2014-03-07,16.6928768157959,16.6928768157959,16.53081000161533,16.563222859971155,13870980
2014-03-10,16.49839210510254,16.563219068174153,16.43356640323135,16.53080621723856,11966640
2014-03-11,16.6928768157959,16.6928768157959,16.433570165347128,16.498395882058787,16922820
2014-03-12,16.563222885131836,16.59563700473762,16.433570190310856,16.53081002672677,12459300
2014-03-13,16.628049850463867,16.628049850463867,16.433570177780332,16.498395894541034,17255340
2014-03-14,16.40115737915039,16.628051189689046,16.40115737915039,16.59563832869816,15870180
2014-03-17,16.33633041381836,16.401157397071785,16.303917552792054,16.401157397071785,15362220
2014-03-18,16.59563636779785,16.59563636779785,16.33632846570669,16.368742584068418,17540940
2014-03-19,16.433568954467773,16.595635756706727,16.433568954467773,16.595635756706727,6489240
2014-03-20,16.563222885131836,16.563222885131836,16.271503375884095,16.336329092694225,18758820
2014-03-21,16.30391502380371,16.530808799395576,16.30391502380371,16.530808799395576,19270860
2014-03-24,16.49839210510254,16.49839210510254,16.271499626152522,16.303912477088115,13167180
2014-03-25,16.563222885131836,16.563222885131836,16.368743212300007,16.368743212300007,15149040
2014-03-26,16.465984344482422,16.595638310707045,16.40115736137011,16.563224188550482,17091120
2014-03-27,16.660459518432617,16.660459518432617,16.401152917443845,16.401152917443845,21782100
2014-03-28,16.660459518432617,16.660459518432617,16.530806848538468,16.6280466662592,10509060
2014-03-31,16.628049850463867,16.660462708844218,16.5308100141221,16.5308100141221,10348920
2014-04-01,16.660459518432617,16.660459518432617,16.530806848538468,16.530806848538468,10633500
2014-04-02,16.72528648376465,16.72528648376465,16.59563381387217,16.660459518218172,12412380
2014-04-03,16.72528648376465,16.72528648376465,16.62804666604517,16.72528648376465,7582680
2014-04-07,16.72528648376465,16.72528648376465,16.59563381387217,16.59563381387217,13430340
2014-04-08,16.660459518432617,16.72528648397993,16.59563381408578,16.72528648397993,7391940
2014-04-09,16.72528648376465,16.72528648376465,16.62804666604517,16.660459518218172,10853820
2014-04-10,16.790115356445312,16.790115356445312,16.595635698916045,16.75770250059064,11838120
2014-04-11,16.72528648376465,16.72528648376465,16.62804666604517,16.72528648376465,8713860
2014-04-14,16.6928768157959,16.72528967415173,16.5956369795277,16.5956369795277,7629600
2014-04-15,16.854942321777344,16.854942321777344,16.5956356914547,16.692875520175615,12649020
2014-04-16,16.6928768157959,16.854943629976468,16.6928768157959,16.854943629976468,13700640
2014-04-17,16.6928768157959,16.72528967415173,16.660462696239357,16.6928768157959,5891520
2014-04-18,16.72528648376465,16.72528648376465,16.62804666604517,16.69287363159165,5134680
2014-04-21,16.59563636779785,16.692876200481706,16.59563636779785,16.660462082119977,4826640
2014-04-22,16.563222885131836,16.66046272154775,16.563222885131836,16.59563700473762,4977600
2014-04-23,16.59563636779785,16.660462082119977,16.53080939227506,16.563222249436123,7556160
2014-04-24,16.6928768157959,16.6928768157959,16.563222859971155,16.5956369795277,8123280
2014-04-25,16.433568954467773,16.660461468641813,16.401154837299607,16.660461468641813,14146380
2014-04-28,16.33633041381836,16.368744536045483,16.206677708512327,16.206677708512327,15131700
2014-04-29,16.30391502380371,16.401154853000047,16.30391502380371,16.336327879802283,11104740
2014-04-30,16.433568954467773,16.69287558580998,16.271502152228816,16.30391500819636,29098560
2014-05-02,16.465984344482422,16.530811327594733,16.433571483526674,16.433571483526674,8761800
2014-05-05,16.368741989135742,16.46598181828535,16.336327871952125,16.433568962302353,8125320
2014-05-06,16.433568954467773,16.433568954467773,16.30391500819636,16.368741981332064,8062080
2014-05-07,16.33633041381836,16.401157397071785,16.271504691765752,16.401157397071785,14101500
2014-05-08,16.33633041381836,16.33633041381836,16.303917552792054,16.33633041381836,9756300
2014-05-09,16.465984344482422,16.465984344482422,16.303917517302047,16.303917517302047,11903400
2014-05-12,16.433568954467773,16.465981810435316,16.30391500819636,16.465981810435316,7883580
2014-05-13,16.530807495117188,16.530807495117188,16.43356767359306,16.46598052703426,12037020
2014-05-14,16.465984344482422,16.530811327594733,16.336330378257795,16.530811327594733,14262660
2014-05-15,16.368741989135742,16.401154845118736,16.303915015969128,16.336327871952125,10516200
2014-05-16,16.30391502380371,16.336327879802283,16.239088050605947,16.336327879802283,15195960
2014-05-19,16.271499633789062,16.303912484739868,16.206672670687023,16.23908552163783,13677180
2014-05-20,16.141847610473633,16.271501551962025,16.141847610473633,16.23908743598964,28087740
2014-05-21,16.141847610473633,16.23908743598964,16.109434755701823,16.141847610473633,16624980
2014-05-22,16.30391502380371,16.336327879802283,16.141848221409614,16.141848221409614,13655760
2014-05-23,16.368741989135742,16.368741989135742,16.271502159986134,16.271502159986134,11925840
2014-05-26,16.239089965820312,16.36874392750704,16.239089965820312,16.36874392750704,7606140
2014-05-27,16.206676483154297,16.239089341729922,16.141849504802323,16.239089341729922,12340980
2014-05-28,16.30391502380371,16.336327879802283,16.206675194607378,16.206675194607378,15740640
2014-05-29,16.206676483154297,16.303916320081896,16.206676483154297,16.27150346150627,13224300
2014-05-30,15.947371482849121,16.27150514698352,15.947371482849123,16.20667816191647,42062760
2014-06-03,16.206676483154297,16.206676483154297,16.0121968092991,16.0121968092991,20363280
2014-06-04,16.077022552490234,16.14184953094721,16.012196835233986,16.14184953094721,16433220
2014-06-05,16.109437942504883,16.109437942504883,16.012198097752687,16.077023820120267,12353220
2014-06-06,16.141847610473633,16.141847610473633,16.044607784957627,16.109434755701823,9562500
2014-06-09,16.077022552490234,16.14184953094721,16.012196835233986,16.14184953094721,12723480
2014-06-10,16.141847610473633,16.141847610473633,16.012194930185817,16.044607784957627,15938520
2014-06-11,16.141847610473633,16.141847610473633,16.077020639729437,16.141847610473633,7590840
2014-06-12,16.109437942504883,16.20667778725708,16.077023820120267,16.141850803688673,9139200
2014-06-13,16.206676483154297,16.206676483154297,16.109436646226698,16.109436646226698,9174900
2014-06-16,16.109437942504883,16.17426492607329,16.012198097752687,16.012198097752687,9466620
2014-06-17,16.109437942504883,16.17426492607329,16.109437942504883,16.109437942504883,6465780
2014-06-18,16.40115737915039,16.433571501342094,16.077023724438256,16.10943784662996,34459680
2014-06-19,16.530807495117188,16.530807495117188,16.33632659086841,16.43356767359306,28051020
2014-06-20,16.530807495117188,16.59563446320011,16.43356767359306,16.56322034855839,18453840
2014-06-23,16.433568954467773,16.530808783571022,16.401154837299607,16.49839466640286,13093740
2014-06-24,16.465984344482422,16.49839720543817,16.40115736137011,16.433571483526674,10802820
2014-06-25,16.271499633789062,16.43356641094395,16.271499633789062,16.401152298792717,8525160
2014-06-26,16.368741989135742,16.368741989135742,16.174262330836527,16.271502159986134,17171700
2014-06-27,16.239089965820312,16.303916946663676,16.239089965820312,16.303916946663676,7600020
2014-06-30,16.271499633789062,16.271499633789062,16.206672670687023,16.206672670687023,9152460
2014-07-01,16.30391502380371,16.336327879802283,16.206675194607378,16.239088050605947,11300580
2014-07-02,16.30391502380371,16.336327879802283,16.206675194607378,16.336327879802283,12849960
2014-07-03,16.271499633789062,16.303912484739868,16.206672670687023,16.303912484739868,14195340
2014-07-04,16.206676483154297,16.27150346150627,16.17426362457867,16.27150346150627,16427100
2014-07-07,16.271499633789062,16.271499633789062,16.174259819736214,16.23908552163783,10427460
2014-07-08,16.33633041381836,16.33633041381836,16.206677708512327,16.33633041381836,8568000
2014-07-09,16.30391502380371,16.336327879802283,16.239088050605947,16.336327879802283,6176100
2014-07-10,16.271499633789062,16.271499633789062,16.206672670687023,16.206672670687023,12034980
2014-07-11,16.206676483154297,16.27150346150627,16.206676483154297,16.27150346150627,9895020
2014-07-14,16.174264907836914,16.239090630131404,16.141850785488845,16.20667776898416,10520280
2014-07-15,16.174264907836914,16.20667776898416,16.174264907836914,16.20667776898416,10947660
2014-07-16,16.206676483154297,16.239089341729922,16.141849504802323,16.17426362457867,11092500
2014-07-17,16.271499633789062,16.271499633789062,16.174259819736214,16.206672670687023,12225720
2014-07-18,16.206676483154297,16.239089341729922,16.17426362457867,16.206676483154297,10234680
2014-07-21,16.465984344482422,16.465984344482422,16.206677673233987,16.206677673233987,20041980
2014-07-22,16.49839210510254,16.49839210510254,16.40115229109533,16.465979254166943,17236980
2014-07-23,16.49839210510254,16.49839210510254,16.49839210510254,16.49839210510254,0
2014-07-24,16.530807495117188,16.530807495117188,16.43356767359306,16.498393380475463,15393840
2014-07-25,16.59563636779785,16.59563636779785,16.49839527391333,16.53080939227506,17655180
2014-07-28,16.75770378112793,16.75770378112793,16.595636967069026,16.595636967069026,23296800
2014-07-29,16.91977310180664,16.91977310180664,16.822531990004713,16.822531990004713,32734860
2014-07-30,17.017009735107422,17.017009735107422,16.887355784684985,16.919769902890923,31381320
2014-07-31,16.82253074645996,17.04942455522399,16.82253074645996,17.04942455522399,23294760
2014-08-01,16.82253074645996,16.984597572548438,16.72529090304704,16.72529090304704,12457260
2014-08-04,16.88735580444336,16.952182779730425,16.854942947400158,16.854942947400158,14734920
2014-08-05,16.6928768157959,16.91977060788884,16.660462696239357,16.887356488332298,24816600
2014-08-06,16.628049850463867,16.692876828425284,16.595636992083517,16.692876828425284,18524220
2014-08-07,16.75770378112793,16.75770378112793,16.62804982540052,16.692876803264227,14513580
2014-08-08,16.628049850463867,16.757703806386704,16.628049850463867,16.757703806386704,14766540
2014-08-11,16.72528648376465,16.79011344931113,16.72528648376465,16.79011344931113,16130280
2014-08-12,16.854942321777344,16.854942321777344,16.692875520175615,16.822528204736628,22654200
2014-08-13,16.95218276977539,16.984595626799557,16.822528819277395,16.854942937502226,41783280
2014-08-14,17.04423713684082,17.180047012138804,16.976331551596175,17.11214272208547,32151000
2014-08-15,17.112144470214844,17.112144470214844,16.976333285851457,17.04423887803315,13787000
2014-08-18,17.112144470214844,17.14609661870997,17.04423887803315,17.14609661870997,10473000
2014-08-19,17.315860748291016,17.315860748291016,17.146097407621497,17.1800495576788,15203000
2014-08-20,17.48562240600586,17.48562240600586,17.247953492905367,17.315859081675708,14573000
2014-08-21,17.45167350769043,17.4856256607998,17.383767906280067,17.4856256607998,11897000
2014-08-22,17.587482452392578,17.621435898834594,17.417719105757143,17.45167255219916,21568000
2014-08-25,17.587482452392578,17.587482452392578,17.45167255219916,17.519576854700095,12004000
2014-08-26,17.587482452392578,17.587482452392578,17.485624703449627,17.55353030114211,10411000
2014-08-27,17.65538787841797,17.65538787841797,17.5535301304654,17.587482281385746,16670000
2014-08-28,17.65538787841797,17.65538787841797,17.587482281385746,17.65538787841797,14980000
2014-08-29,17.519573211669922,17.655384378814233,17.519573211669922,17.655384378814233,8972000
2014-09-01,17.621437072753906,17.655389226266227,17.519578021833677,17.519578021833677,11812000
2014-09-02,17.621437072753906,17.655389226266227,17.519578021833677,17.655389226266227,12050000
2014-09-03,17.65538787841797,17.65538787841797,17.587482281385746,17.621435727497623,16104000
2014-09-04,17.65538787841797,17.65538787841797,17.587482281385746,17.65538787841797,13133000
2014-09-05,17.68933868408203,17.68933868408203,17.621434387405397,17.655386535743713,12078000
2014-09-09,17.75724220275879,17.791195642324414,17.68933661881882,17.723290058384446,13709000
2014-09-10,17.68933868408203,17.7572442759501,17.587480943875644,17.7572442759501,12233000
2014-09-11,17.791196823120117,17.791196823120117,17.689337792854175,17.72329123467328,16752000
2014-09-12,17.723291397094727,17.79119698616387,17.655385808025585,17.79119698616387,11387000
2014-09-15,17.723291397094727,17.723291397094727,17.6214336610867,17.723291397094727,8083000
2014-09-16,17.553529739379883,17.723293080582415,17.553529739379883,17.723293080582415,9946000
2014-09-17,17.791196823120117,17.791196823120117,17.55352791115187,17.55352791115187,20252000
2014-09-18,18.06281852722168,18.09677067506275,17.75724401588637,17.79119745891886,38911000
2014-09-19,17.994915008544922,18.13072620593132,17.92700940985172,18.13072620593132,18108000
2014-09-22,17.9270076751709,17.960961118827825,17.655386601872685,17.960961118827825,17205000
2014-09-23,17.68933868408203,17.92700760802456,17.68933868408203,17.893055459686245,15683000
2014-09-24,17.893054962158203,17.893054962158203,17.655386044824212,17.689338192218468,14705000
2014-09-25,17.75724220275879,17.89305337063872,17.65538447444448,17.89305337063872,10336000
2014-09-26,17.65538787841797,17.65538787841797,17.5535301304654,17.65538787841797,10661000
2014-09-29,17.38376808166504,17.655389194855253,17.38376808166504,17.655389194855253,22176000
2014-09-30,17.65538787841797,17.65538787841797,17.24795559141617,17.383766785480613,19553000
2014-10-01,17.519573211669922,17.621432234623796,17.31585775614473,17.621432234623796,13554000
2014-10-02,17.247953414916992,17.5195744735788,17.247953414916992,17.5195744735788,24336000
2014-10-03,17.315860748291016,17.417718493654426,17.247955152984908,17.247955152984908,15153000
2014-10-06,17.28190803527832,17.41771792627505,17.247954591135542,17.41771792627505,16286000
2014-10-07,17.48562240600586,17.48562240600586,17.18004790413503,17.281906934886226,16289000
2014-10-08,17.4177188873291,17.48562448417001,17.383766736504413,17.45167233334532,14112000
2014-10-09,17.587482452392578,17.587482452392578,17.383766954506676,17.417719105757143,12830000
2014-10-13,17.315860748291016,17.553529684266643,17.281908598233713,17.315860748291016,14331000
2014-10-14,17.38376808166504,17.38376808166504,17.2140047240222,17.247956877474113,11185000
2014-10-15,17.48562240600586,17.553527994776196,17.315859081675708,17.383764670446045,23585000
2014-10-16,17.48562240600586,17.553527994776196,17.349811228465185,17.45167025921638,18230000
2014-10-17,17.112144470214844,17.519575432922124,17.112144470214844,17.519575432922124,45338000
2014-10-20,17.247953414916992,17.383764591843583,17.146095679817734,17.180047826453695,12129000
2014-10-21,17.48562240600586,17.48562240600586,17.315859081675708,17.417716817235522,16559000
2014-10-22,17.553529739379883,17.58748188954379,17.417718548341256,17.519576294024475,10280000
2014-10-23,17.519573211669922,17.553526651051637,17.451668923289045,17.553526651051637,4447000
2014-10-24,17.48562240600586,17.51957455279534,17.315859081675708,17.51957455279534,8377000
2014-10-27,17.587482452392578,17.587482452392578,17.417719105757143,17.485624703449627,12010000
2014-10-28,17.587482452392578,17.723293647777542,17.587482452392578,17.65538805008506,16841000
2014-10-29,17.65538787841797,17.68934002933831,17.587482281385746,17.65538787841797,14424000
2014-10-30,17.68933868408203,17.68933868408203,17.553528795537325,17.655386535743713,11831000
2014-10-31,17.791196823120117,17.791196823120117,17.62143349959871,17.72329123467328,17616000
2014-11-03,17.75724220275879,17.791195642324414,17.62143233007014,17.791195642324414,12778000
2014-11-04,17.621437072753906,17.791200430698773,17.621437072753906,17.757246981994818,19002000
2014-11-05,17.723291397094727,17.723291397094727,17.55352807201756,17.6214336610867,10323000
2014-11-06,17.723291397094727,17.757243544033606,17.655385808025585,17.723291397094727,7992000
2014-11-07,17.553529739379883,17.791198676101725,17.553529739379883,17.757245230746317,12263000
2014-11-10,17.75724220275879,17.791195642324414,17.553526746130174,17.553526746130174,13538000
2014-11-11,17.65538787841797,17.72329347545019,17.621435727497623,17.72329347545019,8865000
2014-11-12,17.553529739379883,17.655387485063102,17.383766398177354,17.655387485063102,11143000
2014-11-13,17.519573211669922,17.621432234623796,17.417715483907326,17.587478795242077,11673000
2014-11-14,17.553529739379883,17.58748188954379,17.417718548341256,17.519576294024475,7375000
2014-11-17,17.519573211669922,17.587478795242077,17.383763339716886,17.553526651051637,13204000
2014-11-18,17.553529739379883,17.553529739379883,17.383766398177354,17.519576294024475,11000000
2014-11-19,17.621437072753906,17.689341379778543,17.417720266105082,17.519578021833677,30445000
2014-11-20,17.65538787841797,17.65538787841797,17.5535301304654,17.621435727497623,11561000
2014-11-21,17.48562240600586,17.655385730336015,17.48562240600586,17.655385730336015,7544000
2014-11-24,17.65538787841797,17.65538787841797,17.485624533433178,17.485624533433178,12198000
2014-11-25,17.553529739379883,17.655387485063102,17.553529739379883,17.655387485063102,18419000
2014-11-26,17.65538787841797,17.757245626370533,17.519576684353524,17.65538787841797,20172000
2014-11-27,17.723291397094727,17.723291397094727,17.6214336610867,17.655385808025585,13966000
2014-11-28,17.723291397094727,17.79119698616387,17.58748021895644,17.58748021895644,18093000
2014-12-01,17.48562240600586,17.621433583546533,17.417716817235522,17.45167025921638,14542000
2014-12-02,17.587482452392578,17.587482452392578,17.383766954506676,17.417719105757143,15484000
2014-12-03,17.791196823120117,17.791196823120117,17.4516701760773,17.655385646226442,22503000
2014-12-04,17.791196823120117,17.791196823120117,17.689337792854175,17.791196823120117,10881000
2014-12-05,17.859102249145508,17.859102249145508,17.65538676607507,17.65538676607507,14881000
2014-12-08,17.859102249145508,17.859102249145508,17.757244507610288,17.859102249145508,12460000
2014-12-09,17.859102249145508,17.859102249145508,17.723292358829035,17.791197951582998,10023000
2014-12-10,17.553529739379883,17.82515082626563,17.553529739379883,17.82515082626563,14182000
2014-12-11,17.553529739379883,17.723293080582415,17.48562414386057,17.553529739379883,10573000
2014-12-12,17.553529739379883,17.689339635227004,17.553529739379883,17.655387485063102,10932000
2014-12-15,17.519573211669922,17.587478795242077,17.451668923289045,17.519573211669922,12186000
2014-12-16,17.553529739379883,17.689339635227004,17.48562414386057,17.519576294024475,17423000
2014-12-17,17.349811553955078,17.655386061558616,17.349811553955078,17.519574881470064,23861000
2014-12-18,17.553529739379883,17.58748188954379,17.383766398177354,17.519576294024475,17739000
2014-12-19,17.791196823120117,17.791196823120117,17.55352791115187,17.62143349959871,28909000
2014-12-22,17.723291397094727,17.82514913310275,17.723291397094727,17.79119698616387,16639000
2014-12-23,17.723291397094727,17.85910128004163,17.689337954964465,17.723291397094727,16156000
2014-12-24,17.994915008544922,17.994915008544922,17.72329390896369,17.72329390896369,29641000
2014-12-25,17.96096420288086,17.994916357176223,17.859105149611437,17.994916357176223,11942000
2014-12-26,18.096771240234375,18.130724684327248,17.8591023123501,17.927007905344386,28128000
2014-12-29,18.096771240234375,18.198628982130074,17.994913498338672,18.02886564724009,16698000
2014-12-30,17.994915008544922,18.198630509432956,17.994915008544922,18.062820607238123,11930000
2014-12-31,17.859102249145508,18.0628190274074,17.825150100364255,17.994913434653437,9679000
2015-01-05,17.994915008544922,18.02886716029574,17.72329390896369,17.859103811158523,14066000
2015-01-06,17.68933868408203,17.92700760802456,17.68933868408203,17.825149867818173,25782000
2015-01-07,17.859102249145508,18.16467676894262,17.689338914856325,17.825150100364255,34785000
2015-01-08,18.028867721557617,18.096773322364804,17.859104367135448,17.927009967942638,13655000
2015-01-09,18.028867721557617,18.130726770364202,18.028867721557617,18.096773322364804,8542000
2015-01-12,17.96096420288086,18.06282196095862,17.96096420288086,17.994916357176223,10104000
2015-01-13,17.994915008544922,18.16467835768214,17.960962856794104,17.960962856794104,15472000
2015-01-14,18.06281852722168,18.06281852722168,17.92700734547456,17.994912936348122,20786000
2015-01-15,17.859102249145508,18.0628190274074,17.859102249145508,17.994913434653437,15440000
2015-01-16,17.723291397094727,17.927006869110777,17.655385808025585,17.893054722171897,18253000
2015-01-19,17.75724220275879,18.062816682892993,17.723290058384446,17.791195642324414,15047000
2015-01-20,18.06281852722168,18.06281852722168,17.79119745891886,17.79119745891886,15156000
2015-01-21,18.130725860595703,18.130725860595703,17.994914665796095,18.0628202631959,14452000
2015-01-22,18.096771240234375,18.130724684327248,17.96096134943726,18.02886564724009,11619000
2015-01-23,18.130725860595703,18.130725860595703,18.028866816900226,18.09677241430003,10899000
2015-01-26,18.028867721557617,18.062821169557015,17.791200061519866,17.994915568749825,16298000
2015-01-27,18.096771240234375,18.096771240234375,17.96096134943726,18.096771240234375,12747000
2015-01-28,18.130725860595703,18.130725860595703,17.960962514691968,17.960962514691968,10755000
2015-01-29,17.9270076751709,18.096771007881213,17.9270076751709,17.994913267293313,12352000
2015-01-30,18.130725860595703,18.130725860595703,17.927009068396295,18.0628202631959,16619000
2015-02-02,17.9270076751709,18.13072445153814,17.859102083048484,18.13072445153814,21014000
2015-02-03,17.893054962158203,17.994912699532367,17.859101519572544,17.927007109552456,19701000
2015-02-04,17.82514762878418,18.028863083608062,17.791195484710624,17.859099772857736,16939000
2015-02-05,17.96096420288086,17.96096420288086,17.82515299531607,17.859105149611437,7930000
2015-02-06,17.859102249145508,17.96096128587218,17.825150100364255,17.859102249145508,7224000
2015-02-09,17.68933868408203,17.85910201615649,17.68933868408203,17.791197719479857,17162000
2015-02-10,17.68933868408203,17.791197719479857,17.655386535743713,17.791197719479857,12830000
2015-02-11,17.791196823120117,17.82514896974785,17.689337792854175,17.689337792854175,10328000
2015-02-12,17.96096420288086,17.96096420288086,17.68934178775128,17.859105149611437,18813000
2015-02-13,17.96096420288086,17.994916357176223,17.859105149611437,17.96096420288086,15173000
2015-02-24,18.06281852722168,18.06281852722168,17.89305519763349,17.994912936348122,20206000
2015-02-25,17.893054962158203,18.06281828951228,17.791197224784035,18.06281828951228,19872000
2015-02-26,17.723291397094727,17.85910128004163,17.723291397094727,17.82514913310275,16263000
2015-03-02,17.65538787841797,17.825151223402756,17.5535301304654,17.72329347545019,23040000
2015-03-03,17.65538787841797,17.757245626370533,17.519576684353524,17.757245626370533,17031000
2015-03-04,17.65538787841797,17.72329347545019,17.587482281385746,17.72329347545019,17659000
2015-03-05,17.587482452392578,17.68934020133553,17.519576854700095,17.65538805008506,15292000
2015-03-06,17.587482452392578,17.65538805008506,17.519576854700095,17.65538805008506,15455000
2015-03-09,17.45167350769043,17.587483415319532,17.45167350769043,17.587483415319532,16787000
2015-03-10,17.4177188873291,17.5195766349947,17.4177188873291,17.45167233334532,11213000
2015-03-11,17.315860748291016,17.417718493654426,17.315860748291016,17.383766343597124,15438000
2015-03-12,17.45167350769043,17.45167350769043,17.247956703459344,17.315862304869704,15605000
2015-03-13,17.247953414916992,17.451670180306877,17.247953414916992,17.451670180306877,22314000
2015-03-16,17.14609718322754,17.315860521675337,17.14609718322754,17.247954927257922,18463000
2015-03-17,17.247953414916992,17.451670180306877,17.21400126828103,17.21400126828103,11120000
2015-03-18,17.38376808166504,17.38376808166504,17.2140047240222,17.28191032611766,17377000
2015-03-19,17.45167350769043,17.45167350769043,17.349814457979075,17.383767906280067,11766000
2015-03-20,17.48562240600586,17.48562240600586,17.315859081675708,17.383764670446045,19970000
2015-03-23,17.48562240600586,17.48562240600586,17.315859081675708,17.45167025921638,8546000
2015-03-24,17.38376808166504,17.485625837212414,17.38376808166504,17.485625837212414,9649000
2015-03-25,17.315860748291016,17.45167193890323,17.315860748291016,17.383766343597124,5111000
2015-03-26,17.48562240600586,17.48562240600586,17.21400134611589,17.315859081675708,15349000
2015-03-27,17.315860748291016,17.485624088960535,17.315860748291016,17.45167193890323,9843000
2015-03-30,17.4177188873291,17.48562448417001,17.315861139663507,17.383766736504413,8922000
2015-03-31,17.65538787841797,17.65538787841797,17.451672382512836,17.451672382512836,16659000
2015-04-01,17.349811553955078,17.655386061558616,17.349811553955078,17.655386061558616,12047000
2015-04-02,17.4177188873291,17.621435677851828,17.383766736504413,17.383766736504413,12521000
2015-04-07,17.48562240600586,17.553527994776196,17.45167025921638,17.45167025921638,11757000
2015-04-08,17.349811553955078,17.45167058661719,17.349811553955078,17.417717143999354,13636000
2015-04-09,17.587482452392578,17.587482452392578,17.34981350806466,17.34981350806466,11998000
2015-04-10,17.519573211669922,17.621432234623796,17.451668923289045,17.621432234623796,10784000
2015-04-13,17.48562240600586,17.48562240600586,17.417716817235522,17.45167025921638,6835000
2015-04-14,17.4177188873291,17.48562448417001,17.383766736504413,17.45167233334532,6419000
2015-04-15,17.247953414916992,17.451670180306877,17.247953414916992,17.417716738479545,25795000
2015-04-16,17.519573211669922,17.519573211669922,17.28190561195429,17.28190561195429,10480000
2015-04-17,17.38376808166504,17.485625837212414,17.315862479569574,17.4516736837605,10756000
2015-04-20,17.38376808166504,17.38376808166504,17.28191032611766,17.315862479569574,9237000
2015-04-21,17.4177188873291,17.45167233334532,17.315861139663507,17.383766736504413,9369000
2015-04-22,17.519573211669922,17.553526651051637,17.383763339716886,17.451668923289045,21572000
2015-04-23,17.519573211669922,17.621432234623796,17.417715483907326,17.553526651051637,20216000
2015-04-24,17.65538787841797,17.68934002933831,17.587482281385746,17.587482281385746,23396000
2015-04-27,17.791196823120117,17.791196823120117,17.655385646226442,17.655385646226442,26900000
2015-04-28,17.791196823120117,17.791196823120117,17.655385646226442,17.791196823120117,19109000
2015-04-29,17.68933868408203,17.791197719479857,17.621434387405397,17.655386535743713,18799000
2015-04-30,17.48562240600586,17.72329131910635,17.48562240600586,17.655385730336015,17771000
2015-05-04,17.38376808166504,17.51957799066433,17.38376808166504,17.485625837212414,12081000
2015-05-05,17.38376808166504,17.4516736837605,17.28191032611766,17.417720235116953,22565000
2015-05-06,17.45167350769043,17.4856256607998,17.281910151760332,17.383767906280067,11734000
2015-05-07,17.315860748291016,17.34981289834832,17.247955152984908,17.34981289834832,12585000
2015-05-08,17.315860748291016,17.383766343597124,17.281908598233713,17.315860748291016,8159000
2015-05-11,17.315860748291016,17.383766343597124,17.315860748291016,17.383766343597124,13685000
2015-05-12,17.4177188873291,17.45167233334532,17.315861139663507,17.315861139663507,10663000
2015-05-13,17.45167350769043,17.519577813909173,17.315862304869704,17.315862304869704,9323000
2015-05-14,17.48562240600586,17.48562240600586,17.349811228465185,17.45167025921638,17544000
2015-05-15,17.4177188873291,17.48562448417001,17.383766736504413,17.45167233334532,10144000
2015-05-18,17.519573211669922,17.519573211669922,17.34980990033517,17.383763339716886,9063000
2015-05-19,17.587482452392578,17.587482452392578,17.485624703449627,17.519576854700095,12562000
2015-05-20,17.38376808166504,17.485625837212414,17.38376808166504,17.4516736837605,12920000
2015-05-21,17.28190803527832,17.349812333180957,17.247954591135542,17.31586018422964,17750000
2015-05-22,17.315860748291016,17.34981289834832,17.247955152984908,17.281908598233713,11220000
2015-05-25,17.38376808166504,17.38376808166504,17.247956877474113,17.315862479569574,6131000
2015-05-26,17.4177188873291,17.45167233334532,17.28190898883882,17.45167233334532,8235000
2015-05-27,17.349811553955078,17.383764996572918,17.281907259102205,17.383764996572918,14412000
2015-05-28,17.28190803527832,17.38376577732373,17.28190803527832,17.38376577732373,16144000
2015-05-29,17.247953414916992,17.349811150016247,17.247953414916992,17.281906856744325,28989000
2015-06-01,17.1800479888916,17.28190702014531,17.1800479888916,17.247953577996945,14511000
2015-06-02,17.14609718322754,17.247954927257922,17.112145033614574,17.180049332840504,17163000
2015-06-03,16.97633171081543,17.146095027923582,16.97633171081543,17.146095027923582,29874000
2015-06-04,16.87447738647461,17.04424073785727,16.840523939083127,16.97633513826589,24139000
2015-06-05,16.670759201049805,16.840522538311784,16.636807051674,16.840522538311784,29539000
2015-06-08,16.90842628479004,17.04423745783708,16.63680523388729,16.670757379553383,19726000
2015-06-09,16.7047119140625,16.94238083485926,16.7047119140625,16.90842739177891,12683000
2015-06-10,16.7047119140625,16.77261750503178,16.7047119140625,16.7047119140625,12423000
2015-06-11,16.772621154785156,16.772621154785156,16.636809943293834,16.704715549039495,11862000
2015-06-12,16.63680648803711,16.70471207967963,16.63680648803711,16.70471207967963,10869000
2015-06-15,16.500995635986328,16.636806821997588,16.467043487079245,16.636806821997588,13267000
2015-06-16,16.56890106201172,16.56890106201172,16.4330911725606,16.500995469690437,14266000
2015-06-17,16.297277450561523,16.568898482365967,16.297277450561523,16.568898482365967,18681000
2015-06-18,16.500995635986328,16.500995635986328,16.2972801521609,16.2972801521609,20872000
2015-06-22,16.63680648803711,16.670758636262654,16.50099530475207,16.50099530475207,14825000
2015-06-23,16.467041015625,16.636804325064432,16.467041015625,16.636804325064432,11862000
2015-06-24,16.63680648803711,16.63680648803711,16.46704315652653,16.50099530475207,8140000
2015-06-25,16.806570053100586,16.840522201797945,16.56890112664471,16.56890112664471,15223000
2015-06-26,16.7047119140625,17.044238573717465,16.636806323093225,16.874475243889982,10979000
2015-06-29,16.433090209960938,16.63680567980031,16.433090209960938,16.63680567980031,9140000
2015-06-30,16.738666534423828,16.738666534423828,16.399139824617293,16.433093272712913,19375000
2015-07-01,16.500995635986328,16.704712415003215,16.500995635986328,16.636806821997588,10978000
2015-07-02,16.772621154785156,16.772621154785156,16.568904337548172,16.568904337548172,14610000
2015-07-03,16.56890106201172,16.738664395219196,16.46704332112552,16.738664395219196,9124000
2015-07-06,16.500995635986328,16.568901228991958,16.433091338172158,16.53494908008487,7571000
2015-07-07,16.467041015625,16.636804325064432,16.467041015625,16.50099315943638,11405000
2015-07-08,16.297277450561523,16.467040757338204,16.297277450561523,16.433088614059365,21539000
2015-07-09,16.127517700195312,16.297281044407896,16.025659952706068,16.229375447684557,17685000
2015-07-10,16.127517700195312,16.127517700195312,16.127517700195312,16.127517700195312,0
2015-07-13,16.2293758392334,16.297281437595025,16.059612490925115,16.161470240871772,15260000
2015-07-14,16.297277450561523,16.365183032310444,16.2293718688126,16.297277450561523,11941000
2015-07-15,16.433090209960938,16.433090209960938,16.26332688669767,16.365184621617356,13515000
2015-07-16,16.365184783935547,16.43309037295265,16.3312313418313,16.399136930848407,6792000
2015-07-17,16.365184783935547,16.365184783935547,16.297279194918442,16.365184783935547,8361000
2015-07-20,16.161468505859375,16.36518527907426,16.093564209979167,16.297279688002632,13915000
2015-07-21,16.297277450561523,16.297277450561523,16.12751414378484,16.16146628706368,9815000
2015-07-22,16.161468505859375,16.26332754006253,16.127516357919273,16.26332754006253,12220000
2015-07-23,16.2293758392334,16.297281437595025,16.059612490925115,16.161470240871772,25620000
2015-07-24,16.26481056213379,16.406551014887118,16.229374435132936,16.37111623963629,18755000
2015-07-27,16.087636947631836,16.264813560042978,16.087636947631836,16.264813560042978,12645000
2015-07-28,15.875020027160645,16.12306748965923,15.804149130482488,16.087632717195113,19018000
2015-07-29,15.768715858459473,15.910457665302948,15.66241017920189,15.875021537717053,15336000
2015-07-30,15.910454750061035,15.945889519404234,15.733278199845433,15.768712969188632,13798000
2015-07-31,16.01676368713379,16.01676368713379,15.626974385852277,15.875021877258678,22601000
2015-08-03,15.83958625793457,15.945891933809968,15.662409680892237,15.945891933809968,12573000
2015-08-04,15.945892333984375,15.945892333984377,15.697844849550167,15.875021431038881,12845000
2015-08-05,15.733282089233398,15.910458683248413,15.697845959380313,15.875022553395327,9835000
2015-08-06,15.626977920532227,15.804154547076813,15.626977920532227,15.733284977859286,11147000
2015-08-07,15.449797630310059,15.62697421483999,15.449797630310057,15.59153943863403,11376000
2015-08-10,15.485235214233398,15.591540904596517,15.414364303407922,15.449799082945564,6797000
2015-08-11,15.272624015808105,15.733284306569406,15.237189232711234,15.591542470681263,20527000
2015-08-12,14.811963081359863,15.237187179988645,14.670222616317032,15.201752401665473,26140000
2015-08-13,14.493045806884766,14.705657177180091,14.386738769986978,14.670222399380911,28203000
2015-08-14,14.351302146911621,14.457607818390606,14.244996475432638,14.457607818390606,16153000
2015-08-17,14.315868377685547,14.457608832348248,14.315868377685547,14.35130315341371,16572000
2015-08-18,14.103254318237305,14.386736552180533,14.103254318237305,14.315867007507164,23168000
2015-08-19,13.748903274536133,14.103256458682683,13.678032367356797,14.103256458682683,33106000
2015-08-20,13.678030014038086,13.81977180400994,13.60716047080205,13.748900909024014,32182000
2015-08-21,13.359116554260254,13.536293162800177,13.359116554260256,13.465422249034159,30255000
2015-08-24,12.7567138671875,13.181937933110426,12.437795479807797,13.111067030164932,58101000
2015-08-25,13.571724891662598,13.678030562529418,12.685842048189192,12.721278172978094,48500000
2015-08-26,13.465420722961426,13.607162534429479,13.111067546041388,13.465420722961426,28142000
2015-08-27,13.465420722961426,13.607162534429479,13.359115040235434,13.465420722961426,25701000
2015-08-28,13.678030014038086,13.713466137405995,13.39454778584427,13.536289575816124,36266000
2015-08-31,13.819772720336914,13.819772720336914,13.42998479969407,13.6780309209668,33730000
2015-09-01,13.465420722961426,13.819773899881463,13.465420722961426,13.748902994147437,25576000
2015-09-02,13.53629207611084,13.67803254051375,13.394550259957791,13.465421168034316,23145000
2015-09-03,13.53629207611084,13.748903448590273,13.465421168034316,13.748903448590273,18285000
2015-09-04,13.465420722961426,13.571726405687418,13.465420722961426,13.536291628695453,14419000
2015-09-07,13.465420722961426,13.536291628695453,13.429985945969461,13.465420722961426,12101000
2015-09-08,13.465420722961426,13.536291628695453,13.429985945969461,13.465420722961426,11025000
2015-09-09,13.784339904785156,13.819774683787106,13.465421486766923,13.465421486766923,22658000
2015-09-10,13.678030014038086,13.81977180400994,13.642595242420068,13.748900909024014,12702000
2015-09-11,13.607161521911621,13.74890197108258,13.607161521911621,13.678031070622103,12040000
2015-09-14,13.784339904785156,13.784339904785156,13.607163306275066,13.607163306275066,10191000
2015-09-15,13.819772720336914,13.819772720336914,13.713467046684318,13.784337946369375,12227000
2015-09-16,13.784339904785156,13.819774683787106,13.713468995031086,13.819774683787106,11709000
2015-09-17,13.961515426635742,13.961515426635742,13.784338841788841,13.784338841788841,26739000
2015-09-18,14.351302146911621,14.351302146911621,13.89064333600272,13.961514234238694,27851000
2015-09-21,14.138692855834961,14.244998542741584,13.996951038792696,14.244998542741584,16071000
2015-09-22,14.174126625061035,14.174126625061035,14.032384818110403,14.138691849198402,9680000
2015-09-23,14.174126625061035,14.174126625061035,13.855208235297141,14.103255721585718,14472000
2015-09-24,13.855208396911621,14.103255886093555,13.819773620635658,14.103255886093555,11371000
2015-09-25,13.678030014038086,13.890642698995867,13.678030014038088,13.855206575627959,15963000
2015-09-29,13.678030014038086,13.678030014038088,13.678030014038088,13.678030014038088,0
2015-09-30,13.607161521911621,13.678031070622103,13.465419720990669,13.607161521911621,34423000
2015-10-01,13.71346664428711,13.890643212425832,13.50085395147068,13.571724849076157,17678000
2015-10-02,13.784339904785156,13.890645593541176,13.607163306275066,13.890645593541176,13948000
2015-10-05,13.748903274536133,13.78433940400086,13.642597589642191,13.748903274536133,11814000
2015-10-06,14.032386779785156,14.032386779785156,13.748904478004189,13.78434061057071,19126000
2015-10-07,14.174126625061035,14.174126625061035,13.890644362909825,14.032384818110403,25620000
2015-10-08,14.351302146911621,14.351302146911621,14.174125577196664,14.174125577196664,27172000
2015-10-12,15.201750755310059,15.414362105723486,14.457608325363063,14.457608325363063,51394000
2015-10-13,15.095442771911621,15.237184564373198,14.88283143496917,15.20174979213276,27595000
2015-10-14,14.882832527160645,15.024574330024084,14.77652685088807,15.024574330024084,17324000
2015-10-15,15.166316032409668,15.201752161924135,14.882833755044558,14.953704662323368,19738000
2015-10-16,14.84739875793457,15.20175193734351,14.84739875793457,15.166315808352552,23867000
2015-10-19,14.953703880310059,14.989138656221316,14.741091169592346,14.847398200826229,19845000
2015-10-20,15.024574279785156,15.024574279785156,14.811961576200927,14.953703378590413,22177000
2015-10-21,14.705656051635742,15.09544398459355,14.705656051635742,15.09544398459355,19711000
2015-10-22,14.457610130310059,14.670222859016924,14.457610130310057,14.670222859016924,20722000
2015-10-23,14.599349975585938,14.811961323797146,14.493044301480333,14.811961323797146,24536000
2015-10-26,14.882832527160645,14.882832527160643,14.599350273183777,14.63478504802463,24027000
2015-10-27,14.670222282409668,14.882833651009761,14.599351375626267,14.882833651009761,15766000
2015-10-28,14.457610130310059,14.634786728357362,14.386739220741102,14.634786728357362,18756000
2015-10-29,14.280433654785156,14.5284811645296,14.174127965394732,14.45761025435259,25804000
2015-10-30,13.926079750061035,14.209562024655767,13.926079750061035,14.174127247237717,30019000
2015-11-02,14.103254318237305,14.103254318237305,13.890642980717363,13.926077753054047,18546000
2015-11-03,14.174126625061035,14.315868432011666,14.032384818110403,14.24499752853635,21311000
2015-11-04,14.528480529785156,14.670222343946524,14.244998253212543,14.386738715623789,32761000
2015-11-05,14.528480529785156,14.563915307450438,14.351303937958507,14.457609622704473,11736000
2015-11-06,14.174126625061035,14.52847979068756,14.138691849198402,14.52847979068756,25539000
2015-11-09,14.06782054901123,14.174126225351362,14.032384422397843,14.13869145048799,11287000
2015-11-10,13.996950149536133,14.103255829688928,13.926079245517585,14.032384925670378,14932000
2015-11-11,13.926079750061035,14.032385434065295,13.855208843474825,13.996950656647247,17258000
2015-11-12,13.748903274536133,13.926079866609408,13.748903274536133,13.890645088894802,17382000
2015-11-13,13.53629207611084,13.713468670427082,13.53629207611084,13.67803254051375,19427000
2015-11-16,13.323678016662598,13.500854593223272,13.181937566464063,13.465419818611139,25299000
2015-11-17,13.394550323486328,13.571726918642895,13.39455032348633,13.42998645356773,16258000
2015-11-18,13.288244247436523,13.465420837402343,13.288244247436523,13.429986060109222,20179000
2015-11-19,13.71346664428711,13.713466644287111,13.25280783747642,13.323677383331956,22948000
2015-11-20,13.359116554260254,13.500857030042045,13.359116554260256,13.500857030042045,17162000
2015-11-23,13.252809524536133,13.359115208601908,13.111067711281692,13.32367907941324,27156000
2015-11-24,13.07563304901123,13.25280964126477,13.040196919510448,13.146502604512548,24931000
2015-11-25,12.827585220336914,13.075632713476733,12.756714314904094,13.04019658488528,44261000
2015-11-26,12.863019943237305,13.11106743533694,12.792149038101684,12.827585166544536,31225000
2015-11-27,12.7567138671875,12.863019545730722,12.685842964242006,12.827584770132995,29633000
2015-11-30,12.863019943237305,12.863019943237305,12.260619277209646,12.650408579580523,97058000
2015-12-01,12.898455619812012,12.898455619812012,12.685842911853552,12.827584717159192,35525000
2015-12-02,12.7567138671875,12.933890448676216,12.7567138671875,12.89845567307849,19477000
2015-12-03,12.579536437988281,12.68584210936777,12.473230766608793,12.68584210936777,19707000
2015-12-04,12.508665084838867,12.54410120850974,12.402359417326053,12.508665084838867,24461000
2015-12-07,12.544102668762207,12.756714028537814,12.508666540966233,12.544102668762207,18030000
2015-12-08,12.402359962463379,12.579536533355713,12.402359962463379,12.54410175987723,23775000
2015-12-09,12.260619163513184,12.402360972470012,12.260619163513184,12.36692619610584,26049000
2015-12-10,12.048007011413574,12.26061835915029,12.048007011413574,12.26061835915029,30748000
2015-12-11,12.048007011413574,12.118877911242475,12.048007011413574,12.048007011413574,29111000
2015-12-14,11.870832443237305,12.048009046867712,11.870832443237305,12.048009046867712,24779000
2015-12-15,11.906265258789062,12.083441833186221,11.906265258789062,11.906265258789062,18993000
2015-12-16,12.012574195861816,12.012574195861816,11.906267152911552,11.977138064294994,13893000
2015-12-17,12.402359962463379,12.402359962463379,12.012572047200228,12.083441594157193,22873000
2015-12-18,12.225183486938477,12.402360059212947,12.18974871318357,12.296054386198259,20993000
2015-12-21,12.154312133789062,12.225183030402249,12.083441237175878,12.11887736135743,14278000
2015-12-22,12.189749717712402,12.260619271062408,12.118878812612314,12.225184494387406,10994000
2015-12-23,12.508665084838867,12.508665084838867,12.225182854221396,12.260617626142366,18461000
2015-12-24,12.898455619812012,12.969325170714797,12.721279039054979,12.721279039054979,39856000
2015-12-25,12.933891296386719,13.040196981897406,12.863020388796219,12.969326074306904,14019000
2015-12-28,13.0047607421875,13.040195516124667,12.933889842563184,12.933889842563184,14513000
2015-12-29,12.650407791137695,13.040195717464767,12.650407791137695,13.004760942980488,16108000
2015-12-30,12.650407791137695,12.756713466340534,12.544102115934857,12.756713466340534,11991000
2015-12-31,12.721277236938477,12.721277236938477,12.437793666485932,12.65040634432534,15757000
2016-01-04,12.402359962463379,12.756713104248048,12.402359962463379,12.756713104248048,24549000
2016-01-05,12.296056747436523,12.650409960032675,12.26062061512677,12.402362440865323,27544000
2016-01-06,12.260619163513184,12.402360972470012,12.260619163513184,12.331490067991597,18716000
2016-01-07,12.366928100585938,12.402362882406988,12.083444439016413,12.260621051622227,24452000
2016-01-08,12.331488609313965,12.437794277581775,12.154312044950975,12.260617713218787,20183000
2016-01-11,12.296056747436523,12.296056747436523,12.083444008828694,12.26062061512677,20572000
2016-01-12,12.189749717712402,12.331490176162497,12.118878812612314,12.296055399487495,12934000
2016-01-13,12.366928100585938,12.366928100585938,12.189751487980123,12.225186269801176,13094000
2016-01-14,12.331488609313965,12.366924733236509,12.154312044950975,12.260617713218787,13987000
2016-01-15,12.366928100585938,12.402362882406988,12.225186269801176,12.331491967014609,20200000
2016-01-18,12.225183486938477,12.331489159953165,12.154312587678694,12.225183486938477,14824000
2016-01-19,12.402359962463379,12.508665634648787,12.118877719385637,12.118877719385637,15845000
2016-01-20,12.118878364562988,12.402360622732584,12.118878364562988,12.402360622732584,18718000
2016-01-21,12.118878364562988,12.331489720252677,12.118878364562988,12.331489720252677,21707000
2016-01-22,12.402359962463379,12.402359962463379,12.225183391571045,12.29605429027797,17584000
2016-01-25,12.650407791137695,12.756713466340534,12.43779508898202,12.473231215216298,22959000
2016-01-26,12.614972114562988,12.614972114562988,12.437795532326149,12.473231659823545,20408000
2016-01-27,12.508665084838867,12.685841647943526,12.473230312917897,12.685841647943526,21210000
2016-01-28,12.473230361938477,12.544101257808846,12.402359466068106,12.402359466068106,24219000
2016-01-29,12.579536437988281,12.579536437988281,12.366925095229304,12.40235986843915,34332000
2016-02-01,12.7567138671875,12.7567138671875,12.544102510101059,12.579537285698786,22980000
2016-02-02,13.0047607421875,13.040195516124667,12.72127849544022,12.756713269377387,31861000
2016-02-03,12.7567138671875,12.969325224273943,12.7567138671875,12.969325224273943,24069000
2016-02-15,13.040196418762207,13.040196418762207,12.75671415239239,12.75671415239239,25863000
2016-02-16,13.394550323486328,13.571726918642895,13.075633263254598,13.111068041585852,48368000
2016-02-17,13.429985046386719,13.536290721992021,13.32367801903141,13.46541982100515,26840000
2016-02-18,13.500855445861816,13.571726351311897,13.465420669011822,13.536291574461902,25647000
2016-02-19,13.500855445861816,13.536291574461902,13.394549763561741,13.500855445861816,15624000
2016-02-22,13.71346664428711,13.819772314820355,13.571724849076157,13.571724849076157,27834000
2016-02-23,14.315868377685547,14.599350638760994,13.855208182719144,13.855208182719144,94591000
2016-02-24,14.280433654785156,14.59935207470661,14.174127965394732,14.351304564962167,41024000
2016-02-25,14.315868377685547,14.315868377685547,14.1741265712728,14.280432250207337,22336000
2016-02-26,14.599349975585938,14.741090423810082,14.457608175611808,14.528479075598874,56402000
2016-03-01,14.599349975585938,14.741090423810082,14.528479075598874,14.599349975585938,32364000
2016-03-02,14.811963081359863,14.953704898152838,14.776528303036692,14.811963081359863,42906000
2016-03-03,15.414362907409668,15.59153949255231,15.060009737124389,15.060009737124389,89137000
2016-03-04,15.59153938293457,15.733281190752182,15.378928022958215,15.520668479025765,77843000
2016-03-07,16.01676368713379,16.158504145258817,15.733281419133649,15.733281419133649,80251000
2016-03-08,16.087636947631836,16.300248341825096,15.591541892180526,16.264813560042978,79892000
2016-03-09,15.449797630310059,15.875021703531909,15.449797630310057,15.839586927325948,56873000
2016-03-10,15.485235214233398,15.52066999377104,15.09544588056837,15.343493392582443,41808000
2016-03-11,15.733282089233398,15.768716867336346,15.48523458726235,15.48523458726235,40233000
2016-03-14,15.697844505310059,15.945891984304803,15.662409730489387,15.839586308092773,27781000
2016-03-15,15.520671844482422,15.768719386074107,15.378931357680282,15.73328460231116,29210000
2016-03-16,15.733282089233398,15.733282089233398,15.556105495218382,15.556105495218382,23264000
2016-03-17,15.875020027160645,16.087632717195113,15.76871435801837,15.945890923838801,37135000
2016-03-18,15.981328010559082,16.016764139904627,15.910458455368227,15.945893232963655,39071000
2016-03-21,15.945892333984375,16.016763236929872,15.839586655441156,16.016763236929872,22947000
2016-03-22,16.052196502685547,16.052196502685547,15.875019937861754,15.945890834141254,25401000
2016-03-23,16.052196502685547,16.123067398965045,15.981325606406047,16.052196502685547,19150000
2016-03-24,16.052196502685547,16.052196502685547,15.839585165596962,16.016761730420754,16673000
2016-03-25,15.945892333984375,16.052198012527597,15.875021431038881,16.052198012527597,9943000
2016-03-28,15.697844505310059,15.945891984304803,15.662409730489387,15.945891984304803,14524000
2016-03-29,15.662405967712402,15.80414638469302,15.308052897636328,15.697840734020135,23122000
2016-03-30,15.733282089233398,15.733282089233398,15.48523458726235,15.662411181277363,17632000
2016-03-31,15.875020027160645,15.910456151374683,15.733279585554252,15.76871435801837,28815000
2016-04-01,15.556103706359863,15.875020727863266,15.449796680775414,15.697844154222492,17864000
2016-04-06,15.166316032409668,15.591540124332395,15.024575569602176,15.556105346568053,32179000
2016-04-07,14.705656051635742,15.201751013354789,14.528479472700372,15.166314886517702,41886000
2016-04-08,15.024574279785156,15.060009054507525,14.457608421977222,14.528479323171965,26318000
2016-04-11,14.989137649536133,15.060008548348945,14.705655406034852,14.882831977191898,14025000
2016-04-12,15.308056831359863,15.52066818734054,15.060009348215715,15.095444123629148,25512000
2016-04-13,15.83958625793457,15.875021032643033,15.662409680892237,15.662409680892237,53777000
2016-04-14,16.12306785583496,16.300244425679303,15.981326059259509,16.01676218427835,48124000
2016-04-15,16.087636947631836,16.158506511196073,15.8750242016883,16.158506511196073,34164000
2016-04-18,15.910454750061035,16.158500838963036,15.875018628968032,16.087631300276637,18310000
2016-04-19,16.087636947631836,16.193942644728466,15.945895117002811,16.087636947631836,23173000
2016-04-20,15.83958625793457,16.2293741867277,15.662409680892237,16.193939412019237,37532000
2016-04-21,16.19394302368164,16.19394302368164,16.052201189735726,16.052201189735726,46688000
2016-04-22,16.19394302368164,16.229377806292966,16.08763732409736,16.19394302368164,31184000
2016-04-25,16.300247192382812,16.335681971666183,16.229376282065896,16.300247192382812,30929000
2016-04-26,16.47742462158203,16.654601230416244,16.229377098864077,16.300248012747815,39975000
2016-04-27,16.654600143432617,16.654600143432617,16.477423546162058,16.58372923417436,38110000
2016-04-28,16.441987991333008,16.654599357322187,16.30024617950682,16.654599357322187,30440000
2016-04-29,16.052196502685547,16.22937306750934,16.052196502685547,16.193938295244546,26967000
2016-05-03,15.875020027160645,16.12306748965923,15.804149130482488,16.087632717195113,20314000
2016-05-04,14.918267250061035,15.73328058606319,14.705655898256131,15.73328058606319,60756000
2016-05-05,14.7410888671875,14.989136315074036,14.386735756420975,14.882830652194047,40594000
2016-05-06,14.811963081359863,15.024575806549326,14.741092172963375,14.811963081359863,36375000
2016-05-09,14.7410888671875,14.989136315074036,14.528477541427522,14.882830652194047,29570000
2016-05-10,14.457610130310059,14.670222859016924,14.209562622693797,14.528481039879013,27596000
2016-05-11,14.457610130310059,14.634786728357362,14.315869662922314,14.59935194944797,29779000
2016-05-12,14.528480529785156,14.741091899277086,14.42217484503919,14.42217484503919,19910000
2016-05-13,14.20956039428711,14.493043988105768,14.174125620934754,14.493043988105768,34497000
2016-05-16,14.06782054901123,14.174126225351362,14.032384422397843,14.174126225351362,18576000
2016-05-17,14.174126625061035,14.351303207874297,13.890644362909825,14.067820945723087,22339000
2016-05-18,14.138692855834961,14.138692855834961,13.890645351886073,14.06782194731383,18313000
2016-05-19,13.890644073486328,14.103255427732284,13.74890226948901,14.103255427732284,34912000
2016-05-20,14.032386779785156,14.13869382573448,13.748904478004189,13.926081085586073,20517000
2016-05-23,14.386739730834961,14.422175862750942,13.890646049763193,14.032386522176463,29773000
2016-05-24,14.06782054901123,14.386737578031628,14.06782054901123,14.386737578031628,16872000
2016-05-25,14.280433654785156,14.351304564962167,14.244998875571742,14.244998875571742,15690000
2016-05-26,14.457610130310059,14.528481039879013,14.315869662922314,14.386739220741102,16535000
2016-05-27,14.457610130310059,14.563915818788407,14.244998753353359,14.563915818788407,18446000
2016-05-30,14.457610130310059,14.563915818788407,14.386739220741102,14.528481039879013,14978000
2016-05-31,14.351302146911621,14.52847871662658,14.315867373668612,14.457607818390606,46383000
2016-06-01,14.84739875793457,15.02457534763904,14.280432859830206,14.280432859830206,28810000
2016-06-02,14.634783744812012,14.882831201859652,14.634783744812013,14.882831201859652,14720000
2016-06-03,14.811963081359863,14.88283398975635,14.563915577847228,14.634786486243716,17595000
2016-06-06,14.882832527160645,15.130880006296657,14.77652685088807,14.953703428592364,13903000
2016-06-07,15.060012817382812,15.095447600958869,14.953707114904297,15.024578033806756,25091000
2016-06-08,15.237187385559082,15.237187385559082,14.953705099898713,15.06001078805258,26603000
2016-06-13,14.705656051635742,15.166314886517702,14.670221276548677,15.09544398459355,23906000
2016-06-14,14.776527404785156,14.847398308873467,14.5284799163511,14.563914692520223,12978000
2016-06-15,14.7410888671875,14.84739588181733,14.599348433930796,14.7410888671875,10777000
2016-06-16,14.528480529785156,14.776528028692487,14.528480529785156,14.741091899277086,15462000
2016-06-17,14.670222282409668,14.776527966709715,14.528480468842863,14.563915246359507,18946000
2016-06-20,14.811963081359863,14.811963081359863,14.670222616317032,14.741092172963375,10510000
2016-06-21,14.918267250061035,14.953703376528525,14.882832475343553,14.882832475343553,19699000
2016-06-22,14.882832527160645,14.989138203433217,14.77652685088807,14.953703428592364,12388000
2016-06-23,14.882832527160645,14.882832527160643,14.741090724297203,14.811961625728923,10390000
2016-06-24,14.528480529785156,14.989139398184417,14.457609622704473,14.953704620519137,29976000
2016-06-27,14.493045806884766,14.563915362483124,14.31586921438862,14.386738769986978,11478000
2016-06-28,14.457610130310059,14.563915818788407,14.386739220741102,14.457610130310057,6000
2016-06-29,14.811963081359863,14.84739921143318,14.528480799524056,14.528480799524056,18271000
2016-06-30,14.811963081359863,14.84739921143318,14.705657394640204,14.811963081359863,14016000
2016-07-01,14.634783744812012,14.811960306738914,14.634783744812013,14.77652553505349,15858000
2016-07-04,14.84739875793457,14.989139218648083,14.599351261998292,14.634786039239144,16646000
2016-07-05,14.776527404785156,14.847398308873467,14.705656500696845,14.776527404785156,8096000
2016-07-06,14.528480529785156,14.741091899277086,14.528480529785156,14.705657121611804,18992000
2016-07-07,14.634783744812012,14.670219868247328,14.563912849691274,14.563912849691274,5511000
2016-07-08,14.634783744812012,14.634783744812013,14.634783744812013,14.634783744812013,0
2016-07-11,14.84739875793457,14.882833535175422,14.6702221682301,14.6702221682301,21045000
2016-07-12,14.84739875793457,14.95370444140723,14.776527851702761,14.882833535175422,22090000
2016-07-13,15.272624015808105,15.308060150655306,15.06001261372622,15.06001261372622,52573000
2016-07-14,16.087636947631836,16.193942644728466,15.591541892180526,15.591541892180526,92371000
2016-07-15,16.087636947631836,16.087636947631836,15.76871850459167,15.98132989878493,51856000
2016-07-18,16.087636947631836,16.193942644728466,15.98132989878493,16.193942644728466,25245000
2016-07-19,16.087636947631836,16.087636947631836,15.8750242016883,16.087636947631836,33184000
2016-07-20,15.83958625793457,15.839586257934569,15.662409680892237,15.768715356767634,35987000
2016-07-21,16.19394302368164,16.300248723265923,15.910460707540123,15.910460707540123,46590000
2016-07-22,16.15850257873535,16.193938703643735,15.945891236284867,16.15850257873535,24140000
2016-07-25,16.19394302368164,16.229377806292966,16.052201189735726,16.15850688932001,35150000
2016-07-26,16.230165481567383,16.266394359328498,16.08525411649406,16.121481612264798,23727000
2016-07-27,16.266393661499023,16.375077526139062,16.193937291075557,16.23016478529213,14628000
2016-07-28,16.266393661499023,16.266393661499023,16.12148092065209,16.23016478529213,12858000
2016-07-29,15.976571083068848,16.26639661742983,15.976571083068846,16.26639661742983,18762000
2016-08-01,16.193939208984375,16.193939208984375,15.940342573463004,15.940342573463004,14695000
2016-08-02,16.447534561157227,16.483762056837644,16.193937945423187,16.230165441103605,28225000
2016-08-03,16.230165481567383,16.266394359328498,16.01279774296221,16.157709108035533,12840000
2016-08-04,16.230165481567383,16.266394359328498,16.08525411649406,16.230165481567383,9469000
2016-08-05,16.375080108642578,16.375080108642578,16.230167344941545,16.230167344941545,14935000
2016-08-08,16.447534561157227,16.447534561157227,16.230165441103605,16.375078187806018,10211000
2016-08-09,16.592449188232422,16.592449188232422,16.411308910234272,16.44753779502829,25703000
2016-08-10,16.62867546081543,16.62867546081543,16.447535211272736,16.55621908460027,16793000
2016-08-11,16.51999282836914,16.59244921608817,16.012800878317222,16.51999282836914,20745000
2016-08-12,16.51999282836914,16.51999282836914,16.41130893778592,16.483765325504947,12148000
2016-08-15,16.338851928710938,16.483764698638062,16.230168042260892,16.483764698638062,12009000
2016-08-16,16.483762741088867,16.483762741088867,16.338849988371035,16.37507886754571,18596000
2016-08-17,16.447534561157227,16.55621843018885,16.411305683486436,16.51998955251806,12677000
2016-08-18,16.592449188232422,16.846045853827963,16.592449188232422,16.592449188232422,31268000
2016-08-19,16.411304473876953,16.664901070919434,16.375076980866716,16.664901070919434,14941000
2016-08-22,16.266393661499023,16.411305020355638,16.23016478529213,16.375077526139062,16392000
2016-08-23,16.556222915649414,16.592450421144694,16.302626231210215,16.338853736705495,15537000
2016-08-24,16.375080108642578,16.519991490353075,16.375080108642578,16.519991490353075,6911000
2016-08-25,16.266393661499023,16.302621155715595,16.23016478529213,16.302621155715595,17285000
2016-08-26,16.266393661499023,16.375077526139062,16.23016478529213,16.23016478529213,10309000
2016-08-29,16.121484756469727,16.302625034632307,16.049028368806564,16.26639753179605,12114000
2016-08-30,16.230165481567383,16.375078228631082,16.157709108035533,16.193937985796648,17842000
2016-08-31,15.976571083068848,16.230167734639423,15.940343582269008,16.157711351049176,31602000
2016-09-01,15.83166217803955,15.940346079455866,15.722978276623236,15.940346079455866,16301000
2016-09-02,15.940342903137207,15.940342903137209,15.795430142130666,15.795430142130666,10494000
2016-09-05,16.193939208984375,16.193939208984375,15.976570071970135,15.976570071970135,11461000
2016-09-06,16.266393661499023,16.375077526139062,16.085253426435514,16.193937291075557,16252000
2016-09-07,16.447534561157227,16.51998955251806,16.338849310135227,16.375078187806018,22271000
2016-09-08,16.30262565612793,16.44753843697868,16.266398151910593,16.411309550770643,12045000
2016-09-09,16.157712936401367,16.266398213445935,16.157712936401367,16.266398213445935,11701000
2016-09-12,15.867888450622559,15.940344839929466,15.795432061315653,15.904117336271351,21316000
2016-09-13,15.722975730895996,15.904115997924796,15.650519347686364,15.831659614715162,16984000
2016-09-14,15.433149337768555,15.686745973870767,15.433149337768555,15.614289594700066,32088000
2016-09-19,15.650519371032715,15.722975754350431,15.578062987714997,15.578062987714997,13357000
2016-09-20,15.795432090759277,15.867888480201245,15.57806430442405,15.57806430442405,10082000
2016-09-21,15.904114723205566,15.940342220911457,15.7592019684011,15.867885843509224,15676000
2016-09-22,15.976571083068848,16.0852563494495,15.940343582269008,15.976571083068846,12413000
2016-09-23,16.04902458190918,16.085253458187587,15.9403407170546,16.085253458187587,13110000
2016-09-26,15.867888450622559,16.01280122923637,15.86788845062256,15.940344839929466,8332000
2016-09-27,15.867888450622559,15.86788845062256,15.86788845062256,15.86788845062256,0
2016-09-28,15.867888450622559,15.86788845062256,15.86788845062256,15.86788845062256,0
2016-09-29,16.230165481567383,16.230165481567383,16.01279774296221,16.121481612264798,25647000
2016-09-30,16.085254669189453,16.19393854222646,15.976569414162023,16.157709663220505,21650000
2016-10-03,16.157712936401367,16.230169327100842,16.049029041347506,16.0852579276926,11399000
2016-10-04,16.157712936401367,16.193941822746456,16.049029041347506,16.157712936401367,9337000
2016-10-05,15.940342903137207,16.04902678289686,15.940342903137209,15.940342903137209,8090000
2016-10-06,15.976571083068848,16.049027466659094,15.940343582269008,15.940343582269008,9044000
2016-10-07,15.940342903137207,16.04902678289686,15.867886522633937,15.940342903137209,8470000
2016-10-11,15.940342903137207,16.04902678289686,15.831659023377556,16.04902678289686,12976000
2016-10-12,15.795432090759277,15.976572373368858,15.795432090759276,15.904117365917571,13280000
2016-10-13,15.722975730895996,15.867887115324699,15.722975730895996,15.795430732115065,19031000
2016-10-14,15.795432090759277,15.940344869643214,15.686748197591664,15.722977083307988,12979000
2016-10-17,15.759200096130371,15.83165646492443,15.433147127552248,15.722972602728484,15603000
2016-10-18,15.940342903137207,15.940342903137209,15.759202642874286,15.795430142130666,12435000
2016-10-19,16.121484756469727,16.121484756469727,15.940344478307145,15.940344478307145,17285000
2016-10-20,16.157712936401367,16.266398213445935,16.12148543204698,16.12148543204698,12707000
2016-10-21,16.085254669189453,16.266394918247936,15.759201668088014,16.19393854222646,29873000
2016-10-24,16.157712936401367,16.157712936401367,16.01280153699312,16.0852579276926,8226000
2016-10-25,16.266393661499023,16.302621155715595,15.976568179805158,16.157708414868665,16164000
2016-10-26,16.483762741088867,16.483762741088867,16.302622491186792,16.302622491186792,32170000
2016-10-27,16.447534561157227,16.628674803540058,16.411305683486436,16.483762056837644,23642000
2016-10-28,16.375080108642578,16.483763990423082,16.30262372679206,16.447536490493093,13690000
2016-10-31,16.51999282836914,16.55622171322398,16.121484768900444,16.266397544338506,18863000
2016-11-01,16.483762741088867,16.556219117447785,16.411306364729953,16.411306364729953,12568000
2016-11-02,16.230165481567383,16.411305724401817,16.193937985796648,16.338849350869967,10973000
2016-11-03,16.266393661499023,16.375077526139062,16.193937291075557,16.23016478529213,10444000
2016-11-04,16.375080108642578,16.375080108642578,16.26639622686207,16.30262372679206,10734000
2016-11-07,16.62867546081543,16.737359334142962,16.483762708385104,16.483762708385104,36743000
2016-11-08,17.172094345092773,17.172094345092773,16.70112864182153,16.70112864182153,58488000
2016-11-09,16.954727172851562,17.67928817495625,16.809815801624886,17.17209630267723,78584000
2016-11-10,17.824203491210938,17.860430993729345,17.49815044058274,17.606834330128596,102422000
2016-11-11,17.751745223999023,18.041569359421317,17.534377467929925,17.71551772531767,62989000
2016-11-14,17.679290771484375,17.787974661364213,17.425694107104327,17.643063268854643,37733000
2016-11-15,17.679290771484375,18.00534382311453,17.643063268854643,17.679290771484375,34318000
2016-11-16,17.425691604614258,17.715517111993066,17.35323660976,17.67928823257549,28841000
2016-11-17,17.60683250427246,17.60683250427246,17.317008368208526,17.353237248960575,22179000
2016-11-18,17.425691604614258,17.57060435830366,17.31700773034243,17.46192048403183,18643000
2016-11-21,17.751745223999023,17.751745223999023,17.38946470922353,17.425692207904888,20854000
2016-11-22,17.751745223999023,17.896657982705417,17.643061345964476,17.751745223999023,27936000
2016-11-23,17.824203491210938,17.896659878238385,17.75174710418349,17.860430993729345,21166000
2016-11-24,17.89665985107422,17.89665985107422,17.787974579702695,17.824203464156746,15096000
2016-11-25,18.186481475830078,18.331392847428102,17.93288484804549,17.969112345447385,64405000
2016-11-28,18.51253318786621,18.621218444577917,18.186481563702433,18.186481563702433,49082000
2016-11-29,18.44007682800293,18.51253181779457,18.331391579334777,18.51253181779457,25387000
2016-11-30,18.114028930664062,18.440082004212307,18.114028930664062,18.440082004212307,41912000
2016-12-01,18.041568756103516,18.11402513303374,17.751744630373064,18.11402513303374,26708000
2016-12-02,18.114028930664062,18.114028930664062,17.860432249236617,17.969116146422454,19658000
2016-12-05,18.077800750732422,18.150255758157655,17.89666046818797,18.11402825444504,15900000
2016-12-06,18.295166015625,18.331393514344892,18.114025758044555,18.186482137474833,25018000
2016-12-07,18.295166015625,18.367622395055278,18.222709636194725,18.331393514344892,16057000
2016-12-08,18.6212215423584,18.6212215423584,18.403852374764433,18.403852374764433,51331000
2016-12-09,18.51253318786621,18.621218444577917,18.440078192712335,18.58498956501053,24362000
2016-12-12,18.584989547729492,18.657445924806442,18.512533170652542,18.62121842726319,21257000
2016-12-13,18.6212215423584,18.6212215423584,18.512536267566077,18.584992656764065,19037000
2016-12-14,18.584989547729492,18.62121842726319,18.512533170652542,18.62121842726319,10805000
2016-12-15,18.51253318786621,18.548762067433596,18.403849313144953,18.548762067433596,14120000
2016-12-16,18.295166015625,18.476306273205445,18.258938516905108,18.40384989377517,23482000
2016-12-19,18.077800750732422,18.40385243011802,18.041571865029123,18.29516853698949,16577000
2016-12-20,18.51253318786621,18.766129816876113,18.258937940846753,18.29516543842369,28183000
2016-12-21,18.258939743041992,18.548763898235077,18.258939743041992,18.512535015091828,13853000
2016-12-22,18.041568756103516,18.258937886894188,18.041568756103516,18.15025263050363,17539000
2016-12-23,17.824203491210938,18.041571270302644,17.824203491210938,17.969114883275196,15617000
2016-12-26,17.679290771484375,17.89665993323469,17.60683438423427,17.89665993323469,13636000
2016-12-27,17.570606231689453,17.643062616259485,17.4619223458297,17.643062616259485,13664000
2016-12-28,17.93288803100586,18.005344420660585,17.643063854377637,17.643063854377637,12472000
2016-12-29,17.751745223999023,17.93288548138677,17.751745223999023,17.896657982705417,11368000
2016-12-30,17.860427856445312,17.969111726900234,17.82420036029047,17.896656734590547,8641000
2017-01-03,17.71552085876465,17.932888653280852,17.57060807442669,17.89666114819173,14915000
2017-01-04,17.89665985107422,17.89665985107422,17.751747077239276,17.824203464156746,10558000
2017-01-05,18.005340576171875,18.07779695035576,17.78797145362021,17.8604278278041,14723000
2017-01-06,17.89665985107422,18.114027629835995,17.860430966620164,18.114027629835995,11839000
2017-01-09,17.787975311279297,18.114028374822375,17.787975311279297,17.824204197223356,10135000
2017-01-10,17.787975311279297,17.89666058712078,17.751747807325927,17.787975311279297,8090000
2017-01-11,18.150253295898438,18.258938556273435,18.041569417513934,18.041569417513934,22399000
2017-01-12,18.186481475830078,18.367621726820435,18.114025099035846,18.150252596437742,23460000
2017-01-13,18.222707748413086,18.25893662537034,18.077796386555118,18.18648025344618,14024000
2017-01-16,18.041568756103516,18.186481509963965,17.969112379173293,18.186481509963965,8973000
2017-01-17,18.041568756103516,18.258937886894188,17.969112379173293,18.041568756103516,18198000
2017-01-18,18.186481475830078,18.331392847428102,18.041568722241614,18.07779760163395,20689000
2017-01-19,18.186481475830078,18.25893785262431,17.969112345447385,18.150252596437742,16518000
2017-01-20,18.186481475830078,18.186481475830078,18.07779760163395,18.114025099035846,11304000
2017-01-23,18.295166015625,18.331393514344892,18.222709636194725,18.258938516905108,17856000
2017-01-24,18.33139419555664,18.403850577679464,18.258939195424357,18.2951666954905,17518000
2017-02-02,18.403850555419922,18.657447201547807,18.367623055397598,18.548763319490295,42206000
2017-02-03,18.51253318786621,18.621218444577917,18.367621815568015,18.476305690289273,27781000
2017-02-06,18.51253318786621,18.58498956501053,18.403849313144953,18.51253318786621,18571000
2017-02-07,18.476306915283203,18.512534415262053,18.440079415304353,18.476306915283203,11415000
2017-02-08,18.150253295898438,18.476306313042443,18.150253295898438,18.476306313042443,31207000
2017-02-09,18.295166015625,18.331393514344892,18.150253256764447,18.150253256764447,14572000
2017-02-10,18.54876136779785,18.54876136779785,18.29516474835329,18.331392244563773,26592000
2017-02-13,18.54876136779785,18.584988864008334,18.44007749717601,18.54876136779785,14429000
2017-02-14,18.6212215423584,18.6212215423584,18.512536267566077,18.54876515316041,26523000
2017-02-15,19.05595588684082,19.05595588684082,18.62122034362028,18.62122034362028,67594000
2017-02-16,18.766130447387695,19.128410963290897,18.693674067808956,19.055954583712158,31207000
2017-02-17,18.766130447387695,18.838586826966434,18.693674067808956,18.766130447387695,14019000
2017-02-20,18.80236053466797,18.947271921133517,18.766131651558645,18.766131651558645,16192000
2017-02-21,18.911041259765625,18.98349763188541,18.838584887645837,18.911041259765625,17680000
2017-02-22,18.911041259765625,18.98349763188541,18.874812382710555,18.94726875483034,16234000
2017-02-23,18.911041259765625,18.94726875483034,18.802357392581122,18.94726875483034,13091000
2017-02-24,18.69367218017578,18.83858492470039,18.69367218017578,18.83858492470039,16318000
2017-03-01,18.6212215423584,18.838589327961685,18.6212215423584,18.838589327961685,16141000
2017-03-02,18.729902267456055,18.838586141876483,18.51253313662475,18.729902267456055,14238000
2017-03-03,18.51253318786621,18.657445942154855,18.476305690289273,18.548762067433596,14345000
2017-03-06,18.6212215423584,18.657449045962053,18.440081260358767,18.47630876396242,13046000
2017-03-07,18.766130447387695,18.766130447387695,18.548762690641972,18.62121907022071,8866000
2017-03-08,18.584989547729492,18.729902301883392,18.512533170652542,18.693673422349693,12859000
2017-03-09,18.36762237548828,18.58499013155706,18.36762237548828,18.58499013155706,23558000
2017-03-10,18.36762237548828,18.40384987416958,18.150253237429016,18.331393494816492,16186000
2017-03-13,18.44007682800293,18.548760694680734,18.367620456220944,18.47630432289875,9264000
2017-03-14,18.476306915283203,18.62121967917968,18.476306915283203,18.476306915283203,14793000
2017-03-15,18.54876136779785,18.584988864008334,18.476304993386492,18.512532489596975,10181000
2017-03-16,18.657447814941406,18.693675316154767,18.548763929310738,18.548763929310738,11673000
2017-03-17,18.729902267456055,18.766129764932714,18.621218393035623,18.693673387988948,23874000
2017-03-20,18.729902267456055,18.766129764932714,18.58498951356852,18.729902267456055,7160000
2017-03-21,18.766130447387695,18.766130447387695,18.657446569014834,18.693674067808956,14204000
2017-03-22,18.657447814941406,18.729904199358714,18.5849914305241,18.693675316154767,11407000
2017-03-23,18.6212215423584,18.729905435160042,18.54876515316041,18.69367654956571,9153000
2017-03-24,18.476306915283203,18.62121967917968,18.440079415304353,18.584990797210292,13249000
2017-03-27,18.51253318786621,18.548762067433596,18.440078192712335,18.476305690289273,10889000
2017-03-28,18.476306915283203,18.584990797210292,18.18648276948079,18.548763297231442,25583000
2017-03-29,18.44007682800293,18.47630432289875,18.367620456220944,18.403847951116763,15100000
2017-03-30,18.476306915283203,18.476306915283203,18.33139415138673,18.403850533334968,13208000
2017-03-31,18.33139419555664,18.512534459868426,18.33139419555664,18.476306959802287,11437000
2017-04-05,18.80236053466797,18.80236053466797,18.295167227062095,18.331394728180836,30491000
2017-04-06,18.6212215423584,18.766132938763697,18.512536267566077,18.766132938763697,16925000
2017-04-07,18.403850555419922,18.548763319490295,18.367623055397598,18.47630693745511,16446000
2017-04-10,18.657447814941406,18.657447814941406,18.403851160476123,18.44008004368007,12954000
2017-04-11,18.6212215423584,18.729905435160042,18.47630876396242,18.657449045962053,12718000
2017-04-12,18.6212215423584,18.69367654956571,18.6212215423584,18.657449045962053,18485000
2017-04-13,18.295166015625,18.621219032065998,18.295166015625,18.621219032065998,21244000
2017-04-14,18.186481475830078,18.295165350026206,18.150252596437742,18.25893785262431,15110000
2017-04-17,18.114028930664062,18.2227128278499,18.04157253854326,18.186485322784865,12196000
2017-04-18,18.114028930664062,18.186485322784865,18.114028930664062,18.114028930664062,10242000
2017-04-19,17.534378051757812,18.114026341902477,17.534378051757812,18.114026341902477,42405000
2017-04-20,17.280780792236328,17.534377428405637,17.244551911646152,17.534377428405637,30412000
2017-04-21,17.60683250427246,17.60683250427246,17.42569224648369,17.42569224648369,11742000
2017-04-24,17.60683250427246,17.71551776453812,17.534377506749347,17.643061385024513,7788000
2017-04-25,17.969114303588867,17.969114303588867,17.679290146819483,17.679290146819483,15448000
2017-04-26,18.041568756103516,18.041568756103516,17.751744630373064,18.041568756103516,18327000
2017-04-27,17.787975311279297,18.00534448097158,17.751747807325927,17.96911559502752,14641000
2017-04-28,17.534378051757812,17.824202196830147,17.534378051757812,17.78797331495202,18208000
2017-05-02,17.570606231689453,17.75174650211924,17.570606231689453,17.71551900082952,19528000
2017-05-03,17.751745223999023,17.751745223999023,17.67928884464583,17.71551772531767,7923000
2017-05-04,17.60683250427246,17.75174526329968,17.4981486259973,17.75174526329968,12670000
2017-05-05,17.425691604614258,17.67928823257549,17.38946410718713,17.67928823257549,10536000
2017-05-08,17.31700897216797,17.461921736249256,17.280781472142916,17.425692854233663,13706000
2017-05-09,17.31700897216797,17.38946535420861,17.13586870806163,17.31700897216797,15396000
2017-05-10,17.31700897216797,17.35323785418356,17.17209759007722,17.31700897216797,16534000
2017-05-11,17.244548797607422,17.38946152981867,17.244548797607422,17.38946152981867,11959000
2017-05-12,17.31700897216797,17.31700897216797,17.244552590127324,17.31700897216797,9988000
2017-05-15,17.49814796447754,17.49814796447754,17.35323659291921,17.35323659291921,8771000
2017-05-16,17.860427856445312,17.860427856445312,17.679287611690306,17.82420036029047,32883000
2017-05-17,17.93288803100586,17.93288803100586,17.67929135820966,17.86043164135113,21624000
2017-05-18,17.824203491210938,17.860430993729345,17.679290717156043,17.715519601665086,11940000
2017-05-19,17.824203491210938,17.896659878238385,17.679290717156043,17.679290717156043,11425000
2017-05-22,17.6430606842041,17.82420093479759,17.6430606842041,17.82420093479759,10514000
2017-05-23,17.751745223999023,17.751745223999023,17.570604966611278,17.570604966611278,14000000
2017-05-24,17.71552085876465,17.82420475602275,17.679291971684794,17.75174836385377,12605000
2017-05-25,17.824203491210938,17.824203491210938,17.715519601665086,17.715519601665086,10771000
2017-05-26,17.89665985107422,17.89665985107422,17.787974579702695,17.824203464156746,16896000
2017-05-31,17.93288803100586,17.93288803100586,17.715520244032366,17.751747747864385,56812000
2017-06-01,17.679290771484375,17.932887435864426,17.643063268854643,17.932887435864426,11795000
2017-06-02,17.751745223999023,17.751745223999023,17.606832465292634,17.67928884464583,10756000
2017-06-05,17.751745223999023,17.751745223999023,17.643061345964476,17.71551772531767,8349000
2017-06-06,17.751745223999023,17.751745223999023,17.67928884464583,17.71551772531767,5942000
2017-06-07,17.71552085876465,17.82420475602275,17.64306446659567,17.64306446659567,12092000
2017-06-08,17.6430606842041,17.78797205548463,17.6430606842041,17.75174455816211,8680000
2017-06-09,17.6430606842041,17.75174455816211,17.6430606842041,17.679288181526623,11841000
2017-06-12,17.534378051757812,17.751745815064428,17.534378051757812,17.643061933411122,13621000
2017-06-13,17.6430606842041,17.679288181526623,17.60683180489114,17.679288181526623,4434000
2017-06-14,17.71552085876465,17.71552085876465,17.534380569337568,17.64306446659567,10296000
2017-06-15,17.570606231689453,17.679290117549208,17.53437873039973,17.679290117549208,6562000
2017-06-16,17.46192169189453,17.64306195554076,17.46192169189453,17.534378073751128,16419000
2017-06-19,17.534378051757812,17.534378051757812,17.461921669992098,17.49814916987969,8560000
2017-06-20,17.46192169189453,17.64306195554076,17.46192169189453,17.606833073617192,10159000
2017-06-21,17.751745223999023,17.787972722680376,17.46192108857673,17.46192108857673,23858000
2017-06-22,17.751745223999023,17.860429102033574,17.67928884464583,17.751745223999023,9264000
2017-06-23,17.751745223999023,17.751745223999023,17.643061345964476,17.751745223999023,9274000
2017-06-26,17.93288803100586,17.93288803100586,17.715520244032366,17.751747747864385,18127000
2017-06-27,17.93288803100586,17.93288803100586,17.787975251696405,17.93288803100586,12015000
2017-06-28,18.077800750732422,18.077800750732422,17.860431582484672,17.89666046818797,12839000
2017-06-29,18.077800750732422,18.11402825444504,17.969115475613204,18.11402825444504,14647000
2017-06-30,17.93288803100586,18.258941093456784,17.93288803100586,18.114028314147333,21554000
2017-07-03,18.403850555419922,18.403850555419922,18.005342527212203,18.005342527212203,24472000
2017-07-04,18.476306915283203,18.62121967917968,18.33139415138673,18.403850533334968,32119000
2017-07-05,18.6212215423584,18.6212215423584,18.440081260358767,18.584992656764065,24074000
2017-07-06,18.729902267456055,18.766129764932714,18.47630563914809,18.657445890512285,26416000
2017-07-07,18.51253318786621,18.693673439731793,18.476305690289273,18.693673439731793,9131000
2017-07-10,18.33139419555664,18.512534459868426,18.258939195424357,18.476306959802287,12421000
2017-07-11,18.51253318786621,18.548762067433596,18.367621815568015,18.367621815568015,12565000
2017-07-12,18.51253318786621,18.693673439731793,18.476305690289273,18.51253318786621,16170000
2017-07-13,18.51253318786621,18.621218444577917,18.476305690289273,18.548762067433596,20110000
2017-07-14,18.54876136779785,18.62121774220921,18.54876136779785,18.584988864008334,12154000
2017-07-17,18.69367218017578,18.69367218017578,18.584988312777504,18.621217189903835,14246000
2017-07-18,18.729902267456055,18.766129764932714,18.621218393035623,18.693673387988948,13892000
2017-07-19,18.6212215423584,18.80236182435803,18.54876515316041,18.69367654956571,11444000
2017-07-20,18.69367218017578,18.69367218017578,18.584988312777504,18.621217189903835,11954000
2017-07-21,18.403850555419922,18.657447201547807,18.403850555419922,18.403850555419922,13061000
2017-07-24,18.476306915283203,18.476306915283203,18.22271026945964,18.403850533334968,16689000
2017-07-25,18.403850555419922,18.47630693745511,18.331394173384737,18.440079437432786,22705000
2017-07-26,18.441335678100586,18.666229440215115,18.441335678100586,18.478817495173118,24255000
2017-07-27,18.62874412536621,18.62874412536621,18.47881402554797,18.47881402554797,12873000
2017-07-28,18.441335678100586,18.628747623142583,18.441335678100586,18.628747623142583,11770000
2017-07-31,18.59126091003418,18.59126091003418,18.253920329756912,18.441332239857417,21406000
2017-08-01,18.8536376953125,18.8536376953125,18.591260737636944,18.6287439772131,25004000
2017-08-02,19.003570556640625,19.003570556640625,18.853640436218218,18.853640436218218,22019000
2017-08-03,19.04104995727539,19.04104995727539,18.74119118429456,18.74119118429456,16273000
2017-08-04,19.116016387939453,19.116016387939453,18.966086275706083,19.003569518684184,17684000
2017-08-07,19.04104995727539,19.116015007980454,19.04104995727539,19.116015007980454,10314000
2017-08-08,18.966083526611328,19.116013617112642,18.966083526611328,19.041048571861985,16613000
2017-08-09,18.92860221862793,19.078532313087454,18.853637171398166,18.966084027323134,12451000
2017-08-10,18.62874412536621,18.891121085128432,18.59126088549195,18.891121085128432,12992000
2017-08-11,18.62874412536621,18.703709175275332,18.47881402554797,18.516297265422228,15222000
2017-08-14,18.59126091003418,18.778672820134684,18.55377909994984,18.62874414995792,12059000
2017-08-15,18.62874412536621,18.74119098531019,18.59126088549195,18.59126088549195,13685000
2017-08-16,18.47881507873535,18.628745187098755,18.44133326656424,18.516298320745943,19533000
2017-08-17,18.516298294067383,18.62874516025818,18.4788150521108,18.4788150521108,8671000
2017-08-18,18.516298294067383,18.62874516025818,18.441333239993693,18.4788150521108,9355000
2017-08-21,18.47881507873535,18.553780132917055,18.44133326656424,18.47881507873535,8942120
2017-08-22,19.04104995727539,19.116015007980454,18.74119118429456,18.74119118429456,33000760
2017-08-23,18.966083526611328,19.116013617112642,18.891119911199983,19.116013617112642,16335608
2017-08-24,19.04104995727539,19.116015007980454,18.96608490657033,18.96608490657033,15487048
2017-08-25,19.078533172607422,19.116014982991246,19.041049932384183,19.078533172607422,16653971
2017-08-28,19.04104995727539,19.04104995727539,18.853638045432447,19.04104995727539,13885933
2017-08-29,18.966083526611328,19.003566764156314,18.891119911199983,19.003566764156314,7948164
2017-08-30,19.04104995727539,19.04104995727539,18.928603096137508,18.96608490657033,12105575
2017-08-31,18.966083526611328,19.041048571861985,18.853636673655,19.041048571861985,15197827
2017-09-01,18.8536376953125,18.92860274462543,18.81615588557573,18.8536376953125,13662138
2017-09-04,18.891122817993164,18.928604631466193,18.8536395746806,18.8536395746806,8328226
2017-09-05,18.966083526611328,18.966083526611328,18.853636673655,18.853636673655,10657288
2017-09-06,18.77867317199707,18.928603274822525,18.77867317199707,18.928603274822525,12192645
2017-09-07,18.8536376953125,18.891120934888658,18.7411908362628,18.81615588557573,12117042
2017-09-08,18.891122817993164,18.891122817993164,18.741192704421973,18.81615776120757,9560864
2017-09-11,18.966083526611328,18.966083526611328,18.816154865949326,18.891119911199983,9330718
2017-09-12,18.966083526611328,18.966083526611328,18.816154865949326,18.966083526611328,8352698
2017-09-13,18.77867317199707,18.966085085609176,18.77867317199707,18.966085085609176,5789392
2017-09-14,18.741191864013672,18.81615691743762,18.741191864013672,18.741191864013672,6999423
2017-09-15,18.55377960205078,18.70370970612434,18.55377960205078,18.70370970612434,33538848
2017-09-18,18.77867317199707,18.816156412623148,18.553779447598316,18.553779447598316,11174742
2017-09-19,18.62874412536621,18.74119098531019,18.62874412536621,18.74119098531019,8789063
2017-09-20,18.403850555419922,18.62874572445222,18.366368742167634,18.62874572445222,26784640
2017-09-21,18.441335678100586,18.55378255915785,18.253923733058585,18.36637061411585,12273612
2017-09-22,18.291404724121094,18.328887969340613,18.178957848141746,18.291404724121094,20481801
2017-09-25,18.178956985473633,18.328887099557683,18.14147517187239,18.291403856116904,12872922
2017-09-26,18.178956985473633,18.253922042515658,18.103991928431608,18.14147517187239,10076307
2017-09-27,18.178956985473633,18.253922042515658,18.14147517187239,18.178956985473633,9034893
2017-09-28,18.25391960144043,18.328884648457468,18.141472745834545,18.17895455442339,12355903
2017-09-29,18.25391960144043,18.328884648457468,18.21643636301224,18.25391960144043,10170180
2017-10-02,18.366365432739258,18.403847239237713,18.29140038990308,18.328883626240803,5422410
2017-10-03,18.328886032104492,18.403849654941187,18.253920979428347,18.36636784352284,8301039
2017-10-05,18.47881507873535,18.47881507873535,18.253921346029724,18.253921346029724,7638161
2017-10-06,18.441335678100586,18.478817495173118,18.36637061411585,18.441335678100586,6051573
2017-10-11,18.328886032104492,18.403849654941187,18.216437738170548,18.253920979428347,17936423
2017-10-12,18.516298294067383,18.516298294067383,18.216438077772615,18.2539213197292,10610951
2017-10-13,18.516298294067383,18.516298294067383,18.36636818592,18.516298294067383,7401000
2017-10-16,18.62874412536621,18.62874412536621,18.441332215513107,18.516297265422228,11924432
2017-10-17,18.59126091003418,18.62874414995792,18.55377909994984,18.62874414995792,7979427
2017-10-18,18.62874412536621,18.62874412536621,18.47881402554797,18.59126088549195,7787854
2017-10-19,18.62874412536621,18.62874412536621,18.516297265422228,18.62874412536621,6594589
2017-10-20,18.55377960205078,18.59126141314945,18.44133273891533,18.59126141314945,6450347
2017-10-23,18.59126091003418,18.59126091003418,18.55377909994984,18.55377909994984,4997942
2017-10-24,18.55377960205078,18.55377960205078,18.478814550014,18.55377960205078,5876955
2017-10-25,18.55377960205078,18.59126141314945,18.478814550014,18.51629779095211,8882903
2017-10-26,18.516298294067383,18.591261918301598,18.4788150521108,18.55378010618449,5619283
2017-10-27,18.47881507873535,18.553780132917055,18.44133326656424,18.516298320745943,7874936
2017-10-30,18.47881507873535,18.591261945088164,18.44133326656424,18.47881507873535,9327798
2017-10-31,18.403850555419922,18.553780668108118,18.403850555419922,18.516298854855833,10377671
2017-11-01,18.366365432739258,18.51629551841161,18.366365432739258,18.51629551841161,9558188
2017-11-02,18.441335678100586,18.55378255915785,18.36637061411585,18.403852431188383,9968888
2017-11-03,18.516298294067383,18.516298294067383,18.403849998037106,18.441333239993693,4897131
2017-11-06,18.516298294067383,18.516298294067383,18.403849998037106,18.441333239993693,5576710
2017-11-07,18.516298294067383,18.516298294067383,18.403849998037106,18.441333239993693,4640150
2017-11-08,18.403850555419922,18.516298854855833,18.403850555419922,18.44133379851173,6802558
2017-11-09,18.516298294067383,18.516298294067383,18.403849998037106,18.403849998037106,7292043
2017-11-10,18.441335678100586,18.516300742085317,18.36637061411585,18.478817495173118,6206822
2017-11-13,18.47881507873535,18.516298320745943,18.366368212382536,18.44133326656424,7605332
2017-11-14,18.441335678100586,18.516300742085317,18.441335678100586,18.478817495173118,8301413
2017-11-15,18.291404724121094,18.44133484531996,18.291404724121094,18.40385160010044,12795264
2017-11-16,18.21643829345703,18.291403348418317,18.178956480896137,18.21643829345703,12972395
2017-11-17,18.291404724121094,18.366369784720526,18.253922908741178,18.291404724121094,8238127
2017-11-20,18.25391960144043,18.291401410029277,18.21643636301224,18.21643636301224,9599041
2017-11-21,18.21643829345703,18.32888659081871,18.21643829345703,18.21643829345703,10811315
2017-11-22,18.441335678100586,18.441335678100586,18.253923733058585,18.32888879704332,14836774
2017-11-23,18.47881507873535,18.47881507873535,18.366368212382536,18.44133326656424,5833665
2017-11-24,18.291404724121094,18.478816660699874,18.291404724121094,18.44133484531996,6640760
2017-11-27,18.291404724121094,18.366369784720526,18.291404724121094,18.291404724121094,6258861
2017-11-28,18.25391960144043,18.328884648457468,18.21643636301224,18.291401410029277,6953419
2017-11-29,18.328886032104492,18.36636784352284,18.216437738170548,18.253920979428347,11645881
2017-11-30,18.366365432739258,18.366365432739258,18.216435347066906,18.328883626240803,25843785
2017-12-01,18.328886032104492,18.403849654941187,18.253920979428347,18.328886032104492,10946837
2017-12-04,18.516298294067383,18.516298294067383,18.2539213197292,18.29140313184631,12438720
2017-12-05,18.47881507873535,18.516298320745943,18.366368212382536,18.366368212382536,11434412
2017-12-06,18.366365432739258,18.441330475575434,18.216435347066906,18.441330475575434,16415194
2017-12-07,18.328886032104492,18.403849654941187,18.291402790846693,18.328886032104492,10239578
2017-12-08,18.291404724121094,18.328887969340613,18.253922908741178,18.253922908741178,9881089
2017-12-11,18.25391960144043,18.291401410029277,18.21643636301224,18.21643636301224,9895328
2017-12-12,18.21643829345703,18.253921535857422,18.178956480896137,18.21643829345703,13300069
2017-12-13,18.21643829345703,18.21643829345703,18.10399142593485,18.178956480896137,14150140
2017-12-14,18.178956985473633,18.253922042515658,18.178956985473633,18.178956985473633,16095427
2017-12-15,18.178956985473633,18.21643879907488,18.14147517187239,18.178956985473633,23660518
2017-12-18,18.178956985473633,18.21643879907488,18.14147517187239,18.21643879907488,7698239
2017-12-19,18.103986740112305,18.25391681122874,18.103986740112305,18.21643357853007,14685920
2017-12-20,18.1414737701416,18.216437391551903,18.103990529597027,18.103990529597027,10260308
2017-12-21,18.178956985473633,18.253922042515658,18.14147517187239,18.14147517187239,8032489
2017-12-22,18.328886032104492,18.328886032104492,18.1789559267522,18.216437738170548,10261101
2017-12-25,18.25391960144043,18.291401410029277,18.21643636301224,18.21643636301224,3904333
2017-12-26,18.291404724121094,18.366369784720526,18.253922908741178,18.291404724121094,8670995
2017-12-27,18.403850555419922,18.44133379851173,18.253921872571247,18.253921872571247,16900314
2017-12-28,18.516298294067383,18.516298294067383,18.403849998037106,18.441333239993693,12069922
2017-12-29,18.55377960205078,18.55377960205078,18.44133273891533,18.51629779095211,11058750
2018-01-02,18.516298294067383,18.55378010618449,18.4788150521108,18.55378010618449,8305886
2018-01-03,18.666227340698242,18.666227340698242,18.47881541673573,18.51629865943194,25990159
2018-01-04,18.59126091003418,18.741191010050343,18.59126091003418,18.66622596004226,26619434
2018-01-05,18.703710556030273,18.741192368832134,18.591262257945676,18.591262257945676,24308761
2018-01-08,18.92860221862793,19.041049074552898,18.741190315473197,18.741190315473197,35320360
2018-01-09,18.92860221862793,18.92860221862793,18.778672124168402,18.92860221862793,23066626
2018-01-10,18.966083526611328,19.041048571861985,18.778671628404343,18.778671628404343,25070638
2018-01-11,18.966083526611328,19.003566764156314,18.891119911199983,18.966083526611328,16562682
2018-01-12,19.003570556640625,19.041052371826428,18.966087311615226,18.966087311615226,22910587
2018-01-15,18.8161563873291,19.041050111425537,18.74119133601715,18.966085060113585,14756678
2018-01-16,18.891122817993164,18.891122817993164,18.778674517895006,18.81615776120757,10552218
2018-01-17,18.8536376953125,18.92860274462543,18.81615588557573,18.891120934888658,15670908
2018-01-18,18.8536376953125,18.966084554362197,18.77867264599957,18.8536376953125,17244125
2018-01-19,18.8161563873291,18.8161563873291,18.74119133601715,18.778673146753412,10683523
2018-01-22,18.77867317199707,18.816156412623148,18.666226309797693,18.816156412623148,16438336
2018-01-23,18.741191864013672,18.81615691743762,18.666226810589723,18.778673675805912,8916992
2018-01-24,18.741191864013672,18.741191864013672,18.553779945373538,18.70371005222143,12761259
2018-01-25,18.8161563873291,18.891121438641058,18.628744473968933,18.74119133601715,18229257
2018-01-26,18.8161563873291,18.853638198065365,18.628744473968933,18.8161563873291,14516386
2018-01-29,18.8536376953125,18.8536376953125,18.66622578694987,18.81615588557573,13857634
2018-01-30,18.666227340698242,18.928604320213662,18.666227340698242,18.816157451804056,15492518
2018-01-31,18.666227340698242,18.816157451804056,18.591262285145337,18.666227340698242,14938030
2018-02-01,18.62874412536621,18.81615603521931,18.62874412536621,18.66622593540107,9567757
2018-02-02,18.59126091003418,18.703709199966003,18.59126091003418,18.59126091003418,9433343
2018-02-05,18.366365432739258,18.553777324910065,18.328883626240803,18.51629551841161,19986224
2018-02-06,17.691682815551758,18.0665065979582,17.616717773102618,17.99154155550906,43282064
2018-02-07,17.691682815551758,17.99154155550906,17.691682815551758,17.954059749204117,29762627
2018-02-08,17.80413055419922,17.954060646591365,17.691683699824775,17.879095600395292,16986645
2018-02-09,17.80413055419922,17.80413055419922,17.504271799254255,17.616718653628702,25836398
2018-02-12,17.729167938232422,17.841614808020545,17.729167938232422,17.766651181388145,18390119
2018-02-21,18.366365432739258,18.366365432739258,17.841611562725287,17.99154164839764,29489016
2018-02-22,18.21643829345703,18.21643829345703,17.99154455841267,18.21643829345703,23506854
2018-02-23,18.366365432739258,18.403847239237713,18.17895354056845,18.216435347066906,24951170
2018-02-26,18.1414737701416,18.441332545301087,18.1414737701416,18.36636749405136,13138559
2018-02-27,18.066509246826172,18.366368030748042,18.066509246826172,18.32888621894761,20438627
2018-03-01,18.291404724121094,18.366369784720526,17.991545911562966,18.02902772694288,25194618
2018-03-02,17.95406150817871,18.10399017792637,17.916578268362247,18.029025128132844,24193500
2018-03-05,17.691682815551758,17.91657651305992,17.616717773102618,17.91657651305992,31262182
2018-03-06,17.766647338867188,17.879094184335617,17.691682298608495,17.841610949286665,10217906
2018-03-07,17.616722106933594,17.804134044241398,17.616722106933594,17.76665222871568,21375900
2018-03-08,17.616722106933594,17.76665222871568,17.579240291407878,17.654203922459313,17846863
2018-03-09,17.691682815551758,17.7291646218567,17.616717773102618,17.616717773102618,14120354
2018-03-12,17.766647338867188,17.841610949286665,17.691682298608495,17.804129144076924,14223731
2018-03-13,17.87909698486328,17.91657879594406,17.729166880861296,17.87909698486328,24457365
2018-03-14,17.87909698486328,17.91657879594406,17.80413193286229,17.91657879594406,10458025
2018-03-15,17.80413055419922,17.916577408573666,17.80413055419922,17.879095600395292,10181685
2018-03-16,17.766647338867188,17.916575989545358,17.766647338867188,17.841610949286665,34241985
2018-03-19,17.91657829284668,17.91657829284668,17.766649622894132,17.766649622894132,7397994
2018-03-20,17.80413055419922,17.879095600395292,17.76664874602085,17.841612362377592,11190178
2018-03-21,17.80413055419922,17.879095600395292,17.80413055419922,17.841612362377592,9817148
2018-03-22,17.87909698486328,17.91657879594406,17.80413193286229,17.841613743943068,10936647
2018-03-23,17.616722106933594,17.729168983350355,17.579240291407878,17.729168983350355,21586642
2018-03-26,17.579240798950195,17.579240798950195,17.466792489447254,17.541757552502663,13701322
2018-03-27,17.654203414916992,17.69168665920471,17.616721600468843,17.616721600468843,10481252
2018-03-28,17.54175567626953,17.65420254390572,17.54175567626953,17.65420254390572,7084591
2018-03-29,17.391828536987305,17.579240476265877,17.391828536987305,17.541757230506388,19957874
2018-03-30,17.616722106933594,17.654203922459313,17.466791985151506,17.504275230516836,11548942
2018-04-02,17.616722106933594,17.729168983350355,17.579240291407878,17.616722106933594,8901255
2018-04-03,17.5042724609375,17.65420112915781,17.5042724609375,17.579237509967346,14009186
2018-04-09,17.84161376953125,17.84161376953125,17.57923823191064,17.69168509515368,19119678
2018-04-10,17.80413055419922,17.80413055419922,17.654200461807072,17.691683699824775,18088318
2018-04-11,17.691682815551758,17.84161147061078,17.65419957940756,17.80412966430584,13740006
2018-04-12,17.691682815551758,17.691682815551758,17.54175273065348,17.691682815551758,12251582
2018-04-13,17.579240798950195,17.691687678613487,17.579240798950195,17.691687678613487,7976091
2018-04-16,17.579240798950195,17.691687678613487,17.541757552502663,17.616722615558075,5931955
2018-04-17,17.46678924560547,17.61671934387205,17.429307435958517,17.579237534225097,12513259
2018-04-18,17.54175567626953,17.579238918707926,17.466790621232242,17.466790621232242,8963785
2018-04-19,17.766647338867188,17.766647338867188,17.541752218091105,17.541752218091105,13469784
2018-04-20,17.729167938232422,17.804132994704347,17.654202881760497,17.766651181388145,11241679
2018-04-23,17.691682815551758,17.691682815551758,17.50427092434854,17.616717773102618,10969108
2018-04-24,17.46678924560547,17.69168439300534,17.46678924560547,17.61671934387205,12010257
2018-04-25,17.54175567626953,17.54175567626953,17.429308808633348,17.466790621232242,13132137
2018-04-26,17.5042724609375,17.579237509967346,17.429307411907654,17.54175427053273,11424341
2018-04-27,17.54175567626953,17.579238918707926,17.429308808633348,17.504273863670637,11673573
2018-04-30,17.616722106933594,17.616722106933594,17.466791985151506,17.54175704604255,13608637
2018-05-02,17.729167938232422,17.99154492096439,17.691686124916224,17.691686124916224,17805055
2018-05-03,17.429309844970703,17.654203593615136,17.429309844970703,17.616721778787593,14031200
2018-05-04,17.429309844970703,17.504274904465376,17.39182803014316,17.429309844970703,10702921
2018-05-07,17.429309844970703,17.504274904465376,17.39182803014316,17.466791659798247,7354779
2018-05-08,17.54175567626953,17.54175567626953,17.39182699603445,17.429308808633348,7965063
2018-05-09,17.579240798950195,17.616722615558075,17.42931067283937,17.541757552502663,7171480
2018-05-10,17.579240798950195,17.616722615558075,17.504275735894783,17.579240798950195,9925427
2018-05-11,17.654203414916992,17.654203414916992,17.541756541732976,17.616721600468843,7657983
2018-05-14,17.616722106933594,17.69168716782464,17.616722106933594,17.654203922459313,8153353
2018-05-15,17.5042724609375,17.616719319562577,17.466789221502886,17.54175427053273,8962211
2018-05-16,17.616722106933594,17.654203922459313,17.504275230516836,17.54175704604255,7551768
2018-05-17,17.5042724609375,17.65420112915781,17.5042724609375,17.616719319562577,7803711
2018-05-18,17.54175567626953,17.579238918707926,17.504273863670637,17.504273863670637,4987428
2018-05-21,17.54175567626953,17.65420254390572,17.54175567626953,17.54175567626953,7056113
2018-05-22,17.46678924560547,17.579237534225097,17.46678924560547,17.54175429473876,8956787
2018-05-23,17.391828536987305,17.579240476265877,17.391828536987305,17.579240476265877,12801148
2018-05-24,17.429309844970703,17.504274904465376,17.429309844970703,17.466791659798247,8348394
2018-05-25,17.5042724609375,17.5042724609375,17.429307411907654,17.429307411907654,7215569
2018-05-28,17.54175567626953,17.579238918707926,17.504273863670637,17.54175567626953,9633771
2018-05-29,17.54175567626953,17.54175567626953,17.504273863670637,17.54175567626953,9473067
2018-05-30,17.391828536987305,17.504275414586523,17.391828536987305,17.466792168827034,21958794
2018-05-31,17.691682815551758,17.691682815551758,17.39182407559446,17.4293058818994,44520664
2018-06-01,17.80413055419922,17.841612362377592,17.616718653628702,17.691683699824775,23059659
2018-06-04,18.1414737701416,18.1414737701416,17.80413175443754,17.80413175443754,37769494
2018-06-05,18.21643829345703,18.253921535857422,18.10399142593485,18.141474668335242,24558357
2018-06-06,18.178956985473633,18.21643879907488,18.103991928431608,18.178956985473633,14086395
2018-06-07,18.291404724121094,18.291404724121094,18.14147603276183,18.291404724121094,19842751
2018-06-08,18.291404724121094,18.291404724121094,18.103992787542314,18.14147603276183,12039235
2018-06-11,18.066509246826172,18.29140297730771,17.991544193385835,18.21643792386737,10361945
2018-06-12,18.103986740112305,18.141469972810977,17.95405809883499,17.991539901694537,13903846
2018-06-13,18.02902603149414,18.06650927318874,17.991544219639014,18.02902603149414,10150093
2018-06-14,17.766647338867188,17.95405922459431,17.691682298608495,17.916575989545358,18303968
2018-06-15,17.729167938232422,17.841614808020545,17.691686124916224,17.766651181388145,29040578
2018-06-19,17.54175567626953,17.691685786344113,17.54175567626953,17.54175567626953,20906293
2018-06-20,17.84161376953125,17.95406206261373,17.616720043045174,17.72916690628821,14479866
2018-06-21,17.729167938232422,17.91657986449247,17.691686124916224,17.841614808020545,9539034
2018-06-22,17.766647338867188,17.804129144076924,17.691682298608495,17.691682298608495,10793088
2018-06-25,17.54175567626953,17.691685786344113,17.54175567626953,17.616720731306824,13692936
2018-06-26,17.54175567626953,17.616720731306824,17.54175567626953,17.54175567626953,7312593
2018-06-27,17.429309844970703,17.57923996396005,17.429309844970703,17.54175671929292,17121899
2018-06-28,17.429309844970703,17.54175671929292,17.39182803014316,17.429309844970703,12796523
2018-06-29,17.766647338867188,17.766647338867188,17.391823567412935,17.429305372622675,13519177
2018-07-02,17.429309844970703,17.654203593615136,17.429309844970703,17.57923996396005,12285605
2018-07-03,17.429309844970703,17.57923996396005,17.429309844970703,17.429309844970703,11930043
2018-07-04,17.616722106933594,17.654203922459313,17.42931016962579,17.466791985151506,7707905
2018-07-05,17.579240798950195,17.654204432165955,17.504275735894783,17.654204432165955,5933398
2018-07-06,17.616722106933594,17.616722106933594,17.466791985151506,17.504275230516836,10886784
2018-07-09,17.691682815551758,17.691682815551758,17.54175273065348,17.65419957940756,7353866
2018-07-10,17.729167938232422,17.766651181388145,17.654202881760497,17.766651181388145,5197321
2018-07-11,17.766647338867188,17.766647338867188,17.65419906355954,17.65419906355954,5866511
2018-07-12,17.84161376953125,17.879097010505223,17.69168509515368,17.766650147262183,11185103
2018-07-13,17.91657829284668,17.91657829284668,17.804131432922418,17.841613242950704,7224897
2018-07-16,17.91657829284668,17.991543342742652,17.91657829284668,17.91657829284668,7184280
2018-07-17,17.99154281616211,17.99154281616211,17.879095959528968,17.91657776846023,9687586
2018-07-18,18.066509246826172,18.066509246826172,17.954062381585402,17.991544193385835,13896958
2018-07-19,18.1414737701416,18.178955580846754,18.0290254783473,18.0290254783473,11789572
2018-07-20,18.178956985473633,18.21643879907488,18.066510114830365,18.14147517187239,12417275
2018-07-23,18.178956985473633,18.178956985473633,18.103991928431608,18.14147517187239,12507144
2018-07-24,18.55377960205078,18.628744654087562,18.17895577170632,18.17895577170632,41991055
2018-07-25,18.59126091003418,18.66622596004226,18.55377909994984,18.55377909994984,39510253
2018-07-26,19.15863609313965,19.19749831402406,18.653439081179467,18.69229981962173,55162198
2018-07-27,19.15863609313965,19.27521979090859,19.08091313381297,19.119775354697385,25141908
2018-07-30,19.27522087097168,19.27522087097168,19.119776426050336,19.158637166670115,23919059
2018-07-31,19.4306697845459,19.4306697845459,19.275223833292547,19.314086062327114,21879727
2018-08-01,19.39180564880371,19.43066638860404,19.275220464518327,19.43066638860404,16482590
2018-08-02,19.15863609313965,19.352942750235268,19.119775354697385,19.314082011793,17222136
2018-08-03,19.236360549926758,19.27522129139415,19.158637584549712,19.158637584549712,8499936
2018-08-06,19.35294532775879,19.39180755381907,19.1975008708447,19.1975008708447,12024140
2018-08-07,19.35294532775879,19.35294532775879,19.1975008708447,19.275222358080573,12581274
2018-08-08,19.39180564880371,19.39180564880371,19.314082686760855,19.352943426561183,15337278
2018-08-09,19.314085006713867,19.352945751182038,19.275222779803318,19.352945751182038,10924475
2018-08-10,19.080915451049805,19.19750064541931,19.04205470788819,19.19750064541931,10277498
2018-08-13,18.92546844482422,19.11977509932459,18.92546844482422,19.080912878959236,13353784
2018-08-14,19.39180564880371,19.43066638860404,18.9643300987891,18.9643300987891,27905603
2018-08-15,19.236360549926758,19.469527963615633,19.236360549926758,19.39180648068085,41398044
2018-08-16,19.35294532775879,19.430668297437006,19.15863864478442,19.236361614462638,20453170
2018-08-17,19.15863609313965,19.39180497111968,19.15863609313965,19.352942750235268,12267851
2018-08-20,19.39180564880371,19.39180564880371,19.197498984917672,19.236359724718,15522277
2018-08-21,19.4306697845459,19.4306697845459,19.314086062327114,19.391809037953788,20812712
2018-08-22,19.663835525512695,19.780420720074204,19.430668101274335,19.430668101274335,36361063
2018-08-23,19.81928062438965,19.81928062438965,19.663834693182235,19.663834693182235,20885487
2018-08-24,19.624975204467773,19.819281889660523,19.624975204467773,19.78042114559892,11297483
2018-08-27,19.663835525512695,19.663835525512695,19.46952884449995,19.624974782287076,10628507
2018-08-28,19.81928062438965,19.81928062438965,19.624973951601515,19.702696917205223,17629128
2018-08-29,19.78042221069336,19.78042221069336,19.663837007346185,19.74155998209682,16640912
2018-08-30,19.624975204467773,19.78042114559892,19.58611446040617,19.78042114559892,13708354
2018-08-31,19.547252655029297,19.624975627269336,19.430668937890434,19.624975627269336,20196926
2018-09-03,19.314085006713867,19.508391693939476,19.158639063956432,19.469529467028927,16244056
2018-09-04,19.39180564880371,19.43066638860404,19.275220464518327,19.314082686760855,8621009
2018-09-05,19.15863609313965,19.314082011793,19.15863609313965,19.27521979090859,15745894
2018-09-06,19.27522087097168,19.430666798335253,19.080914202988325,19.119776426050336,15158817
2018-09-07,19.197498321533203,19.314082019347747,19.08091314127651,19.15863610063359,14661730
2018-09-10,19.11977767944336,19.27522213455483,19.003193967499172,19.236361391387543,12653470
2018-09-11,19.080915451049805,19.236361388580924,18.886608770357068,19.11977767665375,18550418
2018-09-12,18.886608123779297,19.04205405598877,18.886608123779297,19.00319331415754,16518189
2018-09-13,19.003192901611328,19.11977660701634,18.88660771376407,18.88660771376407,17778841
2018-09-14,19.003192901611328,19.11977660701634,19.003192901611328,19.04205364259892,9957814
2018-09-17,19.042051315307617,19.119774270225857,18.92546762415129,19.00319057906953,9316764
2018-09-18,19.4306697845459,19.469530531138005,19.080917135447088,19.119779364481655,20873190
2018-09-19,19.50838851928711,19.50838851928711,19.23635890495089,19.430665560556456,14769599
2018-09-20,19.4306697845459,19.547253506764683,19.352946808919224,19.508392760172573,13061920
2018-09-21,19.624975204467773,19.624975204467773,19.46952926333663,19.46952926333663,24692359
2018-09-25,19.702693939208984,19.780416893065127,19.5472480314967,19.58611024964579,19996086
2018-09-26,19.78042221069336,19.858143703001552,19.702699235942724,19.78042221069336,20205771
2018-09-27,19.78042221069336,19.819282956847456,19.663837007346185,19.74155998209682,15751535
2018-09-28,19.81928062438965,19.81928062438965,19.54725098599781,19.741557658785943,30119887
2018-10-01,19.81928062438965,19.85814136597037,19.78041988280893,19.81928062438965,18356123
2018-10-02,19.58611488342285,19.819282317713107,19.469529683835333,19.819282317713107,17393413
2018-10-03,19.78042221069336,19.819282956847456,19.547253286441453,19.586115515037992,18056066
2018-10-04,19.741558074951172,19.741558074951172,19.469528430824766,19.624974365309082,14457266
2018-10-05,19.50838851928711,19.66383295430628,19.275219643095152,19.66383295430628,20297998
2018-10-08,19.624975204467773,19.702698175033348,19.46952926333663,19.508391489840598,14321056
2018-10-09,19.702693939208984,19.819277628772177,19.5472480314967,19.663831721059893,27206894
2018-10-11,18.808887481689453,19.547251986615652,18.497995603360163,19.430668273463343,62054869
2018-10-12,19.042051315307617,19.042051315307617,18.69229875939657,18.80888393299496,27918321
2018-10-15,18.692302703857422,18.847748646496196,18.653441959418917,18.80888790205769,22290849
2018-10-16,19.003192901611328,19.003192901611328,18.692301043941633,18.731163267371468,22796090
2018-10-17,18.770023345947266,19.042052970586948,18.731162606331107,19.00319223097079,12219140
2018-10-18,18.847749710083008,19.003195661493667,18.770026734377677,18.770026734377677,11411212
2018-10-19,18.886608123779297,19.00319331415754,18.692301449738597,18.7311636740121,14498046
2018-10-22,18.770023345947266,18.88660704723793,18.69230038427276,18.731162606331107,9006865
2018-10-23,18.770023345947266,18.808885568005618,18.6534396446566,18.69230038427276,13450266
2018-10-24,18.420272827148438,18.731163201278918,18.22596615801161,18.69230097798621,30007259
2018-10-25,18.459136962890625,18.65344366776316,18.187107279580577,18.264830258018094,18464295
2018-10-26,18.381410598754883,18.61457949111972,18.264826893793586,18.497994303716183,14399845
2018-10-29,18.459136962890625,18.49799771088813,18.342553236455608,18.49799771088813,8609511
2018-10-30,18.770023345947266,18.808885568005618,18.536855943365936,18.614578905040442,19180873
2018-10-31,18.964330673217773,18.964330673217773,18.575717333674614,18.692301039049113,22258336
2018-11-01,18.692302703857422,18.80888790205769,18.61458121498041,18.61458121498041,13434068
2018-11-02,18.770023345947266,18.847746307621776,18.497993721307587,18.847746307621776,18396527
2018-11-05,18.92546844482422,18.92546844482422,18.575715873746706,18.731161790323853,15543619
2018-11-06,18.92546844482422,18.92546844482422,18.731161790323853,18.92546844482422,14106871
2018-11-07,19.042051315307617,19.080912051545706,18.80888393299496,18.847744669233048,18091163
2018-11-08,19.197498321533203,19.197498321533203,19.042052402819046,19.119775362176124,15031712
2018-11-09,18.847749710083008,19.11977938383043,18.808888963451572,19.11977938383043,8147304
2018-11-12,18.847749710083008,18.96433343241977,18.731165987746245,18.808888963451572,10799892
2018-11-13,18.847749710083008,18.847749710083008,18.614582265409478,18.653443012040913,15378042
2018-11-14,18.731163024902344,18.886607469282765,18.61457932100647,18.80888598831367,18046207
2018-11-15,18.731163024902344,18.847746728798217,18.575717098079696,18.847746728798217,14502386
2018-11-16,19.003192901611328,19.003192901611328,18.80888623178889,18.88660771376407,13694582
2018-11-19,19.042051315307617,19.119774270225857,19.00319057906953,19.042051315307617,12904897
2018-11-20,18.847749710083008,19.0420564081251,18.847749710083008,19.0420564081251,6576876
2018-11-21,18.692302703857422,18.77002567517681,18.653441959418917,18.77002567517681,12023598
2018-11-22,18.692302703857422,18.77002567517681,18.653441959418917,18.731164930738306,7693316
2018-11-23,18.536855697631836,18.692300136478007,18.536855697631836,18.653439397377007,12076312
2018-11-26,18.614582061767578,18.92547247874532,18.459136112057486,18.614582061767578,20446308
2018-11-27,18.381410598754883,18.61457949111972,18.342549857915195,18.575717267837792,25179079
2018-11-28,18.536855697631836,18.536855697631836,18.30368681569932,18.420271997886665,22707447
2018-11-29,18.536855697631836,18.653439397377007,18.536855697631836,18.653439397377007,15061290
2018-11-30,18.653440475463867,18.808886405736303,18.57571751032765,18.653440475463867,30984882
2018-12-03,18.847749710083008,18.847749710083008,18.731165987746245,18.770026734377677,9656321
2018-12-04,19.003192901611328,19.003192901611328,18.653440302954042,18.80888623178889,24744924
2018-12-05,18.847749710083008,18.886610456714443,18.731165987746245,18.886610456714443,11098979
2018-12-06,18.614582061767578,18.964333224951623,18.614582061767578,18.964333224951623,14672890
2018-12-07,18.57571792602539,18.73116385977648,18.57571792602539,18.614580150684308,10113480
2018-12-10,18.497997283935547,18.61458249012217,18.45913653683499,18.497997283935547,7150297
2018-12-11,18.614582061767578,18.614582061767578,18.497996858263786,18.497996858263786,9301489
2018-12-12,18.92546844482422,18.92546844482422,18.536855135823483,18.6922995699585,17264761
2018-12-13,18.886608123779297,19.04205405598877,18.77002441584333,19.04205405598877,19092468
2018-12-14,18.770023345947266,18.770023345947266,18.614578905040442,18.731162606331107,10735659
2018-12-17,18.692302703857422,18.847748646496196,18.653441959418917,18.847748646496196,7401761
2018-12-18,18.692302703857422,18.77002567517681,18.653441959418917,18.692302703857422,10497848
2018-12-19,18.886608123779297,18.886608123779297,18.653440707907365,18.7311636740121,15335978
2018-12-20,18.886608123779297,18.886608123779297,18.692301449738597,18.692301449738597,9145214
2018-12-21,18.808887481689453,18.88660896882943,18.73116451210713,18.73116451210713,15665523
2018-12-24,18.770023345947266,18.770023345947266,18.6534396446566,18.69230038427276,5685335
2018-12-25,18.497997283935547,18.61458249012217,18.420275789734433,18.45913653683499,15192573
2018-12-26,18.497997283935547,18.61458249012217,18.45913653683499,18.497997283935547,4566131
2018-12-27,18.614582061767578,18.69230355418018,18.536859086912532,18.536859086912532,13389463
2018-12-28,18.847749710083008,18.847749710083008,18.53685928970415,18.614582265409478,13433481
2019-01-02,18.653440475463867,18.808886405736303,18.57571751032765,18.808886405736303,9090984
2019-01-03,18.770023345947266,18.808885568005618,18.614578905040442,18.808885568005618,8798772
2019-01-04,18.808887481689453,18.808887481689453,18.61458079895482,18.65344154252481,11686747
2019-01-07,19.003192901611328,19.003192901611328,18.84774697277648,18.925469937193903,17477964
2019-01-08,19.042051315307617,19.042051315307617,18.964328360389377,19.042051315307617,12112001
2019-01-09,19.39180564880371,19.39180564880371,19.042053060831957,19.08091380063229,30692140
2019-01-10,19.35294532775879,19.39180755381907,19.15863864478442,19.275222358080573,17399676
2019-01-11,19.35294532775879,19.430668297437006,19.275222358080573,19.35294532775879,15037926
2019-01-14,19.35294532775879,19.39180755381907,19.236361614462638,19.35294532775879,11155735
2019-01-15,19.4306697845459,19.4306697845459,19.314086062327114,19.391809037953788,21592974
2019-01-16,19.39180564880371,19.43066638860404,19.236359724718,19.43066638860404,9001230
2019-01-17,19.4306697845459,19.4306697845459,19.23636308670044,19.391809037953788,11141697
2019-01-18,19.4306697845459,19.4306697845459,19.352946808919224,19.4306697845459,14132947
2019-01-21,19.46953010559082,19.50839233377597,19.352946385920216,19.430669359848093,15418090
2019-01-22,19.46953010559082,19.46953010559082,19.39180861410537,19.430669359848093,11401106
2019-01-23,19.46953010559082,19.50839233377597,19.430669359848093,19.46953010559082,9863832
2019-01-24,19.50838851928711,19.50838851928711,19.391804822412197,19.391804822412197,12012452
2019-01-25,19.702693939208984,19.741554674916035,19.50838729578965,19.5472480314967,24050251
2019-01-28,19.702693939208984,19.702693939208984,19.624970985352842,19.702693939208984,12035746
2019-01-29,19.702693939208984,19.702693939208984,19.469525077640558,19.58611024964579,12861505
2019-01-30,19.78042221069336,19.78042221069336,19.702699235942724,19.74155998209682,23076576
2019-02-11,19.624975204467773,19.819281889660523,19.624975204467773,19.819281889660523,21942331
2019-02-12,19.78042221069336,19.78042221069336,19.62497626119209,19.702699235942724,17651168
2019-02-13,19.81928062438965,19.81928062438965,19.741557658785943,19.81928062438965,15016250
2019-02-14,19.58611488342285,19.819282317713107,19.58611488342285,19.624975628323764,14794447
2019-02-15,19.58611488342285,19.70269860056798,19.547252656079547,19.58611488342285,11210043
2019-02-18,19.547252655029297,19.70269859950938,19.508391910130474,19.624975627269336,7415642
2019-02-19,19.4306697845459,19.547253506764683,19.391809037953788,19.508392760172573,9531517
2019-02-20,19.58611488342285,19.58611488342285,19.43066893893442,19.469529683835333,13209657
2019-02-21,19.624975204467773,19.624975204467773,19.46952926333663,19.547252233902203,11326770
2019-02-22,19.624975204467773,19.624975204467773,19.508391489840598,19.58611446040617,9850645
2019-02-25,19.663835525512695,19.74155849440626,19.547251813393515,19.74155849440626,12488120
2019-02-26,19.81928062438965,19.81928062438965,19.586113210020795,19.663834693182235,19625224
2019-02-27,19.81928062438965,19.81928062438965,19.702696917205223,19.81928062438965,18464364
2019-03-04,19.702693939208984,19.819277628772177,19.58611024964579,19.741554674916035,21278463
2019-03-05,19.741558074951172,19.741558074951172,19.586113622909153,19.624974365309082,17636678
2019-03-06,19.547252655029297,19.70269859950938,19.469529682789258,19.70269859950938,20853866
2019-03-07,19.39180564880371,19.586112312689753,19.275220464518327,19.508389350646897,20514563
2019-03-08,19.236360549926758,19.352944256771195,19.236360549926758,19.314083515303803,12279407
2019-03-11,19.197498321533203,19.314082019347747,19.197498321533203,19.23635905999067,10418186
2019-03-12,19.50838851928711,19.50838851928711,19.314081863681544,19.352942601825802,11229932
2019-03-13,19.4306697845459,19.469530531138005,19.275223833292547,19.469530531138005,10271064
2019-03-14,19.236360549926758,19.352944256771195,19.236360549926758,19.27522129139415,11966156
2019-03-15,19.46953010559082,19.46953010559082,19.23636266624961,19.23636266624961,18925414
2019-03-18,19.46953010559082,19.46953010559082,19.31408564017749,19.31408564017749,6905958
2019-03-19,19.314085006713867,19.469529467028927,19.314085006713867,19.430668722560757,7753335
2019-03-20,19.46953010559082,19.46953010559082,19.31408564017749,19.31408564017749,8528594
2019-03-21,19.4306697845459,19.469530531138005,19.391809037953788,19.469530531138005,6908687
2019-03-22,19.4306697845459,19.508392760172573,19.391809037953788,19.4306697845459,7955294
2019-03-25,19.314085006713867,19.430668722560757,19.275222779803318,19.275222779803318,6529353
2019-03-26,19.4306697845459,19.4306697845459,19.352946808919224,19.352946808919224,6937761
2019-03-27,19.46953010559082,19.46953010559082,19.430669359848093,19.430669359848093,6438966
2019-03-28,19.4306697845459,19.469530531138005,19.352946808919224,19.4306697845459,9464921
2019-03-29,19.663835525512695,19.663835525512695,19.35294513238077,19.430668101274335,15313412
2019-04-01,19.4306697845459,19.624976482391357,19.4306697845459,19.624976482391357,13441842
2019-04-02,19.35294532775879,19.469529041054944,19.35294532775879,19.430668297437006,14208067
2019-04-03,19.4306697845459,19.508392760172573,19.391809037953788,19.4306697845459,7325060
2019-04-08,19.50838851928711,19.50838851928711,19.430665560556456,19.430665560556456,9137934
2019-04-09,19.50838851928711,19.586111478017763,19.430665560556456,19.469526298700714,10204179
2019-04-10,19.624975204467773,19.624975204467773,19.430668519275024,19.430668519275024,13291458
2019-04-11,19.46953010559082,19.58611530770385,19.46953010559082,19.58611530770385,7306358
2019-04-12,19.58611488342285,19.58611488342285,19.469529683835333,19.58611488342285,8132079
2019-04-15,19.46953010559082,19.58611530770385,19.46953010559082,19.58611530770385,7126967
2019-04-16,19.58611488342285,19.58611488342285,19.469529683835333,19.547252656079547,10237134
2019-04-17,19.624975204467773,19.624975204467773,19.508391489840598,19.547252233902203,8426283
2019-04-18,19.50838851928711,19.547249257431368,19.430665560556456,19.469526298700714,7833384
2019-04-19,19.58611488342285,19.58611488342285,19.469529683835333,19.508391911178638,3999385
2019-04-22,19.50838851928711,19.547249257431368,19.469526298700714,19.547249257431368,3068957
2019-04-23,19.547252655029297,19.547252655029297,19.469529682789258,19.469529682789258,5406013
2019-04-24,19.50838851928711,19.50838851928711,19.430665560556456,19.50838851928711,5783700
2019-04-25,19.4306697845459,19.508392760172573,19.4306697845459,19.508392760172573,6795483
2019-04-26,19.50838851928711,19.50838851928711,19.430665560556456,19.430665560556456,6713917
2019-04-29,19.50838851928711,19.50838851928711,19.430665560556456,19.50838851928711,8357769
2019-04-30,19.39180564880371,19.46952712840437,19.352943426561183,19.46952712840437,17558136
2019-05-02,19.35294532775879,19.469529041054944,19.35294532775879,19.39180755381907,9117479
2019-05-03,19.50838851928711,19.50838851928711,19.391804822412197,19.391804822412197,8451368
2019-05-06,19.4306697845459,19.469530531138005,19.275223833292547,19.4306697845459,14546858
2019-05-07,19.50838851928711,19.50838851928711,19.391804822412197,19.430665560556456,12469170
2019-05-08,19.46953010559082,19.46953010559082,19.352946385920216,19.430669359848093,11887079
2019-05-09,19.197498321533203,19.391804978704826,19.197498321533203,19.352942757805213,18581855
2019-05-10,19.080915451049805,19.27522213174254,19.080915451049805,19.19750064541931,13405978
2019-05-13,19.003192901611328,19.158637348003932,18.964330678181494,19.080914383586506,14816320
2019-05-14,18.731163024902344,18.886607469282765,18.731163024902344,18.886607469282765,34992994
2019-05-15,18.653440475463867,18.808886405736303,18.653440475463867,18.731163440600085,23316153
2019-05-16,18.653440475463867,18.847747147083282,18.57571751032765,18.653440475463867,21472452
2019-05-17,18.653440475463867,18.808886405736303,18.653440475463867,18.692301216810847,17503738
2019-05-20,18.808887481689453,18.964331938411753,18.73116451210713,18.77002525567712,11420781
2019-05-21,19.15863609313965,19.19749831402406,18.88660647671735,18.925468697601765,20862115
2019-05-22,19.003192901611328,19.003192901611328,18.770024008359055,18.88660771376407,13421435
2019-05-23,19.003192901611328,19.003192901611328,18.80888623178889,19.003192901611328,10874568
2019-05-24,18.964330673217773,19.080914378592272,18.886607708820694,19.080914378592272,8087568
2019-05-27,18.886608123779297,18.886608123779297,18.80888664011684,18.886608123779297,11718047
2019-05-28,18.886608123779297,19.04205405598877,18.847747381948068,18.886608123779297,107662939
2019-05-29,18.731163024902344,18.886607469282765,18.731163024902344,18.886607469282765,17136250
2019-05-30,18.731163024902344,18.80888598831367,18.69230080197557,18.731163024902344,16528289
2019-05-31,18.886608123779297,18.886608123779297,18.692301449738597,18.692301449738597,11070314
2019-06-03,18.770023345947266,18.88660704723793,18.6534396446566,18.808885568005618,10213351
2019-06-04,18.808887481689453,18.808887481689453,18.692302286094797,18.77002525567712,13451836
2019-06-05,18.808887481689453,18.925471194841762,18.808887481689453,18.808887481689453,13401487
2019-06-06,18.92546844482422,18.92546844482422,18.770022528247075,18.808884748612424,10872021
2019-06-10,19.042051315307617,19.042051315307617,18.886605405471137,18.964328360389377,9172717
2019-06-11,18.964330673217773,19.042053637614856,18.925469932240354,19.042053637614856,8238847
2019-06-12,19.080915451049805,19.080915451049805,18.925470995961014,18.925470995961014,9911658
2019-06-13,19.003192901611328,19.080914383586506,18.964330678181494,19.003192901611328,11120959
2019-06-14,19.042051315307617,19.158635006463946,19.00319057906953,19.00319057906953,12612048
2019-06-17,19.080915451049805,19.080915451049805,18.96433173912263,19.04205470788819,10442643
2019-06-18,19.11977767944336,19.11977767944336,19.003193967499172,19.04205471066646,13940181
2019-06-19,19.39180564880371,19.39180564880371,19.119776022874817,19.158636762675144,20541443
2019-06-20,19.27522087097168,19.430666798335253,19.119776426050336,19.391806057715474,20154527
2019-06-21,19.4306697845459,19.4306697845459,19.23636308670044,19.23636308670044,22928607
2019-06-24,19.4306697845459,19.4306697845459,19.19750234010833,19.19750234010833,11968397
2019-06-25,19.4306697845459,19.4306697845459,19.314086062327114,19.314086062327114,11058684
2019-06-26,19.35294532775879,19.430668297437006,19.35294532775879,19.35294532775879,8333114
2019-06-27,19.35294532775879,19.469529041054944,19.35294532775879,19.35294532775879,22132229
2019-06-28,19.39180564880371,19.46952712840437,19.352943426561183,19.46952712840437,11189598
2019-07-01,19.314085006713867,19.430668722560757,19.275222779803318,19.275222779803318,7507599
2019-07-02,19.11977767944336,19.314084360164443,19.11977767944336,19.27522213455483,12771920
2019-07-03,19.197498321533203,19.314082019347747,19.08091314127651,19.119775362176124,8566261
2019-07-04,19.15863609313965,19.27521979090859,19.119775354697385,19.119775354697385,6319355
2019-07-05,19.197498321533203,19.275219798448134,19.08091314127651,19.08091314127651,5204774
2019-07-08,19.27522087097168,19.27522087097168,19.119776426050336,19.158637166670115,6696632
2019-07-09,19.15863609313965,19.27521979090859,19.119775354697385,19.236359052466327,9385104
2019-07-10,19.314085006713867,19.352945751182038,19.158639063956432,19.197501290866978,6622824
2019-07-11,19.27522087097168,19.391806057715474,19.27522087097168,19.391806057715474,5005394
2019-07-12,19.27522087097168,19.314083094033688,19.158637166670115,19.158637166670115,6549559
2019-07-15,19.197498321533203,19.352942757805213,19.15863610063359,19.275219798448134,8014559
2019-07-16,19.314085006713867,19.314085006713867,19.158639063956432,19.197501290866978,11463897
2019-07-17,19.314085006713867,19.314085006713867,19.197501290866978,19.197501290866978,7723099
2019-07-18,19.197498321533203,19.314082019347747,19.197498321533203,19.275219798448134,5597128
2019-07-19,19.35294532775879,19.430668297437006,19.275222358080573,19.314084584140854,12062587
2019-07-22,19.35294532775879,19.430668297437006,19.35294532775879,19.35294532775879,10429780
2019-07-23,19.35294532775879,19.430668297437006,19.35294532775879,19.35294532775879,13113425
2019-07-24,19.4306697845459,19.4306697845459,19.352946808919224,19.391809037953788,20031451
2019-07-25,19.511627197265625,19.633068549554775,19.430665781002666,19.430665781002666,28287126
2019-07-26,19.59259033203125,19.59259033203125,19.47114742487954,19.552108848243776,10912806
2019-07-29,19.55211067199707,19.63307210291311,19.51163072864448,19.55211067199707,9175456
2019-07-30,19.511627197265625,19.592588613528584,19.471145717028858,19.471145717028858,8133422
2019-07-31,19.4306697845459,19.55211116185713,19.4306697845459,19.51163121749035,12955788
2019-08-01,19.26874542236328,19.39018833445489,19.26874542236328,19.39018833445489,17995893
2019-08-02,19.147302627563477,19.187784109980793,19.025861268732847,19.147302627563477,21205688
2019-08-05,19.025861740112305,19.106823162742156,18.98538180090273,19.106823162742156,18999664
2019-08-06,19.025861740112305,19.106823162742156,18.782979016433448,18.863938894852602,13220529
2019-08-07,18.863937377929688,19.025860210168542,18.863937377929688,18.944898794049116,19334428
2019-08-08,18.944902420043945,19.025863851659135,18.863940988428755,18.863940988428755,9832121
2019-08-12,18.863937377929688,18.985380274214116,18.82345744197526,18.863937377929688,12111751
2019-08-13,18.82345962524414,18.90442105075401,18.82345962524414,18.8639395658937,11017941
2019-08-14,18.78297996520996,18.944901274438028,18.78297996520996,18.823459906464283,11973101
2019-08-15,18.661537170410156,18.782980083358574,18.661537170410156,18.782980083358574,12368931
2019-08-16,18.70201873779297,18.86394004874659,18.621057310210762,18.621057310210762,17858377
2019-08-19,18.661537170410156,18.782980083358574,18.661537170410156,18.70201865612989,14183855
2019-08-20,18.661537170410156,18.74249859763884,18.661537170410156,18.661537170410156,12949654
2019-08-21,18.661537170410156,18.70201865612989,18.621057228901208,18.661537170410156,11897471
2019-08-22,18.742496490478516,18.742496490478516,18.621055135394155,18.66153507235207,14844145
2019-08-23,18.742496490478516,18.742496490478516,18.621055135394155,18.742496490478516,12828191
2019-08-26,18.580577850341797,18.661537735812598,18.499616420660164,18.621057793077195,18269335
2019-08-27,18.49961280822754,18.621054156930633,18.49961280822754,18.580574222099777,33335793
2019-08-28,18.70201873779297,18.70201873779297,18.459134455046353,18.499615940942853,15090420
2019-08-29,18.580577850341797,18.661537735812598,18.499616420660164,18.621057793077195,14569300
2019-08-30,18.742496490478516,18.742496490478516,18.621055135394155,18.621055135394155,14127578
2019-09-02,18.78297996520996,18.78297996520996,18.66153705302544,18.74249847974486,7503112
2019-09-03,18.621057510375977,18.78298036728096,18.621057510375977,18.78298036728096,10116829
2019-09-04,18.621057510375977,18.74249888094931,18.580577568255134,18.621057510375977,14929857
2019-09-05,18.742496490478516,18.782977971647043,18.621055135394155,18.621055135394155,13890899
2019-09-06,18.742496490478516,18.782977971647043,18.66153507235207,18.742496490478516,9648853
2019-09-10,18.904422760009766,18.904422760009766,18.74249989434967,18.78298138287014,13851246
2019-09-11,19.025861740112305,19.066341679321884,18.904420378272878,18.944900317482453,14531677
2019-09-12,19.025861740112305,19.147303101951735,19.025861740112305,19.066341679321884,11829725
2019-09-16,19.066341400146484,19.10682288297402,18.98538152291277,19.066341400146484,11415555
2019-09-17,18.78297996520996,19.025862701157447,18.78297996520996,19.025862701157447,15376997
2019-09-18,18.78297996520996,18.904421333183702,18.74249847974486,18.74249847974486,13380357
2019-09-19,18.78297996520996,18.863939847718605,18.702018538490538,18.78297996520996,9523513
2019-09-20,18.985382080078125,18.985382080078125,18.702017868812195,18.742497808617017,20587641
2019-09-23,18.742496490478516,18.863937845562877,18.742496490478516,18.782977971647043,12123780
2019-09-24,18.78297996520996,18.78297996520996,18.66153705302544,18.74249847974486,11838697
2019-09-25,18.70201873779297,18.742498679478675,18.661537251896473,18.70201873779297,12747578
2019-09-26,18.70201873779297,18.782980165375175,18.661537251896473,18.70201873779297,8795904
2019-09-27,18.621057510375977,18.74249888094931,18.621057510375977,18.70201893882847,13139740
2019-10-01,18.661537170410156,18.863939966376474,18.580577287392256,18.863939966376474,20467311
2019-10-02,18.580577850341797,18.661537735812598,18.580577850341797,18.621057793077195,8073265
2019-10-03,18.49961280822754,18.540092743058395,18.49961280822754,18.540092743058395,14660517
2019-10-04,18.49961280822754,18.621054156930633,18.49961280822754,18.49961280822754,12311718
2019-10-07,18.580577850341797,18.580577850341797,18.499616420660164,18.499616420660164,7082149
2019-10-08,18.661537170410156,18.74249859763884,18.580577287392256,18.580577287392256,8410629
2019-10-09,18.54009437561035,18.66153573500699,18.54009437561035,18.621055796611667,8395919
2019-10-14,18.742496490478516,18.742496490478516,18.621055135394155,18.742496490478516,10130095
2019-10-15,18.78297996520996,18.78297996520996,18.62105711177112,18.66153705302544,7736888
2019-10-16,18.78297996520996,18.78297996520996,18.66153705302544,18.74249847974486,10424339
2019-10-17,18.82345962524414,18.8639395658937,18.702018259084717,18.782979684594583,13600442
2019-10-18,18.82345962524414,18.8639395658937,18.782979684594583,18.82345962524414,8434892
2019-10-21,18.863937377929688,18.863937377929688,18.742496025855832,18.82345744197526,9349682
2019-10-22,18.944902420043945,18.944902420043945,18.823461044726592,18.863940988428755,11861903
2019-10-23,18.944902420043945,18.944902420043945,18.742499613111402,18.944902420043945,12454418
2019-10-24,19.025861740112305,19.025861740112305,18.863938894852602,18.944900317482453,10405879
2019-10-25,18.985382080078125,18.985382080078125,18.823459232437386,18.985382080078125,7217426
2019-10-28,18.904422760009766,18.985384192839813,18.863941271489296,18.985384192839813,7784941
2019-10-29,18.944902420043945,18.985383907956976,18.863940988428755,18.944902420043945,8971470
2019-10-30,19.025861740112305,19.025861740112305,18.863938894852602,18.944900317482453,11939410
2019-10-31,18.985382080078125,19.066341959687776,18.94490059606258,19.066341959687776,14076433
2019-11-01,19.066341400146484,19.066341400146484,18.94490004008524,18.98538152291277,10732817
2019-11-04,19.10682487487793,19.10682487487793,18.98538350215631,19.025863444993238,12504864
2019-11-05,19.26874542236328,19.26874542236328,19.025862686601613,19.025862686601613,14864183
2019-11-06,19.147302627563477,19.26874398639411,19.10682268935682,19.26874398639411,9285656
2019-11-07,19.228267669677734,19.228267669677734,19.10682628797459,19.14730623380532,8171549
2019-11-08,19.26874542236328,19.30922690779741,19.187785539916575,19.22826548113993,7957865
2019-11-11,19.26874542236328,19.26874542236328,19.066342627824966,19.26874542236328,8746046
2019-11-12,19.26874542236328,19.26874542236328,19.147304054482447,19.26874542236328,5928279
2019-11-13,18.904422760009766,19.14730551428902,18.904422760009766,19.106825569979442,12743915
2019-11-14,18.78297996520996,18.863939847718605,18.78297996520996,18.863939847718605,8608631
2019-11-15,18.78297996520996,19.025862701157447,18.78297996520996,19.025862701157447,8105474
2019-11-18,18.985382080078125,18.985382080078125,18.823459232437386,18.823459232437386,6496579
2019-11-19,19.025861740112305,19.025861740112305,18.823458955643027,18.823458955643027,7041253
2019-11-20,19.025861740112305,19.025861740112305,18.863938894852602,18.904420378272878,7774977
2019-11-21,18.944902420043945,18.944902420043945,18.782981101024433,18.863940988428755,12219180
2019-11-22,18.985382080078125,18.985382080078125,18.823459232437386,18.863939172242212,6804281
2019-11-25,18.985382080078125,19.02586201988295,18.904420656257756,18.985382080078125,10334849
2019-11-26,19.066341400146484,19.147302821590873,18.94490004008524,18.98538152291277,39475716
2019-11-27,19.147302627563477,19.147302627563477,19.066341206939505,19.066341206939505,8159690
2019-11-28,19.18778419494629,19.18778419494629,19.02586135298133,19.10682277396381,10107760
2019-11-29,18.944902420043945,19.10682528327433,18.944902420043945,19.10682528327433,8074593
2019-12-02,18.944902420043945,19.025863851659135,18.863940988428755,18.904422476341782,8046992
2019-12-03,19.066341400146484,19.066341400146484,18.94490004008524,18.98538152291277,6538692
2019-12-04,19.10682487487793,19.10682487487793,18.944902015108546,19.025863444993238,8583516
2019-12-05,18.985382080078125,19.066341959687776,18.94490059606258,18.985382080078125,7577445
2019-12-06,18.944902420043945,18.985383907956976,18.863940988428755,18.944902420043945,8894116
2019-12-09,18.944902420043945,18.944902420043945,18.863940988428755,18.944902420043945,8344709
2019-12-10,18.985382080078125,18.985382080078125,18.904420656257756,18.94490059606258,8294447
2019-12-11,19.025861740112305,19.025861740112305,18.904420378272878,18.944900317482453,9167693
2019-12-12,18.985382080078125,19.10682344370332,18.985382080078125,19.02586201988295,15705566
2019-12-13,19.18778419494629,19.18778419494629,19.066341291367237,19.10682277396381,17566407
2019-12-16,19.025861740112305,19.187784585372007,19.025861740112305,19.187784585372007,131462
2019-12-17,19.26874542236328,19.26874542236328,18.98538274537826,19.025862686601613,15212772
2019-12-18,19.349706649780273,19.349706649780273,19.147303857326065,19.2282652831499,16407687
2019-12-19,19.18778419494629,19.309225554314676,19.18778419494629,19.268744071718103,8079034
2019-12-20,19.147302627563477,19.26874398639411,19.066341206939505,19.147302627563477,24997102
2019-12-23,19.349706649780273,19.349706649780273,19.106823916519527,19.147303857326065,10733748
2019-12-24,19.30922508239746,19.349705019794037,19.228263663393676,19.268743600790255,5301122
2019-12-25,19.26874542236328,19.349706849020762,19.26874542236328,19.30922690779741,5831507
2019-12-26,19.349706649780273,19.349706649780273,19.26874522395644,19.26874522395644,5872089
2019-12-27,19.390188217163086,19.390188217163086,19.26874530580609,19.349706731973832,7117325
2019-12-30,19.4306697845459,19.47114972891268,19.39018984017912,19.39018984017912,16671769
2019-12-31,19.349706649780273,19.511629501427944,19.349706649780273,19.43066807560411,14810772
2020-01-02,19.4306697845459,19.51163121749035,19.349708351601443,19.4306697845459,6939981
2020-01-03,19.511627197265625,19.511627197265625,19.39018584497647,19.471145717028858,12353288
2020-01-06,19.26874542236328,19.471148216901597,19.26874542236328,19.430668275678244,7042674
2020-01-07,19.18778419494629,19.349705492700583,19.18778419494629,19.268744071718103,7693624
2020-01-08,19.066341400146484,19.187784304418404,19.02586146152963,19.187784304418404,9093876
2020-01-09,19.228267669677734,19.268747615508463,19.06634479793291,19.06634479793291,8137459
2020-01-10,19.30922508239746,19.349705019794037,19.1877837259971,19.268743600790255,7270995
2020-01-13,19.4306697845459,19.4306697845459,19.309228407234663,19.349708351601443,9763148
2020-01-14,19.471147537231445,19.471147537231445,19.34970617358971,19.430667597421106,7882342
2020-01-15,19.471147537231445,19.471147537231445,19.34970617358971,19.430667597421106,10148530
2020-01-16,19.4306697845459,19.47114972891268,19.349708351601443,19.4306697845459,5347528
2020-01-17,19.471147537231445,19.471147537231445,19.390187657610767,19.430667597421106,6410978
2020-01-20,19.471147537231445,19.511629021252507,19.430667597421106,19.430667597421106,6941985
2020-01-30,18.621057510375977,19.02586310842763,18.621057510375977,18.985383166306786,39414010
2020-01-31,18.70201873779297,18.904421534643085,18.621057310210762,18.621057310210762,18198559
2020-02-03,18.621057510375977,18.74249888094931,18.499616139802644,18.621057510375977,19364728
2020-02-04,18.78297996520996,19.18778555459629,18.78297996520996,19.18778555459629,13835398
2020-02-05,18.82345962524414,18.944900991403568,18.661536774224405,18.782979684594583,10362337
2020-02-06,18.904422760009766,19.02586413714939,18.78298138287014,18.823461327179718,12028716
2020-02-07,18.863937377929688,18.904418858094687,18.782977506020835,18.863937377929688,7882927
2020-02-10,18.985382080078125,18.985382080078125,18.782979292632564,18.823459232437386,11393229
2020-02-11,18.985382080078125,19.02586201988295,18.863939172242212,18.94490059606258,6370492
2020-02-12,18.985382080078125,18.985382080078125,18.904420656257756,18.94490059606258,5236019
2020-02-13,18.944902420043945,18.985383907956976,18.904422476341782,18.904422476341782,8813253
2020-02-14,18.985382080078125,18.985382080078125,18.904420656257756,18.904420656257756,6221213
2020-02-17,18.904422760009766,18.904422760009766,18.78298138287014,18.904422760009766,6014263
2020-02-18,18.985382080078125,18.985382080078125,18.782979292632564,18.823459232437386,7446292
2020-02-19,19.025861740112305,19.066341679321884,18.904420378272878,18.98538180090273,8112007
2020-02-20,18.863937377929688,19.025860210168542,18.863937377929688,19.025860210168542,8685741
2020-02-21,18.78297996520996,18.944901274438028,18.78297996520996,18.863939847718605,9537984
2020-02-24,18.621057510375977,18.74249888094931,18.621057510375977,18.70201893882847,15245702
2020-02-25,18.580577850341797,18.621057793077195,18.540096363395563,18.621057793077195,13970823
2020-02-26,18.49961280822754,18.580574222099777,18.49961280822754,18.540092743058395,19514784
2020-02-27,18.621057510375977,18.621057510375977,18.499616139802644,18.499616139802644,16708738
2020-03-02,18.54009437561035,18.580575858216342,18.418653016213714,18.418653016213714,19482263
2020-03-03,18.621057510375977,18.621057510375977,18.499616139802644,18.580577568255134,12117980
2020-03-04,18.78297996520996,18.78297996520996,18.580577170516797,18.62105711177112,13514692
2020-03-05,18.863937377929688,18.863937377929688,18.702016089901406,18.782977506020835,8007708
2020-03-06,18.54009437561035,18.782978638614296,18.49961443721503,18.742497156008305,17960395
2020-03-09,18.135290145874023,18.41865436807112,18.135290145874023,18.378174426704724,30241309
2020-03-10,18.09480857849121,18.17576999815951,17.973367221094083,18.05432709655174,17919916
2020-03-11,18.09480857849121,18.13528851622004,17.973367221094083,18.05432709655174,21766453
2020-03-12,17.3256778717041,17.973367702176166,17.244716449868758,17.973367702176166,33757335
2020-03-13,16.354145050048828,16.435104925731622,15.908858012740238,16.354145050048828,72221523
2020-03-16,16.192222595214844,16.39462537765503,16.192222595214844,16.354145438851265,31513002
2020-03-17,15.787419319152832,16.030302075609285,15.706457885597047,16.030302075609285,46625543
2020-03-18,15.625493049621582,15.908857233259397,15.585013113763567,15.787415881474782,35354413
2020-03-19,15.05876636505127,15.423090423755786,14.856363595478566,15.38261048752548,52484394
2020-03-20,16.03030014038086,16.03030014038086,15.139729111412482,15.139729111412482,52775496
2020-03-23,15.301651954650879,15.50405476236904,15.139730635002874,15.220690522721439,22825663
2020-03-24,15.423090934753418,15.908857906664446,15.38261099718193,15.908857906664446,27364002
2020-03-25,15.706457138061523,15.787418567764018,15.585015765613196,15.625495708359027,24722266
2020-03-26,15.827898025512695,15.949340938450609,15.585015288058436,15.787418084007246,18023210
2020-03-27,15.706457138061523,15.908859940212343,15.665977195315692,15.868379997466512,21317668
2020-03-30,15.382613182067871,15.463574612920926,15.261171807893717,15.423093125388972,20238054
2020-03-31,15.342132568359375,15.504053878779342,15.301651082596294,15.463573937227046,21817361
2020-04-01,15.220688819885254,15.382611665628785,15.220688819885254,15.382611665628785,24523019
2020-04-06,15.585018157958984,15.585018157958984,15.261173933648804,15.46357676686905,24482206
2020-04-07,15.625493049621582,15.787415881474782,15.544533177905551,15.787415881474782,16015578
2020-04-08,15.827898025512695,15.868379511228929,15.665976715280117,15.665976715280117,19420509
2020-04-09,15.787419319152832,15.949342186264403,15.787419319152832,15.868380752708617,14680937
2020-04-10,15.949339866638184,15.949339866638184,15.787417023076207,15.827896961861361,12690752
2020-04-13,15.827898025512695,15.949340938450609,15.787418084007246,15.949340938450609,9095860
2020-04-14,15.989821434020996,15.989821434020996,15.827898573966829,15.868380061085789,17362473
2020-04-15,16.192222595214844,16.192222595214844,16.030299751578422,16.070781234592868,23388609
2020-04-16,15.989821434020996,16.19222423698329,15.908860003993913,16.151744294075165,25155502
2020-04-17,15.989821434020996,16.19222423698329,15.989821434020996,15.989821434020996,19880745
2020-04-20,15.868376731872559,16.111259426785757,15.827895253246684,15.989818079329158,14181789
2020-04-21,15.463573455810547,15.827897551071318,15.463573455810547,15.787417610779256,24477290
2020-04-22,15.504053115844727,15.504053115844727,15.261170390061332,15.382611752953029,17866816
2020-04-23,15.504053115844727,15.625494478736424,15.382611752953029,15.504053115844727,12990975
2020-04-24,15.504053115844727,15.585014539176095,15.423091692513358,15.504053115844727,9550654
2020-04-27,15.787419319152832,15.949342186264403,15.625496452041261,15.665977940924607,19287380
2020-04-28,15.827898025512695,15.908859452734376,15.746938142501799,15.908859452734376,13906838
2020-04-29,16.070781707763672,16.111261647759285,15.827897435157817,15.868378919364156,23251526
2020-04-30,16.192222595214844,16.273184017033056,16.070781234592868,16.15174265641108,37550070
2020-05-04,15.827898025512695,15.908859452734376,15.665976715280117,15.746938142501799,26299642
2020-05-05,16.03030014038086,16.192222987944593,15.868378837027846,15.868378837027846,14606111
2020-05-06,15.827898025512695,16.030300821461505,15.787418084007246,16.030300821461505,15813548
2020-05-07,15.827898025512695,15.949340938450609,15.827898025512695,15.868379511228929,13959657
2020-05-08,15.908859252929688,16.030300620131595,15.86837931193264,15.989820679134548,14611151
2020-05-11,16.070781707763672,16.151743131965624,16.030300223557333,16.030300223557333,18569257
2020-05-12,15.868376731872559,15.989818079329158,15.868376731872559,15.949338144913797,16441116
2020-05-13,16.070781707763672,16.070781707763672,15.827897435157817,15.868378919364156,15238466
2020-05-14,15.827898025512695,16.030300821461505,15.827898025512695,16.030300821461505,15552701
2020-05-15,15.827898025512695,15.949340938450609,15.827898025512695,15.949340938450609,9592766
2020-05-18,15.908859252929688,15.989820679134548,15.82789782672483,15.82789782672483,9392146
2020-05-19,16.03030014038086,16.111261564162728,15.949340260809713,16.111261564162728,16378853
2020-05-20,16.111263275146484,16.111263275146484,16.030301842766676,16.07078333106202,13508504
2020-05-21,16.111263275146484,16.15174476344183,16.030301842766676,16.07078333106202,16301473
2020-05-22,15.868376731872559,16.111259426785757,15.868376731872559,16.070779492370395,17897882
2020-05-25,15.908859252929688,15.989820679134548,15.78741788572778,15.9493407381375,9582148
2020-05-26,16.111263275146484,16.111263275146484,15.94934195459775,16.030301842766676,18714247
2020-05-27,16.111263275146484,16.111263275146484,16.030301842766676,16.111263275146484,12380922
2020-05-28,16.151742935180664,16.19222287468309,16.07078151196511,16.11126145146753,21784768
2020-05-29,16.03030014038086,16.15174304815902,16.03030014038086,16.111261564162728,35848123
2020-06-01,16.27318572998047,16.27318572998047,16.070782926234966,16.11126286929973,22733886
2020-06-02,16.516067504882812,16.516067504882812,16.23270328747185,16.273184772365276,22805901
2020-06-03,16.920873641967773,16.961355128185186,16.63750941528908,16.758952329730523,33489885
2020-06-04,16.961355209350586,17.08279658016236,16.75895240992736,17.08279658016236,26206331
2020-06-05,17.001834869384766,17.001834869384766,16.920873442116967,16.96135492785626,19206498
2020-06-08,17.16375732421875,17.16375732421875,17.001834473453936,17.001834473453936,24770663
2020-06-09,17.24471664428711,17.285198127766513,17.1637567657497,17.204236705018406,20115368
2020-06-10,17.16375732421875,17.24471720539041,17.08279589883634,17.24471720539041,18816583
2020-06-11,16.920873641967773,17.163757926639853,16.839912213743744,17.163757926639853,20589453
2020-06-12,16.718469619750977,16.718469619750977,16.475586897068283,16.677989680707423,17152033
2020-06-15,16.4755859375,16.637507228454307,16.4755859375,16.556547355082454,20650629
2020-06-16,16.83991050720215,16.961353409336674,16.516066371334922,16.55654785344998,14935204
2020-06-17,16.961355209350586,16.961355209350586,16.677990981315908,16.839912294328002,12004418
2020-06-18,16.637508392333984,16.96135408531848,16.597028452816275,16.920872601590062,18489584
2020-06-19,16.597028732299805,16.83991146191746,16.597028732299805,16.799431521718095,32599705
2020-06-22,16.637508392333984,16.6779898760624,16.55654851329857,16.597028452816275,13540719
2020-06-23,16.7994327545166,16.7994327545166,16.556550007075398,16.637509893415235,14362718
2020-06-24,16.880393981933594,16.961355411510013,16.758952609674385,16.799432552357178,14079790
2020-06-29,16.637508392333984,16.758951299308524,16.597028452816275,16.718469815580107,13537602
2020-06-30,16.758953094482422,16.83991298219004,16.637510174499244,16.677991662563926,14165529
2020-07-01,16.677989959716797,16.79943132308976,16.63750847578533,16.718469899437547,11867137
2020-07-02,16.637508392333984,16.758951299308524,16.637508392333984,16.6779898760624,9740933
2020-07-03,16.7994327545166,16.7994327545166,16.677991380796,16.677991380796,9817632
2020-07-06,17.001834869384766,17.001834869384766,16.799432073320663,16.83991201484917,16997206
2020-07-07,16.7994327545166,17.042315501957802,16.7994327545166,17.001835558787885,15537383
2020-07-08,16.880393981933594,16.880393981933594,16.758952609674385,16.799432552357178,14087051
2020-07-09,16.880393981933594,17.204238156028435,16.758952609674385,16.920873924616387,22015321
2020-07-10,16.758953094482422,16.880394470254725,16.718471606417737,16.880394470254725,14233729
2020-07-13,16.758953094482422,16.83991298219004,16.677991662563926,16.758953094482422,13185468
2020-07-14,16.677989959716797,16.79943132308976,16.677989959716797,16.758951383369013,11183179
2020-07-15,16.920873641967773,16.961355128185186,16.71847084351311,16.758952329730523,15644866
2020-07-16,16.920873641967773,17.04231501219841,16.88039369996116,17.0018350701918,12924477
2020-07-17,16.920873641967773,17.0018350701918,16.839912213743744,17.0018350701918,7495050
2020-07-20,16.83991050720215,16.880391989317207,16.799430569297737,16.880391989317207,8355926
2020-07-21,16.677989959716797,16.83991126281051,16.677989959716797,16.79943132308976,25606187
2020-07-22,16.758953094482422,16.758953094482422,16.677991662563926,16.677991662563926,17125724
2020-07-23,16.758953094482422,16.758953094482422,16.677991662563926,16.718471606417737,14800420
2020-07-24,16.717466354370117,16.883397177625017,16.717466354370117,16.758949851400647,21544000
2020-07-27,16.593019485473633,16.717466815127953,16.593019485473633,16.675984899387732,16331473
2020-07-28,16.510055541992188,16.510055541992188,16.302642779950997,16.427090120688952,17279046
2020-07-29,16.510055541992188,16.593020963295423,16.510055541992188,16.510055541992188,9685677
2020-07-30,16.510055541992188,16.593020963295423,16.427090120688952,16.510055541992188,11624730
2020-07-31,16.42708969116211,16.551538611079835,16.42708969116211,16.551538611079835,12976862
2020-08-03,16.26116180419922,16.42709107400126,16.26116180419922,16.42709107400126,14298604
2020-08-04,16.46857452392578,16.51005644563092,16.26116175053234,16.30264367223748,8416409
2020-08-05,16.593019485473633,16.593019485473633,16.46857215581931,16.46857215581931,10660617
2020-08-06,16.67598533630371,16.67598533630371,16.510054504128075,16.59301992021589,14783909
2020-08-07,16.551538467407227,16.67598580381096,16.427089548569757,16.593020385397224,15065446
2020-08-10,16.67598533630371,16.67598533630371,16.55153800338883,16.59301992021589,8630190
2020-08-11,16.758953094482422,16.84191693973088,16.67598766680005,16.67598766680005,14298991
2020-08-12,16.758953094482422,16.80043501710665,16.63450416174191,16.71746958942428,8770716
2020-08-13,16.758953094482422,16.758953094482422,16.67598766680005,16.758953094482422,8980030
2020-08-14,16.758953094482422,16.84191693973088,16.59302223911768,16.67598766680005,11579393
2020-08-17,16.924880981445312,16.924880981445312,16.758951722102328,16.758951722102328,16405359
2020-08-18,17.00784683227539,17.00784683227539,16.883399489013797,16.966364911999467,11557478
2020-08-19,16.800432205200195,17.007844948474272,16.75895028951884,16.966363032792916,10065423
2020-08-20,16.42708969116211,16.717467866913882,16.42708969116211,16.634502447779983,21875689
2020-08-21,16.593019485473633,16.675984899387732,16.55153756973341,16.593019485473633,11326866
2020-08-24,16.593019485473633,16.675984899387732,16.593019485473633,16.593019485473633,6508394
2020-08-25,16.593019485473633,16.675984899387732,16.593019485473633,16.593019485473633,9858698
2020-08-26,16.67598533630371,16.67598533630371,16.46857258730101,16.59301992021589,13623112
2020-08-27,16.634504318237305,16.67598782368572,16.551540472208334,16.634504318237305,6266656
2020-08-28,16.593019485473633,16.675984899387732,16.510054071559534,16.55153756973341,10457785
2020-08-31,16.510055541992188,16.717468304033382,16.510055541992188,16.634502882730146,20645836
2020-09-01,16.593019485473633,16.675984899387732,16.510054071559534,16.593019485473633,12542880
2020-09-02,16.67598533630371,16.67598533630371,16.55153800338883,16.59301992021589,11770748
2020-09-03,16.717466354370117,16.717466354370117,16.593019028145747,16.675984439773195,11277235
2020-09-04,16.593019485473633,16.675984899387732,16.593019485473633,16.634501401213857,10788684
2020-09-07,17.42267417907715,17.50563961070241,16.634504952288157,16.634504952288157,80623415
2020-09-08,17.33970832824707,17.505639187486047,17.215260975034813,17.42267375786656,24414659
2020-09-09,17.42267417907715,17.42267417907715,17.04933052798047,17.215261391230992,20526293
2020-09-10,17.33970832824707,17.464155681459328,17.132295545415325,17.42267375786656,14675026
2020-09-11,17.381189346313477,17.422671263968482,17.25674042848101,17.339705846224746,13793781
2020-09-14,17.381189346313477,17.422671263968482,17.29822392856974,17.381189346313477,13806399
2020-09-15,17.381189346313477,17.422671263968482,17.29822392856974,17.381189346313477,18195868
2020-09-16,17.42267417907715,17.42267417907715,17.29822682285625,17.381192254481512,14398683
2020-09-17,17.33970832824707,17.42267375786656,17.2982264046543,17.42267375786656,14790961
2020-09-18,17.173776626586914,17.38118938013297,17.173776626586914,17.339705879963525,23993224
2020-09-21,17.173776626586914,17.339705879963525,17.173776626586914,17.215258544322634,7756630
2020-09-22,17.0908145904541,17.298227385041084,17.0908145904541,17.215261950719484,16904101
2020-09-23,17.049327850341797,17.173776769451674,16.88339859558486,17.090811350856338,15052705
2020-09-24,16.593019485473633,16.924879558696375,16.593019485473633,16.88339764295615,28253718
2020-09-25,16.717466354370117,16.758949851400647,16.593019028145747,16.717466354370117,11078662
2020-09-28,16.96636390686035,16.96636390686035,16.758951152900856,16.758951152900856,9284160
2020-09-29,17.0908145904541,17.215261950719484,17.0078491561325,17.0078491561325,21250797
2020-09-30,16.96636390686035,17.17377666081985,16.96636390686035,17.17377666081985,15561179
2020-10-05,17.0908145904541,17.215261950719484,17.0078491561325,17.173780024775702,10180349
2020-10-06,17.215259552001953,17.25674147216578,17.090812209076656,17.090812209076656,16665467
2020-10-07,17.132293701171875,17.21525912186037,17.132293701171875,17.21525912186037,10978364
2020-10-08,17.132293701171875,17.21525912186037,17.049328280483383,17.173777202733014,7069304
2020-10-12,17.00784683227539,17.13229417553698,16.883399489013797,17.09081225526106,14749987
2020-10-13,17.049327850341797,17.049327850341797,16.841915095070323,16.9663640141802,9779523
2020-10-14,17.173776626586914,17.215258544322634,17.049327708512298,17.090811208681746,11088193
2020-10-15,16.924880981445312,17.173777244110465,16.841915560556927,17.13229374244938,12154277
2020-10-16,16.96636390686035,17.132293160567713,16.96636390686035,17.049327742497166,7906946
2020-10-19,17.0908145904541,17.173780024775702,16.96636723018872,16.96636723018872,10781521
2020-10-20,17.173776626586914,17.173776626586914,17.090811208681746,17.090811208681746,11477173
2020-10-21,17.049327850341797,17.215258687532476,16.88339859558486,17.173776769451674,16474320
2020-10-22,17.049327850341797,17.132293268937136,16.9663640141802,17.049327850341797,11829486
2020-10-23,17.00784683227539,17.09081225526106,16.966364911999467,17.04932875255131,8542867
2020-10-26,17.173776626586914,17.173776626586914,17.007845790776578,17.090811208681746,12231041
2020-10-27,17.173776626586914,17.173776626586914,17.090811208681746,17.090811208681746,11155609
2020-10-28,17.049327850341797,17.215258687532476,17.049327850341797,17.090811350856338,12773452
2020-10-29,16.924880981445312,17.049328321560996,16.841915560556927,16.966364483106396,16823330
2020-10-30,16.841915130615234,16.92488054938567,16.675985875508104,16.841915130615234,21032330
2020-11-02,17.00784683227539,17.00784683227539,16.841915986304052,16.841915986304052,9771862
2020-11-03,17.0908145904541,17.132296516397883,17.0078491561325,17.0078491561325,11027600
2020-11-04,17.132293701171875,17.132293701171875,17.007846361356027,17.007846361356027,8470541
2020-11-05,17.173776626586914,17.173776626586914,17.049327708512298,17.132293126417466,9871049
2020-11-06,17.173776626586914,17.173776626586914,17.049327708512298,17.173776626586914,9922233
2020-11-09,17.173776626586914,17.215258544322634,17.090811208681746,17.215258544322634,14606075
2020-11-10,17.256742477416992,17.256742477416992,17.173778632256475,17.173778632256475,19605174
2020-11-11,18.044910430908203,18.044910430908203,17.298224798529798,17.339706718271007,65432732
2020-11-12,17.92046356201172,18.044910906952207,17.75453271380184,18.00342898611666,33289919
2020-11-13,17.92046356201172,17.961945482847266,17.79601621707123,17.92046356201172,15491552
2020-11-16,17.92046356201172,18.00342898611666,17.837498137906778,17.92046356201172,26553286
2020-11-17,18.210840225219727,18.252322142570264,17.96194397381536,17.96194397381536,35491134
2020-11-18,18.252323150634766,18.252323150634766,18.169357728917845,18.210841230993207,26957739
2020-11-19,18.252323150634766,18.252323150634766,18.169357728917845,18.252323150634766,22021219
2020-11-20,18.252323150634766,18.252323150634766,18.169357728917845,18.252323150634766,19856950
2020-11-23,18.791595458984375,18.833078959825357,18.252322607521624,18.293804525928852,38683400
2020-11-24,18.791595458984375,18.999008215888033,18.708630039736164,18.87456087823259,24424205
2020-11-25,19.123456954956055,19.28938780561229,18.83308033995845,18.83308033995845,49677287
2020-11-26,19.16493797302246,19.28938530365609,19.040490642388832,19.16493797302246,26261870
2020-11-27,19.206422805786133,19.3308701553184,19.12345737861999,19.24790631058616,38642815
2020-11-30,18.916044235229492,19.538282553262487,18.916044235229492,19.28938785902284,75788665
2020-12-01,19.16493797302246,19.16493797302246,18.916041729321538,18.999007143888512,21254393
2020-12-02,19.330867767333984,19.372351267009464,19.081973099015958,19.1649385159332,25316630
2020-12-03,19.330867767333984,19.41383318425123,19.1649385159332,19.330867767333984,20702474
2020-12-04,19.413837432861328,19.538284794254956,19.289390071467704,19.33087199778756,39123339
2020-12-07,19.455318450927734,19.621247717398802,19.330869523032117,19.53828229294634,32331323
2020-12-08,19.372352600097656,19.496799942820385,19.289387177471234,19.455318022724082,25640359
2020-12-09,19.372352600097656,19.57976536544681,19.289387177471234,19.53828186291669,25063093
2020-12-10,19.621246337890625,19.911624511841733,19.41383358255894,19.41383358255894,53829663
2020-12-11,19.87014389038086,19.994591235213967,19.57976569748104,19.911625811180613,44127465
2020-12-14,20.450897216796875,20.741275388725782,19.91162437317675,19.95310629098071,99827701
2020-12-15,20.202003479003906,20.824241769430515,20.077556137405345,20.49238166435642,67001926
2020-12-16,20.243484497070312,20.616828087670886,20.16051907888866,20.409415333433618,39290554
2020-12-17,20.243484497070312,20.326449915251967,19.953106324651397,20.284967997378008,30007127
2020-12-18,20.284969329833984,20.32645125043276,20.036073058939813,20.32645125043276,39653589
2020-12-21,20.699792861938477,20.741274778522047,20.326449282951607,20.326449282951607,72077327
2020-12-22,20.32645034790039,21.239066802456144,20.119037589248347,20.741275865204482,122908360
2020-12-23,20.243484497070312,20.243484497070312,19.911624406777435,20.243484497070312,29783129
2020-12-24,20.202003479003906,20.40941624247944,20.03607263524996,20.243485398725493,28928559
2020-12-25,20.07755470275879,20.284967451413596,19.911623870861465,20.202002035464933,37743999
2020-12-28,20.160518646240234,20.160518646240234,19.953105896454083,20.077554812272734,22402709
2020-12-29,20.450897216796875,20.533862634838524,20.28496796314731,20.326449880951266,36098130
2020-12-30,20.741273880004883,20.865721206798188,20.49237922641827,20.575343055991397,62112841
2020-12-31,20.533864974975586,20.741277752500594,20.4508995474788,20.741277752500594,26908992
2021-01-04,20.699792861938477,20.907205609723697,20.658309362921223,20.658309362921223,39162935
2021-01-05,21.5709285736084,21.902788696715596,20.82424290100873,20.865724822984422,184107836
2021-01-06,21.15610122680664,22.234646930886026,20.907206551229475,21.98575225530886,102983717
2021-01-07,21.32203483581543,21.487964113614524,21.031656621624567,21.32203483581543,52160756
2021-01-08,21.5709285736084,21.69537592196936,21.15610302411593,21.529446651632707,56349433
2021-01-11,21.48796272277832,21.612410068681115,21.23906803097273,21.570928147524803,29920556
2021-01-12,20.990171432495117,21.363515046870265,20.86572408851468,21.363515046870265,44930216
2021-01-13,21.197586059570312,21.197586059570312,20.86572591903098,20.99017327392898,37195138
2021-01-14,20.990171432495117,21.363515046870265,20.948689511979584,21.322033126354732,34214852
2021-01-15,20.658309936523438,21.073135443611996,20.61682801878807,20.99017002570754,47036480
2021-01-18,20.119037628173828,20.492381227443346,19.99459028922858,20.492381227443346,36711070
2021-01-19,20.160518646240234,20.367931396026382,20.119036729256486,20.202002145657683,22731817
2021-01-20,19.455318450927734,20.036073257227248,19.372353026475274,20.036073257227248,54204232
2021-01-21,19.57976531982422,19.87014350712319,19.413834474958,19.413834474958,25014167
2021-01-22,19.621246337890625,19.745693674602887,19.247904327753837,19.579764419797787,28936721
2021-01-25,19.87014389038086,20.077556659247325,19.41383484941433,19.662731121514394,23367437
2021-01-26,19.662731170654297,19.870143940039114,19.538282243076328,19.828660436701842,23993117
2021-01-27,19.53828239440918,19.91162601516711,19.53828239440918,19.828660590283807,19426710
2021-01-28,19.330867767333984,19.455316683926707,19.20642043317497,19.330867767333984,35966033
2021-01-29,19.040491104125977,19.53828043873202,19.040491104125977,19.289385771428996,33289921
2021-02-01,19.247907638549805,19.41383692189609,19.081976772769508,19.081976772769508,18809874
2021-02-02,19.745697021484375,19.82866245416638,19.247907590260372,19.247907590260372,27356168
2021-02-03,19.621246337890625,19.787177175129468,19.41383358255894,19.745693674602887,23611549
2021-02-04,19.247907638549805,19.538284280014302,19.247907638549805,19.41383692189609,24199004
2021-02-05,19.413837432861328,19.4968028679351,19.247908145147846,19.289390071467704,14885901
2021-02-17,19.9116268157959,19.994592244015166,19.496801257133484,19.496801257133484,36033014
2021-02-18,20.243484497070312,20.367931833125926,20.036071742833048,20.07755524314074,37216584
2021-02-19,20.40941619873047,20.40941619873047,20.160519933633072,20.326450777031337,33156371
2021-02-22,20.284969329833984,20.65831136252449,20.284969329833984,20.492382097695543,31129087
2021-02-23,20.990171432495117,21.11462035890939,20.575345897604432,20.575345897604432,75555774
2021-02-24,20.782758712768555,21.322033175311727,20.616829447891593,21.197584248611708,46210729
2021-02-25,20.990171432495117,21.031654935444486,20.782758665049776,20.948689511979584,36876719
2021-02-26,20.533864974975586,20.907208607494162,20.49238305244415,20.824243179997378,55847889
2021-03-02,20.450897216796875,20.90720622480908,20.409415298992915,20.741275388725782,26755119
2021-03-03,20.782758712768555,20.82424221581317,20.450898600580796,20.575345944846976,51406794
2021-03-04,20.741273880004883,21.073133945598236,20.616826553211574,20.824239292011626,56229767
2021-03-05,20.699792861938477,20.824240194122872,20.450896615136003,20.492380114153256,28926166
2021-03-08,20.824241638183594,21.03165440035189,20.74127621682952,20.74127621682952,36177021
2021-03-09,21.32203483581543,21.487964113614524,21.031656621624567,21.07313854546585,88397899
2021-03-10,21.363515853881836,21.529446707079718,21.197585000683954,21.4879632025633,48845004
2021-03-11,21.404996871948242,21.487962295043232,21.280549528522673,21.487962295043232,57574394
2021-03-12,21.48796272277832,21.529446226368492,21.363515376875526,21.48796272277832,32441714
2021-03-15,21.280548095703125,21.487960848258584,21.156100760656596,21.44647893072098,24279294
2021-03-16,21.15610122680664,21.322032065480585,21.073135807469665,21.28054856459522,30533167
2021-03-17,21.280548095703125,21.32203159567445,21.156100760656596,21.280548095703125,37702857
2021-03-18,21.114620208740234,21.40499681515146,21.114620208740234,21.363514894930947,26384457
2021-03-19,20.824241638183594,21.073136319812033,20.74127621682952,21.03165440035189,38943705
2021-03-22,20.865724563598633,20.907208067492522,20.658311791430787,20.82424264213861,26321332
2021-03-23,20.824241638183594,20.990170898457954,20.74127621682952,20.865723557643737,23189728
2021-03-24,20.741273880004883,20.865721206798188,20.65830846799814,20.824239292011626,18065878
2021-03-25,20.741273880004883,20.94868661880493,20.65830846799814,20.699791965218317,20551029
2021-03-26,20.782758712768555,20.82424221581317,20.69979487154699,20.741276792157773,19920489
2021-03-29,21.197586059570312,21.23906956615896,20.86572591903098,20.907209425619627,37499419
2021-03-30,21.404996871948242,21.404996871948242,21.11462026476652,21.23906760819209,40789176
2021-03-31,21.48796272277832,21.529446226368492,21.322033455719215,21.40499729803184,50641513
2021-04-01,21.404996871948242,21.570927718138222,21.36351495161766,21.570927718138222,46748061
2021-04-07,22.31761360168457,22.52502637044081,21.529446029871167,21.570927950648876,177185044
2021-04-08,23.35467529296875,23.43764070931146,22.64947162770627,22.64947162770627,202438859
2021-04-09,23.18874740600586,23.56208942784664,22.773921882338016,23.437642087233048,109735803
2021-04-12,24.55767059326172,24.848048767750875,23.852466907340553,23.893948825510257,162512651
2021-04-13,25.05545997619629,25.719180120526747,24.765081819639096,25.138423807412362,208941565
2021-04-14,27.337003707885742,27.54441647780162,25.926596239484258,25.968078160493892,481269899
2021-04-15,27.378482818603516,27.876272149358446,26.922175404600267,27.461446652106876,314425907
2021-04-16,29.162235260009766,29.660024617005497,27.959240621591277,28.083686378406437,350462436
2021-04-19,32.066017150878906,32.066017150878906,30.282265971539694,30.5311606753185,397439728
2021-04-20,32.356388092041016,32.43935192376599,30.406709562698293,32.19045726372376,430725920
2021-04-21,31.94156837463379,32.6052886429513,31.360811953030506,31.858604527919557,277462200
2021-04-22,32.27342987060547,34.803865156506134,31.402293661721686,32.688255431076655,540643466
2021-04-23,31.609704971313477,33.186043293711876,30.531159197241383,32.85418159482767,289801283
2021-04-26,33.186038970947266,33.351969798775464,31.775631681708546,31.94156250953674,276653381
2021-04-27,32.439353942871094,33.310490054541546,32.19045926733704,33.18604113434076,233652187
2021-04-28,31.692668914794922,32.31490716640136,31.526738081393056,32.06601249873227,187596806
2021-04-29,32.60528564453125,33.310490936222266,32.10749628028738,32.77121648756841,349886518
2021-05-03,31.983043670654297,33.97420722787762,31.941561755892817,33.18603818794059,363246750
2021-05-04,30.074848175048828,32.646764959933655,28.788889782606418,32.273424548964854,378140350
2021-05-05,32.56380844116211,33.06159787750017,30.531162440523605,30.82154224911085,421571710
2021-05-06,34.01569366455078,34.845344729539825,32.397873454848614,33.351973445533076,606050956
2021-05-07,34.1816291809082,34.80386756466915,32.81270347068689,34.80386756466915,290000389
2021-05-10,37.33429718017578,37.33429718017578,33.642349381607104,34.51348234950436,597483912
2021-05-11,34.8453483581543,38.78619132723127,33.64235355567299,36.255755948481756,807682934
2021-05-12,31.81711769104004,36.297234794476836,31.360810229454444,35.301652864283355,721883620
2021-05-13,30.36522674560547,31.941564984829803,28.87185550915836,29.70150654772537,553813695
2021-05-14,28.91333770751953,31.31932700856134,27.95924090286801,31.111914246915237,463624423
2021-05-17,26.258455276489258,28.498512150126466,26.051042515091343,26.963658981728926,389151156
2021-05-18,28.871856689453125,28.871856689453125,27.87627476949936,28.208136464439843,123340348
2021-05-19,31.360809326171875,31.73415293484951,29.70150721193138,29.86743805632895,536085397
2021-05-20,29.162235260009766,31.27784477454294,28.705924657084875,30.365226733560707,426313207
2021-05-21,30.033370971679688,30.780055075654996,28.58148152160412,29.74299118274387,398028555
2021-05-24,29.452611923217773,30.282262963308415,29.120750241234497,29.36964808515573,240943410
2021-05-25,28.58147621154785,29.950398396942386,28.374063471500143,29.742985656894678,251804199
2021-05-26,28.91333770751953,28.954822791742814,27.917758983512307,28.664443026517723,187354488
2021-05-27,28.70592498779297,29.53557603558892,28.622961148960407,29.03778667285838,204238560
2021-05-28,30.323745727539062,30.98746594513763,29.618543589753266,29.867438275744274,396546992
2021-05-31,30.655603408813477,32.43935106247923,30.240777931467875,31.277841624831883,424080164
2021-06-01,30.987464904785156,31.277844666082014,30.033368113040563,31.028949988447234,190990579
2021-06-02,32.77121353149414,33.02010819116494,30.945980752462777,31.44377323667168,509556260
2021-06-03,32.190460205078125,33.06159317725806,32.024529361599186,32.97862933795239,321845620
2021-06-04,31.568222045898438,32.688252870350595,31.526740126074493,31.941565654049157,172600181
2021-06-07,30.945985794067383,31.983049682373046,30.03337083830553,31.85860391469706,184838064
2021-06-08,30.863021850585938,31.526742104012644,30.78005484086522,30.863021850585938,94943556
2021-06-09,29.950401306152344,30.987465107125313,29.286681106503156,30.738570427865312,227792222
2021-06-10,29.99188804626465,30.323746581981,29.0792699520923,29.950402960040844,177807135
2021-06-11,29.99188804626465,30.780054046633307,29.701508267036647,30.199300817912768,152597031
2021-06-15,29.742990493774414,30.11633411954782,29.328164946219026,29.991888354201862,171013193
2021-06-16,29.452611923217773,30.406711885269033,29.411130004186752,29.618542764209412,143267010
2021-06-17,29.411130905151367,30.11633304488417,29.079269213002018,29.079269213002018,127487810
2021-06-18,29.03778648376465,29.825955607011775,29.03778648376465,29.70150668470576,156651571
2021-06-21,28.45703125,29.203718483721893,28.208136560381934,29.037787635687284,147227297
2021-06-22,29.99188804626465,30.697090203921153,28.871857180444184,28.996306109380146,311877731
2021-06-23,29.369647979736328,30.572639451655697,29.120750136708487,30.3237447734954,178667729
2021-06-24,29.701507568359375,30.199300107525772,29.57706180721852,29.701507568359375,102838512
2021-06-25,29.6600284576416,30.572643451929547,29.618546533331777,30.531161527619723,102661610
2021-06-28,31.0704345703125,31.31932926928024,29.867439832955988,29.950403677655967,297399629
2021-06-29,31.319326400756836,32.19045934979114,30.780051964995472,31.23636256365548,414918230
2021-06-30,32.85417938232422,33.76679741036337,31.858600682452426,31.941564519152575,642032576
2021-07-01,32.439353942871094,34.30606875667776,32.06601351200377,33.72531556872081,416400152
2021-07-02,32.314910888671875,33.310492838894156,32.190461958068674,32.85418220326094,202660908
2021-07-05,33.10307693481445,33.849760953236846,32.81269717914952,33.14455885280445,238379110
2021-07-06,32.93714904785156,33.72531821972018,32.89566712614643,33.72531821972018,138556133
2021-07-07,31.568222045898438,33.06159331363371,31.526740126074493,32.81269862982243,236609123
2021-07-08,32.14897537231445,32.19045728820849,31.11191165062689,31.69266796774539,151222951
2021-07-09,31.568222045898438,31.817116729709713,31.277845442263217,31.526740126074493,112211389
2021-07-12,31.44377326965332,32.72973165002405,31.360806273097822,32.72973165002405,124336294
2021-07-13,30.282262802124023,31.85860103585284,30.282262802124027,31.692670195744405,156210647
2021-07-14,29.784473419189453,30.572639370459225,29.452611739278737,30.199298936644084,119966702
2021-07-15,30.69709014892578,30.7800539914893,29.90892098510144,30.074851835096204,80005962
2021-07-16,30.157814025878906,30.48967570769196,30.033368268849674,30.448193788682218,75437191
2021-07-19,30.36522674560547,30.655606508024448,29.86743738841228,30.033368229099192,95559771
2021-07-20,29.908918380737305,30.780051311269954,29.701505627521556,30.489674722714888,130395387
2021-07-21,29.12074851989746,30.365225006472006,28.954820853581413,30.157812258709583,141871026
2021-07-22,29.203720092773438,29.82595843353622,29.037789235596456,29.452614796104978,82841539
2021-07-23,30.116329193115234,30.116329193115234,29.32816014871522,29.535572888564317,77496780
2021-07-26,29.701507568359375,30.406712874294858,29.618543727598805,30.406712874294858,56913547
2021-07-27,29.203720092773438,29.908922279690778,29.203720092773438,29.82595843353622,53944812
2021-07-28,29.28668212890625,29.66002574326352,28.87185659403543,29.162236367365605,65915225
2021-07-29,30.116329193115234,30.24077810297159,29.20371440372611,29.535572888564317,67284516
2021-07-30,30.157814025878906,30.78005230562772,30.157814025878903,30.365226785795176,119152871
2021-08-02,30.904497146606445,30.904497146606445,30.44818976801924,30.53115359508341,87353786
2021-08-03,30.614126205444336,30.655608126589353,30.116333657100988,30.655608126589353,56401002
2021-08-04,30.53116226196289,30.821542068851855,30.36523139586463,30.614129277446036,38046867
2021-08-05,29.86743927001953,30.448195666576794,29.742990340447353,30.365228658572757,57150924
2021-08-06,29.742990493774414,29.991888354201862,29.369650032868776,29.701508571992427,43059007
2021-08-09,31.0704345703125,31.111916492662488,29.784475988256013,29.950403677655967,147202642
2021-08-10,30.53116226196289,30.94598784477453,30.36523139586463,30.821542068851855,73921682
2021-08-11,30.73857307434082,31.485260341275346,30.365229440873556,31.070434785171237,135560964
2021-08-12,31.526742935180664,31.609706782220822,30.821540740735625,30.94598651129586,153173483
2021-08-13,31.319326400756836,31.73415191599865,31.02894980603457,31.485257239827064,96271568
2021-08-16,31.236364364624023,31.941566515247338,30.655607976827802,31.775635666610174,110660725
2021-08-17,31.236364364624023,31.236364364624023,31.236364364624023,31.236364364624023,0
2021-08-18,30.69709014892578,30.7800539914893,29.452613521266628,29.867439063819678,89915267
2021-08-19,29.28668212890625,30.40671297197806,29.28668212890625,30.365227886596845,132198553
2021-08-20,29.12074851989746,29.701504846605722,28.788890022398,29.452610182264287,76198088
2021-08-23,29.577058792114258,30.033366199516443,29.49409179494374,29.49409179494374,48671515
2021-08-24,29.86743927001953,30.033370121159855,29.28668287346227,29.784475426883244,54024800
2021-08-25,29.86743927001953,30.074852042728,29.577062654174775,30.074852042728,34796189
2021-08-26,30.157814025878906,31.23636290933756,29.784473589923657,30.033368268849674,115644927
2021-08-27,30.614126205444336,30.780053890024405,30.07485173595597,30.240782585403753,48562763
2021-08-30,31.111913681030273,31.31932643890381,30.6141243280808,30.90450092315674,101021653
2021-08-31,31.90643882751465,31.94825527665981,31.111913532194322,31.362815417455856,158397659
2021-09-01,31.571903228759766,32.32461213156202,31.571903228759766,31.99007413245195,121111652
2021-09-02,30.94464874267578,31.864623510220554,30.94464874267578,31.780990600585938,79917503
2021-09-03,31.321002960205078,31.739173885734143,31.111917497440547,31.279186505730365,56827460
2021-09-06,32.491878509521484,32.700963965027775,31.488270875403973,31.655536687496316,260246096
2021-09-07,32.199161529541016,32.70096536813071,31.90644315542886,32.617332458496094,143969139
2021-09-08,31.446449279785156,32.784598026187275,31.23736383725895,32.19915814903576,144704097
2021-09-09,32.073707580566406,32.073707580566406,31.2373657590091,31.32100185539935,71550640
2021-09-10,32.70096206665039,32.86823105942319,32.157341828127144,32.19915827872267,193641390
2021-09-13,33.49549102783203,33.62094358363605,32.74278526418102,32.78460171931869,274202553
2021-09-14,33.32822036743164,33.74639127889448,32.9100494559688,33.53730582316306,151410569
2021-09-15,32.826419830322266,33.16095786908075,32.45006533431677,33.16095786908075,111344181
2021-09-16,32.199161529541016,33.03550338745117,32.1155286199064,32.951870477816556,109004984
2021-09-17,31.613718032836914,32.5336958872302,31.613718032836914,32.19915790556162,148108030
2021-09-22,30.35920524597168,30.777376125917268,30.024670456249584,30.108303356082452,159241326
2021-09-23,30.23375701904297,30.94464626519521,30.108304474243987,30.777377268926816,120564986
2021-09-24,30.108304977416992,30.52647587988112,30.108304977416992,30.484659427712867,120673533
2021-09-27,30.066486358642578,30.442840781818163,30.024669909487642,30.191935706107394,81188060
2021-09-28,29.899219512939453,30.10830496407889,29.773766966099476,30.066488511929162,64763164
2021-09-29,29.439231872558594,29.773766676897775,29.355595778680726,29.481048324302147,98014619
2021-09-30,30.35920524597168,30.442841336195173,29.564679935996935,29.606499576303992,79044224
2021-10-01,29.98285484313965,30.317392868186403,29.73195291955011,30.150123855663026,89266342
2021-10-04,29.271963119506836,30.150121375013885,29.271963119506836,30.108304922921317,107673775
2021-10-05,29.77376937866211,29.77376937866211,28.89561105079764,29.146512974417337,98636101
2021-10-06,29.313779830932617,29.857403284117677,29.188330473545093,29.815586831655168,63441401
2021-10-07,28.853790283203125,29.188328258295044,28.51925230811121,29.10469216932678,149110957
2021-10-08,27.766551971435547,29.021064832882413,27.641099409134387,28.97924837557909,164749270
2021-10-12,27.93381690979004,28.142902356149573,27.43200992429272,27.641095370652256,70660804
2021-10-13,27.097475051879883,28.18471873196349,26.972022508243395,27.975633286163152,88259787
2021-10-14,27.390193939208984,27.682912292937353,27.18110848929136,27.306561035398246,41539295
2021-10-15,27.766551971435547,27.933820991040033,27.432013932226575,27.766551971435547,41748209
2021-10-18,28.142902374267578,28.268351727929627,27.933816927773435,27.975633378994118,40017651
2021-10-19,27.975635528564453,28.26835389999163,27.93381907413071,28.1429045366904,35437054
2021-10-20,28.059263229370117,28.68651950062455,28.0174467826979,28.39380118352863,55853041
2021-10-21,28.35198974609375,28.602891660846865,27.975635278768607,28.18472073946136,40446525
2021-10-22,27.85017967224121,28.435619536061775,27.724730323816466,28.435619536061775,42248634
2021-10-25,27.85017967224121,27.975632211056542,27.599277785001135,27.808363222766296,21188815
2021-10-26,28.226537704467773,28.393806714128004,27.975635785172926,28.059268694807542,30419465
2021-10-27,28.35198974609375,28.477439108274837,28.268353647582085,28.35198974609375,28088760
2021-10-28,28.18471908569336,28.477437437331282,28.18471908569336,28.393804534117805,35696928
2021-10-29,28.101083755493164,28.351988852731278,27.89199830138863,28.184719851369483,36142234
2021-11-01,27.93381690979004,28.351987802509107,27.766547914624265,28.268351709730858,46439001
2021-11-02,27.766551971435547,28.435624859462305,27.766551971435547,28.017453905646683,45271373
2021-11-03,28.017454147338867,28.142906710722244,27.808368668627384,27.850185126291436,25100587
2021-11-04,27.808364868164062,28.226535768437206,27.64109586997665,28.18471931648805,44742161
2021-11-05,27.682912826538086,27.850181827774527,27.515647015692483,27.808365375063126,43676615
2021-11-08,28.77016258239746,28.853795496084725,28.017453597647485,28.05927005449112,98367063
2021-11-09,28.853790283203125,29.146508618615623,28.602888397079475,29.021059270749085,70519466
2021-11-10,28.519256591796875,28.811978161567684,28.435623680657244,28.811978161567684,34043625
2021-11-11,28.72834014892578,29.271963606342773,28.393805336230656,28.644707243349714,80159060
2021-11-12,28.64470672607422,29.021061175151893,28.51925417958473,28.853792176629504,39227239
2021-11-15,28.142902374267578,28.686522620917906,28.059266281435487,28.644706169697223,47683973
2021-11-16,27.724733352661133,28.059268175397968,27.59928080014048,28.017451721354732,71142071
2021-11-17,27.641096115112305,27.850181567103157,27.5992796627923,27.72473221014313,39414621
2021-11-18,27.557462692260742,27.766548140319788,27.51564624072708,27.682912046861723,54395713
2021-11-19,27.264741897583008,27.557463447118394,27.222925444903908,27.557463447118394,60919952
2021-11-22,27.264741897583008,27.39019444601115,27.013839991117564,27.181108992224807,50144749
2021-11-23,27.682912826538086,28.05926728172237,27.306561561744637,27.34837801445604,74208389
2021-11-24,28.268352508544922,28.393805056062,27.766548699258234,27.891998056384498,63649888
2021-11-25,28.268352508544922,28.60289050832992,28.101083508652422,28.43562150843742,41971216
2021-11-26,27.641096115112305,28.18471956644484,27.5992796627923,28.101083471414018,48861133
2021-11-29,27.515647888183594,27.641097250295662,27.181109875102877,27.4738282437553,30620748
2021-11-30,27.222925186157227,27.599279637473664,27.222925186157227,27.557463185192017,65030328
2021-12-01,27.682912826538086,27.766548922351724,27.181109013219597,27.181109013219597,23926390
2021-12-02,28.35198974609375,28.393806200154113,27.682913719564187,27.682913719564187,57852692
2021-12-03,28.519256591796875,28.686525604467185,28.268354667986934,28.435623680657244,49777209
2021-12-06,28.35198974609375,28.602891660846865,28.18472073946136,28.393806200154113,26462326
2021-12-07,28.72834014892578,28.72834014892578,28.393805336230656,28.435621789018693,54215609
2021-12-08,28.519256591796875,29.146512996517256,28.519256591796875,28.8537946171375,52431726
2021-12-09,28.72834014892578,28.85379269768073,28.519254694594764,28.72834014892578,24483123
2021-12-10,28.602888107299805,29.02105897673287,28.602888107299805,28.895606439746736,31231543
2021-12-13,28.937423706054688,29.18832878711469,28.728338265431777,28.770157905868867,55981883
2021-12-14,28.519256591796875,28.8537946171375,28.435623680657244,28.8537946171375,34261913
2021-12-15,28.64470672607422,28.72833963014002,28.435621275518933,28.602890274041318,22189792
2021-12-16,28.72834014892578,28.85379269768073,28.519254694594764,28.72834014892578,23265290
2021-12-17,29.648317337036133,29.857402786253044,28.770159088403258,28.85379199193372,187356863
2021-12-20,29.77376937866211,30.40102578290688,29.77376937866211,30.02467449267286,115397468
2021-12-21,29.857402801513672,29.98285215687348,29.104693907791766,29.648317352189896,77522251
2021-12-22,29.815584182739258,29.941033528981443,29.690131646106536,29.85740063148665,51915277
2021-12-23,29.69013214111328,29.815584679837603,29.35559416477549,29.773765040002434,58297486
2021-12-24,29.731952667236328,30.024674234265884,29.606503301701686,29.94103813351843,26893176
2021-12-27,29.481048583984375,29.773766939158403,29.481048583984375,29.73195048704651,22604009
2021-12-28,29.60650062561035,29.648317077008837,29.397415178227202,29.606500625610355,20872241
2021-12-29,29.481048583984375,29.60650113071084,29.355596037257914,29.60650113071084,35010161
2021-12-30,29.564682006835938,29.60650165007223,29.481049101145057,29.5228655539905,18125314
2022-01-03,29.271963119506836,29.731950473306643,29.14651057283835,29.690134021214078,34353862
2022-01-04,28.81197166442871,29.271958952751017,28.728335581758078,29.271958952751017,45966754
2022-01-05,29.14651107788086,29.188330721088857,28.81197626495282,28.81197626495282,20483252
2022-01-06,29.104694366455078,29.14651081890067,28.853792461390714,29.14651081890067,21540451
2022-01-07,29.104694366455078,29.27196336662826,28.937425366281897,29.104694366455078,22414383
2022-01-10,29.188329696655273,29.230146148004774,28.93742460777679,28.979244249517027,18860346
2022-01-11,28.89560890197754,29.18833044975818,28.85379244954911,29.104694354510503,29939379
2022-01-12,29.14651107788086,29.14651107788086,28.895609170587118,28.895609170587118,25939464
2022-01-13,29.69013214111328,29.773765040002434,29.18832836699718,29.18832836699718,60954454
2022-01-14,29.439231872558594,29.64831732166712,29.104693877828648,29.64831732166712,27297711
2022-01-17,29.271963119506836,29.271963119506836,29.06287766865322,29.188330215321706,15682676
2022-01-18,28.937423706054688,29.2719616872076,28.937423706054688,29.18832878711469,24679769
2022-01-19,28.477436065673828,28.728337953619956,28.477436065673828,28.728337953619956,39121525
2022-01-20,28.561073303222656,28.770158749980098,28.4356207590119,28.477437210285245,23317715
2022-01-21,28.31016731262207,28.64470529292932,28.26835086268132,28.477436302775697,33915445
2022-01-24,27.975635528564453,28.18472099112414,27.80836652043851,28.18472099112414,29833687
2022-01-25,27.975635528564453,28.226537445557888,27.850182974872254,28.0174519829982,41469383
2022-01-26,28.142902374267578,28.226535276708944,27.975633378994118,27.975633378994118,23969579
2022-02-07,28.64470672607422,28.64470672607422,27.93381747034256,28.01745037440836,46143352
2022-02-08,28.853790283203125,28.93742318178082,28.435619409533516,28.64470484636832,48149920
2022-02-09,29.230148315429688,29.271964769879894,28.97924639833748,29.021062852787686,33816392
2022-02-10,29.815584182739258,29.85740063148665,29.23014432910412,29.355593675346306,65813369
2022-02-11,29.857402801513672,30.02467179905085,29.690133803976497,29.7737667075497,42831965
2022-02-14,29.69013214111328,29.73194859055786,29.35559416477549,29.648315691668703,31655818
2022-02-15,29.313779830932617,29.731950736339336,29.27196337847011,29.731950736339336,25107194
2022-02-16,29.648317337036133,29.815586334487815,29.439231887819222,29.564681243114908,27419612
2022-02-17,29.731952667236328,29.94103813351843,29.564683656132445,29.857405223162,24941363
2022-02-18,29.815584182739258,29.89921708023405,29.564679109473815,29.606498748611745,27682116
2022-02-21,30.48465919494629,30.651928192732914,29.690133848252916,29.815586394190575,106535067
2022-02-22,30.23375701904297,30.5264753697196,29.773766481707202,30.5264753697196,58439239
2022-02-23,30.15011978149414,30.44284131145252,29.94103434169128,30.108303331611694,25600677
2022-02-24,29.481048583984375,29.941035937996755,29.397415679760595,29.941035937996755,53106485
2022-02-25,30.108304977416992,30.108304977416992,29.522865075889058,29.648317622784617,47869597
2022-03-01,31.73917007446289,32.32460993798157,31.27918274969485,31.78098652391624,192173951
2022-03-02,32.03189468383789,32.45006564104306,31.739176289950755,31.990078226195614,161319482
2022-03-03,32.28279495239258,32.57551652154928,32.24097849691049,32.5337000660672,83783263
2022-03-04,32.11552429199219,32.40824262665738,32.03188820323744,32.24097363953845,67319325
2022-03-07,32.61732864379883,32.78459763389643,31.404632453579463,32.15734131382338,168693125
2022-03-08,31.27918815612793,32.74278647270413,30.861017208534726,32.4918813518353,156929352
2022-03-09,31.73917007446289,31.948255512120234,31.27918274969485,31.571901086258897,54290770
2022-03-10,32.03189468383789,32.115530789513656,31.86462566287758,32.07371114148017,53000860
2022-03-11,32.15734100341797,32.366426441424075,32.03188846445806,32.03188846445806,41874902
2022-03-14,32.4500617980957,32.53369789386674,32.32461244002541,32.366428892715504,48857475
2022-03-15,32.366424560546875,32.617326433495684,32.031886603021526,32.617326433495684,44083317
2022-03-16,32.24097442626953,32.617328858873115,31.948256084461544,32.617328858873115,50796341
2022-03-17,32.491878509521484,32.533698152935436,32.240976600992106,32.533698152935436,45613736
2022-03-18,32.65914535522461,32.78459789639996,32.450059913526125,32.53369600443991,61384637
2022-03-21,33.24458694458008,33.66275784954335,33.11913439693477,33.11913439693477,108954077
2022-03-22,33.28640365600586,33.57912520599236,32.9936852964102,33.53730556285797,75633330
2022-03-23,33.453670501708984,33.453670501708984,33.11913252053564,33.37003760161097,54676113
2022-03-24,33.453670501708984,33.57912304224665,33.328217961171326,33.453670501708984,52508866
2022-03-25,33.453670501708984,33.620939492295655,33.41185405165998,33.57912304224665,56868125
2022-03-28,33.453670501708984,33.453670501708984,32.74278127970393,33.328217961171326,45679796
2022-03-29,32.95186996459961,33.37004088704178,32.910050320042636,33.32822124248481,35138419
2022-03-30,32.57551193237305,32.82641382031004,32.07370496610847,32.82641382031004,79595936
2022-03-31,32.57551193237305,32.74278092112791,32.32461004443606,32.53369548278199,30203082
2022-04-01,32.78459548950195,32.78459548950195,32.19915565764845,32.36642463680522,36261897
2022-04-06,32.9100456237793,32.9100456237793,32.53369439959942,32.784596279182836,36592713
2022-04-07,32.4500617980957,33.11913461230978,32.408245345405604,32.65914725193703,43161380
2022-04-08,32.78459548950195,32.78459548950195,32.49187397837999,32.61732651034518,30008036
2022-04-11,32.95186996459961,33.035502872931666,32.70096485882155,32.95186996459961,30651056
2022-04-12,32.9100456237793,33.077314606965075,32.65914374419588,32.951865262368614,37186124
2022-04-13,33.035499572753906,33.16095211311049,32.9518666727766,32.993683122765255,28052076
2022-04-14,33.035499572753906,33.20276856309914,32.9518666727766,33.16095211311049,22922406
2022-04-15,33.07732391357422,33.20277648385841,32.95187453368142,33.03550745360995,29517664
2022-04-18,32.199161529541016,33.07731984226848,32.1155286199064,33.03550338745117,54938992
2022-04-19,32.28279495239258,32.45006396471197,32.24097849691049,32.28279495239258,23266767
2022-04-20,32.03189468383789,32.45006564104306,31.990078226195614,32.408249183400784,42165190
2022-04-21,31.613718032836914,32.157341455450705,31.613718032836914,32.07370536483824,49700587
2022-04-22,31.446449279785156,31.82280371441046,31.404632829358047,31.530085371030037,47897632
2022-04-25,30.610109329223633,31.237365694087973,30.61010932922363,31.19554924117519,72733030
2022-04-26,30.191938400268555,30.77737831185081,30.191938400268555,30.610109309914332,76300268
2022-04-27,29.77376937866211,29.85740548012938,29.522867455042412,29.85740548012938,62808635
2022-04-28,30.15011978149414,30.275572321532106,29.77376535177087,29.81558499204394,35353418
2022-04-29,30.191938400268555,30.40102385509144,30.15012194738215,30.31739094931863,22502249
2022-05-03,30.108304977416992,30.23375752431255,29.69013407495287,30.1919378817535,21594862
2022-05-04,30.15011978149414,30.275572321532106,30.108303331611694,30.275572321532106,15661216
2022-05-05,30.40102195739746,30.610107399168804,30.317389056845183,30.442841598064252,20202537
2022-05-06,29.941036224365234,30.024672319779736,29.77376722392705,30.024672319779736,26251831
2022-05-09,29.271963119506836,29.690134021214078,29.271963119506836,29.690134021214078,38019713
2022-05-10,28.937423706054688,29.104692696631144,28.60288891529241,28.979243346491778,35761098
2022-05-11,28.602888107299805,29.104691874463267,28.602888107299805,28.93742288861193,37128249
2022-05-12,27.766551971435547,28.561077421763468,27.766551971435547,28.435624859462305,55739317
2022-05-13,27.891998291015625,28.184719840887613,27.80836538556125,27.80836538556125,31940051
2022-05-16,27.766551971435547,28.142906467947846,27.68291586643771,28.142906467947846,28541799
2022-05-17,27.59927749633789,27.975631918456973,27.59927749633789,27.93381546941942,33297434
2022-05-18,28.059263229370117,28.142899313104934,27.641092381867164,27.682908828539382,30934011
2022-05-19,27.557462692260742,27.766548140319788,27.51564624072708,27.72473168878613,46276518
2022-05-20,27.891998291015625,27.975634386860836,27.599279931534472,27.682912836988848,19538898
2022-05-23,28.059263229370117,28.142899313104934,27.89199425229086,28.142899313104934,26062867
2022-05-24,28.059263229370117,28.39380118352863,28.059263229370117,28.10107967604234,25334156
2022-05-25,28.31016731262207,28.351986952953446,28.059265422586947,28.142901512859073,19319640
2022-05-26,28.477436065673828,28.602888604842192,28.351986716896068,28.393803166488656,23530520
2022-05-27,28.77016258239746,28.81197903924109,28.35199163317884,28.644710021475415,28322599
2022-05-30,28.853790283203125,28.97924282146024,28.68652129565717,28.853790283203125,34415741
2022-05-31,28.979246139526367,28.97924613952637,28.602891672053765,28.811977132828442,55549745
2022-06-01,28.561073303222656,28.81197520125344,28.561073303222656,28.770158749980098,28384945
2022-06-02,28.226537704467773,28.393806714128004,28.184721249650465,28.351990259310696,25584781
2022-06-06,28.979246139526367,28.97924613952637,28.14290429642767,28.226537204581163,28049127
2022-06-07,29.06287384033203,29.104690286916306,28.77015552385174,28.895604863604564,26168588
2022-06-08,29.06287384033203,29.188326370475224,28.979240947163483,29.06287384033203,16083832
2022-06-09,28.853790283203125,28.97924282146024,28.770157384625435,28.93742318178082,14089724
2022-06-10,28.853790283203125,28.97924282146024,28.602888397079475,28.68652129565717,17840593
2022-06-13,28.43562126159668,28.561073808024744,28.26835226315619,28.393804809584253,27052054
2022-06-14,28.43562126159668,28.519254165621533,28.184719359131336,28.393804809584253,29224193
2022-06-15,28.268352508544922,28.60289050832992,28.268352508544922,28.43562150843742,25008314
2022-06-16,28.059263229370117,28.561070160607887,28.059263229370117,28.561070160607887,25614060
2022-06-17,27.724733352661133,28.017451721354732,27.682913708226955,28.017451721354732,48590727
2022-06-20,26.888389587402344,27.85018072318138,26.888389587402344,27.72473137002275,54875133
2022-06-21,26.63748550415039,27.01383834085738,26.344765567692523,26.930205440608262,62025573
2022-06-22,25.926597595214844,26.721122998307692,25.926597595214844,26.679304948294885,54209896
2022-06-23,24.2539119720459,25.8429610580719,24.2539119720459,25.633875610037023,131477308
2022-06-24,24.2539119720459,24.58844836986263,24.003010072482194,24.2539119720459,78747346
2022-06-27,24.630266189575195,24.79753358934421,24.462997194610825,24.462997194610825,39772894
2022-06-28,24.421180725097656,24.54663167362889,24.086642735420558,24.504813627321575,40017339
2022-06-29,24.337547302246094,24.546632757428284,24.128461847063903,24.25391280113413,35526095
2022-06-30,23.79392433166504,24.379362621841707,23.79392433166504,24.337546170827427,49396094
2022-07-01,24.003009796142578,24.212095241770317,23.710289853224673,23.79392435051484,35111027
2022-07-04,23.961193084716797,24.212096590564492,23.75210762744144,24.044827586666027,35181116
2022-07-05,24.421180725097656,24.672082622160126,24.17027723283983,24.37936267879034,33905469
2022-07-06,24.2539119720459,24.504813871609603,24.2539119720459,24.504813871609603,31976833
2022-07-07,24.29572868347168,24.462997681767046,23.961192282076336,24.337546730643215,32393064
2022-07-08,24.546630859375,24.75571629838979,24.37936187008505,24.42117991500519,27259614
2022-07-11,24.337547302246094,24.630267258540247,24.337547302246094,24.546632757428284,20100394
2022-07-12,24.170276641845703,24.379362082683805,24.086642146471398,24.337545632594313,29133023
2022-07-13,24.29572868347168,24.4211812297909,24.17027773234785,24.337546730643215,44474959
2022-07-14,24.462997436523438,24.462997436523438,24.003010088615678,24.295728439904956,30542519
2022-07-15,24.212095260620117,24.379362660135317,24.128460763264837,24.379362660135317,39580844
2022-07-18,25.63387680053711,25.63387680053711,24.04482764071177,24.253913098457087,66739452
2022-07-19,25.299341201782227,25.508426666259766,24.83935381800984,25.132072192121996,64266029
2022-07-20,25.508426666259766,25.508426666259766,25.173890242134803,25.299341201782227,58811605
2022-07-21,25.508426666259766,25.508426666259766,25.006621232474572,25.382975706612342,72278744
2022-07-22,25.759326934814453,25.759326934814453,25.341156032657103,25.508425031598204,66881826
2022-07-25,26.177499771118164,26.219317821540898,25.633877877186737,25.71751238283669,113999013
2022-07-26,25.85260009765625,26.084670113307464,25.666943376913792,25.75977173728502,100113840
2022-07-27,25.62053108215332,25.899014403584445,25.527702718158352,25.899014403584445,48627989
2022-07-28,25.38846206665039,25.806187065401915,25.34204699753099,25.620532100585855,41347259
2022-07-29,25.71335792541504,25.71335792541504,25.434872849900234,25.620529566910104,23263169
2022-08-01,26.548810958862305,26.595224255194562,25.806185823669864,25.806185823669864,47068317
2022-08-02,26.316740036010742,26.455981690798946,26.084670021179175,26.17749838122254,35855147
2022-08-03,26.03825569152832,26.409569142192353,25.99184239547219,26.270325712916463,28445591
2022-08-04,25.85260009765625,26.084670113307464,25.71335844237626,26.038255047845,25588665
2022-08-05,26.27032470703125,26.27032470703125,25.991841400250046,26.084669759361677,18412397
2022-08-08,25.9454288482666,26.270325458622032,25.852600486499163,26.270325458622032,24986783
2022-08-09,25.99184226989746,26.13108392794688,25.806185545462412,25.94542897406557,14181284
2022-08-10,25.99184226989746,26.08467063211499,25.806185545462412,25.99184226989746,14565558
2022-08-11,26.409568786621094,26.455982082052326,26.084670406941285,26.177498768357477,28211787
2022-08-12,26.688051223754883,26.92012123439623,26.409567919206733,26.409567919206733,28383117
2022-08-15,27.059364318847656,27.198605978491408,26.780880999560157,26.92012265920391,26949109
2022-08-16,26.920124053955078,27.198607387671004,26.920124053955078,27.105780790134933,17340312
2022-08-17,27.10577964782715,27.291434605629163,26.87370962265929,26.92012291947135,21101037
2022-08-18,27.10577964782715,27.10577964782715,26.827294555293452,27.012951283649247,14766933
2022-08-19,27.10577964782715,27.152192944639207,26.92012291947135,27.012951283649247,14696503
2022-08-22,26.966535568237305,27.012950634487723,26.827293910593532,26.920122272540628,8674000
2022-08-23,26.734466552734375,26.87370998616156,26.641639957854654,26.87370998616156,14059703
2022-08-24,26.966535568237305,27.105778996434818,26.734465548646437,26.734465548646437,14947021
2022-08-25,27.059364318847656,27.152192682128078,26.966535955567235,27.01295102248433,9740992
2022-08-26,27.152191162109375,27.291432813958178,27.012949510260576,27.10577786834433,12651621
2022-08-29,26.734466552734375,26.920123283601423,26.548811592421128,26.548811592421128,17879338
2022-08-30,26.920124053955078,27.012952422045004,26.595225650917264,26.734467317775227,20241031
2022-08-31,26.873706817626953,27.012948464083102,26.68805010864969,26.780878463138322,18955507
2022-09-01,26.50239372253418,26.68805043377318,26.36315207438174,26.64163714124024,18624563
2022-09-02,26.50239372253418,26.73446372630612,26.50239372253418,26.595222078153682,15761720
2022-09-05,26.920124053955078,26.920124053955078,26.50239728282734,26.641640720239156,17123752
2022-09-06,27.10577964782715,27.152192944639207,26.92012291947135,27.10577964782715,18305592
2022-09-07,26.688051223754883,27.430674549585724,26.688051223754883,27.105777951130776,29816714
2022-09-08,27.152191162109375,27.245019520193132,26.780879500328016,26.92012115217682,28180371
2022-09-12,27.569917678833008,27.755572623036922,27.245019313284097,27.569917678833008,22214705
2022-09-13,27.662744522094727,27.662744522094727,27.33784792408764,27.523502870012596,22043507
2022-09-14,27.198606491088867,27.477091586178588,27.105779896612756,27.152193193850813,20012457
2022-09-15,27.384262084960938,27.52350374145169,27.05936370611337,27.245020428470188,20304529
2022-09-16,27.245019912719727,27.384261566574622,27.059363193877406,27.10577825886483,46164040
2022-09-19,27.198606491088867,27.523504883416646,27.152193193850813,27.33784992391063,19691127
2022-09-20,26.548810958862305,27.15219266395045,26.409569299311773,27.059364300732177,47509708
2022-09-21,26.316740036010742,26.409568396054112,25.899013301092438,26.363153330755576,45258411
2022-09-22,26.409568786621094,26.409568786621094,25.52770200899786,25.94542875009386,37855645
2022-09-23,25.85260009765625,26.038255047845,25.80618503219378,25.99184175293624,25497084
2022-09-26,25.156389236450195,25.5741141887694,25.0635608790836,25.527700895362926,31999797
2022-09-27,24.877904891967773,25.24921833229416,24.78507830243988,25.156389972212562,28443667
2022-09-28,24.738662719726562,25.249217804220507,24.599421067793184,24.87790437165994,25199597
2022-09-29,25.063562393188477,25.063562393188477,24.785079074819,24.877905667239652,20420706
2022-09-30,24.785079956054688,25.01714998646511,24.50659485722989,25.01714998646511,23402778
2022-10-03,24.553009033203125,24.73866398845107,24.32093901122787,24.553009033203125,15776157
2022-10-04,25.24921989440918,25.43487485550474,24.738664767650302,24.738664767650302,24924289
2022-10-05,25.62053108215332,25.759772742868883,25.29563269344782,25.34204599016842,21246106
2022-10-06,25.80618667602539,25.852601744444456,25.481290049861023,25.80618667602539,18175103
2022-10-07,25.574113845825195,25.806183850852843,25.527700553041118,25.66694220194698,13730365
2022-10-11,25.38846206665039,25.713360468270807,25.063563665029974,25.15639203271493,31446284
2022-10-12,25.52770233154297,25.574115627560637,25.109975585168947,25.388460672936212,17299134
2022-10-13,24.970733642578125,25.574115336714506,24.970733642578125,25.4348736796913,21408594
2022-10-14,24.970733642578125,25.388460384201476,24.970733642578125,25.295632022668094,20036745
2022-10-17,25.109975814819336,25.156390881815256,24.50659410830249,24.87790579150103,27557515
2022-10-18,25.24921989440918,25.43487485550474,25.063563162759802,25.24921989440918,25840672
2022-10-19,25.48128890991211,25.759772225752805,25.156390527728803,25.249218889860284,35346488
2022-10-20,26.548810958862305,26.548810958862305,24.97073409581291,25.063562459031186,73591887
2022-10-21,26.03825569152832,26.177499120804207,25.806185670140174,26.0846707581382,20154626
2022-10-24,25.99184226989746,26.177498994332513,25.75977224963052,26.13108392794688,18132855
2022-10-25,25.295629501342773,25.57411278763155,25.10997279678122,25.481286205904325,24261324
2022-10-26,25.342044830322266,25.527701549815127,25.20280317597947,25.342044830322266,13569094
2022-10-27,25.109975814819336,25.666944224894028,25.109975814819336,25.388460905133563,21823301
2022-10-28,25.202804565429688,25.202804565429688,24.69225121450766,25.06356290341039,20622725
2022-10-31,24.924320220947266,25.156390238329355,24.831491859883684,25.063561877265776,15791874
2022-11-01,25.063562393188477,25.15639075616289,24.831492371029324,24.924320734003736,10424640
2022-11-02,25.24921989440918,25.24921989440918,24.924321499299676,24.970734796935115,13784877
2022-11-03,24.924320220947266,25.063561877265776,24.831491859883684,24.877905155138613,13390542
2022-11-04,24.831493377685547,24.877906675777446,24.64583664421029,24.73866501094792,20302062
2022-11-07,25.202804565429688,25.202804565429688,24.877906173682128,24.877906173682128,20515305
2022-11-08,25.434871673583984,25.481286735966677,25.202801673331297,25.29563002754309,19213121
2022-11-09,25.80618667602539,25.80618667602539,25.388461683576708,25.434874981441954,19999240
2022-11-10,25.574113845825195,25.806183850852843,25.481287260257037,25.66694220194698,11558444
2022-11-11,25.99184226989746,26.08467063211499,25.666943887412994,25.806185545462412,32637586
2022-11-14,26.873706817626953,26.92012010959447,26.038253397782867,26.1310817522715,55406854
2022-11-15,27.012948989868164,27.059362282739077,26.40956732977812,26.59522227181541,33335032
2022-11-16,26.734466552734375,26.966536581041282,26.548811592421128,26.827294918167897,25127208
2022-11-17,26.3631534576416,26.548810178621903,26.27032509715145,26.3631534576416,20555680
2022-11-18,26.3631534576416,26.502395113099972,26.038255081202923,26.27032509715145,22489228
2022-11-21,26.920124053955078,26.920124053955078,26.177500650343376,26.177500650343376,27396844
2022-11-22,26.920124053955078,26.920124053955078,26.595225650917264,26.827295685865153,20720138
2022-11-23,26.920124053955078,26.966537352723115,26.780882387097115,26.920124053955078,19219695
2022-11-24,27.10577964782715,27.38426296980706,26.92012291947135,26.96653621628341,50372888
2022-11-25,26.688051223754883,27.477089614046196,26.688051223754883,27.198604538944377,37263851
2022-11-28,25.89901351928711,26.595223569647267,25.89901351928711,26.36315355286055,44150134
2022-11-29,26.641637802124023,26.873707811652793,26.08466942514425,26.08466942514425,36510881
2022-11-30,27.059364318847656,27.10577938576475,26.548810976635984,26.548810976635984,53149990
2022-12-01,27.152191162109375,27.33784787827689,26.966534445941864,27.198604455874424,34678909
2022-12-02,26.920124053955078,27.198607387671004,26.734467317775227,26.734467317775227,24592713
2022-12-05,27.10577964782715,27.152192944639207,26.502396165947697,26.73446619111555,31417106
2022-12-06,26.920124053955078,27.29143575576093,26.734467317775227,27.012952422045004,32115437
2022-12-07,26.920124053955078,27.152194088902966,26.734467317775227,26.734467317775227,22806354
2022-12-08,26.873706817626953,27.012948464083102,26.73446340061721,26.92012010959447,23874104
2022-12-09,26.966535568237305,26.966535568237305,26.780880614896855,26.780880614896855,20354544
2022-12-12,26.920124053955078,26.966537352723115,26.50239728282734,26.920124053955078,17541124
2022-12-13,27.059364318847656,27.38426270505225,26.827294295923487,27.059364318847656,45233741
2022-12-14,26.966535568237305,27.24502065407859,26.920122272540628,27.24502065407859,27900314
2022-12-15,27.152191162109375,27.56991788820945,27.012949510260576,27.198604455874424,42268016
2022-12-16,27.291433334350586,27.33784839955434,26.6880516511314,26.966534960139118,108224679
2022-12-19,26.27032470703125,27.059363103649577,26.27032470703125,26.920121450258975,111947571
2022-12-20,26.409568786621094,27.059363775426984,26.363153720636134,26.409568786621094,104836228
2022-12-21,27.569917678833008,27.616330972245574,26.688050939565052,26.780879296943834,143399534
2022-12-22,28.451784133911133,28.637440858367682,27.33784909883306,27.709160777192416,156819114
2022-12-23,28.498199462890625,28.498199462890625,27.894815988124,28.080472714291233,37112347
2022-12-26,28.405370712280273,28.683854027178086,28.266129054831364,28.498199074097457,18885354
2022-12-27,28.12688636779785,28.498199824848395,28.034059774089,28.40537146058576,20232828
2022-12-28,28.405370712280273,28.405370712280273,28.034059035565274,28.17330069301418,32698642
2022-12-29,27.80198860168457,28.21971356780171,27.56991858587937,28.21971356780171,31456984
2022-12-30,27.662744522094727,27.987642890655483,27.662744522094727,27.801987944730527,17935513
2023-01-03,28.080472946166992,28.12688624281518,27.38426287312153,27.709161261320165,26084835
2023-01-04,27.75557518005371,27.98764520960358,27.662746814123,27.89481684367287,22091782
2023-01-05,27.848400115966797,27.941228470464072,27.755571761469522,27.941228470464072,11035675
2023-01-06,27.98764419555664,27.98764419555664,27.75557417441512,27.801989240975672,10425825
2023-01-09,28.730268478393555,28.730268478393555,27.987643370305676,28.126885024774122,38857533
2023-01-10,28.637439727783203,28.77668138035159,28.498198075214816,28.591024663224626,20148958
2023-01-11,28.498199462890625,28.776682781587713,28.451784396071936,28.730269485322783,13382452
2023-01-12,28.823095321655273,29.055165337998886,28.63744037091261,28.683853665959848,30153673
2023-01-13,28.823095321655273,29.147993698647074,28.776682026608036,28.91592368230346,25895880
2023-01-16,28.823095321655273,29.194408764248024,28.63744037091261,28.96233874790441,15782170
2023-01-17,28.962339401245117,28.962339401245117,28.730269379666403,28.823095971854887,16640335
2023-01-30,29.797788619995117,29.797788619995117,29.28723529332436,29.70496203009404,54164494
2023-01-31,29.380062103271484,29.983443758554078,29.380062103271484,29.704960462440148,31242034
2023-02-01,29.7049617767334,29.844205201504792,29.33365010863497,29.33365010863497,20953439
2023-02-02,29.65854835510254,29.75137494381415,29.426478342216146,29.704961649458344,23511417
2023-02-03,29.147993087768555,29.519304752025707,29.055164729065847,29.519304752025707,16406794
2023-02-06,28.823095321655273,29.24082205929526,28.823095321655273,29.055165337998886,17650571
2023-02-07,29.19441032409668,29.28723691915085,28.915925227272737,28.962340295353634,14702117
2023-02-08,29.19441032409668,29.28723691915085,29.055166890407804,29.19441032409668,11921447
2023-02-09,29.05516815185547,29.19441159158968,28.962341552771175,29.05516815185547,8927996
2023-02-10,29.008750915527344,29.10157927256776,28.823094201446512,28.91592255848693,10750436
2023-02-13,29.19441032409668,29.240823621623765,28.82309686166476,28.915925227272737,11119350
2023-02-14,29.19441032409668,29.333651987231743,29.147995256015783,29.333651987231743,11395370
2023-02-15,29.101579666137695,29.380062970471506,28.962338013970786,29.28723461217568,15604208
2023-02-16,29.33365249633789,29.47289416188959,29.14799576189973,29.38006579467051,16216462
2023-02-17,29.42647933959961,29.42647933959961,29.194409318847416,29.287235910705295,9964396
2023-02-20,29.7049617767334,29.7049617767334,29.24082174897194,29.426478468298,16004074
2023-02-21,29.797788619995117,29.844205456053075,29.47289201423393,29.70496203009404,27830630
2023-02-22,29.65854835510254,29.704961649458344,29.47289163657195,29.61213329019305,11053719
2023-02-23,29.519304275512695,29.70496098992116,29.519304275512695,29.658547696595868,14842596
2023-02-24,29.147993087768555,29.658548175356607,29.147993087768555,29.612133110728415,31537804
2023-03-01,28.12688636779785,28.869511511345156,28.12688636779785,28.77668314708252,43797987
2023-03-02,28.451784133911133,28.591025791976673,28.03405915971451,28.17330081778005,21858552
2023-03-03,28.498199462890625,28.637441122239167,28.35895603298832,28.451784396071936,11568371
2023-03-06,28.59102439880371,28.73026782063799,28.4981978116524,28.683852756508678,13952327
2023-03-07,28.869510650634766,28.915923946105437,28.498198975208226,28.544612270678893,17081090
2023-03-08,28.962339401245117,29.0551659934336,28.683854313018408,28.776682675760643,20312769
2023-03-09,28.544612884521484,29.055166227893046,28.544612884521484,28.9623396349555,17955484
2023-03-10,28.405370712280273,28.54461236972918,28.312542350463087,28.358955646094813,19995526
2023-03-13,28.776681900024414,28.91592355510734,28.31254186937886,28.358955164221932,20491638
2023-03-14,28.498199462890625,28.776682781587713,28.498199462890625,28.498199462890625,15304629
2023-03-15,28.498199462890625,28.683854418504097,28.451784396071936,28.498199462890625,18633895
2023-03-16,28.405370712280273,28.683854027178086,28.358955646094813,28.683854027178086,16805383
2023-03-17,29.19441032409668,29.28723691915085,28.544613535394628,28.637441901002607,44925086
2023-03-20,28.962339401245117,29.240822718918075,28.776682675760643,29.240822718918075,12788075
2023-03-21,28.962339401245117,29.0551659934336,28.776682675760643,28.962339401245117,10069306
2023-03-22,28.962339401245117,29.147994356175836,28.823095971854887,29.147994356175836,12019489
2023-03-23,29.008750915527344,29.05516420877073,28.776680908203126,29.008750915527344,12435537
2023-03-24,28.869510650634766,29.14799396456624,28.823095584610368,29.14799396456624,15060491
2023-03-27,28.683855056762695,28.915925084358758,28.591026691613507,28.869511787061064,16021139
2023-03-28,28.637439727783203,28.77668138035159,28.498198075214816,28.683853021788106,16144425
2023-03-29,28.776681900024414,28.776681900024414,28.59102517954471,28.63744024494149,10312830
2023-03-30,28.776681900024414,28.776681900024414,28.63744024494149,28.776681900024414,8452880
2023-03-31,28.683855056762695,29.055166746805636,28.683855056762695,28.77668342191188,17609644
2023-04-06,28.59102439880371,28.823094407789302,28.4981978116524,28.77668111421365,15456580
2023-04-07,28.59102439880371,28.683852756508678,28.544611105228054,28.637439462933024,6941718
2023-04-10,28.683855056762695,28.869511787061064,28.591026691613507,28.730270124614186,14150090
2023-04-11,28.683855056762695,28.77668342191188,28.591026691613507,28.77668342191188,16590247
2023-04-12,28.869510650634766,28.869510650634766,28.68385392764463,28.73026899366903,21988498
2023-04-13,29.19441032409668,29.240823621623765,28.915925227272737,28.962340295353634,35206239
2023-04-14,28.869510650634766,29.240822326061306,28.68385392764463,29.194409030590638,24530867
2023-04-17,28.544612884521484,28.86951127146419,28.451784521030174,28.86951127146419,27542793
2023-04-18,28.498199462890625,28.591026055420482,28.40537109980701,28.591026055420482,12651207
2023-04-19,28.266130447387695,28.59102707392356,28.17330208099724,28.498200478086925,21063005
2023-04-20,28.266130447387695,28.312543745306012,28.034060416688465,28.17330208099724,9378078
2023-04-21,27.98764419555664,28.312542579265518,27.98764419555664,28.266129283258714,16178329
2023-04-24,27.894817352294922,27.987645719918227,27.848404053760195,27.987645719918227,10952076
2023-04-25,27.6163330078125,28.034059761530333,27.569919710978866,28.034059761530333,24123853
2023-04-26,27.198606491088867,27.569919951208497,27.059364828820904,27.523504883416646,30733028
2023-04-27,26.827293395996094,27.105778476495516,26.641638446216852,27.059363411135426,34643445
2023-04-28,27.012948989868164,27.105777346163624,26.827292277277245,26.920120633572704,19432136
2023-05-02,27.198606491088867,27.291434856118773,27.01295153158285,27.01295153158285,17449901
2023-05-03,27.059364318847656,27.198605978491408,26.966535955567235,27.152192682128078,14182323
2023-05-04,27.012948989868164,27.059362282739077,26.920120633572704,27.012948989868164,17661742
2023-05-05,27.012948989868164,27.105777346163624,26.827292277277245,27.012948989868164,18388071
2023-05-08,27.198606491088867,27.24502155888072,27.01295153158285,27.059364828820904,15128659
2023-05-09,27.245019912719727,27.245019912719727,26.966534834456244,27.10577825886483,19509557
2023-05-10,27.245019912719727,27.245019912719727,27.10577825886483,27.245019912719727,11338292
2023-05-11,27.059364318847656,27.29143434177183,27.01295102248433,27.2450210454085,8792698
2023-05-12,26.920124053955078,27.105780790134933,26.873710755187044,27.05936572081304,13543441
2023-05-15,27.059364318847656,27.10577938576475,26.780880999560157,26.827294295923487,13193698
2023-05-16,27.10577964782715,27.152192944639207,26.96653621628341,27.059364580461306,13471538
2023-05-17,27.47709083557129,27.569919198065353,27.012950793654724,27.105779156148788,23711802
2023-05-18,27.569917678833008,27.66274426565814,27.430674257488008,27.477089321454226,16594399
2023-05-19,27.47709083557129,27.70916085652957,27.384262473077225,27.662745790005665,17709100
2023-05-22,27.848400115966797,27.848400115966797,27.430673406005855,27.430673406005855,24495792
2023-05-23,27.75557518005371,27.89481684367287,27.75557518005371,27.84840354598442,18665186
2023-05-24,27.80198860168457,27.84840189662413,27.56991858587937,27.80198860168457,16575238
2023-05-25,27.291433334350586,27.66274500321211,27.291433334350586,27.616331708562054,23958743
2023-05-26,27.10577964782715,27.337849672995002,26.96653621628341,27.10577964782715,25249210
2023-05-29,26.966535568237305,27.384262311722363,26.966535568237305,27.198605587828173,29221279
2023-05-30,26.920124053955078,27.105780790134933,26.920124053955078,27.012952422045004,34368793
2023-05-31,26.920124053955078,27.29143575576093,26.920124053955078,26.920124053955078,60567332
2023-06-01,27.012948989868164,27.152190639034536,26.966533926443617,27.059362282739077,15897376
2023-06-02,27.291433334350586,27.33784839955434,27.059363319992922,27.152191679846727,16440774
2023-06-05,27.47709083557129,27.662745790005665,27.291434110583165,27.291434110583165,15557184
2023-06-06,27.75557518005371,27.801990248295976,27.52350515050384,27.52350515050384,16183632
2023-06-07,27.75557518005371,27.801990248295976,27.70916188236526,27.801990248295976,14154616
2023-06-08,27.6163330078125,27.755574668867183,27.569919710978866,27.70916137203355,10033748
2023-06-09,27.6163330078125,27.755574668867183,27.569919710978866,27.70916137203355,12117630
2023-06-12,27.52350425720215,27.662745916302086,27.47709096102009,27.616332620120026,9251114
2023-06-13,27.47709083557129,27.662745790005665,27.384262473077225,27.523504131541447,13498062
2023-06-14,27.52350425720215,27.755574279219964,27.47709096102009,27.47709096102009,13420879
2023-06-15,27.52350425720215,27.662745916302086,27.43067589428427,27.569919323937967,11919785
2023-06-16,27.6163330078125,27.70916137203355,27.477091346757813,27.523504643591448,21884295
2023-06-19,27.70915985107422,27.755573145360223,27.52350313282284,27.61633149194853,12176890
2023-06-20,27.6163330078125,27.70916137203355,27.569919710978866,27.70916137203355,13717453
2023-06-21,27.52350425720215,27.662745916302086,27.47709096102009,27.616332620120026,15069147
2023-06-26,27.47709083557129,27.662745790005665,27.33784917710707,27.523504131541447,22061766
2023-06-27,27.6163330078125,27.70916137203355,27.384262982536764,27.4306762793704,12798896
2023-06-28,27.569917678833008,27.709159329624356,27.477089321454226,27.569917678833008,12415667
2023-06-29,27.52350425720215,27.662745916302086,27.38426259810221,27.616332620120026,17387587
2023-06-30,27.291433334350586,27.52350334870825,27.291433334350586,27.38426169420439,26276180
2023-07-03,27.662744522094727,27.75557288033404,27.29143285969115,27.29143285969115,15406729
2023-07-04,27.430673599243164,27.616330309545585,27.384260306944363,27.47708866209557,17582856
2023-07-05,27.384262084960938,27.52350374145169,27.384262084960938,27.430675380273282,11251393
2023-07-06,26.873706817626953,27.245018465027883,26.82729175510584,27.245018465027883,37530317
2023-07-07,26.595224380493164,26.827294404355328,26.502396016837544,26.827294404355328,19930733
2023-07-10,26.641637802124023,26.92012110533708,26.641637802124023,26.688051095808312,10541540
2023-07-11,26.780879974365234,26.966534923265286,26.68805161463836,26.68805161463836,8353441
2023-07-12,26.780879974365234,26.873708334092107,26.641638320051776,26.73446490922495,11400272
2023-07-13,26.966535568237305,27.152192292131495,26.87370897684395,26.87370897684395,13090257
2023-07-14,27.059364318847656,27.198605978491408,26.966535955567235,27.152192682128078,14416280
2023-07-17,27.198606491088867,27.198606491088867,27.01295153158285,27.059364828820904,16507771
2023-07-18,27.10577964782715,27.245021308817105,27.012951283649247,27.059364580461306,17300894
2023-07-19,27.198606491088867,27.198606491088867,27.01295153158285,27.059364828820904,20801143
2023-07-20,27.33785057067871,27.430677167350943,27.059365469000493,27.10578053789045,27587091
2023-07-21,27.152191162109375,27.384261172041935,27.012949510260576,27.33784787827689,27095550
2023-07-24,27.291433334350586,27.291433334350586,27.105778385196672,27.152191679846727,27399008
2023-07-25,27.245019912719727,27.430674861008356,27.245019912719727,27.29143320715346,20732767
2023-07-26,27.437223434448242,27.533326162407455,27.0047639081424,27.100866636101614,28312349
2023-07-27,27.341123580932617,27.485276761858763,27.196968566999328,27.485276761858763,33794604
2023-07-28,27.100868225097656,27.341124142578995,27.004765491503687,27.341124142578995,25565988
2023-07-31,26.860612869262695,27.100868791767702,26.81256058495736,27.100868791767702,33419371
2023-08-01,27.052814483642578,27.196967659760045,26.860610859821648,26.95671175522857,20715415
2023-08-02,26.908662796020508,27.245021447572203,26.76450961192898,27.00476552975059,43027893
2023-08-04,27.19696807861328,27.19696807861328,26.860611273494744,26.908661721938216,17989617
2023-08-07,27.38917350769043,27.38917350769043,27.148917599728232,27.196968048117828,17917366
2023-08-08,27.14891815185547,27.38917406470375,27.05281542011473,27.38917406470375,18965588
2023-08-09,27.052814483642578,27.148917212056585,26.8125585791111,27.148917212056585,22084472
2023-08-10,26.812559127807617,27.004764588568953,26.71645639742695,27.004764588568953,24773934
2023-08-11,26.572303771972656,26.908662418809204,26.572303771972656,26.860611969121337,21331227
2023-08-14,26.13984489440918,26.668407186524806,26.09179261048499,26.668407186524806,28958962
2023-08-15,26.043739318847656,26.42814838327572,26.043739318847656,26.42814838327572,21127722
2023-08-16,25.803485870361328,25.9956895042908,25.755433587123576,25.9956895042908,30898347
2023-08-17,25.563230514526367,25.755434152676358,25.178821405219168,25.755434152676358,36197865
2023-08-18,26.13984489440918,26.235945796243143,25.611280769286346,25.611280769286346,27913859
2023-08-21,26.043739318847656,26.28399521324107,25.995687040164768,26.139842043206425,12512512
2023-08-22,25.659334182739258,26.23594695115447,25.611281896699797,26.23594695115447,19885790
2023-08-23,25.563230514526367,25.851536888254962,25.467127778947763,25.755434152676358,24594536
2023-08-24,25.467126846313477,25.659332310431914,25.467126846313477,25.563229578372695,22422211
2023-08-25,25.27492332458496,25.563231542919237,25.178822418147497,25.515179256693212,25111609
2023-08-28,25.467126846313477,25.51517729583951,25.274921382195043,25.274921382195043,16084736
2023-08-29,25.371023178100586,25.467125906613752,25.13076727332121,25.467125906613752,30364317
2023-08-30,25.515178680419922,25.563230965560663,25.371025491012205,25.467128228286434,19871195
2023-08-31,25.467126846313477,25.659332310431914,25.467126846313477,25.611280027898726,39668228
2023-09-01,25.659334182739258,25.803487374843062,25.467128704595996,25.515179157628168,16777494
2023-09-04,25.995689392089844,26.043741675120195,25.659332575913236,25.659332575913236,15601250
2023-09-05,26.043739318847656,26.043739318847656,25.85153387013012,25.947636594488888,10907670
2023-09-06,25.75543212890625,26.13984304101503,25.75543212890625,26.043740312987836,14815565
2023-09-07,25.467126846313477,25.755433209483975,25.419076396787446,25.755433209483975,17454313
2023-09-08,25.322973251342773,25.46712643057479,25.274920969594017,25.46712643057479,14344143
2023-09-11,25.226869583129883,25.322972310047977,25.17881913617436,25.322972310047977,17031847
2023-09-12,25.27492332458496,25.37102606402972,25.22687287136623,25.37102606402972,15697467
2023-09-13,25.322973251342773,25.41907598183316,25.226870520852387,25.322973251342773,10736881
2023-09-14,25.563230514526367,25.659333250104975,25.37102504336916,25.515178230233456,15327535
2023-09-15,25.563230514526367,25.803486436969273,25.37102504336916,25.659333250104975,47733098
2023-09-18,25.70738410949707,25.803486846601313,25.56323092034433,25.56323092034433,13763859
2023-09-19,25.467126846313477,25.755433209483975,25.467126846313477,25.707382759957945,11324592
2023-09-20,25.467126846313477,25.611280027898726,25.467126846313477,25.563229578372695,10770269
2023-09-21,25.130769729614258,25.46712839578265,25.034666991707965,25.46712839578265,32367079
2023-09-22,25.17881965637207,25.22687010432032,25.082716927468482,25.17881965637207,17681226
2023-09-25,25.17881965637207,25.27492055226857,25.082716927468482,25.27492055226857,11926789
2023-09-26,25.034664154052734,25.130766881065874,24.986613707049692,25.08271643406283,20643742
2023-09-27,24.458051681518555,24.794408479628043,24.31389667317783,24.794408479628043,53009491
2023-09-28,24.26584815979004,24.41000134661309,24.02559223741588,24.41000134661309,38692896
2023-10-02,24.26584815979004,24.26584815979004,24.02559223741588,24.26584815979004,29725706
2023-10-03,23.881439208984375,24.169745584542643,23.881439208984375,24.02559239676351,29470207
2023-10-04,23.304824829101562,23.737286229236243,23.25677437708982,23.737286229236243,39003943
2023-10-05,23.593130111694336,23.64118239448213,23.160670564647155,23.35287419677685,29288152
2023-10-06,23.689231872558594,23.689231872558594,23.40092551968646,23.545078696122527,16081637
2023-10-11,23.64118194580078,23.689232394669475,23.400926035443064,23.689232394669475,34555928
2023-10-12,23.881439208984375,23.977541945172874,23.54508054882824,23.785336472795873,22685451
2023-10-13,23.881439208984375,23.977541945172874,23.73728602120524,23.83338692438651,17388674
2023-10-16,23.785335540771484,23.785335540771484,23.448976893795507,23.7372850910637,17733091
2023-10-17,23.785335540771484,23.785335540771484,23.400926444087723,23.7372850910637,24938058
2023-10-18,23.881439208984375,23.881439208984375,23.16067143708147,23.785336472795873,72772687
2023-10-19,23.54507827758789,23.641181004505984,23.352872823751696,23.54507827758789,28300676
2023-10-20,22.968463897705078,23.25677208032488,22.872361170165142,23.25677208032488,43383203
2023-10-23,22.87236213684082,23.01651715074681,22.87236213684082,22.96846486844243,19275576
2023-10-24,22.680158615112305,22.920414528761786,22.584055883051082,22.872362246227596,24610239
2023-10-25,23.448976516723633,23.448976516723633,22.58405560484176,22.58405560484176,36542724
2023-10-26,23.11261749267578,23.352873399389694,22.968464315248852,23.160669773822825,24266529
2023-10-27,23.0645694732666,23.25677495208007,23.01651902006688,23.01651902006688,14851331
2023-10-30,23.160669326782227,23.304822501426752,23.112617046562672,23.112617046562672,13435985
2023-10-31,23.208721160888672,23.256773443979707,23.06456797762992,23.160670710804812,14290204
2023-11-01,23.11261749267578,23.400925680536737,23.11261749267578,23.304822951249754,12991362
2023-11-02,23.304824829101562,23.44897801814404,23.25677437708982,23.352875281113306,13224242
2023-11-03,23.593130111694336,23.73728512705056,23.35287419677685,23.35287419677685,15846172
2023-11-06,24.025590896606445,24.506102714538574,23.929488166418594,24.21779635698214,38594502
2023-11-07,23.833383560180664,23.833383560180664,23.54507722531833,23.833383560180664,26952707
2023-11-08,23.64118194580078,23.83338557428268,23.49702876618758,23.83338557428268,24670888
2023-11-09,23.593130111694336,23.64118239448213,23.35287419677685,23.545079661913704,20112794
2023-11-10,23.689231872558594,23.73728415337534,23.44897596749612,23.49702824831287,20079730
2023-11-13,23.54507827758789,23.833384625335125,23.49702783063237,23.737283731424082,18912504
2023-11-14,23.593130111694336,23.593130111694336,23.35287419677685,23.593130111694336,21371678
2023-11-15,23.9775390625,23.9775390625,23.689230888596025,23.785333613230684,40241464
2023-11-16,24.217796325683594,24.36194950427551,24.073641314084565,24.121693595619945,24996612
2023-11-17,24.217796325683594,24.265846774211862,24.0255908655563,24.217796325683594,19582388
2023-11-20,24.31389808654785,24.458053103268323,24.217797186077114,24.361950369790403,17827471
2023-11-21,24.69831085205078,24.794411759648227,24.410002630236495,24.45805491704253,55193454
2023-11-22,24.794408798217773,24.794408798217773,24.26584653753374,24.698307902098566,46112338
2023-11-23,24.794408798217773,24.794408798217773,24.361949266660044,24.650255621031864,55232305
2023-11-24,24.890512466430664,24.890512466430664,24.313897902925014,24.650256551053907,73407439
2023-11-27,25.130769729614258,25.130769729614258,24.602207420640543,24.842463348902644,71525303
2023-11-28,25.082717895507812,25.17882062812038,24.842461980479975,25.082717895507812,71908459
2023-11-29,25.17881965637207,25.17881965637207,24.84246102171305,25.082716927468482,70433891
2023-11-30,25.17881965637207,25.17881965637207,24.84246102171305,25.13076737541673,119550143
2023-12-01,24.986616134643555,24.986616134643555,24.794410661943402,24.89051339829348,58743809
2023-12-04,25.034664154052734,25.034664154052734,24.746357806020367,24.986613707049692,42261266
2023-12-05,25.082717895507812,25.082717895507812,24.842461980479975,24.938564713092543,29297509
2023-12-06,25.226869583129883,25.2749200300854,24.93856323538265,25.082716409256264,21608468
2023-12-07,25.034664154052734,25.226869608079014,25.034664154052734,25.178819161075975,16881685
2023-12-08,25.082717895507812,25.082717895507812,24.890512430282676,25.082717895507812,20561534
2023-12-11,24.69831085205078,25.082719981462514,24.45805491704253,25.034667694656473,45816383
2023-12-12,24.458051681518555,24.74635803218585,24.31389667317783,24.69830758474366,37816274
2023-12-13,24.16974449157715,24.45805268710524,24.02559131031668,24.45805268710524,43145281
2023-12-14,24.410001754760742,24.506104491918734,24.16974582836938,24.313899017602747,42235367
2023-12-15,25.419076919555664,25.419076919555664,24.506103695727642,24.506103695727642,110996852
2023-12-18,25.611278533935547,26.04373988647201,25.467125360759074,25.899586713295538,71576761
2023-12-19,25.611278533935547,25.70738126038888,25.13076673467594,25.611278533935547,42665576
2023-12-20,25.515178680419922,25.851537344376098,25.467128228286434,25.851537344376098,37818476
2023-12-21,25.563230514526367,25.659333250104975,25.322974592083465,25.322974592083465,26000720
2023-12-22,25.70738410949707,25.70738410949707,25.46712818324009,25.611281372392828,29242443
2023-12-25,25.803485870361328,25.899588603829656,25.65933268666243,25.707383136893004,17061109
2023-12-26,25.85153579711914,25.899588079383875,25.707382616339228,25.85153579711914,12696853
2023-12-27,25.85153579711914,25.899588079383875,25.707382616339228,25.85153579711914,19090541
2023-12-28,25.94763946533203,25.94763946533203,25.75543399534891,25.85153673034047,19954226
2023-12-29,25.94763946533203,25.94763946533203,25.803486279348295,25.94763946533203,17123285
2024-01-02,25.94763946533203,25.94763946533203,25.707383544356734,25.94763946533203,15057909
2024-01-03,25.659334182739258,25.803487374843062,25.467128704595996,25.7554350888036,22318324
2024-01-04,25.659334182739258,25.659334182739258,25.515179157628168,25.611281896699797,16330053
2024-01-05,25.659334182739258,25.659334182739258,25.563231443667625,25.659334182739258,15763027
2024-01-08,25.467126846313477,25.803485492017163,25.467126846313477,25.659332310431914,12478725
2024-01-09,24.986616134643555,25.563230719736776,24.986616134643555,25.51517843505812,26493828
2024-01-10,24.84246253967285,24.93856527444865,24.698309354012757,24.93856527444865,12779680
2024-01-11,24.794408798217773,24.89051152734408,24.698307902098566,24.794408798217773,13565460
2024-01-12,24.794408798217773,24.93856380841078,24.698307902098566,24.698307902098566,12902591
2024-01-15,24.794408798217773,24.986614256470386,24.794408798217773,24.93856380841078,8527080
2024-01-16,24.217796325683594,24.698308142994723,24.217796325683594,24.602205412931074,26726157
2024-01-17,23.833383560180664,24.265844895481138,23.833383560180664,24.217794450673072,34869640
2024-01-18,23.833383560180664,24.073639450234932,23.833383560180664,23.833383560180664,15565197
2024-01-19,23.689231872558594,23.83338504899466,23.593129143932188,23.689231872558594,24219565
2024-01-22,23.785335540771484,23.881438273194217,23.641182358640968,23.689232808348756,12468300
2024-01-23,23.833383560180664,23.977538560618804,23.785333115372598,23.785333115372598,19441516
2024-01-24,24.16974449157715,24.21779677400207,23.88143812905621,23.88143812905621,14041631
2024-01-25,24.121692657470703,24.169743104130173,24.025589931144715,24.121692657470703,11496839
2024-01-26,24.26584815979004,24.313898611061983,23.977541786143934,24.02559223741588,13309883
2024-01-29,24.458051681518555,24.602204856852204,24.26584622573564,24.26584622573564,10559400
2024-01-30,24.07364273071289,24.50610412494421,24.07364273071289,24.50610412494421,15056406
2024-01-31,24.16974449157715,24.16974449157715,23.88143812905621,24.02559131031668,23551443
2024-02-01,24.26584815979004,24.41000134661309,24.169745424238933,24.26584815979004,10402531
2024-02-02,24.16974449157715,24.265847223419847,24.02559131031668,24.21779677400207,11237105
2024-02-05,23.881439208984375,24.073642848354144,23.881439208984375,24.02559239676351,18295132
2024-02-15,23.64118194580078,23.929488305027192,23.54507921505627,23.8814378561585,27325870
2024-02-16,23.929489135742188,24.025591869822918,23.64118276650719,23.64118276650719,12913495
2024-02-19,24.410001754760742,24.410001754760742,23.92948990197802,23.977542187060642,18288946
2024-02-20,24.31389808654785,24.458053103268323,24.217797186077114,24.410000820025775,9500727
2024-02-21,24.26584815979004,24.313898611061983,24.169745424238933,24.313898611061983,9525441
2024-02-22,24.16974449157715,24.31389767283762,24.121694042159376,24.265847223419847,9676925
2024-02-23,24.025590896606445,24.21779635698214,24.025590896606445,24.16974407538466,11649661
2024-02-26,23.929489135742188,24.025591869822918,23.929489135742188,23.929489135742188,11512246
2024-02-27,23.689231872558594,23.83338504899466,23.641181424748936,23.83338504899466,25469633
2024-02-29,23.64118194580078,23.737284676545293,23.593129663924962,23.689232394669475,30716317
2024-03-01,23.49703025817871,23.641183446945213,23.400927521331962,23.593131162018217,28495743
2024-03-04,23.256771087646484,23.400924256299902,23.160668364208544,23.352871978077438,27562668
2024-03-05,23.11261749267578,23.304822951249754,23.11261749267578,23.160669773822825,23444443
2024-03-06,23.11261749267578,23.25677250310981,23.06456704453584,23.11261749267578,23195269
2024-03-07,23.016515731811523,23.11261662448151,22.9684634524695,23.064566178146517,26458836
2024-03-08,23.160669326782227,23.160669326782227,22.87236114448611,22.968463871918146,27667548
2024-03-11,23.11261749267578,23.160669773822825,23.06456704453584,23.160669773822825,12980413
2024-03-12,23.208721160888672,23.208721160888672,23.11261842771378,23.160670710804812,11902213
2024-03-13,23.016515731811523,23.11261662448151,22.872360726792483,23.064566178146517,29450556
2024-03-14,23.11261749267578,23.160669773822825,22.872361585961865,23.016516596395896,20850075
2024-03-15,22.9204158782959,23.11261952072797,22.9204158782959,23.064569068371767,30920658
2024-03-18,22.776262283325195,22.968465922340457,22.584056811302705,22.920415470838446,26497087
2024-03-19,22.728208541870117,22.82431127172089,22.632105812019343,22.680158093448288,18968165
2024-03-20,22.584054946899414,22.77626040305458,22.584054946899414,22.680157674976996,23206150
2024-03-21,22.9204158782959,23.016518616015563,22.58405721278069,22.58405721278069,17614375
2024-03-22,23.016515731811523,23.064566178146517,22.872360726792483,22.872360726792483,15571136
2024-03-25,22.9204158782959,23.064569068371767,22.82431314057623,23.016518616015563,13546178
2024-03-26,23.0645694732666,23.112619926466323,22.872363994453128,22.92041628066014,17176289
2024-03-27,22.968463897705078,23.112617072511444,22.968463897705078,23.06456662524501,13348734
2024-03-28,22.87236213684082,23.01651715074681,22.87236213684082,22.9204144191452,13341170
2024-03-29,23.016515731811523,23.064566178146517,22.920413006134506,22.920413006134506,6795000
2024-04-01,23.0645694732666,23.0645694732666,22.968466733859863,23.01651902006688,9529609
2024-04-02,23.352874755859375,23.352874755859375,23.06456838425902,23.06456838425902,22291064
2024-04-03,23.689231872558594,24.025590506247475,23.40092551968646,23.641181424748936,54187093
2024-04-08,24.025590896606445,24.025590896606445,23.59312952726468,23.68923225745253,47311562
2024-04-09,25.034664154052734,25.08271643406283,24.073640549935437,24.217795556958677,111485566
2024-04-10,24.602205276489258,25.226870268927957,24.55415299522037,25.130767539397286,47413611
2024-04-11,24.31389808654785,24.602206286981616,24.265847636312483,24.506103553503696,30558326
2024-04-12,23.881439208984375,24.073642848354144,23.83338692438651,24.073642848354144,27262546
2024-04-15,23.593130111694336,24.169744674097736,23.593130111694336,23.833386026611823,33609095
2024-04-16,23.304824829101562,23.545080755174773,23.25677437708982,23.49703030316303,24632534
2024-04-17,23.49703025817871,23.545080710098464,23.304824784485213,23.304824784485213,24799167
2024-04-18,23.833383560180664,24.025589005426866,23.54507722531833,23.593127670126393,32702678
2024-04-19,23.49703025817871,23.88143937255846,23.256774332565463,23.833387087631465,36899346
2024-04-22,23.737285614013672,23.977541533859934,23.593130595700153,23.833386515546415,22677216
2024-04-23,23.881439208984375,24.073642848354144,23.73728602120524,23.881439208984375,19482568
2024-04-24,23.785335540771484,23.977541005616946,23.7372850910637,23.929488722902,12421121
2024-04-25,23.593130111694336,23.68923284426276,23.448976929345275,23.64118239448213,11851681
2024-04-26,23.593130111694336,23.73728512705056,23.49702921213307,23.49702921213307,14545258
2024-04-29,24.025590896606445,24.025590896606445,23.68923225745253,23.68923225745253,22663319
2024-04-30,23.881439208984375,24.12169513295201,23.881439208984375,23.977541945172874,21989008
2024-05-02,23.9775390625,24.02558950831382,23.833384059044505,23.881436337865342,12671838
2024-05-03,23.9775390625,24.26584540339696,23.9775390625,24.02558950831382,22510965
2024-05-06,24.121692657470703,24.169743104130173,23.881436758159253,24.121692657470703,15729366
2024-05-07,23.929489135742188,24.265847788521146,23.929489135742188,24.169745054440416,13625167
2024-05-08,23.785335540771484,23.977541005616946,23.593130075926023,23.977541005616946,24938749
2024-05-09,23.64118194580078,23.929488305027192,23.64118194580078,23.689232394669475,16606448
2024-05-10,23.833383560180664,23.833383560180664,23.593127670126393,23.64117994794143,10766615
2024-05-13,23.881439208984375,24.02559239676351,23.73728602120524,23.73728602120524,15989978
2024-05-14,24.025590896606445,24.121693626794293,23.929488166418594,23.929488166418594,18879955
2024-05-15,23.785335540771484,24.12169418774746,23.785335540771484,24.025591455324733,22507494
2024-05-16,24.16974449157715,24.21779677400207,23.977540860898905,24.02559131031668,36325849
2024-05-17,24.07364273071289,24.217797750794812,24.025592279357067,24.169745466431763,11877799
2024-05-20,24.26584815979004,24.313898611061983,24.12169497296699,24.169745424238933,23135674
2024-05-21,23.929489135742188,24.265847788521146,23.88143868520542,24.265847788521146,15747430
2024-05-22,23.64118194580078,24.073641484640397,23.64118194580078,23.97754058690301,45286858
2024-05-23,23.208721160888672,23.6411825436721,23.208721160888672,23.54507981049721,44134220
2024-05-24,23.0645694732666,23.25677495208007,23.0645694732666,23.208722665873058,29099032
2024-05-27,22.968463897705078,23.160669352784947,22.968463897705078,23.112617072511444,38511702
2024-05-28,23.256771087646484,23.30482153286196,23.016515195555122,23.0645656407706,19944403
2024-05-29,23.016515731811523,23.304822075835542,23.016515731811523,23.25677162950055,35503225
2024-05-30,22.9204158782959,23.016518616015563,22.872363592932434,22.9684663306521,30183046
2024-05-31,22.824310302734375,22.96846347488708,22.824310302734375,22.920413028505187,61849635
2024-06-03,22.87236213684082,22.96846486844243,22.728208955941973,22.87236213684082,25003443
2024-06-04,22.680158615112305,22.824311796700563,22.680158615112305,22.776261347173527,30968997
2024-06-05,22.63210678100586,22.72820951497124,22.63210678100586,22.680159064492145,26955451
2024-06-06,22.584054946899414,22.72820812251225,22.584054946899414,22.632105394434667,30547163
2024-06-07,22.776262283325195,22.824312734827203,22.584056811302705,22.584056811302705,25768510
2024-06-11,22.43990135192871,22.7282076977665,22.43990135192871,22.584054524847605,49427096
2024-06-12,22.391849517822266,22.5360045266165,22.391849517822266,22.439901798422703,25323554
2024-06-13,22.391849517822266,22.584054974209863,22.343799070228904,22.5360045266165,30282666
2024-06-14,22.343801498413086,22.439904237050726,22.295751045597903,22.391851951228265,24362269
2024-06-17,22.5360050201416,22.68015819908563,22.34379955954482,22.34379955954482,15903393
2024-06-18,22.48795509338379,22.632108287423257,22.439904639706402,22.536007380068487,20998113
2024-06-19,22.584054946899414,22.680157674976996,22.48795221882183,22.584054946899414,22013937
2024-06-20,22.776262283325195,22.824312734827203,22.680159547313952,22.680159547313952,27199094
2024-06-21,22.680158615112305,22.920414528761786,22.680158615112305,22.872362246227596,73101591
2024-06-24,22.48795509338379,22.680160574107955,22.439904639706402,22.680160574107955,23798792
2024-06-25,22.391849517822266,22.584054974209863,22.343799070228904,22.5360045266165,25613862
2024-06-26,22.151594161987305,22.391850071913446,22.151594161987305,22.391850071913446,42058481
2024-06-27,22.151594161987305,22.247696892559187,22.103543713204928,22.103543713204928,24330051
2024-06-28,22.199647903442383,22.295750640333186,22.151595618493356,22.151595618493356,20433024
2024-07-01,22.151594161987305,22.247696892559187,22.151594161987305,22.247696892559187,15491542
2024-07-02,22.103544235229492,22.199646968071054,22.103544235229492,22.151594685146687,27698954
2024-07-03,22.199647903442383,22.247698355384163,22.103545166551577,22.151595618493356,18559951
2024-07-04,22.584054946899414,22.584054946899414,22.24769631513141,22.295748595673743,22464780
2024-07-05,22.63210678100586,22.680159064492145,22.487953596561383,22.63210678100586,13081563
2024-07-08,22.584054946899414,22.632105394434667,22.43990177128658,22.632105394434667,17590997
2024-07-09,22.29574966430664,22.5360055795125,22.29574966430664,22.48795329666703,18318869
2024-07-10,22.151594161987305,22.247696892559187,22.103543713204928,22.19964644377681,30401460
2024-07-11,22.151594161987305,22.19964644377681,22.103543713204928,22.151594161987305,20032212
2024-07-12,22.199647903442383,22.391851544216745,22.103545166551577,22.103545166551577,20452160
2024-07-15,22.48795509338379,22.48795509338379,22.247699158982236,22.247699158982236,16421055
2024-07-16,22.199647903442383,22.487954281107548,22.199647903442383,22.487954281107548,19770869
2024-07-17,22.43990135192871,22.43990135192871,22.24769589936549,22.24769589936549,13450152
2024-07-18,22.584054946899414,22.680157674976996,22.391849490744246,22.53600449936416,28548483
2024-07-19,22.43990135192871,22.584054524847605,22.199645452728205,22.536004078210322,22809555
2024-07-22,22.199647903442383,22.391851544216745,22.103545166551577,22.343801092274965,26506583
2024-07-23,22.247695922851562,22.343798649234625,22.199645476163553,22.199645476163553,15851825
2024-07-26,22.34527587890625,22.491641945003362,22.24769788112634,22.491641945003362,36089954
2024-07-29,22.34527587890625,22.44285387668616,22.29648781058905,22.44285387668616,13744725
2024-07-30,22.540430068969727,22.540430068969727,22.34527408904197,22.394064014596587,18623653
2024-07-31,22.63800811767578,22.63800811767578,22.394064072705763,22.540430127458702,17539925
2024-08-01,22.589218139648438,22.735584194062202,22.540430075225636,22.6380080652166,14739581
2024-08-02,22.442852020263672,22.540430009972148,22.29648596627363,22.540430009972148,25396767
2024-08-05,21.41828727722168,22.19890745423102,21.076765251850603,22.150119391097427,52881462
2024-08-06,21.564655303955078,21.613443371559615,20.83282312301415,21.41828923999599,45363301
2024-08-07,21.759807586669922,21.85738557473364,21.467075483624086,21.467075483624086,19761273
2024-08-08,21.564655303955078,21.711021367914167,21.41828923999599,21.467077307600526,16642939
2024-08-09,21.759807586669922,22.05254155086108,21.662231459751524,21.662231459751524,36733403
2024-08-12,21.71101951599121,22.052541543528,21.71101951599121,21.759807579434185,15328307
2024-08-13,21.564655303955078,21.759809435518704,21.51586537520506,21.759809435518704,14890056
2024-08-14,22.15011978149414,22.63800786601035,21.808597750103722,21.857385814097206,46985458
2024-08-15,21.759807586669922,22.540429630034357,21.711019523210723,22.442851641970638,32030892
2024-08-16,21.759807586669922,21.95496356279736,21.662231459751524,21.95496356279736,28270064
2024-08-19,21.46707534790039,21.759807449095455,21.46707534790039,21.759807449095455,30746799
2024-08-20,21.41828727722168,21.515863403488865,21.369497352942776,21.515863403488865,17553125
2024-08-21,21.41828727722168,21.564653327767765,21.369497352942776,21.467075340355272,13965649
2024-08-22,21.759807586669922,21.90617549933816,21.467075483624086,21.515863547083285,18339991
2024-08-23,21.61344337463379,21.71102137100222,21.515865378265357,21.662233303390746,8288892
2024-08-26,21.808597564697266,21.808597564697266,21.61344158809177,21.662231512815808,10719343
2024-08-27,21.857385635375977,21.857385635375977,21.613441595112526,21.711019583446973,12244387
2024-08-28,21.808597564697266,21.906175553000015,21.711019576394516,21.857385628275978,11047355
2024-08-29,21.759807586669922,21.808597511274442,21.662231459751524,21.808597511274442,9940891
2024-08-30,21.71101951599121,21.906175492053755,21.71101951599121,21.759807579434185,34082081
2024-09-02,21.564655303955078,21.857387431873256,21.564655303955078,21.80859936426872,9825238
2024-09-03,21.369497299194336,21.61344133653935,21.369497299194336,21.61344133653935,20712106
2024-09-04,20.68645477294922,20.979186868516926,20.491298801807233,20.881608882945933,43822474
2024-09-05,20.588878631591797,20.73524469248614,20.54008870386339,20.686456625903173,20106391
2024-09-06,20.540088653564453,20.588878581173386,20.247356532492613,20.588878581173386,20839298
2024-09-09,20.052200317382812,20.19856823740747,19.85704619259229,20.100990244439505,25854930
2024-09-10,19.905834197998047,20.10099018334079,19.905834197998047,20.0522002564324,17927808
2024-09-11,19.71068000793457,19.905834131479768,19.61310201558927,19.905834131479768,26669010
2024-09-12,20.149778366088867,20.19856829328052,19.759468254282737,19.808256320328972,20063625
2024-09-13,20.540088653564453,20.588878581173386,20.100990471956695,20.14977853842019,16974538
2024-09-16,20.881610870361328,21.076766860077363,20.491300752074707,20.588878746932725,20504441
2024-09-18,21.076765060424805,21.12555312311529,20.8328210246818,20.881609087372283,19962141
2024-09-19,20.784032821655273,20.88161081626048,20.588878693590303,20.784032821655273,20435020
2024-09-20,20.637666702270508,21.027976818448032,20.637666702270508,20.7840327631939,73952724
2024-09-23,20.73524284362793,20.832820829238763,20.588876795784316,20.68645478139515,18151380
2024-09-24,20.784032821655273,20.8328227495306,20.491300698985093,20.637666760320183,19331513
2024-09-25,21.320711135864258,21.36949920322217,20.97918908092247,20.97918908092247,39736092
2024-09-26,21.223133087158203,21.418289078394857,21.174345019921773,21.418289078394857,19038283
2024-09-27,22.540430068969727,22.881952103270628,21.320709847284625,21.418287837248506,99192277
2024-09-30,22.589218139648438,23.22347228287165,22.491640149657478,22.881952109621324,82548478
2024-10-01,22.784374237060547,22.930740292228677,22.491640265578916,22.930740292228677,28623128
2024-10-04,23.125896453857422,23.321050575224195,23.028318462601344,23.223472583968118,74666724
2024-10-07,23.223472595214844,23.223472595214844,23.02831847375356,23.125896465056893,44566283
2024-10-08,23.125896453857422,23.369840501424925,23.028318462601344,23.125896453857422,47282616
2024-10-09,22.15011978149414,23.22347207851353,22.15011978149414,23.125895950526562,42538757
2024-10-11,22.15011978149414,22.44285188774573,22.15011978149414,22.296485834619936,11101852
2024-10-14,21.808597564697266,22.247695720341646,21.711019576394516,22.247695720341646,17073546
2024-10-15,21.808597564697266,21.906175553000015,21.56465352451306,21.857385628275978,21110388
2024-10-16,21.61344337463379,22.10133149533047,21.61344337463379,21.85738743498213,26016065
2024-10-17,21.906177520751953,22.101331653742108,21.66223345865514,21.66223345865514,18745319
2024-10-18,22.39406394958496,22.442852013852587,21.906175862327295,22.052541916275526,25719516
2024-10-21,22.052541732788086,22.638007804855004,22.052541732788086,22.638007804855004,19611948
2024-10-22,21.857385635375977,22.052541612044866,21.75980764704153,22.052541612044866,16432974
2024-10-23,21.759807586669922,22.00375162625656,21.759807586669922,21.85738557473364,9317428
2024-10-24,21.71101951599121,21.857385567465457,21.56465346451696,21.71101951599121,9143453
2024-10-25,22.003753662109375,22.003753662109375,21.759809599952305,21.759809599952305,9539323
2024-10-28,22.19890785217285,22.24769591618103,21.857385820679585,22.00375187384946,12019987
2024-10-29,22.052541732788086,22.150119721656793,21.808597691188982,22.150119721656793,15164068
2024-10-30,21.954965591430664,22.101331656477768,21.808599526383556,22.052543588510563,13025155
2024-11-01,22.15011978149414,22.296485834619936,21.613441771839103,21.7598078249649,30859324
2024-11-04,22.15011978149414,22.24769590948111,21.954963803229518,22.003751867223002,11997895
2024-11-05,22.34527587890625,22.34527587890625,22.150121744491937,22.150121744491937,15793925
2024-11-06,22.540430068969727,22.540430068969727,22.101330044704948,22.296486024632706,19837656
2024-11-07,22.589218139648438,23.028318164035085,22.540430075225636,22.589218139648438,27834021
2024-11-08,22.686798095703125,22.83316416280114,22.540432028605114,22.686798095703125,20621204
2024-11-11,22.63800811767578,22.63800811767578,22.24769615680746,22.63800811767578,17155975
2024-11-12,21.759807586669922,22.2476956658432,21.759807586669922,22.198907602384,33607262
2024-11-13,21.906177520751953,21.95496558871312,21.613443529548483,21.66223345865514,16126972
2024-11-14,21.71101951599121,21.857385567465457,21.56465346451696,21.808597504022483,14751280
2024-11-15,21.515865325927734,21.906177310452023,21.515865325927734,21.66223325069708,20532127
2024-11-18,21.906177520751953,22.003753656674284,21.51586553248066,21.613443529548483,17811510
2024-11-19,21.808597564697266,21.954963616578727,21.711019576394516,21.808597564697266,13666414
2024-11-20,21.759807586669922,21.759807586669922,21.759807586669922,21.759807586669922,13951434
2024-11-21,21.515865325927734,21.66223325069708,21.515865325927734,21.613443322058806,11522761
2024-11-22,21.564655303955078,21.759809435518704,21.564655303955078,21.66223330030963,7558649
2024-11-25,21.759807586669922,22.00375162625656,21.613441535147004,21.85738557473364,31000315
2024-11-26,21.564655303955078,21.80859936426872,21.564655303955078,21.66223330030963,8380227
2024-11-27,21.223133087158203,21.613443208486043,21.223133087158203,21.564655141249613,19844379
2024-11-28,21.223133087158203,21.36949915001296,20.97918902868512,21.32071108277653,12814177
2024-11-29,20.68645477294922,21.027974930729787,20.68645477294922,21.027974930729787,24337048
2024-12-02,20.68645477294922,20.930398806304066,20.68645477294922,20.68645477294922,14963847
2024-12-03,21.02797508239746,21.02797508239746,20.735242984718376,20.784031047283126,15231884
2024-12-04,21.125553131103516,21.125553131103516,20.881609095268267,21.027975144540356,13481864
2024-12-05,20.68645477294922,21.12555291630078,20.68645477294922,21.12555291630078,12928639
2024-12-06,20.637666702270508,20.83282269093199,20.588878635677858,20.83282269093199,11656615
2024-12-09,20.491300582885742,20.686456570990448,20.491300582885742,20.588878576938093,16072001
2024-12-10,20.491300582885742,20.784032703897363,20.491300582885742,20.5400886493392,14568712
2024-12-11,20.296144485473633,20.4913004725273,20.149778425756093,20.4913004725273,20463300
2024-12-12,20.0034122467041,20.344934291437887,20.0034122467041,20.296144364392827,21568977
2024-12-13,19.75946807861328,20.00341212896653,19.710680013000793,20.00341212896653,23750762
2024-12-16,19.75946807861328,19.80825614422577,19.51552402826003,19.75946807861328,32687754
2024-12-17,19.51552391052246,19.6618899676223,19.51552391052246,19.6618899676223,22777945
2024-12-18,19.564311981201172,19.661889973009597,19.515523915869654,19.515523915869654,19840178
2024-12-19,19.46673583984375,19.56431197045318,19.320367921638823,19.515523905148463,20156774
2024-12-20,19.417945861816406,19.46673578813692,19.32036787032077,19.417945861816406,29358134
2024-12-23,19.51552391052246,19.61310190230415,19.41794591874077,19.46673584520431,18084801
2024-12-24,19.46673583984375,19.661889962208,19.46673583984375,19.56431197045318,14353814
2024-12-25,19.46673583984375,19.56431197045318,19.417945913393645,19.515523905148463,12808113
2024-12-26,19.51552391052246,19.61310190230415,19.46673584520431,19.51552391052246,10925306
2024-12-27,19.51552391052246,19.51552391052246,19.41794591874077,19.51552391052246,12400622
2024-12-30,19.369157791137695,19.515523847766868,19.369157791137695,19.515523847766868,14853640
2024-12-31,19.174001693725586,19.36915767549625,19.076423702840252,19.320367749480898,20484271
2025-01-02,18.78369140625,19.12521344041089,18.686113416326123,19.12521344041089,29982286
2025-01-03,18.539749145507812,18.783693213211862,18.539749145507812,18.783693213211862,26769768
2025-01-06,18.83247947692871,18.978847392436087,18.44216937824821,18.539747368204676,29000988
2025-01-07,18.4909610748291,18.783693211590478,18.4909610748291,18.783693211590478,31897887
2025-01-08,18.442169189453125,18.53974717841067,18.247015072683375,18.490959114504566,27768413
2025-01-09,18.149438858032227,18.393382923701623,18.149438858032227,18.393382923701623,26603670
2025-01-10,17.856704711914062,18.149438704935335,17.807916643649936,18.100648775525706,33212820
2025-01-13,17.661548614501953,17.807914664170184,17.417604578006472,17.807914664170184,47882933
2025-01-14,17.905492782592773,18.051858833336713,17.66154874430444,17.66154874430444,28039025
2025-01-15,18.24701499938965,18.588535167651244,17.90549296998272,17.90549296998272,36850268
2025-01-16,18.442169189453125,18.588535242316773,18.344591200495582,18.53974717841067,24772020
2025-01-17,19.07642364501953,19.27157962619868,18.588535553217035,18.637325479084506,51845650
2025-01-20,19.07642364501953,19.174001635609105,18.832479599118283,19.125213570887002,27092634
2025-01-21,19.613101959228516,19.808256082212914,19.125213860049424,19.222791852114323,44743573
2025-01-22,19.661890029907227,19.857046014088823,19.51552397234373,19.808256087470724,26602155
2025-02-03,19.51552391052246,19.75946795940399,19.32036792695908,19.46673584520431,30898467
2025-02-04,19.125213623046875,19.661889781035143,19.125213623046875,19.661889781035143,22707520
2025-02-05,19.125213623046875,19.515523725324286,19.125213623046875,19.320367743612895,18486161
2025-02-06,19.417945861816406,19.515523853312043,19.222791739970518,19.417945861816406,12761054
2025-02-07,19.174001693725586,19.41794574036623,19.076423702840252,19.41794574036623,13201339
2025-02-10,19.564311981201172,19.808256030149543,19.174001875112857,19.174001875112857,36066438
2025-02-11,19.417945861816406,19.71067983630332,19.32036787032077,19.661889909982808,23362366
2025-02-12,19.613101959228516,19.71067995129341,19.417945975098718,19.515523967163617,18503496
2025-02-13,21.369497299194336,21.56465327352847,19.613100974768344,19.71067896193541,119595595
2025-02-14,22.686798095703125,22.93074216124832,21.174345633781126,21.467077767977152,253034762
2025-02-17,22.29648780822754,22.88195393369949,22.052543744376354,22.833164004241947,91729878
2025-02-18,21.857385635375977,22.19890766397387,21.662231519852412,22.101329675639427,54531539
2025-02-19,21.808597564697266,22.247695720341646,21.808597564697266,21.906175553000015,36575774
2025-02-20,22.101329803466797,22.54042982293876,22.00375181456799,22.052541739590062,38025520
2025-02-21,22.442852020263672,22.540430009972148,22.101329986856676,22.247696040846716,41150889
2025-02-24,22.63800811767578,22.833162236964576,22.198908092271605,22.394064072705763,49971882
2025-02-25,23.3210506439209,23.3210506439209,22.44285244232006,22.540430433863573,106905382
2025-02-26,23.223472595214844,23.41862857782151,23.02831847375356,23.369840512742535,60750115
2025-02-27,23.760150909423828,23.760150909423828,23.22347288121884,23.321050873723873,119756768
2025-03-03,23.418628692626953,23.516206684408644,22.78437453776405,23.028318586645582,77102239
2025-03-04,23.028318405151367,23.22347252603128,22.735584432113434,23.174684461097645,53062588
2025-03-05,23.516206741333008,23.6137847333509,22.881952584934805,23.028318642388943,59479308
2025-03-06,23.662572860717773,24.004094903101542,23.41862881060728,23.613784795153833,74512701
2025-03-07,23.662572860717773,23.906516910828266,23.41862881060728,23.564994868444494,35819298
2025-03-10,24.101673126220703,24.29682725149104,23.613785021326724,23.760151080565834,91427684
2025-03-11,23.711360931396484,23.955304981559596,23.27226275779012,23.857728850410673,54721556
2025-03-12,23.56499481201172,24.00409484561722,23.272262697038315,23.80893886153802,38900145
2025-03-13,23.125896453857422,23.564994622791698,22.979528536400615,23.564994622791698,35858175
2025-03-14,23.711360931396484,23.711360931396484,23.174684765495794,23.223472831070257,43648906
2025-03-17,23.516206741333008,23.66257279878715,23.321050757297225,23.6137847333509,25190438
2025-03-18,23.56499481201172,23.66257280405132,23.418628754525017,23.56499481201172,23698389
2025-03-19,23.516206741333008,23.6137847333509,23.321050757297225,23.41862874931512,25448054
2025-03-20,23.760150909423828,23.760150909423828,23.467416931908723,23.71136098259861,40438710
2025-03-21,23.223472595214844,23.760150616810485,23.02831847375356,23.760150616810485,61489340
2025-03-24,23.125896453857422,23.369840501424925,23.028318462601344,23.223472583968118,24386085
2025-03-25,22.540430068969727,23.369840191944668,22.491640143415108,23.32105026639005,37870508
2025-03-26,22.63800811767578,22.78437417242872,22.296486082488684,22.540430127458702,28161129
2025-03-27,22.8819522857666,22.8819522857666,22.44285225799976,22.540430248741878,19019040
2025-03-28,22.442852020263672,22.97952817194227,22.247696040846716,22.97952817194227,29464935
2025-03-31,21.857385635375977,22.39406364064276,21.857385635375977,22.101329675639427,34412583
2025-04-01,22.39406394958496,22.54043000353319,21.95496392659492,21.95496392659492,21369739
2025-04-02,22.29648780822754,22.491641942621186,22.10133181268839,22.44285387430915,18698067
2025-04-07,20.100990295410156,20.100990295410156,20.100990295410156,20.100990295410156,13710207
2025-04-08,19.954622268676758,20.588876370322634,19.613100256668908,20.588876370322634,61498054
2025-04-09,18.539749145507812,19.61310341563474,18.344593146886357,19.417947417013288,94051266
2025-04-10,20.393722534179688,20.393722534179688,20.393722534179688,20.393722534179688,14773219
2025-04-11,19.954622268676758,20.296142419539372,19.75946630148792,20.296142419539372,51700756
2025-04-14,20.637666702270508,21.076766746186124,20.296144652685634,20.393722647016375,40042484
2025-04-15,20.832822799682617,20.979188861370062,20.686456737995172,20.686456737995172,14913585
2025-04-16,20.393722534179688,20.68645651555224,20.149778480275277,20.54008859429325,23407071
2025-04-17,20.0034122467041,20.393722357337538,20.0034122467041,20.393722357337538,14189286
2025-04-18,19.905834197998047,20.10099018334079,19.808256205326675,20.0522002564324,12815724
2025-04-21,19.51552391052246,19.90583401650383,19.51552391052246,19.90583401650383,15333739
2025-04-22,19.71068000793457,19.808256139134468,19.32036803855337,19.46673595764402,12858651
2025-04-23,20.149778366088867,20.149778366088867,19.808256320328972,19.905834313566857,14413916
2025-04-24,20.0034122467041,20.198568232593527,19.95462418080445,20.100990239648816,10084926
2025-04-25,19.808256149291992,20.198568118873343,19.808256149291992,20.052200199707634,16507567
2025-04-28,19.954622268676758,20.14977637472036,19.80825436271251,19.90583234630693,15140803
2025-04-29,20.149778366088867,20.19856829328052,19.759468254282737,20.003412306804744,16489059
2025-04-30,20.149778366088867,20.149778366088867,19.905834313566857,19.954624240758513,15292724
2025-05-02,20.19856834411621,20.19856834411621,19.954624290980245,20.149778416801762,11857308
2025-05-05,20.637666702270508,20.83282269093199,20.344934580423725,20.393722647016375,33151076
2025-05-06,21.369497299194336,21.711019323706417,20.930399148660488,20.97918721167137,48074567
2025-05-07,21.02797508239746,21.564653076336167,20.979187019832708,21.418287027496625,22903143
2025-05-08,20.73524284362793,21.07676486269321,20.73524284362793,21.027974939315154,18052313
2025-05-09,20.784032821655273,20.88161081626048,20.393722704379883,20.68645668819551,20941472
2025-05-12,20.832822799682617,21.027976928217395,20.735244804842505,20.88161086652995,14150023
2025-05-13,20.881610870361328,20.979188865219346,20.63766681378901,20.930400798363063,17367714
2025-05-14,20.979188919067383,21.02797698604889,20.784032928850433,20.979188919067383,14573770
2025-05-15,20.784032821655273,20.93040074413581,20.491300698985093,20.88161081626048,22666842
2025-05-16,20.491300582885742,20.588878576938093,20.442512516432284,20.491300582885742,20084376
2025-05-19,20.588878631591797,20.73524469248614,20.344934576386077,20.49130063728042,25806692
2025-05-20,21.125553131103516,21.125553131103516,20.63766505943302,20.68645498328724,26630960
2025-05-21,20.540088653564453,21.027976762781144,20.442512520637464,21.027976762781144,36377676
2025-05-22,19.954622268676758,20.540086447952806,19.90583234630693,20.540086447952806,33539283
2025-05-23,19.808256149291992,20.052200199707634,19.56431209887635,20.00341213408267,38070842
2025-05-26,19.71068000793457,19.954624058225118,19.564312088843916,19.808256139134468,24429322
2025-05-27,19.51552391052246,19.857045951185682,19.51552391052246,19.61310190230415,21667511
2025-05-28,19.564311981201172,19.759467964818025,19.46673585053814,19.710679899486507,26380464
2025-05-29,19.27157974243164,19.661889845998648,19.27157974243164,19.661889845998648,76189029
2025-06-02,18.73490333557129,19.222791423881528,18.588535420161932,19.222791423881528,46588463
2025-06-03,18.78369140625,19.027635450487015,18.73490334186074,18.73490334186074,20604048
2025-06-04,18.73490333557129,19.02763544409929,18.73490333557129,18.88126938983529,26505374
2025-06-05,18.930057525634766,19.17400157071033,18.73490340626153,18.832479535375466,14960352
2025-06-06,19.07642364501953,19.174001635609105,18.930057589707857,18.97884751557533,15950798
2025-06-09,18.881271362304688,19.27158150149833,18.78369336221989,19.27158150149833,15860026
2025-06-10,18.930057525634766,19.12521350615336,18.881269461077796,18.930057525634766,19929216
2025-06-11,19.02763557434082,19.02763557434082,18.832479593222764,18.97884750963399,15130214
2025-06-12,18.97884750366211,19.12521355888191,18.881269513133788,19.027635568353585,14262742
2025-06-13,18.73490333557129,18.83247946431705,18.588535420161932,18.783691399944168,25928196
2025-06-16,18.73490333557129,18.783691399944168,18.53974735578905,18.73490333557129,15142280
2025-06-17,18.637325286865234,18.832479404886257,18.637325286865234,18.73490327644842,13740567
2025-06-18,18.637325286865234,18.78369134066734,18.637325286865234,18.637325286865234,16181131
2025-06-19,18.4909610748291,18.734905142512094,18.44217114460518,18.63732714320979,25795720
2025-06-20,18.198226928710938,18.539748992914788,18.149438860029896,18.490960924233747,42375611
2025-06-23,18.003070831298828,18.100646958029408,17.807914855547036,18.051858894664118,24299391
2025-06-24,18.442169189453125,18.490959114504566,18.198225147631934,18.247015072683375,19065994
2025-06-25,18.29580307006836,18.58853517473132,18.29580307006836,18.539747111002605,16806412
2025-06-26,18.539749145507812,18.63732714481854,18.344593146886357,18.39338307711449,23617710
2025-06-27,18.637325286865234,18.73490327644842,18.539747297282048,18.539747297282048,18295735
2025-06-30,18.34459114074707,18.539747118026536,18.29580307699987,18.490959054279337,17042060
2025-07-01,18.539749145507812,18.686115213901136,18.295805077803763,18.344593146886357,18213531
2025-07-02,18.34459114074707,18.442169129386805,18.24701501325267,18.29580307699987,14053809
2025-07-03,18.930057525634766,18.930057525634766,18.39338137092667,18.39338137092667,30960857
2025-07-04,18.78369140625,19.12521344041089,18.73490334186074,19.027635450487015,12790396
2025-07-07,18.539749145507812,18.783693213211862,18.39338307711449,18.783693213211862,14554573
2025-07-08,18.34459114074707,18.490959054279337,18.19822508836014,18.490959054279337,21575719
2025-07-09,18.442169189453125,18.490959114504566,18.247015072683375,18.344591200495582,17904105
2025-07-10,18.4909610748291,18.4909610748291,18.295805076224493,18.344593145302877,13122931
2025-07-11,18.34459114074707,18.490959054279337,18.34459114074707,18.490959054279337,14344028
2025-07-14,18.393381118774414,18.49095910769603,18.295803129852796,18.344591193740936,14072125
2025-07-15,18.442169189453125,18.490959114504566,18.295803136589477,18.344591200495582,22430995
2025-07-16,18.34459114074707,18.490959054279337,18.29580307699987,18.34459114074707,15436708
2025-07-17,18.78369140625,18.78369140625,18.39338130769985,18.39338130769985,22078548
2025-07-18,18.539749145507812,18.88127121252259,18.539749145507812,18.83248128229446,17238957
2025-07-21,18.73490333557129,18.83247946431705,18.588535420161932,18.588535420161932,14714242
2025-07-22,18.78369140625,19.07642351487627,18.686113416326123,18.78369140625,21630277
2025-07-23,19.51552391052246,19.51552391052246,18.88126975565956,18.93005782097771,52835743
2025-07-24,19.49567985534668,19.64450146339051,19.297251675411378,19.594894891499038,20036213
2025-07-25,19.49567985534668,19.84293153569523,19.39646481919432,19.49567985534668,19815902
2025-07-28,19.247644424438477,19.545289551657813,19.098822807013576,19.495681084269822,21966921
2025-07-29,19.04921531677246,19.446073574961588,19.04921531677246,19.2476434996823,14874681
2025-07-30,19.644502639770508,19.644502639770508,19.09882274680948,19.19803778890317,26892754
2025-07-31,19.297252655029297,19.74371750182541,19.19803761384032,19.74371750182541,23637205
2025-08-04,18.99960708618164,19.049215551798245,18.60274882309615,18.99960708618164,19864340
2025-08-05,19.09882164001465,19.19803667635874,18.950000031683224,18.99960660367056,14000210
2025-08-06,19.04921531677246,19.1980369270472,18.99960685176792,19.14842846204266,14307883
2025-08-07,19.04921531677246,19.1980369270472,19.04921531677246,19.09882188940756,12988309
2025-08-08,18.99960708618164,19.19803716390912,18.950000512934505,19.049215551798245,15855596
2025-08-11,19.19803810119629,19.24764467686532,18.90039297007343,18.99960801378105,18634082
2025-08-12,19.346858978271484,19.446074018172418,19.198037364604833,19.198037364604833,20331635
2025-08-13,19.49567985534668,19.64450146339051,19.297251675411378,19.39646481919432,34824034
2025-08-14,19.694110870361328,19.694110870361328,19.446074214292217,19.54528925519376,27668496
2025-08-15,20.339006423950195,20.438221467906793,19.644503008623584,19.842933096536775,65742256
2025-08-18,20.239789962768555,20.48782660910731,20.04136178111921,20.339004999777945,38173020
2025-08-19,20.041362762451172,20.239790953816616,19.892539253465177,20.14057591194913,23268161
2025-08-20,19.99175453186035,20.041362999565788,19.694111295105923,19.99175453186035,28184237
2025-08-21,20.190183639526367,20.438220288925045,20.090968601293003,20.140575174224956,23819706
2025-08-22,19.99175453186035,20.190184617943004,19.892539488819025,20.190184617943004,19539340
2025-08-25,20.239789962768555,20.43822003678733,20.090968353439187,20.140574925759168,24007496
2025-08-26,19.942148208618164,20.239791449135176,19.842933164322638,20.140576404839646,43705958
2025-08-27,20.140575408935547,20.48782710061433,20.0909688354255,20.0909688354255,31981817
2025-08-28,19.99175453186035,20.190184617943004,19.94214795652446,20.140576150237564,20673223
2025-08-29,19.942148208618164,20.388613069393678,19.892539740285613,20.190184873172196,26936445
2025-09-01,19.793325424194336,19.94214703569974,19.64450192031947,19.94214703569974,25410283
2025-09-02,19.59489631652832,19.842932978762853,19.545289741029233,19.842932978762853,17516159
2025-09-03,19.5452880859375,19.842931298466745,19.24764298103886,19.59489465723591,43081555
2025-09-04,19.694110870361328,20.48782741283468,19.54528925519376,20.090969141598002,73338994
2025-09-05,19.396465301513672,19.84293202911658,19.346858728388664,19.743716990497106,34091602
2025-09-08,19.396465301513672,19.545288805627617,19.24764368976919,19.396465301513672,21580915
2025-09-09,19.346858978271484,19.545289058073347,19.247643938370555,19.446074018172418,25055258
2025-09-10,19.297252655029297,19.446074270628003,19.148429147061076,19.346859229439026,27622327
2025-09-11,18.99960708618164,19.346858776019996,18.99960708618164,19.29725220277286,36761958
2025-09-12,19.19803810119629,19.29725314490391,19.09882305748867,19.09882305748867,20566070
2025-09-15,19.09882164001465,19.346858284690164,19.049215068027316,19.19803667635874,20269167
2025-09-16,19.04921531677246,19.1980369270472,19.04921531677246,19.09882188940756,18730245
2025-09-17,19.04921531677246,19.346858537321943,19.04921531677246,19.04921531677246,25635910
2025-09-18,19.19803810119629,19.396466296241968,19.19803810119629,19.24764467686532,25463744
2025-09-19,19.247644424438477,19.297252891826467,19.098822807013576,19.247644424438477,31384210
2025-09-22,19.297252655029297,19.346859229439026,19.19803761384032,19.297252655029297,19063727
2025-09-23,19.297252655029297,19.545289311816976,19.297252655029297,19.39646580384876,21048706
2025-09-24,19.19803810119629,19.34685972057294,19.1484296331577,19.24764467686532,14034091
2025-09-25,19.49567985534668,19.74371649954287,19.19803663925902,19.24764321115049,35929504
2025-09-26,19.396465301513672,19.545288805627617,19.29725215526366,19.545288805627617,16221497
2025-09-30,19.247644424438477,19.594896126676268,19.247644424438477,19.446074509251368,25207408
2025-10-01,19.148427963256836,19.346858033367337,19.148427963256836,19.346858033367337,17186591
2025-10-02,19.04921531677246,19.2476434996823,19.04921531677246,19.2476434996823,26714801
2025-10-03,18.850786209106445,19.09882286975258,18.850786209106445,19.049216294571174,28086030
2025-10-07,18.801179885864258,18.950001505772267,18.75157141764854,18.850786461710406,31720201
2025-10-08,18.850786209106445,18.900392784287856,18.75157116637408,18.850786209106445,20160924
2025-10-09,18.850786209106445,18.95000125183881,18.75157116637408,18.900392784287856,28735483
2025-10-13,18.850786209106445,18.850786209106445,18.35471288781417,18.65235612364172,36482334
2025-10-14,18.701963424682617,18.900391605401108,18.701963424682617,18.85078503331384,35799752
2025-10-15,18.553142547607422,18.850785776606035,18.553142547607422,18.751570736149997,27851689
2025-10-16,18.652355194091797,18.801178696958416,18.602748621382556,18.602748621382556,14691617
2025-10-17,18.900392532348633,19.148429189688482,18.652355875008784,18.701964341898464,28534330
2025-10-20,18.751569747924805,18.94999981837943,18.70196317649585,18.94999981837943,19318143
2025-10-21,18.60274887084961,18.950000561579362,18.60274887084961,18.900392095835414,25518967
2025-10-22,18.652355194091797,18.751570231879725,18.553142048673315,18.652355194091797,13092344
2025-10-23,18.751569747924805,18.801178211723162,18.553141569839582,18.652354712697495,11891405
2025-10-27,18.801179885864258,18.950001505772267,18.701964841802393,18.801179885864258,19411726
2025-10-28,18.801179885864258,18.950001505772267,18.701964841802393,18.850786461710406,20211029
2025-10-29,18.60274887084961,18.80117894908646,18.553142297475134,18.80117894908646,18859889
2025-10-30,18.60274887084961,18.751570483342512,18.553142297475134,18.701963909968036,16878165
2025-10-31,18.453927993774414,18.60274961219809,18.453927993774414,18.60274961219809,23698344
2025-11-03,18.205890655517578,18.45392730779338,18.15628218964073,18.40431884191653,30048754
2025-11-04,18.007461547851562,18.305106682055552,18.007461547851562,18.20589163732089,35725645
2025-11-05,17.957853317260742,18.007459888873164,17.75942324607224,17.908244853278912,30708427
2025-11-06,18.10667610168457,18.20589114372935,18.00746105963979,18.10667610168457,23895239
2025-11-07,18.057069778442383,18.20589139739837,18.057069778442383,18.106676353971196,19336857
2025-11-10,18.007461547851562,18.156283168768766,17.957854971669022,18.106676592586226,23600992
2025-11-11,18.007461547851562,18.156283168768766,17.957854971669022,18.057070016403685,20878625
2025-11-12,18.007461547851562,18.106676592586226,17.957854971669022,18.057070016403685,23230056
2025-11-13,17.908245086669922,18.10667516044448,17.908245086669922,18.007460123557202,29764348
2025-11-14,17.858638763427734,17.957853801698448,17.709817152206394,17.858638763427734,29647043
2025-11-17,17.809032440185547,18.007460627139764,17.75942397416988,17.908245587477914,32897054
2025-11-18,17.6106014251709,17.70981645956123,17.46177981977009,17.70981645956123,29853696
2025-11-19,17.56099510192871,17.709816709429244,17.511386637848926,17.709816709429244,26182112
2025-11-20,17.6106014251709,17.70981645956123,17.46177981977009,17.560994854160423,21576618
2025-11-21,17.51138687133789,17.75942351793579,17.51138687133789,17.61060190845094,30100993
2025-11-24,17.908245086669922,17.908245086669922,17.560995296118588,17.560995296118588,59177602
2025-11-25,17.66020965576172,17.95785478690328,17.66020965576172,17.858639743189425,23404901
2025-11-26,18.007461547851562,18.20589163732089,17.85863992693436,17.85863992693436,30414931
2025-11-27,18.057069778442383,18.106676353971196,17.908246267116837,17.957854735015204,17527034
2025-11-28,18.10667610168457,18.20589114372935,17.957854484802166,18.057069526846945,20516073
2025-12-01,18.453927993774414,18.652356187549465,18.106676289206142,18.106676289206142,34768297
2025-12-02,18.701963424682617,18.701963424682617,18.354711742963477,18.404318315050745,27445209
2025-12-03,18.900392532348633,18.900392532348633,18.55314272596846,18.701964341898464,42249552
2025-12-04,18.751569747924805,18.900391354581075,18.60274814126854,18.900391354581075,22129814
2025-12-05,18.553142547607422,18.701964162106727,18.453927507151384,18.65235569569396,16703215
2025-12-08,18.453927993774414,18.553143036846713,18.30510637535074,18.453927993774414,20321419
2025-12-09,18.305105209350586,18.453926818294608,18.255496744789625,18.40431835373365,15200310
2025-12-10,18.156282424926758,18.305105932116415,18.156282424926758,18.255497465596694,14002015
2025-12-11,18.205890655517578,18.305105694901794,18.057069042625994,18.305105694901794,22209542
2025-12-12,18.60274887084961,18.652355444224085,18.305105645863804,18.305105645863804,27569618
2025-12-15,18.801179885864258,18.999608081618415,18.602749797740533,18.75157141764854,52182327
2025-12-16,18.404319763183594,18.602749851884862,18.354713187193063,18.55314327589433,34567959
2025-12-17,18.255496978759766,18.503533627635225,18.255496978759766,18.40431858961115,27688779
2025-12-18,18.10667610168457,18.354712760611758,18.057069526846945,18.25549771856698,23649458
2025-12-19,18.701963424682617,18.701963424682617,18.15628166987556,18.205890134332254,48680900
2025-12-22,18.652355194091797,18.652355194091797,18.354711973097455,18.602748621382556,25692375
2025-12-23,18.453927993774414,18.652356187549465,18.453927993774414,18.652356187549465,17014398
2025-12-24,18.404319763183594,18.602749851884862,18.404319763183594,18.4539282315437,12042974
2025-12-26,18.701963424682617,18.701963424682617,18.453926779507434,18.453926779507434,18454990
2025-12-29,18.950000762939453,19.247643991087973,18.75157068259411,18.75157068259411,59925973
2025-12-30,19.09882164001465,19.247643248346073,18.90039156732647,18.99960660367056,46160248
2025-12-31,18.850786209106445,19.198037912484946,18.850786209106445,19.148429444933992,23894834
2026-01-02,18.60274887084961,18.900392095835414,18.553142297475134,18.85078552246094,34666225
2026-01-05,18.453927993774414,18.751571230621764,18.40431952605349,18.652356187549465,37362283
2026-01-06,18.354711532592773,18.751569781850627,18.30510496107407,18.553141603406402,35177222
2026-01-07,19.297252655029297,19.297252655029297,18.453927643477282,18.50353421788701,101262794
2026-01-08,18.99960708618164,19.644502000241747,18.950000512934505,19.545288853747476,66125959
2026-01-09,18.850786209106445,19.049216294571174,18.75157116637408,18.99960782702022,37601603
2026-01-12,19.396465301513672,19.64450195187763,18.801178854535745,18.85078542766075,78205179
2026-01-13,19.297252655029297,19.64450246063644,19.19803761384032,19.594895886226706,49047852
2026-01-14,19.247644424438477,19.495681084269822,19.19803784942002,19.346859466844922,32135771
2026-01-15,19.297252655029297,19.594895886226706,19.19803761384032,19.346859229439026,52191105
2026-01-16,19.09882164001465,19.3964648566775,19.049215068027316,19.3964648566775,35282486
2026-01-19,19.49567985534668,19.545288319607568,18.90039153080194,19.098821603106657,76644582
2026-01-20,18.99960708618164,19.49568038813087,18.99960708618164,19.49568038813087,59792051
2026-01-21,18.801179885864258,18.999608081618415,18.75157141764854,18.950001505772267,45459823
2026-01-22,18.850786209106445,19.09882286975258,18.75157116637408,18.99960782702022,26695714
2026-01-23,18.99960708618164,19.09882212504538,18.80117890082363,18.950000512934505,31224150
2026-01-26,19.49567985534668,19.545288319607568,18.9996065669543,19.049215031215187,83755998
2026-01-27,19.19803810119629,19.793326471072447,19.19803810119629,19.594896383657208,55089374
2026-01-28,19.446073532104492,19.446073532104492,19.098821847315772,19.198036884736755,49800518
2026-01-29,20.53743553161621,21.182330447999053,19.644502070995916,19.694110536791197,251486978
2026-01-30,20.5870418548584,21.380758374242507,20.190183595166346,20.63664842768136,235294276
2026-02-02,20.934293746948242,21.430367049518722,20.63664862998427,20.884685281269512,191914279
2026-02-03,20.48782730102539,21.231937265171855,20.438220727030092,21.231937265171855,100930438
2026-02-04,20.785472869873047,21.08311610499576,19.99175442226325,20.487827742380794,87293083
2026-02-05,20.785472869873047,21.1327226800597,20.63664935994215,20.983901062498344,45811253
2026-02-06,20.239789962768555,20.636648218436676,20.090968353439187,20.636648218436676,51885434
2026-02-09,20.190183639526367,20.438220288925045,20.04136202836105,20.438220288925045,37033236
2026-02-10,20.339006423950195,20.339006423950195,20.090969760243485,20.28939984815668,22703841
2026-02-11,20.735864639282227,20.934294726543506,20.438221400759865,20.438221400759865,59001136
2026-02-23,20.289398193359375,20.636647980331528,20.19018315749473,20.587041408583907,62007473
2026-02-24,20.53743553161621,20.587042105042016,20.289398879748237,20.438220492395125,59081444
2026-02-25,21.083114624023438,21.083114624023438,20.339004696116728,20.537434767172947,100479711
2026-02-26,20.5870418548584,21.08311515256583,20.43822024402006,21.08311515256583,78043140
2026-03-02,20.09096908569336,20.438220781697762,19.991754045067886,20.239790700446818,59384054
2026-03-03,19.89253807067871,20.23978975038298,19.743716462911,19.942146534847556,51187666
2026-03-04,19.04921531677246,19.644501757871428,18.95000027913282,19.644501757871428,72249849
2026-03-05,19.148427963256836,19.446073068422585,19.04921482057098,19.446073068422585,42565829
2026-03-06,19.743717193603516,19.743717193603516,18.950000661221566,18.950000661221566,34425063
2026-03-09,18.99960708618164,19.148428698292516,18.652355396343285,18.99960708618164,63125886
2026-03-10,19.04921531677246,19.2476434996823,18.99960685176792,19.2476434996823,27000996
2026-03-11,19.346858978271484,19.495680591938136,19.04921575093818,19.098822324703903,32306390
2026-03-12,19.19803810119629,19.34685972057294,19.09882305748867,19.1484296331577,39028873
2026-03-13,18.950000762939453,19.148428950915303,18.90039229666837,19.148428950915303,37099891
2026-03-16,18.99960708618164,19.19803716390912,18.9003920473179,19.049215551798245,34456872
2026-03-17,19.09882164001465,19.247643248346073,18.99960660367056,19.09882164001465,26406192
2026-03-18,19.148427963256836,19.495679639765513,19.148427963256836,19.247642998312084,38709423
2026-03-19,18.652355194091797,18.900391842376898,18.652355194091797,18.850785269667657,105724024
2026-03-20,19.297252655029297,19.64450246063644,18.900392490273397,18.95000095705264,101892889
2026-03-23,18.900392532348633,19.694110971257857,18.900392532348633,19.644502504368177,79176314
2026-03-24,19.04921531677246,19.297251964686847,18.95000027913282,19.1980369270472,31904950
2026-03-25,19.148427963256836,19.396464604710264,19.09882139191391,19.346858033367337,33632166
2026-03-26,19.59489631652832,19.79332640326377,19.198038035426972,19.297253078794697,72608456
2026-03-27,19.446073532104492,19.69411017947223,19.34685849468351,19.594895142051246,25683422
2026-03-30,18.99960708618164,19.39646534926713,18.950000512934505,19.09882212504538,65222025
2026-03-31,18.751569747924805,19.247643031691965,18.70196317649585,18.85078478315212,67064639
2026-04-01,19.346858978271484,19.346858978271484,18.95000071103725,19.098822324703903,38485011
2026-04-02,19.346858978271484,19.446074018172418,19.198037364604833,19.446074018172418,28354958
2026-04-07,19.346858978271484,19.59489563183907,19.247643938370555,19.346858978271484,31305030
2026-04-08,19.793325424194336,19.793325424194336,19.396465270353975,19.64450192031947,47528364
2026-04-09,20.041362762451172,20.041362762451172,19.793326103967217,19.8429326787162,59019395
2026-04-10,19.89253807067871,20.38861135815069,19.793324927079844,20.1405747144147,45160050
2026-04-13,20.041362762451172,20.041362762451172,19.694111062099733,19.892539253465177,28811512
2026-04-14,20.339006423950195,20.339006423950195,19.942148140493373,20.04136318444997,49998055
2026-04-15,19.942148208618164,20.388613069393678,19.892539740285613,20.339006493430702,40791519
2026-04-16,19.793325424194336,20.090968647205145,19.694110385734245,20.090968647205145,46004121
2026-04-17,19.942148208618164,19.99175478458114,19.79332658835966,19.892539740285613,26032576
2026-04-20,19.694110870361328,20.090969141598002,19.694110870361328,19.991754100696458,29914103
2026-04-21,19.59489631652832,19.74371793539513,19.545289741029233,19.74371793539513,23888970
2026-04-22,19.396465301513672,19.743716990497106,19.346858728388664,19.59489537875262,31266758
2026-04-23,18.99960708618164,19.29725220277286,18.850785474070765,19.247643737156256,66953116
2026-04-24,18.850786209106445,18.99960782702022,18.75157116637408,18.99960782702022,43997009
2026-04-27,18.60274887084961,18.751570483342512,18.553142297475134,18.652355444224085,61970637
2026-04-28,18.60274887084961,18.751570483342512,18.553142297475134,18.60274887084961,51215393
2026-04-29,18.850786209106445,18.900392784287856,18.5531429732789,18.60274954846031,44845871
2026-04-30,18.60274887084961,18.80117894908646,18.553142297475134,18.751570483342512,40752597
2026-05-04,18.453927993774414,18.70196465527039,18.453927993774414,18.652356187549465,45698827
2026-05-05,18.453927993774414,18.553143036846713,18.30510637535074,18.453927993774414,35275437
2026-05-06,18.652355194091797,18.801178696958416,18.354711973097455,18.453927010885383,57937460
2026-05-07,18.701963424682617,18.801178461226574,18.5035333515947,18.652354960225924,50686562
2026-05-08,18.60274887084961,18.701963909968036,18.453927258356707,18.701963909968036,36826849
2026-05-11,18.453927993774414,18.70196465527039,18.40431952605349,18.70196465527039,48719904
2026-05-12,18.354711532592773,18.652354746443812,18.354711532592773,18.652354746443812,46378681
2026-05-13,18.255496978759766,18.40431858961115,18.156281940735692,18.35471201678384,41432059
2026-05-14,18.156282424926758,18.35471250626663,18.156282424926758,18.35471250626663,36040392
2026-05-15,18.007461547851562,18.156283168768766,18.007461547851562,18.156283168768766,36937124
2026-05-18,18.057069778442383,18.156282929500005,17.908246267116837,18.007461310544016,31664379
2026-05-19,18.057069778442383,18.30510644082555,17.957854735015204,18.20589139739837,33170095
2026-05-20,17.957853317260742,18.106674924467416,17.908244853278912,18.106674924467416,28216896
2026-05-21,18.057069778442383,18.156282929500005,17.957854735015204,18.156282929500005,30076191
2026-05-22,18.007461547851562,18.106676592586226,17.957854971669022,18.106676592586226,33029475
2026-05-25,19.793325424194336,19.793325424194336,18.354712097446676,18.354712097446676,208876019
2026-05-26,19.346858978271484,20.835078899676983,19.247643938370555,20.835078899676983,280099535
2026-05-27,18.950000762939453,19.545289111605985,18.85078572276678,19.495680645334904,96444115
2026-05-28,18.701963424682617,19.19803671503298,18.652354960225924,18.950000069857797,84669806
2026-05-29,18.950000762939453,19.247643991087973,18.85078572276678,18.90039229666837,79114577
2026-06-01,18.950000762939453,19.09882237701371,18.75157068259411,19.049215803112123,66651439
2026-06-02,18.801179885864258,18.950001505772267,18.65235637358668,18.950001505772267,70362985
2026-06-03,19.247644424438477,19.346859466844922,18.900392722200685,18.950001189588676,111273776
2026-06-04,19.09882164001465,19.446073321034255,19.049215068027316,19.297251712702828,74927387
2026-06-05,19.148427963256836,19.247642998312084,18.949999785515732,19.198036426969157,52193056
2026-06-08,18.5035343170166,18.652355933412593,18.35471270062061,18.45392774234111,112694020
2026-06-09,18.60274887084961,18.701963909968036,18.453927258356707,18.60274887084961,54894340
2026-06-10,18.553142547607422,18.95000081706207,18.503534081194655,18.602749121650692,44871374
2026-06-11,18.404319763183594,18.55314327589433,18.25549814284243,18.55314327589433,53324692
2026-06-12,18.751569747924805,18.85078478315212,18.503533106041225,18.60274814126854,57479049
2026-06-15,18.850786209106445,19.148429444933992,18.70196459119267,19.049216294571174,69698278
2026-06-16,18.5035343170166,18.900392591529087,18.5035343170166,18.900392591529087,61376088
2026-06-17,18.60274887084961,18.652355444224085,18.453927258356707,18.503533831731183,44710364
2026-06-18,18.950000762939453,18.950000762939453,18.60274906851985,18.65235564242144,382434690
2026-06-22,19.346858978271484,19.74371724550572,18.99960728480297,19.098822324703903,129066657
2026-06-23,19.04921531677246,19.793325260515612,18.99960685176792,19.59489518523633,86902231
2026-06-24,19.19803810119629,19.29725314490391,18.850786394404402,18.99960801378105,44346894
2026-06-25,18.900392532348633,19.495680888438173,18.900392532348633,19.247644231098324,54786136
2026-06-26,18.850786209106445,19.049216294571174,18.75157116637408,18.850786209106445,57329147
2026-06-29,18.900392532348633,19.098822615168316,18.85078595782847,19.049216040648155,29254452
2026-06-30,18.652355194091797,18.999606880164826,18.652355194091797,18.999606880164826,72792789
2026-07-01,18.5035343170166,18.80117944217811,18.45392774234111,18.751570975133095,44244428
2026-07-02,18.453927993774414,18.553143036846713,18.40431952605349,18.50353456912579,30129103
2026-07-03,18.801179885864258,18.900393037556555,18.404319709616807,18.45392817783252,40978182
2026-07-06,18.850786209106445,18.95000125183881,18.70196459119267,18.801179633925035,26135342
2026-07-07,18.453927993774414,18.80117969834269,18.453927993774414,18.80117969834269,41967486
2026-07-08,18.553142547607422,18.65235569569396,18.404319040738617,18.503534081194655,21023057
2026-07-09,18.404319763183594,18.602749851884862,18.404319763183594,18.55314327589433,25398257
2026-07-10,18.404319763183594,18.404319763183594,18.404319763183594,18.404319763183594,0
2026-07-13,18.255496978759766,18.503533627635225,18.255496978759766,18.453927054807913,42802691
2026-07-14,18.354711532592773,18.40431810411148,18.10667489026044,18.40431810411148,42082089
2026-07-15,18.5035343170166,18.602749358737103,18.30510612594512,18.35471270062061,32595368
2026-07-16,18.652355194091797,18.652355194091797,18.404318545806696,18.503533583594628,26790267
2026-07-17,18.5035343170166,18.80117944217811,18.45392774234111,18.652355933412593,49523593
2026-07-20,18.404319763183594,18.80117994058613,18.354713187193063,18.751571472226026,40501922
2026-07-21,18.652355194091797,18.751570231879725,18.453927010885383,18.453927010885383,31282179
2026-07-22,18.701963424682617,18.85078503331384,18.602748388138657,18.602748388138657,46272273
2026-07-23,18.950000762939453,19.297252457359054,18.85078572276678,18.85078572276678,88839543
2026-07-24,19.149999618530273,19.350000381469727,18.899999618530273,18.950000762939453,59613988
2026-07-27,19.25,19.350000381469727,19.149999618530273,19.25,34107324
2026-07-28,19.0,19.200000762939453,18.850000381469727,19.100000381469727,36178852
2026-07-29,18.950000762939453,19.149999618530273,18.649999618530273,19.100000381469727,54093102
2026-07-30,18.950000762939453,19.149999618530273,18.799999237060547,18.799999237060547,38199610
2026-07-31,18.950000762939453,19.25,18.950000762939453,19.100000381469727,37569434
2026-08-03,18.850000381469727,19.049999237060547,18.799999237060547,18.899999618530273,22737256
2026-08-04,18.850000381469727,18.899999618530273,18.649999618530273,18.75,35490972
2026-08-05,18.899999618530273,19.0,18.799999237060547,18.950000762939453,17954273
2026-08-06,19.0,19.100000381469727,18.700000762939453,18.75,34918340
2026-08-07,19.049999237060547,19.200000762939453,19.0,19.049999237060547,28853922
2026-08-10,19.649999618530273,19.649999618530273,19.149999618530273,19.25,115480148
