Date,Close,High,Low,Open,Volume
2000-01-04,38.06573486328125,40.080387110488154,37.81390405571619,39.324891794449755,226306375172
2000-01-05,40.58404541015625,40.58404541015625,37.81389827070567,37.81389827070567,291586498
2000-01-06,40.08038330078125,40.83587854500857,39.576721733525005,40.08038330078125,177287112824
2000-01-07,40.83587646484375,41.087707235643705,38.317560076815795,39.32488605335842,174965904
2000-01-10,43.61161422729492,43.61161422729492,43.61161422729492,43.61161422729492,79023751159
2000-01-11,41.84320068359375,45.62626938502026,41.59136992337296,45.62626938502026,280372203648
2000-01-12,41.59136962890625,42.35246052226675,40.83587446025011,41.843200387344076,159753580826
2000-01-13,40.332218170166016,42.352466010869215,40.08038448574953,41.5913750188763,172350154243
2000-01-14,40.332218170166016,41.087710543386365,39.324889219186154,40.58404896123947,116499877158
2000-01-17,40.83587646484375,41.843202441386374,40.83587646484375,41.33953800644366,81445992307
2000-01-18,39.82854461669922,40.835870444739896,39.82854461669922,40.835870444739896,94161949
2000-01-19,38.821224212646484,39.8285501814278,38.317559781584436,39.8285501814278,131425705835
2000-01-20,39.07305908203125,39.57672356595041,38.56939749145518,38.821228286743214,74023965302
2000-01-21,39.576725006103516,39.8285558105554,39.07306050385657,39.32489130830845,61284080206
2000-01-24,39.32488250732422,40.080377644941784,39.32488250732422,39.82854689685011,62394345
2000-01-25,39.32488250732422,40.332211286376,39.32488250732422,39.32488250732422,83348494825
2000-01-26,39.82854461669922,40.0803753503738,39.324880256007695,39.324880256007695,90857655
2000-01-27,39.576725006103516,40.08038661500728,39.32489130830845,39.576725006103516,72178684450
2000-01-28,38.821224212646484,39.57671941256817,38.821224212646484,39.57671941256817,48467733301
2000-01-31,40.58404541015625,40.835876179194635,39.07305500924038,39.07305500924038,85659952006
2000-02-01,39.82854461669922,40.835870444739896,39.82854461669922,40.835870444739896,74720134
2000-02-02,39.82854461669922,39.82854461669922,39.82854461669922,39.82854461669922,0
2000-02-03,39.82854461669922,39.82854461669922,39.82854461669922,39.82854461669922,0
2000-02-04,39.82854461669922,39.82854461669922,39.82854461669922,39.82854461669922,0
2000-02-07,39.82854461669922,39.82854461669922,39.82854461669922,39.82854461669922,0
2000-02-08,39.82854461669922,39.82854461669922,39.82854461669922,39.82854461669922,0
2000-02-09,41.33953857421875,42.10062951539363,40.58404625144263,41.33953857421875,138694051
2000-02-10,40.08038330078125,41.33954011226482,40.08038330078125,41.0877093286367,62302568
2000-02-11,39.576725006103516,40.33222031280235,39.576725006103516,40.33222031280235,56702188711
2000-02-14,38.31755447387695,39.073049569148246,38.31755447387695,39.073049569148246,68440252797
2000-02-15,38.569393157958984,39.07305469194575,38.317559497622845,38.317559497622845,53452529304
2000-02-16,38.821224212646484,39.32488575036575,38.56939344378685,39.07305498150612,35290990188
2000-02-17,38.821224212646484,39.57671941256817,38.56939344378685,38.821224212646484,54644030246
2000-02-18,39.82854461669922,40.33220897739075,39.324880256007695,39.576713883024645,95375491737
2000-02-21,36.80656814575195,39.07305059789737,36.80656814575195,38.82121985729064,56807605605
2000-02-22,35.793643951416016,36.55473473529905,35.28997961364622,36.04547467362979,45316144947
2000-02-23,36.29730987548828,37.31023150659515,36.04547912219473,36.29730987548828,38676328
2000-02-24,37.56206512451172,38.065726630713726,36.8065699718661,37.31023147806811,55282148063
2000-02-25,36.554744720458984,38.56939683516866,36.29731531068503,38.31756315082267,82971845603
2000-02-28,36.554744720458984,36.554744720458984,36.554744720458984,36.554744720458984,0
2000-02-29,38.31755447387695,39.073049569148246,37.56206227194804,38.31755447387695,102673224932
2000-03-01,40.83587646484375,40.83587646484375,40.83587646484375,40.83587646484375,85992667
2000-03-02,40.58404541015625,43.107954612165585,40.58404541015625,43.107954612165585,206571402
2000-03-03,41.84320068359375,41.84320068359375,40.835874749367925,41.08770550958871,105323268491
2000-03-06,39.576725006103516,40.835881921706104,39.32489130830845,40.835881921706104,45023251873
2000-03-07,39.32488250732422,40.080377644941784,38.82122101114087,39.32488250732422,40771877173
2000-03-08,39.82854461669922,40.835870444739896,39.576713883024645,40.835870444739896,45961234537
2000-03-09,39.82854461669922,40.0803753503738,39.324880256007695,39.576713883024645,56755149248
2000-03-10,39.32488250732422,40.83587278255935,39.32488250732422,40.83587278255935,60845335
2000-03-13,36.80656814575195,38.56938911668392,36.80656814575195,38.56938911668392,59170681
2000-03-14,37.56206512451172,38.065726630713726,36.8065699718661,36.8065699718661,67293938269
2000-03-15,37.31023406982422,38.82122448007643,37.05840329922979,37.31023406982422,75154959278
2000-03-16,37.56206512451172,37.81389587761272,34.78632243578707,35.7936483415337,93726076505
2000-03-17,37.05840301513672,37.81389821447113,36.80657224647284,37.56206744580725,71838207
2000-03-20,36.554744720458984,37.56207077781382,35.793653728679125,35.793653728679125,133751383048
2000-03-21,39.07305908203125,39.07305908203125,37.05840693304079,37.05840693304079,74040202052
2000-03-22,41.59136962890625,41.59136962890625,39.828548533156145,39.828548533156145,215413355
2000-03-23,44.36711120605469,44.36711120605469,43.86344680912299,44.11527756091755,130684823
2000-03-24,45.12260818481445,46.12993419078084,43.611620622536314,44.36711585034683,322323974791
2000-03-27,45.12260818481445,46.88542941859135,44.36711585034683,45.12260818481445,241652646215
2000-03-28,48.15018081665039,48.15018081665039,44.618942917639664,45.374438082617246,363607171337
2000-03-29,48.905670166015625,48.905670166015625,46.885422717676285,48.15017793952376,207033423762
2000-03-30,47.89834213256836,49.15749867964733,47.38908494698463,47.89834213256836,162165337207
2000-03-31,45.62627029418945,46.885427013726584,45.374439528950575,45.87810105942833,125460784807
2000-04-03,45.62627029418945,45.62627029418945,45.62627029418945,45.62627029418945,0
2000-04-04,45.62627029418945,45.62627029418945,45.62627029418945,45.62627029418945,0
2000-04-05,48.40201950073242,48.65385029918677,46.38177160081787,46.38177160081787,139136302439
2000-04-06,46.38176345825195,49.661170561407076,46.38176345825195,49.409334020477736,142022128541
2000-04-07,46.63359451293945,48.6538420712045,46.38176375707288,46.88542526880602,137507704942
2000-04-10,47.89834213256836,47.89834213256836,45.374433314321344,45.878094775815995,168511797
2000-04-11,45.37443923950195,47.13725747827162,45.37443923950195,46.63359595100678,130434803295
2000-04-12,43.86344909667969,45.37443947293302,43.86344909667969,44.61894428480635,83589433011
2000-04-13,44.11528015136719,44.36711381129201,41.59137097397574,41.59137097397574,130885221
2000-04-14,42.35246276855469,44.1152810644584,42.35246276855469,42.856124312143514,78044672442
2000-04-17,43.35979080200195,43.35979080200195,41.339540126965595,42.10063109672767,156961152628
2000-04-18,45.62627029418945,46.38176548324883,44.61894433989121,45.87810105942833,200943845697
2000-04-19,45.12260818481445,46.63359864043547,44.618946628502705,46.63359864043547,144945057921
2000-04-20,43.10795593261719,44.870777156568906,42.35246360236034,44.61894637981663,97434615190
2000-04-21,43.61161422729492,44.61894008554626,43.359783486067705,43.86344496852214,65508849949
2000-04-24,41.84320068359375,43.86344827678939,41.59136992337296,43.86344827678939,54290215478
2000-04-25,44.36711120605469,44.36711120605469,41.33953488659293,41.33953488659293,118959273
2000-04-26,44.36711120605469,45.62626785837005,42.35245940501307,44.8707727096438,222691245233
2000-04-27,44.61894607543945,45.374441293885404,43.863450856993495,44.87077685047382,118746240965
2000-04-28,47.646522521972656,47.646522521972656,45.626274693717626,45.878105483239366,221265989308
2000-05-01,47.646522521972656,47.646522521972656,47.646522521972656,47.646522521972656,0
2000-05-02,46.63359451293945,47.38908967388179,46.12993010786368,47.13725602467259,107139659313
2000-05-03,47.13726043701172,47.13726043701172,45.374442087592406,46.12993442591087,115300905684
2000-05-04,45.12260818481445,47.389093868245986,43.86345140069219,47.13726019674723,164818113094
2000-05-05,46.38176345825195,46.38176345825195,43.86344723578297,44.11527799002709,89921018
2000-05-08,44.61894607543945,45.626272068919775,44.115281632027866,44.87077685047382,62706077938
2000-05-09,44.61894607543945,44.61894607543945,44.61894607543945,44.61894607543945,0
2000-05-10,44.36711120605469,45.878098610164606,44.36711120605469,45.62626785837005,57622516958
2000-05-11,42.10062789916992,43.10795385087682,41.33953698721298,42.85612308628578,104771739445
2000-05-12,43.10795593261719,43.86345115621691,42.85612515586491,43.35978960271234,73444332312
2000-05-15,42.85612106323242,43.611616214684595,42.85612106323242,43.3597854619814,42784098375
2000-05-16,45.62627029418945,45.62627029418945,43.359787620354076,43.611618385592955,109891503768
2000-05-17,48.15018081665039,48.653842331073676,47.1372562764414,47.1372562764414,219911188408
2000-05-18,48.65384292602539,48.90567368631649,47.64651699151833,48.1501814054432,151588149222
2000-05-19,48.40201950073242,48.40201950073242,47.646524212026264,47.89835501048061,95183849299
2000-05-22,47.38909149169922,47.64651798208775,46.38176553624989,46.88542706730318,104335152491
2000-05-23,46.63359451293945,47.89834691026216,46.63359451293945,47.89834691026216,124946532519
2000-05-24,51.24770736694336,52.17948523228614,50.62652405227662,50.9371128162673,139429364528
2000-05-25,51.24770736694336,52.80066854695288,51.24770736694336,52.17948523228614,85973644576
2000-05-26,52.49006652832031,53.111249754609,51.55829458222955,51.55829458222955,98078661745
2000-05-29,55.2854118347168,55.906595197051,52.49007802418417,52.49007802418417,148661725607
2000-05-30,55.2854118347168,55.2854118347168,55.2854118347168,55.2854118347168,0
2000-05-31,57.77014923095703,59.32311063623502,57.45956042191316,59.01252182719115,138817218380
2000-06-01,58.70191955566406,58.701919555664055,57.45955290856662,57.45955290856662,84806261125
2000-06-02,59.3231086730957,60.56548122821683,59.01251987432994,59.63370325854749,106787121527
2000-06-05,62.118438720703125,62.118438720703125,59.633699551603016,60.876066242810246,70121776839
2000-06-06,62.118438720703125,62.118438720703125,62.118438720703125,62.118438720703125,0
2000-06-07,64.60315704345703,65.22434603094077,60.87605205197622,61.49723525277564,110823732472
2000-06-08,61.80784225463867,64.60317011727179,61.49724769804144,63.98198679076282,97487448597
2000-06-09,63.98199462890625,64.60317803151358,62.73962782369159,63.36081122629892,109462530743
2000-06-12,63.05020523071289,64.29257759796401,62.42902194042991,63.981983059479944,54232897840
2000-06-13,63.67139434814453,64.60316639081857,62.73961651878533,62.73961651878533,82692360321
2000-06-14,64.60315704345703,66.15611793879773,63.67138513560006,65.22434603094077,124470973461
2000-06-15,63.98199462890625,64.29258922355301,63.05021663165216,63.98199462890625,45672712655
2000-06-16,62.118438720703125,63.67139997805499,61.807844154558495,63.05021084576572,68326896701
2000-06-19,60.2548713684082,60.87605459515842,58.70191040819039,60.25487136840821,49611105538
2000-06-20,58.391319274902344,61.49723528028899,58.391319274902344,60.87605207921166,61924099820
2000-06-21,60.87605667114258,60.87605667114258,59.6336901752752,60.87605667114258,70965284887
2000-06-22,61.18665313720703,61.497241877723546,60.56546986948905,60.87605861000557,45421526433
2000-06-23,60.87605667114258,61.186651188451805,60.25487342320889,60.56546794051811,27631710348
2000-06-26,59.3231086730957,61.497253411200155,59.01251987432994,60.876070026982596,41881324519
2000-06-27,59.63369369506836,60.2548769796665,59.01251041047021,59.94428244402488,46731992745
2000-06-28,59.944297790527344,61.18667046447193,58.391342074798125,59.944297790527344,81018545788
2000-06-29,55.906585693359375,59.94427975549749,55.906585693359375,59.94427975549749,100243307734
2000-06-30,55.2854118347168,56.217183984875184,53.73245053553839,55.906595197051,68954476417
2000-07-03,53.11125564575195,55.28540585894768,51.558300301117455,54.664216777071644,74028096225
2000-07-04,53.73244857788086,53.73244857788086,52.17948733528216,53.42185401468687,54064852646
2000-07-05,56.21717834472656,57.1489561880875,52.80066730131677,53.732445144677705,73409171029
2000-07-06,53.73244857788086,54.97481525728557,53.42185401468687,53.73244857788086,59027072365
2000-07-07,53.11125564575195,54.97481131800966,52.80066689149913,54.043033481880805,50994295219
2000-07-10,53.4218635559082,53.73245817457483,51.55831320396837,53.4218635559082,53092125
2000-07-11,54.35363006591797,55.906591255611936,53.11125764215156,53.42185219476451,76534566467
2000-07-12,54.97481918334961,55.596002567414196,54.04304121390971,54.664224597974304,39795631493
2000-07-13,56.83837127685547,57.45955461889419,55.59599880609241,55.90659337045458,84318042631
2000-07-14,56.83837127685547,57.77014339657073,56.21718214813112,56.83837127685547,84979849706
2000-07-17,55.2854118347168,57.4595564962294,54.66422268569678,56.5277785593852,49994849514
2000-07-18,53.4218635559082,54.66423045720143,53.4218635559082,54.66423045720143,47727497029
2000-07-19,53.4218635559082,54.66423045720143,53.4218635559082,54.66423045720143,47727497029
2000-07-20,50.315921783447266,53.11124916400421,50.315921783447266,52.49006594462316,93981459390
2000-07-21,49.07355880737305,50.626519858746654,47.21000612439322,49.69474207058551,105594829468
2000-07-24,47.21001052856445,48.76296883146942,47.21001052856445,47.83119384972644,50714014765
2000-07-25,46.89942169189453,48.762971767588695,46.588827119269276,47.21001337117689,63561684538
2000-07-26,49.384159088134766,49.384159088134766,47.52060329461168,47.52060329461168,88220801551
2000-07-27,46.89942169189453,48.45238298164922,45.967643760704554,48.45238298164922,61587645
2000-07-28,47.520599365234375,47.83119100735846,44.725268799432484,44.725268799432484,47932123690
2000-07-31,47.520599365234375,48.452377184949185,47.21000772311029,47.83119100735846,31264289011
2000-08-01,47.21001052856445,48.45238006423114,47.21001052856445,48.45238006423114,25764959
2000-08-02,45.65705108642578,47.52060401485075,45.65705108642578,47.21001234233705,29954946029
2000-08-03,45.96764373779297,46.58882709604807,43.48290741142965,45.657052058665414,54566218978
2000-08-04,46.58882141113281,47.83119086938807,45.65704648744828,45.65704648744828,48163216968
2000-08-07,47.83119201660156,47.83119201660156,46.58882252854853,46.58882252854853,44718717835
2000-08-08,49.384159088134766,49.384159088134766,47.52060329461168,48.45238119137323,69678017769
2000-08-09,51.86888885498047,52.17948339471854,49.38415568381661,49.694744436869506,108205759576
2000-08-10,51.55830764770508,52.49007982991776,51.24771306251018,52.17949103140887,63586871537
2000-08-11,50.626522064208984,51.558299892961514,50.31592752572976,51.558299892961514,47161802994
2000-08-14,49.07355880737305,50.626519858746654,48.76296428242437,50.626519858746654,31859008901
2000-08-15,50.626522064208984,50.93711081600306,49.384155483662376,49.694744235456454,47944597530
2000-08-16,53.11125564575195,53.732444727627986,51.868889055370275,52.179483596308295,104765968659
2000-08-17,54.043033599853516,54.35362814146954,52.80066700675983,53.732444844922696,80410448510
2000-08-18,53.73244857788086,54.66422069409159,53.42185401468687,54.353631917583215,74209259953
2000-08-21,54.043033599853516,55.28540597963241,54.043033599853516,54.66421689640036,38848730742
2000-08-22,54.35363006591797,54.35363006591797,52.49007432361105,53.42185219476451,50432449
2000-08-23,54.35363006591797,54.35363006591797,54.35363006591797,54.35363006591797,0
2000-08-24,54.664222717285156,55.90659522935729,54.664222717285156,55.285411866664134,61139507957
2000-08-25,53.73244857788086,55.28540982047955,53.73244857788086,54.66422069409159,38015943164
2000-08-28,51.55830764770508,53.111263213621555,51.24771306251018,52.80067441511267,43676971452
2000-08-29,50.00534439086914,50.626527750917894,48.76297188408583,50.31593317755062,73148763737
2000-08-30,46.89942169189453,49.38416091283919,46.588827119269276,49.073566340213944,72905152662
2000-08-31,47.83119201660156,47.83119201660156,45.967639231193324,45.967639231193324,77198284
2000-09-01,44.72528076171875,47.520612075163875,44.72528076171875,47.21002034996849,90310477513
2000-09-04,46.89942169189453,46.89942169189453,45.03586872285747,45.657052081422194,64890876263
2000-09-05,45.96764373779297,47.52060502677362,45.657052058665414,47.21001334764607,38518401079
2000-09-06,45.34645462036133,46.89941571210987,45.34645462036133,45.657046260042534,50475697990
2000-09-07,42.240535736083984,42.86171906396425,42.240535736083984,42.240535736083984,94569830026
2000-09-08,40.376983642578125,42.86171989565592,40.376983642578125,42.55112822568905,62408845761
2000-09-11,39.13460922241211,40.06638701025166,38.82401759091308,39.445200853911146,44958841705
2000-09-12,39.13460922241211,39.13460922241211,39.13460922241211,39.13460922241211,0
2000-09-13,39.44520568847656,39.44520568847656,36.96046943860243,38.513430679777315,59552921
2000-09-14,37.271060943603516,40.066391744044466,37.271060943603516,39.13461384611655,48378114766
2000-09-15,38.202842712402344,39.755801210729764,36.96047302039732,37.27106472006281,85163040311
2000-09-18,38.202842712402344,39.755801210729764,38.202842712402344,39.755801210729764,46015865367
2000-09-19,38.513423919677734,39.44519876482646,37.892237796236294,37.892237796236294,65237033
2000-09-20,39.44520568847656,40.998166929651454,38.82402234934373,40.998166929651454,94477511885
2000-09-21,38.82402038574219,39.75579534731508,38.82402038574219,39.134612039599816,34407877502
2000-09-22,36.33928298950195,36.64987755055966,36.33928298950195,36.33928298950195,54850059898
2000-09-25,33.85454559326172,35.718098428976,33.85454559326172,34.7863234577902,66313006401
2000-09-26,33.23336410522461,33.54395577935274,31.680402841241083,31.680402841241083,108589850319
2000-09-27,30.934986114501953,33.23336826257954,30.934986114501957,32.30159023029076,94985297
2000-09-28,31.36980628967285,32.92276731219889,31.05921466383612,31.990989541346313,129624983
2000-09-29,29.38201904296875,30.87286013780157,29.195664629450313,30.00320235025865,79450866347
2000-10-02,29.25778579711914,30.624392731737466,29.133548540031743,29.444140236078713,142368008
2000-10-03,27.953292846679688,29.257779421834517,27.953292846679688,29.195662253497705,83336037836
2000-10-04,27.021516799926758,27.021516799926758,27.021516799926758,27.021516799926758,3115968018
2000-10-05,26.338220596313477,26.959403993455698,26.089746080119358,26.089746080119358,109192335834
2000-10-06,28.07753562927246,28.139652809893487,26.08974534259779,26.151862523218817,143740722308
2000-10-09,26.276098251342773,26.95940166519376,26.276098251342773,26.710927170458344,47420984392
2000-10-10,26.276098251342773,26.276098251342773,26.276098251342773,26.276098251342773,0
2000-10-11,25.406442642211914,25.406442642211914,25.406442642211914,25.406442642211914,1758240
2000-10-12,23.667123794555664,23.667123794555664,23.667123794555664,23.667123794555664,11333651289
2000-10-13,22.238399505615234,22.673228429039355,22.052045079388567,22.052045079388567,129186475856
2000-10-16,22.238399505615234,22.238399505615234,22.238399505615234,22.238399505615234,0
2000-10-17,19.505186080932617,20.312725194366873,19.256711617309012,19.256711617309012,181901355183
2000-10-18,18.200700759887695,18.635529654969908,18.200700759887695,18.200700759887695,93147870829
2000-10-19,16.958332061767578,17.08256785095903,16.958332061767578,16.958332061767578,56858241
2000-10-20,18.138582229614258,18.138582229614258,18.138582229614258,18.138582229614258,58330072
2000-10-23,19.567304611206055,20.31272510547223,18.821884116939884,19.380948764303902,158569940262
2000-10-24,20.933914184570312,20.933914184570312,19.567308695390278,19.8157832097893,150075157268
2000-10-25,22.300519943237305,22.362638572587723,20.56120410811179,20.56120410811179,225334449
2000-10-26,21.555097579956055,22.300518179875574,21.555097579956055,21.555097579956055,127620535
2000-10-27,21.555097579956055,21.555097579956055,21.555097579956055,21.555097579956055,0
2000-10-30,20.126373291015625,20.126373291015625,20.126373291015625,20.126373291015625,2593022
2000-10-31,19.443069458007812,19.87789688822441,19.443069458007812,19.443069458007812,84196497
2000-11-01,18.82188606262207,19.753662500111286,18.82188606262207,19.44307083650534,65937463
2000-11-02,19.691543579101562,20.00213523799215,18.262819633530693,18.262819633530693,146091358
2000-11-03,21.058147430419922,21.058147430419922,19.567304968029784,20.499081326189714,157077268
2000-11-06,21.120267868041992,21.803571264715934,20.809674757430486,21.492978154104428,119176956424
2000-11-07,22.548992156982422,22.548992156982422,21.555097082257422,21.555097082257422,170894285
2000-11-08,24.101953506469727,24.101953506469727,23.04594118701469,23.04594118701469,114661445
2000-11-09,24.97161102294922,25.406439933862483,23.17017531011269,24.10195175445131,294056502
2000-11-10,23.97771644592285,25.03372871018682,23.729241950798567,24.35042818860928,124310317820
2000-11-13,22.300519943237305,22.300519943237305,22.300519943237305,22.300519943237305,21937516
2000-11-14,20.747560501098633,21.74145425487918,20.747560501098633,20.747560501098633,124318591386
2000-11-15,20.685440063476562,21.61721655168091,19.753663575272217,21.36874204993498,152053999
2000-11-16,20.064254760742188,20.809675354245485,19.9400175129345,20.436965057493836,73538842314
2000-11-17,19.380950927734375,19.87789846160815,18.697648972827555,19.256713682598086,62284849731
2000-11-20,17.082569122314453,18.01434556728901,17.082569122314453,17.70375390118795,58189195617
2000-11-21,18.262821197509766,18.262821197509766,16.834097129586798,16.834097129586798,121466400
2000-11-22,19.505186080932617,19.505186080932617,18.511291119780655,18.511291119780655,144509905
2000-11-23,20.499080657958984,20.561199272700865,19.505185715431296,20.00213318669514,256487993
2000-11-24,21.927806854248047,21.927806854248047,21.120267667662446,21.120267667662446,196356572823
2000-11-27,22.362640380859375,23.04594391229522,21.98993002129058,23.04594391229522,193905280
2000-11-28,21.617216110229492,21.865689160229834,21.617216110229492,21.679334734397433,79778028
2000-11-29,20.871789932250977,20.871789932250977,20.871789932250977,20.871789932250977,16278150
2000-11-30,20.623319625854492,21.120267139007783,20.18849073267928,20.374846592613512,124101752
2000-12-01,20.561199188232422,20.62331780271911,19.940014490036734,19.940014490036734,82394004
2000-12-04,19.194595336914062,19.753661459284494,19.194595336914062,19.56730560293725,41419676
2000-12-05,20.2506103515625,20.49908339705995,19.380951075642926,19.380951075642926,151978565679
2000-12-06,19.753662109375,21.43085908501133,19.691543488548273,21.306621843357874,155838049
2000-12-07,20.499080657958984,20.747555116926506,19.753660174398817,19.753660174398817,121624026961
2000-12-08,20.747560501098633,20.80967768528926,20.312730085063198,20.80967768528926,95076305065
2000-12-11,20.996030807495117,21.368741096818454,20.871793562163543,21.12026805282669,94040273010
2000-12-12,21.927806854248047,22.300517136774374,21.430859328655824,21.492977950188774,145849670695
2000-12-13,21.803569793701172,21.927805582892624,21.2445022323189,21.86568696496126,78736663282
2000-12-14,21.058147430419922,21.430857684349647,21.058147430419922,21.430857684349647,70336467
2000-12-15,20.996030807495117,21.368741096818454,20.747557763503355,20.747557763503355,66155032099
2000-12-18,20.871789932250977,21.18238299156319,20.561198319609893,21.120264379700746,64526098
2000-12-19,20.188491821289062,20.809675161222813,20.188491821289062,20.809675161222813,68030100
2000-12-20,19.505186080932617,19.877896329696796,19.505186080932617,19.567304696838516,34654321
2000-12-21,18.884002685546875,18.884002685546875,18.884002685546875,18.884002685546875,10093349108
2000-12-22,19.567304611206055,19.94001485833914,18.759765501305832,18.884001285902713,115648832744
2000-12-25,19.567304611206055,19.567304611206055,19.567304611206055,19.567304611206055,0
2000-12-26,19.132474899291992,20.126369811982833,19.008237673537845,19.94001397335162,50755700054
2000-12-27,19.07036018371582,19.380951864903874,18.88400430700011,19.25671461376007,64413876410
2000-12-28,20.374847412109375,20.374847412109375,19.008240610968105,19.31883372335084,138608896
2000-12-29,19.691543579101562,20.312726896882737,19.691543579101562,20.250609722441702,61573684539
2001-01-01,19.691543579101562,19.691543579101562,19.691543579101562,19.691543579101562,0
2001-01-02,20.374847412109375,20.374847412109375,18.88400336601501,19.070359233444652,109825541965
2001-01-03,20.374847412109375,20.809674876102438,19.62942538906219,19.877898432297,129409692
2001-01-04,21.741455078125,21.741455078125,21.741455078125,21.741455078125,75373772
2001-01-05,23.23229217529297,23.23229217529297,22.30051441278595,22.486870254621593,215170308
2001-01-08,23.605005264282227,24.78525617849845,23.04593911789935,23.170174914128932,271861871632
2001-01-09,24.97161102294922,24.97161102294922,23.915597333586415,24.164071823634785,227784008336
2001-01-10,24.536779403686523,24.847371035292756,23.667121677852098,24.723133803981774,115777400236
2001-01-11,24.536779403686523,25.344317067194236,23.915594693802838,24.847371035292756,191279033
2001-01-12,24.78525733947754,25.468557867425474,24.412545593316334,25.468557867425474,154437299305
2001-01-15,26.338220596313477,26.338220596313477,24.536784693920733,24.78525921011485,141554645147
2001-01-16,28.1396484375,28.1396484375,26.46245010122279,26.46245010122279,193260354
2001-01-17,27.953292846679688,28.38812170506463,27.083635129909798,27.82905561666364,158346387943
2001-01-18,27.083635330200195,28.38812191500204,26.773040806191954,28.26388468406723,130722145292
2001-01-19,27.083635330200195,27.083635330200195,27.083635330200195,27.083635330200195,0
2001-01-22,27.083635330200195,27.083635330200195,27.083635330200195,27.083635330200195,0
2001-01-23,27.083635330200195,27.083635330200195,27.083635330200195,27.083635330200195,0
2001-01-24,27.083635330200195,27.083635330200195,27.083635330200195,27.083635330200195,0
2001-01-25,27.083635330200195,27.083635330200195,27.083635330200195,27.083635330200195,0
2001-01-26,27.083635330200195,27.083635330200195,27.083635330200195,27.083635330200195,0
2001-01-29,25.592792510986328,27.82905697363246,25.592792510986328,27.332108029336627,124756584
2001-01-30,26.524572372436523,26.648809618054152,25.22008563346563,25.779151792073552,104110452229
2001-01-31,27.145751953125,27.891172430401827,27.083634785577924,27.269989181561535,157655657578
2001-02-01,27.394229888916016,27.953296041207587,27.145755400488042,27.145755400488042,129657522062
2001-02-02,27.394229888916016,28.201767636292818,27.394229888916016,27.394229888916016,159210628
2001-02-05,25.530675888061523,26.027621949690015,25.530675888061523,25.530675888061523,72332992158
2001-02-06,24.22618865966797,25.468556752469645,23.79135975485381,23.79135975485381,144491731506
2001-02-07,22.548992156982422,23.977716146065685,22.548992156982422,23.605005854711656,105464313
2001-02-08,23.294410705566406,23.294410705566406,22.611108805530158,22.983819064338228,84189309082
2001-02-09,23.91559600830078,24.226187656978386,23.170174026134703,23.35652988334405,104294385208
2001-02-12,23.605005264282227,24.164071410665102,23.480768021381284,23.667123885732696,64648969718
2001-02-13,24.039831161499023,24.53677862428641,23.915593934134385,24.039831161499023,113868275
2001-02-14,23.356529235839844,24.971608946866017,23.356529235839844,24.536780072103443,115285928970
2001-02-15,24.97161102294922,24.97161102294922,24.41254486701177,24.847373777925036,99613453
2001-02-16,25.841270446777344,26.400336637373496,24.847375318311176,25.841270446777344,226981927
2001-02-19,25.77915382385254,26.089745515704436,24.847375854953842,25.40644205762446,126530944686
2001-02-20,25.2200870513916,26.213982178868683,25.15796697841888,26.08974492626618,85833648428
2001-02-21,24.412548065185547,24.598902510463866,23.853481836007447,24.536785326485475,57678027014
2001-02-22,23.10805892944336,24.226189833122874,22.983821680144047,23.915598156546025,53248587778
2001-02-23,22.673227310180664,23.170174833381214,22.548991514384042,22.983820416350603,49629576980
2001-02-26,22.48686981201172,22.98381726712081,22.42475119928919,22.673224203508155,27544981992
2001-02-27,21.803569793701172,22.735346169329073,21.61721393990708,22.673226104726435,51476516111
2001-02-28,21.803569793701172,21.803569793701172,21.803569793701172,21.803569793701172,0
2001-03-01,20.623319625854492,21.18238575898586,20.49908238589834,21.120267139007783,43740473
2001-03-02,21.120267868041992,21.430859531982126,20.871793379552788,20.99603062379739,59476990211
2001-03-05,22.548992156982422,22.548992156982422,20.933912298886447,21.244503967236238,55388891707
2001-03-06,23.356529235839844,23.729239493254727,23.108056213120346,23.605003705230608,91103870417
2001-03-07,24.90949058532715,24.9716106535918,24.350427331001622,24.785256235483292,138909487681
2001-03-08,24.474660873413086,25.406438719901217,24.35042652766779,24.909489763549512,93048187554
2001-03-09,23.605005264282227,24.288307206894686,23.480768021381284,23.97771554631369,49897730361
2001-03-12,23.04593849182129,23.294411524201664,22.73534683967799,22.73534683967799,40832005431
2001-03-13,24.598896026611328,24.598896026611328,22.92169922782928,22.92169922782928,84571035
2001-03-14,24.598896026611328,24.598896026611328,24.598896026611328,24.598896026611328,0
2001-03-15,25.157960891723633,25.28219811426829,24.5988948369438,25.09584372712243,87086766332
2001-03-16,25.46855926513672,26.089745542829355,24.909493061884852,24.971613136325622,146649031897
2001-03-19,24.039831161499023,25.530673549861177,23.791356706769744,25.406436322496535,48758225016
2001-03-20,24.22618865966797,24.72313618612291,24.164071484698542,24.598898942841334,38649576649
2001-03-21,24.412548065185547,24.536785326485475,23.91560046665741,24.039837727957337,33195652
2001-03-22,26.02762222290039,26.02762222290039,24.72313554242203,24.84737278246892,113820091550
2001-03-23,27.207874298095703,27.642703187455954,26.710925342631064,27.269991470857473,170606402
2001-03-26,27.083635330200195,27.26998972993119,26.338214837933776,27.207872561135005,123032486669
2001-03-27,26.897281646728516,27.332110566682953,26.586689974381464,27.08363896481101,106406107730
2001-03-28,25.77915382385254,27.145757846669486,25.779153823852543,27.021520591260128,66748462602
2001-03-29,25.841270446777344,25.841270446777344,25.033729750728913,25.468558688598925,44384407
2001-03-30,25.530675888061523,26.46245083861843,25.46855582201882,26.027621949690015,66926886383
2001-04-02,23.853477478027344,25.22008420930723,23.791358858726323,25.22008420930723,60285230599
2001-04-03,22.797462463378906,23.232292772166872,22.362633601262164,22.67322523229663,51688012
2001-04-04,23.294410705566406,23.480766558306073,22.797463211598558,22.983819064338228,66545008111
2001-04-05,23.294410705566406,23.294410705566406,23.294410705566406,23.294410705566406,0
2001-04-06,24.22618865966797,24.474661699559757,23.91559699813539,24.10195141638639,61922160856
2001-04-09,23.48076629638672,24.03983240169828,23.35652906261276,24.03983240169828,25878461774
2001-04-10,22.983821868896484,23.91559835295059,22.859584618576886,23.72924247747119,29304330733
2001-04-11,23.294410705566406,23.667122411045742,23.170173470406628,23.60500379346585,34499262791
2001-04-12,24.78525733947754,24.847374517166315,23.85347942074595,23.91559804510615,77973287692
2001-04-13,25.282203674316406,25.841269852045762,25.15796642444956,25.841269852045762,129611748831
2001-04-16,25.157960891723633,25.406435336812947,24.66101489488725,25.220080949667086,40355462236
2001-04-17,24.847373962402344,24.971611208348918,24.41254504826073,24.847373962402344,31258643
2001-04-18,26.40033721923828,26.40033721923828,24.723138610484284,25.095850376877287,112268461067
2001-04-19,26.213979721069336,27.207874755359704,26.151859653920933,27.021517447257175,126022711392
2001-04-20,25.841270446777344,26.835165575243508,25.841270446777344,26.52457389009963,58380513
2001-04-23,26.151859283447266,26.276096522641417,25.53067598081912,25.841267632133192,36352299646
2001-04-24,25.6549129486084,26.27609624466501,25.592792882997177,25.903384531025484,42229493141
2001-04-25,24.72313690185547,25.344320242903827,24.661019725087755,25.220085889368402,59005245587
2001-04-26,24.72313690185547,25.344320242903827,24.661019725087755,25.220085889368402,59005245587
2001-04-27,24.22618865966797,24.847373429404488,24.22618865966797,24.847373429404488,37572914258
2001-04-30,23.97771644592285,24.723137037952878,23.91559782214178,24.22618949437572,43845382949
2001-05-01,23.97771644592285,23.97771644592285,23.97771644592285,23.97771644592285,0
2001-05-02,23.97771644592285,24.598899790390735,23.91559782214178,24.412545365718938,51046282
2001-05-03,25.34432029724121,25.34432029724121,23.915597741764007,24.039834988908602,43283073
2001-05-04,24.101953506469727,25.033730018541014,23.667126010619377,25.033730018541014,36247812917
2001-05-07,23.48076629638672,24.350425486133172,23.48076629638672,24.164069635472238,28531631510
2001-05-08,23.04593849182129,23.791359035633732,22.921701252295442,23.294411524201664,31169069750
2001-05-09,23.418649673461914,23.729241337670636,23.045939387077173,23.170175184757838,22304525
2001-05-10,21.865686416625977,23.29441025320478,21.865686416625977,23.29441025320478,33633122
2001-05-11,21.803569793701172,22.48687169760362,20.49908171048509,21.741449729098534,46421495
2001-05-14,21.555097579956055,21.741452006600223,21.30662308220193,21.492978955517525,50324610186
2001-05-15,22.090892791748047,22.462793709849958,21.94213242450728,21.94213242450728,39026347
2001-05-16,21.867752075195312,22.09089262436573,21.718991709081703,22.09089262436573,16792895
2001-05-17,22.53717041015625,22.98344999333515,22.090889377410537,22.314029893783395,25105942
2001-05-18,22.090892791748047,22.760314444331488,21.867752240886897,22.760314444331488,28791206
2001-05-21,21.644609451293945,21.942130155002495,20.900809141589445,21.942130155002495,24245972
2001-05-22,21.644609451293945,22.462791386492462,21.570229275366806,21.942130155002495,26447265
2001-05-23,23.05783462524414,23.132216261321933,21.421473421142878,21.644612531107896,51690001
2001-05-24,24.099153518676758,24.099153518676758,22.834691992627288,22.983450893132932,49267251
2001-05-25,23.05783462524414,23.950396863372564,23.05783462524414,23.950396863372564,22126646
2001-05-28,22.165273666381836,22.68593496795639,21.94213310856417,22.537174596077943,12118858
2001-05-29,22.165273666381836,22.909074076206974,22.165273666381836,22.165273666381836,23525617
2001-05-30,22.090892791748047,22.314033342609193,21.867752240886897,21.94213242450728,12159044
2001-05-31,21.495849609375,22.016509368538884,21.19832746910492,21.718988677835625,18734669
2001-06-01,20.90081024169922,21.718990770395617,20.90081024169922,21.495851680436207,21522006
2001-06-04,19.78510856628418,20.975189968485928,19.561968031577553,20.900809790250385,26370714
2001-06-05,21.123947143554688,21.123947143554688,19.785105586520004,20.008244638053526,58349636
2001-06-06,22.23965072631836,22.388411077287067,21.942130024380948,22.090890375349655,74675166
2001-06-07,22.388410568237305,22.909070335222555,21.7189890040989,22.090889873064683,51051550
2001-06-08,23.950395584106445,23.950395584106445,23.504114488879516,23.801635219030803,110008422
2001-06-11,24.099153518676758,24.17353369371301,23.504112118386715,23.652872468459226,37172179
2001-06-12,23.950395584106445,24.24791486469072,23.504114488879516,23.801635219030803,48671388
2001-06-13,23.132213592529297,24.17353463397351,23.057831965033007,23.95039410018541,36692542
2001-06-14,22.090892791748047,22.760314444331488,21.793372057266517,22.462793709849958,30057828
2001-06-15,22.31403160095215,22.31403160095215,21.57022982280362,21.57022982280362,21454222
2001-06-18,21.644609451293945,22.239650858711048,21.570229275366806,22.239650858711048,26444291
2001-06-19,21.347089767456055,21.86774953889876,21.198327969029325,21.570228841179013,21591261
2001-06-20,20.975191116333008,21.570231125213407,20.975191116333008,21.198330213683775,30988360
2001-06-21,20.454530715942383,21.347092941828112,20.454530715942383,20.82643164339477,38181347
2001-06-22,20.603286743164062,20.975187592209167,20.30576606392798,20.454526403546023,39076986
2001-06-25,20.603286743164062,20.603286743164062,20.603286743164062,20.603286743164062,0
2001-06-26,20.157011032104492,20.900811422997823,20.082630848058457,20.67767087085971,31320311
2001-06-27,20.752050399780273,21.049571126571934,20.305769309592787,20.3801494912907,34815926
2001-06-28,20.82642936706543,21.049569899147595,20.52890865762254,20.900809544426153,29553760
2001-06-29,21.495849609375,21.867749023187255,21.19832746910492,21.34708926402337,40210410
2001-07-02,21.123947143554688,21.570226696188442,20.677666141354223,21.570226696188442,17450841
2001-07-03,20.82642936706543,21.495850963311927,20.752049189704707,21.12395007650832,19144602
2001-07-04,21.123947143554688,21.34708764465492,20.603285974320812,20.826426475421044,30455622
2001-07-05,20.82642936706543,21.347090608590484,20.82642936706543,20.975189721786872,19618855
2001-07-06,20.38014793395996,20.826428990045283,20.082628679469966,20.5289082859884,27322550
2001-07-09,19.85948944091797,20.305770558555206,19.710730517939307,20.082631449303673,20337217
2001-07-10,19.78510856628418,20.231388186130506,19.710728388048636,19.859487294952793,27527169
2001-07-11,19.264446258544922,19.785107477542596,18.966925561974822,19.56196695511502,22775682
2001-07-12,20.23138999938965,20.305770184291593,19.56196978483922,19.56196978483922,33886098
2001-07-13,18.892547607421875,20.603290364119587,18.8181674245408,20.454529998357437,31983397
2001-07-16,17.62808609008789,18.89254775969035,17.62808609008789,18.818167576209788,24654699
2001-07-17,17.033044815063477,17.479324433452003,16.512383569115453,16.512383569115453,43425601
2001-07-18,15.842962265014648,17.256184223873852,15.842962265014648,17.181804044483002,57063958
2001-07-19,15.545440673828125,15.91734154988228,14.876020546497516,15.247921422551672,65376085
2001-07-20,15.396682739257812,15.991722728721863,15.322302559378937,15.619821829327481,64102525
2001-07-23,14.35536003112793,15.694201801676801,14.355360031127928,15.545441443886155,30333408
2001-07-24,13.388419151306152,14.057840761176584,13.388419151306152,13.834698774986165,51567634
2001-07-25,13.68593978881836,13.834698696152739,13.314038896565078,13.388419075015733,57889790
2001-07-26,14.57850170135498,14.57850170135498,13.165279642026704,13.685940934777616,68856843
2001-07-27,14.801640510559082,15.396681917844626,14.652880158737696,14.950400862380468,80232152
2001-07-30,14.801640510559082,14.801640510559082,14.801640510559082,14.801640510559082,0
2001-07-31,15.099160194396973,15.173538915717206,14.727259339961877,14.801639510848897,33861658
2001-08-01,15.099160194396973,15.396680877945048,14.65287916907486,15.099160194396973,54126453
2001-08-02,16.140483856201172,16.140483856201172,15.545442388867034,15.545442388867034,95644356
2001-08-03,17.256183624267578,17.256183624267578,16.363622952158423,16.363622952158423,134557369
2001-08-06,17.256183624267578,17.404943977880254,16.80990256342955,17.1074247202218,63388045
2001-08-07,16.51238441467285,16.95866405591423,16.06610332386448,16.58676459647425,40275803
2001-08-08,16.51238441467285,16.661144778275645,16.214863687467272,16.36362405107006,48617704
2001-08-09,15.69420337677002,16.661145799452974,15.694203376770018,16.28924486765184,73655821
2001-08-10,15.396682739257812,15.619821829327481,15.02478183986343,15.619821829327481,43072029
2001-08-13,15.099160194396973,15.619819941039319,15.099160194396973,15.396680877945048,27154184
2001-08-14,16.140483856201172,16.140483856201172,15.322303288183761,15.322303288183761,56843318
2001-08-15,16.066102981567383,16.58676424308418,15.991722801350697,16.14048316178407,76379298
2001-08-16,16.289243698120117,16.36362387914001,15.768582430980855,15.842962612000749,40023233
2001-08-17,16.140483856201172,16.884284240801815,15.991723489367637,16.586764956701774,69413858
2001-08-20,16.51238441467285,16.51238441467285,15.768582596658897,15.842962778460292,44375220
2001-08-21,16.36362075805664,16.958660643155042,16.36362075805664,16.586761258556056,59950273
2001-08-22,15.917340278625488,16.4380014635181,15.842960109355117,16.14048078643661,27841863
2001-08-23,15.917340278625488,16.4380014635181,15.917340278625488,16.21486095570698,41689733
2001-08-24,15.322301864624023,15.991722003613617,15.322301864624023,15.991722003613617,27418893
2001-08-27,15.247922897338867,15.84296290701123,15.173541265366936,15.84296290701123,45129069
2001-08-28,15.099160194396973,15.768580282813357,15.099160194396973,15.471059599265281,67492846
2001-08-29,14.132218360900879,14.652879571406057,14.057839637538393,14.652879571406057,113986055
2001-08-30,14.206600189208984,14.355360552401434,13.537180004409956,13.76032054919863,103824797
2001-08-31,13.462798118591309,13.983457874288852,13.239657602049443,13.983457874288852,88845158
2001-09-03,13.165278434753418,13.834698585907972,13.165278434753418,13.611559501901068,42085953
2001-09-04,13.68593978881836,13.760319967269016,13.016518182762452,13.314038896565078,54592429
2001-09-05,13.165278434753418,13.68593967975901,13.090898256895475,13.537179324043127,32687874
2001-09-06,13.165278434753418,13.388418968327242,13.016518079037533,13.165278434753418,39712238
2001-09-07,12.272717475891113,12.867757435896406,12.272717475891113,12.644616907306839,62216059
2001-09-10,11.454533576965332,12.123954323360493,11.454533576965332,11.975194721215262,41205784
2001-09-11,10.673544883728027,11.528915440105452,10.673544883728027,11.305775641599068,58105556
2001-09-12,10.673544883728027,10.673544883728027,10.673544883728027,10.673544883728027,0
2001-09-13,9.929744720458984,9.929744720458984,9.929744720458984,9.929744720458984,3350614
2001-09-14,9.260322570800781,9.48346310075224,9.260322570800781,9.260322570800781,47517303
2001-09-17,9.260322570800781,9.260322570800781,9.260322570800781,9.260322570800781,0
2001-09-18,9.260322570800781,9.260322570800781,9.260322570800781,9.260322570800781,0
2001-09-19,9.260322570800781,9.260322570800781,9.260322570800781,9.260322570800781,0
2001-09-20,8.665281295776367,8.665281295776367,8.665281295776367,8.665281295776367,2966157
2001-09-21,8.367761611938477,8.367761611938477,8.367761611938477,8.367761611938477,650081
2001-09-24,8.367761611938477,8.367761611938477,8.367761611938477,8.367761611938477,0
2001-09-25,7.512389659881592,8.330571580252803,7.475199572591991,8.330571580252803,146297459
2001-09-26,8.033051490783691,8.033051490783691,7.066109872750267,7.4380100490502095,129151615
2001-09-27,7.698341369628906,7.921481184482055,7.586770375027111,7.809910914663741,58745795
2001-09-28,7.698341369628906,7.698341369628906,7.698341369628906,7.698341369628906,0
2001-10-01,7.698341369628906,7.698341369628906,7.698341369628906,7.698341369628906,0
2001-10-02,7.661150932312012,8.181810718289054,7.661150932312012,8.144620630035915,44529690
2001-10-03,7.177680015563965,7.512390095809447,7.140489926116303,7.512390095809447,71158340
2001-10-04,7.0661091804504395,7.586769666172206,7.0661091804504395,7.586769666172206,81009542
2001-10-05,7.363631248474121,7.512390897353393,7.06611050114848,7.140490687979891,77069337
2001-10-08,6.880159854888916,7.2520607793604945,6.880159854888916,7.214870686913336,39614905
2001-10-09,7.326439380645752,7.326439380645752,6.991728620969025,7.140488958603126,68132043
2001-10-10,7.326439380645752,7.326439380645752,7.326439380645752,7.326439380645752,0
2001-10-11,7.809911251068115,7.809911251068116,7.698341701227531,7.809911251068116,31682599
2001-10-12,8.330571174621582,8.330571174621582,8.330571174621582,8.330571174621582,48794224
2001-10-15,7.7727203369140625,8.256191475784465,7.7727203369140625,8.256191475784465,80254927
2001-10-16,8.293383598327637,8.293383598327637,7.512391566982817,7.586771760444228,65387365
2001-10-17,8.330571174621582,8.70247130462564,8.070239851486972,8.256191003664092,146402599
2001-10-18,8.628091812133789,8.665281900536957,8.107430574489424,8.107430574489424,136434047
2001-10-19,8.628091812133789,8.776851440963014,8.367761918095056,8.516521546924281,92279916
2001-10-22,8.962801933288574,9.223131807736818,8.776850780482578,8.776850780482578,88609641
2001-10-23,8.442139625549316,9.185940515122748,8.367760188896943,9.148750434404912,83047107
2001-10-24,8.628091812133789,8.702471988940127,8.25619165288555,8.25619165288555,95220109
2001-10-25,8.925612449645996,8.999992625871391,8.628091744744419,8.702471920969813,122914347
2001-10-26,9.297513961791992,9.520654523007467,9.148753587648342,9.148753587648342,165040221
2001-10-29,9.223132133483887,9.409082568073973,8.999992336759203,9.297512307319922,81283488
2001-10-30,8.665281295776367,9.074372239660269,8.590901124161114,8.925611896429759,70375166
2001-10-31,8.293383598327637,8.59090364738967,8.181812583351908,8.553713550658964,74254658
2001-11-01,8.367761611938477,8.516521235324939,8.330571524896005,8.404950974197524,42265968
2001-11-02,8.516521453857422,8.702471893841237,8.404951189867134,8.590901629850949,62188564
2001-11-05,8.999993324279785,9.074373506277155,8.59090232329425,8.66528250529162,81651334
2001-11-06,9.223132133483887,9.595033002664062,9.148751959647852,9.185942046565868,210069035
2001-11-07,9.855362892150879,9.855362892150879,9.446271935810099,9.446271935810099,148181595
2001-11-08,10.227265357971191,10.413215821697385,9.89255452326404,10.190075265225952,213205856
2001-11-09,10.227265357971191,10.227265357971191,10.227265357971191,10.227265357971191,0
2001-11-12,11.454533576965332,11.528913740429607,11.045443402695136,11.157012923108228,172839156
2001-11-13,10.785116195678711,11.528917337614606,10.710736733790315,11.23139659092683,138091964
2001-11-14,11.157014846801758,11.157014846801758,10.673545150490718,11.082635395296291,179752117
2001-11-15,11.157014846801758,11.231395023090672,10.859494866429554,11.157014846801758,134125162
2001-11-16,10.710735321044922,11.119824844214637,10.41321461360011,11.082635480567486,107652537
2001-11-19,10.673544883728027,10.785114420589506,10.00412331385859,10.413214273223247,113631706
2001-11-20,10.264453887939453,11.157014528364552,10.264453887939453,10.67354484585243,174216803
2001-11-21,10.896685600280762,10.933875690628996,10.115694427751299,10.115694427751299,140137539
2001-11-22,10.859495162963867,11.23139532978026,10.561974449683982,10.859495162963867,203482323
2001-11-23,11.52891731262207,11.52891731262207,11.082636918341404,11.11982628681321,233073378
2001-11-26,11.380157470703125,11.752057672143648,11.157016190185159,11.677677486898837,161899620
2001-11-27,10.933876037597656,11.975197875609414,10.933876037597656,11.975197875609414,192874452
2001-11-28,10.19007396697998,11.08263535436718,10.19007396697998,10.933875002338741,114968278
2001-11-29,9.669414520263672,9.929744440084558,9.520654151918295,9.818174163825526,71254723
2001-11-30,9.70660400390625,10.078504901457647,9.66941391415111,9.892553727898472,85889547
2001-12-03,10.376025199890137,10.376025199890137,9.855363928004733,10.004124291400563,82228693
2001-12-04,11.082636833190918,11.082636833190918,10.636355717555588,10.785116089434032,128182572
2001-12-05,11.826436042785645,11.826436042785645,11.454535875616138,11.752056589178515,211978102
2001-12-06,12.64461612701416,12.64461612701416,12.64461612701416,12.64461612701416,60210568
2001-12-07,13.462798118591309,13.462798118591309,13.16527742986882,13.388417946410685,190114765
2001-12-10,14.35536003112793,14.355360031127928,13.685939870636963,13.909078957755991,179720851
2001-12-11,13.388419151306152,14.057840761176584,13.388419151306152,14.057840761176584,188991946
2001-12-12,14.28097915649414,14.28097915649414,13.23965815225747,13.23965815225747,175631642
2001-12-13,14.504120826721191,15.247922638125859,13.983459558737923,14.801641551283058,280601942
2001-12-14,13.834697723388672,14.28097876271309,13.537178480072557,13.537178480072557,143294591
2001-12-17,12.942139625549316,13.834700429199673,12.867759437781192,13.611561315462419,98423855
2001-12-18,12.942139625549316,13.537181127694296,12.42147976073957,13.462800939926174,160311489
2001-12-19,12.570237159729004,13.46279930452177,12.495856980996274,13.016518232125387,160739098
2001-12-20,13.388419151306152,13.388419151306152,12.64461736256123,13.016518256933692,124652166
2001-12-21,14.28097915649414,14.28097915649414,13.462798678072515,13.462798678072515,264778262
2001-12-24,13.834697723388672,15.024780494920455,13.834697723388672,14.801639975258245,208366262
2001-12-25,14.57850170135498,14.652881886033683,13.834699854567965,14.13222059328277,139851445
2001-12-26,15.545440673828125,15.545440673828125,15.09916107213001,15.247921422551672,120383740
2001-12-27,16.586767196655273,16.586767196655273,16.36362661627104,16.586767196655273,198919526
2001-12-28,17.702465057373047,17.702465057373047,16.512383653012165,17.330564165520606,345826162
2001-12-31,18.892547607421875,18.892547607421875,18.297507593940292,18.446267959702443,97585915
2002-01-01,18.892547607421875,18.892547607421875,18.892547607421875,18.892547607421875,0
2002-01-02,18.892547607421875,20.08263053351908,18.223125961492197,19.561969253351553,328393508
2002-01-03,18.892547607421875,18.892547607421875,18.892547607421875,18.892547607421875,0
2002-01-04,19.264446258544922,20.60328794354352,19.264446258544922,20.60328794354352,203952131
2002-01-07,19.264446258544922,19.264446258544922,17.925604573546323,18.52064451711967,120010591
2002-01-08,19.190067291259766,19.710728543001665,18.595025860697593,19.04130693361922,125602409
2002-01-09,20.528907775878906,20.528907775878906,18.966925567959848,19.413206612955822,211860293
2002-01-10,21.94213104248047,21.94213104248047,20.45452891333659,20.45452891333659,210261025
2002-01-11,20.454530715942383,22.611554645599163,20.454530715942383,22.09089334716582,285914103
2002-01-14,19.041303634643555,19.710725128046267,19.041303634643555,19.26444413244446,115357775
2002-01-15,19.71072769165039,20.008246944514003,19.041306111181797,19.115686286789416,251600241
2002-01-16,18.371889114379883,19.26444992436832,18.371889114379883,19.26444992436832,182372027
2002-01-17,17.702465057373047,17.851225414114026,17.10742507997607,17.256183987150116,134868497
2002-01-18,17.479326248168945,18.148747919601984,17.181805505309814,17.553706433883725,186640454
2002-01-21,18.669404983520508,18.669404983520508,17.479323639277666,17.479323639277666,190231522
2002-01-22,19.190067291259766,19.785108721821935,18.743786218338137,18.743786218338137,285363002
2002-01-23,18.446266174316406,19.487587184296565,18.223124197703736,18.743785427477253,206125703
2002-01-24,18.148746490478516,18.892546839488688,17.851225771047663,18.818166659630975,133925943
2002-01-25,19.4132080078125,19.4132080078125,18.669406212709706,19.041307110261105,106349209
2002-01-28,20.752050399780273,20.752050399780273,20.15701039576395,20.528909854686532,150713195
2002-01-29,20.008249282836914,20.900811494440283,19.338829073701433,20.752051125839724,205835716
2002-01-30,21.347089767456055,21.347089767456055,19.41320668184454,19.41320668184454,266290689
2002-01-31,21.347089767456055,21.347089767456055,21.347089767456055,21.347089767456055,0
2002-02-01,20.528907775878906,21.34708969170486,20.157008354615776,20.677668124210896,199486121
2002-02-04,20.008249282836914,20.677670941539443,19.933869098536633,20.52891057293888,86987877
2002-02-05,20.67766761779785,20.752047790142218,20.008246066698575,20.008246066698575,119924429
2002-02-06,20.38014793395996,21.5702293006206,20.38014793395996,20.900809166059503,206770736
2002-02-07,20.38014793395996,20.38014793395996,20.38014793395996,20.38014793395996,0
2002-02-08,20.38014793395996,20.38014793395996,20.38014793395996,20.38014793395996,0
2002-02-11,20.38014793395996,20.38014793395996,20.38014793395996,20.38014793395996,0
2002-02-12,20.38014793395996,20.38014793395996,20.38014793395996,20.38014793395996,0
2002-02-13,20.38014793395996,20.38014793395996,20.38014793395996,20.38014793395996,0
2002-02-14,20.38014793395996,20.38014793395996,20.38014793395996,20.38014793395996,0
2002-02-15,20.38014793395996,20.38014793395996,20.38014793395996,20.38014793395996,0
2002-02-18,21.793371200561523,21.793371200561523,21.272709935686223,21.57023065847211,157932307
2002-02-19,22.165273666381836,22.909074076206974,21.570232178868064,22.23965385232106,305756376
2002-02-20,21.347089767456055,22.090890062188574,20.826428546446493,22.090890062188574,150753845
2002-02-21,20.82642936706543,21.867750400548626,20.752049189704707,21.64460986846646,156154293
2002-02-22,19.4132080078125,19.710728725853617,19.4132080078125,19.4132080078125,111766553
2002-02-25,18.595027923583984,19.413209981374063,18.074368063648308,19.190069420158586,86348948
2002-02-26,18.22312355041504,19.338826146014046,17.999984480862064,19.190065799934178,124326974
2002-02-27,19.338829040527344,19.48758940887272,18.297507911676753,18.297507911676753,124943970
2002-02-28,19.338829040527344,19.338829040527344,19.338829040527344,19.338829040527344,0
2002-03-01,18.595027923583984,19.041309046014934,17.999987876576483,18.743788297727633,112817028
2002-03-04,19.85948944091797,19.85948944091797,19.85948944091797,19.85948944091797,52619618
2002-03-05,20.975191116333008,21.198330213683775,20.52891002249745,21.198330213683775,224524905
2002-03-06,21.718990325927734,21.942130860887648,20.677669279015063,20.900809813974977,225394606
2002-03-07,22.090892791748047,22.090892791748047,21.27271077192384,21.867752240886897,196368189
2002-03-08,21.2727108001709,22.165273004800678,21.19833061645175,22.016512637362382,117191571
2002-03-11,21.644609451293945,22.5371715624196,21.570229275366806,21.570229275366806,179418356
2002-03-12,20.157011032104492,21.123951975135935,20.157011032104492,21.123951975135935,85903675
2002-03-13,19.338829040527344,20.082630882254225,19.04130830383659,19.04130830383659,78329217
2002-03-14,19.933868408203125,19.933868408203125,18.595026586730796,19.04130767707724,56759040
2002-03-15,19.48758888244629,19.933868525859836,19.33882851811944,19.63634924677314,71790282
2002-03-18,19.338829040527344,19.710729961390786,19.338829040527344,19.710729961390786,54173685
2002-03-19,18.892547607421875,19.636349436232628,18.595026875897574,19.338828704708327,60999621
2002-03-20,19.48758888244629,19.710729428936563,18.74378706081204,19.04130778946574,103055760
2002-03-21,18.892547607421875,19.1156881560651,18.595026875897574,18.595026875897574,75354521
2002-03-22,18.966928482055664,19.4875897812125,18.966928482055664,19.338829410024832,103778864
2002-03-25,19.63634490966797,19.710725075402948,18.966923418053142,19.041303583788125,123660548
2002-03-26,19.338829040527344,19.561969593045408,19.04130830383659,19.338829040527344,61637663
2002-03-27,18.446266174316406,19.63634753566043,18.371885998634475,19.63634753566043,90655853
2002-03-28,18.892547607421875,18.892547607421875,18.297507593940292,18.297507593940292,61705664
2002-03-29,18.818166732788086,19.264447813669317,18.818166732788086,19.041307273228703,48912553
2002-04-01,18.595027923583984,18.96692885894311,18.446268999007433,18.52064773651216,37205334
2002-04-02,18.818166732788086,19.190067633522446,18.59502619234747,18.892546912934957,49413996
2002-04-03,18.966928482055664,19.11568885324333,18.595027554086496,18.743787925274162,35160944
2002-04-04,18.446266174316406,18.892545778841118,18.446266174316406,18.59502507611339,35519700
2002-04-05,18.446266174316406,18.446266174316406,18.446266174316406,18.446266174316406,0
2002-04-08,18.297504425048828,18.818164165477793,18.22312280548267,18.44626476504761,37229692
2002-04-09,18.297504425048828,18.966924505476577,18.297504425048828,18.595023655479622,66879626
2002-04-10,18.669404983520508,18.892545507359827,18.520644634294296,18.743785158133615,57991720
2002-04-11,19.63634490966797,19.933864123041207,18.892543252318163,18.966923418053142,212318754
2002-04-12,19.933868408203125,20.082630221218935,19.19006804052605,19.487588767423677,120023133
2002-04-15,19.71072769165039,20.38014782255211,19.636347516042772,19.93386676890638,135569840
2002-04-16,19.48758888244629,19.933868525859836,19.413208700282865,19.933868525859836,54258163
2002-04-17,19.71072769165039,20.30576764694449,19.56196734043515,20.157008745296125,98757635
2002-04-18,19.338829040527344,19.933869064341806,19.338829040527344,19.710729961390786,38527238
2002-04-19,19.338829040527344,19.636349777218097,19.19006867218197,19.264448856354655,35924029
2002-04-22,19.264446258544922,19.785107477542596,19.264446258544922,19.41320660682997,40931304
2002-04-23,19.56197166442871,19.9338711751049,19.487591472380032,19.71073204852607,93564958
2002-04-24,19.71072769165039,20.082628569688502,19.338826813612283,19.56196734043515,77602124
2002-04-25,20.008249282836914,20.231389835737758,19.561969626602274,19.710729995202836,122780104
2002-04-26,19.48758888244629,20.157010521917115,19.413208700282865,20.08263033975369,47575008
2002-04-29,18.595027923583984,19.338829794302235,18.595027923583984,19.338829794302235,57346887
2002-04-30,18.22312355041504,18.743784761694577,18.22312355041504,18.59502441561471,42792006
2002-05-01,18.22312355041504,18.22312355041504,18.22312355041504,18.22312355041504,0
2002-05-02,16.958662033081055,18.074364627020724,16.958662033081055,17.479323243586233,73435978
2002-05-03,16.140483856201172,16.363624406451475,15.842963122534103,15.917343305950869,76359927
2002-05-06,15.024779319763184,15.471058874615188,15.024779319763184,15.247919821972545,32195755
2002-05-07,14.727262496948242,15.024783244273882,14.057842265032647,14.057842265032647,54593965
2002-05-08,14.429738998413086,15.099160552262218,14.132218307813472,14.876020034312507,56314926
2002-05-09,14.504120826721191,15.173541007418407,14.504120826721191,15.099162275844925,56805623
2002-05-10,14.057839393615723,14.132218115687635,13.537178192144724,13.983457772410208,65023040
2002-05-13,14.57850170135498,14.652881886033683,13.760321119456318,13.983460223925368,59908733
2002-05-14,15.545440673828125,15.545440673828125,14.876020546497516,14.876020546497516,91045115
2002-05-15,16.586767196655273,16.586767196655273,16.140486035886806,16.36362661627104,87179177
2002-05-16,15.768580436706543,16.58676232444878,15.61982009348068,16.363621809609988,80996882
2002-05-17,14.950401306152344,15.991722350244634,14.876021128033829,15.768581815889087,56659821
2002-05-20,13.909080505371094,14.504122002741878,13.909080505371094,14.504122002741878,43410378
2002-05-21,13.68593978881836,14.05784068107164,13.388419075015733,13.46279925346639,42325875
2002-05-22,13.983460426330566,14.057842061652968,13.537180761365684,13.760321318631663,34396834
2002-05-23,13.909080505371094,14.280981441227835,13.834700318199745,13.983460692542442,29238090
2002-05-24,14.876020431518555,14.876020431518555,14.05783996009012,14.132218685159199,60773590
2002-05-27,14.652878761291504,14.950399436559707,14.578498592474453,14.578498592474453,41227587
2002-05-28,14.35536003112793,15.173540549409541,14.280979852232607,14.87602128339519,36685126
2002-05-29,14.132218360900879,14.132218360900879,13.760318945821147,13.983458015042256,20185357
2002-05-30,14.652878761291504,14.876019267742656,14.132217579572151,14.280977917206252,42622853
2002-05-31,14.206600189208984,14.727261460382557,14.13222000761276,14.578501097190108,26791714
2002-06-03,14.206600189208984,14.206600189208984,13.76032054919863,13.909079462824085,19609208
2002-06-04,14.429738998413086,14.50411917106299,13.834697617213859,13.834697617213859,41525227
2002-06-05,15.396682739257812,15.396682739257812,14.801641300226802,14.801641300226802,80468674
2002-06-06,15.099160194396973,15.396680877945048,14.876019681735915,15.173538915717206,38953727
2002-06-07,14.057839393615723,14.801639660436061,14.057839393615723,14.727259488797348,41427491
2002-06-10,14.429738998413086,14.727259689012701,14.206598480463375,14.206598480463375,32731437
2002-06-11,14.429738998413086,14.50411917106299,14.057839584730388,14.50411917106299,27510083
2002-06-12,14.652878761291504,14.950399436559707,14.280977917206252,14.429738254840354,53760586
2002-06-13,15.099160194396973,15.322300707058028,14.876019681735915,15.024780023509953,76125586
2002-06-14,15.768580436706543,15.842960608319473,15.173539063803096,15.173539063803096,84579015
2002-06-17,15.322301864624023,16.214862533132447,15.247921688117748,16.066102180119895,51105123
2002-06-18,15.768580436706543,16.066101123158266,15.54543992186775,16.066101123158266,67522943
2002-06-19,15.396682739257812,16.140483088479616,15.396682739257812,15.768582189085233,67887634
2002-06-20,15.247922897338867,15.247922897338867,14.652881438099492,14.652881438099492,36865362
2002-06-21,15.61982250213623,15.991723417549887,14.801641937793216,14.876022120875946,75684616
2002-06-24,15.47105884552002,15.842959681836218,15.396680127823494,15.694199347309738,45164520
2002-06-25,15.173540115356445,15.84296170626493,14.950401034620516,15.76858152949732,55227621
2002-06-26,14.132218360900879,14.950400263123303,14.132218360900879,14.727259744335369,42326879
2002-06-27,13.983460426330566,14.355361355107197,13.760321318631663,14.132220797841219,38868143
2002-06-28,13.983460426330566,14.429741540862523,13.983460426330566,14.28098116935187,49882169
2002-07-01,13.016517639160156,13.98345846906989,13.016517639160156,13.98345846906989,31606850
2002-07-02,13.016517639160156,13.23965816519322,12.644616762438385,12.71899693778274,35987875
2002-07-03,13.165278434753418,13.388418968327242,12.123956669525692,12.644617189747825,46925010
2002-07-04,14.057839393615723,14.057839393615723,13.388417848867297,13.388417848867297,65085129
2002-07-05,15.024779319763184,15.024779319763184,14.57849831534446,14.7272586501507,92710218
2002-07-08,15.61982250213623,15.917343234467156,15.396683402455063,15.917343234467156,119796262
2002-07-09,15.991724014282227,15.991724014282227,15.173541969841663,15.619823084991062,82290210
2002-07-10,14.876020431518555,15.619820728311053,14.876020431518555,15.396681653970104,56756023
2002-07-11,14.57850170135498,14.95040262474849,13.909080039246666,13.909080039246666,51410295
2002-07-12,15.545440673828125,15.545440673828125,15.247921422551672,15.322301597762502,45039963
2002-07-15,16.586767196655273,16.586767196655273,16.066105842425394,16.51238700319386,158201516
2002-07-16,16.735523223876953,17.330563166989652,16.586762875707066,17.10742409430167,218318454
2002-07-17,16.884279251098633,16.958659412534306,15.69419811769446,16.58676005492254,92183127
2002-07-18,16.884279251098633,17.256180058277,16.512379893486866,16.884279251098633,128041245
2002-07-19,16.661142349243164,16.80990124159136,16.289241494455712,16.363621665413202,62113163
2002-07-22,16.36362075805664,16.958660643155042,16.06610009072409,16.36362075805664,104214862
2002-07-23,16.21486473083496,16.21486473083496,15.322303941352164,15.99172417107249,71716892
2002-07-24,15.47105884552002,15.991720016362697,15.247919793297013,15.768579514572977,47941918
2002-07-25,16.21486473083496,16.512385477184925,16.14048454424747,16.28924491742245,108619340
2002-07-26,15.099160194396973,15.322300707058028,15.099160194396973,15.099160194396973,66876336
2002-07-29,15.396682739257812,15.84296236896411,15.099162019742307,15.247922379500059,65522948
2002-07-30,15.61982250213623,16.214863966798077,15.545442319053501,15.991723417549887,83683095
2002-07-31,15.024779319763184,15.545439042018309,14.876018984956941,15.545439042018309,50291757
2002-08-01,14.950401306152344,15.247922018626406,14.801640949915313,14.801640949915313,41713436
2002-08-02,15.173540115356445,15.247921741690954,14.132219090176811,14.50411997401486,55582814
2002-08-05,14.132218360900879,14.80163991726468,14.132218360900879,14.20659853383019,56554390
2002-08-06,14.132218360900879,14.876020090193991,13.983458015042256,13.983458015042256,74303510
2002-08-07,14.28097915649414,14.876020558667593,14.28097915649414,14.652880032852547,79403702
2002-08-08,14.206600189208984,14.504120915593884,14.13222000761276,14.429740733997658,69940879
2002-08-09,14.429738998413086,14.578499343712894,14.057839584730388,14.429738998413086,86957412
2002-08-12,14.504120826721191,14.652881189002125,14.206600102159323,14.206600102159323,39864411
2002-08-13,14.35536003112793,14.65288074670922,14.355360031127928,14.504120388918574,28299096
2002-08-14,15.099160194396973,15.173538915717206,14.280978314639764,14.280978314639764,66918164
2002-08-15,15.61982250213623,16.066103600632616,15.099162670124139,15.47106213597077,145960854
2002-08-16,16.289243698120117,16.289243698120117,15.917342793020644,16.066103155060432,115101782
2002-08-19,16.51238441467285,16.661144778275645,16.06610332386448,16.58676459647425,89517325
2002-08-20,16.289243698120117,17.107425689338957,16.214863517100223,17.107425689338957,99847730
2002-08-21,15.768580436706543,15.991720951545334,15.61982009348068,15.991720951545334,55610802
2002-08-22,15.61982250213623,16.066103600632616,15.619822502136232,15.917343234467156,54029746
2002-08-23,15.61982250213623,15.619822502136232,15.619822502136232,15.619822502136232,0
2002-08-26,15.61982250213623,15.842963051384425,15.2479230362896,15.2479230362896,29617103
2002-08-27,15.47105884552002,15.842959681836218,15.471058845520018,15.694199347309738,28615178
2002-08-28,14.876020431518555,15.396681653970104,14.727260082246683,15.247921304698233,47542589
2002-08-29,15.396682739257812,15.396682739257812,14.876021480105678,14.876021480105678,38697561
2002-08-30,15.024779319763184,15.396680156778785,15.024779319763184,15.396680156778785,25038143
2002-09-02,14.876020431518555,15.322301479334168,14.876020431518555,15.099160955426361,31155177
2002-09-03,14.950401306152344,15.396682374863436,14.876021128033829,15.173540390940964,41924637
2002-09-04,14.28097915649414,15.247921435025999,13.983458455407414,14.876020558667593,73570614
2002-09-05,13.983460426330566,14.578501912373175,13.685941132876337,14.50412172661785,66461853
2002-09-06,13.983460426330566,13.983460426330566,13.983460426330566,13.983460426330566,0
2002-09-09,14.28097915649414,14.28097915649414,13.685939203887559,13.983458455407414,34293328
2002-09-10,15.247922897338867,15.247922897338867,14.280980526074883,14.280980526074883,64060705
2002-09-11,15.247922897338867,15.76858272460631,15.173541265366936,15.471061994986622,60173650
2002-09-12,14.876020431518555,15.247921304698233,14.727260082246683,15.247921304698233,25161355
2002-09-13,14.35536003112793,14.65288074670922,14.280979852232607,14.355360031127928,31661032
2002-09-16,13.983460426330566,14.429741540862523,13.983460426330566,14.355361355107197,24979364
2002-09-17,14.950401306152344,14.950401306152344,13.983458990611643,14.057840618297085,42715698
2002-09-18,14.057839393615723,14.504118973881205,13.983457772410208,14.355358630603778,24344008
2002-09-19,14.057839393615723,14.504118973881205,13.983457772410208,14.057839393615723,43851147
2002-09-20,13.61155891418457,13.760319263477317,13.239658040952705,13.760319263477317,34552404
2002-09-23,12.718998908996582,13.611561151459771,12.718998908996582,13.388420590843975,41527206
2002-09-24,11.900815963745117,12.347096997255603,11.900815963745117,12.198336652752108,36004445
2002-09-25,11.082636833190918,11.60329740998193,11.082636833190918,11.231396480285822,34502830
2002-09-26,10.673544883728027,11.528915440105452,10.636354071729631,11.231394742385703,56297090
2002-09-27,11.008255004882812,11.008255004882812,10.338834156087131,10.673544942876688,47047999
2002-09-30,11.6776762008667,11.6776762008667,10.822304889534722,10.933875155114995,48943042
2002-10-01,11.52891731262207,11.975198431686282,11.380157664384212,11.52891731262207,56894372
2002-10-02,10.785116195678711,11.900818270974328,10.785116195678711,11.826437359518838,43581821
2002-10-03,10.561973571777344,10.933874432464963,10.561973571777344,10.785114088189916,39889464
2002-10-04,10.822304725646973,11.157014792535652,10.561974109901989,10.561974109901989,56411905
2002-10-07,10.078505516052246,10.599165354807464,10.078505516052246,10.561975262784445,23450912
2002-10-08,9.929744720458984,10.078505817788272,9.446273509685307,9.706604886423907,29356901
2002-10-09,10.004124641418457,10.376025562919862,9.966934549268316,9.966934549268316,57612053
2002-10-10,10.004124641418457,10.004124641418457,10.004124641418457,10.004124641418457,0
2002-10-11,9.669414520263672,10.376025545120687,9.595034336090984,10.338835453034344,39639282
2002-10-14,9.855362892150879,10.041314051634656,9.743793356114088,9.89255297909095,33725800
2002-10-15,10.52478313446045,10.52478313446045,10.115692926140214,10.152883010967816,30314694
2002-10-16,11.082636833190918,11.231396480285822,10.599165624585979,11.082636833190918,123289394
2002-10-17,11.082636833190918,11.454537038103487,10.561975531616367,10.71073662827835,85045819
2002-10-18,11.826436042785645,11.826436042785645,11.528916054006732,11.677676410787921,43871922
2002-10-21,12.64461612701416,12.64461612701416,12.049576203728472,12.123955650551634,138196433
2002-10-22,12.718998908996582,13.314040403972042,12.570238535252717,13.314040403972042,137014361
2002-10-23,13.537179946899414,13.537179946899414,12.49585740897616,12.718997952816856,161599480
2002-10-24,13.834697723388672,14.429739109154564,13.685938826514029,13.760318999734766,172454614
2002-10-25,14.206600189208984,14.28098037080521,13.76032054919863,13.98345964442031,125843117
2002-10-28,14.57850170135498,15.17354172921754,14.355361147318876,14.727262070712385,151203642
2002-10-29,14.206600189208984,14.801641641978783,13.98345964442031,14.727261460382557,108112293
2002-10-30,14.057839393615723,15.17353906906283,13.685938535422153,15.17353906906283,137062520
2002-10-31,14.206600189208984,14.429740733997658,13.909079462824085,14.05784127558353,183417177
2002-11-01,13.760320663452148,14.652881400450886,13.760320663452148,14.355360671595637,105093762
2002-11-04,14.28097915649414,14.504119682309184,13.909078280135732,14.28097915649414,94673484
2002-11-05,13.834697723388672,14.355358935933827,13.834697723388672,14.355358935933827,68042847
2002-11-06,14.429738998413086,14.652879516362797,13.611558548830967,13.834697617213859,159222146
2002-11-07,14.206600189208984,14.578501097190108,14.05784127558353,14.429740733997658,99249631
2002-11-08,14.132218360900879,14.355358879688813,13.760318945821147,13.909077842112945,69464445
2002-11-11,13.165278434753418,13.909078763765914,13.165278434753418,13.834698585907972,65357899
2002-11-12,13.090899467468262,13.239659836940668,12.644618359051043,12.718998543787245,65504733
2002-11-13,12.570237159729004,13.165278589590848,12.495856980996274,13.016518232125387,67770000
2002-11-14,12.421479225158691,13.016519252080027,12.421479225158691,12.644618329274785,76903104
2002-11-15,12.64461612701416,12.942136813440404,12.5702359554076,12.793376470227283,59458679
2002-11-18,13.462798118591309,13.462798118591309,12.42147715762941,12.644616224604466,90107831
2002-11-19,12.793376922607422,13.61155883921091,12.793376922607422,13.462798490737548,61276788
2002-11-20,12.718998908996582,13.016519656484311,12.570238535252717,12.793379095868515,46861131
2002-11-21,12.793376922607422,13.165277793790825,12.71899674837074,13.090897619554143,60115300
2002-11-22,13.165278434753418,13.537179324043127,13.165278434753418,13.23965861261136,95024026
2002-11-25,13.314038276672363,13.314038276672363,12.942137401734538,13.239658101684798,34946958
2002-11-26,13.016517639160156,13.61155904191499,13.016517639160156,13.388418515881927,45156830
2002-11-27,12.421479225158691,12.942139067518978,12.12395776213097,12.86775888295793,45436931
2002-11-28,12.421479225158691,12.793378698396882,12.347099040597643,12.644618329274785,53104123
2002-11-29,12.718998908996582,12.867759282740446,12.570238535252717,12.570238535252717,29882667
2002-12-02,12.718998908996582,12.718998908996582,12.718998908996582,12.718998908996582,0
2002-12-03,13.314038276672363,13.462798626647494,12.867757226746972,12.942137401734538,64712346
2002-12-04,12.793376922607422,13.239657968027505,12.71899674837074,13.090897619554143,31821692
2002-12-05,12.718998908996582,12.942139469612378,12.64461872212465,12.64461872212465,20400404
2002-12-06,12.793376922607422,12.942137271080783,12.64461657413406,12.71899674837074,20902450
2002-12-09,12.64461612701416,13.016516985046966,12.64461612701416,13.016516985046966,33947473
2002-12-10,12.19833755493164,12.495856816376111,12.049577199425945,12.495856816376111,36537955
2002-12-11,12.049576759338379,12.495856359989041,12.049576759338379,12.347097459483399,39329020
2002-12-12,11.454533576965332,12.19833521160809,11.3057739748201,12.049574884679537,53629763
2002-12-13,11.380157470703125,11.677677486898837,11.305777285458314,11.305777285458314,32054525
2002-12-16,11.752056121826172,11.752056121826172,11.157014718364847,11.305775794013615,36521050
2002-12-17,11.305776596069336,12.049577678379377,11.305776596069336,11.975197497670024,31107888
2002-12-18,10.785116195678711,11.380157689054265,10.785116195678711,11.157016404254886,32519348
2002-12-19,10.413214683532715,10.78511484555287,10.26445432881127,10.26445432881127,29793586
2002-12-20,11.11982536315918,11.11982536315918,10.413215099568276,10.413215099568276,71817358
2002-12-23,11.157014846801758,11.45453555195741,11.119824758657302,11.157014846801758,62339009
2002-12-24,11.52891731262207,11.752057872154175,11.305777477873509,11.305777477873509,54595539
2002-12-25,11.23139476776123,11.603295640751167,11.157014593163243,11.52891546615318,26331348
2002-12-26,11.752056121826172,11.8264355724754,11.231394893797512,11.454535420095509,30679238
2002-12-27,11.23139476776123,11.752055989947142,11.23139476776123,11.603295640751167,22391085
2002-12-30,11.23139476776123,11.380155841740635,11.082635143348684,11.23139476776123,27455073
2002-12-31,11.157014846801758,11.380156100451941,11.157014846801758,11.231395023090672,21477553
2003-01-01,11.157014846801758,11.157014846801758,11.157014846801758,11.157014846801758,0
2003-01-02,11.157014846801758,11.528915728246321,11.157014846801758,11.231395023090672,25178354
2003-01-03,11.900815963745117,11.900815963745117,11.38015548276629,11.52891510248638,67154507
2003-01-06,11.826436042785645,12.198337659522084,11.677676410787921,12.049577302740895,55542981
2003-01-07,12.272717475891113,12.570236731110315,11.975196771105024,12.198337299694591,85399071
2003-01-08,12.272717475891113,12.570236731110315,12.123956398714624,12.421477828284159,72329312
2003-01-09,12.049576759338379,12.495856359989041,11.975196584302124,12.1239562095912,50642857
2003-01-10,12.049576759338379,12.495856359989041,12.049576759338379,12.347097459483399,53293937
2003-01-13,12.347098350524902,12.495857261765892,12.198337989716943,12.198337989716943,45163427
2003-01-14,12.421479225158691,12.86775888295793,12.198338671475545,12.495857960152687,69899395
2003-01-15,12.421479225158691,12.718998513835833,12.347099040597643,12.644618329274785,44509173
2003-01-16,12.049576759338379,12.644616710061552,12.049576759338379,12.421477634519652,33772316
2003-01-17,11.900815963745117,12.272716825003855,11.900815963745117,12.049576308248612,23601590
2003-01-20,11.454533576965332,11.900814557750985,11.454533576965332,11.900814557750985,21417320
2003-01-21,11.52891731262207,11.826437333881334,11.454537126111369,11.454537126111369,20935011
2003-01-22,11.305776596069336,11.677676774832612,11.157015509867142,11.677676774832612,23036965
2003-01-23,11.52891731262207,11.826437333881334,11.305777477873509,11.305777477873509,33924968
2003-01-24,11.380157470703125,11.826437132604928,11.380157470703125,11.826437132604928,21393509
2003-01-27,11.23139476776123,11.52891546615318,11.157014593163243,11.157014593163243,33056704
2003-01-28,11.305776596069336,11.454536232704553,11.231395690576495,11.231395690576495,16143381
2003-01-29,11.305776596069336,11.305776596069336,11.305776596069336,11.305776596069336,0
2003-01-30,11.305776596069336,11.305776596069336,11.305776596069336,11.305776596069336,0
2003-01-31,11.305776596069336,11.305776596069336,11.305776596069336,11.305776596069336,0
2003-02-03,11.305776596069336,11.305776596069336,11.305776596069336,11.305776596069336,0
2003-02-04,11.305776596069336,11.305776596069336,11.305776596069336,11.305776596069336,0
2003-02-05,11.305776596069336,11.305776596069336,11.305776596069336,11.305776596069336,0
2003-02-06,10.52478313446045,11.231394021401492,10.52478313446045,11.231394021401492,19147892
2003-02-07,10.376025199890137,10.413215290739094,10.04131510703302,10.376025199890137,18628491
2003-02-10,10.264453887939453,10.487593685654016,10.04131409022489,10.338834062105448,14119842
2003-02-11,10.301643371582031,10.561973241130222,10.26445328667752,10.413213626295564,12231708
2003-02-12,9.966934204101562,10.413215294448005,9.966934204101562,10.301645021861393,15561706
2003-02-13,9.669414520263672,10.004124624257246,9.669414520263672,9.818174163825526,15106887
2003-02-14,9.669414520263672,9.892554347998214,9.669414520263672,9.818174163825526,12593344
2003-02-17,10.338833808898926,10.338833808898926,10.152883378038016,10.152883378038016,10408977
2003-02-18,10.487594604492188,10.636354965857358,10.413215148593089,10.561974785174773,44370935
2003-02-19,10.227265357971191,10.710736563659296,10.227265357971191,10.636355653385284,24137449
2003-02-20,10.859495162963867,10.933875341283839,10.301644550347545,10.413214817827503,47474983
2003-02-21,10.859495162963867,11.305776232883696,10.859495162963867,11.305776232883696,61604690
2003-02-24,10.710735321044922,10.971065215275681,10.561974242539065,10.859494949983876,16612127
2003-02-25,10.152883529663086,10.636353932338285,10.152883529663086,10.561973758883113,18663945
2003-02-26,10.338833808898926,10.636353773492976,10.264453636554562,10.264453636554562,23020291
2003-02-27,10.413214683532715,10.487594136109982,10.190074151450549,10.227264240130909,16732878
2003-02-28,10.413214683532715,10.413214683532715,10.413214683532715,10.413214683532715,0
2003-03-03,10.561973571777344,10.673544554767034,10.4132139522857,10.636353743914867,11097211
2003-03-04,10.152883529663086,10.338833963301015,10.1156934429355,10.1156934429355,10449837
2003-03-05,9.669414520263672,10.115694900516278,9.669414520263672,10.041315441127113,16508862
2003-03-06,9.70660400390625,9.892553727898472,9.70660400390625,9.818173548388192,13922694
2003-03-07,9.557843208312988,9.780983011868013,9.44627221936031,9.5950332963694,18176363
2003-03-10,9.557843208312988,9.780983011868013,9.557843208312988,9.669413472482223,17438908
2003-03-11,9.929744720458984,10.115695186141167,9.55784451387816,9.55784451387816,46146732
2003-03-12,9.929744720458984,10.078505817788272,9.929744720458984,10.004124906731857,22997955
2003-03-13,10.041314125061035,10.22726383633771,9.818172877005484,9.892553051429525,28271197
2003-03-14,10.19007396697998,10.599164210274749,10.19007396697998,10.599164210274749,34517844
2003-03-17,10.041314125061035,10.190073749125691,10.041314125061035,10.190073749125691,16479144
2003-03-18,10.710735321044922,10.710735321044922,10.41321461360011,10.524784154108463,37239547
2003-03-19,10.673544883728027,10.97106485666435,10.561973897299694,10.785114420589506,35053062
2003-03-20,10.822304725646973,11.157014792535652,10.710735186539706,10.971065077501247,49090938
2003-03-21,10.933876037597656,11.082636403711266,10.859495854540851,10.97106612912606,33311540
2003-03-24,10.822304725646973,11.119824704572084,10.822304725646973,11.082635341391956,32983853
2003-03-25,10.52478313446045,10.636353388943252,10.450402964805246,10.450402964805246,15322299
2003-03-26,10.52478313446045,10.747924368209437,10.487593049632848,10.747924368209437,22009612
2003-03-27,10.52478313446045,10.52478313446045,10.338833435105823,10.487593049632848,13778410
2003-03-28,10.450404167175293,10.636354612707807,10.413214802852254,10.524784345388298,19496954
2003-03-31,9.743794441223145,10.338835173747043,9.743794441223145,10.338835173747043,18589766
2003-04-01,9.855362892150879,9.855362892150879,9.669413182233948,9.743793356114088,23033495
2003-04-02,9.669414520263672,9.855364255911871,9.595034336090984,9.855364255911871,17938460
2003-04-03,9.743794441223145,10.078505260958558,9.743794441223145,10.041315169876844,27350333
2003-04-04,10.413214683532715,10.413214683532715,9.669413634708949,9.743793812069672,53333622
2003-04-07,10.896685600280762,11.045445961673705,10.450404516101932,10.561974787146639,74030887
2003-04-08,10.710735321044922,11.045445392136884,10.599164330969666,10.859494949983876,41459061
2003-04-09,10.376025199890137,10.561974929351427,10.33883510904118,10.561974929351427,21004743
2003-04-10,10.376025199890137,10.599165020200383,10.33883510904118,10.376025199890137,25369614
2003-04-11,10.376025199890137,10.487594747653512,10.33883510904118,10.487594747653512,9945685
2003-04-14,10.376025199890137,10.599165020200383,10.33883510904118,10.487594747653512,25763112
2003-04-15,10.413214683532715,10.561974313470703,10.413214683532715,10.487594136109982,15294440
2003-04-16,10.7479248046875,10.933874511593627,10.636353820890369,10.636353820890369,50428236
2003-04-17,10.52478313446045,10.785113728253657,10.487593049632848,10.710734283381836,21034586
2003-04-18,10.971065521240234,11.119825154327845,10.747925709217082,10.785115073901382,62502160
2003-04-21,10.933876037597656,10.933876037597656,10.710736213210753,10.896685946069255,17390881
2003-04-22,10.561973571777344,10.933874432464963,10.561973571777344,10.933874432464963,18545831
2003-04-23,10.264453887939453,10.822304469400995,9.929743104192474,10.747925020018425,46763290
2003-04-24,9.780984878540039,10.11569573492632,9.595035127553466,10.041316269401838,38800371
2003-04-25,9.632223129272461,9.892553013987873,9.520652868058674,9.520652868058674,30511532
2003-04-28,8.999993324279785,9.520653873477876,8.9628032332811,9.520653873477876,32403762
2003-04-29,9.223132133483887,9.334702394237938,8.999992336759203,9.148751959647852,28000309
2003-04-30,8.851232528686523,9.446272506083499,8.77685162553257,9.2231326957555,24593652
2003-05-01,8.851232528686523,8.851232528686523,8.851232528686523,8.851232528686523,0
2003-05-02,8.925612449645996,8.999992625871391,8.665281832857115,8.776851372411762,17289111
2003-05-05,9.185943603515625,9.297513883180018,8.888423582527455,8.925613675748918,23742070
2003-05-06,9.557843208312988,9.818173099924424,9.33470267997452,9.33470267997452,39347476
2003-05-07,9.743794441223145,9.743794441223145,9.557843985814582,9.66941425905972,25277505
2003-05-08,9.334702491760254,9.669413277519233,9.297512404453702,9.669413277519233,10729865
2003-05-09,9.595033645629883,9.669413824450153,9.334703019758933,9.334703019758933,16234173
2003-05-12,9.929744720458984,10.115695186141167,9.706604886423907,9.706604886423907,40665342
2003-05-13,10.264453887939453,10.376024149188448,10.190073713773458,10.190073713773458,38227824
2003-05-14,10.338833808898926,10.376023895071109,10.152883378038016,10.264453636554562,26778509
2003-05-15,10.19007396697998,10.338834319008422,10.11569379096576,10.338834319008422,19348930
2003-05-16,10.19007396697998,10.413214495022642,10.19007396697998,10.338834319008422,23793724
2003-05-19,10.115694999694824,10.190075184596767,9.929744537439968,10.041315539576411,11114020
2003-05-20,10.041314125061035,10.190073749125691,9.966933225853566,10.041314125061035,11395875
2003-05-21,10.041314125061035,10.078504212273057,9.892553051429525,10.041314125061035,10198880
2003-05-22,10.561973571777344,10.599163657846105,9.966932919460556,10.041313816381484,41465659
2003-05-23,10.710735321044922,10.971065215275681,10.524784154108463,10.561974242539065,73890996
2003-05-26,11.23139476776123,11.305775667142647,10.822304532255728,10.822304532255728,59874233
2003-05-27,11.454533576965332,11.454533576965332,11.119822841376092,11.231393086572504,57074113
2003-05-28,11.603297233581543,12.123957802457156,11.528917048773094,11.975198157623787,76613845
2003-05-29,11.975197792053223,11.975197792053223,11.603296879364114,11.752057244439758,74658545
2003-05-30,12.347098350524902,12.495857261765892,11.826436362913558,11.975197448505003,94828075
2003-06-02,12.64461612701416,12.718996298620722,12.272716718548155,12.5702359554076,86013765
2003-06-03,12.421479225158691,12.644618329274785,12.272718856036594,12.570238144713736,47960503
2003-06-04,12.421479225158691,12.421479225158691,12.421479225158691,12.421479225158691,0
2003-06-05,12.942139625549316,13.165280188853684,12.718999062244947,12.718999062244947,85999122
2003-06-06,13.314038276672363,13.314038276672363,12.718996876771843,13.016517576722103,63402133
2003-06-09,13.909080505371094,14.057842329280893,13.090899896053365,13.239660270396062,92548100
2003-06-10,13.537179946899414,13.909079403733589,13.537179946899414,13.611560128179647,72268214
2003-06-11,13.090899467468262,13.760321130094091,13.090899467468262,13.685940945357887,73129087
2003-06-12,13.23965835571289,13.537179061371653,13.016517826468819,13.388418708542272,67384421
2003-06-13,13.537179946899414,13.611560128179647,13.090898859218019,13.239659221778485,59746104
2003-06-16,13.23965835571289,13.537179061371653,13.23965835571289,13.388418708542272,35028687
2003-06-17,13.760320663452148,13.983459760526578,13.314039570169276,13.537180116810712,97390467
2003-06-18,14.652878761291504,14.652878761291504,13.834696904303948,13.98345724193805,144741265
2003-06-19,14.801640510559082,15.099161214201853,14.429739631005617,14.801640510559082,143829880
2003-06-20,13.834697723388672,14.578499455596036,13.834697723388672,14.28097876271309,70639655
2003-06-23,13.314038276672363,13.834698052018455,13.090897751709669,13.760319326597754,56021660
2003-06-24,13.314038276672363,13.462798626647494,13.090897751709669,13.090897751709669,64070423
2003-06-25,12.867757797241211,13.314038866952549,12.718997440670766,13.314038866952549,48779974
2003-06-26,12.718998908996582,13.090899843356244,12.64461872212465,12.867759282740446,59559693
2003-06-27,12.718998908996582,13.090899843356244,12.718998908996582,12.867759282740446,87820703
2003-06-30,12.718998908996582,13.016519656484311,12.718998908996582,12.793379095868515,39291194
2003-07-01,13.537179946899414,13.537179946899414,12.718997952816856,12.79337813409709,140671014
2003-07-02,14.429738998413086,14.429738998413086,13.685938721480872,13.685938721480872,142081663
2003-07-03,14.35536003112793,15.099161820081159,14.355360031127928,15.024781641185836,176601686
2003-07-04,15.173540115356445,15.247921741690954,14.50411997401486,14.727260504317687,168497444
2003-07-07,15.322301864624023,15.619821121082234,14.578500099561257,15.322301864624023,183820226
2003-07-08,15.099160194396973,15.842960453700375,14.950399852622935,15.768580282813357,134998037
2003-07-09,14.950401306152344,15.471061103415026,14.876021128033829,15.099161662389374,93617282
2003-07-10,14.504120826721191,15.173541007418407,14.504120826721191,14.950401913563992,68604755
2003-07-11,14.206600189208984,14.504120915593884,13.98345964442031,14.28098037080521,99205924
2003-07-14,15.173540115356445,15.173540115356445,14.280979443712031,14.280979443712031,87097985
2003-07-15,15.024779319763184,15.768579544227672,15.024779319763184,15.545439042018309,117912480
2003-07-16,16.066102981567383,16.066102981567383,15.099162088317442,15.322302628967497,127413609
2003-07-17,15.247922897338867,16.066103454225996,15.173541265366936,15.694202542201387,119565354
2003-07-18,15.47105884552002,15.545439012783259,14.876018956980815,15.173538176467058,92641999
2003-07-21,14.876020431518555,15.917341426854795,14.876020431518555,15.84296125221886,69770663
2003-07-22,15.917340278625488,15.917340278625488,15.02477969694777,15.32230037402926,127288480
2003-07-23,15.545440673828125,16.140482075514775,15.471060498617295,15.91734154988228,112902803
2003-07-24,15.768580436706543,16.28924163799706,15.768580436706543,16.140481294771195,120969084
2003-07-25,15.396682739257812,15.768582189085233,15.396682739257812,15.694202009206357,63789318
2003-07-28,14.876020431518555,15.694200902946989,14.801640256882619,15.619820728311053,73448265
2003-07-29,15.024779319763184,15.173538205002707,14.7272586501507,14.876018984956941,54233791
2003-07-30,14.876020431518555,15.247921304698233,14.876020431518555,15.099160955426361,41295468
2003-07-31,14.801640510559082,15.024781038291161,14.727260334648388,14.876020686469774,33598934
2003-08-01,15.47105884552002,15.545439012783259,15.099159458770535,15.173538176467058,64809178
2003-08-04,15.099160194396973,15.619819941039319,15.099160194396973,15.322300707058028,43523659
2003-08-05,14.35536003112793,15.322302356767128,14.206599673337283,15.247922177871805,50858915
2003-08-06,14.057839393615723,14.355358630603778,13.983457772410208,14.132218115687635,39747428
2003-08-07,14.132218360900879,14.355358879688813,13.611558599962526,14.132218360900879,66051681
2003-08-08,13.909080505371094,14.42974181557053,13.909080505371094,14.280981441227835,43456542
2003-08-11,13.61155891418457,13.909078163203205,13.537178739538197,13.909078163203205,15712587
2003-08-12,14.429738998413086,14.50411917106299,13.834697617213859,13.834697617213859,56542223
2003-08-13,15.099160194396973,15.24792053617101,14.65287916907486,14.727259339961877,102819687
2003-08-14,14.876020431518555,15.545440553675117,14.727260082246683,15.322301479334168,93209401
2003-08-15,14.801640510559082,15.322301741933932,14.801640510559082,15.024781038291161,46741772
2003-08-18,14.652878761291504,14.950399436559707,14.578498592474453,14.950399436559707,26127636
2003-08-19,14.950401306152344,15.322302196744921,14.801640949915313,15.247922018626406,57380004
2003-08-20,15.396682739257812,15.545441649448604,15.247922379500059,15.471061469569728,104834824
2003-08-21,15.47105884552002,15.545439012783259,15.173538176467058,15.545439012783259,48937194
2003-08-22,15.247922897338867,15.76858272460631,15.247922897338867,15.619822359796466,63506592
2003-08-25,14.950401306152344,15.396682374863436,14.950401306152344,15.099161662389374,32935156
2003-08-26,14.429738998413086,14.876020034312507,14.355358825763183,14.876020034312507,37144856
2003-08-27,14.132218360900879,14.652879571406057,14.057839637538393,14.652879571406057,35991946
2003-08-28,14.206600189208984,14.578501097190108,14.13222000761276,14.429740733997658,37307043
2003-08-29,14.801640510559082,14.876020686469774,14.28097927918423,14.504119806916309,37173615
2003-09-01,15.024779319763184,15.173538205002707,14.876018984956941,14.876018984956941,58303343
2003-09-02,15.173540115356445,15.322301918458564,14.876020857852906,15.173540115356445,40597640
2003-09-03,14.504120826721191,15.322302819266326,14.504120826721191,15.247922638125859,38310130
2003-09-04,14.28097915649414,14.652880032852547,14.132218805950776,14.504119682309184,32141691
2003-09-05,14.206600189208984,14.578501097190108,14.13222000761276,14.355360552401434,24197341
2003-09-08,14.57850170135498,14.652881886033683,13.983460223925368,14.206600777961473,34599162
2003-09-09,14.57850170135498,15.322303548141997,14.57850170135498,14.876022440069788,102351628
2003-09-10,14.206600189208984,14.504120915593884,14.13222000761276,14.355360552401434,53017085
2003-09-11,14.206600189208984,14.206600189208984,14.206600189208984,14.206600189208984,0
2003-09-12,14.132218360900879,14.20659853383019,13.983458015042256,14.20659853383019,26854651
2003-09-15,14.206600189208984,14.28098037080521,14.05784127558353,14.13222000761276,24825228
2003-09-16,14.132218360900879,14.355358879688813,14.057839637538393,14.132218360900879,22313553
2003-09-17,14.28097915649414,14.652880032852547,14.28097915649414,14.429739507037503,42964872
2003-09-18,14.206600189208984,14.429740733997658,14.05784127558353,14.429740733997658,27578425
2003-09-19,14.132218360900879,14.504119225547434,14.132218360900879,14.355358879688813,43531470
2003-09-22,14.132218360900879,14.429739052618125,14.132218360900879,14.132218360900879,38046561
2003-09-23,14.057839393615723,14.280978458965064,13.909077600771495,14.132218115687635,26227079
2003-09-24,14.206600189208984,14.28098037080521,14.05784127558353,14.206600189208984,27576501
2003-09-25,14.057839393615723,14.132218115687635,13.537178192144724,13.537178192144724,30466310
2003-09-26,13.760320663452148,14.057841392307395,13.760320663452148,13.909079578312765,17398390
2003-09-29,13.462798118591309,13.760318807313796,13.388417946410685,13.760318807313796,27403037
2003-09-30,13.314038276672363,13.685939151610189,13.239658101684798,13.611558976622623,33442854
2003-10-01,12.793376922607422,13.314038142264186,12.570236399897379,13.314038142264186,54095069
2003-10-02,13.016517639160156,13.09089781450451,12.867757288471447,13.016517639160156,38121608
2003-10-03,13.165278434753418,13.388418968327242,13.016518079037533,13.090898256895475,51691566
2003-10-06,13.165278434753418,13.462799146185185,13.165278434753418,13.462799146185185,26738321
2003-10-07,12.867757797241211,13.239658688667326,12.867757797241211,13.165278510382104,28482576
2003-10-08,13.016517639160156,13.09089781450451,12.867757288471447,12.867757288471447,21566124
2003-10-09,13.314038276672363,13.388418451659929,12.867757226746972,13.016517576722103,30771852
2003-10-10,13.314038276672363,13.314038276672363,13.314038276672363,13.314038276672363,0
2003-10-13,13.090899467468262,13.462800391149278,13.016519282732059,13.388420206413075,25025132
2003-10-14,12.64461612701416,13.239657499866649,12.64461612701416,13.090897156653526,43123968
2003-10-15,13.016517639160156,13.016517639160156,12.57023658709403,12.71899693778274,35235201
2003-10-16,13.314038276672363,13.314038276672363,13.016517576722103,13.090897751709669,38512541
2003-10-17,13.388419151306152,13.834698774986165,13.388419151306152,13.462799330180646,47655154
2003-10-20,13.68593978881836,13.68593978881836,13.388419075015733,13.46279925346639,25548558
2003-10-21,13.23965835571289,13.760319590615724,13.23965835571289,13.685939414201034,30330313
2003-10-22,13.314038276672363,13.462798626647494,13.090897751709669,13.388418451659929,20873969
2003-10-23,12.942139625549316,13.239660376621806,12.942139625549316,13.165280188853684,13546173
2003-10-24,12.942139625549316,13.165280188853684,12.867759437781192,12.942139625549316,16131950
2003-10-27,12.718998908996582,13.090899843356244,12.718998908996582,12.942139469612378,24856139
2003-10-28,13.090899467468262,13.165279652204465,12.793378728523448,12.793378728523448,32634448
2003-10-29,13.016517639160156,13.314038340537573,12.71899693778274,13.23965816519322,42204691
2003-10-30,12.867757797241211,13.165278510382104,12.793377618955988,13.165278510382104,28999896
2003-10-31,12.64461612701416,12.867756641833843,12.64461612701416,12.867756641833843,23708080
2003-11-03,12.64461612701416,12.793376470227283,12.5702359554076,12.64461612701416,25770826
2003-11-04,12.64461612701416,12.942136813440404,12.64461612701416,12.793376470227283,27474581
2003-11-05,12.718998908996582,12.867759282740446,12.64461872212465,12.64461872212465,14951232
2003-11-06,12.19833755493164,12.793377527387502,11.900816843920252,12.793377527387502,41191559
2003-11-07,12.64461612701416,12.64461612701416,12.123955650551634,12.347096890154717,27078111
2003-11-10,12.421479225158691,12.644618329274785,12.421479225158691,12.644618329274785,16182420
2003-11-11,12.272717475891113,12.421477828284159,12.198337299694591,12.347097652087637,13622392
2003-11-12,12.272717475891113,12.570236731110315,12.272717475891113,12.421477828284159,27484310
2003-11-13,12.495856285095215,12.570236459685672,12.421477560071613,12.570236459685672,20410192
2003-11-14,12.272717475891113,12.495856554913793,12.198337299694591,12.495856554913793,14969638
2003-11-17,12.049576759338379,12.198337109410888,11.975196584302124,12.198337109410888,13440334
2003-11-18,11.752056121826172,12.123956274206062,11.677675946393506,11.975196648124168,25554327
2003-11-19,11.305776596069336,11.677676774832612,11.231395690576495,11.60329659412326,22672049
2003-11-20,11.23139476776123,11.52891546615318,11.23139476776123,11.380155841740635,20378433
2003-11-21,11.380157470703125,11.380157470703125,11.08263672972388,11.157016190185159,18122056
2003-11-24,11.454533576965332,11.454533576965332,11.3057739748201,11.380154138284377,15344678
2003-11-25,11.603297233581543,11.900817972815338,11.603297233581543,11.603297233581543,24881328
2003-11-26,11.752056121826172,11.752056121826172,11.603295770960841,11.752056121826172,11298165
2003-11-27,11.23139476776123,11.752055989947142,11.23139476776123,11.752055989947142,12619426
2003-11-28,11.454533576965332,11.528913740429607,11.3057739748201,11.380154138284377,10738230
2003-12-01,12.123955726623535,12.123955726623535,11.380155455457741,11.454534902747598,26418614
2003-12-02,11.975197792053223,12.27271852220451,11.975197792053223,12.27271852220451,17682299
2003-12-03,11.975197792053223,12.27271852220451,11.900817609515402,11.975197792053223,23987986
2003-12-04,11.6776762008667,11.975196909080761,11.603296023813183,11.975196909080761,26701792
2003-12-05,11.52891731262207,11.752057872154175,11.52891731262207,11.603297499132772,12760988
2003-12-08,11.454533576965332,11.528913740429607,11.380154138284377,11.380154138284377,8317847
2003-12-09,11.305776596069336,11.528916413413906,11.305776596069336,11.454536232704553,13901449
2003-12-10,11.305776596069336,11.380156776778689,11.157015509867142,11.231395690576495,12082982
2003-12-11,11.454533576965332,11.454533576965332,11.3057739748201,11.380154138284377,10815832
2003-12-12,11.305776596069336,11.60329659412326,11.231395690576495,11.528916413413906,17536584
2003-12-15,11.52891731262207,11.52891731262207,11.380157664384212,11.380157664384212,10511099
2003-12-16,11.380157470703125,11.528917116409215,11.305777285458314,11.454536931164403,7971859
2003-12-17,11.157014846801758,11.528915728246321,11.157014846801758,11.380156100451941,16758034
2003-12-18,11.157014846801758,11.30577592416303,11.119824758657302,11.157014846801758,21260067
2003-12-19,11.23139476776123,11.380155841740635,11.157014593163243,11.23139476776123,37813881
2003-12-22,11.6776762008667,11.826435830190277,11.15701496149209,11.231395138545606,51821367
2003-12-23,11.52891731262207,11.752057872154175,11.454537126111369,11.752057872154175,23495859
2003-12-24,11.826436042785645,12.123956756348024,11.677676410787921,11.677676410787921,67057105
2003-12-25,12.049576759338379,12.1239562095912,11.900816409265868,11.975196584302124,54562912
2003-12-26,11.900815963745117,12.049576308248612,11.826435066709964,12.049576308248612,20721624
2003-12-29,11.900815963745117,12.049576308248612,11.826435066709964,11.900815963745117,18905423
2003-12-30,12.347098350524902,12.421478530928884,12.123957084529478,12.123957084529478,74055729
2003-12-31,12.19833755493164,12.421478088190185,12.19833755493164,12.347097910437336,24658578
2004-01-01,12.19833755493164,12.19833755493164,12.19833755493164,12.19833755493164,0
2004-01-02,12.495856285095215,12.570236459685672,12.272717210890697,12.272717210890697,42973429
2004-01-05,12.793376922607422,12.793376922607422,12.421477500990868,12.64461657413406,58186242
2004-01-06,12.793376922607422,13.165277793790825,12.71899674837074,13.016517445317463,61459829
2004-01-07,12.942139625549316,13.165280188853684,12.867759437781192,13.016519813317439,65484110
2004-01-08,13.314038276672363,13.462798626647494,13.165277926697234,13.239658101684798,64117310
2004-01-09,13.016517639160156,13.537178866570637,12.942137463815802,13.462798691226283,54292882
2004-01-12,13.090899467468262,13.165279652204465,12.867758913259653,13.016519282732059,24574419
2004-01-13,12.942139625549316,13.462800939926174,12.942139625549316,13.239660376621806,49001901
2004-01-14,13.016517639160156,13.09089781450451,12.793377113127093,12.867757288471447,35613872
2004-01-15,12.793376922607422,13.016517445317463,12.71899674837074,12.942137271080783,30448871
2004-01-16,12.64461612701416,12.867756641833843,12.64461612701416,12.793376470227283,23713278
2004-01-19,12.64461612701416,12.64461612701416,12.64461612701416,12.64461612701416,0
2004-01-20,12.64461612701416,12.64461612701416,12.64461612701416,12.64461612701416,0
2004-01-21,12.64461612701416,12.64461612701416,12.64461612701416,12.64461612701416,0
2004-01-22,12.64461612701416,12.64461612701416,12.64461612701416,12.64461612701416,0
2004-01-23,12.64461612701416,12.64461612701416,12.64461612701416,12.64461612701416,0
2004-01-26,12.64461612701416,12.64461612701416,12.64461612701416,12.64461612701416,0
2004-01-27,12.942139625549316,13.016519813317439,12.79337925001307,13.016519813317439,33983932
2004-01-28,13.23965835571289,13.462798884956962,13.016517826468819,13.016517826468819,74762463
2004-01-29,13.090899467468262,13.462800391149278,13.090899467468262,13.314040021676872,66436911
2004-01-30,13.165278434753418,13.23965861261136,13.016518079037533,13.165278434753418,22208409
2004-02-02,12.867757797241211,13.314038866952549,12.867757797241211,13.239658688667326,23405521
2004-02-03,12.867757797241211,12.867757797241211,12.570237084100318,12.793377618955988,28120185
2004-02-04,12.64461612701416,12.942136813440404,12.64461612701416,12.867756641833843,29438165
2004-02-05,12.64461612701416,12.867756641833843,12.495855783801039,12.495855783801039,25060988
2004-02-06,12.64461612701416,12.867756641833843,12.5702359554076,12.793376470227283,28538990
2004-02-09,12.793376922607422,12.867757096844102,12.71899674837074,12.793376922607422,38141111
2004-02-10,12.570237159729004,12.867757874659926,12.570237159729004,12.793377695927196,25673344
2004-02-11,12.421479225158691,12.644618329274785,12.421479225158691,12.570238144713736,24693795
2004-02-12,12.421479225158691,12.718998513835833,12.421479225158691,12.495857960152687,30810033
2004-02-13,12.347098350524902,12.570237442169871,12.272718170120923,12.421478530928884,37877893
2004-02-16,12.347098350524902,12.570237442169871,12.272718170120923,12.272718170120923,29391859
2004-02-17,12.347098350524902,12.570237442169871,12.347098350524902,12.421478530928884,32937610
2004-02-18,12.793376922607422,12.867757096844102,12.421477500990868,12.495856225660699,63533019
2004-02-19,12.64461612701416,12.942136813440404,12.5702359554076,12.942136813440404,68080738
2004-02-20,12.495856285095215,12.64461663427613,12.421477560071613,12.570236459685672,55274272
2004-02-23,12.64461612701416,12.793376470227283,12.347096890154717,12.421477061761278,48382140
2004-02-24,12.347098350524902,12.644617622573852,12.347098350524902,12.570237442169871,37200623
2004-02-25,12.421479225158691,12.570238144713736,12.347099040597643,12.421479225158691,33105742
2004-02-26,12.942139625549316,13.239660376621806,12.49585849894058,12.570238686708702,213418545
2004-02-27,13.165278434753418,13.3140387904693,12.793377545463708,12.942137901179592,97773100
2004-03-01,13.760320663452148,13.909079578312765,13.01651884131403,13.314039570169276,154349458
2004-03-02,13.834697723388672,14.132218416271618,13.611558653293294,13.909077896609409,107536768
2004-03-03,13.537179946899414,14.05784121586104,13.462799765619181,13.909079403733589,84774124
2004-03-04,14.429738998413086,14.429738998413086,13.760318894130775,13.760318894130775,154857384
2004-03-05,13.68593978881836,14.5785004806593,13.68593978881836,14.5785004806593,132499135
2004-03-08,13.68593978881836,14.05784068107164,13.611559610367703,13.909078874603395,54028741
2004-03-09,13.909080505371094,13.909080505371094,13.537181019081455,13.685941393424152,39944468
2004-03-10,13.462798118591309,13.983457874288852,13.462798118591309,13.909077702108231,39399782
2004-03-11,13.760320663452148,13.909079578312765,13.388419752383088,13.4627999345969,48682820
2004-03-12,13.388419151306152,13.61155968792963,13.388419151306152,13.462799330180646,38703872
2004-03-15,12.718998908996582,13.685941338331704,12.64461872212465,13.611561151459771,36354429
2004-03-16,12.867757797241211,13.239658688667326,12.793377618955988,12.867757797241211,60393412
2004-03-17,13.016517639160156,13.462798691226283,13.016517639160156,13.23965816519322,49785247
2004-03-18,13.909080505371094,13.909080505371094,13.31404045756741,13.31404045756741,119861989
2004-03-19,13.834697723388672,14.132218416271618,13.760318999734766,13.834697723388672,148507941
2004-03-22,12.867757797241211,12.867757797241211,12.867757797241211,12.867757797241211,3330749
2004-03-23,12.793376922607422,13.314038142264186,11.975196455570785,11.975196455570785,162657999
2004-03-24,12.793376922607422,13.165277793790825,12.347097326754188,13.165277793790825,77171058
2004-03-25,12.19833755493164,12.942137882893197,12.123956652395334,12.793377527387502,45784476
2004-03-26,12.19833755493164,12.495856816376111,12.123956652395334,12.347097910437336,54849565
2004-03-29,13.016517639160156,13.016517639160156,12.644616762438385,12.942137463815802,46923124
2004-03-30,13.388419151306152,13.537179509055138,12.942138078059198,13.090898435808183,92322340
2004-03-31,13.016517639160156,13.462798691226283,13.016517639160156,13.462798691226283,48612334
2004-04-01,13.462798118591309,13.611558462952553,13.16527742986882,13.16527742986882,124822708
2004-04-02,13.314038276672363,13.611558976622623,13.314038276672363,13.611558976622623,59964931
2004-04-05,14.057839393615723,14.206598287326349,13.537178192144724,13.61155836378344,161184549
2004-04-06,13.760320663452148,14.50412103602326,13.760320663452148,14.206600307168014,178471254
2004-04-07,13.983460426330566,13.983460426330566,13.61156094712101,13.834700054819914,69522657
2004-04-08,13.61155891418457,14.132218687142325,13.61155891418457,13.983458337849578,61243578
2004-04-09,13.68593978881836,13.909078874603395,13.46279925346639,13.611559610367703,82530385
2004-04-12,14.57850170135498,14.57850170135498,14.057841858171123,14.057841858171123,181711313
2004-04-13,15.545440673828125,15.545440673828125,14.801640371286684,14.801640371286684,414677853
2004-04-14,15.991724014282227,16.066104200140458,15.247923605266974,15.545442899132828,325293910
2004-04-15,14.876020431518555,15.917341426854795,14.876020431518555,15.917341426854795,186200436
2004-04-16,15.47105884552002,15.842959681836218,14.429737953401375,14.578498287927856,293059318
2004-04-19,15.917340278625488,16.14048078643661,15.247920204758888,15.545439432273625,260720692
2004-04-20,16.140483856201172,16.809904057385047,16.066103672784404,16.661145140118542,304625061
2004-04-21,15.61982250213623,16.140483783715347,15.619822502136232,15.991723417549887,100131929
2004-04-22,15.024779319763184,15.991720046437033,14.57849831534446,15.842959711630792,150957304
2004-04-23,14.57850170135498,15.17354172921754,14.57850170135498,15.099162994105892,81011615
2004-04-26,14.727262496948242,15.099163431105293,14.652882310116832,14.727262496948242,79128766
2004-04-27,15.024779319763184,15.099159487166304,14.57849831534446,14.950399152360061,101035109
2004-04-28,14.504120826721191,15.099162275844925,14.504120826721191,15.02478209470446,65414029
2004-04-29,13.834697723388672,14.429739109154564,13.611558653293294,14.132218416271618,69802176
2004-04-30,13.016517639160156,13.98345846906989,12.867757288471447,13.685939217259344,94762902
2004-05-03,13.016517639160156,13.23965816519322,12.71899693778274,13.016517639160156,52169428
2004-05-04,13.388419151306152,13.462799330180646,13.165278614682675,13.388419151306152,61959424
2004-05-05,12.495856285095215,13.462798554771167,12.495856285095215,13.38841838018071,65896904
2004-05-06,12.272717475891113,12.793377259699882,11.752056242515456,12.570236731110315,97385931
2004-05-07,12.793376922607422,12.942137271080783,12.347097326754188,12.347097326754188,97074870
2004-05-10,12.049576759338379,12.570236535025296,12.049576759338379,12.570236535025296,35940527
2004-05-11,11.826436042785645,12.27271783791268,11.454535875616138,12.198337659522084,61541895
2004-05-12,12.123955726623535,12.34709696762672,11.97519610726042,12.123955726623535,48951239
2004-05-13,11.752056121826172,12.049576823556833,11.752056121826172,11.975196648124168,27690598
2004-05-14,11.045446395874023,11.900817782724904,11.045446395874023,11.826436874321004,59039496
2004-05-17,10.301643371582031,10.747924390436157,10.301643371582031,10.524783156225713,40507724
2004-05-18,10.673544883728027,10.747925058157964,10.301644011578341,10.301644011578341,57912169
2004-05-19,11.380157470703125,11.380157470703125,10.933876359234258,10.933876359234258,33468690
2004-05-20,11.52891731262207,11.826437333881334,11.305777477873509,11.380157664384212,85605032
2004-05-21,11.975197792053223,12.19833833966669,11.305776873996333,11.603296879364114,74812321
2004-05-24,11.826436042785645,12.123956756348024,11.603296232397327,11.826436042785645,43950825
2004-05-25,11.752056121826172,12.049576823556833,11.677675946393506,11.752056121826172,37596689
2004-05-26,11.975197792053223,12.347098704742333,11.975197792053223,12.27271852220451,55067692
2004-05-27,12.123955726623535,12.1983366234802,11.90081593518716,12.123955726623535,29438967
2004-05-28,12.495856285095215,12.718996808866589,12.272717210890697,12.272717210890697,109921931
2004-05-31,12.272717475891113,12.644616907306839,12.272717475891113,12.495856554913793,57923082
2004-06-01,12.19833755493164,12.421478088190185,12.049577199425945,12.347097910437336,44850283
2004-06-02,11.52891731262207,12.049578618196984,11.52891731262207,11.975198431686282,28877288
2004-06-03,10.7479248046875,11.75205568624418,10.7479248046875,11.677675513568365,60957498
2004-06-04,11.045446395874023,11.045446395874023,10.63635538596192,10.71073629436582,45147809
2004-06-07,11.454533576965332,11.454533576965332,11.157012923108228,11.3057739748201,32661346
2004-06-08,11.603297233581543,11.826437063223361,11.528917048773094,11.677677418389992,39358761
2004-06-09,11.380157470703125,11.752057672143648,11.305777285458314,11.603297301654026,21602790
2004-06-10,11.045446395874023,11.380157222165744,11.045446395874023,11.15701594652108,24213558
2004-06-11,10.710735321044922,11.045445392136884,10.599164330969666,11.008255303706283,45587538
2004-06-14,10.413214683532715,10.859495022913592,10.413214683532715,10.78511484555287,26078638
2004-06-15,10.859495162963867,10.859495162963867,10.338834639507532,10.413214817827503,32379825
2004-06-16,10.413214683532715,11.082635554995758,10.413214683532715,11.082635554995758,25345163
2004-06-17,10.785116195678711,10.9338765690226,10.487595448990934,10.487595448990934,39499773
2004-06-18,10.561973571777344,10.747924726904557,10.487593399639819,10.710734640835796,19440239
2004-06-21,10.63635540008545,10.896686043102468,10.524785124506726,10.859495951242893,20339592
2004-06-22,10.63635540008545,10.63635540008545,10.63635540008545,10.63635540008545,0
2004-06-23,11.11982536315918,11.157015453325382,10.822305366613033,10.859495456779237,35773593
2004-06-24,11.454533576965332,11.677674067358158,11.231393086572504,11.3057739748201,68964306
2004-06-25,11.6776762008667,11.826435830190277,11.305776040382574,11.454535669706152,59332070
2004-06-28,11.52891731262207,12.049578618196984,11.52891731262207,11.826437333881334,44558402
2004-06-29,11.380157470703125,11.528917116409215,11.305777285458314,11.380157470703125,23762536
2004-06-30,11.454533576965332,11.752054230822434,11.454533576965332,11.603293903893883,28354093
2004-07-01,11.52891731262207,11.752057872154175,11.454537126111369,11.603297499132772,27950529
2004-07-02,11.305776596069336,11.454536232704553,11.231395690576495,11.231395690576495,17639674
2004-07-05,10.896685600280762,11.305776594111355,10.785115329236055,11.157015507934924,18721832
2004-07-06,11.157014846801758,11.157014846801758,10.933875042718466,11.00825521900738,18995386
2004-07-07,11.082636833190918,11.157016294346601,10.896686368342865,10.933876461312476,9627965
2004-07-08,11.008255004882812,11.23139480462575,11.008255004882812,11.082635179724935,16733577
2004-07-09,11.23139476776123,11.380155841740635,11.04544505604969,11.082635143348684,17479590
2004-07-12,11.23139476776123,11.380155841740635,11.11982450586425,11.380155841740635,13342440
2004-07-13,11.008255004882812,11.157014629783628,10.971064917461751,11.082635179724935,11062099
2004-07-14,10.933876037597656,11.15701586198456,10.933876037597656,11.045446312182865,12431894
2004-07-15,10.822304725646973,11.045445253428387,10.785114637683403,10.93387498953768,14453321
2004-07-16,10.785116195678711,11.008256755694545,10.785116195678711,10.822306289014684,13859292
2004-07-19,10.859495162963867,10.933875341283839,10.673545441947404,10.785114984643895,12628121
2004-07-20,10.227265357971191,10.971066488092433,10.190075265225952,10.971066488092433,25039585
2004-07-21,10.710735321044922,10.710735321044922,10.41321461360011,10.41321461360011,20904298
2004-07-22,10.487594604492188,10.673545780982138,10.338834967910504,10.413215148593089,14004876
2004-07-23,10.63635540008545,10.859495951242893,10.599165308225874,10.63635540008545,18826271
2004-07-26,10.710735321044922,10.747925409475522,10.487594065677861,10.487594065677861,14255805
2004-07-27,10.710735321044922,10.859494949983876,10.487594065677861,10.710735321044922,15404206
2004-07-28,10.561973571777344,10.896684346396201,10.561973571777344,10.85949426032744,15258258
2004-07-29,10.413214683532715,10.710735392975604,10.413214683532715,10.561974313470703,15355315
2004-07-30,10.413214683532715,10.673545304295242,10.227264240130909,10.561974313470703,35309297
2004-08-02,9.780984878540039,10.301646210696475,9.70660541301556,10.264456115542444,25480908
2004-08-03,9.595033645629883,9.818173457307227,9.52065346680961,9.78098336789709,18524760
2004-08-04,9.520651817321777,9.669412149189048,9.483461734354961,9.520651817321777,15015421
2004-08-05,9.892553329467773,10.004123594239609,9.297512642134768,9.595033348192993,25935522
2004-08-06,9.855362892150879,10.041314051634656,9.669413182233948,9.743793356114088,21308788
2004-08-09,9.966934204101562,10.041315110609467,9.669414201987433,9.706604292849637,21765420
2004-08-10,9.892553329467773,10.041314407280334,9.892553329467773,10.041314407280334,15529692
2004-08-11,9.669414520263672,10.004124624257246,9.669414520263672,10.004124624257246,13528240
2004-08-12,9.632223129272461,9.743793390486248,9.557842955129935,9.669413216343724,10521716
2004-08-13,9.743794441223145,9.780983807521354,9.52065389473287,9.52065389473287,12668034
2004-08-16,9.595033645629883,9.78098336789709,9.595033645629883,9.743794003270425,5808278
2004-08-17,9.669414520263672,9.780984071739182,9.595034336090984,9.669414520263672,12783471
2004-08-18,9.892553329467773,10.041314407280334,9.520653171678438,9.66941352470755,28986413
2004-08-19,10.561973571777344,10.561973571777344,10.041313816381484,10.078503902450246,41871783
2004-08-20,10.561973571777344,10.785114088189916,10.450403313571057,10.561973571777344,55634236
2004-08-23,10.561973571777344,10.747924726904557,10.450403313571057,10.636353743914867,30158236
2004-08-24,10.561973571777344,10.561973571777344,10.561973571777344,10.561973571777344,0
2004-08-25,10.561973571777344,10.561973571777344,10.561973571777344,10.561973571777344,0
2004-08-26,11.23139476776123,11.23139476776123,10.785114444956735,10.785114444956735,56800136
2004-08-27,11.008255004882812,11.23139480462575,11.008255004882812,11.23139480462575,27914993
2004-08-30,10.933876037597656,11.082636403711266,10.896685946069255,11.008256220654461,19064724
2004-08-31,10.63635540008545,11.082636502400339,10.63635540008545,10.859495951242893,20639472
2004-09-01,10.971065521240234,11.045445700175774,10.747925709217082,10.785115073901382,24920006
2004-09-02,10.822304725646973,11.045445253428387,10.785114637683403,11.008255165464817,11673151
2004-09-03,10.413214683532715,10.859495022913592,10.413214683532715,10.82230493423323,18757867
2004-09-06,10.561973571777344,10.561973571777344,10.190073435873128,10.338833780148176,12427703
2004-09-07,10.599165916442871,10.673546829213773,10.487595634461858,10.673546829213773,10841912
2004-09-08,10.52478313446045,10.785113728253657,10.52478313446045,10.59916330411565,20169465
2004-09-09,10.487594604492188,10.636354965857358,10.450404514150895,10.52478469483348,8749445
2004-09-10,10.450404167175293,10.710735515704275,10.413214802852254,10.710735515704275,12153558
2004-09-13,10.673544883728027,10.859494595019443,10.636354071729631,10.673544883728027,32158532
2004-09-14,10.673544883728027,10.896684682234412,10.673544883728027,10.859494595019443,25092407
2004-09-15,10.63635540008545,10.747926400447689,10.599165308225874,10.747926400447689,12858263
2004-09-16,10.859495162963867,10.896685252123852,10.636354628003952,10.636354628003952,30374585
2004-09-17,10.561973571777344,10.971064518533725,10.561973571777344,10.971064518533725,20142557
2004-09-20,10.52478313446045,10.710734283381836,10.487593049632848,10.636353388943252,16694691
2004-09-21,10.487594604492188,10.71073587132343,10.115694425862749,10.599164875516065,19737729
2004-09-22,10.338833808898926,10.52478351497643,10.338833808898926,10.487593428804248,12467339
2004-09-23,10.376025199890137,10.487594747653512,10.227264836494308,10.264454927343266,15743747
2004-09-24,10.338833808898926,10.487593428804248,10.264453636554562,10.41321398124329,10453510
2004-09-27,10.19007396697998,10.338834319008422,10.19007396697998,10.338834319008422,8229434
2004-09-28,10.19007396697998,10.19007396697998,10.19007396697998,10.19007396697998,0
2004-09-29,10.19007396697998,10.48759394625342,10.15288387897287,10.19007396697998,19147113
2004-09-30,10.227265357971191,10.450405189659088,10.190075265225952,10.413215821697385,19506098
2004-10-01,10.264453887939453,10.376024149188448,10.15288362669046,10.264453887939453,13803689
2004-10-04,10.63635540008545,10.67354621672854,10.413215573711522,10.450404940787578,29348958
2004-10-05,10.7479248046875,10.896684425255721,10.636353820890369,10.785114166241998,29211996
2004-10-06,10.822304725646973,11.082635341391956,10.710735186539706,10.785114637683403,52397203
2004-10-07,10.822304725646973,11.045445253428387,10.747925274503276,11.008255165464817,15986518
2004-10-08,10.673544883728027,10.785114420589506,10.673544883728027,10.785114420589506,15984682
2004-10-11,10.561973571777344,10.673544554767034,10.487593399639819,10.673544554767034,11685812
2004-10-12,10.52478313446045,10.673544198554234,10.413213604761026,10.487593049632848,19457007
2004-10-13,10.264453887939453,10.56197385982001,10.264453887939453,10.487593685654016,14142563
2004-10-14,10.227265357971191,10.376025728952147,10.227265357971191,10.26445545071643,18347808
2004-10-15,9.966934204101562,10.26445493099919,9.966934204101562,10.227264840136987,15481336
2004-10-18,9.818171501159668,10.041312717945862,9.818171501159668,9.966931829161581,9609986
2004-10-19,10.004124641418457,10.041315458352122,9.855364272817894,9.966934549268316,10156616
2004-10-20,9.929744720458984,10.004124906731857,9.892554627322546,10.004124906731857,7091180
2004-10-21,9.780984878540039,10.004125449464226,9.780984878540039,9.81817497369407,15069106
2004-10-22,9.669414520263672,9.929744440084558,9.669414520263672,9.892554347998214,13112367
2004-10-25,9.669414520263672,9.669414520263672,9.669414520263672,9.669414520263672,0
2004-10-26,9.03718376159668,9.595034423171116,9.03718376159668,9.595034423171116,16828487
2004-10-27,8.516521453857422,9.111562137022188,8.47933136586066,9.037182685812105,40793390
2004-10-28,8.851232528686523,8.851232528686523,8.702472171945548,8.851232528686523,30317814
2004-10-29,8.962801933288574,8.962801933288574,8.776850780482578,8.851231676475013,16841183
2004-11-01,9.074373245239258,9.14875270031349,8.925612885523831,8.999993065381545,25867894
2004-11-02,9.297513961791992,9.297513961791992,8.999993938288242,9.074374125360068,17210168
2004-11-03,9.446272850036621,9.557843846438288,9.260323122123154,9.297513212662546,21627155
2004-11-04,9.446272850036621,9.557843846438288,9.334703303201938,9.446272850036621,13778547
2004-11-05,9.520651817321777,9.706602232155864,9.409081568421325,9.595031983255412,20814279
2004-11-08,9.334702491760254,9.483462840986467,9.297512404453702,9.446272028896484,9824359
2004-11-09,9.371891021728516,9.483461265108415,9.334700940601882,9.334700940601882,7254110
2004-11-10,9.557843208312988,9.557843208312988,9.37189276803093,9.37189276803093,11031894
2004-11-11,9.371891021728516,9.520651346235049,9.334700940601882,9.520651346235049,6356828
2004-11-12,9.446272850036621,9.520653755898897,9.37189339374133,9.37189339374133,8076272
2004-11-15,9.446272850036621,9.557843846438288,9.409083484280721,9.557843846438288,12872285
2004-11-16,9.446272850036621,9.669414118056464,9.446272850036621,9.483463665359505,13324459
2004-11-17,9.855362892150879,9.89255297909095,9.446271935810099,9.446271935810099,21786003
2004-11-18,9.780984878540039,10.041316269401838,9.780984878540039,9.929745259156164,18120867
2004-11-19,9.632223129272461,9.81817283984535,9.632223129272461,9.780982752774086,12583655
2004-11-22,9.03718376159668,9.483464145899523,8.999993669172815,9.44627332869213,16929177
2004-11-23,9.03718376159668,9.185943406508608,8.962803576748952,9.074373854020545,14538754
2004-11-24,9.03718376159668,9.185943406508608,9.03718376159668,9.03718376159668,11148311
2004-11-25,8.888422012329102,9.037182358935462,8.814041114242505,9.037182358935462,11269476
2004-11-26,8.77685260772705,9.074374079287315,8.77685260772705,8.888423612551867,13268312
2004-11-29,8.739663124084473,8.925613588371428,8.70247303122708,8.925613588371428,14614463
2004-11-30,9.223132133483887,9.223132133483887,8.665281554497044,8.70247164141506,17632360
2004-12-01,8.962801933288574,9.074372190102133,8.925611847684053,9.074372190102133,14571786
2004-12-02,9.03718376159668,9.148753314084745,9.03718376159668,9.148753314084745,13000467
2004-12-03,9.11156177520752,9.148751861727487,8.962802153911065,9.074372413470966,10798917
2004-12-06,9.148752212524414,9.223132388416358,8.999992585523968,9.111562124578443,10027560
2004-12-07,9.260322570800781,9.371892835776512,9.14875230582505,9.185942394150294,13040754
2004-12-08,9.185943603515625,9.297513883180018,9.148753510294162,9.22313369673709,8024121
2004-12-09,9.223132133483887,9.297512307319922,9.185942046565868,9.185942046565868,10516902
2004-12-10,8.999993324279785,9.223133145488395,8.999993324279785,9.223133145488395,8589708
2004-12-13,8.999993324279785,9.33470341848445,8.999993324279785,9.074373506277155,13650073
2004-12-14,9.223132133483887,9.260322220401903,9.148751959647852,9.223132133483887,7454595
2004-12-15,9.520651817321777,9.520651817321777,9.297511319520874,9.33470140248769,18081626
2004-12-16,9.520651817321777,9.595031983255412,9.371891485454508,9.557841900288595,9909438
2004-12-17,9.260322570800781,9.520653189077485,9.260322570800781,9.520653189077485,6282223
2004-12-20,9.409083366394043,9.409083366394043,9.111562645806554,9.14875273587999,9133015
2004-12-21,9.260322570800781,9.371892835776512,9.223132482475538,9.334702747451267,4266710
2004-12-22,9.148752212524414,9.371892740200247,9.148752212524414,9.297512564308303,7779325
2004-12-23,9.185943603515625,9.22313369673709,9.148753510294162,9.22313369673709,3670087
2004-12-24,9.297513961791992,9.334704055327904,9.148753587648342,9.223133774720168,5170505
2004-12-27,9.297513961791992,9.297513961791992,9.223133774720168,9.297513961791992,4177648
2004-12-28,9.260322570800781,9.371892835776512,9.260322570800781,9.297512659126024,4759250
2004-12-29,9.446272850036621,9.483463665359505,9.334703303201938,9.37189339374133,17408008
2004-12-30,9.371891021728516,9.595031508488315,9.371891021728516,9.520651346235049,11290331
2004-12-31,9.483464241027832,9.557844426621665,9.371893962637081,9.371893962637081,11359743
2005-01-03,9.409083366394043,9.632223906834659,9.409083366394043,9.595033816761223,13998192
2005-01-04,9.409083366394043,9.483463546540914,9.371893276320607,9.446272731683996,6919389
2005-01-05,9.223132133483887,9.371892481155957,9.185942046565868,9.371892481155957,8243703
2005-01-06,9.074373245239258,9.260322970100061,9.037183155310402,9.223132880171205,9059960
2005-01-07,8.962801933288574,9.185941722132299,8.962801933288574,9.148751636527777,8282162
2005-01-10,8.962801933288574,9.037182104497614,8.925611847684053,8.962801933288574,7627320
2005-01-11,8.999993324279785,9.111562872492339,8.925613142282415,8.9628032332811,4954092
2005-01-12,8.628091812133789,8.96280260776231,8.628091812133789,8.96280260776231,13141943
2005-01-13,8.702470779418945,8.739660862653215,8.628090612950405,8.665280696184675,9076300
2005-01-14,8.739663124084473,8.776852492158326,8.553712659797517,8.665282938369689,8097729
2005-01-17,8.962801933288574,8.962801933288574,8.814040866087097,8.814040866087097,8221918
2005-01-18,8.851232528686523,8.9999928854275,8.851232528686523,8.9999928854275,3897920
2005-01-19,8.702470779418945,8.962801362058835,8.702470779418945,8.962801362058835,4732803
2005-01-20,8.702470779418945,8.851231112356025,8.553710446481865,8.553710446481865,6700707
2005-01-21,8.628091812133789,8.776851440963014,8.628091812133789,8.702471988940127,4831084
2005-01-24,8.256192207336426,8.702472573361302,8.21900139165223,8.665282482460603,11718931
2005-01-25,8.256192207336426,8.36776248003852,8.181811300751532,8.256192207336426,12368377
2005-01-26,8.330571174621582,8.479330791753169,8.330571174621582,8.367761260100327,10601055
2005-01-27,8.367761611938477,8.404950974197524,8.219000538985165,8.367761611938477,7629026
2005-01-28,8.367761611938477,8.479331148282467,8.256191350811061,8.367761611938477,10646316
2005-01-31,8.628091812133789,8.665281900536957,8.404951281714775,8.442141370117945,15547108
2005-02-01,8.479331016540527,8.62809136239915,8.479331016540527,8.62809136239915,8426877
2005-02-02,8.516521453857422,8.702471893841237,8.516521453857422,8.516521453857422,11720686
2005-02-03,8.516521453857422,8.628091717847711,8.47933136586066,8.553711541854184,8318330
2005-02-04,8.516521453857422,8.516521453857422,8.516521453857422,8.516521453857422,0
2005-02-07,8.516521453857422,8.516521453857422,8.516521453857422,8.516521453857422,0
2005-02-08,8.516521453857422,8.516521453857422,8.516521453857422,8.516521453857422,0
2005-02-09,8.516521453857422,8.516521453857422,8.516521453857422,8.516521453857422,0
2005-02-10,8.516521453857422,8.516521453857422,8.516521453857422,8.516521453857422,0
2005-02-11,8.516521453857422,8.516521453857422,8.516521453857422,8.516521453857422,0
2005-02-14,8.999993324279785,8.999993324279785,8.628092414292935,8.628092414292935,27942231
2005-02-15,8.925612449645996,9.037182713984087,8.8884223615333,8.999992625871391,11398850
2005-02-16,9.03718376159668,9.03718376159668,8.814042482269965,8.962803576748952,12843987
2005-02-17,8.851232528686523,9.037182974612746,8.851232528686523,8.9999928854275,9669189
2005-02-18,8.925612449645996,9.074372802096786,8.776851372411762,8.851232273420601,16627117
2005-02-21,8.851232528686523,9.037182974612746,8.851232528686523,8.962802796242256,11645828
2005-02-22,8.702470779418945,8.888421195590295,8.702470779418945,8.851231112356025,8235662
2005-02-23,8.665281295776367,8.739661467391622,8.62809120996874,8.665281295776367,8973671
2005-02-24,8.665281295776367,8.814040914223478,8.62809120996874,8.702471381583996,15091150
2005-02-25,8.702470779418945,8.851231112356025,8.702470779418945,8.739660862653215,13963560
2005-02-28,8.702470779418945,8.702470779418945,8.702470779418945,8.702470779418945,0
2005-03-01,8.590902328491211,8.739662692575942,8.590902328491211,8.702472601554758,10468390
2005-03-02,8.553711891174316,8.66528215972096,8.553711891174316,8.590901980689864,8426200
2005-03-03,8.702470779418945,8.739660862653215,8.479330280013327,8.553710446481865,10022989
2005-03-04,8.553711891174316,8.702472249236507,8.553711891174316,8.628092070205412,7936813
2005-03-07,8.553711891174316,8.702472249236507,8.553711891174316,8.553711891174316,15201890
2005-03-08,8.553711891174316,8.776851703484132,8.553711891174316,8.590901980689864,24495580
2005-03-09,8.590902328491211,8.628092419512393,8.553712237470027,8.553712237470027,10891947
2005-03-10,8.962801933288574,8.999992018893094,8.553710991638853,8.590901077243373,38287713
2005-03-11,8.77685260772705,9.074374079287315,8.739663239163507,9.074374079287315,14924837
2005-03-14,8.628091812133789,8.776851440963014,8.590901723730619,8.776851440963014,8890661
2005-03-15,8.665281295776367,8.814040914223478,8.590901124161114,8.62809120996874,29360364
2005-03-16,8.888422012329102,9.037182358935462,8.776851027590915,8.776851027590915,47924752
2005-03-17,8.739663124084473,8.851233402656645,8.739663124084473,8.851233402656645,19182306
2005-03-18,8.628091812133789,8.851232342552802,8.590901723730619,8.814041529366182,13106632
2005-03-21,8.553711891174316,8.702472249236507,8.553711891174316,8.628092070205412,11777193
2005-03-22,8.330571174621582,8.590901048189405,8.293381089142837,8.553710962710658,20975265
2005-03-23,8.293383598327637,8.367763791789049,8.219002680082612,8.330573695058343,11372120
2005-03-24,8.293383598327637,8.404953163736142,8.293383598327637,8.293383598327637,11196918
2005-03-25,8.404952049255371,8.404952049255371,8.256192406841407,8.256192406841407,10237549
2005-03-28,8.256192207336426,8.442141937056416,8.256192207336426,8.404951846155718,7828166
2005-03-29,8.18181037902832,8.330571450655906,8.18181037902832,8.256191277233823,9247231
2005-03-30,8.144620895385742,8.293381978028343,8.10743080592096,8.181810984850525,13223690
2005-03-31,8.144620895385742,8.293381978028343,8.144620895385742,8.25619188856356,14603438
2005-04-01,8.07024097442627,8.181811246387028,7.921481336595419,8.181811246387028,13558933
2005-04-04,8.07024097442627,8.181811246387028,7.995861517902592,7.995861517902592,6777803
2005-04-05,8.07024097442627,8.07024097442627,8.07024097442627,8.07024097442627,0
2005-04-06,7.809911251068115,8.144621350156893,7.809911251068116,8.107431258615527,10611405
2005-04-07,7.586770057678223,7.847100676364856,7.549579969294418,7.772720499597246,21056178
2005-04-08,7.623961448669434,7.772721088695772,7.623961448669434,7.661151539871894,15751807
2005-04-11,7.54957914352417,7.6611501212554405,7.512389059208203,7.623960036939474,11476716
2005-04-12,7.4751996994018555,7.586769963163343,7.4751996994018555,7.512389787322351,9589153
2005-04-13,7.73552942276001,7.7727195063916295,7.51238892097029,7.51238892097029,18175954
2005-04-14,7.73552942276001,7.809909590023249,7.623959896648507,7.698340063911747,18830207
2005-04-15,7.438009262084961,7.735529951473058,7.43800926208496,7.735529951473058,19629292
2005-04-18,6.917348861694336,7.363629901018754,6.917348861694336,7.363629901018754,30483861
2005-04-19,6.917348861694336,7.028919846308856,6.8801587750839674,6.917348861694336,16182578
2005-04-20,6.731398582458496,7.028920006923379,6.679333039840988,7.028920006923379,26292716
2005-04-21,6.619829177856445,6.76858880590238,6.5826390896491,6.612390725344908,25174401
2005-04-22,6.619829177856445,6.776027258413917,6.619829177856445,6.76858880590238,17522135
2005-04-25,6.634705543518066,6.731398905819344,6.634705543518066,6.694209541356105,12273096
2005-04-26,6.7834649085998535,6.8057788163124995,6.671895370036621,6.671895370036621,19322997
2005-04-27,6.716522693634033,6.842968403007657,6.7090849665356025,6.78346441187006,14100578
2005-04-28,6.835531234741211,6.835531234741211,6.783464966445419,6.798341146641851,17136535
2005-04-29,6.738836288452148,6.842968822920484,6.738836288452148,6.7909025556863165,11036212
2005-05-02,6.738836288452148,6.738836288452148,6.738836288452148,6.738836288452148,0
2005-05-03,6.880159854888916,6.947102311207211,6.776028030906991,6.842969762441758,19122163
2005-05-04,6.880159854888916,6.947102311207211,6.880159854888916,6.947102311207211,13992513
2005-05-05,7.356191158294678,7.356191158294678,6.991728069903585,7.006604247451177,36852859
2005-05-06,7.4751996994018555,7.62396077586728,7.408257976015027,7.512389787322351,55405056
2005-05-09,7.266937255859375,7.438010818310486,7.214870979366156,7.438010818310486,22683079
2005-05-10,7.3190016746521,7.475199014918813,7.296687044116338,7.311563222879054,20770729
2005-05-11,7.3190016746521,7.3859433919092625,7.27437313836395,7.3190016746521,8766210
2005-05-12,7.177680015563965,7.400819827466463,7.1107375646447855,7.363630462802272,19232376
2005-05-13,7.400819778442383,7.408258231152724,7.177679968017994,7.214870057219303,19448870
2005-05-16,7.393383979797363,7.661152375757081,7.393383979797364,7.475201174672698,28621082
2005-05-17,7.356191158294678,7.549578567280116,7.326438803199493,7.438008322848147,16389285
2005-05-18,7.28925085067749,7.438010495251366,7.28925085067749,7.438010495251366,13971316
2005-05-19,7.438009262084961,7.475199348258473,7.378505993947429,7.4305715347636205,15670193
2005-05-20,7.393383979797363,7.512391269932857,7.393383979797364,7.475201174672698,13931733
2005-05-23,7.385943412780762,7.54957920528293,7.385943412780762,7.423132772617583,16186111
2005-05-24,7.4751996994018555,7.586769963163343,7.408257976015027,7.438009611481359,24427001
2005-05-25,7.4751996994018555,7.735530314845327,7.438009611481359,7.549579875242848,27790771
2005-05-26,7.512389659881592,7.549579747171192,7.43800948530239,7.512389659881592,13706668
2005-05-27,7.586770057678223,7.661150959229282,7.549579969294418,7.586770057678223,20538531
2005-05-30,7.661150932312012,7.69834102056515,7.5495799427691495,7.623960844058874,27187913
2005-05-31,7.512389659881592,7.661150733823422,7.512389659881592,7.661150733823422,14954662
2005-06-01,7.512389659881592,7.623960646533821,7.475199572591991,7.475199572591991,18939680
2005-06-02,7.54957914352417,7.623960036939474,7.512389059208203,7.512389059208203,24300867
2005-06-03,7.8842902183532715,7.921480304159736,7.549579446095082,7.549579446095082,85190805
2005-06-06,7.73552942276001,7.8842897572864885,7.735529422760009,7.809909590023249,32686158
2005-06-07,7.661150932312012,7.847100648794256,7.623960844058874,7.735530384034841,25117435
2005-06-08,7.73552942276001,7.809909590023249,7.586769088233529,7.735529422760009,29405809
2005-06-09,7.73552942276001,7.958669924549729,7.735529422760009,7.809909590023249,40583101
2005-06-10,7.995862007141113,8.033052100070229,7.884291728353763,7.884291728353763,38092328
2005-06-13,7.921481132507324,8.0330514015936,7.809910863421049,8.0330514015936,25756794
2005-06-14,7.7727203369140625,7.995860862546556,7.7727203369140625,7.995860862546556,18146123
2005-06-15,7.921481132507324,7.921481132507324,7.772720773725624,7.772720773725624,20464902
2005-06-16,8.033051490783691,8.107430946216894,7.921481220458664,8.033051490783691,29903402
2005-06-17,7.8842902183532715,8.256191076417926,7.8842902183532715,8.107430008408665,43140777
2005-06-20,8.107431411743164,8.14462150398695,7.958671767551543,7.99586185979533,21122274
2005-06-21,7.995862007141113,8.107431561144924,7.92148182128288,8.107431561144924,11673891
2005-06-22,8.553711891174316,8.553711891174316,8.033051362740121,8.107430816987744,100978991
2005-06-23,8.702470779418945,8.999991445293105,8.628090612950405,8.702470779418945,106660687
2005-06-24,8.814042091369629,8.814042091369629,8.516522089957173,8.628092362280654,65807451
2005-06-27,8.590902328491211,8.702472601554758,8.553712237470027,8.702472601554758,29275243
2005-06-28,8.665281295776367,8.702471381583996,8.590901124161114,8.62809120996874,19817208
2005-06-29,8.404952049255371,8.851233150847808,8.367762682239517,8.851233150847808,55492233
2005-06-30,8.367761611938477,8.55371132236741,8.367761611938477,8.516521235324939,17385271
2005-07-01,8.330571174621582,8.442140706274424,8.107429936965717,8.367761260100327,24345731
2005-07-04,8.218999862670898,8.442140366564235,8.218999862670898,8.33057083940093,17764754
2005-07-05,8.516521453857422,8.553711541854184,8.293381650660287,8.293381650660287,32007442
2005-07-06,9.11156177520752,9.11156177520752,8.628091375231364,8.628091375231364,103864505
2005-07-07,8.888422012329102,9.260322154061589,8.851231925677512,9.185941980758408,63076926
2005-07-08,9.074373245239258,9.260322970100061,9.074373245239258,9.074373245239258,75012632
2005-07-11,9.334702491760254,9.446272028896484,9.223132229840594,9.297512404453702,61440758
2005-07-12,9.446272850036621,9.59503393697768,9.37189339374133,9.483463665359505,69797165
2005-07-13,9.669414520263672,9.74379470443636,9.520654151918295,9.520654151918295,52801353
2005-07-14,9.595033645629883,9.818173457307227,9.52065346680961,9.78098336789709,30740373
2005-07-15,9.371891021728516,9.595031508488315,9.371891021728516,9.595031508488315,29888230
2005-07-18,9.371891021728516,9.371891021728516,9.371891021728516,9.371891021728516,0
2005-07-19,9.743794441223145,9.892554080766493,9.446272987785942,9.557843985814582,48142244
2005-07-20,9.520651817321777,9.929742005173425,9.520651817321777,9.855361839239789,47353351
2005-07-21,9.409083366394043,9.743794177054967,9.409083366394043,9.595033816761223,31688971
2005-07-22,9.074373245239258,9.371893239886631,9.037183155310402,9.371893239886631,39080999
2005-07-25,9.297513961791992,9.297513961791992,9.074374125360068,9.11156349411243,21080312
2005-07-26,9.074373245239258,9.409083329815488,9.074373245239258,9.297513060028917,16206077
2005-07-27,8.814042091369629,9.223133089889062,8.776852000595134,9.148752908340075,33539086
2005-07-28,8.925612449645996,8.962802537758693,8.776851372411762,8.851232273420601,26806005
2005-07-29,8.628091812133789,9.037182784568646,8.628091812133789,8.999992696165478,31588165
2005-08-01,8.851232528686523,8.888422617871768,8.73966226113079,8.77685162553257,17519764
2005-08-02,9.260322570800781,9.297512659126024,8.962802588982282,8.999992677307526,44848384
2005-08-03,9.557843208312988,9.632223384425812,9.44627221936031,9.44627221936031,72315936
2005-08-04,9.371891021728516,9.595031508488315,9.260320778348618,9.595031508488315,31005404
2005-08-05,9.371891021728516,9.371891021728516,9.371891021728516,9.371891021728516,0
2005-08-08,9.03718376159668,9.223133498932473,8.999993669172815,9.223133498932473,22113491
2005-08-09,9.074373245239258,9.074373245239258,8.888422795594975,8.999993065381545,17542663
2005-08-10,9.223132133483887,9.371892481155957,9.148751959647852,9.223132133483887,29621258
2005-08-11,9.074373245239258,9.297513060028917,9.037183155310402,9.223132880171205,24467330
2005-08-12,8.851232528686523,9.2231326957555,8.851232528686523,9.148752517385011,18989386
2005-08-15,8.628091812133789,8.851232342552802,8.628091812133789,8.851232342552802,19370414
2005-08-16,8.628091812133789,8.776851440963014,8.479331458521113,8.776851440963014,21647373
2005-08-17,8.702470779418945,8.851231112356025,8.665280696184675,8.665280696184675,28435144
2005-08-18,8.628091812133789,8.814041529366182,8.628091812133789,8.776851440963014,19340495
2005-08-19,8.330571174621582,8.62809113366815,8.330571174621582,8.62809113366815,23048675
2005-08-22,8.404952049255371,8.47933223285411,8.367762682239517,8.367762682239517,8397673
2005-08-23,8.18181037902832,8.442140986005617,8.18181037902832,8.442140986005617,18821364
2005-08-24,8.033051490783691,8.29338212154209,8.033051490783691,8.181811126433578,20039645
2005-08-25,7.921481132507324,8.181811035591824,7.921481132507324,8.0330514015936,16880866
2005-08-26,8.107431411743164,8.107431411743164,7.958671767551543,8.070241319499377,11311806
2005-08-29,7.54957914352417,8.1074296834803,7.54957914352417,8.033050239631738,28835350
2005-08-30,7.438009262084961,7.698340590082952,7.423133082658874,7.6611505039094405,22805965
2005-08-31,7.408258438110352,7.586770436393479,7.400819985192209,7.512390255912971,13813223
2005-09-01,7.408258438110352,7.408258438110352,7.408258438110352,7.408258438110352,0
2005-09-02,7.698341369628906,7.735530734784864,7.512390195148234,7.586770375027111,14665682
2005-09-05,7.623961448669434,7.735530997493311,7.586770632683468,7.735530997493311,6540178
2005-09-06,7.809911251068115,7.8471013426094816,7.735531067985385,7.772721159526751,10369921
2005-09-07,7.698341369628906,7.921481184482055,7.698341369628906,7.884291094542617,10091138
2005-09-08,7.809911251068115,7.809911251068116,7.698341701227531,7.698341701227531,7345247
2005-09-09,7.54957914352417,7.809909733735937,7.475198974892236,7.809909733735937,14926529
2005-09-12,7.73552942276001,7.735529422760009,7.54957900460191,7.623959896648507,8122272
2005-09-13,7.623961448669434,7.735530997493311,7.623961448669434,7.698341631074355,6578925
2005-09-14,7.438009262084961,7.6611505039094405,7.43800926208496,7.623960417735928,9023080
2005-09-15,7.326439380645752,7.512389077905006,7.326439380645752,7.438008909087955,14408338
2005-09-16,7.0661091804504395,7.34875369262514,6.924787286754796,7.326439785703029,20240243
2005-09-19,7.0363569259643555,7.125612545785811,7.028919199240351,7.066108557643725,7818990
2005-09-20,7.266937255859375,7.289251167275452,6.954540321683619,6.98429268676076,18058076
2005-09-21,6.999168395996094,7.162804218504189,6.917349759958537,7.140490308597041,9892393
2005-09-22,6.872720241546631,7.051232926251303,6.872720241546631,6.9173480503311335,17881927
2005-09-23,6.805778980255127,6.939663879323,6.805778980255127,6.880159157611298,15900251
2005-09-26,6.768589019775391,6.909911649342176,6.738836658356025,6.88015928792281,15954312
2005-09-27,6.7834649085998535,6.909911352016101,6.761151000887207,6.768588728530276,11463286
2005-09-28,6.85040807723999,6.917349807420745,6.78346562227572,6.7909033507013,9370924
2005-09-29,7.080985069274902,7.133051338473772,6.909911530790751,6.954539347370663,17093309
2005-09-30,7.438009262084961,7.43800926208496,7.222307197148634,7.289249642174319,20051694
2005-10-03,7.54957914352417,7.698340205571408,7.393381804093829,7.512389059208203,24897838
2005-10-04,7.54957914352417,7.6611501212554405,7.475198974892236,7.586769227840136,18636410
2005-10-05,7.54957914352417,7.6611501212554405,7.512389059208203,7.54957914352417,14255106
2005-10-06,7.4751996994018555,7.512389787322351,7.438009611481359,7.512389787322351,8983486
2005-10-07,7.28925085067749,7.512390679930069,7.28925085067749,7.4752005875907175,9876453
2005-10-10,7.28925085067749,7.28925085067749,7.28925085067749,7.28925085067749,0
2005-10-11,7.326439380645752,7.438008909087955,7.289249296237227,7.289249296237227,5868773
2005-10-12,6.954540252685547,7.363631282127962,6.880160065514199,7.3264411885422875,11720650
2005-10-13,7.006605625152588,7.06610962225985,6.932225447572647,6.961977808518006,11232261
2005-10-14,6.954540252685547,7.006606528662201,6.80577987834285,6.969416435076527,16216561
2005-10-17,6.694209575653076,6.969415657661922,6.694209575653076,6.9545394769303295,9667720
2005-10-18,6.694209575653076,6.83553148064453,6.671895666947423,6.723961212332791,11277219
2005-10-19,6.4338788986206055,6.604953163719926,6.4338788986206055,6.582639255191052,19305580
2005-10-20,6.270242214202881,6.657019277160699,5.98759841309604,6.471068835814003,25791571
2005-10-21,6.0471014976501465,6.173547198874951,6.0471014976501465,6.136357116212753,25616882
2005-10-24,6.009912490844727,6.091730397434756,6.002474400502432,6.047102580164461,12168529
2005-10-25,5.9950361251831055,6.13635765443311,5.9950361251831055,6.114043747835304,11005261
2005-10-26,5.652888298034668,6.061978204760877,5.6231359358375315,5.995036839384296,21022249
2005-10-27,5.660325527191162,5.7644573361341465,5.466937001917175,5.615697350221517,22270094
2005-10-28,5.511565685272217,5.74958168460059,5.511565685272217,5.6231359567512005,11598550
2005-10-31,5.890903949737549,5.890903949737549,5.727267416851967,5.794209503071806,9156204
2005-11-01,6.0396647453308105,6.210738656090463,6.024788926408634,6.210738656090463,23540724
2005-11-02,6.121481895446777,6.136358075794608,6.0471024432745235,6.0619778988389035,10371906
2005-11-03,6.240490436553955,6.30743288382993,6.1735479892779805,6.1735479892779805,14317612
2005-11-04,6.3818135261535645,6.411564438618303,6.28511871194226,6.322308802090151,11147037
2005-11-07,6.32230806350708,6.426439868886226,6.262804071178512,6.404125962360937,10771207
2005-11-08,6.247928142547607,6.381813036637174,6.173547967957149,6.322308317138065,9055795
2005-11-09,6.679333209991455,6.679333209991455,6.247928329420358,6.247928329420358,19532001
2005-11-10,6.96941614151001,7.036358597057886,6.723961679140331,6.731399407630752,35908415
2005-11-11,7.125613212585449,7.266935831833002,6.991729045541326,7.0289198569916325,26854283
2005-11-14,7.051234245300293,7.125613698927251,7.014044156095081,7.066109701155605,11208738
2005-11-15,6.835531234741211,7.028920127727947,6.8280927822512725,6.9694154069422165,11868797
2005-11-16,6.947102069854736,7.0586723433200955,6.813217886653006,6.828093343288251,17176475
2005-11-17,6.85040807723999,6.954539899115669,6.813217985545066,6.94710217069009,11208686
2005-11-18,6.917348861694336,7.014043666708026,6.865282595483137,6.947101220895997,14922212
2005-11-21,7.118175506591797,7.118175506591797,6.939664231530563,6.954539687930004,12740699
2005-11-22,7.147927761077881,7.21487021299901,6.99916812584417,7.118175399161049,13643959
2005-11-23,7.244623184204102,7.326441832150261,7.229747725289904,7.237185454747003,15598133
2005-11-24,7.3190016746521,7.326439401641771,7.147926706055921,7.192555242344071,17160566
2005-11-25,7.25949764251709,7.311563910692892,7.214869826814085,7.289250002841389,9902717
2005-11-28,7.2223076820373535,7.281812403736705,7.170241412942148,7.237183862462191,10832105
2005-11-29,7.088423728942871,7.222307907376751,7.088423728942871,7.222307907376751,11907635
2005-11-30,7.014043807983398,7.1032994378193175,6.991729175740988,7.080984805576907,13487226
2005-12-01,6.954540252685547,7.043796622247875,6.924788612687138,7.014044982249466,9332286
2005-12-02,7.0661091804504395,7.199993346766517,6.9173488345918175,7.103299266915095,16474892
2005-12-05,7.177680015563965,7.207431652252011,7.080985203173268,7.103299836668642,9985717
2005-12-06,6.991730213165283,7.229746952539034,6.991730213165283,7.170242224107943,9476878
2005-12-07,7.14048957824707,7.177679665882911,6.917349052432026,6.991729227703707,15300943
2005-12-08,7.028919696807861,7.140489229482532,6.954538800385747,7.13305077744862,9982652
2005-12-09,7.125613212585449,7.244621200006134,7.021481404788204,7.0289198569916325,21942422
2005-12-12,7.185116291046143,7.229744824231619,7.095859949458512,7.140488482643989,14548924
2005-12-13,7.147927761077881,7.281812664920139,7.140490032990414,7.21487021299901,16936791
2005-12-14,7.28181266784668,7.319002757865925,7.155366216824552,7.155366216824552,21208794
2005-12-15,7.3190016746521,7.378505664919591,7.177679063581354,7.326439401641771,25344902
2005-12-16,7.438009262084961,7.6611505039094405,7.33387745566917,7.356192087200003,43834777
2005-12-19,7.438009262084961,7.58676960677901,7.423133082658874,7.512389434431984,15781173
2005-12-20,7.809911251068115,7.8471013426094816,7.400820244113096,7.438010335654462,34930088
2005-12-21,7.809911251068115,7.958671617233578,7.735531067985385,7.884291434150847,20396490
2005-12-22,7.661150932312012,7.921480825300532,7.623960844058874,7.884290737047394,14596947
2005-12-23,7.809911251068115,7.921481525692212,7.698341701227531,7.698341701227531,29431965
2005-12-26,7.73552942276001,7.921479840918109,7.735529422760009,7.8842897572864885,10563015
2005-12-27,7.661150932312012,7.847100648794256,7.623960844058874,7.735530384034841,15838392
2005-12-28,7.586770057678223,7.809910587981051,7.549579969294418,7.586770057678223,12142665
2005-12-29,7.54957914352417,7.698340205571408,7.54957914352417,7.623960036939474,22840554
2005-12-30,7.623961448669434,7.809911179898233,7.549580541481006,7.549580541481006,21774852
2006-01-02,7.438009262084961,7.6611505039094405,7.415695355337535,7.58676960677901,13183845
2006-01-03,7.661150932312012,7.772720472287979,7.438009678009735,7.438009678009735,31447910
2006-01-04,7.623961448669434,7.921481453505615,7.586770632683468,7.809911179898233,29478967
2006-01-05,8.144620895385742,8.144620895385742,7.698341271375292,7.772720725521387,56733550
2006-01-06,8.293383598327637,8.553713550658964,8.219002680082612,8.330573695058343,53513965
2006-01-09,8.07024097442627,8.516522062269303,8.033051608556178,8.479331971615718,28969106
2006-01-10,7.921481132507324,8.070240766505549,7.809910863421049,8.070240766505549,21339580
2006-01-11,8.07024097442627,8.107431065079856,7.921481336595419,7.995861517902592,20108352
2006-01-12,7.958670139312744,8.256190816394236,7.921480054677558,8.181809922340486,18524615
2006-01-13,8.18181037902832,8.367761537366949,7.884290410123398,7.958670583545483,37424218
2006-01-16,8.033051490783691,8.181811126433578,7.995861400675349,8.107430946216894,11990422
2006-01-17,8.033051490783691,8.256192031433747,8.033051490783691,8.033051490783691,15775043
2006-01-18,7.586770057678223,7.95867094151627,7.512389880910613,7.88429076474866,16392189
2006-01-19,7.661150932312012,7.735530384034841,7.475199766262873,7.586770031022287,9897846
2006-01-20,7.586770057678223,7.809910587981051,7.475199792526808,7.772720499597246,8912863
2006-01-23,7.25949764251709,7.5123898061398595,7.252059914827737,7.438009630112555,9421703
2006-01-24,7.400819778442383,7.438009867643691,7.341316505460447,7.341316505460447,7693897
2006-01-25,7.54957914352417,7.623960036939474,7.43800889057627,7.512389059208203,10389315
2006-02-03,7.7727203369140625,7.809910424519479,7.512389723676154,7.623960711275836,22757791
2006-02-06,7.84710168838501,7.847101688385009,7.549580942944099,7.7727215020247815,15532884
2006-02-07,8.18181037902832,8.330571450655906,7.92148049683444,7.92148049683444,60825722
2006-02-08,7.84710168838501,8.219001895402602,7.847101688385009,8.181811802222489,16445321
2006-02-09,7.8842902183532715,8.070239922602198,7.8842902183532715,7.958670389966202,11755416
2006-02-10,7.698341369628906,7.921481184482055,7.661151279689468,7.884291094542617,8804556
2006-02-13,7.512389659881592,7.735530183619194,7.512389659881592,7.661150733823422,7372040
2006-02-14,7.586770057678223,7.661150959229282,7.4380097041430036,7.512389880910613,6256272
2006-02-15,7.4751996994018555,7.6611508637877765,7.4751996994018555,7.62396077586728,6869331
2006-02-16,7.623961448669434,7.661151539871894,7.549580541481006,7.623961448669434,9700645
2006-02-17,7.623961448669434,7.809911179898233,7.623961448669434,7.735530997493311,9168305
2006-02-20,7.586770057678223,7.661150959229282,7.549579969294418,7.623960870845477,4397680
2006-02-21,7.623961448669434,7.698341631074355,7.586770632683468,7.623961448669434,7251472
2006-02-22,7.512389659881592,7.661150733823422,7.43800948530239,7.623960646533821,9314417
2006-02-23,7.423134803771973,7.5867713658325515,7.415697074726136,7.512391176239886,8748359
2006-02-24,7.512389659881592,7.512389659881592,7.304126040799943,7.4231333054298645,16750829
2006-02-27,7.430572986602783,7.549580995697307,7.400820621937378,7.43801071537736,14276112
2006-03-01,7.438009262084961,7.512389434431984,7.363629814521343,7.363629814521343,7237167
2006-03-02,7.4751996994018555,7.6611508637877765,7.4751996994018555,7.549579875242848,9080433
2006-03-03,7.2223076820373535,7.512389938796144,7.1999937737918245,7.438009761455409,6397276
2006-03-06,7.14048957824707,7.348753924051091,7.14048957824707,7.222307481132545,7111490
2006-03-07,6.917348861694336,7.140489381356545,6.8801587750839674,7.140489381356545,11627695
2006-03-08,6.939663887023926,7.02892024490707,6.880159165246192,6.880159165246192,8259955
2006-03-09,6.939663887023926,6.98429170357377,6.887597617860137,6.939663887023926,5081241
2006-03-10,6.97685432434082,7.058672233698039,6.939664233763267,6.939664233763267,8318195
2006-03-13,7.080985069274902,7.088423521893859,7.036357977478446,7.066109613603903,4854409
2006-03-14,6.939663887023926,7.080985064503946,6.917349253965547,7.080985064503946,8561376
2006-03-15,7.043795585632324,7.155365849969865,6.939663773787353,6.9545392292056025,9682253
2006-03-16,6.939663887023926,7.140489786281679,6.939663887023926,7.066109608842969,5225310
2006-03-17,6.8652825355529785,6.9396634329078255,6.8652825355529785,6.917348801309667,6495365
2006-03-20,6.776028156280518,6.939664711032405,6.768589702783338,6.872722253475505,8239520
2006-03-21,6.768589019775391,6.85784537925002,6.768589019775391,6.842969198540336,6499452
2006-03-22,6.70164680480957,6.768588525943919,6.6793328977647874,6.768588525943919,10713215
2006-03-23,6.612390041351318,6.761150378792751,6.582638408733055,6.746274200091934,5766846
2006-03-24,6.634705543518066,6.657019452109397,6.612390910143269,6.619829362862689,3630334
2006-03-27,6.768589019775391,6.83553147057723,6.627267114992075,6.657019476411441,6548497
2006-03-28,6.887598037719727,6.961978219692562,6.716523764138903,6.7909032213282385,11813657
2006-03-29,7.021482944488525,7.066110768361605,6.813218558441529,6.880160294251148,16245055
2006-03-30,7.110737323760986,7.110737323760986,7.028920144444634,7.066109507848996,13172605
2006-03-31,7.021482944488525,7.118176321285673,7.021482944488525,7.066110768361605,8253824
2006-04-03,7.051234245300293,7.095861337649695,6.991729522745181,7.021481884022737,4676622
2006-04-04,7.133052349090576,7.147928531652703,7.014045062944243,7.07354834362563,5600298
2006-04-06,7.333879470825195,7.348755654338864,7.199995268769396,7.199995268769396,10740802
2006-04-07,7.28925085067749,7.3859449458030975,7.25206075833814,7.3636310353561925,7129882
2006-04-10,7.430572986602783,7.512390902257325,7.177680786081035,7.289251066400981,11002374
2006-04-11,7.4751996994018555,7.512389787322351,7.326440072503312,7.438009611481359,6108116
2006-04-12,7.430572986602783,7.512390902257325,7.214870879521017,7.214870879521017,6875462
2006-04-13,7.73552942276001,7.735529422760009,7.51238892097029,7.51238892097029,19324657
2006-04-14,7.958670139312744,8.033050308583118,7.66115018701463,7.735529631501626,25218203
2006-04-17,7.958670139312744,8.070239668434926,7.809909800771999,7.995860223947931,16798852
2006-04-18,7.809911251068115,7.958671617233578,7.772721159526751,7.958671617233578,10615125
2006-04-19,7.809911251068115,8.107431258615527,7.809911251068116,7.995861708774943,17086990
2006-04-20,8.033051490783691,8.033051490783691,7.809910950133636,7.884291130350321,18555268
2006-04-21,7.8842902183532715,8.256191076417926,7.8842902183532715,8.14462009421513,28645206
2006-04-24,8.033051490783691,8.144621036325235,7.884291130350321,7.958671310567007,20316792
2006-04-25,8.033051490783691,8.144621036325235,7.995861400675349,8.107430946216894,19931586
2006-04-26,8.18181037902832,8.219000465739363,8.033050756967567,8.144620292317278,17073707
2006-04-27,7.8842902183532715,8.21900026582806,7.8842902183532715,8.181810180021595,15533906
2006-04-28,8.07024097442627,8.07024097442627,7.921481336595419,7.958671427249005,11192423
2006-05-02,7.995862007141113,8.033052100070229,7.809911542495531,8.033052100070229,11456038
2006-05-03,7.921481132507324,8.367762208852426,7.884291042811899,8.0330514015936,24568360
2006-05-04,7.809911251068115,8.070241167074162,7.809911251068116,7.958671617233578,17535545
2006-05-05,7.84710168838501,8.033052154285578,7.809911595204896,7.884291781565123,15095569
2006-05-08,8.033051490783691,8.144621036325235,7.884291130350321,7.884291130350321,17026706
2006-05-09,8.293383598327637,8.516523453928258,8.033052921212697,8.07024229315979,53573228
2006-05-10,8.144620895385742,8.367762156957909,7.995861262310083,8.293381978028343,17942208
2006-05-11,8.18181037902832,8.330571450655906,8.070240118895192,8.18181037902832,51029031
2006-05-12,8.218999862670898,8.367760923383154,8.033050167543147,8.033050167543147,30899221
2006-05-15,8.107431411743164,8.256192505501835,8.107431411743164,8.181811596230737,17964687
2006-05-16,7.7727203369140625,8.181810575790198,7.735530249308647,8.107430400579368,24889194
2006-05-17,7.698341369628906,7.921481184482055,7.698341369628906,7.809910914663741,28446983
2006-05-18,7.512389659881592,7.623960646533821,7.475199572591991,7.586769834460792,22957035
2006-05-19,7.661150932312012,7.772720472287979,7.475199766262873,7.5123898545160115,16041724
2006-05-22,7.809911251068115,7.884291434150847,7.735531067985385,7.735531067985385,17014445
2006-05-23,7.809911251068115,7.884291434150847,7.5867707018199235,7.6239615181448,15013827
2006-05-24,7.661150932312012,7.884290737047394,7.661150932312012,7.809910560541117,17320975
2006-05-25,7.809911251068115,7.8471013426094816,7.661151609686166,7.698341701227531,14652122
2006-05-26,7.84710168838501,8.033052154285578,7.847101688385009,7.95867196792535,16096899
2006-05-29,8.144620895385742,8.181810984850525,7.80991081498617,7.884290993915735,15313205
2006-05-30,7.7727203369140625,8.256191475784465,7.7727203369140625,8.181810575790198,14883041
2006-06-01,7.809911251068115,7.995861708774943,7.809911251068116,7.8471013426094816,9178522
2006-06-02,7.73552942276001,7.958669924549729,7.698340063911747,7.8842897572864885,8783099
2006-06-05,7.438009262084961,7.77272003764657,7.43800926208496,7.735529951473058,11216945
2006-06-06,7.371068477630615,7.512389649481976,7.214869676360466,7.2892498508367005,12669896
2006-06-07,7.28925085067749,7.4305727666969075,7.25206075833814,7.3636310353561925,6153074
2006-06-08,6.7834649085998535,7.326440045263627,6.7834649085998535,7.289249957481404,13829601
2006-06-09,7.0661091804504395,7.140489353379751,6.761150761353629,6.9173488345918175,15349988
2006-06-12,6.8132171630859375,6.991729146802348,6.694209173941664,6.917348972391321,9410463
2006-06-13,6.619829177856445,6.790902713870098,6.619829177856445,6.7313987176950345,14160653
2006-06-14,6.731398582458496,6.813217209740954,6.627266772440048,6.627266772440048,11631782
2006-06-15,6.716522693634033,6.9173485731254996,6.716522693634033,6.835530675909227,6365601
2006-06-16,6.939663887023926,6.976853975743281,6.872721437415703,6.917349253965547,8031079
2006-06-19,6.961977005004883,7.028919447014084,6.93966309926294,6.976853183760635,5435794
2006-06-20,6.731398582458496,6.954539107219584,6.694209219781746,6.954539107219584,10315748
2006-06-21,6.709085464477539,6.880158998705429,6.701647012043649,6.842968910886295,5816913
2006-06-22,6.909912109375,6.9545399296917125,6.805779562257982,6.8429696541164144,10480252
2006-06-23,6.991730213165283,7.0661103989206095,6.783465838007078,6.880159934532294,13044884
2006-06-26,6.96941614151001,7.0586725073126715,6.939664502764803,6.991730051764795,5470534
2006-06-27,7.14048957824707,7.177679665882911,6.976853772476119,6.991729227703707,9457464
2006-06-28,7.014043807983398,7.066109350459874,6.954539088381545,7.028919987883861,4548901
2006-06-29,7.0363569259643555,7.095860189323093,7.014043021008993,7.014043021008993,6948007
2006-06-30,7.125613212585449,7.17767947887578,7.066109218875107,7.1628032992523405,10553819
2006-07-03,7.080985069274902,7.170241427218185,7.080985069274902,7.140489791092729,3892927
2006-07-04,7.088423728942871,7.170241636657054,7.066109820001138,7.1553661805515505,4584663
2006-07-05,6.909912109375,7.07354793372529,6.887598199216644,7.07354793372529,4529488
2006-07-06,6.842968940734863,6.8950352088654485,6.790902672604279,6.805778852753509,10133873
2006-07-07,6.842968940734863,6.872721301033325,6.805778852753509,6.835531213051969,3987952
2006-07-10,6.8950347900390625,6.947101055006977,6.753712174380923,6.842968525071147,5242680
2006-07-11,6.8950347900390625,7.066109039405011,6.880158610793458,6.8950347900390625,14863628
2006-07-12,6.932225227355957,7.16280348061559,6.924787499747621,6.9545391349644,14499879
2006-07-13,6.999168395996094,7.06611012571754,6.880159668518786,6.880159668518786,7340366
2006-07-14,6.805778980255127,6.917349246289384,6.783465072004966,6.909911518467149,9033432
2006-07-17,6.709085464477539,6.842968910886295,6.664456924224514,6.768588735248027,7414954
2006-07-18,6.545449733734131,6.842969747895416,6.545449733734131,6.716524013670693,28871016
2006-07-19,6.552887439727783,6.694210080153299,6.552887439727783,6.582639803433215,9396158
2006-07-20,6.731398582458496,6.828092664898281,6.70164694736041,6.805778757378858,11084116
2006-07-21,6.746274948120117,6.783465036604119,6.716523312202987,6.731398767769826,4443659
2006-07-24,6.686772346496582,6.69421007502548,6.6198298906024,6.679333893184159,4799234
2006-07-25,6.70164680480957,6.84296869928214,6.6942090773891145,6.805778612613029,6713001
2006-07-26,6.7239603996276855,6.7909021176536,6.7165226725526,6.738835853777855,4795147
2006-07-27,6.805778980255127,6.805778980255127,6.70908561943225,6.731398802898956,5299899
2006-07-28,6.820654392242432,6.880158382466734,6.783464307754321,6.8057782134905125,6427929
2006-07-31,6.8280930519104,6.947101773398382,6.813217595909942,6.8801593222624255,9639339
2006-08-01,6.7834649085998535,6.895035171946524,6.768588728530276,6.828092724025146,4679687
2006-08-02,6.798342227935791,6.842970050839815,6.746275951358723,6.753713680248207,4832952
2006-08-03,6.85040807723999,6.917349807420745,6.813217985545066,6.820655713970645,8245650
2006-08-04,6.709085464477539,6.895035178789771,6.686771556742746,6.850407363320185,7257603
2006-08-07,6.70164680480957,6.768588525943919,6.6942090773891145,6.7090852570134425,5217136
2006-08-08,6.753713130950928,6.7909032219407,6.731399221313764,6.746275402666374,5835304
2006-08-09,6.872720241546631,6.872720241546631,6.76858772133835,6.76858772133835,7730680
2006-08-10,6.887598037719727,6.954539766625178,6.8801595846523425,6.8801595846523425,10078698
2006-08-11,7.021482944488525,7.095862409349133,6.924788842907803,6.932226571958791,18413242
2006-08-14,7.051234245300293,7.1404898795660285,7.036358064661515,7.066109701155605,8369284
2006-08-15,7.014043807983398,7.1032994378193175,6.991729175740988,7.1032994378193175,6607759
2006-08-16,7.125613212585449,7.170241026672352,7.110737032962009,7.110737032962009,12793530
2006-08-17,7.170241832733154,7.252060467468212,7.170241832733153,7.214870376620503,13014231
2006-08-18,7.0661091804504395,7.199993346766517,7.0661091804504395,7.177679439844407,6460625
2006-08-21,6.7239603996276855,7.058671164107405,6.709084945477515,7.028919531023682,9902954
2006-08-22,6.768589019775391,6.81321756190444,6.738836658356025,6.768589019775391,4284264
2006-08-23,6.70164680480957,6.805778612613029,6.604952724426567,6.768588525943919,10485361
2006-08-24,6.716522693634033,6.805778317948736,6.701646514653787,6.805778317948736,5375510
2006-08-25,6.664457321166992,6.805779228426928,6.664457321166992,6.776027591269644,5407185
2006-08-28,6.59751558303833,6.6942096720103015,6.582639402092608,6.664457310118857,6078485
2006-08-29,6.612390041351318,6.664456304412494,6.612390041351318,6.619828493093412,4029844
2006-08-30,6.887598037719727,6.91734967563876,6.694209854503752,6.694209854503752,15432751
2006-08-31,6.790902614593506,6.954539145270303,6.790902614593506,6.954539145270303,8364175
2006-09-01,6.991730213165283,7.051234941596374,6.865283752424521,6.8727222058701765,16189880
2006-09-04,7.028919696807861,7.140489229482532,7.014043517523438,7.140489229482532,12381758
2006-09-05,6.9842915534973145,7.066109457008434,6.93966373790642,7.066109457008434,7005226
2006-09-06,6.842968940734863,6.999167745126619,6.805778852753509,6.999167745126619,7559023
2006-09-07,6.820654392242432,6.820654392242432,6.738835771498564,6.738835771498564,6542366
2006-09-08,6.790902614593506,6.850407334682113,6.753712526929845,6.805778794615658,5418424
2006-09-11,6.8950347900390625,6.999167319974891,6.828092345825544,6.835530797840045,9543293
2006-09-12,6.790902614593506,6.917349057606642,6.77602715935479,6.917349057606642,6122421
2006-09-13,6.835531234741211,6.887597503037004,6.805778874348346,6.880159050547064,4394615
2006-09-14,6.835531234741211,6.872721322840571,6.7313986981496265,6.8429689624477055,9611751
2006-09-15,6.909912109375,6.909912109375,6.738837106999396,6.738837106999396,6508648
2006-09-18,7.155364990234375,7.170240443865301,6.976853023613048,7.006604655658257,15975309
2006-09-19,7.080985069274902,7.140489791092729,7.073547341439403,7.103299702348315,6762046
2006-09-20,6.991730213165283,7.0661103989206095,6.961978573733275,7.0661103989206095,7202427
2006-09-21,7.028919696807861,7.058671330593307,6.96941497967017,7.058671330593307,6956182
2006-09-22,7.118175506591797,7.118175506591797,6.991729778495592,6.991729778495592,6082572
2006-09-25,7.170241832733154,7.170241832733153,7.088423922781594,7.11073783233352,8824991
2006-09-26,7.363631248474121,7.430572981752261,7.118176052103629,7.192556963718587,14319026
2006-09-27,7.4751996994018555,7.586769963163343,7.430571883810636,7.512389787322351,24013541
2006-09-28,7.326439380645752,7.512389077905006,7.252059211828701,7.47519899349648,13185888
2006-09-29,7.400819778442383,7.4751999568450005,7.252060146420612,7.2818125076950455,8285499
2006-10-02,7.438009262084961,7.43800926208496,7.311563548921744,7.326439728347831,6073376
2006-10-03,7.326439380645752,7.438008909087955,7.326439380645752,7.438008909087955,5960982
2006-10-04,7.252060413360596,7.371069138055438,7.2446219603764535,7.363630685071295,7731702
2006-10-05,7.363631248474121,7.430572981752261,7.289251061642711,7.296688790412433,10108329
2006-10-09,7.363631248474121,7.363631248474121,7.363631248474121,7.363631248474121,0
2006-10-11,7.438009262084961,7.475199348258473,7.371068266626089,7.400819175911448,6791677
2006-10-12,7.400819778442383,7.549580135247619,7.400819778442383,7.438009867643691,10115482
2006-10-13,7.8842902183532715,7.8842902183532715,7.438009188675686,7.438009188675686,41874009
2006-10-16,7.809911251068115,8.070241167074162,7.809911251068116,7.958671617233578,17590721
2006-10-17,7.84710168838501,8.033052154285578,7.809911595204896,7.847101688385009,17489566
2006-10-18,7.73552942276001,7.847099673654869,7.698340063911747,7.809909590023249,9055910
2006-10-19,7.661150932312012,7.884290737047394,7.623960844058874,7.623960844058874,18252825
2006-10-20,7.73552942276001,7.847099673654869,7.661149980280126,7.698340063911747,9262307
2006-10-23,7.7727203369140625,7.809910424519479,7.623960711275836,7.698340886486666,6014113
2006-10-24,7.809911251068115,7.921481525692212,7.809911251068116,7.8471013426094816,10576298
2006-10-25,7.661150932312012,7.772720472287979,7.661150932312012,7.735530384034841,7729658
2006-10-26,7.661150932312012,7.809910560541117,7.661150932312012,7.69834102056515,8017796
2006-10-27,7.698341369628906,7.921481184482055,7.698341369628906,7.809910914663741,16934747
2006-10-30,7.512389659881592,7.698340821113023,7.512389659881592,7.661150733823422,10388293
2006-10-31,7.512389659881592,7.661150733823422,7.512389659881592,7.549579747171192,4911628
2006-11-01,7.4751996994018555,7.6611508637877765,7.4751996994018555,7.586769963163343,4872801
2006-11-02,7.623961448669434,7.735530997493311,7.438010267873624,7.4752003590760845,18044385
2006-11-03,7.958670139312744,8.1446198377053,7.623960102379444,7.66115018701463,41741179
2006-11-06,7.809911251068115,8.033051800316308,7.735531067985385,7.735531067985385,16187836
2006-11-07,7.809911251068115,7.995861708774943,7.809911251068116,7.884291434150847,10867501
2006-11-08,7.8842902183532715,8.107430008408665,7.8842902183532715,7.958670389966202,16267534
2006-11-09,7.73552942276001,8.033050091812969,7.735529422760009,8.033050091812969,14086064
2006-11-10,7.7727203369140625,7.847100512124894,7.735530249308647,7.735530249308647,6112203
2006-11-13,7.809911251068115,7.958671617233578,7.809911251068116,7.809911251068116,6573019
2006-11-14,8.330571174621582,8.330571174621582,7.88429014887664,7.88429014887664,50929919
2006-11-15,8.888422012329102,8.888422012329102,8.590901319116378,8.590901319116378,135924492
2006-11-16,8.77685260772705,9.074374079287315,8.702473145816418,9.074374079287315,90846225
2006-11-17,9.371891021728516,9.371891021728516,8.70247028623243,8.776849723702387,92271589
2006-11-20,9.595033645629883,9.818173457307227,9.371893109169068,9.557843556219746,124057703
2006-11-21,9.669414520263672,9.74379470443636,9.334703691486576,9.595034336090984,69223616
2006-11-22,9.334702491760254,9.743793452132339,9.334702491760254,9.669413277519233,38839364
2006-11-23,9.483464241027832,9.74379489060625,9.409084055433999,9.44627342344738,56827552
2006-11-24,9.371891021728516,9.595031508488315,9.334700940601882,9.483461265108415,31308949
2006-11-27,9.446272850036621,9.632224027517072,9.37189339374133,9.446272850036621,38745361
2006-11-28,9.520651817321777,9.595031983255412,9.33470140248769,9.33470140248769,26080573
2006-11-29,9.446272850036621,9.743794299135248,9.37189339374133,9.632224027517072,40985072
2006-11-30,10.078505516052246,10.078505516052246,9.48346404368395,9.632224411776024,126668315
2006-12-01,9.743794441223145,10.115694627256767,9.706604350141433,10.041315169876844,69122461
2006-12-04,9.669414520263672,9.855364255911871,9.669414520263672,9.669414520263672,29369638
2006-12-05,9.557843208312988,9.892553276037248,9.557843208312988,9.818173099924424,30205442
2006-12-06,9.743794441223145,9.743794441223145,9.557843985814582,9.66941425905972,22070142
2006-12-07,9.557843208312988,9.818173099924424,9.520653120256576,9.780983011868013,18063798
2006-12-08,9.446272850036621,9.632224027517072,9.37189339374133,9.632224027517072,19030389
2006-12-11,9.483464241027832,9.595034519418583,9.44627342344738,9.483464241027832,18532789
2006-12-12,9.557843208312988,9.780983011868013,9.483463032200165,9.520653120256576,40283119
2006-12-13,9.595033645629883,9.70660391386029,9.44627256320587,9.595033645629883,19462596
2006-12-14,9.520651817321777,9.743792315122683,9.520651817321777,9.669412149189048,18912886
2006-12-15,9.557843208312988,9.818173099924424,9.557843208312988,9.669413472482223,34447814
2006-12-18,9.520651817321777,9.63222206622223,9.520651817321777,9.557841900288595,18684010
2006-12-19,9.074373245239258,9.59503377945977,8.925612885523831,9.59503377945977,52453372
2006-12-20,9.074373245239258,9.223132880171205,8.999993065381545,9.074373245239258,25741347
2006-12-21,9.223132133483887,9.371892481155957,9.185942046565868,9.297512307319922,23028559
2006-12-22,9.148752212524414,9.334702652254276,9.148752212524414,9.260322476362331,9580076
2006-12-25,9.260322570800781,9.371892835776512,9.111562217499808,9.14875230582505,15041415
2006-12-26,9.557843208312988,9.669413472482223,9.297512591918107,9.297512591918107,40366904
2006-12-27,9.70660400390625,9.818173548388192,9.59503373464083,9.66941391415111,35342405
2006-12-28,9.855362892150879,10.078504138574726,9.780982718270737,9.855362892150879,66591547299
2006-12-29,9.892553329467773,9.96693350598233,9.743793701222108,9.929743417725051,24246504
2007-01-02,9.520651817321777,9.966932088140242,9.520651817321777,9.966932088140242,30986071
2007-01-03,9.780984878540039,10.11569573492632,9.557845032399435,9.669415317861528,52150930
2007-01-04,9.70660400390625,9.966933907408752,9.70660400390625,9.818173548388192,27129927
2007-01-05,9.669414520263672,9.818174163825526,9.520654151918295,9.74379470443636,18723859
2007-01-08,9.669414520263672,9.929744440084558,9.595034336090984,9.669414520263672,29318549
2007-01-09,9.669414520263672,9.818174163825526,9.595034336090984,9.74379470443636,15152787
2007-01-10,9.632223129272461,9.81817283984535,9.595033042201198,9.669413216343724,20661127
2007-01-11,9.11156177520752,9.743793246046957,8.962802153911065,9.743793246046957,30170702
2007-01-12,9.297513961791992,9.40908424239973,9.223133774720168,9.223133774720168,22306170
2007-01-15,9.260322570800781,9.446272287643549,9.185942394150294,9.446272287643549,11889267
2007-01-16,9.223132133483887,9.409082568073973,9.185942046565868,9.297512307319922,11228185
2007-01-17,9.148752212524414,9.185942300470387,9.074372761415912,9.148752212524414,17898272
2007-01-18,9.446272850036621,9.520653755898897,9.148752850504978,9.148752850504978,24169871
2007-01-19,9.334702491760254,9.52065292829302,9.260322317147148,9.446272028896484,12024140
2007-01-22,9.371891021728516,9.446270459198473,9.223130697221984,9.334700940601882,13297261
2007-01-23,9.520651817321777,9.669412149189048,9.371891485454508,9.446270926604798,14386463
2007-01-24,9.855362892150879,9.855362892150879,9.520652834473664,9.595033008353806,45699500
2007-01-25,10.041314125061035,10.22726383633771,9.855362964217505,10.004123313065588,100398714
2007-01-26,10.041314125061035,10.11569357470165,9.70660334015285,9.966933225853566,30191138
2007-01-29,10.041314125061035,10.041314125061035,9.780982789793462,10.041314125061035,18842384
2007-01-30,9.892553329467773,10.115693859011444,9.855363241210496,10.041314407280334,31873986
2007-01-31,9.371891021728516,9.89255143271807,9.29751085947525,9.89255143271807,45998877
2007-02-01,9.297513961791992,9.520654523007467,9.297513961791992,9.446273611152092,21116835
2007-02-02,9.483464241027832,9.595034519418583,9.334703869840164,9.44627342344738,21175075
2007-02-05,9.185943603515625,9.48346434928734,9.148753510294162,9.48346434928734,14895302
2007-02-06,9.371891021728516,9.409081102855149,9.223130697221984,9.223130697221984,14296548
2007-02-07,9.223132133483887,9.409082568073973,9.223132133483887,9.371892481155957,6421798
2007-02-08,9.371891021728516,9.371891021728516,9.185940616095351,9.223130697221984,12603482
2007-02-09,9.223132133483887,9.371892481155957,9.223132133483887,9.371892481155957,9175457
2007-02-12,8.925612449645996,9.22313242976413,8.8884223615333,9.074372802096786,26365646
2007-02-13,8.962801933288574,9.037182104497614,8.888421762079533,8.925611847684053,9681231
2007-02-14,8.999993324279785,9.074373506277155,8.925613142282415,9.074373506277155,8994604
2007-02-26,9.297513961791992,9.334704055327904,9.11156349411243,9.185943681184254,20860372
2007-02-27,9.148752212524414,9.297512564308303,9.148752212524414,9.297512564308303,9523879
2007-03-01,8.814042091369629,9.074373451574584,8.553712180731667,8.9628031792511,37093166
2007-03-02,8.702470779418945,8.814040304338405,8.628090612950405,8.628090612950405,11788112
2007-03-05,8.107431411743164,8.442142241937242,7.958671767551543,8.442142241937242,23072495
2007-03-06,8.293383598327637,8.293383598327637,8.07024229315979,8.107432389890496,10900198
2007-03-07,8.590902328491211,8.702472601554758,8.330572416126433,8.404951873385297,28339698
2007-03-08,8.553711891174316,8.628092070205412,8.479331712143221,8.590901980689864,8850535
2007-03-09,8.590902328491211,8.85123296563949,8.590902328491211,8.702472601554758,24936196
2007-03-12,8.702470779418945,8.814040304338405,8.590900529716135,8.590900529716135,13982865
2007-03-13,8.665281295776367,8.77685082841585,8.62809120996874,8.702471381583996,8898558
2007-03-14,8.330571174621582,8.553710962710658,8.293381089142837,8.553710962710658,17672462
2007-03-15,8.77685260772705,8.77685260772705,8.44214249238679,8.51652267908097,25888481
2007-03-16,8.77685260772705,8.888423612551867,8.628092959122238,8.851233519204776,15367358
2007-03-19,8.814042091369629,8.925613088476608,8.665282453055148,8.702472543829643,15259051
2007-03-20,8.479331016540527,8.925612054116394,8.479331016540527,8.851231881187083,18300848
2007-03-21,8.739663124084473,8.776852492158326,8.628092845512299,8.776852492158326,17175884
2007-03-22,8.814042091369629,9.074373451574584,8.776852000595134,8.851232906927619,29631210
2007-03-23,8.702470779418945,8.888421195590295,8.628090612950405,8.888421195590295,12828270
2007-03-26,8.665281295776367,8.77685082841585,8.62809120996874,8.665281295776367,7731702
2007-03-27,8.590902328491211,8.776852058813622,8.553712237470027,8.665282510533576,9533075
2007-03-28,8.479331016540527,8.62809136239915,8.442140930075873,8.590901275934494,8429568
2007-03-29,8.665281295776367,8.702471381583996,8.47933086673823,8.553711038353486,13114364
2007-03-30,8.739663124084473,8.888423495514036,8.665282938369689,8.665282938369689,20903286
2007-04-02,8.999993324279785,9.148752963491024,8.776852053504173,8.814042144502858,47044144
2007-04-03,8.814042091369629,8.999993270025595,8.776852000595134,8.999993270025595,14686862
2007-04-04,8.77685260772705,8.925613705898956,8.739663239163507,8.81404270107414,14518271
2007-04-09,8.739663124084473,8.851233402656645,8.70247303122708,8.776852492158326,11737024
2007-04-10,8.814042091369629,8.814042091369629,8.702472543829643,8.702472543829643,8646182
2007-04-11,8.888422012329102,8.999992272283873,8.814041114242505,8.851231925677512,13007079
2007-04-12,8.814042091369629,8.925613088476608,8.814042091369629,8.888422997702113,8022905
2007-04-13,8.851232528686523,8.888422617871768,8.77685162553257,8.814041714717813,11722719
2007-04-16,8.888422012329102,8.999992272283873,8.851231925677512,8.888422012329102,21187337
2007-04-17,8.665281295776367,8.999992068045014,8.665281295776367,8.925611896429759,14689927
2007-04-18,8.665281295776367,8.77685082841585,8.665281295776367,8.739661467391622,8128147
2007-04-19,8.553711891174316,8.776851703484132,8.553711891174316,8.702472249236507,8768794
2007-04-20,8.479331016540527,8.665281448863805,8.442140930075873,8.553711189469839,13020362
2007-04-23,8.479331016540527,8.665281448863805,8.479331016540527,8.516521103005182,11717611
2007-04-24,8.479331016540527,8.590901275934494,8.442140930075873,8.479331016540527,11054484
2007-04-25,8.553711891174316,8.66528215972096,8.479331712143221,8.479331712143221,12245863
2007-04-26,8.516521453857422,8.665281805844474,8.516521453857422,8.628091717847711,9282742
2007-04-27,8.516521453857422,8.628091717847711,8.516521453857422,8.553711541854184,8584876
2007-04-30,8.367761611938477,8.516521235324939,8.330571524896005,8.479331148282467,8676835
2007-05-02,8.330571174621582,8.40495062079568,8.330571174621582,8.367761260100327,5658539
2007-05-03,8.18181037902832,8.404950899294574,8.107430205606235,8.367761537366949,10899176
2007-05-04,8.516521453857422,8.516521453857422,8.181810661886555,8.181810661886555,14880998
2007-05-07,8.516521453857422,8.553711541854184,8.442141277863897,8.516521453857422,6628195
2007-05-08,8.479331016540527,8.516521103005182,8.404950843611216,8.479331016540527,7700027
2007-05-09,8.77685260772705,8.962803799246046,8.59090286577515,8.59090286577515,56517957
2007-05-10,8.702470779418945,8.851231112356025,8.665280696184675,8.851231112356025,13305435
2007-05-11,8.590902328491211,8.702472601554758,8.553712237470027,8.628092419512393,8855644
2007-05-14,8.479331016540527,8.62809136239915,8.479331016540527,8.590901275934494,8130191
2007-05-15,8.590902328491211,8.628092419512393,8.479332055427662,8.479332055427662,7421085
2007-05-16,8.77685260772705,8.851233519204776,8.51652267908097,8.59090286577515,30375055
2007-05-17,8.590902328491211,8.739662692575942,8.590902328491211,8.702472601554758,9117216
2007-05-18,8.516521453857422,8.628091717847711,8.47933136586066,8.553711541854184,5973243
2007-05-21,8.553711891174316,8.628092070205412,8.479331712143221,8.590901980689864,6483104
2007-05-22,8.553711891174316,8.739662338752055,8.516521801658769,8.553711891174316,11505083
2007-05-23,8.702470779418945,8.851231112356025,8.516520363247597,8.553710446481865,25150766
2007-05-24,8.665281295776367,8.814040914223478,8.665281295776367,8.702471381583996,16070333
2007-05-25,8.590902328491211,8.702472601554758,8.553712237470027,8.553712237470027,11241468
2007-05-28,8.516521453857422,8.665281805844474,8.47933136586066,8.628091717847711,7368975
2007-05-29,8.665281295776367,8.739661467391622,8.516520952545859,8.553711038353486,22699550
2007-05-30,8.590902328491211,8.702472601554758,8.553712237470027,8.665282510533576,8456134
2007-05-31,8.851232528686523,8.962802796242256,8.628091993575058,8.665282082760303,47738945
2007-06-01,8.739663124084473,8.99999377408621,8.739663124084473,8.962803681228818,18283478
2007-06-04,8.739663124084473,8.925613588371428,8.739663124084473,8.814042585015716,10691758
2007-06-05,8.628091812133789,8.851232342552802,8.628091812133789,8.739662077343295,12942708
2007-06-06,8.702470779418945,8.851231112356025,8.628090612950405,8.628090612950405,22210124
2007-06-07,8.702470779418945,8.739660862653215,8.628090612950405,8.665280696184675,8600203
2007-06-08,8.590902328491211,8.665282510533576,8.553712237470027,8.628092419512393,12976426
2007-06-11,8.590902328491211,8.702472601554758,8.553712237470027,8.628092419512393,7905402
2007-06-12,8.516521453857422,8.628091717847711,8.516521453857422,8.590901629850949,12508457
2007-06-13,8.516521453857422,8.590901629850949,8.47933136586066,8.47933136586066,9857997
2007-06-14,8.739663124084473,8.888423495514036,8.553712659797517,8.553712659797517,43277915
2007-06-15,8.665281295776367,8.888421810622132,8.62809120996874,8.814040914223478,14281221
2007-06-20,8.739663124084473,8.814042585015716,8.665282938369689,8.739663124084473,23964496
2007-06-21,9.297513961791992,9.297513961791992,8.814042745825128,8.851233564144591,75194815
2007-06-22,9.297513961791992,9.632224803615205,9.185943681184254,9.446273611152092,53803125
2007-06-25,9.11156177520752,9.297512207807355,9.11156177520752,9.22313203476742,22807857
2007-06-26,9.223132133483887,9.409082568073973,9.074372510595238,9.148751959647852,66784661
2007-06-27,9.632223129272461,9.85536292691661,9.371892519773624,9.520652868058674,101375522
2007-06-28,9.371891021728516,9.632221589614947,9.29751085947525,9.632221589614947,48600293
2007-06-29,9.223132133483887,9.446271930208571,9.185942046565868,9.371892481155957,23231890
2007-07-02,9.297513961791992,9.297513961791992,9.185943681184254,9.223133774720168,13114364
2007-07-03,9.334702491760254,9.52065292829302,9.297512404453702,9.297512404453702,31902595
2007-07-04,9.371891021728516,9.483461265108415,9.334700940601882,9.446270459198473,26912291
2007-07-05,9.743794441223145,9.818173898603067,9.297513348242594,9.446272987785942,72579095
2007-07-06,9.557843208312988,9.743793648595046,9.520653120256576,9.743793648595046,30555908
2007-07-09,9.669414520263672,9.818174163825526,9.632224428177327,9.669414520263672,38342786
2007-07-10,9.669414520263672,9.855364255911871,9.446273242962086,9.55784424400464,68911977
2007-07-11,9.557843208312988,9.632223384425812,9.520653120256576,9.520653120256576,20869567
2007-07-12,9.743794441223145,9.892554080766493,9.595034076896294,9.632224167978007,75413473
2007-07-13,9.595033645629883,9.855363546717362,9.557843556219746,9.855363546717362,33861321
2007-07-16,9.483464241027832,9.74379489060625,9.483464241027832,9.595034519418583,36438214
2007-07-17,9.446272850036621,9.557843846438288,9.446272850036621,9.483463665359505,26344189
2007-07-18,9.409083366394043,9.595033816761223,9.297513096173734,9.446272731683996,46827530
2007-07-19,9.334702491760254,9.52065292829302,9.297512404453702,9.297512404453702,38664642
2007-07-20,9.483464241027832,9.483464241027832,9.297513777043248,9.334703869840164,47930015
2007-07-23,9.409083366394043,9.446272731683996,9.334703186247172,9.446272731683996,54806499
2007-07-24,9.368671417236328,9.559091764104481,9.292504020694972,9.48292362535722,67369111
2007-07-25,9.254420280456543,9.330587679706808,9.178252139000348,9.292504351184641,46258406
2007-07-26,9.901848793029785,9.901848793029785,9.216336258502162,9.330587729085154,175524050
2007-07-27,10.587360382080078,10.587360382080078,9.901847908770407,9.901847908770407,278266696
2007-07-30,9.901848793029785,10.815865010929324,9.863764722100143,10.815865010929324,116421025
2007-07-31,9.749512672424316,10.1303526458864,9.749512672424316,9.939933030258333,85966271
2007-08-01,9.635260581970215,9.978017230491277,9.597176509912318,9.673343911822153,86907318
2007-08-02,9.292503356933594,9.863763614527157,9.2544192902803,9.825679547873863,48191587
2007-08-03,9.673344612121582,9.825681653587525,9.368672755807726,9.52100905506766,47193322
2007-08-06,9.254420280456543,9.4448398918911,9.140168068272251,9.140168068272251,34493794
2007-08-07,9.21633529663086,9.406754889199819,9.21633529663086,9.368670822244855,33177759
2007-08-08,9.254420280456543,9.368671750434904,9.178252139000348,9.292504351184641,36515868
2007-08-09,9.292503356933594,9.406754814687625,9.2544192902803,9.406754814687625,45370491
2007-08-10,8.911662101745605,9.292502743122325,8.835493973470262,9.216334614846982,36380995
2007-08-13,8.835494995117188,9.063999406365149,8.835494995117188,8.987830527076607,18601247
2007-08-14,8.873578071594238,9.14016652157899,8.835494007310702,8.911662135877775,27222908
2007-08-15,8.26423454284668,8.835495610771885,8.26423454284668,8.835495610771885,41770810
2007-08-16,7.997647285461426,8.188067653312075,7.692974696900387,7.997647285461426,49171460
2007-08-17,7.654890537261963,8.340403111610707,7.464470913758296,8.340403111610707,29794692
2007-08-20,8.073814392089844,8.149982529413943,7.921478117441643,8.035730323427794,17853315
2007-08-21,7.807226657867432,8.073814396439515,7.8072266578674325,8.073814396439515,15102721
2007-08-22,7.845310211181641,7.921477601337352,7.769141336614244,7.807226145000863,11048354
2007-08-23,8.111898422241211,8.14998249072246,7.959562148316216,7.997646216797465,19488140
2007-08-24,7.959561347961426,8.073813541916813,7.959561347961426,8.073813541916813,12789443
2007-08-27,7.807226657867432,8.073814396439515,7.8072266578674325,7.959562190391811,25553342
2007-08-28,7.692974090576172,7.883395185624708,7.692974090576172,7.807227044487664,11476474
2007-08-29,7.571105480194092,7.616805322023607,7.540637929366593,7.540637929366593,14883041
2007-08-30,7.616805076599121,7.769141341416389,7.609188560240595,7.6929732090077545,17988188
2007-08-31,7.563488006591797,7.692973238416802,7.479703357504341,7.654889172066896,26102031
2007-09-03,7.616805076599121,7.769141341416389,7.601571301676225,7.616805076599121,16623109
2007-09-04,7.654890537261963,7.731058683545821,7.616806464120034,7.616806464120034,8325348
2007-09-05,7.555871486663818,7.769141367476351,7.555871486663818,7.73105730114429,12530936
2007-09-06,7.601572036743164,7.6548898830261765,7.540638415571028,7.555872191967019,7583546
2007-09-07,7.769141674041748,7.845310551917293,7.601571627127298,7.616805402702407,19862106
2007-09-10,7.616805076599121,7.6929732090077545,7.609188560240595,7.654889142803437,9295004
2007-09-11,7.616805076599121,7.6929732090077545,7.601571301676225,7.616805076599121,27722551
2007-09-12,7.616805076599121,7.731057275212072,7.609188560240595,7.6929732090077545,10512949
2007-09-13,7.548254489898682,7.6929727452211,7.540637231793534,7.65488868131276,10489448
2007-09-14,7.616805076599121,7.6929732090077545,7.57110523624212,7.601571301676225,11985313
2007-09-17,7.5406389236450195,7.616806326345163,7.5406389236450195,7.616806326345163,12217254
2007-09-18,7.5406389236450195,7.5406389236450195,7.5406389236450195,7.5406389236450195,0
2007-09-19,7.731057167053223,7.807226040602083,7.654889035710194,7.654889035710194,31948575
2007-09-20,7.883393287658691,7.921476606852537,7.769140361254157,7.769140361254157,19625057
2007-09-21,7.807226657867432,7.921478121709244,7.731057778296406,7.921478121709244,12468608
2007-09-26,8.03572940826416,8.073813472588938,7.769140957990718,7.807225764521302,15359184
2007-09-27,8.26423454284668,8.37848675643172,8.073814929077551,8.111899000272565,23390264
2007-09-28,7.997647285461426,8.34040320538661,7.997647285461426,8.302319131816478,14347636
2007-10-01,8.188067436218262,8.302318911693467,8.111899291097481,8.149983363657872,23103148
2007-10-02,8.188067436218262,8.340402984253856,8.149983363657872,8.302318911693467,12509479
2007-10-03,8.03572940826416,8.264233052007018,7.997645343939382,8.264233052007018,17268865
2007-10-04,8.073814392089844,8.149982529413943,7.9595621861036925,7.997646254765743,8492917
2007-10-05,7.959561347961426,8.149981671220406,7.959561347961426,8.11189760656861,7213667
2007-10-08,7.845310211181641,8.07381386606046,7.807226145000863,7.997645733698906,8211932
2007-10-09,7.845310211181641,7.921477601337352,7.807226145000863,7.8833942773624175,7005226
2007-10-11,7.921477317810059,7.959561382627721,7.8072258655628834,7.88339399519821,12919207
2007-10-12,7.769141674041748,7.9595620132159235,7.769141674041748,7.845310551917293,14087086
2007-10-15,7.845310211181641,7.8833942773624175,7.769141336614244,7.807226145000863,6468799
2007-10-16,7.959561347961426,8.035729477265019,7.769141024702446,7.8072258315600545,11677762
2007-10-17,7.921477317810059,7.997645447445385,7.845309930380546,7.997645447445385,7585589
2007-10-18,8.149984359741211,8.1880684369562,7.845312484227349,7.959563973666262,25281553
2007-10-19,8.149984359741211,8.1880684369562,8.03573212809624,8.149984359741211,12272429
2007-10-22,7.883393287658691,7.9595606682521325,7.845309226259096,7.845309226259096,13440308
2007-10-23,7.807226657867432,7.959562190391811,7.8072266578674325,7.883394795232567,8691140
2007-10-24,7.807226657867432,7.921478121709244,7.7691418469789735,7.8072266578674325,9450312
2007-10-25,8.340401649475098,8.340401649475098,7.845310269835247,7.845310269835247,55794547
2007-10-26,8.30231761932373,8.492738694689994,8.188066161633335,8.416569819219978,35099701
2007-10-29,8.149984359741211,8.378488080825093,8.111900282526221,8.340404003610104,25393947
2007-10-30,8.073814392089844,8.226150666738045,8.073814392089844,8.188066598075993,12180470
2007-10-31,8.226152420043945,8.416572061733973,8.073816112927084,8.111900189706299,29676168
2007-11-01,7.883393287658691,8.37848460144193,7.883393287658691,8.37848460144193,22956013
2007-11-02,7.997647285461426,8.188067653312075,7.769142844040647,7.769142844040647,26664002
2007-11-05,7.807226657867432,8.073814396439515,7.8072266578674325,7.997646259074378,12818052
2007-11-06,7.692974090576172,7.883395185624708,7.692974090576172,7.807227044487664,18170062
2007-11-07,7.616805076599121,7.8072261498265485,7.616805076599121,7.769141341416389,15557407
2007-11-08,7.083629608154297,7.4873206022951715,7.083629608154297,7.464470308703408,32508503
2007-11-09,6.908443450927734,7.098863812684796,6.778958198697703,7.068397000127243,16423864
2007-11-12,6.702789783477783,6.999845090506401,6.702789783477783,6.778957925106547,21812657
2007-11-13,6.78657341003418,6.809424442811526,6.718022538319603,6.718022538319603,13135822
2007-11-14,6.938910961151123,6.984611550797085,6.900826146838211,6.969377773513112,13547593
2007-11-15,6.8627424240112305,6.938910563864137,6.855125906908307,6.938910563864137,8096472
2007-11-16,6.748490333557129,6.8018081808381,6.7104062629572825,6.8018081808381,10465947
2007-11-19,6.900825023651123,7.045544770985163,6.763723277028092,6.763723277028092,15439904
2007-11-20,6.8932085037231445,6.8932085037231445,6.718022691283989,6.8398914052442,12155948
2007-11-21,6.710406303405762,6.954143762949221,6.710406303405762,6.87797636349634,14816626
2007-11-22,6.817041873931885,6.885592754847514,6.634238040411703,6.702789663533252,11930138
2007-11-23,6.550451755523682,6.83989124318149,6.550451755523682,6.817040952631088,28988519
2007-11-26,6.6037702560424805,6.664705359884798,6.596153739165137,6.6266212910862965,9055910
2007-11-27,6.512368679046631,6.542835486864171,6.360032413341385,6.519985937655401,15994722
2007-11-28,6.382883548736572,6.580920423456597,6.382883548736572,6.580920423456597,8779012
2007-11-29,6.679939270019531,6.718023339582994,6.512369215499109,6.596153871656366,12494153
2007-11-30,7.015079498291016,7.144565499148574,6.855126683364973,6.893210015399079,35522712
2007-12-03,6.832274913787842,7.0531620514194975,6.801807364084105,7.015077985392746,23257434
2007-12-04,6.817041873931885,6.908443048486057,6.817041873931885,6.8398921675704285,12421607
2007-12-05,7.289282321929932,7.289282321929931,6.938909948754126,6.938909948754126,53717297
2007-12-06,7.030311584472656,7.38830198240866,7.0150785505992985,7.312133844218272,33641641
2007-12-07,7.037928581237793,7.2740495039429325,7.037928581237793,7.2740495039429325,11369188
2007-12-10,6.8932085037231445,7.015077959889193,6.8932085037231445,6.931292569611441,7735789
2007-12-11,6.908443450927734,7.007461890600213,6.900826191133874,7.007461890600213,4535618
2007-12-12,6.7713398933410645,6.855125284900445,6.740873085487893,6.740873085487893,8220106
2007-12-13,6.428584575653076,6.817041789303673,6.398117023042636,6.778957719643579,12223385
2007-12-14,6.5428361892700195,6.565686483137729,6.360033096122416,6.436201237152066,13304413
2007-12-17,6.169613361358643,6.580920127096246,6.169613361358643,6.48190243640127,13418851
2007-12-18,6.23816442489624,6.4285847792267425,5.941108746361249,6.093445400928618,16171488
2007-12-19,6.253397464752197,6.382883454247337,6.245780947454926,6.306715312450894,8863818
2007-12-20,6.131528854370117,6.405733840112136,6.131528854370117,6.253396829781631,12993796
2007-12-21,6.207696437835693,6.230546730318524,6.062977423973844,6.131529043628218,7926859
2007-12-24,6.2914814949035645,6.306715271605379,6.245780907004053,6.306715271605379,5399010
2007-12-25,6.245780944824219,6.306715309794521,6.2153137623390675,6.2914815330004625,4850322
2007-12-26,6.261013984680176,6.3067145674773375,6.192463110484432,6.245780209679173,3468895
2007-12-27,6.367650032043457,6.405734100623438,6.261014343137153,6.261014343137153,8645161
2007-12-28,6.702789783477783,6.740873854292165,6.344799369381409,6.367650405634784,19175480
2007-12-31,6.84751033782959,6.84751033782959,6.61138862627145,6.778958705588771,8373371
2008-01-02,6.596153259277344,6.999844210730688,6.596153259277344,6.778957073093044,17677571
2008-01-03,6.69517183303833,6.801807517195989,6.588536891086527,6.596153407580992,19588273
2008-01-04,6.778957366943359,6.809424917968612,6.634237612882215,6.687555456073472,11412103
2008-01-07,6.44381856918335,6.603770628059553,6.382883461908311,6.550452780296862,10147156
2008-01-08,6.390500545501709,6.497136238091603,6.382883286199051,6.398117062598452,9365506
2008-01-09,6.649471282958984,6.672321574762668,6.238163803875104,6.245780320407713,16535237
2008-01-10,6.611388206481934,6.763724497605824,6.573304133700961,6.763724497605824,9113129
2008-01-11,6.611388206481934,6.725640424824851,6.611388206481934,6.725640424824851,7373062
2008-01-14,6.8018083572387695,6.8246586517501,6.6875561424761685,6.725640214063702,14529510
2008-01-15,7.076012134552002,7.15979678046516,6.855125003414666,6.885591810016806,20178854
2008-01-16,6.885592937469482,7.0074616682445665,6.885592937469482,6.9312935259586546,10660083
2008-01-17,7.197882652282715,7.312134121697994,6.984611263491719,6.984611263491719,18957844
2008-01-18,7.22073221206665,7.312133378306532,7.030311136517959,7.098862753403722,17660201
2008-01-21,7.31974983215332,7.4568530647522255,7.205498375330642,7.235965183081407,22356237
2008-01-22,6.809425354003906,7.076013102619149,6.809425354003906,6.832275647633108,15984505
2008-01-23,6.649471282958984,6.976994111360739,6.588536924080542,6.976994111360739,10243202
2008-01-24,6.908443450927734,6.976995078042662,6.824658788637013,6.969377818248802,14396681
2008-01-25,7.015079498291016,7.091247646771227,6.984611942016532,7.068397350668363,8090342
2008-01-28,6.702789783477783,6.999845090506401,6.664705712663402,6.923676948877637,7008292
2008-01-29,6.725639343261719,6.817041251678729,6.66470498505233,6.778957185022129,5429663
2008-01-30,6.679939270019531,6.900825685958167,6.672322010783293,6.771340443207117,8190475
2008-01-31,6.657087802886963,6.801807554727203,6.61900373579278,6.801807554727203,4607142
2008-02-01,6.710406303405762,6.786574445064576,6.702789786122254,6.73325659746222,5409228
2008-02-12,6.3981170654296875,6.687555848322732,6.3981170654296875,6.641854519104305,8236454
2008-02-13,6.344799041748047,6.626621299662892,6.344799041748047,6.626621299662892,7386345
2008-02-14,6.657087802886963,6.6647050616293155,6.398116591970034,6.398116591970034,7472173
2008-02-15,6.558069705963135,6.588537258049668,6.489518827077281,6.489518827077281,5453164
2008-02-18,6.504753112792969,6.558070219813157,6.474285558319185,6.504753112792969,7686744
2008-02-19,6.565685749053955,6.580919523997841,6.519985908633984,6.53521968357787,6971508
2008-02-20,6.405734062194824,6.664705281661573,6.398116803200991,6.611387437528279,9413528
2008-02-21,6.519986152648926,6.5276026693030005,6.436200758424748,6.474284826106864,7406780
2008-02-22,6.321948528289795,6.382882887878911,6.093444865382075,6.382882887878911,17583568
2008-02-25,6.3981170654296875,6.3981170654296875,6.23816426867998,6.32194892560489,16136748
2008-02-26,6.47428560256958,6.504753157251603,6.367650645594421,6.420967752979021,7220819
2008-02-27,6.702789783477783,6.702789783477783,6.4742853585914935,6.550452758014324,16382994
2008-02-29,6.626621723175049,6.6723223118308,6.565686615359459,6.626621723175049,9075324
2008-03-03,6.459052085876465,6.519986448491556,6.4057342402610455,6.474285119875809,8478613
2008-03-04,6.641854286193848,6.641854286193848,6.459051944554145,6.459051944554145,10690736
2008-03-05,6.558069705963135,6.687555689022056,6.5199863791638135,6.687555689022056,5892523
2008-03-06,6.756107330322266,6.756107330322265,6.588537277756901,6.619004087728667,11115790
2008-03-07,6.740872859954834,6.76372315063166,6.634237180521882,6.634237180521882,8266085
2008-03-10,6.558069705963135,6.778957603075759,6.550452446838553,6.778957603075759,6821308
2008-03-11,6.565685749053955,6.565685749053955,6.489518358746212,6.497135617321076,4249524
2008-03-12,6.68755578994751,6.778957705380607,6.672322013674342,6.778957705380607,7667331
2008-03-13,6.619004726409912,6.847509905379539,6.619004726409912,6.687556354321398,14372158
2008-03-14,6.47428560256958,6.687556258725859,6.47428560256958,6.6647059638173225,7502826
2008-03-17,6.207696437835693,6.299098349972899,6.146762448249125,6.245780506042372,11123965
2008-03-18,6.3981170654296875,6.474285205254484,6.207696715867695,6.207696715867695,6881593
2008-03-19,6.489518642425537,6.550452260453014,6.451434574503957,6.550452260453014,7033836
2008-03-20,6.5428361892700195,6.588537519211365,6.459052273225702,6.588537519211365,6706871
2008-03-21,6.702789783477783,6.702789783477783,6.550452758014324,6.550452758014324,9227567
2008-03-24,6.8627424240112305,7.159797724114015,6.778957767055401,7.159797724114015,16656827
2008-03-25,6.969377040863037,6.9846108165455725,6.862742095497051,6.893208904656242,10715258
2008-03-26,6.969377040863037,7.015078367910643,6.862742095497051,6.93129297275964,8183322
2008-03-27,6.817041873931885,6.9312933421246,6.778957803799007,6.877976237703306,4797190
2008-03-28,6.756107330322266,6.877976054621131,6.756107330322265,6.786574140294031,7884967
2008-03-31,6.8398919105529785,6.855125686474885,6.756107256291327,6.756107256291327,6128551
2008-04-01,6.824657917022705,6.9465266361003195,6.824657917022705,6.931292860664151,7253515
2008-04-02,7.007461071014404,7.0683961734145235,6.893208867322994,6.931292935220131,13706989
2008-04-03,7.015079498291016,7.136948238976953,7.007462238119395,7.015079498291016,14177001
2008-04-07,7.015079498291016,7.083630386599606,6.992228459982153,7.045546312359501,6800873
2008-04-08,6.8932085037231445,7.037928250981003,6.8932085037231445,7.015077959889193,9886606
2008-04-09,6.78657341003418,6.961759960690305,6.78657341003418,6.8932083467699075,11656305
2008-04-10,6.969377040863037,6.969377040863037,6.855125578758724,6.855125578758724,7920729
2008-04-11,6.8779754638671875,7.007460693985946,6.870358947579908,6.992226919205552,8046406
2008-04-14,6.809425354003906,6.862742458403404,6.778957801027692,6.862742458403404,4658230
2008-04-15,6.824657917022705,6.870359243331211,6.809424883792404,6.809424883792404,4559119
2008-04-16,6.908443450927734,6.916059968515632,6.824658788637013,6.855126343400528,6423842
2008-04-17,6.992227554321289,7.121713538407313,6.99222755432129,7.030311623628596,16347232
2008-04-18,7.007461071014404,7.030311363311511,6.954143227517237,6.9922272954143745,5763781
2008-04-21,7.197882652282715,7.312134121697994,7.022695334032122,7.045545627915177,21645088
2008-04-22,7.175030708312988,7.289282163271649,7.121712867861725,7.228348548764252,8932277
2008-04-23,7.2131147384643555,7.274049094877099,7.09124602563887,7.205498222239949,10465947
2008-04-24,7.091246604919434,7.274049689090759,7.091246604919434,7.235965620445997,11567411
2008-04-25,7.114096641540527,7.3883016290284225,7.1140966415405265,7.152180708814171,18872015
2008-04-28,7.197882652282715,7.22834946339148,7.121713768995982,7.144564805084966,8395850
2008-04-29,6.969377040863037,7.235965517586823,6.969377040863037,7.235965517586823,6903050
2008-04-30,6.8627424240112305,7.053162773643496,6.8627424240112305,7.037928997231732,6316556
2008-05-02,7.007461071014404,7.045545138911541,6.96176048642019,6.96176048642019,10793934
2008-05-05,6.855125904083252,7.030311735025642,6.855125904083252,7.007461441520371,6956182
2008-05-06,6.961760997772217,6.976994774491191,6.870359821870233,6.870359821870233,16358471
2008-05-07,6.969377040863037,7.098863020855767,6.969377040863037,7.053162436014041,6286925
2008-05-08,6.916058540344238,7.015077701775147,6.893208250093186,6.954142604831262,6105051
2008-05-09,6.855125904083252,6.969377371609612,6.855125904083252,6.969377371609612,5206918
2008-05-12,6.855125904083252,6.931293301698854,6.847509386983466,6.855125904083252,3758054
2008-05-13,6.946527004241943,6.976994556728954,6.862742348211523,6.893209158492627,7012379
2008-05-14,6.984610080718994,7.022694144810247,6.9465260166277405,6.9465260166277405,5011761
2008-05-15,7.037928581237793,7.053162356749128,6.984610738051058,7.03031132237919,5250854
2008-05-16,7.076012134552002,7.121712715558122,7.037928069644963,7.083628650651082,7408824
2008-05-19,7.068396091461182,7.121713192134296,7.037928540614373,7.083629124678719,3781555
2008-05-20,7.045544624328613,7.106479722278237,6.976993752444018,7.076012173303425,8080124
2008-05-21,6.9541425704956055,7.022694183116102,6.946526054518131,7.007460408955347,6220510
2008-05-22,6.908443450927734,6.938911005691249,6.862742860988425,6.900826191133874,7105359
2008-05-23,6.824657917022705,6.931292860664151,6.824657917022705,6.9084425686128315,6151030
2008-05-26,6.778957366943359,6.839891726787993,6.740873299264729,6.8322752101346165,4018605
2008-05-27,6.634237289428711,6.839891393307784,6.626620773146678,6.740872970612181,5999809
2008-05-28,6.47428560256958,6.702790036066871,6.47428560256958,6.6342384091353,7539610
2008-05-29,6.382883548736572,6.580920423456597,6.382883548736572,6.5504528694046185,8505179
2008-05-30,6.093445301055908,6.459052226936921,6.093445301055908,6.398117120785151,15483840
2008-06-02,6.245780944824219,6.283865015706399,6.1924638393539135,6.23054716803016,4560141
2008-06-03,6.207696437835693,6.291481091008034,6.177229999696821,6.245780506042372,5013805
2008-06-04,6.3981170654296875,6.451434911748228,6.230547009373951,6.276248338592378,5929307
2008-06-05,6.3981170654296875,6.436201135342086,6.261014562186236,6.436201135342086,6716067
2008-06-06,6.352416515350342,6.443818432112695,6.329566221711234,6.436201172762379,3262498
2008-06-09,6.215313911437988,6.245781094654015,6.192463987904688,6.245781094654015,3883732
2008-06-10,6.222930431365967,6.230546948391532,6.101061705721467,6.215313543237447,9625034
2008-06-11,6.161996364593506,6.222930355570626,6.161996364593506,6.222930355570626,4655165
2008-06-12,5.826857089996338,6.093445206447531,5.826857089996338,6.085828318296821,11384515
2008-06-13,5.880173683166504,5.933491527853859,5.811623175847901,5.864940278329364,8226237
2008-06-16,5.872557163238525,5.94110841272729,5.864940275272453,5.94110841272729,7010335
2008-06-17,5.773538589477539,5.903023817844621,5.7202207495703625,5.864939752511756,6773285
2008-06-18,5.8116230964660645,5.895407378580331,5.697370891784845,5.720221184279913,14047237
2008-06-19,5.6364359855651855,5.720221007292977,5.6364359855651855,5.720221007292977,6943920
2008-06-20,5.59835147857666,5.70498678371271,5.59835147857666,5.644052429664367,6692566
2008-06-23,5.407932281494141,5.552651299709654,5.407932281494141,5.484100791301859,7648939
2008-06-24,5.1413445472717285,5.461250136629411,5.1413445472717285,5.423166067210077,10563015
2008-06-25,5.3622307777404785,5.3622307777404785,5.103259577852097,5.148960530639482,9626056
2008-06-26,5.301297187805176,5.369848441344872,5.286063410972813,5.362231552928691,5545123
2008-06-27,5.0118584632873535,5.141344825873906,5.0118584632873535,5.027092240321765,11208771
2008-06-30,4.874755859375,5.065176213078771,4.8671389710062565,5.03470903070676,6645565
2008-07-01,4.897605895996094,5.019474990182556,4.889989008027638,4.889989008027638,6790655
2008-07-02,4.981391429901123,5.095644018884004,4.9052232846478585,4.912840173393782,5511405
2008-07-03,5.133727550506592,5.1413444384498295,4.912839655667414,4.996624680837142,7994296
2008-07-04,5.027091979980469,5.3165303887181965,5.011858203734979,5.3165303887181965,5715758
2008-07-07,5.103259563446045,5.118493338033141,4.989007367351563,4.996624254645112,3886797
2008-07-08,4.752886772155762,5.103259899717112,4.752886772155762,5.103259899717112,11226141
2008-07-09,4.798588275909424,4.935690416372342,4.760504203685232,4.760504203685232,7165644
2008-07-10,4.859521865844727,4.874755641902606,4.7909713579960655,4.798587874922057,5661604
2008-07-11,4.973773956298828,4.973773956298828,4.859521751853625,4.859521751853625,6518866
2008-07-14,4.958541393280029,5.011858875075233,4.912840429524853,4.966158282423059,5584972
2008-07-15,4.615784168243408,4.943306624754619,4.615784168243408,4.943306624754619,8828057
2008-07-16,4.2958784103393555,4.72241968174873,4.2958784103393555,4.608167475956302,13718228
2008-07-17,4.50153112411499,4.509148010933428,4.379662790534443,4.425363740342177,9100868
2008-07-18,4.189242362976074,4.509148289163755,4.189242362976074,4.509148289163755,15847588
2008-07-21,4.189242362976074,4.265410864757422,4.113074974503465,4.113074974503465,13878645
2008-07-22,4.212093353271484,4.32634555819774,4.151158621315716,4.2044764653891455,6179640
2008-07-23,4.402514934539795,4.41013145282194,4.250178260145632,4.326346411791206,12728137
2008-07-24,4.410130023956299,4.4405975716255695,4.349195670823549,4.417746910873617,12692375
2008-07-25,4.234943866729736,4.3187288956001915,4.227327349553026,4.311112378423482,6128551
2008-07-28,4.234943866729736,4.234943866729736,4.234943866729736,4.234943866729736,0
2008-07-29,3.945505142211914,4.151158511893563,3.9455051422119145,4.151158511893563,14965804
2008-07-30,3.8769538402557373,4.021673219739595,3.8769538402557373,3.99882292812217,14114673
2008-07-31,4.006439685821533,4.097841591534175,3.922654667435431,3.922654667435431,14409964
2008-08-01,3.998823642730713,4.021673938431594,3.9302720134220848,3.968356458095208,9497313
2008-08-04,4.120692253112793,4.189242760806865,3.960739089277569,4.0064400462451975,9584163
2008-08-05,4.097841739654541,4.196859422964065,4.097841739654541,4.15115846845584,14498857
2008-08-06,4.326344966888428,4.341578740571007,4.189242117053881,4.212092777577752,10887937
2008-08-07,4.394896984100342,4.463448229810517,4.326345367287241,4.326345367287241,11670609
2008-08-08,4.471064567565918,4.486297598579366,4.341578608511293,4.3948964436756395,11649152
2008-08-11,4.570083141326904,4.760503473229609,4.570083141326904,4.760503473229609,9866171
2008-08-12,4.577699661254883,4.64625127767512,4.562466257352659,4.570083144855232,6573019
2008-08-13,4.463449001312256,4.570083960979428,4.394897743753079,4.570083960979428,10269768
2008-08-14,4.516765594482422,4.5396158873595995,4.417747534980334,4.4558316038442625,4952499
2008-08-15,4.60816764831543,4.722419858381229,4.570083578293497,4.5777000954155165,13693706
2008-08-18,4.478681564331055,4.669101910296641,4.463448530418528,4.5776999957919795,7001139
2008-08-19,4.410130023956299,4.455830974357309,4.364429073555288,4.387279734307241,5878219
2008-08-20,4.3339619636535645,4.3872798017920225,4.303494786618546,4.311111673653025,7970795
2008-08-21,4.250177383422852,4.349196182798397,4.23494360779494,4.349196182798397,5336683
2008-08-22,4.174009323120117,4.303495304994768,4.151158659264208,4.265411236337864,7010335
2008-08-25,4.288261890411377,4.288261890411377,4.189243080898529,4.189243080898529,4558097
2008-08-26,4.219709873199463,4.2425601637510155,4.189242324326846,4.189242324326846,2481869
2008-08-27,4.341578960418701,4.356812734872685,4.166392038609528,4.2197098780955615,7478304
2008-08-28,4.288261890411377,4.333962850870924,4.265411595733092,4.273028113223869,6508648
2008-08-29,4.356812477111816,4.356812477111816,4.311111527556568,4.311111527556568,5406163
2008-09-01,4.052140712738037,4.37204627527039,4.052140712738037,4.37204627527039,7515088
2008-09-02,3.8921873569488525,4.090224955178544,3.770319007761114,4.059757404002938,12869141
2008-09-03,3.6256000995635986,3.937889232106656,3.6256000995635986,3.8921882657750055,10989091
2008-09-04,3.3742451667785645,3.6560670665556527,3.374245166778565,3.5798985542529946,15108851
2008-09-05,3.1381237506866455,3.2066750012706056,3.1381237506866455,3.1381237506866455,14486596
2008-09-08,3.3513948917388916,3.3513948917388916,3.206675125761868,3.206675125761868,11267012
2008-09-09,3.3894786834716797,3.496113256545386,3.3133105481144187,3.3590115035493624,13723337
2008-09-10,3.5646653175354004,3.6103662786406945,3.3970959927229467,3.4504127292206745,17059403
2008-09-11,3.359011650085449,3.6789172387770526,3.359011650085449,3.640833169437014,14421203
2008-09-12,3.488496780395508,3.5341973652581262,3.3133105865839036,3.397095610670271,10982961
2008-09-15,3.2447588443756104,3.473262873356085,3.2447588443756104,3.473262873356085,6728328
2008-09-16,3.023871898651123,3.0467223758464397,3.023871898651123,3.023871898651123,6785547
2008-09-17,2.8182175159454346,3.1838243974551887,2.8182175159454346,3.061955869905339,16042745
2008-09-18,2.627798557281494,2.6658826346808304,2.627798557281494,2.627798557281494,14438573
2008-09-19,2.810600757598877,2.810600757598877,2.7268164773749297,2.810600757598877,16903072
2008-09-22,3.00102162361145,3.00102162361145,2.970554256781522,3.00102162361145,15199789
2008-09-23,3.1990580558776855,3.1990580558776855,2.8639186970490433,2.8943858777513793,19815105
2008-09-24,3.229525566101074,3.343777770590984,3.0771896645508012,3.1228898783614722,14915738
2008-09-25,3.381862163543701,3.450412676394676,3.1533573615156523,3.199058321921262,21881116
2008-09-26,3.145740270614624,3.450412454483616,3.145740270614624,3.450412454483616,12759812
2008-09-29,3.145740270614624,3.145740270614624,3.145740270614624,3.145740270614624,0
2008-09-30,2.9324700832366943,3.0010215170052517,2.9324700832366943,2.9324700832366943,13438264
2008-10-01,3.130506753921509,3.130506753921509,3.0162551065346648,3.0619560623717534,10313704
2008-10-02,3.0391054153442383,3.2447587774103472,3.008638051297692,3.1990578241162573,10042936
2008-10-03,3.2447588443756104,3.2447588443756104,3.031488590508533,3.0391054780652316,11714545
2008-10-06,3.023871898651123,3.1685907216479645,3.023871898651123,3.1457400589011844,11873941
2008-10-07,3.0543391704559326,3.115272974100705,2.8943858252404424,2.8943858252404424,6860136
2008-10-08,2.8410680294036865,3.02387184364064,2.8410680294036865,2.9705540026377086,9565772
2008-10-09,2.7801339626312256,2.9400871419305066,2.68111589331717,2.8486854047101287,9339961
2008-10-13,2.7039661407470703,2.780133722797409,2.6887325501164123,2.780133722797409,8805578
2008-10-14,2.8867688179016113,2.8867688179016113,2.8867688179016113,2.8867688179016113,4370092
2008-10-15,3.00102162361145,3.008638326155325,2.8943859324824404,2.985787847420748,6925529
2008-10-16,2.9020025730133057,2.9477035265837954,2.9020025730133057,2.9020025730133057,7201405
2008-10-17,2.8410680294036865,2.940086638414396,2.810600665180374,2.810600665180374,6699718
2008-10-20,2.8258347511291504,2.85630193315476,2.7420504644374257,2.749667167168088,6073376
2008-10-21,2.833451509475708,3.001021756111605,2.78775054998878,3.001021756111605,6878527
2008-10-22,2.73443341255188,2.8182176942307215,2.73443341255188,2.742050300378298,5687148
2008-10-23,2.643031358718872,2.673498722834774,2.643031358718872,2.643031358718872,7847161
2008-10-24,2.5516295433044434,2.597330498339261,2.5516295433044434,2.5592464309940683,8086255
2008-10-27,2.376443386077881,2.4221435995417715,2.376443386077881,2.376443386077881,12471674
2008-10-28,2.3612096309661865,2.4754612699473886,2.2164900718302576,2.2164900718302576,10436316
2008-10-29,2.3002750873565674,2.5211622200543906,2.2469572476688784,2.5211622200543906,11710458
2008-10-30,2.4602279663085938,2.4602279663085938,2.391677452233104,2.391677452233104,4724645
2008-10-31,2.627798557281494,2.627798557281494,2.5516302169313057,2.5973311840311157,14485574
2008-11-03,2.7953672409057617,2.8029841287992183,2.6277979338673747,2.658265114338258,12058880
2008-11-04,2.688732147216797,2.8029837814992042,2.6125640199256286,2.8029837814992042,8396871
2008-11-05,2.8029842376708984,2.8715356747202225,2.726816654638181,2.787750461292285,10071546
2008-11-06,2.6125643253326416,2.6658819835589678,2.6125643253326416,2.627797915461382,10196201
2008-11-07,2.650648593902588,2.734433624274647,2.437377388212865,2.437377388212865,8499048
2008-11-10,2.7420506477355957,2.802984459205622,2.650648724445851,2.665882316476978,5616647
2008-11-11,2.55924654006958,2.67349893252608,2.551629652055322,2.597330609037922,7504870
2008-11-12,2.41452693939209,2.6125643555631237,2.3916772033647256,2.604947467634882,7133969
2008-11-13,2.2621912956237793,2.3002753654032957,2.24695751927079,2.2545744074472847,8963952
2008-11-14,2.17840576171875,2.3535926795822686,2.132704996040461,2.3535926795822686,8187409
2008-11-17,2.0260703563690186,2.1098546340806,2.0260703563690186,2.0336870582833093,7669374
2008-11-18,1.8889673948287964,1.9042009833986344,1.8889673948287964,1.8889673948287964,4744058
2008-11-19,1.8280333280563354,1.8508838096000642,1.7594818834251489,1.7594818834251489,20095069
2008-11-20,1.7061644792556763,1.8127992373456552,1.7061644792556763,1.7137813669737607,11732937529
2008-11-21,1.8204163312911987,1.820416331291199,1.6071460487448623,1.6071460487448623,11794243
2008-11-24,1.6985478401184082,1.9042012184174912,1.6985478401184082,1.820416192615354,16269578
2008-11-25,1.5842955112457275,1.7518648273478403,1.5842955112457275,1.7366312362884226,50707175
2008-11-26,1.5385944843292236,1.5462112795213747,1.477659937240543,1.477659937240543,54260876
2008-11-27,1.6452299356460571,1.6452299356460571,1.5462112302034474,1.5462112302034474,37686812
2008-11-28,1.7594815492630005,1.7594815492630005,1.6147627262114947,1.6604634950679267,42017056
2008-12-01,1.858500361442566,1.8813508411218909,1.75948173986648,1.75948173986648,35038395
2008-12-02,1.7290140390396118,1.7747149896034173,1.7290140390396118,1.7290140390396118,23336110
2008-12-03,1.614762783050537,1.7747152013511185,1.614762783050537,1.736631133187815,33695794
2008-12-04,1.614762783050537,1.6680804413688677,1.614762783050537,1.6376130755073428,18820927397
2008-12-05,1.6909310817718506,1.7061646733898912,1.6147629381301596,1.6909310817718506,17738877
2008-12-08,1.805182695388794,1.8051826953887942,1.744247959339102,1.7518648477331844,18153714
2008-12-09,1.7442479133605957,1.8508836058608902,1.706164585702964,1.8432667176675896,19648557755
2008-12-10,1.866117000579834,1.8661170005798338,1.7442477300520465,1.7442477300520465,25424600
2008-12-11,1.995603322982788,1.995603322982788,1.8661173279014749,1.8661173279014749,37239279
2008-12-12,1.866117000579834,2.0108365621831563,1.8585001131870162,1.972752496321986,31800419
2008-12-15,1.995603322982788,1.995603322982788,1.934668769806551,1.934668769806551,19711907
2008-12-16,2.1327052116394043,2.1327052116394043,1.9727526083712268,1.995603086296092,34398769
2008-12-17,2.2088732719421387,2.2774247033659947,2.1707892052238176,2.2469573386604598,51863813
2008-12-18,2.330742597579956,2.330742597579956,2.0565376079295454,2.0565376079295454,69134722
2008-12-19,2.4906952381134033,2.4906952381134033,2.4906952381134033,2.4906952381134033,49526013673
2008-12-22,2.3688268661499023,2.6582652847271206,2.3535930893865387,2.6582652847271206,59455534
2008-12-23,2.2088732719421387,2.307892068071529,2.2088732719421387,2.285041590930244,12800682
2008-12-24,2.224107027053833,2.2393408033161433,2.0565377147861423,2.0565377147861423,28001493
2008-12-25,2.307892084121704,2.34597615110488,2.2317237646038883,2.3002751965044834,15406185
2008-12-26,2.2469570636749268,2.323125373341455,2.224106589330112,2.323125373341455,14191306
2008-12-29,2.2469570636749268,2.3078917856287258,2.216489888249468,2.2469570636749268,14487618326
2008-12-30,2.376443386077881,2.3992938639127637,2.269807884698917,2.269807884698917,18031102
2008-12-31,2.353593111038208,2.4373773995956105,2.2850418571783715,2.3992940706457553,14825822
2009-01-02,2.353593111038208,2.353593111038208,2.353593111038208,2.353593111038208,0
2009-01-05,2.3916773796081543,2.4983121484982367,2.36121001120151,2.4983121484982367,21217990137
2009-01-06,2.475461721420288,2.528779385330633,2.4602279441160557,2.528779385330633,27182037
2009-01-07,2.513545513153076,2.544012878810946,2.4830781474952057,2.513545513153076,17102317
2009-01-08,2.3383593559265137,2.4754614829416988,2.3383593559265137,2.4449941168198586,13629334
2009-01-09,2.4069108963012695,2.4526111125105605,2.323125867723877,2.323125867723877,11999618
2009-01-12,2.2545742988586426,2.399293868381463,2.2469574110490056,2.399293868381463,10855240
2009-01-13,2.3231256008148193,2.3231256008148193,2.1784058539433317,2.246957283690122,14002279
2009-01-14,2.3916773796081543,2.4373774116849485,2.353593122711978,2.353593122711978,15161983
2009-01-15,2.2545742988586426,2.3078921424231638,2.2545742988586426,2.2850416645457217,7259646
2009-01-16,2.285041570663452,2.330742524540686,2.2774246831667595,2.285041570663452,5522644
2009-01-19,2.330742597579956,2.429760468176765,2.3155088221091846,2.414526878257461,7903359034
2009-01-20,2.2317240238189697,2.315509055134186,2.2088735438646845,2.2850418722294634,7991230
2009-01-21,2.3002750873565674,2.3078919746123674,2.140321753844955,2.140321753844955,10271812
2009-02-02,2.399294137954712,2.399294137954712,2.1707895190580713,2.1707895190580713,17829814
2009-02-03,2.4906952381134033,2.4983121265359767,2.399294061454393,2.399294061454393,29944892
2009-02-04,2.399294137954712,2.4906953175280044,2.3688269543959546,2.4906953175280044,16507649
2009-02-05,2.3612096309661865,2.4297603174725784,2.3535927437032327,2.36882651822914,9350179
2009-02-06,2.513545513153076,2.521162400955411,2.3764433882257396,2.3764433882257396,37074774
2009-02-09,2.429760694503784,2.528779316529836,2.3992940684816766,2.528779316529836,17577438
2009-02-10,2.5744800567626953,2.5973305345991067,2.444994077540188,2.444994077540188,23608922
2009-02-11,2.749666929244995,2.749666929244995,2.5059285663729014,2.5516295210083855,53214588
2009-02-12,2.62018084526062,2.9400865868021486,2.5973303688821336,2.9400865868021486,36126576
2009-02-13,2.726816415786743,2.7648997400885533,2.665881872264196,2.665881872264196,18716707
2009-02-16,2.650648593902588,2.7572833617657713,2.6201812257893464,2.7268167358584656,17116621
2009-02-17,2.4678444862365723,2.6430314162238018,2.4678444862365723,2.635414528641239,20063394
2009-02-18,2.4830782413482666,2.498312017528728,2.361209887419334,2.3764434780483197,13986953
2009-02-19,2.521162509918213,2.5668634676044455,2.4526110733888635,2.498312031075096,13532267
2009-02-20,2.4906952381134033,2.6049476366945865,2.47546164681974,2.4983121265359767,11067767
2009-02-23,2.513545513153076,2.551629581061812,2.4678445574420054,2.4678445574420054,9187718
2009-02-24,2.4602279663085938,2.513545816251383,2.4602279663085938,2.5059289275305585,6487191
2009-02-25,2.452611207962036,2.566863608446573,2.452611207962036,2.5516298313476433,17500805
2009-02-26,2.49831223487854,2.5363963075400053,2.460227976665583,2.4906953461256505,11224098
2009-02-27,2.521162509918213,2.5897139464475623,2.47546155223198,2.536396100629798,17891120
2009-03-02,2.4830782413482666,2.528779198786699,2.4602277626290503,2.498312017528728,10791891
2009-03-03,2.650648593902588,2.650648593902588,2.5287793070011055,2.650648593902588,32350129
2009-03-04,2.7953672409057617,2.8106008311412034,2.620181045973918,2.650648411996273,28659510
2009-03-05,2.8791520595550537,2.917236125194882,2.688732288010287,2.8182175174210373,43545618
2009-03-06,2.6811153888702393,2.8563015704989008,2.6811153888702393,2.8563015704989008,25156897
2009-03-09,2.49831223487854,2.643031822323003,2.49831223487854,2.604947749661538,31072921
2009-03-10,2.5516295433044434,2.604947386028886,2.521162363648876,2.5516295433044434,16471887
2009-03-11,2.4678444862365723,2.5973304618313535,2.4373771214577857,2.5516295074389057,21501019
2009-03-12,2.5516295433044434,2.574480020821852,2.498311886131467,2.5516295433044434,13357545
2009-03-13,2.5897140502929688,2.6354148242602884,2.559246682096605,2.6201812329378487,20244247
2009-03-16,2.544013023376465,2.6430316426762825,2.513545655987263,2.6049475726033897,18675836
2009-03-17,2.604947805404663,2.6582654711613576,2.559246843012356,2.5897142131243926,25493058
2009-03-18,2.650648593902588,2.6887326648805265,2.6201812257893464,2.635414817070225,20527276
2009-03-19,2.6354148387908936,2.726816758332454,2.5973307674990718,2.681115798561674,22137579
2009-03-20,2.55924654006958,2.688732523003122,2.551629652055322,2.65064845403478,17506936
2009-03-23,2.688732147216797,2.719199509464133,2.5897135446279886,2.5897135446279886,17822662
2009-03-24,2.8715357780456543,2.8715357780456543,2.703966272917578,2.742050529683005,51767768
2009-03-25,3.0619559288024902,3.0619559288024902,2.8791521134284404,2.947703544193709,62946908
2009-03-26,3.275225877761841,3.275225877761841,3.1914408605721887,3.1914408605721887,39636341
2009-03-27,3.503730297088623,3.503730297088623,3.503730297088623,3.503730297088623,20988092
2009-03-30,3.4732630252838135,3.732234986921979,3.2599927620878524,3.717001211142225,128081417
2009-03-31,3.237142324447632,3.4656463793783563,3.237142324447632,3.4656463793783563,48884344
2009-04-02,3.427562952041626,3.5798984894787442,3.3133107423093513,3.5798984894787442,82325719
2009-04-03,3.359011650085449,3.503730297151103,3.3133106926568123,3.465646227811064,45433841
2009-04-06,3.343777894973755,3.488496914054077,3.290460049120622,3.3894788526903037,33296284
2009-04-07,3.572282075881958,3.572282075881958,3.4732632685832496,3.564665187458524,54617473
2009-04-08,3.8160195350646973,3.8160195350646973,3.663683993275435,3.663683993275435,95769093
2009-04-09,4.082607746124268,4.082607746124268,3.8084020337386795,3.89218705067268,102296133
2009-04-10,4.364429473876953,4.364429473876953,3.92265481648896,4.189242543121435,108265290
2009-04-13,4.5472331047058105,4.638635025040593,4.379663783332315,4.417747854954645,63661122
2009-04-14,4.417747497558594,4.554849624763249,4.364429653159559,4.425364385487448,40427188
2009-04-15,4.4939141273498535,4.608166684625367,4.379662683382984,4.387279570015068,38475615
2009-04-16,4.806204319000244,4.806204319000244,4.684335235103146,4.684335235103146,52272520
2009-04-17,4.836671829223633,5.141345163289066,4.478682127553588,5.072793533238294,142063261
2009-04-20,4.676718711853027,4.973774000741325,4.50153177414326,4.905222751682261,55608585
2009-04-21,4.950923919677734,4.973774213306331,4.455831750371737,4.455831750371737,56580285
2009-04-22,5.293679714202881,5.293679714202881,5.072792572272211,5.141344189336885,70279100
2009-04-23,5.659286975860596,5.659286975860596,5.415549155309616,5.63643631164763,96516004
2009-04-24,5.263213157653809,5.773539490054994,5.263213157653809,5.6592872762349264,139877704
2009-04-27,4.897605895996094,5.263212807452534,4.897605895996094,5.225128738713199,82654728
2009-04-28,4.554849147796631,4.8442875188576995,4.554849147796631,4.79858730937896,118321509
2009-04-29,4.242560863494873,4.6081677992382994,4.242560863494873,4.493915214327637,91233474
2009-04-30,4.531999111175537,4.531999111175537,4.417747643970939,4.531999111175537,45381731
2009-05-04,4.707186222076416,4.836671470241366,4.570083714356743,4.669102150920621,73521163
2009-05-05,4.379663467407227,4.79097133703829,4.379663467407227,4.722419716180656,33133823
2009-05-06,4.684335708618164,4.684335708618164,4.189242806760968,4.189242806760968,89292119
2009-05-07,4.684335708618164,4.9128397537569946,4.577700017489637,4.730036666087111,77461092
2009-05-08,5.0118584632873535,5.0118584632873535,4.684335968077234,4.730036928077496,67272043
2009-05-11,4.806204319000244,5.04232522836616,4.760503366150968,4.989007388191518,89657911
2009-05-12,4.874755859375,5.0423259190755045,4.798588088996458,4.813821865733946,89454580
2009-05-13,4.897605895996094,5.027091878151012,4.722419699339276,4.935689964735429,43842951
2009-05-14,5.080409526824951,5.1641938068337865,4.973773841586462,5.065175751475758,83783779
2009-05-15,5.209895610809326,5.308914424509824,5.179428426248785,5.308914424509824,77418178
2009-05-18,5.095643997192383,5.270829839881982,5.027092369873875,5.141344958370394,55835417
2009-05-19,5.133727550506592,5.423165952423133,5.0956434818933465,5.331764039310166,70539650
2009-05-20,4.950923919677734,5.179427969272583,4.897606073073729,5.17181108102873,47112602
2009-05-21,4.859521865844727,5.065175987111352,4.836671201757907,4.935690003928225,59707910
2009-05-22,4.8671393394470215,4.950924375639771,4.768121267569579,4.7985884522479445,58035279
2009-05-25,4.958541393280029,5.103260802585585,4.836671909197556,4.943307614993969,51808638
2009-05-26,4.897605895996094,5.0118581022140996,4.760503768078611,5.0118581022140996,35651454
2009-05-27,5.24036169052124,5.24036169052124,4.9128392472211875,4.97377360349521,140253714
2009-06-01,5.133727550506592,5.369848107923412,5.08040970600687,5.331764039310166,71290648
2009-06-02,4.9966254234313965,5.31653105356205,4.950924460082875,5.31653105356205,40575344
2009-06-03,5.065176010131836,5.141344519664458,4.996624759765722,4.996624759765722,29035520
2009-06-04,5.164193630218506,5.324146781502914,5.110876531628569,5.148960597596146,41723809
2009-06-05,5.049942493438721,5.293679937259203,5.03470871764847,5.21751180051383,29777322
2009-06-08,4.768120288848877,5.171810495750133,4.760503401467006,5.171810495750133,26411626
2009-06-09,4.455831050872803,4.79858725700895,4.440597647879475,4.768120079919392,33652880
2009-06-10,4.50153112411499,4.592933023730459,4.425363740342177,4.53199830028585,14640883
2009-06-11,4.509148597717285,4.562466441281806,4.379663360468147,4.501531709907648,19379833
2009-06-12,4.219709873199463,4.516765134781284,4.196859211545001,4.509148247563131,30685672
2009-06-15,3.930271625518799,4.059757611318649,3.930271625518799,3.9683560664331283,18269173
2009-06-16,4.128309726715088,4.174009947959283,3.7627027613195154,3.899804909464104,40068548
2009-06-17,3.922654628753662,4.143541390221791,3.8998039669993774,4.128308729027668,19005867
2009-06-18,3.656067132949829,3.8998045954503784,3.6484502444709443,3.8160195643885864,33252348
2009-06-19,3.427562952041626,3.656067000403218,3.4047126585363543,3.656067000403218,33059234
2009-06-22,3.663684368133545,3.663684368133545,3.4808805117529444,3.526581475848095,24129001
2009-06-23,3.800786018371582,3.9150386102910515,3.5646654300029197,3.617983281491806,44776845
2009-06-24,3.861720085144043,3.975972286029783,3.7550851429742,3.816019130569161,46423932
2009-06-25,3.907421350479126,3.9988232668981536,3.8769541687071025,3.8845706858228897,19820214
2009-06-26,3.8084020614624023,3.9835889838002263,3.8084020614624023,3.95312180590323,21424386
2009-06-29,3.785552740097046,3.9302713799100673,3.785552740097046,3.8693370204609354,20947222
2009-06-30,3.8541035652160645,3.922655189169739,3.816019494620896,3.8693373418953176,15582951
2009-07-01,3.8921873569488525,3.9150380203305573,3.838869513494479,3.8921873569488525,13043863
2009-07-02,4.052140712738037,4.097841666429625,3.9226547391290243,3.9226547391290243,30571234
2009-07-03,3.9683563709259033,4.074991700359306,3.960739482158592,4.074991700359306,15361228
2009-07-06,3.8998048305511475,3.9988236445400847,3.884571052675005,3.9912067556020134,15015871
2009-07-07,3.8998048305511475,3.9607395709527227,3.8921879416130762,3.9302720152004382,11978161
2009-07-08,3.930271625518799,3.9607391782502623,3.8998044438902917,3.8998044438902917,11683892
2009-07-09,4.1435418128967285,4.181626253038791,3.998823166974581,3.998823166974581,49698692
2009-07-10,4.128309726715088,4.2654118748596765,4.120692837622888,4.189243355040682,29438096
2009-07-13,3.861720085144043,4.151158474510484,3.846486309918106,4.135925070387476,23649792
2009-07-14,3.922654628753662,3.9759720973078374,3.9074208542508058,3.9455049194050353,11063680
2009-07-15,3.998823642730713,4.052141494170092,3.945505791291334,3.945505791291334,14893259
2009-07-16,4.2730278968811035,4.2730278968811035,4.1968597570059,4.26541137977595,19472814
2009-07-17,4.2730278968811035,4.45583172946396,4.2730278968811035,4.387280477796868,63892041
2009-07-20,4.570083141326904,4.570083141326904,4.425364134404357,4.440597909397742,40645846
2009-07-21,4.768120288848877,4.889988631444232,4.722419335660566,4.889988631444232,72947952
2009-07-22,5.095643997192383,5.095643997192383,4.76812112243877,5.027092369873875,84313054
2009-07-23,4.836671829223633,5.126111385254895,4.829055311309545,5.126111385254895,56728441
2009-07-24,4.874755859375,5.057559324710026,4.874755859375,4.912839930115754,36256340
2009-07-27,5.209895610809326,5.209895610809326,5.027092503446081,5.042326281277848,88625928
2009-07-28,5.331763744354248,5.4383994274545495,5.255595611341418,5.255595611341418,68430725
2009-07-29,5.270829677581787,5.461250405143867,5.179428129143197,5.407932556894128,54819782
2009-07-30,5.118493556976318,5.255595678610151,5.027091647749859,5.240361903371431,34842216
2009-07-31,5.217512130737305,5.331764343086541,5.187044577228469,5.1946614656056775,45709718
2009-08-03,5.209895610809326,5.362231904715022,5.1413450949783455,5.3317647201544816,26651741
2009-08-04,5.004241466522217,5.38508177376952,4.989007690947032,5.331763930359311,31951640
2009-08-05,4.920456886291504,5.2175121968394365,4.83667148418367,5.07279317135381,36001920
2009-08-06,4.8823723793029785,5.011858368333333,4.8062049799858695,4.966157780301882,18090364
2009-08-07,4.8823723793029785,4.8823723793029785,4.8823723793029785,4.8823723793029785,0
2009-08-10,5.080409526824951,5.080409526824951,4.882371931697167,4.882371931697167,26952140
2009-08-11,5.263213157653809,5.293680340451899,5.103260355188091,5.194661532479391,36597610
2009-08-12,5.065176010131836,5.217511915888228,5.027091940917001,5.2022781397611135,20177832
2009-08-13,5.1794281005859375,5.240362465875697,5.141344771710034,5.21751217166778,16434082
2009-08-14,5.1794281005859375,5.232745577438735,5.02709218736154,5.1794281005859375,18899603
2009-08-17,5.065176010131836,5.164194070546278,5.0575591220682785,5.065176010131836,10599799
2009-08-18,4.790971279144287,5.049942499042388,4.768120615433554,5.027091835331654,18575703
2009-08-19,4.752886772155762,4.889988896959184,4.745270255463249,4.889988896959184,17876815
2009-08-20,4.829054355621338,4.950923442467357,4.730036302407266,4.806204435298162,46756006
2009-08-21,4.775737285614014,4.981390651914395,4.737653218935299,4.928072810123022,27345520
2009-08-24,4.836671829223633,4.91284034829149,4.813822275481368,4.8519056072578035,13224715
2009-08-25,4.691952228546143,4.867138414374228,4.691952228546143,4.867138414374228,12683179
2009-08-26,4.364429473876953,4.760503547775004,4.364429473876953,4.760503547775004,29458531
2009-08-27,4.082607746124268,4.364429232395659,4.0597570845406805,4.364429232395659,36761092
2009-08-28,4.356812477111816,4.356812477111816,4.067373748433388,4.097841295538812,31352885
2009-08-31,4.212093353271484,4.364429626506492,4.13592521665398,4.364429626506492,21836158
2009-09-01,4.50153112411499,4.50153112411499,4.2044758781219445,4.227326538577256,23904212
2009-09-02,4.455831050872803,4.5472322110385734,4.379662922597459,4.379662922597459,21860680
2009-09-03,4.577699661254883,4.6843353440850635,4.455831316728325,4.455831316728325,21448909
2009-09-04,4.646251201629639,4.684335267416258,4.5776995863313905,4.638634314251732,15619734
2009-09-07,4.85190486907959,4.8747555326543015,4.699569338532488,4.760503699192505,25225355
2009-09-08,4.897605895996094,4.989007809411677,4.874755603193671,4.950923740672342,27396608
2009-09-09,4.722419261932373,4.950923282100601,4.722419261932373,4.935689507574693,22595330
2009-09-10,4.745270252227783,4.9128395569958165,4.7224195888570115,4.9128395569958165,22938643
2009-09-11,4.790971279144287,4.829054605353347,4.7224196591150305,4.745270322825763,11384515
2009-09-14,4.669101238250732,4.783353800488121,4.608166884753496,4.783353800488121,13956300
2009-09-15,4.821438312530518,4.867139274489633,4.684336168859151,4.699569946546519,13297261
2009-09-16,4.790971279144287,4.87475556167187,4.730036547018607,4.8671386737682925,19031411
2009-09-17,4.798588275909424,4.889989455482716,4.79097175834697,4.8366716059276555,23284000
2009-09-18,5.133727550506592,5.133727550506592,4.86713869911093,4.874755587054168,62721098
2009-09-21,5.232745170593262,5.407932106610747,5.133727484126215,5.209894878161952,68121130
2009-09-22,5.255597114562988,5.385083126161945,5.255597114562988,5.362232457060524,45804742
2009-09-23,4.973773956298828,5.293679906083632,4.9585405517012315,5.255595837935231,33839863
2009-09-24,5.049942493438721,5.103259966498715,4.973773985590406,4.973773985590406,17841053
2009-09-25,4.96615743637085,5.088026528588268,4.96615743637085,4.9737739531133,14808452
2009-09-28,4.981391429901123,5.1032605365269434,4.981391429901123,5.0347092800196025,17334258
2009-09-29,5.049942493438721,5.133727518079218,4.989007761380658,5.133727518079218,16290013
2009-09-30,4.96615743637085,5.080409640742879,4.9280729971439,5.049942460464258,26946009
2009-10-01,4.653868675231934,4.920456798216114,4.62340112188246,4.912839909878746,45002656
2009-10-02,4.600550174713135,4.615783949224735,4.417747107191401,4.440597768958801,14709341
2009-10-05,4.684335708618164,4.752886959270109,4.61578445796622,4.61578445796622,11090246
2009-10-06,4.722419261932373,4.798587392356086,4.707185487406465,4.76050332714423,13205302
2009-10-07,4.6995697021484375,4.859522132929645,4.684335925253293,4.859522132929645,14284286
2009-10-08,4.577699661254883,4.752886589402378,4.577699661254883,4.707185635489861,17041011
2009-10-09,4.6995697021484375,4.7452706617309035,4.623401188775681,4.623401188775681,10575276
2009-10-12,4.920456886291504,4.950924069083371,4.707186235645463,4.722420012592882,22518698
2009-10-13,4.859521865844727,4.928073115899285,4.7528869178513675,4.760503805880307,16708937
2009-10-14,4.85190486907959,4.9204564887007844,4.85190486907959,4.889988937267836,12595307
2009-10-15,4.844288349151611,4.950924045060178,4.836671460714861,4.928073379749927,12840531
2009-10-16,4.821438312530518,4.912840236448748,4.7833549816210645,4.851905496802265,9556576
2009-10-19,4.783354759216309,4.813821942071467,4.72242002240302,4.798588165092402,7744985
2009-10-20,4.737653732299805,4.8366714257468395,4.730036843918123,4.8366714257468395,13543506
2009-10-21,4.691952228546143,4.783354136311926,4.691952228546143,4.737653182429034,13006057
2009-10-22,4.646251201629639,4.730036220580785,4.608167135843019,4.691952154794166,12790465
2009-10-23,4.889988899230957,4.912839562627925,4.691952414177803,4.722419594270822,25775065
2009-10-26,4.836671829223633,4.889989681240234,4.798588497447198,4.882372792223149,12413433
2009-10-27,4.752886772155762,4.821437649006004,4.730036479872348,4.806204615620978,8585898
2009-10-28,4.798588275909424,4.935690416372342,4.760504203685232,4.889989455482716,22638244
2009-10-29,4.653868675231934,4.7833546636583035,4.615784604648056,4.730036816399689,20294313
2009-10-30,4.684335708618164,4.760503847365425,4.684335708618164,4.722419777991795,11511214
2009-11-02,4.585316181182861,4.64625090521579,4.570082778501799,4.608166841858794,11737024
2009-11-03,4.60816764831543,4.6767189001343175,4.592933871865473,4.60816764831543,10318813
2009-11-04,4.928073406219482,4.928073406219482,4.684335943758066,4.745270680476391,26565912
2009-11-05,5.171811580657959,5.270830024084957,5.027092545558805,5.027092545558805,72185715
2009-11-06,5.171811580657959,5.331764764819491,5.065176619354265,5.331764764819491,34710408
2009-11-09,5.103259563446045,5.324146697238546,5.09564304725541,5.232744791921796,18839319
2009-11-10,5.202277660369873,5.2936795665039496,5.156577449508668,5.232744838713593,22307192
2009-11-11,5.522183895111084,5.560267962923208,5.217511723717023,5.308913634907298,54731910
2009-11-12,5.461249351501465,5.636435526100902,5.331763385649894,5.4917165284362754,61647222
2009-11-13,5.476484298706055,5.545034812064362,5.461250521423783,5.461250521423783,24577556
2009-11-16,5.506950855255127,5.545034180816456,5.4536330119398695,5.491717079707072,26618022
2009-11-17,5.255597114562988,5.56026936265465,5.255597114562988,5.56026936265465,34581666
2009-11-18,5.133727550506592,5.255595902083676,5.088026593950109,5.103259998733639,43447528
2009-11-19,5.286062717437744,5.407931802798434,5.110876533467928,5.126110308301609,30050134
2009-11-20,5.263213157653809,5.400316036899672,5.255596269178543,5.3165306347747245,20636605
2009-11-23,5.126111030578613,5.270829685272151,5.11087725359847,5.26321316788505,17092099
2009-11-24,5.042325973510742,5.164194333211467,5.027092196608796,5.141344781167455,23165475
2009-11-25,5.065176010131836,5.095643562386066,4.973774095575051,4.989007871702165,14455943
2009-11-26,5.027091979980469,5.09564360198222,5.027091979980469,5.072792937613985,16936791
2009-11-27,4.760503768920898,4.973774034354785,4.737653476114432,4.95092374154832,22212168
2009-11-30,4.973773956298828,4.989007731999364,4.7757374699124355,4.7985877623603,16422842
2009-12-01,4.874755859375,4.981391183228518,4.874755859375,4.943307112487765,12419564
2009-12-02,4.935689926147461,5.019474950939544,4.920456521432592,4.989007770406862,12726093
2009-12-03,4.897605895996094,5.0118581022140996,4.889989008027638,5.0118581022140996,8482700
2009-12-04,4.8823723793029785,4.98139118594471,4.8823723793029785,4.973774297571813,8026992
2009-12-07,5.080409526824951,5.080409526824951,4.935689774316411,4.966157325014798,12940664
2009-12-08,5.110877513885498,5.217512473765329,5.027092478433642,5.065176551720577,16956204
2009-12-09,5.209895610809326,5.270829979930408,5.1413450949783455,5.171811537332902,22059925
2009-12-10,5.042325973510742,5.270829658216184,4.989008125456899,5.225129069716283,20431230
2009-12-11,5.255597114562988,5.293681191962325,5.042326800670946,5.042326800670946,31497976
2009-12-14,5.24036169052124,5.316529821415225,5.217511399694211,5.270828868658252,18357045
2009-12-15,5.1413445472717285,5.255596013323825,5.1413445472717285,5.255596013323825,12579981
2009-12-16,5.156578063964844,5.217512056810242,5.133727770259949,5.141344658529234,9472791
2009-12-17,5.1413445472717285,5.255596013323825,5.1413445472717285,5.194661279591119,15258029
2009-12-18,5.103259563446045,5.141343999913785,5.072792385374766,5.103259563446045,9728232
2009-12-21,5.118493556976318,5.202277836377561,5.118493556976318,5.118493556976318,9315439
2009-12-22,5.385082244873047,5.461250387206518,5.240362477557076,5.331764396798429,42619898
2009-12-23,5.758305072784424,5.758305072784424,5.430782615798021,5.430782615798021,76641636
2009-12-24,6.154379367828369,6.154379367828369,6.002043094216571,6.002043094216571,59156157
2009-12-25,6.5809197425842285,6.5809197425842285,6.245780393716239,6.474284798846814,129389277
2009-12-28,6.969377040863037,7.037928660331506,6.6647052382417336,6.702789306345132,115576025
2009-12-29,6.961760997772217,7.0912469865746015,6.626621620984437,6.9693775150287385,79808088
2009-12-30,6.969377040863037,7.235965517586823,6.778957442551928,7.007461108966435,69265508
2009-12-31,7.4416184425354,7.44923495805448,6.931291863201541,6.999843471696299,87182173
2010-01-04,7.167414665222168,7.426385883901353,7.076012753015328,7.426385883901353,61111816
2010-01-05,7.312134265899658,7.609189576649431,7.1597979807338445,7.235966123316752,76411739
2010-01-06,7.2131147384643555,7.403535066132822,7.167414156706256,7.350217225944485,57389523
2010-01-07,7.106481552124023,7.350219037859126,7.083630513406096,7.235966813093541,45896701
2010-01-08,7.007461071014404,7.1597973426029515,6.77895740583746,7.076012690111601,49740584
2010-01-11,6.908443450927734,7.121714107654451,6.900826191133874,7.037929445363728,32628049
2010-01-12,6.984610080718994,7.114096047070415,6.877975146586966,6.877975146586966,30979941
2010-01-13,6.992227554321289,7.121713538407313,6.877976088605273,6.916059415706676,41354951
2010-01-14,7.030311584472656,7.129330757884881,6.9769944815041045,7.00746129145672,27580526
2010-01-15,7.083629608154297,7.129330937543741,6.976994657324096,7.045545538099385,36730439
2010-01-18,6.938910961151123,7.02269562290404,6.931293701406157,7.007461845620067,23990040
2010-01-19,6.725639343261719,7.0074608427558776,6.550452042876678,6.946526484546488,36001920
2010-01-20,6.778957366943359,6.923676378798632,6.588537028550207,6.7637235914307325,22536068
2010-01-21,6.489518642425537,6.8398917704217235,6.474284866815729,6.8398917704217235,27545786
2010-01-22,6.215313911437988,6.382883604677626,6.184847099324937,6.321949238245572,28919039
2010-01-25,6.352416515350342,6.459052208607407,6.215313640206813,6.245780822093277,20513993
2010-01-26,5.979192733764648,6.398117136341082,5.910641481383158,6.398117136341082,29199003
2010-01-27,6.070594787597656,6.21531381280136,5.948725685564626,6.017276939488528,19013019
2010-01-28,6.321948528289795,6.382882887878911,6.093444865382075,6.093444865382075,22850772
2010-01-29,6.017276287078857,6.238163801819071,5.880173422993156,6.169612926430615,40834873
2010-02-01,5.92587423324585,6.093444643779151,5.910640829454038,6.055360206542318,16540345
2010-02-02,5.59835147857666,6.09344431130387,5.5602674145207205,6.09344431130387,26449431
2010-02-03,5.720221042633057,5.773538885271853,5.636436020387633,5.7278379303104465,15891524
2010-02-04,5.864940166473389,5.9106411223190936,5.720221153317378,5.727838041142152,12945773
2010-02-05,5.461249351501465,5.674519590045141,5.461249351501465,5.636435526100902,31175098
2010-02-08,5.270829677581787,5.331764414310484,5.2098953119560605,5.240362494768924,8916950
2010-02-09,5.59073543548584,5.628819505290702,5.2936801363314645,5.2936801363314645,13446438
2010-02-10,5.697371006011963,5.788772920030641,5.598352203974572,5.788772920030641,17120708
2010-02-22,5.796389102935791,5.849706944891461,5.75068814855992,5.849706944891461,11082072
2010-02-23,5.92587423324585,5.948724895587949,5.811622777049956,5.842089955736501,11522453
2010-02-24,5.7659220695495605,5.903024193938866,5.720221114017834,5.903024193938866,13908277
2010-02-25,5.522183895111084,5.826856808711018,5.522183895111084,5.788772740898893,16138791
2010-02-26,5.5145673751831055,5.5983524041793356,5.453633382163152,5.529800780662353,8243607
2010-03-01,5.895407676696777,5.895407676696777,5.605969263078942,5.636436444980664,13531245
2010-03-02,5.963958740234375,6.078211318184558,5.9030243783570295,6.0553606541533425,19191828
2010-03-03,5.857323169708252,5.99442603469539,5.849707024231009,5.96395848396296,8959864
2010-03-04,5.834473609924316,5.971575361366653,5.804006059244333,5.872556934965501,10700953
2010-03-05,5.910640716552734,5.956341669261063,5.857322876542534,5.941107894657315,8152669
2010-03-08,6.222930431365967,6.314332346702296,5.910641358023242,5.971575720845492,36739635
2010-03-09,6.093445301055908,6.1467627767327855,6.0782115245179655,6.101061818221919,22666854
2010-03-10,6.1010613441467285,6.177229849814903,6.070594164541218,6.177229849814903,9002779
2010-03-11,6.108678340911865,6.238163949323358,6.108678340911865,6.177229960127116,16097921
2010-03-12,6.093445301055908,6.154379665001756,6.0782115245179655,6.131529371297804,7861466
2010-03-15,6.055360317230225,6.20007932586095,6.055360317230225,6.093444755163215,12921251
2010-03-16,6.131528854370117,6.184846325551986,6.055360349204865,6.055360349204865,10172701
2010-03-17,6.550451755523682,6.558069013844362,6.18484599340854,6.207695912856031,42270454
2010-03-18,6.641854286193848,6.893208990360217,6.474284978220194,6.558069632207021,33511877
2010-03-19,6.626621723175049,6.718023642692493,6.588537651893276,6.664705794456822,16090768
2010-03-22,6.702789783477783,6.756107631059105,6.62662164184902,6.62662164184902,18911864
2010-03-23,6.824657917022705,6.9465266361003195,6.778957332920066,6.862741984510193,37012447
2010-03-24,6.657087802886963,6.954143080898076,6.649471286350471,6.931292789082738,35250922
2010-03-25,6.710406303405762,6.839892292666932,6.5961540909175405,6.687556009349304,26140858
2010-03-26,6.710406303405762,6.839892292666932,6.695172526632812,6.740873856951661,33692729
2010-03-29,6.84751033782959,6.931294264179223,6.740874630389653,6.778958705588771,30015394
2010-03-30,6.870358467102051,6.961759624980611,6.855124693387029,6.931292077550568,29235786
2010-03-31,6.809425354003906,6.969377409408317,6.778957801027692,6.931293339291008,25323445
2010-04-01,6.809425354003906,6.923676822149914,6.794191577515799,6.85512594126231,19250069
2010-04-02,6.870358467102051,6.931292077550568,6.855124693387029,6.900824530120525,18701380
2010-04-06,7.350216388702393,7.350216388702393,7.319748842863577,7.350216388702393,63811322
2010-04-07,7.266432285308838,7.373067972272609,7.235965476323385,7.350217679982051,69760043
2010-04-08,7.083629608154297,7.373068392130437,7.045545538099385,7.228349371245326,50336274
2010-04-09,7.121712684631348,7.190264298048652,6.976993683936547,7.091245878161512,38354025
2010-04-12,7.274049758911133,7.3502178969317615,7.14456451804078,7.235965689900818,51109750
2010-04-13,7.068396091461182,7.312133529412183,7.0455450572231415,7.312133529412183,37926927
2010-04-14,7.114096641540527,7.159797225386555,7.045545023565621,7.083629090839266,27988210
2010-04-15,7.190265655517578,7.312134388816463,7.167415360799781,7.167415360799781,38350960
2010-04-16,7.068396091461182,7.2359653945010285,7.068396091461182,7.190264810436682,25232508
2010-04-19,6.702789783477783,7.0074616077869045,6.62662164184902,6.931293466158141,35567670
2010-04-20,6.931293487548828,6.976994817990685,6.801808240145072,6.862742605194946,22463522
2010-04-21,6.961760997772217,7.076013209855627,6.931293444334268,6.9693775150287385,15935460
2010-04-22,6.8932085037231445,6.946526344407926,6.855125180040686,6.931292569611441,17079838
2010-04-23,6.969377040863037,7.076012728434904,6.908442680338776,6.938910231703847,19676145
2010-04-26,7.030311584472656,7.121713498742302,7.022695067535977,7.06839639577375,18288587
2010-04-27,6.931293487548828,7.045545700344568,6.893209416616915,7.045545700344568,16732437
2010-04-28,7.091246604919434,7.144564449463279,6.512369058401397,6.512369058401397,35609562
2010-04-29,7.114096641540527,7.312133494481134,7.1140966415405265,7.144564192241788,43976803
2010-04-30,6.938910961151123,7.228349760722787,6.938910961151123,7.152181616508877,21910747
2010-05-03,6.900825023651123,6.984610413972981,6.862741699948617,6.931292573260133,13542484
2010-05-04,6.908443450927734,6.999845373012317,6.855126343400528,6.999845373012317,12642309
2010-05-05,6.664705276489258,6.809425032995042,6.596153656627385,6.626621208167302,24763517
2010-05-06,6.489518642425537,6.710405791047176,6.474284866815729,6.66470520642363,30655019
2010-05-07,6.276248455047607,6.367650372974501,6.093445361399749,6.093445361399749,26919443
2010-05-10,6.565685749053955,6.619003590254635,6.291480768887379,6.3524158686629235,37117688
2010-05-11,6.337182998657227,6.6647058667941526,6.337182998657227,6.626621795099022,30089983
2010-05-12,6.337182998657227,6.466668990861858,6.314332704081339,6.360033293233115,13978778
2010-05-13,6.4819016456604,6.512368452417704,6.405733515458411,6.512368452417704,12028227
2010-05-14,6.47428560256958,6.47428560256958,6.360033385820935,6.47428560256958,9241872
2010-05-17,6.169613361358643,6.398117037634432,6.131529291611692,6.329566157413469,15634039
2010-05-18,6.032510280609131,6.283864612769927,5.9791924363517595,6.1696131496553965,21360015
2010-05-19,5.651670455932617,5.903024809824554,5.613586384199874,5.8649407380918115,41418301
2010-05-20,5.651670455932617,5.819240519997876,5.644053567365473,5.651670455932617,22944774
2010-05-21,5.446016311645508,5.522184078699058,5.270829371223788,5.438399794712217,20431230
2010-05-24,5.545033931732178,5.59073488522051,5.4917168330178106,5.506950607881561,11323209
2010-05-25,5.8116230964660645,5.925874558941402,5.407932121700266,5.560268023505618,28270218
2010-05-26,5.979192733764648,5.979192733764648,5.636436471857197,5.811623418057629,24183154
2010-05-27,6.078210830688477,6.192463028372242,5.826856515328277,5.925874196007204,19858019
2010-05-28,6.1848464012146,6.382882884214055,6.177229884597534,6.375266367596989,25615670
2010-05-31,6.1848464012146,6.253396906282862,6.13152892938047,6.2457803896657955,9632186
2010-06-01,6.253397464752197,6.306715312450894,6.192463841962163,6.230547170654451,11363058
2010-06-02,6.108678340911865,6.261014241659815,6.101061453098733,6.261014241659815,8686031
2010-06-03,6.283864974975586,6.314332528366219,6.245780904340259,6.299098751670902,11812635
2010-06-04,6.32956600189209,6.3828831044630565,6.245780605183912,6.2838646739951125,11434581
2010-06-07,6.32956600189209,6.32956600189209,6.070594408196513,6.093445072145001,16099964
2010-06-08,6.23816442489624,6.344799377997761,6.23816442489624,6.321949083919288,10803130
2010-06-09,6.11629581451416,6.367650538700488,6.093445519989212,6.2838651358344135,11832048
2010-06-10,6.230546951293945,6.2533972445871955,6.16199644251715,6.245780727558081,6763068
2010-06-11,6.23816442489624,6.375266931573015,6.23054716539946,6.321949083919288,8458177
2010-06-14,6.253397464752197,6.329566348754574,6.245780947454926,6.2762485010558775,6783503
2010-06-15,6.352416515350342,6.352416515350342,6.261014598587989,6.261014598587989,11226141
2010-06-17,6.47428560256958,6.5352207119336265,6.413351235411495,6.436201530320032,16885702
2010-06-18,6.519986152648926,6.519986152648926,6.413350466256652,6.519986152648926,9639339
2010-06-21,6.733255863189697,6.8551253218772965,6.596153371596268,6.626620921819631,18706489
2010-06-22,6.626621723175049,6.8094255622099364,6.626621723175049,6.8094255622099364,15086373
2010-06-23,6.657087802886963,6.771340004169513,6.6113872192562875,6.626620994535132,13525114
2010-06-24,6.619004726409912,6.71802390943894,6.619004726409912,6.657088799203855,7846140
2010-06-25,6.420967102050781,6.55806959980914,6.398116809458702,6.55806959980914,12610634
2010-06-28,6.382883548736572,6.512369540148563,6.382883548736572,6.420967620198573,6209271
2010-06-29,6.30671501159668,6.497136099209914,6.299098494662746,6.420967218841081,8862797
2010-06-30,6.207696437835693,6.2229302135595415,6.09344497542154,6.09344497542154,10840935
2010-07-01,6.169613361358643,6.200079800729699,6.131529291611692,6.184846766595649,2194753
2010-07-02,6.11629581451416,6.200080104071312,6.108678925971519,6.108678925971519,7094120
2010-07-05,6.154379367828369,6.207696469827789,6.11629529942542,6.123912187326598,10453686
2010-07-06,6.253397464752197,6.283865018353148,6.123912588565958,6.146762882663705,9010953
2010-07-07,6.337182998657227,6.519986839676229,6.3295664812005805,6.474285508318504,9421703
2010-07-08,6.36003303527832,6.489519022231166,6.36003303527832,6.489519022231166,8545028
2010-07-09,6.382883548736572,6.4666689512765405,6.3600332543005615,6.4666689512765405,7863510
2010-07-12,6.32956600189209,6.459051984291352,6.32956600189209,6.398116880428716,7499761
2010-07-13,6.192463397979736,6.390500255569422,6.177229993374421,6.36003270415291,14341505
2010-07-14,6.283864974975586,6.314332528366219,6.222930610400248,6.314332528366219,11559237
2010-07-15,6.36003303527832,6.36765029463197,6.268631118475964,6.314332447980102,10402598
2010-07-16,6.30671501159668,6.443818254054681,6.30671501159668,6.4057341849732135,11905615
2010-07-19,6.230546951293945,6.276248280086353,6.177230218781286,6.230546951293945,7705136
2010-07-20,6.261013984680176,6.321948342478341,6.253396726076751,6.291480792476335,8122016
2010-07-21,6.459052085876465,6.512369189285979,6.314332325235456,6.3295661014407045,19034476
2010-07-22,6.36003303527832,6.459052211434327,6.337182741629212,6.451434952080677,10025566
2010-07-23,6.321948528289795,6.436200730846589,6.321948528289795,6.398116663327658,13822448
2010-07-26,6.30671501159668,6.37526663282568,6.291481235522913,6.37526663282568,7929924
2010-07-27,6.253397464752197,6.344799383349115,6.2381644301576555,6.337182866051845,8468395
2010-07-28,6.314332485198975,6.367650332165116,6.268631155425457,6.268631155425457,8071950
2010-07-29,6.276248455047607,6.382883407457376,6.261014678358804,6.352416596285697,8144495
2010-07-30,6.215313911437988,6.261014871813517,6.200080134278487,6.261014871813517,8158800
2010-08-02,6.30671501159668,6.360032856751913,6.2686309425152125,6.321948787670446,9288873
2010-08-03,6.321948528289795,6.360032595808726,6.283864460770864,6.360032595808726,9432942
2010-08-04,6.276248455047607,6.337182819596894,6.268631195600241,6.337182819596894,8576702
2010-08-05,6.230546951293945,6.3219488666728525,6.222930434264832,6.276248280086353,10269768
2010-08-06,6.245780944824219,6.268631238912341,6.2153137623390675,6.238164427530156,6851961
2010-08-09,6.679939270019531,6.67993927001953,6.360032937245254,6.420967300105615,58318309
2010-08-10,6.611388206481934,6.7789582751594075,6.59615442892835,6.7713410152796305,34586774
2010-08-11,6.733255863189697,6.756106896960145,6.596153371596268,6.626620921819631,31353907
2010-08-12,6.641854286193848,6.725639682386563,6.626621252527798,6.672321837937724,16441234
2010-08-13,6.794191360473633,6.839891946272119,6.626621308869359,6.718023222672226,22621896
2010-08-16,6.740872859954834,6.862741571701788,6.679938504081357,6.778956925151485,20241181
2010-08-17,6.702789783477783,6.8018082191539895,6.702789783477783,6.740873854292165,15714759
2010-08-18,6.512368679046631,6.725639302592805,6.474284612620319,6.702789011178187,27413978
2010-08-19,6.420967102050781,6.497135981034186,6.3905002926633045,6.489518722032903,13537376
2010-08-20,6.405734062194824,6.459051906328118,6.360032734849479,6.38288302741921,7914598
2010-08-23,6.352416515350342,6.443818432112695,6.352416515350342,6.405734361978874,11607260
2010-08-24,6.200080871582031,6.398118142690942,6.161997537463397,6.360034066366268,33591574
2010-08-25,6.017276287078857,6.184846330593739,6.017276287078857,6.184846330593739,25923221
2010-08-26,5.94872522354126,6.055360540374434,5.910641155307772,6.0172764721409475,19080455
2010-08-27,6.017276287078857,6.0248931747118855,5.910640973525265,5.948725040587472,8708510
2010-08-30,6.024893283843994,6.131528970432067,6.017276396072998,6.131528970432067,7284168
2010-08-31,6.146762847900391,6.146762847900391,5.720221553135008,6.0172768591375645,16781482
2010-09-01,5.971575736999512,6.093445205179595,5.941108555505968,6.093445205179595,9461551
2010-09-02,5.9563422203063965,6.06297753908915,5.948725332299854,6.06297753908915,7670396
2010-09-03,6.062977313995361,6.116295156958737,5.956341999171545,5.994426066687403,16032528
2010-09-06,6.070594787597656,6.1543798184393,6.062977899138785,6.09344545297427,9974478
2010-09-07,5.979192733764648,6.078211539296101,5.963958957189668,6.03251058067412,6989900
2010-09-08,5.963958740234375,6.0172765852042644,5.925874671285297,5.9411084473061075,6875462
2010-09-09,5.963958740234375,6.0477441372458856,5.948725335316513,6.0172765852042644,6490256
2010-09-10,6.154379367828369,6.215313357728968,6.017276498915986,6.017276498915986,15415381
2010-09-13,6.261013984680176,6.268630501077753,6.1696128190858515,6.2076961432795885,16293078
2010-09-14,6.30671501159668,6.3981169258333805,6.291481235522913,6.360032856751913,13781578
2010-09-15,6.2914814949035645,6.321949048307192,6.192463801856599,6.321949048307192,14143283
2010-09-16,6.215313911437988,6.291481683926568,6.215313911437988,6.291481683926568,7214688
2010-09-17,6.230546951293945,6.283864797115467,6.200079769868628,6.215313546132764,9332809
2010-09-20,6.253397464752197,6.32194908925137,6.230547170654451,6.230547170654451,10329031
2010-09-21,6.283864974975586,6.314332528366219,6.253397421584952,6.276248457730892,7392476
2010-09-23,6.299098491668701,6.321948784665541,6.26863093953565,6.314332267735227,6559736
2010-09-24,6.375267028808594,6.443818654295498,6.261014814467718,6.299098885914676,18191519
2010-09-27,6.321948528289795,6.489518573814267,6.3067147528410485,6.47428479836552,15100677
2010-09-28,6.230546951293945,6.3219488666728525,6.215313546132764,6.3219488666728525,9452356
2010-09-29,6.2914814949035645,6.375266895660576,6.283864977655623,6.283864977655623,9609708
2010-09-30,6.314332485198975,6.352416555573944,6.2838649320166295,6.314332485198975,9125391
2010-10-01,6.2686309814453125,6.321948826931666,6.2381641713144695,6.321948826931666,9650578
2010-10-04,6.215313911437988,6.283865166449793,6.215313911437988,6.25339761213079,8850535
2010-10-05,6.161996364593506,6.169613252629252,6.101061631410488,6.169613252629252,10093003
2010-10-06,6.11629581451416,6.19246395773462,6.093445519989212,6.19246395773462,13864341
2010-10-07,6.131528854370117,6.154379146147643,6.116295079116481,6.116295079116481,6159204
2010-10-08,6.23816442489624,6.23816442489624,6.139146360188532,6.161996654267005,11400863
2010-10-11,6.154379367828369,6.2838646066336885,6.139145963128955,6.245780538230739,6765111
2010-10-12,6.139146327972412,6.207696838745137,6.1010618862031984,6.200079950391293,6226641
2010-10-13,6.139146327972412,6.169613510284818,6.108678774557041,6.139146327972412,6496387
2010-10-14,6.207696437835693,6.2381639892833896,6.184846516455804,6.20007954997377,9832453
2010-10-15,6.11629581451416,6.207696992613953,6.108678925971519,6.207696992613953,7366931
2010-10-18,6.017276287078857,6.169612926430615,6.017276287078857,6.116295084102354,7603981
2010-10-19,6.055360317230225,6.070594092403421,6.017276250400162,6.055360317230225,5079198
2010-10-20,6.024893283843994,6.12391208266107,5.979192328320955,6.017276396072998,6302251
2010-10-21,6.024893283843994,6.093444902680022,6.017276396072998,6.055360463825042,5508339
2010-10-22,5.9944257736206055,6.062977017577102,5.9944257736206055,6.024892951923168,5709627
2010-10-25,6.078210830688477,6.078210830688477,6.032509877394387,6.0629770558894736,6052941
2010-10-26,6.070594787597656,6.116295747247913,6.0477444933240125,6.116295747247913,4849300
2010-10-27,5.979192733764648,6.101061833055611,5.963958957189668,6.093445315871081,8720771
2010-10-28,6.093445301055908,6.10867870649089,6.017276789469157,6.0782115245179655,10503753
2010-10-29,6.093445301055908,6.10867870649089,6.055360859711052,6.10867870649089,5384706
2010-11-01,6.169613361358643,6.230546982306668,6.139146179781673,6.230546982306668,11592955
2010-11-02,6.055360317230225,6.169612888823341,6.055360317230225,6.169612888823341,7015444
2010-11-03,6.017276287078857,6.131528859368408,6.00965939944583,6.093444792306201,6585281
2010-11-04,6.070594787597656,6.131529524165656,6.024893827947398,6.024893827947398,7253515
2010-11-05,6.062977313995361,6.123912044682495,6.055360426271603,6.10106138151122,8269151
2010-11-08,5.986809253692627,6.108678345485164,5.948725185701393,6.062977389675095,7997361
2010-11-09,5.971575736999512,6.0477442473878025,5.941108555505968,5.941108555505968,8205801
2010-11-10,5.941108703613281,6.00204343922238,5.925874926935266,5.971575885866348,8883232
2010-11-11,5.971575736999512,6.017276694791304,5.941108555505968,5.941108555505968,8134278
2010-11-12,5.826857089996338,5.971575738242088,5.819240201845628,5.971575738242088,13108234
2010-11-15,5.826857089996338,5.87255730559173,5.7735392440443265,5.849707383345511,5196701
2010-11-16,5.758305072784424,5.8268566903359424,5.727837893374265,5.8268566903359424,7428237
2010-11-17,5.73545503616333,5.796389397694515,5.720221260229061,5.73545503616333,6441212
2010-11-18,5.7659220695495605,5.788772732866891,5.735454889562722,5.773538957322004,3250237
2010-11-19,5.7659220695495605,5.834473688398618,5.71260422624539,5.796389249536399,6142856
2010-11-22,5.7887725830078125,5.796389099480144,5.735454741083928,5.765921920282036,3760098
2010-11-23,5.857323169708252,5.9334913043334625,5.788772664972013,5.788772664972013,6809047
2010-11-24,5.9944257736206055,6.093444566982581,5.872556689307438,5.895406980258631,16631283
2010-11-25,5.92587423324585,6.024893027855773,5.918257716901404,6.002042736616594,8370306
2010-11-26,5.92587423324585,5.9715751868271285,5.910640829454038,5.933491120693216,6228684
2010-11-29,5.963958740234375,5.97157562824478,5.887790602336219,5.9411084473061075,6786568
2010-11-30,5.979192733764648,5.99442651033963,5.941108663430159,5.963958957189668,9519792
2010-12-01,6.169613361358643,6.184846766595649,6.055360781014835,6.062977669184817,21723764
2010-12-02,6.222930431365967,6.314332346702296,6.215313543237447,6.245780724648572,18755534
2010-12-03,6.299098491668701,6.344799077662381,6.238164129608497,6.276248198671862,18981344
2010-12-06,6.169613361358643,6.398117037634432,6.169613361358643,6.367650227160419,20943135
2010-12-07,6.367650032043457,6.474284978743872,6.177230060246494,6.207696498684001,35454254
2010-12-08,6.321948528289795,6.47428479836552,6.321948528289795,6.436200730846589,18465352
2010-12-09,6.725639343261719,6.756106893469339,6.33718216024674,6.3981165184561295,74132179
2010-12-10,6.992227554321289,7.136947314571416,6.763723880683353,6.817041726154763,89466841
2010-12-13,6.855125904083252,7.106480617053074,6.839892127677766,7.068396547142315,43433223
2010-12-14,6.710406303405762,6.900825915346864,6.672322232576355,6.855126069439883,38097562
2010-12-15,6.718023300170898,6.877976094516701,6.710406040979349,6.740873593333742,25749521
2010-12-16,6.817041873931885,6.9312933421246,6.657088334050246,6.702789663533252,40562061
2010-12-17,6.748490333557129,6.916059650431713,6.74849033355713,6.855126028119072,29014063
2010-12-20,6.649471282958984,6.809424809996488,6.626620991155301,6.740873192379578,20231986
2010-12-21,6.68755578994751,6.771340446141069,6.649471720367544,6.68755578994751,13336088
2010-12-22,6.8018083572387695,6.8018083572387695,6.6037707396600265,6.710406436987499,32337868
2010-12-23,6.923676490783691,7.091246539721154,6.9084427150246706,6.9693770758548705,86594657
2010-12-24,6.817041873931885,6.9312933421246,6.809425356787678,6.923676824980392,23044907
2010-12-27,6.69517183303833,6.778957225506735,6.6647050248546105,6.778957225506735,23952235
2010-12-28,6.679939270019531,6.740873632879891,6.657088234516726,6.69517230408019,12425694
2010-12-29,6.558069705963135,6.733256274945959,6.550452446838553,6.733256274945959,23211455
2010-12-30,6.558069705963135,6.664705396060104,6.550452446838553,6.558069705963135,14981131
2010-12-31,6.558069705963135,6.664705396060104,6.550452446838553,6.588537258049668,18716707
2011-01-03,6.451435089111328,6.596154113433514,6.443818571801821,6.558070042474107,20958461
2011-01-04,6.626621723175049,6.702789865738596,6.4590524033,6.4590524033,31248665
2011-01-05,6.558069705963135,6.687555689022056,6.5199863791638135,6.687555689022056,18707511
2011-01-06,6.778957366943359,6.938910154311258,6.6113873207162115,6.657087905048219,62073298
2011-01-07,6.8932085037231445,7.083628833164623,6.86274169633601,6.999844185092707,76990058
2011-01-10,6.8932085037231445,6.9769938940008975,6.824657630447715,6.931292569611441,22703637
2011-01-11,7.030311584472656,7.0760129127104285,6.855125757281843,6.900825601107817,65792526
2011-01-12,7.060779094696045,7.190265077291846,7.045545318707263,7.08362938757627,46583327
2011-01-13,7.517787456512451,7.517787456512451,7.144564049985546,7.197881891548204,121582986
2011-01-14,7.403536796569824,7.578722648324204,7.3502189439194465,7.578722648324204,57342522
2011-01-17,7.769141674041748,7.883394619752128,7.426385805734106,7.47970364914405,117086195
2011-01-18,7.921477317810059,8.073813577080713,7.73105699372174,7.769141058539404,97762558
2011-01-19,7.769141674041748,8.035730148885593,7.731057606206913,7.997646081050759,73321919
2011-01-20,7.997647285461426,8.226151726882206,7.769142844040647,7.769142844040647,80413996
2011-01-21,8.03572940826416,8.18806566556327,7.845309828846079,7.997645343939382,64768716
2011-01-24,8.454655647277832,8.492739718501,8.18806714871566,8.18806714871566,74423382
2011-01-25,8.378485679626465,8.492738620733627,8.226150156630553,8.454654554433187,60502844
2011-01-26,8.111898422241211,8.416570227885314,8.073814353759962,8.378486159404066,70148314
2011-01-27,8.03572940826416,8.226149729888046,8.03572940826416,8.149981601238492,37292410
2011-01-28,8.226152420043945,8.302319831396327,8.073816112927084,8.073816112927084,40457841
2011-02-08,7.845310211181641,8.340401587120057,7.769141336614244,8.30231752093928,43060279
2011-02-09,7.692974090576172,7.9976466551243455,7.6168059494391285,7.8453111150561865,35251944
2011-02-10,8.073814392089844,8.188066598075993,7.807226653661383,7.845310722323433,50539605
2011-02-11,7.654890537261963,8.14998348810704,7.517788764598192,8.073815341823181,49037609
2011-02-14,7.731057167053223,7.8833941719451115,7.692973101381708,7.769141232724737,26726329
2011-02-15,7.692974090576172,7.807227044487664,7.4644704093709695,7.731058161144694,36324798
2011-02-16,8.03572940826416,8.111897536913714,7.807225764521302,7.883393893170856,74282379
2011-02-17,7.731057167053223,8.149981889439879,7.731057167053222,8.07381375809685,33166520
2011-02-18,7.883393287658691,7.997644729651728,7.807225164859502,7.883393287658691,25103765
2011-02-21,7.883393287658691,8.073812852450917,7.845309226259096,7.9595606682521325,45064983
2011-02-22,7.609188079833984,7.807225656916823,7.46446908271793,7.692972723311396,50192205
2011-02-23,7.258815288543701,7.616804909233424,7.235964997764374,7.502553455336788,34045238
2011-02-24,7.357834339141846,7.464470028170334,7.266432426003983,7.274049685052241,29043694
2011-02-25,7.4797043800354,7.601572369927175,7.4263865314154165,7.5406387460842605,43084801
2011-03-01,7.510171890258789,7.692975005402555,7.502555372121722,7.540639447219092,26055029
2011-03-02,7.525405406951904,7.654890664013733,7.487321333179369,7.502555111129581,29776301
2011-03-03,7.555871486663818,7.654889168480166,7.555871486663818,7.616805102148104,16938834
2011-03-04,7.616805076599121,7.8072261498265485,7.616805076599121,7.654889142803437,29582165
2011-03-07,7.578721046447754,7.692973245604217,7.578721046447754,7.616805112833242,15010762
2011-03-08,7.464469909667969,7.601571663889365,7.449236134019187,7.502553977686983,20760239
2011-03-09,7.365451812744141,7.578721712601843,7.365451812744141,7.510170832405991,20031719
2011-03-10,6.969377040863037,7.357834238635346,6.893208904656242,7.3121336537936195,32835468
2011-03-11,6.870358467102051,6.893208014365906,6.778956567017706,6.893208014365906,19798757
2011-03-14,7.076012134552002,7.235964910279239,6.931292391022926,7.235964910279239,31727873
2011-03-15,6.657087802886963,7.182648225669035,6.580919668698597,7.129330383296007,38175216
2011-03-16,6.664705276489258,6.81704154977708,6.626621208167302,6.740873413133169,17392498
2011-03-17,6.375267028808594,6.573303903450402,6.2838651088947035,6.481902725742456,25625888
2011-03-18,6.626621723175049,6.664705794456822,6.39811729548441,6.39811729548441,23447483
2011-03-21,6.78657341003418,6.8246574750553295,6.588536568806529,6.6418536660714835,20906351
2011-03-22,6.794191360473633,6.893209048968388,6.710405963568548,6.847509205375797,21667567
2011-03-23,6.908443450927734,6.931293745897389,6.801808493667358,6.83989256601877,19482009
2011-03-24,7.251200199127197,7.334985613321076,7.007462701633128,7.007462701633128,63698928
2011-03-25,7.136947154998779,7.441619702645159,7.121713379175283,7.342600530895377,38947671
2011-03-28,7.022695064544678,7.213115409939539,7.022695064544678,7.121713495708826,14605121
2011-03-29,7.083629608154297,7.144564714006888,7.0607793145625335,7.083629608154297,8771860
2011-03-30,7.2131147384643555,7.235965029343405,7.060778476329583,7.144563865827206,20182941
2011-03-31,7.136947154998779,7.24358210135148,7.091246569734176,7.228349067733871,11348753
2011-04-01,7.060779094696045,7.197882336389184,7.045545318707263,7.175031301303064,9879454
2011-04-06,7.190265655517578,7.235966244953171,7.121714029158234,7.129331288868135,17671440
2011-04-07,7.190265655517578,7.350218460748109,7.190265655517578,7.312134388816463,13662031
2011-04-08,7.258815288543701,7.296899353911189,7.1750306416175595,7.205498190793881,13046928
2011-04-11,7.083629608154297,7.266432699094319,7.0607793145625335,7.258816181965704,12140622
2011-04-12,7.007461071014404,7.152180825905874,7.007461071014404,7.121713274705814,10876697
2011-04-13,7.015079498291016,7.083630386599606,6.999845720153774,7.007462238119395,7707179
2011-04-14,7.015079498291016,7.083630386599606,7.015079498291016,7.037929794393879,5563515
2011-04-15,6.992227554321289,7.114097021428213,6.99222755432129,7.068396435141806,8985409
2011-04-18,6.84751033782959,7.007462414577458,6.839893077466155,6.976995599741775,7820595
2011-04-19,6.641854286193848,6.817041595412304,6.61138747665586,6.740873458258502,15426621
2011-04-20,6.8398919105529785,6.8398919105529785,6.702789411667599,6.702789411667599,10745911
2011-04-21,6.938910961151123,7.007461845620067,6.8932096292992036,7.007461845620067,12140622
2011-04-22,6.923676490783691,6.976994334837323,6.900825456042218,6.946526783319281,6978660
2011-04-25,6.8398919105529785,6.969377150374459,6.832275393694971,6.946526857594544,8562398
2011-04-26,6.946527004241943,6.954143521260742,6.817041761686913,6.817041761686913,8875058
2011-04-27,6.984610080718994,7.098862272992753,6.984610080718994,7.0607782089015005,13624226
2011-04-28,6.946527004241943,7.053162695740575,6.900825675511427,7.007461367010058,9323613
2011-04-29,6.8779754638671875,6.969376628137879,6.8018073321710535,6.946526337070207,8920016
2011-05-03,6.778957366943359,6.984610738643266,6.748489815918107,6.96937696313064,12939643
2011-05-04,6.969377040863037,6.969377040863037,6.794191218234462,6.817041510655326,13148083
2011-05-05,6.8779754638671875,6.938909820782928,6.870358947579908,6.870358947579908,5579863
2011-05-06,6.809425354003906,6.916059562802901,6.794191577515799,6.85512594126231,6048853
2011-05-09,6.908443450927734,6.946527523279147,6.83989256601877,6.893209673545977,9526945
2011-05-10,6.84751033782959,6.931294264179223,6.839893077466155,6.908443967500956,6993987
2011-05-11,6.778957366943359,6.900825344426757,6.77134010808411,6.900825344426757,7573328
2011-05-12,6.832274913787842,6.91605881995852,6.778957072909222,6.778957072909222,9349157
2011-05-13,6.8627424240112305,6.9084430110406085,6.855125906908307,6.877976200422995,7225928
2011-05-16,6.817041873931885,6.9312933421246,6.817041873931885,6.9312933421246,7921750
2011-05-17,6.763724327087402,6.8779765425499395,6.763724327087402,6.855126247898623,6693588
2011-05-18,6.78657341003418,6.839891249504953,6.763723119462655,6.763723119462655,5099633
2011-05-19,6.778957366943359,6.893208827773379,6.7637235914307325,6.801807659109363,6688479
2011-05-20,6.794191360473633,6.8094251364750935,6.718023222672226,6.786574101369955,6419754
2011-05-23,6.550451755523682,6.778956887645148,6.51998569106424,6.702788757673265,9652622
2011-05-24,6.451435089111328,6.558070042474107,6.306715322583208,6.512369454205193,6773285
2011-05-25,6.367650032043457,6.451434686037061,6.329565963463476,6.451434686037061,7870662
2011-05-26,6.4362006187438965,6.474284685599498,6.398116551888296,6.398116551888296,4114651
2011-05-27,6.619004726409912,6.679939836644998,6.43620162232257,6.43620162232257,8349870
2011-05-30,6.5428361892700195,6.657088400814494,6.519986637608237,6.61900433029967,5125177
2011-05-31,6.999844551086426,6.999844551086427,6.5580695121247246,6.626621131190279,18145540
2011-06-01,7.167414665222168,7.220732509193315,6.984610840808488,7.007461133308727,30449644
2011-06-02,7.045544624328613,7.152180303534634,6.999844043072216,7.0150778175596225,15611560
2011-06-03,7.007461071014404,7.106480241311661,6.9922272954143745,7.0607789145115705,7063467
2011-06-07,6.938910961151123,7.007461845620067,6.92367718386715,6.969377773513112,5917046
2011-06-08,7.015079498291016,7.053163572531121,6.946527867776426,6.984611942016532,11800374
2011-06-09,6.969377040863037,7.030311401387299,6.954143265180503,7.007461108966435,4211718
2011-06-10,6.870358467102051,7.045544267104553,6.8398909196720075,6.900824530120525,11023832
2011-06-13,6.679939270019531,6.862742358600611,6.6647054937529635,6.839892065303715,8769816
2011-06-14,6.702789783477783,6.809425478640425,6.687556006710844,6.702789783477783,6343122
2011-06-15,6.649471282958984,6.771340000715869,6.5809196653420745,6.740873192379578,9583142
2011-06-16,6.4819016456604,6.634237163858558,6.474284387316708,6.596153098757563,7076750
2011-06-17,6.428584575653076,6.565686335782323,6.398117023042636,6.51236923202292,5878219
2011-06-20,6.344799041748047,6.5123690931195135,6.3295660079736455,6.481902283364816,5296834
2011-06-21,6.47428560256958,6.4971366396840775,6.398117458070484,6.420967752979021,5550232
2011-06-22,6.375267028808594,6.55045286681747,6.3600332517886216,6.55045286681747,10888958
2011-06-23,6.3981170654296875,6.474285205254484,6.382883289023545,6.382883289023545,6040679
2011-06-24,6.504753112792969,6.504753112792969,6.321949270362178,6.436201486329933,10335161
2011-06-27,6.459052085876465,6.474285119875809,6.390500464055797,6.443818309671216,3936863
2011-06-28,6.47428560256958,6.672322481384848,6.459052567434529,6.47428560256958,11977139
2011-06-29,6.4362006187438965,6.542835560616067,6.4362006187438965,6.535219786333144,7162578
2011-06-30,6.47428560256958,6.504753157251603,6.436201530320032,6.47428560256958,4533575
2011-07-01,6.4362006187438965,6.527602527638511,6.4362006187438965,6.519986011149733,4530509
2011-07-04,6.512368679046631,6.687555236166493,6.4590515798144725,6.474284612620319,13525114
2011-07-05,6.451435089111328,6.5656865597836145,6.451435089111328,6.550452782958664,5490969
2011-07-06,6.44381856918335,6.550452780296862,6.420967532852242,6.436201309671002,5013805
2011-07-07,6.44381856918335,6.489519157433693,6.436201309671002,6.474285380614933,4675600
2011-07-08,6.405734062194824,6.527602784037308,6.398116803200991,6.459051906328118,5953829
2011-07-11,6.154379367828369,6.405734070846658,6.139145963128955,6.405734070846658,10572211
2011-07-12,5.750688552856445,6.123912359476492,5.727838259613506,6.093445178118255,15608495
2011-07-13,5.918257713317871,5.963958295768557,5.750688045091876,5.750688045091876,10339248
2011-07-14,5.758305072784424,5.979192216283805,5.6059688046307015,5.941108149245375,11562302
2011-07-15,5.963958740234375,5.963958740234375,5.781156025705285,5.880173714325814,8042319
2011-07-18,5.864940166473389,5.94110830251525,5.826856840658336,5.94110830251525,4288351
2011-07-19,5.864940166473389,5.933491414690477,5.750688333513535,5.872557054298163,6912246
2011-07-20,5.864940166473389,6.009659550732338,5.773538996987857,5.94110830251525,14498857
2011-07-21,5.842090606689453,5.8877908231570215,5.834474089496339,5.872557417667832,5998787
2011-07-22,5.9563422203063965,6.085828203108779,5.86494030643378,5.880173711343917,13637509
2011-07-25,5.864940166473389,5.979192370536182,5.849707133029719,5.971575482711407,3932776
2011-07-26,5.9563422203063965,6.055360651082608,5.86494030643378,5.88779059935046,8979278
2011-07-27,6.1239118576049805,6.16199592395742,5.986808996074443,6.009659287444737,12622895
2011-07-28,6.017276287078857,6.116295084102354,6.017276287078857,6.047743837610967,5462360
2011-07-29,5.864940166473389,6.085828057877139,5.864940166473389,6.070594282227591,6761024
2011-08-01,6.0020432472229,6.047744204692053,5.8954075560938906,5.956342289753747,6496387
2011-08-02,5.895407676696777,5.941108635100839,5.872557383046226,5.903024564947947,3185865
2011-08-03,5.842090606689453,5.941108670126589,5.674520548587637,5.773539354230697,6774307
2011-08-04,5.796389102935791,5.895407157061478,5.796389102935791,5.842090057311662,4230110
2011-08-05,5.392699241638184,5.4917176802192715,5.392699241638184,5.392699241638184,10126721
2011-08-08,5.01947546005249,5.331764556065868,5.01947546005249,5.18704478442691,13656922
2011-08-09,4.669101238250732,4.669101238250732,4.669101238250732,4.669101238250732,5777064
2011-08-10,4.821438312530518,4.874756163333316,4.730037130818266,4.760504315090013,26772309
2011-08-11,4.9052228927612305,4.9052228927612305,4.486298498439845,4.486298498439845,23824514
2011-08-12,4.821438312530518,5.0575596400667875,4.821438312530518,5.0270924557950405,14157587
2011-08-15,4.920456886291504,4.989008140348948,4.874755926552218,4.920456886291504,7589676
2011-08-16,4.783354759216309,5.019475333568042,4.783354759216309,5.01185844507851,9367549
2011-08-17,4.707186222076416,4.82143806444083,4.707186222076416,4.783354735490975,7521218
2011-08-18,4.524382591247559,4.707186051968647,4.49391503854158,4.707186051968647,15223289
2011-08-19,4.212093353271484,4.333962446080079,4.212093353271484,4.32634555819774,14935151
2011-08-22,4.1663923263549805,4.4025139911845566,3.9455051792373568,4.257794237185594,20839936
2011-08-23,4.455831050872803,4.455831050872803,4.219709778998657,4.219709778998657,17701071
2011-08-24,4.394896984100342,4.615784125220391,4.387280096554117,4.516765329325316,15805696
2011-08-25,4.303495407104492,4.547232858527161,4.303495407104492,4.478681607538797,13141952
2011-08-26,4.265411376953125,4.37966358669032,4.204476642431513,4.3568132931840635,6176574
2011-08-29,4.562467098236084,4.562467098236084,4.318729250952206,4.318729250952206,24559164
2011-08-30,4.669101238250732,4.790970687451,4.646250948464993,4.676718125213611,20891025
2011-08-31,4.676718711853027,4.676718711853027,4.516765549979915,4.646251531282659,10767368
2011-09-01,4.570083141326904,4.79097102321638,4.570083141326904,4.730036294345761,17446652
2011-09-02,4.631017208099365,4.64625098213552,4.493914355082678,4.570082854160549,12709745
2011-09-05,4.4939141273498535,4.524381673878193,4.455830807498072,4.4939141273498535,7571285
2011-09-06,4.410130023956299,4.577699309519915,4.341578783906231,4.471064748191944,10964569
2011-09-07,4.5472331047058105,4.5472331047058105,4.47868185000621,4.493915255993358,5436816
2011-09-08,4.5472331047058105,4.669102208117863,4.539616216160749,4.608167841963324,8235432
2011-09-09,4.684335708618164,4.745270442277745,4.631017863053901,4.661485415435167,19708841
2011-09-13,4.63863468170166,4.84428805947559,4.615784388860767,4.684335638486393,24602078
2011-09-14,4.570083141326904,4.768120360726302,4.570083141326904,4.707185631855682,16521954
2011-09-15,4.768120288848877,4.83667079087405,4.707185560896823,4.768120288848877,22479870
2011-09-16,4.798588275909424,4.8976063441481505,4.79097175834697,4.867139160589393,14756342
2011-09-19,4.783354759216309,4.912840008023503,4.783354759216309,4.798588165092402,9024236
2011-09-20,4.935689926147461,5.011858063030638,4.859521789264284,4.859521789264284,16488235
2011-09-21,4.920456886291504,4.973774363401529,4.84428837265738,4.935690292135952,11001353
2011-09-22,4.707186222076416,4.836671470241366,4.676719039372374,4.836671470241366,11754394
2011-09-23,4.570083141326904,4.6157840952041385,4.417747246907664,4.463448200784898,11328318
2011-09-26,4.417747497558594,4.417747497558594,4.41013060962974,4.41013060962974,5761737
2011-09-27,4.63863468170166,4.722419707289846,4.516765587310021,4.516765587310021,15935460
2011-09-28,4.60816764831543,4.691952676584274,4.592933871865473,4.6767189001343175,7094120
2011-09-29,4.676718711853027,4.714802780341723,4.577699911120652,4.608167462793963,6808026
2011-09-30,4.661485195159912,4.707185779366357,4.608167352115147,4.699569262733906,5246767
2011-10-03,4.37204647064209,4.5853167314929975,4.37204647064209,4.5853167314929975,13143996
2011-10-04,4.364429473876953,4.417747316085792,4.242560385330273,4.273027564691211,13776469
2011-10-05,4.311112403869629,4.440598392079433,4.280644850571113,4.432981503754804,12916142
2011-10-06,4.387280464172363,4.486298526158492,4.387280464172363,4.417747645807239,11730893
2011-10-07,4.432981491088867,4.432981491088867,4.402514308980366,4.402514308980366,5352009
2011-10-11,4.516765594482422,4.562466551339726,4.493914930502296,4.55484966334635,7922772
2011-10-12,4.539615631103516,4.5929334729444635,4.478681272802084,4.51676533951621,8257911
2011-10-13,4.524382591247559,4.592933842630098,4.501531926718075,4.57008354920357,5714736
2011-10-14,4.4939141273498535,4.6157835712574515,4.478680725188565,4.539615076039483,12782291
2011-10-17,4.531999111175537,4.600550733704209,4.51676570591591,4.547232887538121,6304295
2011-10-18,4.509148597717285,4.52438237333656,4.455831496358641,4.493914822098011,3824469
2011-10-19,4.531999111175537,4.585316957341625,4.493915041372033,4.562466663900706,4260763
2011-10-20,4.379663467407227,4.509148707818031,4.379663467407227,4.49391493182679,5717801
2011-10-21,4.455831050872803,4.463447937920917,4.387279809645574,4.463447937920917,6382971
2011-10-24,4.531999111175537,4.570083552081997,4.5091488177346175,4.531999111175537,19294004
2011-10-25,4.531999111175537,4.585316957341625,4.531999111175537,4.554849775719413,13039776
2011-10-26,4.471064567565918,4.501531000695693,4.440597392230383,4.45583079434671,5806695
2011-10-27,4.486298561096191,4.539616036596702,4.4558317503270075,4.4634486385707834,5980395
2011-10-28,4.440598011016846,4.592933537819225,4.425364235674849,4.570083245909161,9784430
2011-10-31,4.318728923797607,4.448214912088553,4.303495518241767,4.417747729873908,8057645
2011-11-01,4.356812477111816,4.410129942340533,4.250176804448607,4.265410578001319,5990613
2011-11-02,4.417747497558594,4.417747497558594,4.234943671677869,4.250177447535577,5905806
2011-11-03,4.2730278968811035,4.42536454773447,4.2730278968811035,4.42536454773447,7592742
2011-11-04,4.394896984100342,4.4558313422642915,4.356812917472142,4.402513871646567,8614508
2011-11-07,4.288261890411377,4.402514477111732,4.288261890411377,4.394897588517979,6583237
2011-11-08,4.257794380187988,4.333962518070707,4.257794380187988,4.288261561120486,6377862
2011-11-09,4.2730278968811035,4.372046701380644,4.2730278968811035,4.2730278968811035,5113938
2011-11-10,3.975972890853882,4.189243178739124,3.9759728908538814,4.189243178739124,13956300
2011-11-11,3.8312528133392334,4.006439739798179,3.8007852636226036,3.9455050114678376,13859232
2011-11-14,3.9150383472442627,3.9835896009076723,3.8845707935245533,3.8845707935245533,9028323
2011-11-15,3.861720085144043,3.9531219942938063,3.846486309918106,3.9378882190678697,5893545
2011-11-16,3.8084020614624023,4.036906823447153,3.7931682869624486,3.884570191756349,41827007
2011-11-17,3.5418143272399902,3.907421240411448,3.5418143272399902,3.884570576398889,52416589
2011-11-18,3.298076629638672,3.4504121515439694,3.298076629638672,3.4504121515439694,44404923
2011-11-21,3.069573163986206,3.2295257783505953,3.069573163986206,3.160974154268976,28411221
2011-11-22,3.107656478881836,3.1533572521509643,2.8943860180744223,2.993404824036238,49895892
2011-11-23,2.9705543518066406,3.2142919953826588,2.9705543518066406,3.0848067491343474,30965636
2011-11-24,3.0543391704559326,3.107656271839042,2.970554146717356,2.985787736792151,17441543
2011-11-25,3.023871898651123,3.1305066548395915,3.0086381234866026,3.0771895550725525,13323826
2011-11-28,3.0543391704559326,3.160973929876559,3.0543391704559326,3.160973929876559,14526445
2011-11-29,3.0848066806793213,3.1533571897973287,3.0848066806793213,3.1076564174318753,24750234
2011-11-30,2.8715357780456543,3.176207976654217,2.8715357780456543,3.0848067995055093,187177290
2011-12-01,3.023871898651123,3.0391054882641795,2.917236214705336,3.0314886006819193,64000349
2011-12-02,3.0391054153442383,3.1076561030795364,2.9934044620501483,3.023871826096695,23193063
2011-12-05,3.1381237506866455,3.1533571557592186,3.046722578045301,3.0543392805815874,25501232
2011-12-06,3.0314886569976807,3.1914410725790043,3.0314886569976807,3.138123600718563,26724286
2011-12-07,3.023871898651123,3.1000392900620146,3.016255011068863,3.0771895550725525,12923294
2011-12-08,2.8715357780456543,3.046722728291568,2.863918889582272,3.031488951364803,27053295
2011-12-09,2.673499345779419,2.7877508281388503,2.673499345779419,2.7877508281388503,39489207
2011-12-12,2.7420506477355957,2.802984459205622,2.7192001669131596,2.734433758944286,16527063
2011-12-13,2.7039661407470703,2.7420503956509297,2.6811156620253453,2.6811156620253453,10047023
2011-12-14,2.8867688179016113,2.8867688179016113,2.7115826433310866,2.726816231795978,24681776
2011-12-15,2.787750244140625,2.8867690406826334,2.787750244140625,2.8867690406826334,15778108
2011-12-16,2.7572832107543945,2.825834646091138,2.7344334745147085,2.78775039164752,12049684
2011-12-19,2.7039661407470703,2.772516834706342,2.7039661407470703,2.757283244075684,12171275
2011-12-20,2.810600757598877,2.8867690778860036,2.757283100394208,2.772516690231047,22819097
2011-12-21,3.00102162361145,3.00102162361145,2.940086889951594,2.993404735516099,21355928
2011-12-22,2.9705543518066406,3.061956269668806,2.9477038723410995,3.00102171961119,11521431
2011-12-23,3.1762077808380127,3.1762077808380127,3.092423311766594,3.1152730479906077,22529937
2011-12-26,3.107656478881836,3.221908875933361,3.0924234444465712,3.2066750992921698,13697793
2011-12-27,3.2599925994873047,3.26760948699727,3.092423115334153,3.107656148148236,25657562
2011-12-28,3.320927143096924,3.4504123824936763,3.2219087132381588,3.25999278181506,48619707
2011-12-29,3.343777894973755,3.3590116712469227,3.2752262728474544,3.320927230564003,21656327
2011-12-30,3.1990580558776855,3.4351797268538893,3.1762077631266696,3.4047125461515533,28403047
2012-01-02,3.1990580558776855,3.1990580558776855,3.1990580558776855,3.1990580558776855,0
2012-01-03,3.1990580558776855,3.1990580558776855,3.1990580558776855,3.1990580558776855,0
2012-01-04,3.1990580558776855,3.1990580558776855,3.1990580558776855,3.1990580558776855,0
2012-01-05,3.1990580558776855,3.1990580558776855,3.1990580558776855,3.1990580558776855,0
2012-01-06,3.2066750526428223,3.3437779271101373,3.1609740944870506,3.2980769689543656,14939238
2012-01-09,3.145740270614624,3.206675004270784,3.122889977432909,3.199058116175895,7560045
2012-01-10,3.191441297531128,3.2219088505736995,3.176207892112802,3.199058185791771,7804247
2012-01-11,3.1838247776031494,3.221908847770266,3.1685910010951184,3.2066750712622354,7512022
2012-01-12,3.168591022491455,3.2219088695266387,3.145740357575107,3.2219088695266387,6824374
2012-01-13,3.122889995574951,3.206675022899565,3.115273107435813,3.1914412466212885,11089225
2012-01-16,3.069573163986206,3.1762079309766613,3.069573163986206,3.1685910426228188,9106999
2012-01-17,3.275225877761841,3.282842764979611,3.1000391417162207,3.1000391417162207,17708224
2012-01-18,3.21429181098938,3.343777792015438,3.21429181098938,3.30569372360812,27831880
2012-01-30,3.4351792335510254,3.435179233551025,3.4275623466935143,3.435179233551025,25461383
2012-01-31,3.671300172805786,3.6713001728057857,3.435179622323425,3.4961132396680332,51069901
2012-02-01,3.823636293411255,3.8845706564952605,3.6941510501849595,3.785552965913923,40554909
2012-02-02,3.8160195350646973,3.9074214539030034,3.7246183584323274,3.89980456548265,36672198
2012-02-03,4.082607746124268,4.082607746124268,3.7398515333995537,3.823635808127737,44382444
2012-02-06,4.181625843048096,4.425364009442114,4.1435414066400496,4.364429282292153,75363407
2012-02-07,4.174009323120117,4.303495304994768,4.113075332813195,4.181626211072087,27367998
2012-02-08,4.280643939971924,4.280643939971924,4.189242041725754,4.196858928430082,36704895
2012-02-09,4.15877628326416,4.242561323358773,4.097842653275742,4.242561323358773,43023495
2012-02-10,4.417747497558594,4.448214678171067,4.1587755345952155,4.1587755345952155,91558396
2012-02-13,4.722419261932373,4.722419261932373,4.303494915704861,4.410130224077478,74348793
2012-02-14,4.96615743637085,5.011858021237309,4.722419623038953,4.851904860895881,90294472
2012-02-15,5.217512130737305,5.232745536388756,5.0270921479248765,5.0270921479248765,72332849
2012-02-16,4.859521865844727,5.301296918287838,4.859521865844727,5.225128780204339,91487894
2012-02-17,4.691952228546143,5.080409408793416,4.638634387165615,4.935689659647105,75171315
2012-02-20,4.798588275909424,4.8976063441481505,4.7071863541301715,4.722420131461041,31975141
2012-02-21,4.684335708618164,4.889989089471045,4.684335708618164,4.836671243906782,26980749
2012-02-22,4.714802265167236,4.829054087046374,4.638634136512542,4.684335087925939,31557239
2012-02-23,4.6995697021484375,4.844288356034499,4.691952813700865,4.722419996388186,22883468
2012-02-24,4.691952228546143,4.77573724881429,4.676718453550871,4.722419407433763,21774852
2012-02-29,4.9052228927612305,5.019475101513323,4.859521935039802,4.9890079200666895,66038771
2012-03-01,4.798588275909424,4.950924193703211,4.798588275909424,4.950924193703211,30366881
2012-03-02,4.806204319000244,4.897605482492966,4.775737140801698,4.806204319000244,28779057
2012-03-05,4.783354759216309,4.851905271210215,4.699569728037394,4.714803133913488,23538420
2012-03-06,4.714802265167236,4.836670603029521,4.691951975011989,4.829054087046374,27297497
2012-03-07,4.684335708618164,4.760503847365425,4.577700017489637,4.577700017489637,17468109
2012-03-08,4.722419261932373,4.821437311939124,4.722419261932373,4.798587392356086,19432965
2012-03-09,4.745270252227783,4.836671050196182,4.730036476647269,4.798587724553708,19983696
2012-03-12,4.684335708618164,4.798587916739056,4.684335708618164,4.790971399746692,12587133
2012-03-13,4.676718711853027,4.737653444096708,4.676718711853027,4.722419668260052,10076655
2012-03-14,4.676718711853027,4.790971288422059,4.661485307119316,4.790971288422059,14658253
2012-03-15,4.531999111175537,4.699569537855092,4.531999111175537,4.676718873311216,26233838
2012-03-16,4.63863468170166,4.684335638486393,4.387280347142997,4.531998992169634,41458150
2012-03-19,4.5472331047058105,4.684335985207984,4.5472331047058105,4.669102208117863,14930042
2012-03-20,4.417747497558594,4.592933693304576,4.394897204874975,4.570083400620957,15081264
2012-03-21,4.440598011016846,4.531998807554169,4.440598011016846,4.493914740302109,12441021
2012-03-22,4.4939141273498535,4.524381673878193,4.455830807498072,4.455830807498072,9229611
2012-03-23,4.448215007781982,4.547233073782509,4.440598490391691,4.547233073782509,6865244
2012-03-26,4.402514934539795,4.486299233364499,4.402514934539795,4.448215528644727,8120995
2012-03-27,4.250177383422852,4.471065274512871,4.250177383422852,4.417747430918121,12350084
2012-03-28,4.097841739654541,4.303495107184233,4.082607964450823,4.265411040277867,19498358
2012-03-29,3.907421350479126,4.074991406879691,3.823636322278843,4.052141113326413,21684937
2012-03-30,4.151158809661865,4.151158809661865,3.8617203969270855,3.8617203969270855,15839414
2012-04-02,4.01405668258667,4.135925409989115,4.01405668258667,4.113075487479855,9098825
2012-04-03,3.7474687099456787,4.029290217977226,3.7474687099456787,3.9835892623842746,21277252
2012-04-05,3.6256000995635986,3.7093851426544533,3.5037309797135396,3.518964758858431,19439095
2012-04-06,3.8084020614624023,3.8464861266093755,3.6712999464773737,3.694150608227304,11791178
2012-04-09,3.7398521900177,3.793168925328763,3.6713005643340146,3.732235301485849,7052228
2012-04-10,3.823636293411255,3.8541034749532574,3.785552965913923,3.8084025170887754,5117003
2012-04-11,3.785552740097046,3.82363606532262,3.747468672665605,3.8084022899088703,3224693
2012-04-12,3.800786018371582,3.846486980918771,3.75508579803038,3.785553353797168,3882710
2012-04-13,3.8693370819091797,3.937888330153836,3.854103306253505,3.854103306253505,9895802
2012-04-16,3.793168783187866,3.86933729454915,3.777936120003896,3.86933729454915,5469512
2012-04-17,3.671300172805786,3.8464863637376707,3.6560667684696337,3.80840229624289,8943516
2012-04-18,3.663684368133545,3.7703197036202245,3.663684368133545,3.7703197036202245,8436720
2012-04-19,3.610366106033325,3.6865342471996447,3.5646651471129402,3.6865342471996447,7537566
2012-04-20,3.48088002204895,3.656066964583865,3.4732631339208315,3.6103660069181065,9323613
2012-04-23,3.359011650085449,3.4961134090625046,3.3056938045682145,3.4427959346482213,8297760
2012-04-24,3.587514877319336,3.587514877319336,3.374244635108712,3.374244635108712,14558120
2012-04-25,3.7703194618225098,3.7931690146471846,3.6789175394939875,3.6789175394939875,15833283
2012-04-26,3.640833616256714,3.846487022166924,3.6332167272333367,3.8007860591296567,15407207
2012-04-27,3.7093849182128906,3.7398524746591915,3.6560674366378687,3.678917732869592,10730585
2012-04-30,3.7246179580688477,3.7627020249739473,3.678917003562143,3.678917003562143,7550849
2012-05-02,3.9835898876190186,3.983589887619018,3.7322355201644077,3.7322355201644077,18811731
2012-05-03,3.9150383472442627,4.006440266197455,3.9074214588143357,3.9531224182909313,13327914
2012-05-04,3.945505142211914,4.02167327682167,3.8388694568759107,3.8388694568759107,13022406
2012-05-07,3.9150383472442627,3.975972712477745,3.823636428291071,3.8845707935245533,7876793
2012-05-08,4.029290676116943,4.082608525554907,3.9835897153276862,3.9835897153276862,11929116
2012-05-09,3.861720085144043,3.983589173642751,3.8388694223051374,3.983589173642751,12027206
2012-05-10,3.861720085144043,3.9455051066808378,3.846486309918106,3.861720085144043,4885062
2012-05-11,3.7703194618225098,3.884570936975707,3.7550856844000955,3.8617206419450674,5129264
2012-05-14,3.6256000995635986,3.808403222684151,3.6179835810941774,3.770319888130995,6630238
2012-05-15,3.656067132949829,3.671300538804628,3.4808801823473607,3.4808801823473607,6364579
2012-05-16,3.5189638137817383,3.6941507424865083,3.5189638137817383,3.656066675955418,4511096
2012-05-17,3.610366106033325,3.648450176616485,3.5265810765297805,3.5265810765297805,4274046
2012-05-18,3.503730297088623,3.610365988121192,3.4961134090001607,3.610365988121192,5563515
2012-05-21,3.5646653175354004,3.5875156125365564,3.503730579027348,3.503730579027348,2984578
2012-05-22,3.617983341217041,3.640833637316349,3.587515784947298,3.6103664521496053,2950859
2012-05-23,3.48088002204895,3.579898454405632,3.4504124695364755,3.579898454405632,5441925
2012-05-24,3.305694103240967,3.534197797720832,3.244759364129619,3.4808803184892616,5316247
2012-05-25,3.298076629638672,3.3666278742680995,3.2752259673602495,3.313310404490953,3981821
2012-05-28,3.298076629638672,3.3590113579448784,3.237141901332465,3.313310404490953,2980491
2012-05-29,3.526581048965454,3.526581048965454,3.2980769983554836,3.2980769983554836,6108116
2012-05-30,3.4732630252838135,3.541814274086822,3.4275628112533782,3.5265808694100103,5241658
2012-05-31,3.633216142654419,3.633216142654419,3.35901152185891,3.4199458820356896,5730063
2012-06-01,3.3970956802368164,3.564664989635196,3.3894787922360865,3.564664989635196,6623086
2012-06-04,3.1609737873077393,3.2676094696761426,3.1609737873077393,3.1685906747773283,11067767
2012-06-05,3.2219088077545166,3.3056938353021654,3.2219088077545166,3.2447591011298047,7071641
2012-06-06,3.237142324447632,3.282843283874964,3.2066751418637334,3.2523761012910652,5380619
2012-06-07,3.21429181098938,3.336160904113386,3.1990580351852755,3.2828430599019636,4638817
2012-06-08,3.1533570289611816,3.244758940133114,3.1457401411796977,3.2142917601101155,3498526
2012-06-11,3.21429181098938,3.2676096552008023,3.1990580351852755,3.206674923087328,6001852
2012-06-12,3.1762077808380127,3.1990580737164476,3.1685908928442186,3.1762077808380127,2365387
2012-06-13,3.1838247776031494,3.221908847770266,3.1685910010951184,3.19905818300822,2573828
2012-06-14,3.130506753921509,3.1533570462885834,3.107656276002964,3.1228898660981708,4948412
2012-06-15,3.1990580558776855,3.1990580558776855,3.138123694473013,3.138123694473013,5271290
2012-06-18,3.3133108615875244,3.343778044392349,3.2752264192027805,3.2752264192027805,9130499
2012-06-19,3.2447588443756104,3.3133104612829714,3.237141956818912,3.3133104612829714,2878314
2012-06-20,3.3285439014434814,3.3361607890829044,3.2599926548945377,3.275226059070453,6011048
2012-06-21,3.2676098346710205,3.3209273107079094,3.229525764171973,3.3209273107079094,5918067
2012-06-22,3.2599925994873047,3.2599925994873047,3.168590691573571,3.1990578705105075,2440998
2012-06-25,3.237142324447632,3.2447592128693485,3.1990582534420167,3.2447592128693485,2504348
2012-06-26,3.458028793334961,3.458028793334961,3.2828426215952904,3.3133101691356437,18705467
2012-06-27,3.3666279315948486,3.458029097853233,3.359011415141934,3.458029097853233,11035071
2012-06-28,3.3666279315948486,3.4427956938444777,3.343777640030252,3.3894785942623704,5461338
2012-06-29,3.4123289585113525,3.458029171511057,3.3970955541781174,3.419945846229437,6637391
2012-07-02,3.442795991897583,3.465646285440397,3.419946069457727,3.465646285440397,4922867
2012-07-03,3.663684368133545,3.6789177754299245,3.4504129549541735,3.4504129549541735,15214093
2012-07-04,3.5798985958099365,3.65606710899679,3.5798985958099365,3.6484502205678075,10079720
2012-07-05,3.587514877319336,3.6560664904799545,3.549430812720284,3.5798979901789445,6424863
2012-07-06,3.5418143272399902,3.610365948174718,3.5341974392358044,3.5875152841621594,3790751
2012-07-09,3.458028793334961,3.518963517312774,3.458028793334961,3.5113466304276857,3747837
2012-07-10,3.427562952041626,3.5341975313652427,3.4047126585363543,3.458029391543726,4501900
2012-07-11,3.4504120349884033,3.480879583663767,3.4123287124529202,3.427562486790602,2607546
2012-07-12,3.404712677001953,3.4961134804158,3.3970957887578996,3.4961134804158,2882401
2012-07-13,3.3513948917388916,3.4199461449841855,3.3513948917388916,3.3666282974028645,2882401
2012-07-16,3.21429181098938,3.4047125241289122,3.206674923087328,3.3590115678195422,3932776
2012-07-17,3.2828428745269775,3.31331042441475,3.199057854541447,3.199057854541447,3620116
2012-07-18,3.2066750526428223,3.3133107453739425,3.1990581644330343,3.2980769689543656,3217540
2012-07-19,3.2219088077545166,3.2676097656080483,3.206675031435688,3.23714221297039,4240328
2012-07-20,3.237142324447632,3.259992989712782,3.2066751418637334,3.221908918707167,3573115
2012-07-23,3.1381237506866455,3.221908777446131,3.12288997451112,3.2066750012706056,4649034
2012-07-24,3.0848066806793213,3.1533571897973287,3.0619562017208555,3.1381237845603223,5432729
2012-07-25,3.0924232006073,3.1457401157870293,3.0543391331102354,3.0695729085502346,3624203
2012-07-26,3.0771896839141846,3.1305067859136053,3.0771896839141846,3.122889898012427,4409941
2012-07-27,3.1762077808380127,3.1914411857226535,3.122889935984402,3.122889935984402,4582619
2012-07-30,3.1762077808380127,3.275226211448493,3.1762077808380127,3.1914411857226535,3831622
2012-07-31,3.2447588443756104,3.2447588443756104,3.183824486127874,3.237141956818912,4250546
2012-08-01,3.275225877761841,3.305693426632921,3.2066746350077286,3.2447586999936697,6334948
2012-08-02,3.275225877761841,3.275225877761841,3.275225877761841,3.275225877761841,0
2012-08-03,3.1609737873077393,3.27522598604281,3.1609737873077393,3.27522598604281,5326465
2012-08-06,3.1762077808380127,3.259992806563852,3.1685908928442186,3.2066749617102412,3162365
2012-08-07,3.1838247776031494,3.221908847770266,3.1457403363330725,3.1838247776031494,2603459
2012-08-08,3.3285439014434814,3.3742448561770875,3.23714199197627,3.23714199197627,10752042
2012-08-09,3.3970956802368164,3.4504124118301376,3.305693766433949,3.3513947233353827,7691853
2012-08-10,3.381862163543701,3.4123293467797824,3.3666283863741726,3.4123293467797824,4160630
2012-08-13,3.404712677001953,3.4123291941430476,3.359011718640591,3.389478900513846,4303677
2012-08-14,3.3742451667785645,3.458029454112892,3.3590117612004047,3.4047127201408136,5835304
2012-08-15,3.3970956802368164,3.43517974913752,3.381861904235356,3.3894787922360865,3709010
2012-08-16,3.4732630252838135,3.4732630252838135,3.3970956307968123,3.3970956307968123,6743654
2012-08-17,3.5418143272399902,3.5798983961579736,3.480879965412397,3.5037302583220074,6933703
2012-08-20,3.5418143272399902,3.5951321721663456,3.5037302583220074,3.5341974392358044,7675505
2012-08-21,3.5189638137817383,3.587515059317116,3.5113469262549355,3.5722816553664347,5086350
2012-08-22,3.4732630252838135,3.5341973861969453,3.4732630252838135,3.5265808694100103,4179022
2012-08-23,3.4732630252838135,3.4884968010635675,3.435179699143255,3.4884968010635675,2955968
2012-08-24,3.3742451667785645,3.45041256577233,3.3666282784380024,3.427563014059536,5326465
2012-08-27,3.3513948917388916,3.3894789625532735,3.3361611149719526,3.374245185786334,3483199
2012-08-28,3.3742451667785645,3.419946125718974,3.3285442078381555,3.397095831800251,4150412
2012-08-29,3.359011650085449,3.4123291244997325,3.359011650085449,3.3970957194254883,2213144
2012-08-30,3.3513948917388916,3.3894789625532735,3.3361611149719526,3.359011780122361,5117003
2012-08-31,3.3894786834716797,3.3894786834716797,3.343777728036736,3.3513946157930494,2893640
2012-09-03,3.381862163543701,3.419946235364547,3.3513949803076204,3.39709594071323,3164408
2012-09-04,3.617983341217041,3.617983341217041,3.389479266914965,3.4123295630142727,18630878
2012-09-05,3.4732630252838135,3.587515230323142,3.4656461373939362,3.579898342433265,11063680
2012-09-06,3.3970956802368164,3.5037302567323017,3.3970956802368164,3.4656461878315983,6015135
2012-09-07,3.442795991897583,3.5265810200594983,3.442795991897583,3.503730355413726,6666000
2012-09-10,3.427562952041626,3.458029391543726,3.4123291756361396,3.4123291756361396,5752541
2012-09-11,3.381862163543701,3.4427961589128877,3.381862163543701,3.4427961589128877,3754989
2012-09-12,3.320927143096924,3.4275628319946025,3.313310626263899,3.3970956513536708,8054580
2012-09-13,3.3513948917388916,3.397095850936743,3.320927338205013,3.320927338205013,5455208
2012-09-14,3.3894786834716797,3.4351796389066234,3.3590115035493624,3.42756275115031,8033123
2012-09-17,3.3742451667785645,3.427563014059536,3.351394872859842,3.427563014059536,4094215
2012-09-18,3.320927143096924,3.374244987545763,3.313310626263899,3.374244987545763,6399319
2012-09-19,3.4123289585113525,3.4351796216656054,3.3209270481002076,3.3209270481002076,6413624
2012-09-20,3.4123289585113525,3.5037301267166296,3.381861778741949,3.4275627339475214,9774212
2012-09-21,3.442795991897583,3.480880061870912,3.419946069457727,3.465646285440397,7050184
2012-09-24,3.4504120349884033,3.503729874067383,3.4427955189224697,3.465645809326085,7358757
2012-09-25,3.4123289585113525,3.473262946947226,3.404712441896202,3.4656460592291416,3787686
2012-09-26,3.3285439014434814,3.389478631455933,3.3285439014434814,3.3742448561770875,4156543
2012-09-27,3.3513948917388916,3.374245185786334,3.31331082092451,3.31331082092451,3057123
2012-09-28,3.3513948917388916,3.374245185786334,3.320927338205013,3.3513948917388916,4075824
2012-10-01,3.2676098346710205,3.343777975669116,3.252376058030216,3.3285441990283116,5474621
2012-10-02,3.21429181098938,3.30569372360812,3.1609739667779575,3.275226171999911,5447033
2012-10-03,3.275225877761841,3.298076539415151,3.214291522225499,3.214291522225499,3749880
2012-10-04,3.2676098346710205,3.351394863989518,3.244759169709814,3.351394863989518,3461742
2012-10-05,3.237142324447632,3.282843283874964,3.221908918707167,3.2676098781344987,3463786
2012-10-08,3.3285439014434814,3.4123289232712706,3.320927013804059,3.3513945643617493,7457869
2012-10-09,3.320927143096924,3.374244987545763,3.2828430745200228,3.328544031032893,6247076
2012-10-11,3.2219088077545166,3.2904600589833364,3.2219088077545166,3.2752262826645073,5746411
2012-10-12,3.1533570289611816,3.252375827914598,3.138123624501151,3.2219086478915995,4728732
2012-10-15,3.1152732372283936,3.1762079737772893,3.1076565343233953,3.1228901256848767,2321452
2012-10-16,3.145740270614624,3.160974046804402,3.138123753622687,3.138123753622687,2413410
2012-10-17,3.1838247776031494,3.221908847770266,3.1685910010951184,3.19905818300822,3724336
2012-10-18,3.2219088077545166,3.229525695913931,3.1838247380604,3.1838247380604,2082358
2012-10-19,3.1762077808380127,3.2219087376978295,3.1762077808380127,3.1990580737164476,1787068
2012-10-22,3.237142324447632,3.2447592128693485,3.1152732230090687,3.1228901114307854,3958320
2012-10-23,3.2066750526428223,3.229525717272187,3.176207870906627,3.1990581644330343,2688266
2012-10-24,3.1990580558776855,3.2066749438290056,3.1533570992727085,3.168590875175349,2063967
2012-10-25,3.122889995574951,3.214291911038704,3.122889995574951,3.1914412466212885,2846639
2012-10-26,3.00102162361145,3.1609740469961074,3.00102162361145,3.138123753813007,8347827
2012-10-29,2.9705543518066406,3.092423451921873,2.9705543518066406,3.0314889018642566,8716684
2012-10-30,3.0086381435394287,3.0848064632153074,2.9781709641102494,2.9781709641102494,2840509
2012-10-31,3.00102162361145,3.0467225810806036,2.993404735516099,3.0467225810806036,2607546
2012-11-01,2.9781711101531982,3.031488769544575,2.955320631685044,3.0010215886213523,3353435
2012-11-02,3.0162551403045654,3.069572984561937,3.008638252395949,3.0467225063875594,4353744
2012-11-05,2.9705543518066406,3.0314889018642566,2.9553207606801073,3.0086384223987155,3234910
2012-11-06,3.00102162361145,3.008638326155325,2.9172364112170173,2.970554256781522,5579863
2012-11-07,3.0086381435394287,3.0086381435394287,2.9553204867626324,2.9705540764772222,3874536
2012-11-08,3.069573163986206,3.107656492446525,2.9324702869259323,2.9324702869259323,4905497
2012-11-09,3.2599925994873047,3.2599925994873047,3.0238718699503147,3.0695728239071816,7346496
2012-11-12,3.305694103240967,3.435180099137468,3.229525957679021,3.267610030459994,15813870
2012-11-13,3.1533570289611816,3.29045989571908,3.1533570289611816,3.2828430079375965,8699314
2012-11-14,3.130506753921509,3.199058002125672,3.130506753921509,3.1609739341119214,3590485
2012-11-15,3.107656478881836,3.1381238466127366,3.0771898533568622,3.0924234444465712,2604481
2012-11-16,3.0848066806793213,3.1762078543072723,3.0848066806793213,3.1381237845603223,3209366
2012-11-19,3.0619559288024902,3.1381235048529854,3.0619559288024902,3.1381235048529854,2504348
2012-11-20,3.046722650527954,3.130506937074795,3.046722650527954,3.1228900488058238,3217540
2012-11-21,2.9705543518066406,3.077189860795339,2.9705543518066406,3.0467226785422725,5558406
2012-11-22,2.9781711101531982,3.031488769544575,2.9781711101531982,2.985787812608267,2123229
2012-11-23,3.069573163986206,3.084806755142409,3.0086384282584295,3.0238722049661146,4675600
2012-11-26,3.1381237506866455,3.1609740438469816,3.1076563838870706,3.115273086423357,4390527
2012-11-27,3.21429181098938,3.2371421035925936,3.1381236741747442,3.1381236741747442,7444586
2012-11-28,3.3285439014434814,3.3285439014434814,3.168590745427326,3.176207633066749,15833283
2012-11-29,3.275225877761841,3.381861556604804,3.275225877761841,3.3513943788366327,12660700
2012-11-30,3.3285439014434814,3.3361607890829044,3.2904598343492983,3.298076721988721,8182301
2012-12-03,3.2828428745269775,3.366627894512508,3.2752259870550344,3.3437776031996003,6205184
2012-12-04,3.320927143096924,3.320927143096924,3.2447590059431213,3.2904599624559916,5662626
2012-12-05,3.5494308471679688,3.5494308471679688,3.3209268284589,3.3285437156732147,25489993
2012-12-06,3.5646653175354004,3.7322353845538174,3.557048428834021,3.6179831673420737,36463758
2012-12-07,3.48088002204895,3.648450076455746,3.4427959525113105,3.579898454405632,16325775
2012-12-10,3.3970956802368164,3.511347144733032,3.3970956802368164,3.4656461878315983,9719036
2012-12-11,3.3513948917388916,3.427563033367655,3.290460155774101,3.397095850936743,7971817
2012-12-12,3.404712677001953,3.404712677001953,3.3513948303965373,3.3513948303965373,5014826
2012-12-13,3.640833616256714,3.640833616256714,3.5037307271449114,3.5722823572523112,11856571
2012-12-14,3.8160195350646973,3.869337382904204,3.6408333280143745,3.6713005105928205,41694178
2012-12-17,4.082607746124268,4.082607746124268,3.8541029858029443,3.9226545994507953,43002038
2012-12-18,3.930271625518799,4.082608275867247,3.9226551084388896,4.082608275867247,26586348
2012-12-19,3.884570360183716,4.044523886059769,3.869336956126183,3.960738864883091,14959674
2012-12-20,3.922654628753662,4.074990889370582,3.884570192496521,3.884570192496521,18366241
2012-12-21,3.8769538402557373,4.014056332166144,3.7322348318748055,3.9607388613578425,18012710
2012-12-24,3.930271625518799,4.090225164050113,3.823636304267546,3.88457066752456,14061541
2012-12-25,3.9378886222839355,4.006440246716996,3.884570774636659,3.9378886222839355,7586611
2012-12-26,3.9378886222839355,4.029290540792705,3.899804551422443,3.9378886222839355,8873014
2012-12-27,3.884570360183716,3.9683557524633213,3.884570360183716,3.9378882021424,6328817
2012-12-28,3.8464865684509277,3.9302715956191427,3.838869680326008,3.892187526097495,9162174
2013-01-02,3.884570360183716,3.960738864883091,3.876953843706413,3.884570360183716,10382163
2013-01-03,3.9683563709259033,3.9912066661248518,3.9226554094250203,3.9835897773575404,11585803
2013-01-04,3.907421350479126,3.9988232668981536,3.8998044622603802,3.96835608512613,7066532
2013-01-07,3.930271625518799,3.9607391782502623,3.9074213320731577,3.9226551084388896,6356405
2013-01-08,3.8693370819091797,4.036907129709841,3.8693370819091792,3.937888330153836,11386558
2013-01-09,3.7474687099456787,3.8769539467360117,3.7474687099456787,3.8084023277951156,18842384
2013-01-10,3.7398521900177,3.823636479456167,3.7398521900177,3.7703193730421303,7512022
2013-01-11,3.998823642730713,3.998823642730713,3.7779364613475517,3.8084029037770706,30495624
2013-01-14,4.2730278968811035,4.2730278968811035,4.12069235933661,4.189242868797788,52170343
2013-01-15,4.570083141326904,4.570083141326904,4.265410981385501,4.27302749777927,67857515
2013-01-16,4.631017208099365,4.768120061116052,4.631017208099365,4.64625098213552,48677947
2013-01-17,4.3339619636535645,4.707185346211171,4.311111673653025,4.661484766210093,38186456
2013-01-18,4.402514934539795,4.539616716854591,4.379664266384314,4.455832418029887,22214211
2013-01-21,4.227327346801758,4.379663627884183,4.1511588351575845,4.379663627884183,20686671
2013-01-22,4.2730278968811035,4.3339626314430415,4.227327309838348,4.227327309838348,10195179
2013-01-23,4.1663923263549805,4.326345484757088,4.15877543860194,4.27302764158874,11054484
2013-01-24,4.455831050872803,4.455831050872803,4.151158166668526,4.151158166668526,20764326
2013-01-25,4.318728923797607,4.50914890541488,4.311112406571169,4.455831800417956,20300444
2013-01-28,4.417747497558594,4.531998960976686,4.356813136333648,4.372046541088412,13622182
2013-01-29,4.463449001312256,4.562467072116633,4.432981816964065,4.432981816964065,16746742
2013-01-30,4.417747497558594,4.516765556221922,4.4025140928038295,4.478681487680595,11644043
2013-01-31,4.356812477111816,4.455830891895782,4.356812477111816,4.432980602669602,8172083
2013-02-01,4.455831050872803,4.570082872182917,4.387279809645574,4.417746986735131,19624035
2013-02-04,4.524382591247559,4.646251688762603,4.49391503854158,4.516765703071064,21273165
2013-02-05,4.478681564331055,4.539615926598862,4.463448530418528,4.486298452390268,9682253
2013-02-06,4.509148597717285,4.623400801553027,4.501531709907648,4.6081673970366905,13959365
2013-02-18,4.318728923797607,4.531999199300123,4.311112406571169,4.531999199300123,19650601
2013-02-19,4.448215007781982,4.463448784768508,4.3415796821852215,4.379663753548563,14951500
2013-02-20,4.478681564331055,4.539615926598862,4.402514168150721,4.509148745464959,16169444
2013-02-21,4.364429473876953,4.486298191320705,4.349196069747949,4.478681303704739,13199171
2013-02-22,4.318728923797607,4.387280547659263,4.303495518241767,4.341579588785814,11881093
2013-02-25,4.349196434020996,4.4482148680132045,4.349196434020996,4.417747686100445,8782077
2013-02-26,4.234943866729736,4.333962672159533,4.196859796434344,4.303495490143812,12304104
2013-02-27,4.234943866729736,4.333962672159533,4.212093572993685,4.265411419848419,15273356
2013-03-01,4.212093353271484,4.303495265653666,4.212093353271484,4.288261489888988,10992157
2013-03-04,4.417747497558594,4.49391489243536,4.219710266923105,4.250177447535577,27318954
2013-03-05,4.577699661254883,4.6843353440850635,4.440597912826101,4.486298124532772,43386222
2013-03-06,4.478681564331055,4.669101910296641,4.448214754300102,4.646251617221951,36857138
2013-03-07,4.577699661254883,4.608167211265176,4.4177472503183814,4.478681237030198,30319880
2013-03-08,4.60816764831543,4.71480297015625,4.531999137168605,4.5777000954155165,31398865
2013-03-11,4.684335708618164,4.829054726914418,4.608167569870903,4.65386852733985,32910057
2013-03-12,4.570083141326904,4.7452700693391465,4.570083141326904,4.722419406849068,17894185
2013-03-13,4.471064567565918,4.631016959750318,4.463447680956314,4.570082609079248,18979301
2013-03-14,4.455831050872803,4.554849098086688,4.455831050872803,4.471064824969032,10353553
2013-03-15,4.410130023956299,4.54723213295354,4.410130023956299,4.4939142956352125,22475783
2013-03-18,4.250177383422852,4.440598094359988,4.227327091083923,4.417747430918121,20642735
2013-03-19,4.364429473876953,4.364429473876953,4.265411048178173,4.265411048178173,9954043
2013-03-20,4.417747497558594,4.501531780364214,4.4025140928038295,4.41013060962974,16563846
2013-03-21,4.341578960418701,4.448214268287857,4.333962073191709,4.410130203255807,12921251
2013-03-22,4.3339619636535645,4.379662914757543,4.288261012549586,4.326345076619084,10098112
2013-03-25,4.364429473876953,4.448214495446729,4.364429473876953,4.417747316085792,7639743
2013-03-26,4.531999111175537,4.592933845522917,4.379663574167436,4.387280462348728,24906564
2013-03-27,4.463449001312256,4.600551145327619,4.463449001312256,4.493915443454467,15144613
2013-03-28,4.425364017486572,4.539615471403834,4.40251372670312,4.516765180620381,7579459
2013-03-29,4.63863468170166,4.722419707289846,4.440598191909009,4.440598191909009,36421866
2013-04-01,4.798588275909424,4.8976063441481505,4.66910228190598,4.684336059236848,48139477
2013-04-02,4.63863468170166,4.950923749007616,4.600550612898207,4.84428805947559,42821186
2013-04-03,4.920456886291504,4.950924069083371,4.6386349815880195,4.6386349815880195,51182296
2013-04-08,5.217512130737305,5.2479793131431745,4.760504023546291,4.935690229604301,77693033
2013-04-09,5.1794281005859375,5.2860634253945005,5.02709218736154,5.21751217166778,47959646
2013-04-10,5.217512130737305,5.263213089897592,4.958540894735928,5.179428059954225,39324703
2013-04-11,5.575501441955566,5.575501441955566,5.286063042256451,5.331763998462813,67300652
2013-04-12,5.7887725830078125,5.941108107895425,5.522183744491319,5.590734990462794,68655514
2013-04-15,5.6821370124816895,5.994426069369087,5.598351989688732,5.811622990534709,55463495
2013-04-16,5.659286975860596,5.7963894767265876,5.499334181884589,5.499334181884589,39190851
2013-04-17,5.819240093231201,5.84209038615388,5.712604403317502,5.788772912299979,34313963
2013-04-18,6.093445301055908,6.207696769575673,5.674520528395058,5.674520528395058,49754889
2013-04-19,6.382883548736572,6.451435174250551,6.131529567734504,6.131529567734504,56130708
2013-04-22,6.824657917022705,6.824657917022705,6.5123688605076495,6.5123688605076495,65868137
2013-04-23,6.626621723175049,7.296900487087126,6.413351072438308,6.992227916832941,126861429
2013-04-24,6.459052085876465,7.045545418822459,6.283864772824957,6.80942522756767,94682956
2013-04-25,6.7713398933410645,6.794190926988254,6.321948354308539,6.321948354308539,72276652
2013-04-26,6.497136116027832,6.931293168709759,6.474285080755083,6.8094251864218664,78528838
2013-04-29,6.245780944824219,6.420967522441063,6.169613545265792,6.420967522441063,59572015
2013-04-30,6.245780944824219,6.428584781941059,6.177230433662821,6.382883451558882,39967393
2013-05-02,6.344799041748047,6.4666685073845205,6.2838646800327576,6.360032817728343,31279318
2013-05-03,6.253397464752197,6.436201301946034,6.230547170654451,6.390500713750542,22633135
2013-05-06,6.23816442489624,6.352416637494541,6.2153137597148,6.2838650130531875,23118474
2013-05-07,6.550451755523682,6.641853659931105,6.253396493956832,6.268630268392373,58329548
2013-05-08,6.550451755523682,6.778956887645148,6.2610137522775124,6.5809193043947625,52370609
2013-05-09,6.32956600189209,6.550452413467625,6.2838646739951125,6.550452413467625,34869803
2013-05-10,6.299098491668701,6.451434767922162,6.26863093953565,6.428584474925323,21549042
2013-05-13,6.4362006187438965,6.474284685599498,6.299098126504903,6.299098126504903,23104169
2013-05-14,6.504753112792969,6.626621846276191,6.367650602072853,6.436201486329933,38346873
2013-05-15,6.558069705963135,6.603770291887038,6.38288313698031,6.5123691200392315,32998950
2013-05-16,6.550451755523682,6.687554983237725,6.504751916628699,6.634237143816244,39621015
2013-05-17,6.4362006187438965,6.619003694327269,6.4362006187438965,6.588536886166302,26613935
2013-05-20,6.30671501159668,6.474285063996315,6.283864718588979,6.436200994914848,27924861
2013-05-21,6.497136116027832,6.5885372882952264,6.30671502792169,6.30671502792169,37594853
2013-05-22,6.946527004241943,6.946527004241943,6.497136171602831,6.497136171602831,84241531
2013-05-23,6.649471282958984,6.931292785547512,6.588536924080542,6.931292785547512,79385077
2013-05-24,6.664705276489258,6.877975910651032,6.596153656627385,6.771340222467203,53178826
2013-05-27,7.129330635070801,7.129330635070801,6.672321813801177,6.672321813801177,91744357
2013-05-28,7.434002876281738,7.472086946953989,7.182648900491997,7.182648900491997,103279072
2013-05-29,7.4797043800354,7.6929742901034395,7.197882844283675,7.4873208974642775,97493834
2013-05-30,7.304516792297363,7.586339060037989,7.266432722121763,7.357834638984388,67404872
2013-05-31,7.235966682434082,7.5254054981726455,7.205499868370339,7.418769793434544,64809587
2013-06-03,7.472085952758789,7.578720891129268,7.182647944807846,7.182647944807846,64003414
2013-06-04,7.182648181915283,7.502553749793,7.159797148033284,7.487319974606953,58336700
2013-06-05,7.152181148529053,7.304516684783331,7.152181148529053,7.197882477390655,28188476
2013-06-06,6.976994514465332,7.213115447088676,6.969377255286767,7.129330791565787,30896156
2013-06-07,6.558069705963135,7.144564517084674,6.5199863791638135,7.00746127490117,57313913
2013-06-10,6.702789783477783,6.794191701873486,6.62662164184902,6.725640077525226,29920370
2013-06-11,6.8018083572387695,6.908443312360294,6.710406436987499,6.763724285651236,23566008
2013-06-13,6.344799041748047,6.7027894373584775,6.337182524860846,6.649471592530389,37693964
2013-06-14,6.3981170654296875,6.565686379279508,6.367650254823317,6.497136240966655,24769648
2013-06-17,6.8398919105529785,6.8398919105529785,6.413350637974932,6.413350637974932,41983337
2013-06-18,6.740872859954834,6.969376508928917,6.73325560159201,6.832274764867961,38280458
2013-06-19,7.152181148529053,7.152181148529053,6.893209178264371,6.9312932478794185,54621560
2013-06-20,6.763724327087402,6.94652742650389,6.748490549917874,6.855126247898623,41123011
2013-06-21,6.68755578994751,6.756107412073811,6.329566129660565,6.329566129660565,34016629
2013-06-24,6.756107330322266,6.954143450653497,6.702789485114299,6.702789485114299,21361037
2013-06-25,6.504753112792969,6.809425688706982,6.481902818040608,6.778958134233198,22863033
2013-06-26,6.558069705963135,6.801807896037711,6.5199863791638135,6.702789465065322,27916687
2013-06-27,6.573303699493408,6.74087375710184,6.558069922946111,6.702789686836556,20444513
2013-06-28,6.459052085876465,6.672321983926333,6.451434826670888,6.596153845105992,25686172
2013-07-01,6.725639343261719,6.778957185022129,6.4971356855279705,6.51998597708076,25731130
2013-07-02,6.664705276489258,6.81704154977708,6.657088017501336,6.7027893448112135,21395777
2013-07-03,6.710406303405762,6.771340668291627,6.634238161746948,6.718023562895203,17176906
2013-07-04,6.2686309814453125,6.710406037092707,6.245780688295705,6.710406037092707,49513752
2013-07-05,6.154379367828369,6.390500295044301,5.986809318414214,6.337182450838995,32295975
2013-07-08,5.94872522354126,6.169613116177837,5.941108335673974,6.169613116177837,24102435
2013-07-09,5.826857089996338,6.070594541995402,5.750688579592198,6.070594541995402,21758504
2013-07-10,5.5145673751831055,5.834474085688779,5.491717452515714,5.834474085688779,36450475
2013-07-11,5.819240093231201,5.849707274162423,5.484100731884811,5.484100731884811,27363911
2013-07-12,5.628818988800049,5.811622803971991,5.598351809972366,5.811622803971991,20900220
2013-07-15,5.727838516235352,5.773539475871703,5.567885343059604,5.567885343059604,11596020
2013-07-16,5.910640716552734,6.017276025470223,5.743071422528998,5.7887723752373255,20178854
2013-07-17,5.7887725830078125,6.040126904167934,5.7887725830078125,5.933491220320166,17599917
2013-07-18,5.666903972625732,5.887791147665497,5.644053677581062,5.864940852620826,14797213
2013-07-19,5.6364359855651855,5.72783789492331,5.583118143255791,5.6516697608258495,10442447
2013-07-22,5.605969429016113,5.720221642856664,5.605969429016113,5.682137571576481,13776469
2013-07-23,5.522183895111084,5.682137054142594,5.4917170861849085,5.636436098547458,19693515
2013-07-24,5.545033931732178,5.5831179977886345,5.499333720449686,5.560267706595928,11756438
2013-07-25,5.255597114562988,5.522185285255314,5.217513037163651,5.491718468659481,36127597
2013-07-26,5.377464294433594,5.461249308674457,5.2936792801927295,5.2936792801927295,21032028
2013-07-29,5.164193630218506,5.37746462229869,5.0347083996934145,5.37746462229869,15582951
2013-07-30,5.293679714202881,5.308913489351236,5.164193738750638,5.164193738750638,16297165
2013-07-31,5.049942493438721,5.293679937259203,5.027091829753344,5.293679937259203,23184889
2013-08-01,5.126111030578613,5.164194359720058,5.065176293761009,5.065176293761009,11839201
2013-08-02,5.049942493438721,5.240362093096265,5.004241537170909,5.225128688408956,14576511
2013-08-05,5.40031623840332,5.40031623840332,5.118494323126563,5.19466172630939,22819097
2013-08-06,5.46886682510376,5.590735174811753,5.4155489814217725,5.4155489814217725,34987307
2013-08-07,5.225128650665283,5.415548991153213,5.225128650665283,5.407932103313107,25338771
2013-08-08,5.110877513885498,5.225129362643314,5.027092478433642,5.225129362643314,14587751
2013-08-09,5.126111030578613,5.194661542577374,5.11087725359847,5.141344807558757,7446629
2013-08-12,5.278445720672607,5.346997334901138,5.148960492783332,5.171810412354656,12316365
2013-08-13,5.270829677581787,5.35461507974736,5.225129088913977,5.316530637352567,11283360
2013-08-14,5.415548801422119,5.529800259506254,5.385081622232041,5.522183743035929,21165880
2013-08-15,5.339380741119385,5.423165763368317,5.2708291231229385,5.293679786156065,11081050
2013-08-16,5.324146747589111,5.400315250142006,5.293679569229703,5.331763634954693,8483722
2013-08-19,5.324146747589111,5.392698362776425,5.308913343960866,5.324146747589111,5922155
2013-08-20,5.164193630218506,5.385081509712789,5.148960597596146,5.293679602949436,10568124
2013-08-22,5.187044143676758,5.255595762238883,5.011857952261437,5.011857952261437,7222862
2013-08-23,5.324146747589111,5.3393805223202735,5.247978616139133,5.255595503504715,8780034
2013-08-26,5.263213157653809,5.362231594523346,5.255596269178543,5.354615077151051,8155735
2013-08-27,5.1946611404418945,5.293679940941521,5.179427735743989,5.263212760442768,6622064
2013-08-28,5.133727550506592,5.187044281697479,5.103259998733639,5.133727550506592,9210197
2013-08-29,5.209895610809326,5.217512499725209,5.148961612791236,5.179428426248785,5935437
2013-08-30,5.247978687286377,5.2784458660588305,5.232744912348689,5.232744912348689,6545432
2013-09-02,5.346998691558838,5.400316544797247,5.263213652656912,5.263213652656912,8652313
2013-09-03,5.339380741119385,5.4079319880128995,5.3012966738337735,5.4079319880128995,8909798
2013-09-04,5.286062717437744,5.3926983990676725,5.278445830020903,5.369847736817151,7488522
2013-09-05,5.651670455932617,5.651670455932617,5.5831188299312995,5.651670455932617,59810087
2013-09-06,5.750688552856445,5.925874752890569,5.674520413909376,5.697371078255269,58168109
2013-09-09,5.560268402099609,5.758305644585167,5.552651513714979,5.750688756200536,27479371
2013-09-10,5.522183895111084,5.674520166359582,5.5069508617509335,5.659286761896495,15955895
2013-09-11,5.758305072784424,5.8268566903359424,5.560267849963998,5.560267849963998,34760475
2013-09-12,5.9944257736206055,6.0477436139772776,5.758304863448555,5.788772412854034,44225092
2013-09-13,5.9563422203063965,6.131529160045087,5.872557194440323,6.04012724617247,26859159
2013-09-16,6.428584575653076,6.428584575653076,6.116295501322668,6.123912389475278,57689923
2013-09-17,6.30671501159668,6.428584477980913,6.30671501159668,6.413350701907147,25965114
2013-09-18,6.2686309814453125,6.382883189399254,6.21531350706191,6.321948826931666,19985740
2013-09-23,6.200080871582031,6.360034066366268,6.161997537463397,6.321949990041594,19852910
2013-09-24,6.146762847900391,6.2381643948774155,6.0934453716062,6.17723040132903,25481819
2013-09-25,6.078210830688477,6.146762075078152,6.0553601684899725,6.116294896583065,22432869
2013-09-26,6.040126800537109,6.177229661230703,6.032509913092534,6.131528707666171,19560685
2013-09-27,6.1010613441467285,6.139145782532282,6.055360389186996,6.055360389186996,11902550
2013-09-30,6.093445301055908,6.131529371297804,6.070594636248995,6.101061818221919,8964973
2013-10-01,6.30671501159668,6.390500408899447,6.093445115387543,6.093445115387543,21424386
2013-10-02,6.497136116027832,6.565686253022477,6.291481251808491,6.360032873214938,42290889
2013-10-03,6.4362006187438965,6.527602527638511,6.413350327071707,6.497135719477543,31373321
2013-10-04,6.375267028808594,6.48951924314947,6.36765051140158,6.436201394682539,12804769
2013-10-07,6.367650032043457,6.459051945076591,6.329565963463476,6.398116841583909,12164122
2013-10-08,6.131528854370117,6.276247863765016,6.093444787338956,6.276247863765016,24769648
2013-10-09,5.979192733764648,6.108678721343101,5.956342440005139,6.078211539296101,19253134
2013-10-11,5.986809253692627,6.131529008941667,5.986809253692627,6.116295233303998,14225024
2013-10-14,5.73545503616333,5.971575594320935,5.6973709674306035,5.971575594320935,20237094
2013-10-15,6.0020432472229,6.032510428501352,5.788772978273737,5.788772978273737,13075537
2013-10-16,5.9944257736206055,6.055360130225732,5.895406980258631,6.002042660971975,10821522
2013-10-17,5.941108703613281,6.070594692067521,5.941108703613281,6.0325106214754465,6550541
2013-10-18,5.9944257736206055,6.032509839274538,5.91825764231274,5.956341707966673,7764398
2013-10-21,6.047743797302246,6.230546501555997,6.047743797302246,6.093444751692879,16752873
2013-10-22,6.017276287078857,6.085827904673174,5.9868091076496786,6.002042882915733,5910915
2013-10-23,5.887790203094482,6.0934446810185285,5.887790203094482,6.017276177182289,10228898
2013-10-24,5.941108703613281,5.979192774205356,5.903024633021206,5.903024633021206,8218062
2013-10-25,5.71260404586792,5.910640895080757,5.697370641906969,5.910640895080757,31284427
2013-10-28,5.689753532409668,5.76592166255177,5.689753532409668,5.735454484715511,9461551
2013-10-29,5.659286975860596,5.750688519403607,5.659286975860596,5.689754157041599,8801491
2013-10-30,5.758305072784424,5.8268566903359424,5.758305072784424,5.811622915079398,10017392
2013-10-31,5.674520492553711,5.804006478999481,5.674520492553711,5.773539297218994,8207845
2013-11-01,5.529800891876221,5.735455395460274,5.529800891876221,5.712604730127393,15907872
2013-11-04,5.3622307777404785,5.56788450862934,5.324146712268144,5.5298000720540905,20607995
2013-11-05,5.423165798187256,5.461249865717384,5.362231067477293,5.385081730657129,10554841
2013-11-06,5.331763744354248,5.468866606439097,5.263212498863286,5.468866606439097,11405972
2013-11-07,5.537417411804199,5.59835214420036,5.392698767611491,5.446016240967319,16599608
2013-11-08,5.423165798187256,5.5221838542214785,5.407932022734031,5.5221838542214785,8257911
2013-11-11,5.331763744354248,5.491716897901776,5.32414685683238,5.468866606439097,10017392
2013-11-12,5.3622307777404785,5.430782392473013,5.301296421425908,5.407931730527864,6025353
2013-11-13,5.346998691558838,5.407933062885872,5.339381802367208,5.369848988030724,4917759
2013-11-14,5.407932281494141,5.407932281494141,5.331764142789375,5.362231324050691,6459603
2013-11-15,5.369847774505615,5.45363279447307,5.369847774505615,5.438399390635393,7114555
2013-11-18,5.415548801422119,5.4612497557587,5.3926985098052915,5.415548801422119,7450716
2013-11-19,5.476484298706055,5.56788547798777,5.400316154500653,5.48410118734719,14142261
2013-11-20,5.491717338562012,5.522184148888318,5.461250157132751,5.484100821531912,8114864
2013-11-21,5.461249351501465,5.499333415445703,5.423165287557226,5.499333415445703,7052228
2013-11-22,5.529800891876221,5.560268445653396,5.484101045622335,5.484101045622335,9603577
2013-11-25,5.49933385848999,5.598351913178169,5.484100454346781,5.560267846165754,6524996
2013-11-26,5.529800891876221,5.5678853340976895,5.49171756296366,5.499334451407954,10589581
2013-11-27,5.484101295471191,5.552651810181034,5.484101295471191,5.529801143807105,8429568
2013-11-28,5.575501441955566,5.6821371301380585,5.5069509354033785,5.5069509354033785,15633017
2013-11-29,5.567885875701904,5.636437136162788,5.560268986516695,5.598353061339741,9795669
2013-12-02,5.522183895111084,5.613585806301358,5.522183895111084,5.598352030735333,6794743
2013-12-03,5.560268402099609,5.583118696150534,5.514567442894794,5.522184331279424,5761737
2013-12-04,5.506950855255127,5.57550136080963,5.491717079707072,5.537417293042428,5229397
2013-12-05,5.453632831573486,5.552650884949305,5.453632831573486,5.506950673125378,7830813
2013-12-06,5.430783748626709,5.499335009374677,5.430783748626709,5.453634045175029,8149604
2013-12-09,5.415548801422119,5.545034034652756,5.407931913848867,5.484100418478453,7412911
2013-12-10,5.529800891876221,5.560268445653396,5.407932532282367,5.407932532282367,12197841
2013-12-11,5.522183895111084,5.545034187357183,5.461249906155796,5.529800411791159,10676431
2013-12-12,5.446016311645508,5.560268147777308,5.446016311645508,5.545034371704828,13436221
2013-12-13,5.446016311645508,5.461250087717987,5.385081949561488,5.415549130603497,11877006
2013-12-16,5.826857089996338,5.826857089996338,5.552651343188526,5.560268231339235,55846657
2013-12-17,5.834473609924316,6.0096594286137,5.750688216657294,5.941108181789601,36611914
2013-12-18,5.773538589477539,5.910640705131776,5.765921702190384,5.872556639798911,14241372
2013-12-19,5.6364359855651855,5.8268566919117655,5.598351918516455,5.773538849602372,21213903
2013-12-20,5.651670455932617,5.804006742863588,5.644053567365473,5.65928734449976,16134704
2013-12-23,5.651670455932617,5.735455487965246,5.651670455932617,5.712604822263815,8154713
2013-12-24,5.659286975860596,5.720221338222603,5.659286975860596,5.720221338222603,6111181
2013-12-25,5.666903972625732,5.727838711249823,5.65928745501283,5.674520861341616,7209580
2013-12-26,5.644052982330322,5.682137050115455,5.628819206775094,5.682137050115455,8078080
2013-12-27,5.644052982330322,5.682137050115455,5.636436094552708,5.644052982330322,8343740
2013-12-30,5.864940166473389,5.872557054298163,5.659286792925065,5.659286792925065,21755438
2013-12-31,6.093445301055908,6.207696769575673,5.979192719227261,5.979192719227261,63086890
2014-01-02,6.200080871582031,6.20769776106757,6.108679682167645,6.169614426948936,32236713
2014-01-03,6.253397464752197,6.291481535650418,6.139146365366433,6.200079988156467,29328767
2014-01-06,6.344799041748047,6.474285024271721,6.291481196919958,6.314332231993349,34849368
2014-01-07,6.253397464752197,6.436201301946034,6.253397464752197,6.398117231047813,25578886
2014-01-08,6.261013984680176,6.398116475277509,6.245780209679173,6.3067145674773375,30902287
2014-01-09,6.169613361358643,6.367650227160419,6.139146179781673,6.299098604733544,26372798
2014-01-10,6.177229881286621,6.230546610886306,6.078211083185565,6.1924632856155215,23880712
2014-01-13,6.177229881286621,6.30671474583961,6.177229881286621,6.24578038631814,14218893
2014-01-14,6.11629581451416,6.177230551752312,6.108678925971519,6.108678925971519,11028940
2014-01-15,6.207696437835693,6.283864574249051,6.108678380042447,6.20007954997377,17524306
2014-01-16,6.177229881286621,6.360032588748097,6.1619961058547865,6.222930094273322,40821590
2014-01-17,5.918257713317871,6.1772296597539995,5.872556759764265,6.1772296597539995,47116689
2014-01-20,5.887790203094482,5.956341819436806,5.8725567992095735,5.903023978082315,15422534
2014-01-21,5.758305072784424,5.918257857463488,5.727837893374265,5.903024082206945,24236286
2014-01-22,5.8116230964660645,5.842090276827135,5.758305252506986,5.758305252506986,11636891
2014-01-23,5.819240093231201,5.857323419965069,5.811623205222658,5.811623205222658,8534810
2014-01-24,5.758305072784424,5.834473577964214,5.743071668630809,5.819239802707671,7992252
2014-01-27,5.6364359855651855,5.7506881867113755,5.598351918516455,5.7506881867113755,16600630
2014-02-05,5.872557163238525,5.895407456033799,5.598352165283465,5.598352165283465,20891025
2014-02-06,6.200080871582031,6.268632134745841,6.00204434267916,6.0477453084893735,54477491
2014-02-07,6.11629581451416,6.268631358749132,6.108678925971519,6.207696992613953,38034212
2014-02-10,6.169613361358643,6.321948898140532,6.15437958501868,6.215313577069662,30463949
2014-02-11,6.253397464752197,6.32194908925137,6.207696876556705,6.268631241552672,29928544
2014-02-12,6.253397464752197,6.3524166428523205,6.253397464752197,6.306715312450894,24752278
2014-02-13,6.30671501159668,6.337182563744213,6.230546873433745,6.291481235522913,19324657
2014-02-14,6.169613361358643,6.360032967887482,6.169613361358643,6.352416450820456,25077199
2014-02-17,6.161996364593506,6.215313467534879,6.047744157366164,6.2076965794991334,15475665
2014-02-18,6.161996364593506,6.2076965794991334,6.146762588522014,6.19246354563354,8717706
2014-02-19,6.207696437835693,6.245780506042372,6.154379336111049,6.192463404317728,11307882
2014-02-20,6.215313911437988,6.291481683926568,6.2076970228582375,6.2381645771772405,18315153
2014-02-21,6.2686309814453125,6.299098533782058,6.21531350706191,6.283864757613685,14075846
2014-02-24,6.2914814949035645,6.382883412908518,6.283864977655623,6.3295663077610635,19164240
2014-02-25,6.261013984680176,6.352415892480347,6.245780209679173,6.321948342478341,14140217
2014-02-26,6.321948528289795,6.329565787117102,6.261014168700679,6.283864460770864,12057859
2014-02-27,6.58853816986084,6.687556614536742,6.329566910108944,6.337183428081705,56836748
2014-03-03,6.375267028808594,6.535220574209388,6.36765051140158,6.535220574209388,24402834
2014-03-04,6.276248455047607,6.420967478076421,6.230547124981197,6.360033113527135,16817244
2014-03-05,6.367650032043457,6.398116841583909,6.276248119010323,6.398116841583909,13033645
2014-03-06,6.30671501159668,6.3981169258333805,6.299098494662746,6.3981169258333805,9196914
2014-03-07,6.321948528289795,6.47428479836552,6.291480977392302,6.321948528289795,21976140
2014-03-10,6.337182998657227,6.375267070352357,6.299098926962097,6.3295664812005805,9157065
2014-03-11,6.32956600189209,6.375266587583173,6.314332225926431,6.337182518771972,6025353
2014-03-12,6.2686309814453125,6.352416379268412,6.2686309814453125,6.329566086118804,8185366
2014-03-13,6.245780944824219,6.344799380676702,6.238164427530156,6.276248498412337,12287756
2014-03-14,6.169613361358643,6.2381642415796055,6.139146179781673,6.207696688899681,10800065
2014-03-17,6.1010613441467285,6.169612962137792,6.085827939895439,6.169612962137792,10893045
2014-03-18,6.146762847900391,6.16961351297187,6.1086787772175555,6.1086787772175555,5578841
2014-03-19,6.11629581451416,6.19246395773462,6.108678925971519,6.169613663209672,5601320
2014-03-20,5.963958740234375,6.093445094205369,5.9411084473061075,6.093445094205369,13067363
2014-03-21,5.887790203094482,6.040126839664038,5.880173315600566,5.963958335827799,12647417
2014-03-24,5.880173683166504,5.9030243470766335,5.636436236948695,5.887790571136547,11287447
2014-03-25,5.92587423324585,5.948724895587949,5.86493987587276,5.86493987587276,5199766
2014-03-26,6.070594787597656,6.070594787597656,5.948725685564626,5.979192868297141,8491896
2014-03-27,6.047743797302246,6.192463176953479,6.047743797302246,6.093444751692879,15757673
2014-03-28,5.910640716552734,6.1010610435850055,5.903023829250861,6.0477435746777175,8238498
2014-03-31,6.062977313995361,6.062977313995361,5.956341999171545,6.032510134203261,6390123
2014-04-01,6.093445301055908,6.161996553270728,6.093445301055908,6.093445301055908,8414241
2014-04-02,6.085827827453613,6.154379073075193,6.047743760874633,6.154379073075193,8222149
2014-04-03,6.040126800537109,6.116294932777021,6.040126800537109,6.10106115788787,6590389
2014-04-07,6.146762847900391,6.200079953091616,6.040127524209044,6.131529442289035,10273855
2014-04-08,6.1239118576049805,6.192463102818787,6.101061195131763,6.154379036466348,5632995
2014-04-09,6.139146327972412,6.184846915889538,6.1315294396185696,6.154379733577132,6516822
2014-04-10,6.078210830688477,6.18484614097274,6.070593943288975,6.18484614097274,8781055
2014-04-11,6.0020432472229,6.062977609779804,5.979192582936847,6.01727665231065,10104242
2014-04-14,5.971575736999512,6.062977652583097,5.971575736999512,6.00204328959601,5737215
2014-04-15,6.009659290313721,6.047743727787264,5.948724932561896,6.047743727787264,5748454
2014-04-16,6.040126800537109,6.085827754101641,5.9791920720834275,6.017276138203384,7753159
2014-04-17,6.261013984680176,6.3828827002765065,6.070594023785178,6.070594023785178,40460906
2014-04-18,6.215313911437988,6.405734641519854,6.215313911437988,6.398117381837127,23807144
2014-04-21,6.382883548736572,6.398117325762562,6.215313856965555,6.215313856965555,27201451
2014-04-22,6.314332485198975,6.542836165242867,6.268631155425457,6.474285283891477,34997524
2014-04-23,6.382883548736572,6.4666689512765405,6.33718295986455,6.398117325762562,25453209
2014-04-24,6.47428560256958,6.687556258725859,6.3905009405029585,6.3905009405029585,49259332
2014-04-25,6.47428560256958,6.542836487295191,6.1239128058591,6.47428560256958,30864481
2014-04-28,6.177229881286621,6.398116656224749,6.154379218138869,6.169612993570704,34391617
2014-04-29,6.459052085876465,6.474285119875809,6.245780703414787,6.283864772824957,48386744
2014-04-30,6.908443450927734,6.908443450927734,6.702790053994879,6.702790053994879,111161996
2014-05-02,7.152181148529053,7.2207327707185005,6.9312932478794185,6.9312932478794185,114916986
2014-05-05,7.586339473724365,7.616806286202661,7.235966305885211,7.334984745300106,86255431
2014-05-06,7.502553939819336,7.769141672401007,7.464469871992543,7.654889468920631,85013986
2014-05-07,7.769141674041748,7.845310551917293,7.593955110442681,7.593955110442681,73197263
2014-05-08,7.769141674041748,7.997646081050759,7.654889470537242,7.845310551917293,68563555
2014-05-09,7.548254489898682,7.8453097430602625,7.533020715894185,7.807225679151921,49372748
2014-05-12,7.586339473724365,7.807227389670327,7.586339473724364,7.616806286202661,32183581
2014-05-13,7.609188079833984,7.807225656916823,7.571104758239904,7.731056787111273,32094687
2014-05-14,7.502553939819336,7.731057604574215,7.4873201642474445,7.731057604574215,32746574
2014-05-15,7.731057167053223,7.769141232724737,7.533021064649514,7.578720904367166,40947267
2014-05-16,7.616805076599121,7.769141341416389,7.616805076599121,7.731057275212072,25172224
2014-05-19,7.654890537261963,7.845311645177586,7.616806464120034,7.654890537261963,23970627
2014-05-20,7.609188079833984,7.76914085091115,7.578720531911765,7.731056787111273,18036211
2014-05-21,7.578721046447754,7.6548891792187295,7.555871497263477,7.609188596438483,15353054
2014-05-22,7.692974090576172,7.769142231713215,7.593955655539201,7.6168059494391285,36530173
2014-05-23,7.692974090576172,7.807227044487664,7.692974090576172,7.769142231713215,35027155
2014-05-26,8.226152420043945,8.226152420043945,7.769143498693363,7.769143498693363,71675854
2014-05-27,8.30231761932373,8.759326418908719,8.30231761932373,8.30231761932373,107853518
2014-05-28,8.188067436218262,8.492740016701385,8.073815218537092,8.378487056814247,56604807
2014-05-29,8.759326934814453,8.759326934814453,8.264234039437463,8.378486246062923,91332586
2014-05-30,8.683157920837402,9.140166701221993,8.645073855805352,8.7593260509015,131461419
2014-06-03,8.721243858337402,8.911664224381271,8.416571272667214,8.835496077963723,47709313
2014-06-04,8.606990814208984,8.835495231572168,8.606990814208984,8.835495231572168,44203635
2014-06-05,8.759326934814453,8.949747279190218,8.60699065931384,8.683158797064147,50954442
2014-06-06,8.797411918640137,9.292504865507901,8.759327845804156,8.949748209984065,75628044
2014-06-09,8.568906784057617,8.949746706221633,8.568906784057617,8.835494506910674,52513657
2014-06-10,8.378485679626465,8.721242276330416,8.226150156630553,8.645074143729538,45012873
2014-06-11,8.454655647277832,8.60699118996456,8.378486762625556,8.454655647277832,31091313
2014-06-12,8.53082275390625,8.721242344695279,8.492738687307273,8.645074211497327,36129641
2014-06-13,8.492738723754883,8.606990181836284,8.416569848024192,8.492738723754883,21788135
2014-06-16,8.987829208374023,9.025913271327623,8.45465381143521,8.568906000296003,75225468
2014-06-17,8.911662101745605,9.292502743122325,8.759325845194917,9.140166486571637,89585366
2014-06-18,9.102084159851074,9.406755988902784,8.949747874222247,9.102084159851074,71691180
2014-06-19,9.06399917602539,9.292503581466462,9.02591436624601,9.21633544631944,31130140
2014-06-20,8.987829208374023,9.216334328301393,8.987829208374023,9.140166202394196,20297379
2014-06-23,8.949748039245605,9.216336544011646,8.835495822917302,9.140168399792778,41072944
2014-06-24,8.911662101745605,9.063998358296294,8.835493973470262,9.025913551952819,25602387
2014-06-25,8.759326934814453,8.987830605859475,8.759326934814453,8.911663210315064,22188667
2014-06-26,8.873578071594238,8.911662135877775,8.797409943027166,8.797409943027166,23112344
2014-06-27,8.797411918640137,8.949748209984065,8.759327845804156,8.911664137148083,16010049
2014-06-30,9.140167236328125,9.216335370851445,8.911662832758163,8.911662832758163,46076532
2014-07-01,9.025915145874023,9.216336242395382,8.911663675490702,9.178252171532296,40068548
2014-07-02,9.368671417236328,9.635259902851741,9.14016774320045,9.17825181257408,100548914
2014-07-03,9.597176551818848,9.711428768491423,9.254420644007082,9.368672118473697,69198072
2014-07-04,9.406755447387695,9.71142800110638,9.368671378172861,9.673343189685644,36406539
2014-07-07,9.559091567993164,9.673343031564203,9.292503830052885,9.406755293623926,30237117
2014-07-08,9.444838523864746,9.711426980347742,9.444838523864746,9.635258849924028,39988851
2014-07-09,9.21633529663086,9.444838956154783,9.178251229675896,9.368670822244855,29043694
2014-07-10,9.292503356933594,9.44483888134092,9.2544192902803,9.2544192902803,25585017
2014-07-11,8.797411918640137,9.292504865507901,8.683159700132192,9.292504865507901,48566575
2014-07-14,8.911662101745605,8.987829487815148,8.79740990933259,8.873578037607935,18555268
2014-07-15,9.025915145874023,9.216336242395382,9.025915145874023,9.063999958943041,18222172
2014-07-16,8.911662101745605,9.063998358296294,8.835493973470262,9.025913551952819,13587442
2014-07-17,8.835494995117188,9.025914595617934,8.759326858034534,8.911663132199841,14923912
2014-07-18,8.683157920837402,8.79741011593355,8.568906467947073,8.606989790773303,13779534
2014-07-21,8.568906784057617,8.835494506910674,8.568906784057617,8.759326374036702,15337727
2014-07-22,8.911662101745605,9.025913551952819,8.645073652781901,8.645073652781901,31819832
2014-07-23,8.911662101745605,8.911662101745605,8.911662101745605,8.911662101745605,0
2014-07-24,8.911662101745605,9.063998358296294,8.873578037607935,8.949746165883278,16187836
2014-07-25,8.797411918640137,9.025915613450056,8.797411918640137,8.987831540614074,12496196
2014-07-28,8.797411918640137,8.911664137148083,8.759327845804156,8.797411918640137,6890789
2014-07-29,8.416570663452148,8.911663579329987,8.378486593000007,8.873579508877846,35264205
2014-07-30,8.454655647277832,8.568907860947334,8.302318620179221,8.454655647277832,17907468
2014-07-31,8.340401649475098,8.568906790473966,8.226150192284434,8.49273865754296,21788135
2014-08-01,8.188067436218262,8.264234839133076,7.845311525380717,7.8833955979411074,17512045
2014-08-04,8.492738723754883,8.5308227905173,8.302317647736938,8.454654656992464,18720794
2014-08-05,8.226152420043945,8.530825034277667,8.226152420043945,8.492740957498452,16489257
2014-08-06,8.073814392089844,8.340402130518305,7.883394790985483,8.226150666738045,16519910
2014-08-07,7.769141674041748,8.188066420224935,7.616805402702407,8.149982352390099,29501446
2014-08-08,7.350216388702393,7.616804074866176,7.235964205115453,7.616804074866176,38619684
2014-08-11,7.807226657867432,7.8072266578674325,7.502554108406892,7.502554108406892,26185815
2014-08-12,7.654890537261963,7.921479049255466,7.654890537261963,7.883395718319515,18765752
2014-08-13,7.731057167053223,7.807226040602083,7.654889035710194,7.692973101381708,10852175
2014-08-14,7.845310211181641,7.959561667518129,7.769141336614244,7.8833942773624175,20441448
2014-08-15,8.073814392089844,8.188066598075993,7.997646254765743,8.073814392089844,25121135
2014-08-18,7.959561347961426,8.188065735872202,7.92147728330963,8.188065735872202,13152170
2014-08-19,8.111898422241211,8.302318022441568,8.073814353759962,8.073814353759962,17335279
2014-08-20,8.073814392089844,8.188066598075993,7.9595621861036925,8.188066598075993,13557811
2014-08-21,7.959561347961426,8.226149800523999,7.92147728330963,8.073813541916813,15048567
2014-08-22,7.997647285461426,8.073815432601686,7.921479138321167,7.997647285461426,17733768
2014-08-25,8.03572940826416,8.111897536913714,7.959561279614605,7.997645343939382,14116717
2014-08-26,7.921477317810059,8.073813577080713,7.921477317810058,8.073813577080713,10913481
2014-08-27,8.03572940826416,8.111897536913714,7.921477215289828,7.921477215289828,14884063
2014-08-28,7.921477317810059,8.073813577080713,7.921477317810058,8.073813577080713,11288469
2014-08-29,7.731057167053223,7.807226040602083,7.388301318215427,7.807226040602083,30321924
2014-09-01,7.586339473724365,7.7310585029596846,7.586339473724364,7.7310585029596846,15325466
2014-09-02,7.555871486663818,7.616805102148104,7.555871486663818,7.5863382944059605,10658039
2014-09-03,7.395918369293213,7.609189004034903,7.312133715639441,7.563488418806643,21099465
2014-09-04,7.4797043800354,7.609189629562,7.395918977288012,7.395918977288012,9580076
2014-09-05,7.578721046447754,7.6015713378378775,7.502553655882625,7.578721046447754,5274355
2014-09-09,7.487320899963379,7.616806149533197,7.487320899963379,7.510171194463585,6527040
2014-09-10,7.4416184425354,7.540636855312236,7.395917122803642,7.487319020061398,8116908
2014-09-11,7.449235916137695,7.487319983042795,7.403535332733919,7.4644696913409065,5507318
2014-09-12,7.243581295013428,7.472085680311655,7.2131144889638135,7.426385100134331,15661627
2014-09-15,7.007461071014404,7.235965478397225,7.007461071014404,7.235965478397225,14886107
2014-09-16,6.931293487548828,7.007461629412655,6.809425499655015,7.007461629412655,16766156
2014-09-17,7.053163051605225,7.136947711862968,7.022695497580984,7.037929274593105,9890693
2014-09-18,7.083629608154297,7.129330937543741,7.045545538099385,7.121713678209208,5133351
2014-09-19,7.106481552124023,7.1750324416597655,7.076013995304129,7.129331848635937,6488213
2014-09-22,6.900825023651123,7.045544770985163,6.8932085073517895,7.00746070507682,8029036
2014-09-23,6.885592937469482,6.923677008612438,6.801808277837354,6.870359902777051,5541036
2014-09-24,6.976994514465332,6.992227548410655,6.900825633709202,6.916059409860428,4633708
2014-09-25,6.870358467102051,7.1445634251493,6.855124693387029,7.053161525064955,7354670
2014-09-26,6.938910961151123,6.976995033258078,6.817042227291251,6.817042227291251,5806695
2014-09-29,6.885592937469482,7.053162998939678,6.885592937469482,7.045545739387523,5000522
2014-09-30,6.9541425704956055,7.129329860035585,6.801807055505468,6.893208216058389,14191306
2014-10-01,6.946527004241943,6.976994556728954,6.877976124455029,6.931293227998437,10780651
2014-10-02,7.1597981452941895,7.266433102037586,6.984611561768214,7.007461856627088,29786518
2014-10-03,7.121712684631348,7.182647781982647,7.1064796524993366,7.152180233306997,10232985
2014-10-06,6.938910961151123,7.083629989833976,6.931293701406157,7.083629989833976,16176597
2014-10-07,6.855125904083252,6.900825748887881,6.817041834172494,6.855125904083252,10158396
2014-10-08,6.8398919105529785,6.931293081672638,6.8170416177730635,6.8170416177730635,5886393
2014-10-09,6.710406303405762,6.923676951609255,6.710406303405762,6.893209398063356,8578746
2014-10-13,6.245780944824219,6.535220477293539,6.245780944824219,6.398117228352941,15790369
2014-10-14,6.299098491668701,6.390500405861958,6.261014422605336,6.261014422605336,8749381
2014-10-15,6.230546951293945,6.41335078205176,6.230546951293945,6.306715090408717,9495270
2014-10-16,6.23816442489624,6.398117225651489,5.948725634755062,6.207696871320986,13957321
2014-10-17,6.1010613441467285,6.360032556345037,6.070594164541218,6.3524160397708584,8053558
2014-10-20,6.222930431365967,6.283864794188217,6.17723021590371,6.253397241674137,7529392
2014-10-21,6.139146327972412,6.26101468611907,6.139146327972412,6.222930615452822,5685105
2014-10-22,6.321948528289795,6.352416079187287,6.207696325733001,6.268630685322117,11049376
2014-10-23,6.344799041748047,6.352416300841142,6.26101438716526,6.314332231993349,5082263
2014-10-24,6.2914814949035645,6.398117189610332,6.245780907004053,6.375266895660576,9276612
2014-10-27,6.337182998657227,6.474285508318504,6.314332704081339,6.44381869628597,15003610
2014-10-28,6.778957366943359,6.778957366943359,6.474284825514316,6.474284825514316,28636010
2014-10-29,7.251200199127197,7.251200199127197,7.053164039067803,7.068397818212694,44350769
2014-10-30,7.045544624328613,7.235964949906636,7.007460559213009,7.235964949906636,33526181
2014-10-31,7.411152362823486,7.502554278171025,7.05316270287165,7.06077921989815,43440376
2014-11-03,7.144564628601074,7.441619926154845,7.12933085232003,7.350218010674489,38530791
2014-11-04,7.152181148529053,7.312133944029886,7.129330855201207,7.197882477390655,30244269
2014-11-05,6.938910961151123,7.235966278261794,6.92367718386715,7.190265688615832,37779793
2014-11-06,6.718023300170898,7.045545405848149,6.718023300170898,6.984611043345267,35004677
2014-11-07,6.664705276489258,6.847509101316998,6.550452329317507,6.7027893448112135,40319903
2014-11-10,6.672322750091553,6.7561081577383275,6.672322750091553,6.70279030600056,19591338
2014-11-11,6.619004726409912,6.763724499909283,6.611388208733512,6.763724499909283,14979087
2014-11-12,6.817041873931885,7.022695258884691,6.596153970278825,6.626621523267495,38597205
2014-11-13,6.7713398933410645,7.007460808577998,6.748489601899724,6.870359059929954,24340506
2014-11-14,6.870358467102051,6.938909335510971,6.778956567017706,6.778956567017706,23280935
2014-11-17,6.756107330322266,6.96937722674233,6.756107330322265,6.96937722674233,16999118
2014-11-18,6.382883548736572,6.756107745946554,6.28386511137656,6.756107745946554,40811372
2014-11-19,6.519986152648926,6.641854130143477,6.4057339496025785,6.4057339496025785,21567434
2014-11-20,6.78657341003418,6.78657341003418,6.527602213213854,6.611386859378055,22800705
2014-11-21,6.923676490783691,7.007461144149481,6.778957476587702,6.778957476587702,37726661
2014-11-24,7.32736873626709,7.403536886058005,7.243583326173477,7.403536886058005,87346677
2014-11-25,7.296899318695068,7.395917739731491,7.25119799515115,7.274049028026021,38045452
2014-11-26,7.205498695373535,7.357834225305264,7.190264919718599,7.319750157270862,50586606
2014-11-27,7.289282321929932,7.38830148872574,7.281665805502184,7.281665805502184,43065388
2014-11-28,7.205498695373535,7.3730680009602,7.190264919718599,7.357834225305264,26038681
2014-12-01,7.091246604919434,7.1597974831564715,6.7027894016252105,6.7027894016252105,28127170
2014-12-02,7.037928581237793,7.121713233241327,7.007461030215124,7.0836291655659265,18637009
2014-12-03,7.098862648010254,7.2131148463197095,7.076012356789531,7.076012356789531,24466183
2014-12-04,7.167414665222168,7.281666127723366,7.121713338015807,7.197882216693076,33977802
2014-12-05,7.129330635070801,7.235965581376847,7.121713376059442,7.167414703509936,17219820
2014-12-08,7.098862648010254,7.228348621202138,7.098862648010254,7.197881813643121,10659061
2014-12-09,6.961760997772217,7.106480763293575,6.961760997772217,7.098863503831123,16292056
2014-12-10,7.144564628601074,7.220732767800386,6.999844867240018,7.07601300643933,30352577
2014-12-11,7.487320899963379,7.586339337601571,7.136947738411021,7.144564998048388,91679986
2014-12-12,7.31974983215332,7.487319872502991,7.31213331576709,7.487319872502991,49716062
2014-12-15,7.251200199127197,7.274051238947559,7.175032787814837,7.20550034610462,20805196
2014-12-16,7.197882652282715,7.296900345040648,7.190265392851078,7.205499169508424,19328745
2014-12-17,7.197882652282715,7.312134121697994,7.152181322310676,7.213115686734134,20160462
2014-12-18,7.1597981452941895,7.319750951512263,7.1597981452941895,7.251199324729684,18111821
2014-12-19,7.076012134552002,7.296899265689337,7.0303108113400645,7.235964910279239,20773521
2014-12-22,7.274049758911133,7.28928279275054,7.121713482869874,7.121713482869874,22065034
2014-12-23,7.274049758911133,7.426386034952391,7.274049758911133,7.365451672977067,27177950
2014-12-24,7.4416184425354,7.479702504542319,7.2740484212638075,7.296898710026806,39609775
2014-12-25,7.4797043800354,7.6929742901034395,7.449236825907996,7.4797043800354,88412379
2014-12-26,7.517787456512451,7.616805138805338,7.487319906417833,7.5558715230277995,33490420
2014-12-29,8.073814392089844,8.073814392089844,7.845310722323433,7.845310722323433,82708882
2014-12-30,8.30231761932373,8.530822761322076,8.226150228265418,8.264233552691648,170255825
2014-12-31,8.26423454284668,8.37848675643172,8.14998307146758,8.37848675643172,59570993
2015-01-05,8.568906784057617,8.683158241162728,8.149982053250767,8.264233510355877,102992978
2015-01-06,8.188067436218262,8.492740016701385,8.149983363657872,8.416571129374637,65734285
2015-01-07,8.111898422241211,8.226150627684957,7.959562148316216,8.14998249072246,53746928
2015-01-08,8.30231761932373,8.378485752587896,8.188066161633335,8.226150228265418,40340338
2015-01-09,8.226152420043945,8.606992445630048,8.226152420043945,8.454656880719236,78603426
2015-01-12,8.111898422241211,8.26423395396032,8.111898422241211,8.226150627684957,32041556
2015-01-13,7.921477317810059,8.073813577080713,7.88339399519821,8.03572951226305,35538038
2015-01-14,7.883393287658691,7.883393287658691,7.616804115655777,7.807225164859502,53435289
2015-01-15,8.111898422241211,8.14998249072246,7.845310685078358,7.9214780798349675,55507431
2015-01-16,7.807226657867432,8.035730327756946,7.7691418469789735,8.035730327756946,33101127
2015-01-19,7.510171890258789,7.807227972900681,7.472087815161419,7.807227972900681,51070923
2015-01-20,7.654890537261963,7.76914275668775,7.479704691456264,7.479704691456264,34314985
2015-01-21,7.601572036743164,7.807226904780175,7.601572036743164,7.76914209268724,21163836
2015-01-22,7.807226657867432,7.8072266578674325,7.6548896409312706,7.731057778296406,21130118
2015-01-23,7.692974090576172,7.883395185624708,7.692974090576172,7.8453111150561865,24734908
2015-01-26,7.731057167053223,7.807226040602083,7.692973101381708,7.692973101381708,9461551
2015-01-27,7.769141674041748,7.845310551917293,7.692973538372077,7.845310551917293,12016988
2015-01-28,7.654890537261963,7.731058683545821,7.654890537261963,7.731058683545821,11238402
2015-01-29,7.692974090576172,7.769142231713215,7.654890020007651,7.654890020007651,9475856
2015-01-30,7.654890537261963,7.807227572035657,7.616806464120034,7.692974610403892,12378693
2015-02-02,7.609188079833984,7.731056787111273,7.593954305872875,7.654888659511519,8709532
2015-02-03,7.807226657867432,7.8072266578674325,7.616805572248704,7.6548896409312706,18541985
2015-02-04,8.30231761932373,8.340401685955813,7.997645828472923,8.035729895105005,126852233
2015-02-05,8.188067436218262,8.454655944140994,8.188067436218262,8.378487056814247,55116094
2015-02-06,8.03572940826416,8.264233052007018,8.03572940826416,8.226149729888046,35358208
2015-02-09,8.03572940826416,8.264233052007018,8.03572940826416,8.226149729888046,21499997
2015-02-10,7.921477317810059,8.03572951226305,7.845309930380546,8.03572951226305,21110704
2015-02-11,7.845310211181641,8.07381386606046,7.769141336614244,8.07381386606046,23817362
2015-02-12,7.997647285461426,8.073815432601686,7.921479138321167,7.997647285461426,28268174
2015-02-13,7.997647285461426,8.073815432601686,7.921479138321167,8.073815432601686,13770338
2015-02-24,8.073814392089844,8.111898460751894,7.997646254765743,8.073814392089844,20794979
2015-02-25,8.226152420043945,8.378487984954758,8.18806834326473,8.18806834326473,52910102
2015-02-26,8.111898422241211,8.188066559203708,8.035730285278714,8.188066559203708,20486405
2015-03-02,8.149984359741211,8.149984359741211,8.03573212809624,8.149984359741211,14672557
2015-03-03,8.226152420043945,8.264235754617111,8.149984266485514,8.226152420043945,14957630
2015-03-04,8.073814392089844,8.149982529413943,8.073814392089844,8.149982529413943,14178023
2015-03-05,8.073814392089844,8.149982529413943,8.073814392089844,8.149982529413943,8645161
2015-03-06,8.188067436218262,8.188067436218262,8.111899291097481,8.111899291097481,12636178
2015-03-09,8.149984359741211,8.1880684369562,8.111900282526221,8.149984359741211,12677049
2015-03-10,8.073814392089844,8.226150666738045,8.035730323427794,8.188066598075993,13704945
2015-03-11,8.03572940826416,8.149981601238492,7.997645343939382,7.997645343939382,13527158
2015-03-12,8.226152420043945,8.226152420043945,8.03573203614787,8.111900189706299,28543029
2015-03-13,8.149984359741211,8.264235849180123,8.111900282526221,8.22615251417119,20850154
2015-03-16,8.149984359741211,8.22615251417119,8.111900282526221,8.111900282526221,17578460
2015-03-17,8.03572940826416,8.226149729888046,8.03572940826416,8.18806566556327,19465661
2015-03-18,7.997647285461426,8.111899506171817,7.959563211891297,8.035731359031557,20147179
2015-03-19,8.226152420043945,8.302319831396327,8.03573203614787,8.073816112927084,64603190
2015-03-20,8.149984359741211,8.264235849180123,8.111900282526221,8.264235849180123,20484362
2015-03-23,8.149984359741211,8.302319926395114,7.997648050881251,8.22615251417119,32281671
2015-03-24,7.997647285461426,8.26423505824635,7.997647285461426,8.149983579741946,31071900
2015-03-25,8.073814392089844,8.149982529413943,7.921478117441643,8.073814392089844,24748191
2015-03-26,7.997647285461426,8.111899506171817,7.959563211891297,7.959563211891297,18571616
2015-03-27,7.921477317810059,8.03572951226305,7.8072258655628834,7.997645447445385,20773521
2015-03-30,7.769141674041748,7.9595620132159235,7.769141674041748,7.845310551917293,17200406
2015-03-31,7.845310211181641,7.959561667518129,7.807226145000863,7.8833942773624175,15520623
2015-04-01,7.769141674041748,7.883394619752128,7.769141674041748,7.807226484082458,8798425
2015-04-02,7.807226657867432,7.959562190391811,7.8072266578674325,7.883394795232567,12002683
2015-04-07,7.692974090576172,7.921478513987302,7.6168059494391285,7.883395185624708,17029771
2015-04-08,7.654890537261963,7.76914275668775,7.616806464120034,7.731058683545821,15259051
2015-04-09,7.5406389236450195,7.769142616157378,7.5406389236450195,7.69297447125127,15918090
2015-04-10,7.586339473724365,7.7310585029596846,7.586339473724364,7.616806286202661,15824088
2015-04-13,7.692974090576172,7.731058161144694,7.6168059494391285,7.654890020007651,13036710
2015-04-14,8.226152420043945,8.226152420043945,7.959563882589439,7.959563882589439,111335696
2015-04-15,8.03572940826416,8.226149729888046,8.03572940826416,8.18806566556327,48041387
2015-04-16,8.073814392089844,8.264233993194203,8.073814392089844,8.111898460751894,35830263
2015-04-17,8.111898422241211,8.188066559203708,8.073814353759962,8.111898422241211,17922795
2015-04-20,7.997647285461426,8.111899506171817,7.997647285461426,8.035731359031557,13389220
2015-04-21,7.845310211181641,8.07381386606046,7.845310211181641,8.07381386606046,15687171
2015-04-22,7.921477317810059,7.959561382627721,7.8072258655628834,7.845309930380546,14115695
2015-04-23,7.997647285461426,8.035731359031557,7.959563211891297,7.997647285461426,13677357
2015-04-24,7.997647285461426,8.073815432601686,7.921479138321167,8.073815432601686,18466374
2015-04-27,7.997647285461426,8.073815432601686,7.997647285461426,8.035731359031557,15332618
2015-04-28,7.997647285461426,8.073815432601686,7.997647285461426,7.997647285461426,13825514
2015-04-29,7.692974090576172,7.9976466551243455,7.654890020007651,7.9976466551243455,38050561
2015-04-30,7.769141674041748,7.845310551917293,7.692973538372077,7.731057606206913,11723741
2015-05-04,7.692974090576172,7.8453111150561865,7.692974090576172,7.769142231713215,9618903
2015-05-05,7.692974090576172,7.731058161144694,7.586339138307868,7.692974090576172,20522167
2015-05-06,7.731057167053223,7.769141232724737,7.61680497003868,7.654889035710194,14280199
2015-05-07,7.692974090576172,7.769142231713215,7.692974090576172,7.692974090576172,6720154
2015-05-08,7.654890537261963,7.76914275668775,7.616806464120034,7.76914275668775,9309308
2015-05-11,7.32736873626709,7.769143114407182,7.228350289980103,7.692974964616267,27002206
2015-05-12,7.1597981452941895,7.37306880098694,6.931293712293537,7.312134433961291,35988637
2015-05-13,7.274049758911133,7.4111522589070855,7.136947258915179,7.159797551880188,20498666
2015-05-14,7.175030708312988,7.350217262190712,7.175030708312989,7.3273669711989795,14379311
2015-05-15,7.083629608154297,7.220732854116711,7.083629608154297,7.197882560524948,11593977
2015-05-18,7.129330635070801,7.3197502350605905,7.098863083437138,7.235965581376847,16094856
2015-05-19,7.266432285308838,7.266432285308838,7.167414599451711,7.167414599451711,10928807
2015-05-20,7.494937419891357,7.616805397796106,7.3121335975195505,7.350217665329854,29890738
2015-05-21,7.357834339141846,7.517787872684578,7.31213375367586,7.494937579951585,11025875
2015-05-22,7.464469909667969,7.609188922816695,7.464469909667969,7.47970368531675,16118356
2015-05-25,7.411152362823486,7.53302183068884,7.411152362823487,7.449236432367802,7990209
2015-05-26,7.555871486663818,7.692973234812228,7.53302119530575,7.609188585764029,15313205
2015-05-27,7.517787456512451,7.571105298075109,7.502553681465142,7.5558715230277995,7317887
2015-05-28,7.5406389236450195,7.69297447125127,7.5406389236450195,7.578722253892109,12630047
2015-05-29,7.472085952758789,7.61680495673426,7.472085952758789,7.61680495673426,7791986
2015-06-01,7.258815288543701,7.4644693899693,7.258815288543702,7.456852873778133,14125913
2015-06-02,7.304516792297363,7.403535968518661,7.258816204969011,7.274049981480435,15122134
2015-06-03,7.167414665222168,7.334983971694513,7.167414665222168,7.266432351987912,11822852
2015-06-04,7.030311584472656,7.220732672154526,7.022695067535977,7.167414826980075,13937908
2015-06-05,6.855125904083252,6.961760854509826,6.763723987856249,6.94652707810434,25794479
2015-06-08,6.519986152648926,6.596153545807287,6.169613026855808,6.169613026855808,25437883
2015-06-09,6.040126800537109,6.459051527856624,6.024893025647959,6.360032362180066,38465398
2015-06-10,6.299098491668701,6.299098491668701,6.062977560358196,6.062977560358196,11975096
2015-06-11,6.283864974975586,6.436201257516894,6.253397421584952,6.436201257516894,10711171
2015-06-12,6.634237289428711,6.687555130020446,6.436200444037506,6.436200444037506,21556194
2015-06-15,6.36003303527832,6.6342380434794705,6.36003303527832,6.6342380434794705,14459008
2015-06-16,6.215313911437988,6.3600333100413495,6.169613693268412,6.3600333100413495,14780865
2015-06-17,6.207696437835693,6.344798934938561,6.146762448249125,6.245780506042372,24884086
2015-06-18,6.4362006187438965,6.497135719477543,6.245780284465891,6.314331901688315,23141975
2015-06-22,6.36003303527832,6.5428361266771144,6.36003303527832,6.5428361266771144,11937290
2015-06-23,6.420967102050781,6.474284946236222,6.3905002926633045,6.398116809458702,8621660
2015-06-24,6.283864974975586,6.4590522936628325,6.268631198280269,6.436201257516894,11207749
2015-06-25,6.30671501159668,6.360032856751913,6.283864718588979,6.291481235522913,8643117
2015-06-26,6.36003303527832,6.398117105428809,6.245780824826855,6.283864894977343,7154404
2015-06-29,6.131528854370117,6.200079358599763,6.055360349204865,6.200079358599763,12974383
2015-06-30,6.154379367828369,6.161996255729547,5.979192430513036,5.979192430513036,8662531
2015-07-01,6.215313911437988,6.215313911437988,6.146763027529159,6.161996804688661,7163600
2015-07-02,6.177229881286621,6.261014161749975,6.177229881286621,6.215313206557405,6783503
2015-07-03,6.139146327972412,6.1772303986386605,6.1010618862031984,6.1772303986386605,5736193
2015-07-06,5.963958740234375,6.139146051164853,5.925874671285297,6.108678499123232,13198149
2015-07-07,5.423165798187256,6.0553604285403235,5.3698479552039045,5.941108225949942,76210451
2015-07-08,5.255597114562988,5.453634391260144,5.110878065769146,5.407933424160334,32235691
2015-07-09,5.110877513885498,5.232745880418309,4.989008405146706,5.118494402763483,25410295
2015-07-10,5.110877513885498,5.110877513885498,5.110877513885498,5.110877513885498,0
2015-07-13,5.110877513885498,5.217512473765329,5.110877513885498,5.217512473765329,18037232
2015-07-14,5.24036169052124,5.461249566996126,5.118493349076111,5.118493349076111,31735026
2015-07-15,5.126111030578613,5.35461508755997,5.118494142088541,5.331764422089754,15736216
2015-07-16,5.1413445472717285,5.2175119439044915,5.065176037330107,5.126110771062813,13557811
2015-07-17,5.187044143676758,5.255595762238883,5.156577706023314,5.187044143676758,13849014
2015-07-20,5.1794281005859375,5.270829648520577,5.164194323712014,5.270829648520577,7716375
2015-07-21,5.187044143676758,5.247978874498321,5.072792683083,5.225128582379569,11463191
2015-07-22,5.103259563446045,5.14896051610442,5.09564304725541,5.133727112620237,7448673
2015-07-23,4.897605895996094,5.072792834858804,4.813821612754859,5.0347087661194685,20799066
2015-07-24,4.8823723793029785,4.996624962690505,4.874755862033047,4.9356902268102925,10150222
2015-07-27,4.5472331047058105,4.836671529491358,4.531999327615688,4.745270722465498,19899912
2015-07-28,4.669101238250732,4.760503139599485,4.531998386227604,4.531998386227604,16395255
2015-07-29,4.570083141326904,4.783354135719687,4.570083141326904,4.783354135719687,12915120
2015-07-30,4.859521865844727,4.859521865844727,4.61578441774225,4.61578441774225,22639266
2015-07-31,5.293679714202881,5.293679714202881,5.118493526614351,5.240361872286562,36689569
2015-08-03,5.446016311645508,5.484100751826707,5.339380992446998,5.484100751826707,40515060
2015-08-04,5.24036169052124,5.446015792376164,5.23274480321126,5.446015792376164,21735003
2015-08-05,5.392699241638184,5.392699241638184,5.225129176697751,5.240362582808623,15275399
2015-08-06,5.209895610809326,5.362231904715022,5.2022787218934425,5.346998497986248,16746742
2015-08-07,5.278445720672607,5.293679495190706,5.103259540331949,5.126110202109096,10489448
2015-08-10,5.415548801422119,5.430782576568621,5.2175115800322205,5.240361871649047,13634443
2015-08-11,5.217512130737305,5.453633443812986,5.217512130737305,5.415549373029908,19116217
2015-08-12,5.217512130737305,5.255596201520383,5.15657813702853,5.15657813702853,10337205
2015-08-13,5.385082244873047,5.423166316039783,5.240362477557076,5.270829660269871,14003301
2015-08-14,5.369847774505615,5.438399390635393,5.30129652947876,5.3317637082570375,12078294
2015-08-17,5.263213157653809,5.331764411725255,5.247979380703278,5.331764411725255,9560663
2015-08-18,5.187044143676758,5.301296717579321,5.17942762703913,5.270829166617072,11345688
2015-08-19,4.836671829223633,5.110877607220725,4.806205386464283,5.110877607220725,19713950
2015-08-20,4.889988899230957,4.981390810612952,4.775737437760808,4.775737437760808,13890907
2015-08-21,4.813821792602539,4.882372302467955,4.768120834187329,4.775737722440357,13256390
2015-08-24,4.676718711853027,4.928073044334301,4.570083394305267,4.8138215810741,30979941
2015-08-25,4.806204319000244,4.813821206325609,4.6462511695792355,4.6462511695792355,16924529
2015-08-26,4.783354759216309,4.798588165092402,4.72242002240302,4.768120982237243,12262212
2015-08-27,4.920456886291504,5.0804100598275195,4.806205043597744,4.8519052611310896,35695390
2015-08-28,5.057559013366699,5.156577813858842,5.057559013366699,5.072792789166396,34647059
2015-08-31,5.126111030578613,5.171811248210131,4.966157856698989,5.019475333923549,18523593
2015-09-01,5.126111030578613,5.255596279394978,5.0956438477212975,5.103260365108397,20170680
2015-09-02,5.187044143676758,5.255595762238883,5.004241435623809,5.088026458564124,26970532
2015-09-03,5.506950855255127,5.628819204124888,5.21751171756263,5.225128605336657,57959669
2015-09-04,5.331763744354248,5.666903084287192,5.32414685683238,5.583118063752494,41476542
2015-09-07,5.377464294433594,5.438399018928266,5.2632121034968415,5.331763343838313,15858828
2015-09-08,5.438399791717529,5.484100748806854,5.415549127621393,5.4536331966786715,12744485
2015-09-09,5.5526509284973145,5.651669724855561,5.537417153333607,5.5983518828855106,24171915
2015-09-10,5.5526509284973145,5.583118107721803,5.476483537090484,5.484100424672338,14729776
2015-09-11,5.5145673751831055,5.583118627597126,5.491717452515714,5.537417668953458,12075229
2015-09-14,5.506950855255127,5.583118248583658,5.446016124165842,5.5526510685904835,10692779
2015-09-15,5.522183895111084,5.545034187357183,5.468866793938808,5.545034187357183,14138174
2015-09-16,5.484101295471191,5.5831189942432875,5.484101295471191,5.560268698972344,12824183
2015-09-17,5.49933385848999,5.560267846165754,5.484100454346781,5.522183779153338,19207154
2015-09-18,5.941108703613281,5.971575885866348,5.476484081478268,5.55265148045649,53461855
2015-09-21,5.62120246887207,5.8649402865337885,5.605969064013621,5.788772891138593,30196246
2015-09-22,5.727838516235352,5.758305698958596,5.628819708506094,5.674520668142446,14750212
2015-09-23,5.5526509284973145,5.727837858468246,5.522183749272826,5.651669724855561,22284713
2015-09-24,5.40031623840332,5.590735859669343,5.3546152769494455,5.583118970909867,16116313
2015-09-25,5.270829677581787,5.316530637352567,4.912840001203415,4.912840001203415,25975332
2015-09-29,5.270829677581787,5.270829677581787,5.270829677581787,5.270829677581787,0
2015-09-30,5.1794281005859375,5.240362465875697,5.1794281005859375,5.21751217166778,8818861
2015-10-01,5.301297187805176,5.369848441344872,5.255596228411055,5.255596228411055,9642404
2015-10-02,5.605969429016113,5.666903794623219,5.514567509502484,5.522184397979115,32206060
2015-10-05,5.796389102935791,5.903024044641278,5.765921923719519,5.788772586458919,37819642
2015-10-06,5.651670455932617,5.918258586958841,5.5678854238999875,5.903024809824554,20682584
2015-10-07,5.781156063079834,5.804006356155827,5.689754148569963,5.720221329705604,18565485
2015-10-08,5.674520492553711,5.826857143662066,5.674520492553711,5.819240255441205,14860562
2015-10-12,5.7887725830078125,5.834473537356438,5.7049871907828935,5.743071628659187,17020575
2015-10-13,5.796389102935791,5.81162287809539,5.765921923719519,5.788772586458919,9584163
2015-10-14,5.864940166473389,5.963958594886633,5.773538996987857,5.79638928935924,25044503
2015-10-15,5.864940166473389,5.9258745268657025,5.83447372848311,5.903024234494319,18588986
2015-10-16,5.880173683166504,5.971575596601128,5.8192400638179445,5.872557166299407,17527371
2015-10-19,5.933490753173828,6.032509541650544,5.92587386619825,5.92587386619825,20446556
2015-10-20,5.963958740234375,6.002043180286401,5.933491559295702,5.956342223326918,13434177
2015-10-21,5.826857089996338,5.925874780440786,5.7811561321950355,5.925874780440786,20448600
2015-10-22,5.887790203094482,5.895407090588399,5.804005925073096,5.819239700060929,10141026
2015-10-23,5.94872522354126,6.002043067509318,5.94872522354126,5.96395862817289,15376554
2015-10-26,6.1239118576049805,6.207696135595087,6.017276174935811,6.024893062426883,24961740
2015-10-27,6.070594787597656,6.169613595357042,6.017276939488528,6.101061970330171,14837062
2015-10-28,5.910640716552734,6.055360090876678,5.910640716552734,6.055360090876678,20056242
2015-10-29,5.941108703613281,6.017276844797431,5.933491815274274,5.971575885866348,12443064
2015-10-30,5.9944257736206055,6.0096591772204295,5.8801732055558915,5.9944257736206055,12247907
2015-11-02,6.093445301055908,6.161996553270728,5.971575830958289,5.994426495765204,17232081
2015-11-03,6.078210830688477,6.1619958498771545,6.070593943288975,6.1543789624776535,12741420
2015-11-04,6.146762847900391,6.1543797362575505,6.1086787772175555,6.1086787772175555,16996053
2015-11-05,6.1239118576049805,6.16199592395742,6.116294970113907,6.131528745096053,8415263
2015-11-06,6.024893283843994,6.1467623748711215,6.017276396072998,6.1467623748711215,10061328
2015-11-09,5.941108703613281,6.101061874320588,5.925874926935266,6.0782115804065295,8753468
2015-11-10,5.963958740234375,5.963958740234375,5.872557197418356,5.872557197418356,7113534
2015-11-11,5.872557163238525,5.979192481454709,5.864940275272453,5.956342188659437,8300825
2015-11-12,5.804006099700928,5.9182579311355274,5.765922032188417,5.90302415568935,10459817
2015-11-13,5.71260404586792,5.781155662552436,5.651669687818266,5.651669687818266,8443873
2015-11-16,5.651670455932617,5.68975452766536,5.5526516467657006,5.636436678798329,8211932
2015-11-17,5.750688552856445,5.781156105317636,5.712604483382911,5.727838259613506,7494652
2015-11-18,5.94872522354126,6.055360540374434,5.73545496097785,5.781155917078623,12766964
2015-11-19,5.94872522354126,6.047744023610091,5.94872522354126,6.0325102478755195,14121826
2015-11-20,5.979192733764648,6.085828427583591,5.910641481383158,5.979192733764648,15992679
2015-11-23,5.918257713317871,6.040126799093181,5.910640825875117,6.0172761367649175,6849918
2015-11-24,5.941108703613281,5.971575885866348,5.895407744682199,5.918258409699222,5306030
2015-11-25,5.872557163238525,6.040127214080347,5.872557163238525,5.956342188659437,11368167
2015-11-26,5.92587423324585,5.948724895587949,5.895407054559304,5.903023942006671,7171774
2015-11-27,5.872557163238525,6.002043145352928,5.872557163238525,5.956342188659437,11437647
2015-11-30,5.7887725830078125,5.849706941404028,5.743071628659187,5.826856649781179,9462573
2015-12-01,5.864940166473389,5.971575482711407,5.849707133029719,5.864940166473389,9314417
2015-12-02,5.8116230964660645,5.903024266446335,5.804006208600062,5.895407378580331,6762046
2015-12-03,6.0020432472229,6.01727665231065,5.788772978273737,5.796389495266136,20770456
2015-12-04,6.009659290313721,6.024893065303138,5.9182577536859835,5.986808998932517,9647513
2015-12-07,6.024893283843994,6.131528970432067,6.017276396072998,6.07821112713803,12553415
2015-12-08,5.9944257736206055,6.062977017577102,5.956341707966673,6.062977017577102,7909489
2015-12-09,5.903024196624756,6.017276399954588,5.903024196624756,5.9944261077297964,8199671
2015-12-10,5.819240093231201,5.895407488904834,5.811623205222658,5.895407488904834,9561685
2015-12-11,5.750688552856445,5.910641347762927,5.712604483382911,5.872557278289393,7133969
2015-12-14,5.7049880027771,5.826857479121138,5.674520819242581,5.7049880027771,8682966
2015-12-15,5.979192733764648,6.230547078428139,5.864940522761177,5.864940522761177,27394564
2015-12-16,5.92587423324585,6.131528709913062,5.92587423324585,6.1086780475709626,14412007
2015-12-17,6.085827827453613,6.139145669105355,5.956341852643911,5.994425919222891,21203685
2015-12-18,6.131528854370117,6.154379146147643,6.040126945054158,6.085827899712138,17311779
2015-12-21,6.58853816986084,6.626622244136649,6.0858290574055705,6.116296242605617,50882918
2015-12-22,6.337182998657227,6.634238312555668,6.3295664812005805,6.626621795099022,25015893
2015-12-23,6.283864974975586,6.4590522936628325,6.283864974975586,6.33718282230623,15753586
2015-12-24,6.154379367828369,6.329565934040759,6.154379367828369,6.291481123431924,13115386
2015-12-25,6.230546951293945,6.306715090408717,6.200079769868628,6.222930434264832,8793317
2015-12-28,6.154379367828369,6.268630830831332,6.11629529942542,6.230546762428382,8830100
2015-12-29,6.078210830688477,6.146762075078152,6.070593943288975,6.131528671382068,8513353
2015-12-30,6.032510280609131,6.139145969123874,6.024893392700514,6.123912193306641,8045384
2015-12-31,6.009659290313721,6.078210906663177,5.979192111437808,6.062977131673759,5343835
2016-01-04,5.842090606689453,6.040127475769649,5.834474089496339,6.040127475769649,11126008
2016-01-05,5.743072032928467,5.903024456650791,5.712604480482744,5.842090465068206,14153500
2016-01-06,5.628818988800049,5.80400591648934,5.590734922489714,5.788772512626959,13532267
2016-01-07,5.430783748626709,5.628820270550498,5.362232116775734,5.598353084785068,11784025
2016-01-08,5.537417411804199,5.567884963553753,5.354614699027494,5.3622312158619385,6297143
2016-01-11,5.446016311645508,5.552651259741069,5.430782906675978,5.522184078699058,8085233
2016-01-12,5.407932281494141,5.5221841184483385,5.385081988323892,5.484100791301859,6748763
2016-01-13,5.415548801422119,5.50695071009528,5.369847847085539,5.453632868185448,7566176
2016-01-14,5.354615211486816,5.385082395049262,5.3089142505916564,5.331764545487746,7133969
2016-01-15,5.377464294433594,5.461249308674457,5.362230520534201,5.423165245028874,5959960
2016-01-18,5.522183895111084,5.522183895111084,5.2479789037461355,5.2479789037461355,7631569
2016-01-19,6.009659290313721,6.009659290313721,5.51456679859857,5.5602677524639,34400813
2016-01-20,6.047743797302246,6.200079322329884,6.017276246973205,6.093444751692879,30584517
2016-01-21,6.161996364593506,6.2000796914633876,6.062977562334707,6.101061631410488,18617595
2016-01-22,6.245780944824219,6.382883451558882,6.23054716803016,6.306715309794521,24914739
2016-01-25,6.4362006187438965,6.550452077104845,6.337182193360505,6.367649743727328,24113674
2016-01-26,6.497136116027832,6.542835959955629,6.32956606319444,6.428584494621385,15729063
2016-01-27,6.314332485198975,6.580920235617836,6.314332485198975,6.550452682435491,21357972
2016-01-28,6.58853816986084,6.603771205806363,6.321949649930182,6.321949649930182,26855072
2016-01-29,6.702789783477783,6.740873854292165,6.588537571034638,6.588537571034638,23332023
2016-02-01,6.641854286193848,6.687555613809662,6.527602822669033,6.588537183950897,20028654
2016-02-02,6.69517183303833,6.740873158622693,6.6647050248546105,6.6647050248546105,14555054
2016-02-03,6.672322750091553,6.72564060182932,6.580920824570521,6.664706232217296,15994722
2016-02-15,7.083629608154297,7.083629608154297,6.641854543958511,6.657088320421659,27754226
2016-02-16,6.84751033782959,7.076014046818277,6.801809002267038,7.076014046818277,21988401
2016-02-17,6.969377040863037,7.007461108966435,6.794191218234462,6.916059197077105,23618118
2016-02-18,6.969377040863037,7.121713313276629,6.954143265180503,7.098863020855767,16339058
2016-02-19,6.999844551086426,7.037928618965984,6.946526707613869,6.96937699990043,10253420
2016-02-22,7.1597981452941895,7.190265699909993,7.030312151485961,7.0760134834096675,17433369
2016-02-23,7.114096641540527,7.159797225386555,7.022694731642607,7.144564192241788,9145826
2016-02-24,7.190265655517578,7.190265655517578,7.068396922218692,7.129331288868135,13124582
2016-02-25,7.152181148529053,7.274049874414839,7.144564631488407,7.235965804799792,10975809
2016-02-26,7.2131147384643555,7.266431836446863,7.152180382051613,7.159796898276019,11327296
2016-03-01,7.571105480194092,7.609188805419666,7.243581906519008,7.2816659739504495,25919134
2016-03-02,7.616805076599121,7.769141341416389,7.578721010394804,7.616805076599121,21934248
2016-03-03,7.502553939819336,7.654889468920631,7.4873201642474445,7.654889468920631,14884063
2016-03-04,7.403536796569824,7.571106872525584,7.35783546192407,7.5482565763057075,14473313
2016-03-07,7.175030708312988,7.487319750346936,7.083628802140228,7.388301327912209,19616883
2016-03-08,7.502553939819336,7.517787715391227,7.228348948348781,7.304516341796491,19016084
2016-03-09,7.342600345611572,7.487320098974086,7.319750053555877,7.487320098974086,11251685
2016-03-10,7.296899318695068,7.357833674547804,7.25119799515115,7.327366867724348,8864840
2016-03-11,7.296899318695068,7.42638528876077,7.281665544180429,7.312133093209709,10253420
2016-03-14,7.380684852600098,7.4263861816387085,7.31213397235105,7.342600782837544,11076963
2016-03-15,7.121712684631348,7.510169848113903,7.121712684631348,7.464469267306242,25362272
2016-03-16,7.235966682434082,7.312134830902441,7.144565498036851,7.144565498036851,14446747
2016-03-17,7.235966682434082,7.365452683271492,7.205499868370339,7.296901052767569,10221745
2016-03-18,7.197882652282715,7.274050051157592,7.152181322310676,7.243582497842899,7406780
2016-03-21,7.121712684631348,7.220731846724302,7.015077748678202,7.205498072386477,12197841
2016-03-22,7.175030708312988,7.220732032502286,7.129330126329525,7.152180417321257,7611133
2016-03-23,7.167414665222168,7.205498733457861,7.129330596986475,7.152180889486714,5802608
2016-03-24,7.068396091461182,7.190264810436682,7.0607788326465455,7.1674145184045095,6222554
2016-03-25,6.969377040863037,7.0607789527523686,6.969377040863037,7.045545177069833,6392167
2016-03-28,6.931293487548828,7.022695406226607,6.931293487548828,6.976994817990685,6351296
2016-03-29,6.870358467102051,6.99222643020487,6.855124693387029,6.954142367020208,8717706
2016-03-30,7.1597981452941895,7.190265699909993,6.931293712293537,6.969377784460312,12022097
2016-03-31,7.197882652282715,7.373068486121453,7.136947545653329,7.235965980617189,19787517
2016-04-01,7.106481552124023,7.2435833311955085,7.098864291816043,7.2435833311955085,7972839
2016-04-06,7.205498695373535,7.251198537926587,7.053162423235929,7.0683961988908655,10461860
2016-04-07,7.144564628601074,7.2664326122317,7.106480559001418,7.235965801875521,7224906
2016-04-08,7.251200199127197,7.258817459802668,7.121714931910741,7.136948711055632,10333118
2016-04-11,7.235966682434082,7.251199718362955,7.152182016001287,7.243583200398518,6250141
2016-04-12,7.1597981452941895,7.327368211269193,7.1597981452941895,7.312134433961291,7264755
2016-04-13,7.182648181915283,7.205498473591426,7.159797148033284,7.167414406729235,4991326
2016-04-14,7.175030708312988,7.2588153560179505,7.144563901059291,7.213114774034486,4581598
2016-04-15,7.083629608154297,7.136947454672356,7.076013091025682,7.129330937543741,5838370
2016-04-18,6.999844551086426,7.076012686845543,6.976994258799866,7.0607789112525445,3776446
2016-04-19,6.969377040863037,7.030311401387299,6.893208904656242,6.992227333283901,11136226
2016-04-20,6.710406303405762,7.0074616105515775,6.641854679030456,6.98461131649512,15856784
2016-04-21,6.649471282958984,6.778957259454336,6.626620991155301,6.771340000715869,7140099
2016-04-22,6.611388206481934,6.7180239071510455,6.5885379112545435,6.626621984035516,5786260
2016-04-25,6.634237289428711,6.710405421072379,6.596153223606876,6.596153223606876,4481465
2016-04-26,6.672322750091553,6.70279030600056,6.611388380479529,6.634238676308288,3841839
2016-04-27,6.641854286193848,6.740873458258502,6.641854286193848,6.7180231655535385,5690214
2016-04-28,6.527603626251221,6.702790214830174,6.497136812962609,6.702790214830174,6202118
2016-04-29,6.382883548736572,6.5276033171745524,6.329566442454528,6.4590524338665185,6237880
2016-05-03,6.550451755523682,6.573302788279902,6.299097817263453,6.398116237785736,7190166
2016-05-04,6.2686309814453125,6.527602949689943,6.245780688295705,6.527602949689943,12184558
2016-05-05,6.23816442489624,6.299098789840814,6.222930648108613,6.2457809421870865,5108829
2016-05-06,6.192463397979736,6.24578049964981,6.177229993374421,6.238163982898623,3709010
2016-05-09,6.2686309814453125,6.37526667241802,6.245780688295705,6.283864757613685,6126508
2016-05-10,6.337182998657227,6.344799516113873,6.200080117892975,6.306715444418743,5378575
2016-05-11,6.4362006187438965,6.596153402655079,6.420966843560485,6.474284685599498,14117739
2016-05-12,6.337182998657227,6.420967659504132,6.337182998657227,6.398117364928244,4123847
2016-05-13,6.245780944824219,6.3371828633826395,6.207696873942038,6.329566346088576,4104433
2016-05-16,6.337182998657227,6.382883587809003,6.253397595604372,6.253397595604372,3934820
2016-05-17,6.459052085876465,6.466668602876137,6.337182618440377,6.344799135440049,5752541
2016-05-18,6.352416515350342,6.436201172762379,6.344799256000027,6.420967396267668,4016561
2016-05-19,6.321948528289795,6.398116663327658,6.29909823621961,6.360032595808726,3106168
2016-05-20,6.337182998657227,6.420967659504132,6.261014855266967,6.321949221537984,2926337
2016-05-23,6.504753112792969,6.51998689002986,6.398117414340682,6.398117414340682,6029440
2016-05-24,6.4819016456604,6.542835259175006,6.4819016456604,6.504751936279833,4622468
2016-05-25,6.619004726409912,6.664706059086226,6.565686876057198,6.573304135939569,8336587
2016-05-26,6.626621723175049,6.695172606158676,6.61900446359513,6.626621723175049,8371327
2016-05-27,6.672322750091553,6.70279030600056,6.641855194182545,6.664706232217296,5473599
2016-05-30,6.657087802886963,6.756106971096528,6.657087802886963,6.702789128723499,4597946
2016-05-31,6.550451755523682,6.702788757673265,6.550451755523682,6.702788757673265,7978969
2016-06-01,6.626621723175049,6.687556088784698,6.550452838405561,6.550452838405561,4886084
2016-06-02,6.641854286193848,6.687555613809662,6.596153700783922,6.626621252527798,3399415
2016-06-03,6.565685749053955,6.664704915086293,6.550451974110069,6.664704915086293,3664052
2016-06-06,6.512368679046631,6.634237394728488,6.512368679046631,6.565685778278789,3542462
2016-06-07,6.504753112792969,6.58853777428694,6.489519335556077,6.535220667266752,6362536
2016-06-08,6.4819016456604,6.5276022268992655,6.405733515458411,6.504751936279833,6566889
2016-06-13,6.283864974975586,6.45143503421221,6.268631198280269,6.45143503421221,5833261
2016-06-14,6.299098491668701,6.329566043801753,6.261014422605336,6.283864715602176,4117716
2016-06-15,6.405734062194824,6.451434647334285,6.2990983739282385,6.329565925491801,5552275
2016-06-16,6.390500545501709,6.436201132493998,6.329566182110018,6.436201132493998,4449790
2016-06-17,6.276248455047607,6.466668808142832,6.276248455047607,6.405734443593546,7156448
2016-06-20,6.367650032043457,6.390500324750268,6.337182480297116,6.360032773003927,3325847
2016-06-21,6.36003303527832,6.466668728582056,6.329566224481481,6.436201175579297,6167378
2016-06-22,6.367650032043457,6.42096713429072,6.352416256170287,6.382883065710739,9648535
2016-06-23,6.504753112792969,6.512369630308436,6.3752671195883215,6.398117414340682,8633921
2016-06-24,6.4819016456604,6.626620647720688,6.382882482633157,6.580919324276001,12432847
2016-06-27,6.565685749053955,6.580919523997841,6.459051551064283,6.4742845838023255,7620329
2016-06-28,6.855125904083252,6.916059525293368,6.588537414707944,6.588537414707944,8227258
2016-06-29,6.931293487548828,7.015078888922598,6.794191722841063,6.931293487548828,15951808
2016-06-30,6.794191360473633,6.923676600971309,6.786574101369955,6.923676600971309,12601438
2016-07-01,6.778957366943359,6.885592311120002,6.702789231586099,6.809424917968612,11465234
2016-07-04,6.763724327087402,6.817042176077777,6.763724327087402,6.79419188142646,4594881
2016-07-05,6.976994514465332,6.99984480758922,6.778957651117102,6.786574168089763,15565581
2016-07-06,6.794191360473633,6.961760669872012,6.794191360473633,6.961760669872012,10090959
2016-07-07,6.763724327087402,6.908443354683044,6.763724327087402,6.855126247898623,7028727
2016-07-08,6.763724327087402,6.763724327087402,6.763724327087402,6.763724327087402,0
2016-07-11,6.8932085037231445,6.916058794814955,6.847508663745361,6.86274169633601,10754085
2016-07-12,6.961760997772217,7.022695362442183,6.916059667615294,6.9693775150287385,16485170
2016-07-13,6.976994514465332,6.99984480758922,6.931293186011654,6.961760738314106,9640361
2016-07-14,6.923676490783691,7.068396247185564,6.916059231801239,7.007461144149481,12763899
2016-07-15,6.946527004241943,6.984611073747754,6.923676710979638,6.954143521260742,9683275
2016-07-18,6.946527004241943,6.992227590766553,6.916059451754932,6.992227590766553,6356405
2016-07-19,7.030311584472656,7.030311584472656,6.9236766363296525,6.954143446282268,13224715
2016-07-20,7.030311584472656,7.060779136631171,6.969377222361526,7.00746129145672,10530319
2016-07-21,7.449235916137695,7.593954925053559,7.068395989292559,7.083629022289913,36605784
2016-07-22,7.32736873626709,7.563489703736521,7.274050882972247,7.434003700650764,21275209
2016-07-25,7.380684852600098,7.441619957984912,7.2816664196586425,7.357834559183748,11707393
2016-07-26,7.593955039978027,7.692973466988627,7.411151961390581,7.426385736824335,39790628
2016-07-27,7.517787456512451,7.731057338351383,7.510170197885872,7.6548892053206865,18115908
2016-07-28,7.578721046447754,7.6548891792187295,7.533021205873354,7.548254980868718,13969583
2016-07-29,7.304516792297363,7.616805870854917,7.235965911304835,7.609189353702165,27401717
2016-08-01,7.434002876281738,7.517788277084248,7.327367923722993,7.365451994395244,16676240
2016-08-02,7.312134265899658,7.502554622356926,7.304517006317803,7.434002997149933,13045906
2016-08-03,7.533021450042725,7.578721292098404,7.289282526628228,7.304516302117368,20565081
2016-08-04,7.548254489898682,7.6929727452211,7.540637231793534,7.65488868131276,19241894
2016-08-05,7.4797043800354,7.609189629562,7.472087120400575,7.593955852498297,8012687
2016-08-08,7.510171890258789,7.571107004179394,7.502555372121722,7.5558732256992425,6983769
2016-08-09,7.593955039978027,7.692973466988627,7.525404163834935,7.5787212645442725,13166475
2016-08-10,7.5406389236450195,7.616806326345163,7.5406389236450195,7.616806326345163,7971817
2016-08-11,7.456854343414307,7.578722337520497,7.4263867882332795,7.533022489160902,7926859
2016-08-12,7.593955039978027,7.60157155659197,7.502553871787238,7.517787647220992,13524093
2016-08-15,7.563488006591797,7.654889172066896,7.563488006591797,7.616805105716989,8174126
2016-08-16,7.609188079833984,7.692972723311396,7.586337789995218,7.593954305872875,18108756
2016-08-17,7.563488006591797,7.654889172066896,7.563488006591797,7.586338297960571,9462573
2016-08-18,7.593478679656982,7.647333340418992,7.570398324952861,7.647333340418992,8041297
2016-08-19,7.547317028045654,7.678105951258913,7.547317028045654,7.616558840070319,10293269
2016-08-22,7.678106784820557,7.731961450055435,7.5857853583363655,7.6473339755640275,13002992
2016-08-23,8.039700508117676,8.116635520123243,7.7704279660981905,7.808895472100974,64355923
2016-08-24,7.731962203979492,8.001234806731324,7.731962203979492,7.962768041731215,24584708
2016-08-25,7.731962203979492,7.8088972333371585,7.6934946893006595,7.770429718658326,14566294
2016-08-26,7.885831832885742,7.962766850736199,7.808896065356673,7.808896065356673,19987784
2016-08-29,7.7704291343688965,7.962767442979104,7.7704291343688965,7.924299931192796,13091886
2016-08-30,7.7704291343688965,7.885832419406488,7.731961622582588,7.847364157941513,9532053
2016-08-31,7.924299240112305,8.001233507296794,7.7704284567075215,7.847363473570613,29679233
2016-09-01,7.924299240112305,7.924299240112305,7.847363473570613,7.88583173168076,9820191
2016-09-02,7.808895587921143,8.039700627361105,7.7704280813478155,8.039700627361105,20351532
2016-09-05,7.808895587921143,7.924298857319689,7.7704280813478155,7.84736309449447,9603577
2016-09-06,7.808895587921143,7.84736309449447,7.7704280813478155,7.84736309449447,7517131
2016-09-07,7.924299240112305,8.039701015728339,7.847363473570613,7.88583173168076,19048781
2016-09-08,7.924299240112305,8.039701015728339,7.88583173168076,8.001233507296794,15900720
2016-09-09,7.924299240112305,8.001233507296794,7.88583173168076,7.88583173168076,12222363
2016-09-12,7.7704291343688965,7.924299931192796,7.7704291343688965,7.808896646155205,13740707
2016-09-13,7.693493366241455,7.847363398495575,7.670413011339056,7.847363398495575,12657635
2016-09-14,7.731962203979492,7.731962203979492,7.670414330429105,7.685801486236382,9086563
2016-09-19,7.7704291343688965,7.847364157941513,7.731961622582588,7.808896646155205,11088203
2016-09-20,7.7704291343688965,7.808896646155205,7.731961622582588,7.7704291343688965,6350274
2016-09-21,7.847363471984863,7.847363471984863,7.770428455137319,7.770428455137319,8217041
2016-09-22,7.847363471984863,8.00123350567995,7.808895963561091,7.962766746934781,12939643
2016-09-23,7.924299240112305,7.924299240112305,7.847363473570613,7.88583173168076,9498335
2016-09-26,7.847363471984863,7.924299238511009,7.808895963561091,7.8858317300872365,6555649
2016-09-27,7.847363471984863,7.847363471984863,7.847363471984863,7.847363471984863,0
2016-09-28,7.847363471984863,7.847363471984863,7.847363471984863,7.847363471984863,0
2016-09-29,7.924299240112305,8.001233507296794,7.88583173168076,7.96276674854385,15309118
2016-09-30,7.7704291343688965,7.885832419406488,7.7704291343688965,7.847364157941513,7271907
2016-10-03,7.7704291343688965,7.847364157941513,7.731961622582588,7.808896646155205,6660891
2016-10-04,7.847363471984863,7.924299238511009,7.808895963561091,7.847363471984863,8562398
2016-10-05,7.7704291343688965,7.885832419406488,7.731961622582588,7.847364157941513,6747741
2016-10-06,7.808895587921143,7.84736309449447,7.7704280813478155,7.808895587921143,5315226
2016-10-07,7.731962203979492,7.847364748015992,7.731962203979492,7.8088972333371585,5014826
2016-10-11,7.570398807525635,7.847363831308734,7.424221968950552,7.770428810938403,14396681
2016-10-12,7.678106784820557,7.731961450055435,7.578092156022233,7.578092156022233,5731084
2016-10-13,7.631946086883545,7.731960706058099,7.616558934057238,7.693493198831619,4043127
2016-10-14,7.4703826904296875,7.655026289736924,7.447302334226113,7.616559529183391,9037519
2016-10-17,7.693493366241455,7.808895890432045,7.624253051212853,7.6550258581779245,15425599
2016-10-18,7.731962203979492,7.770429718658326,7.678107533493382,7.6934946893006595,6151030
2016-10-19,7.693493366241455,7.808895890432045,7.693493366241455,7.731960874304985,5880262
2016-10-20,7.731962203979492,7.770429718658326,7.6934946893006595,7.731962203979492,6434059
2016-10-21,7.808895587921143,7.808895587921143,7.731960574774488,7.7704280813478155,8666618
2016-10-24,7.847363471984863,8.00123350567995,7.808895963561091,7.808895963561091,19338962
2016-10-25,7.847363471984863,7.8858317300872365,7.770428455137319,7.8858317300872365,7308691
2016-10-26,7.7704291343688965,7.847364157941513,7.7704291343688965,7.7704291343688965,9473813
2016-10-27,7.731962203979492,7.847364748015992,7.6934946893006595,7.847364748015992,8150626
2016-10-28,7.670413017272949,7.770428388379781,7.639639460605475,7.7319608802864925,8908776
2016-10-31,7.631946086883545,7.685799997257755,7.585784628404622,7.685799997257755,4239306
2016-11-01,7.601173400878906,7.662721275620099,7.593480197665785,7.616560556983889,5270268
2016-11-02,7.516542911529541,7.608865070780031,7.493461809458033,7.57039756689887,10941068
2016-11-03,7.601173400878906,7.731962353574413,7.601173400878906,7.6550273227282375,16215424
2016-11-04,7.5627055168151855,7.678107307780501,7.547318361460243,7.616560185718134,7332191
2016-11-07,7.616559982299805,7.639640339876452,7.585785672411821,7.616559982299805,6709936
2016-11-08,7.616559982299805,7.693494257662402,7.601172827355813,7.693494257662402,6669065
2016-11-09,7.339592933654785,7.662720166368736,7.3318997315553265,7.655026214590648,12636178
2016-11-10,7.570398807525635,7.601172365866585,7.501156989320882,7.501156989320882,5657517
2016-11-11,7.439609050750732,7.562704782277026,7.4242218968902876,7.508850118604787,9239828
2016-11-14,7.454995632171631,7.5319314033029645,7.424222073397745,7.4934631428979745,4932063
2016-11-15,7.424220561981201,7.485768416677761,7.424220561981201,7.485768416677761,4425267
2016-11-16,7.393446922302246,7.501156239931662,7.385753720905242,7.454994782513958,5693279
2016-11-17,7.331899166107178,7.447301686770796,7.316512013416314,7.447301686770796,7322996
2016-11-18,7.5627055168151855,7.578092672170128,7.431915820816225,7.4473029761711675,12787399
2016-11-21,7.616559982299805,7.647334292187789,7.508850647370542,7.562705314835173,9068172
2016-11-22,7.616559982299805,7.693494257662402,7.616559982299805,7.647334292187789,10817435
2016-11-23,7.731962203979492,7.847364748015992,7.6934946893006595,7.731962203979492,21128074
2016-11-24,7.693493366241455,7.885831656237699,7.693493366241455,7.731960874304985,20976853
2016-11-25,7.731962203979492,7.8088972333371585,7.6934946893006595,7.770429718658326,6872397
2016-11-28,7.693493366241455,7.808895890432045,7.693493366241455,7.7704283823685145,7372040
2016-11-29,7.693493366241455,7.7704283823685145,7.662719809597788,7.693493366241455,8860753
2016-11-30,7.616559982299805,7.731961770183042,7.616559982299805,7.693494257662402,8204779
2016-12-01,7.662720680236816,7.670413882852187,7.616559965187233,7.6473342750060755,7296430
2016-12-02,7.508850574493408,7.647334217966604,7.493463419698757,7.647334217966604,13794861
2016-12-05,7.454995632171631,7.5319314033029645,7.408834919171478,7.508850297124241,8119973
2016-12-06,7.454995632171631,7.5319314033029645,7.454995632171631,7.508850297124241,6676218
2016-12-07,7.49346399307251,7.524238305016556,7.462690430807194,7.478077586779218,4331265
2016-12-08,7.4780778884887695,7.570400078366999,7.462690731895938,7.570400078366999,8666618
2016-12-09,7.58578634262085,7.6011734989243065,7.4857709511665,7.508851310782312,12353149
2016-12-12,7.539624214172363,7.6627199422349355,7.516543858870457,7.616559231631123,11830005
2016-12-13,7.593478679656982,7.616559034361105,7.5396240188949735,7.5396240188949735,6519888
2016-12-14,7.601173400878906,7.6550273227282375,7.593480197665785,7.6550273227282375,8530723
2016-12-15,7.593478679656982,7.624252985714871,7.570398324952861,7.624252985714871,5281507
2016-12-16,7.685799598693848,7.770427810332091,7.616558539083977,7.616558539083977,16755938
2016-12-19,7.731962203979492,7.770429718658326,7.647334721236273,7.6934946893006595,17627504
2016-12-20,7.662720680236816,7.770429265245403,7.639640322712025,7.770429265245403,5648321
2016-12-21,7.693493366241455,7.731960874304985,7.647333406115251,7.662719809597788,13125604
2016-12-22,7.731962203979492,7.962768041731215,7.731962203979492,7.847364748015992,30874699
2016-12-23,7.693493366241455,7.847363398495575,7.662719809597788,7.808895890432045,10023523
2016-12-26,7.639639377593994,7.731960796271856,7.608865821260903,7.731960796271856,5466447
2016-12-27,7.608866214752197,7.67041333060128,7.601172263012092,7.639639772676738,3758054
2016-12-28,7.693493366241455,7.693493366241455,7.59347874489059,7.59347874489059,3933798
2016-12-29,7.693493366241455,7.731960874304985,7.639639454695389,7.693493366241455,4113629
2016-12-30,7.670413017272949,7.7319608802864925,7.66271981552573,7.7319608802864925,4237263
2017-01-03,7.731962203979492,7.731962203979492,7.655027174621826,7.6934946893006595,4270981
2017-01-04,7.7704291343688965,7.7704291343688965,7.69349411079628,7.7704291343688965,5425576
2017-01-05,7.847363471984863,7.8858317300872365,7.770428455137319,7.808895963561091,17467087
2017-01-06,7.7704291343688965,7.885832419406488,7.7704291343688965,7.847364157941513,7233080
2017-01-09,7.693493366241455,7.808895890432045,7.693493366241455,7.7704283823685145,4768581
2017-01-10,7.655025959014893,7.731960976155391,7.639639555329677,7.693493467585142,6893854
2017-01-11,7.731962203979492,7.770429718658326,7.678107533493382,7.731962203979492,6295099
2017-01-12,7.693493366241455,7.7704283823685145,7.685800164500186,7.7704283823685145,5659561
2017-01-13,7.693493366241455,7.731960874304985,7.685800164500186,7.693493366241455,5782173
2017-01-16,7.731962203979492,7.8088972333371585,7.6934946893006595,7.770429718658326,6749785
2017-01-17,8.347440719604492,8.385908229815312,7.731961305909994,7.731961305909994,79424926
2017-01-18,8.578246116638184,8.693647892023746,8.46284284189542,8.46284284189542,82061082
2017-01-19,8.539779663085938,8.770583992043774,8.501311400301157,8.655182202404202,49421793
2017-01-20,9.001387596130371,9.155257623348717,8.69364754169368,8.69364754169368,86191060
2017-01-23,9.886139869689941,9.886139869689941,9.309127995895093,9.309127995895093,165342153
2017-01-24,9.847673416137695,10.463152864081549,9.847673416137695,10.040010977894736,148124376
2017-02-02,9.847673416137695,10.347750327027324,9.847673416137695,10.270815302324507,77500941
2017-02-03,9.501465797424316,9.847673408311865,9.34759649781964,9.847673408311865,72159149
2017-02-06,9.886139869689941,10.040009902616195,9.693802328532126,9.809204853226815,67472309
2017-02-07,9.847673416137695,9.924608440840512,9.578400829677838,9.809205903786287,37851316
2017-02-08,9.116790771484375,9.924608538840717,8.924453957506788,9.924608538840717,145045796
2017-02-09,8.962920188903809,9.07832196092111,8.770582652744007,9.001387696135769,62930560
2017-02-10,8.962920188903809,9.23219273952753,8.924452681671848,9.07832196092111,52075319
2017-02-13,9.155258178710938,9.232193196987025,8.847518105606591,9.19372568784898,40399600
2017-02-14,8.924452781677246,9.155257827655356,8.924452781677246,9.116789570313752,36339103
2017-02-15,8.962920188903809,9.07832196092111,8.924452681671848,9.001387696135769,20737760
2017-02-16,8.847517967224121,9.03985550990602,8.847517967224121,9.00138800136964,18536876
2017-02-17,9.039856910705566,9.07832367552408,8.847519338219392,8.924454367213862,26284927
2017-02-20,8.732117652893066,9.0783245677136,8.732117652893066,9.03985779911469,28751469
2017-02-21,8.616713523864746,8.809050313702432,8.57824601596149,8.693647789992665,28714686
2017-02-22,8.616713523864746,8.809050313702432,8.57824601596149,8.693647789992665,29605666
2017-02-23,8.501311302185059,8.693648865495675,8.462843789522935,8.655182102512237,30916591
2017-02-24,8.578246116638184,8.655181133347625,8.46284284189542,8.578246116638184,34697125
2017-03-01,8.501311302185059,8.693648865495675,8.462843789522935,8.655182102512237,22674006
2017-03-02,8.924452781677246,9.039855304666302,8.693647735699136,8.693647735699136,74375359
2017-03-03,8.847517967224121,8.96292049283326,8.770582950151361,8.924452984296881,26023355
2017-03-06,8.885986328125,8.962921352577546,8.847518815898727,8.924453840351273,21154640
2017-03-07,8.847517967224121,8.96292049283326,8.809050458687741,8.924452984296881,19334875
2017-03-08,9.155258178710938,9.155258178710938,8.847518105606591,8.885985614744634,45774089
2017-03-09,9.424529075622559,9.69380161337809,9.386062319907454,9.5399315918035,106104255
2017-03-10,9.270661354064941,9.38606388954472,9.078323045253308,9.38606388954472,49984786
2017-03-13,9.309127807617188,9.61686711756704,9.270660300163632,9.386062822524297,49151025
2017-03-14,9.424529075622559,9.5399315918035,9.309127309120159,9.462996581016206,36777440
2017-03-15,9.270661354064941,9.539933187172425,9.232193842238349,9.46299816351924,40694891
2017-03-16,9.309127807617188,9.424529580299268,9.232192792710078,9.386062822524297,24728777
2017-03-17,9.501465797424316,9.501465797424316,9.270661473177963,9.386064010140478,34741061
2017-03-20,9.886139869689941,10.078477410847757,9.539932295605874,9.578399803837437,138147854
2017-03-21,9.847673416137695,10.040010977894736,9.809205903786287,10.001543465543328,52444177
2017-03-22,10.078476905822754,10.116943662448179,9.539931817566966,9.655334336478921,90419127
2017-03-23,11.078633308410645,11.078633308410645,10.309283044250062,10.309283044250062,156690862
2017-03-24,11.117100715637207,11.771047684260804,10.847827376069343,11.463307581530316,290406296
2017-03-27,11.77104663848877,12.078785964200163,11.19403399713249,11.386371544251249,246981247
2017-03-28,11.424839973449707,11.92491688653934,11.117100622963273,11.771047586135463,139997251
2017-03-29,12.501930236816406,12.540397001696688,11.386373064284042,11.617177401959339,200778015
2017-03-30,12.963537216186523,13.386679820977086,12.386526072647552,12.578862120922377,306850596
2017-03-31,13.078941345214844,13.463616487551072,12.578863660177749,13.078941345214844,175750882
2017-04-05,13.463614463806152,13.54054948070913,12.809668319488052,13.309744430000197,167977287
2017-04-06,13.194341659545898,13.617484244651921,13.040471628598254,13.617484244651921,67280217
2017-04-07,13.809823036193848,14.232965659688293,12.88660276675142,13.232810367792329,127384573
2017-04-10,13.463614463806152,14.386833167284673,13.463614463806152,13.77135453141806,126406743
2017-04-11,13.155874252319336,13.809821888842958,13.155874252319336,13.386679300504143,59024349
2017-04-12,13.040472030639648,13.4251471198684,13.040472030639648,13.2712770841769,55711784
2017-04-13,13.194341659545898,13.617484244651921,13.078939136335165,13.117406644072076,61692179
2017-04-14,13.194341659545898,13.463614213704275,13.078939136335165,13.425146705967364,58016888
2017-04-17,12.80966854095459,13.579017223928437,12.771201031838036,13.309744660112559,108118155
2017-04-18,13.194341659545898,13.386679198230453,12.848135589270877,13.078939136335165,84358012
2017-04-19,12.771200180053711,13.34821127896062,12.771200180053711,13.117406239655004,90486564
2017-04-20,12.540395736694336,12.963537604480551,12.348058932979864,12.925070093801928,61016792
2017-04-21,13.232809066772461,13.271276574217191,12.809667984237603,12.886601499769895,88710734
2017-04-24,12.80966854095459,13.309744660112559,12.80966854095459,13.309744660112559,46454585
2017-04-25,12.925069808959961,13.00200482862172,12.694266249331948,12.886602299129082,42586179
2017-04-26,13.386680603027344,13.655953185443158,13.040472997064153,13.040472997064153,118428795
2017-04-27,13.232809066772461,13.30974408166192,13.078939036993543,13.271276574217191,40475211
2017-04-28,13.11740779876709,13.579017932244493,13.11740779876709,13.309745354382676,63110390
2017-05-02,12.540395736694336,13.309745200588164,12.501928975694359,13.232810179230917,91568614
2017-05-03,12.617331504821777,12.771201547500803,12.38652644080324,12.655799015491533,71365237
2017-05-04,13.040472030639648,13.117407048485399,12.809668476459622,12.925069503871024,99668152
2017-05-05,12.886602401733398,13.040472442282041,12.848136390953508,13.040472442282041,30416948
2017-05-08,12.694266319274902,13.155874940431564,12.655798809232074,13.002004900260255,46289059
2017-05-09,12.386526107788086,12.848136223414649,12.155721049974805,12.694266184872461,61417324
2017-05-10,12.80966854095459,12.80966854095459,12.540395227460097,12.578861986898035,51377453
2017-05-11,12.578863143920898,12.925070757814582,12.578863143920898,12.886603245159728,31993533
2017-05-12,12.65579891204834,12.694266422403679,12.424993849916305,12.424993849916305,22287779
2017-05-15,13.232809066772461,13.232809066772461,12.771200476792872,12.809667984237603,81157841
2017-05-16,12.925069808959961,13.155874867945235,12.848136288655462,13.155874867945235,32885534
2017-05-17,12.925069808959961,13.117407358114356,12.848136288655462,13.00200482862172,25700477
2017-05-18,13.155874252319336,13.386679300504143,12.578861631857317,12.694265655306909,72993932
2017-05-19,13.11740779876709,13.348212865505792,13.078940287643974,13.232810332136442,35912005
2017-05-22,13.155874252319336,13.30974428444254,13.078939236257733,13.232809268380938,32383847
2017-05-23,13.002004623413086,13.194342169531845,12.925069604965582,13.155874660308093,18426525
2017-05-24,13.078941345214844,13.271278916382958,13.040473830981222,13.040473830981222,33834755
2017-05-25,13.348213195800781,13.386680707875758,13.117408123350922,13.155875635425899,58388810
2017-05-26,13.155874252319336,13.348211792473341,13.155874252319336,13.348211792473341,22829314
2017-05-31,13.463614463806152,13.579016989160618,13.27127692154871,13.27127692154871,75196859
2017-06-01,14.694574356079102,14.77150937885215,13.655953048000264,13.694420559386788,223799422
2017-06-02,15.04078197479248,15.156184509076617,14.771509394796164,15.002314463364435,143296533
2017-06-05,14.463769912719727,15.00231509540087,14.463769912719727,14.963847582352217,66511849
2017-06-06,14.540705680847168,14.848444269850983,14.54070568084717,14.579173191892309,72722142
2017-06-07,14.117562294006348,14.694573429045091,14.079094785046617,14.617638411125629,73729603
2017-06-08,14.348365783691406,14.694573362767471,14.348365783691406,14.386833292477636,55751633
2017-06-09,13.84829044342041,14.386834097193402,13.732887910606776,14.386834097193402,80412974
2017-06-12,13.925224304199219,14.002159319660068,13.540549226894969,13.61748424235582,32199929
2017-06-13,13.694419860839844,14.348366021695902,13.694419860839844,14.194497483355898,80050247
2017-06-14,13.925224304199219,14.002159319660068,13.425146703703694,13.925224304199219,77696098
2017-06-15,13.84829044342041,14.002160487171922,13.65595288873102,13.963692976234045,74705390
2017-06-16,13.925224304199219,14.117561842851343,13.771354273277518,13.925224304199219,69826458
2017-06-19,14.040628433227539,14.07909594535752,13.848290872577625,14.002160921097556,25855785
2017-06-20,13.925224304199219,14.309897882146291,13.925224304199219,14.156029350581768,53772472
2017-06-21,14.079094886779785,14.079094886779785,13.809822322115947,13.925224849829021,32926405
2017-06-22,13.963692665100098,14.23296523566541,13.963692665100098,14.156030215503893,27119709
2017-06-23,13.925224304199219,14.079094335120919,13.84828928873837,14.040626827390494,18950691
2017-06-26,14.002161026000977,14.079096050837336,13.88675848874644,13.963693513582799,17237190
2017-06-27,14.463769912719727,14.694574991011645,14.07909628159058,14.07909628159058,99995117
2017-06-28,14.15602970123291,14.42530076265867,14.117562192549627,14.386833253975388,40551844
2017-06-29,14.15602970123291,14.463768271341953,14.15602970123291,14.309898236608824,32764966
2017-06-30,14.040628433227539,14.07909594535752,13.886758384707608,14.07909594535752,35914048
2017-07-03,13.963692665100098,14.194497725584652,13.925225155019339,14.079095195342376,24058499
2017-07-04,13.925224304199219,14.156029350581768,13.925224304199219,13.963691811929644,16325775
2017-07-05,13.886757850646973,14.040627893249328,13.579017765442261,14.040627893249328,43247262
2017-07-06,13.963692665100098,14.194497725584652,13.963692665100098,13.963692665100098,46489325
2017-07-07,13.809823036193848,14.040628103554456,13.77135552496708,13.886758058647384,17447674
2017-07-10,13.84829044342041,14.117563019985557,13.84829044342041,14.07909550904768,24606165
2017-07-11,13.963692665100098,14.040627685261615,13.88675764493858,13.963692665100098,15125200
2017-07-12,14.002161026000977,14.079096050837336,13.925226001164619,14.002161026000977,15808761
2017-07-13,14.194498062133789,14.27143158476212,14.002160507169704,14.079095529155337,39676190
2017-07-14,14.15602970123291,14.656105814758364,14.15602970123291,14.540704788065732,77802362
2017-07-17,13.925224304199219,14.232964366042617,13.886756796468793,14.232964366042617,29236808
2017-07-18,14.002161026000977,14.156031075673694,13.925226001164619,13.963693513582799,26285948
2017-07-19,14.040628433227539,14.19449848174747,14.002160921097556,14.040628433227539,25653475
2017-07-20,14.040628433227539,14.156030969617486,14.040628433227539,14.117563457487504,16517867
2017-07-21,14.271432876586914,14.271432876586914,14.040629289095383,14.079096803570213,31534760
2017-07-24,14.194498062133789,14.194498062133789,14.04062801816252,14.156030551140972,17009336
2017-07-25,14.463769912719727,14.540706438174418,14.309899860525116,14.309899860525116,44876978
2017-07-26,14.386832237243652,14.771507296891103,14.38683223724365,14.617637273032123,57062558
2017-07-27,14.463769912719727,14.579173951223071,14.271432347476463,14.502238925125765,27056360
2017-07-28,14.617640495300293,14.617640495300293,14.309900379745036,14.540706965768917,24302701
2017-07-31,14.040628433227539,14.386834543040035,13.886758384707608,14.386834543040035,75733286
2017-08-01,13.655951499938965,14.002159063171021,13.579016485887397,13.925224049119453,59370727
2017-08-02,13.732887268066406,13.848289795480536,13.65595224979032,13.771354777204449,24089152
2017-08-03,13.732887268066406,13.963692322894667,13.732887268066406,13.771354777204449,30685672
2017-08-04,13.925224304199219,13.925224304199219,13.69441925781667,13.771354273277518,15873132
2017-08-07,14.117562294006348,14.15602980296608,13.925224749207691,14.002159767127154,33452614
2017-08-08,14.15602970123291,14.386833253975388,14.040627175183063,14.232964718599474,56529196
2017-08-09,14.040628433227539,14.271432006650086,14.040628433227539,14.271432006650086,22383824
2017-08-10,13.771355628967285,14.19449825565727,13.6174855828982,14.19449825565727,36163359
2017-08-11,14.002161026000977,14.117563563255516,13.848290976328261,13.848290976328261,62039580
2017-08-14,13.997300148010254,14.275655826083804,13.997300148010254,14.235890729216154,56791790
2017-08-15,13.997300148010254,14.156360535480854,13.798474663672003,14.116595438613205,47334325
2017-08-16,14.315420150756836,14.394950340202161,13.878004108807545,13.917769203530208,71968079
2017-08-17,15.269782066345215,15.508372653308992,14.713072246696722,14.713072246696722,186038021
2017-08-18,15.985552787780762,16.065082978263927,14.991426956674745,15.07095714715791,161390985
2017-08-21,15.985552787780762,16.462733930679757,15.906022597297596,16.26390690453829,104696215
2017-08-22,16.542261123657227,16.542261123657227,15.945786297163068,16.065081572448584,96433643
2017-08-23,16.7410888671875,17.45686061658473,16.7410888671875,16.7410888671875,124461169
2017-08-24,16.900148391723633,17.21826915296585,16.621792725636695,16.979678582034186,66471200
2017-08-25,17.973806381225586,18.37145737636785,16.860385144760976,17.13874084136056,168505059
2017-08-28,19.206523895263672,19.643939976918215,18.53051722361574,18.88840310860582,222397585
2017-08-29,18.212398529052734,18.92816877040684,18.212398529052734,18.76910837234288,156774302
2017-08-30,18.530515670776367,19.16675719077564,18.530515670776367,18.848636430776004,91667264
2017-08-31,18.41122055053711,18.808871504095205,18.21239662369162,18.689576218027778,73162075
2017-09-01,18.530515670776367,18.888401525775958,18.490750575776413,18.57028076577632,63684746
2017-09-04,19.40534782409668,19.604173299745238,18.450985540983602,18.450985540983602,125163170
2017-09-05,19.564409255981445,19.962058678714175,19.28605357511499,19.72346964504799,88972323
2017-09-06,19.32581901550293,19.445112759487213,19.007698231721747,19.286053917530282,68184158
2017-09-07,18.848636627197266,19.60417344006984,18.848636627197266,19.524643249241148,60322640
2017-09-08,19.246288299560547,19.28605339645882,19.00769771817091,19.04746281506918,53475770
2017-09-11,19.40534782409668,19.484876464422555,19.007696872799563,19.445111369292842,39574937
2017-09-12,19.047462463378906,19.802997740562347,19.007697367214853,19.56440871351161,101590388
2017-09-13,18.530515670776367,19.16675719077564,18.37145529077655,19.007696810775823,87010422
2017-09-14,18.92816734313965,18.92816734313965,17.934041480135075,18.450986184929324,58487467
2017-09-15,20.041589736938477,20.041589736938477,19.405349703187206,19.445113252233817,224364791
2017-09-18,21.47313117980957,22.02984096062647,20.359708518308686,20.43923870841589,192025449
2017-09-19,20.99595069885254,21.990076556494195,20.87665540994351,21.870781267585162,111893250
2017-09-20,21.353837966918945,21.632193679511023,20.876658295266335,21.274307763321207,83323439
2017-09-21,22.427494049072266,22.427494049072266,21.35383638027814,21.35383638027814,130854719
2017-09-22,22.02984046936035,22.308196128528234,21.791249904359308,22.26843103436139,81330426
2017-09-25,21.512897491455078,22.94443944440744,21.512897491455078,22.90467434710505,104813200
2017-09-26,20.00182342529297,21.39360025528987,19.683704202671027,21.314070062150982,137762846
2017-09-27,20.717594146728516,20.83688943058186,20.43923848440404,20.43923848440404,62056604
2017-09-28,20.95618438720703,21.552660797159856,20.87665419921332,21.433363965235785,63437961
2017-09-29,20.99595069885254,20.99595069885254,20.16088367648933,20.67782992842846,58208503
2017-10-02,21.75148582458496,21.950311304691496,21.632190536521037,21.87078111264888,53779451
2017-10-03,21.55265998840332,21.791248993497973,21.393598068451144,21.791248993497973,30624874
2017-10-05,21.632190704345703,21.99007657131398,21.55266206161968,21.71172089700532,40891921
2017-10-06,21.353837966918945,21.67195878130989,21.19477910965728,21.632193679511023,42565706
2017-10-11,22.188899993896484,22.586550920293703,21.950309438058152,21.950309438058152,134799188
2017-10-12,22.268430709838867,22.66608009577873,22.188900522664195,22.546786364950215,61684790
2017-10-13,22.82514190673828,23.222791290703878,22.02984003894013,22.228665505889666,109216904
2017-10-16,23.063732147216797,23.302322720281143,22.82514312408601,23.143262338238245,58562459
2017-10-17,22.38772964477539,23.063734796165647,22.38772964477539,23.023969696087764,45986962
2017-10-18,21.87078285217285,22.586554637486316,21.632192257068365,22.467259339934074,62071399
2017-10-19,22.228666305541992,22.268431400362406,21.71172007287661,21.83101535733785,31182008
2017-10-20,22.149137496948242,22.54678846994679,21.950312010448968,22.06960730234853,39867218
2017-10-23,22.069604873657227,22.507020895819355,22.029839780733393,22.387725617047867,22886593
2017-10-24,22.188899993896484,22.228665086536207,21.950309438058152,22.109369808617043,19926028
2017-10-25,20.717594146728516,22.347961476124045,20.518768673639606,22.308196381506264,117464611
2017-10-26,20.99595069885254,21.075480891458557,20.359709158004378,20.59829973582244,30631182
2017-10-27,20.399473190307617,21.39359899609746,20.35970809607868,21.39359899609746,45165747
2017-10-30,20.717594146728516,20.916419619817425,20.479003579021825,20.757359241346297,23754492
2017-10-31,21.02556610107422,21.146402028694816,20.743614570003725,20.743614570003725,25495723
2017-11-01,21.186681747436523,21.831144162541438,21.186681747436523,21.50891295498898,46014128
2017-11-02,20.945009231567383,21.18668107968113,20.824171757576902,21.18668107968113,15844361
2017-11-03,20.74361228942871,21.26723716810617,20.62277482515946,21.065843460902066,24528893
2017-11-06,20.985288619995117,21.146402678461925,20.824173011594606,20.94501049286184,24366325
2017-11-07,22.71727752685547,23.039508721549453,21.307518374969685,21.347796499339637,124902895
2017-11-08,22.435327529907227,23.361741502592587,22.193654117476214,23.160346217266557,89747323
2017-11-09,21.790863037109375,22.757556595462603,21.670027117281997,22.596441002403733,39940610
2017-11-10,22.676998138427734,22.79783405473556,21.508910897740183,22.113093579146344,58765166
2017-11-13,22.072818756103516,22.757559334036493,21.911703143656492,22.677001527812983,61895062
2017-11-14,22.314491271972656,23.079789625166644,22.11309598959507,22.43532720145226,108981048
2017-11-15,22.676998138427734,22.958949643101672,22.233929495454174,22.47560287800334,51525026
2017-11-16,22.51588249206543,23.07978704989432,22.4756028201109,22.87839178998868,49669011
2017-11-17,22.797836303710938,23.039509710100855,22.757558177612783,22.87839410584091,45907595
2017-11-20,22.757556915283203,23.522855218101093,22.717277241485643,23.079788105929385,49629919
2017-11-21,22.958951950073242,23.12006755462864,22.79783634551784,23.079789428456625,35627252
2017-11-22,22.71727752685547,23.804807033980865,22.515883805138525,23.522855513590425,80233976
2017-11-23,22.958951950073242,23.281183159184042,22.71727854324014,22.918673823901223,51906761
2017-11-24,23.120067596435547,23.361741003705653,22.79783638674207,23.079789470190697,39420980
2017-11-27,24.167316436767578,24.167316436767578,23.28118070512024,23.36173849890636,98343850
2017-11-28,22.59644317626953,24.44927112476226,22.59644317626953,24.28815551620344,137909025
2017-11-29,21.951980590820312,22.838116431789768,21.831144660200415,22.59644302061628,91372366
2017-11-30,23.039508819580078,23.039508819580078,20.904729470549576,21.267238791155947,321841586
2017-12-01,21.670026779174805,22.59644064984214,21.629748656505306,22.59644064984214,102969255
2017-12-04,20.783891677856445,22.072816442321123,20.783891677856445,21.670027453425913,81295842
2017-12-05,20.46166229248047,21.2672403413631,20.018596690495595,20.05887481797287,85438689
2017-12-06,19.73664093017578,21.025564084201644,19.73664093017578,20.824170374174745,66302045
2017-12-07,19.696359634399414,20.340820332601353,19.49496440689054,19.978311092991934,66596125
2017-12-08,19.93803596496582,20.09915156366591,19.37413291944912,19.897757840257604,51593927
2017-12-11,20.13943099975586,20.501940317570327,19.776920132007803,19.97831540296419,49495331
2017-12-12,19.696359634399414,20.21998443604263,19.656079968924338,20.058868874008834,39062786
2017-12-13,19.73664093017578,20.260265816192522,19.65608313617832,19.77691905220776,32027829
2017-12-14,20.17970848083496,20.219988153715914,19.81719917457411,19.97831476623083,30619231
2017-12-15,20.219987869262695,20.300545663957777,19.978314485177457,20.300545663957777,20140936
2017-12-18,19.85747718811035,20.300544253175673,19.85747718811035,20.260264583660604,14490912
2017-12-19,19.897756576538086,20.501939258324576,19.897756576538086,20.058872165005617,30088939
2017-12-20,19.897756576538086,20.17970808138951,19.85747845438796,20.01859404285549,47286358
2017-12-21,19.656082153320312,20.058871103167064,19.61580403330235,20.058871103167064,28087982
2017-12-22,18.93106460571289,19.696362876373048,18.769949017159856,19.656083204268032,56152596
2017-12-25,19.132457733154297,19.33385143773903,18.810226565871954,19.011620270456685,25523415
2017-12-26,18.60883331298828,19.29357378511756,18.60883331298828,19.29357378511756,19789472
2017-12-27,18.528276443481445,18.810227960795647,18.528276443481445,18.56855456741194,17699759
2017-12-28,18.810226440429688,19.051899814279764,18.64911085786297,18.689390528471375,16492109
2017-12-29,18.890785217285156,19.374131990202535,18.850505544575274,18.93106488999504,34232087
2018-01-02,19.2130184173584,19.253296544365547,18.72967159367045,18.890787201566432,15577652
2018-01-03,19.978313446044922,20.26026493784579,19.61580416373903,19.656082284024823,42345245
2018-01-04,19.73664093017578,20.340823610189982,19.696362808143803,20.300545488158004,38647370
2018-01-05,19.656082153320312,19.897755523228362,19.656082153320312,19.857477403210403,13023300
2018-01-08,19.333850860595703,19.81719759709062,19.333850860595703,19.81719759709062,13207588
2018-01-09,19.61580467224121,20.139429549131126,19.5352453297144,19.575525000977805,37229838
2018-01-10,19.37413215637207,19.575525871848203,19.25329468713955,19.49496807567104,57103630
2018-01-11,18.769948959350586,19.414409761644347,18.769948959350586,19.414409761644347,53615742
2018-01-12,18.60883331298828,18.89078481623754,18.56855364113353,18.76994890054029,40541090
2018-01-15,18.890785217285156,18.93106488999504,18.64911183082647,18.850505544575274,20557184
2018-01-16,19.333850860595703,19.41440865001152,18.769947884618382,18.931063463450023,48921379
2018-01-17,18.769948959350586,19.253294173587527,18.769948959350586,19.13245825751167,47482257
2018-01-18,18.810226440429688,19.051899814279764,18.729668649146326,18.931063902321455,40853971
2018-01-19,19.2130184173584,19.253296544365547,18.850507524625588,18.971345005514426,48851561
2018-01-22,18.971343994140625,19.17273771830733,18.93106586928073,19.092179918653926,34991940
2018-01-23,19.17273712158203,19.817199498751272,19.011621527289723,19.011621527289723,85022719
2018-01-24,18.890785217285156,19.213016399230074,18.890785217285156,19.172736726520192,42303986
2018-01-25,18.850505828857422,19.05190109557698,18.76994958208987,18.890785502174758,33921699
2018-01-26,19.2130184173584,19.49496995620952,19.051902809462415,19.092180936469564,71549829
2018-01-29,19.333850860595703,19.41440865001152,19.132457162022863,19.333850860595703,25526810
2018-01-30,18.971343994140625,19.41441111726755,18.93106586928073,19.41441111726755,24816222
2018-01-31,19.051898956298828,19.454687894576477,18.810225593332238,18.850503712193312,41585319
2018-02-01,19.414411544799805,19.61580682333513,19.172738140517602,19.293575617625528,58686375
2018-02-02,18.850505828857422,19.293574485680317,18.810227705473647,19.25329481236298,63830255
2018-02-05,17.924091339111328,18.004650683037404,17.52130391908199,17.80325542308923,70475115
2018-02-06,16.192100524902344,17.11851434833723,16.151822404286392,16.7962831836758,90619086
2018-02-07,16.030986785888672,16.95740071584692,16.030986785888672,16.756006989743067,80702922
2018-02-08,15.305968284606934,16.19210254822122,15.185130807792666,16.071266621340598,95035910
2018-02-09,14.94345760345459,15.185131010373583,14.097601454204947,14.258717058817608,73267763
2018-02-12,14.661504745483398,15.265687433217947,14.661504745483398,15.225407760737763,39785165
2018-02-21,15.386524200439453,15.467080441866418,14.903177452276923,15.064293034997766,67369879
2018-02-22,15.024015426635742,15.144851342830414,14.862899838420509,15.10457167080985,54961233
2018-02-23,15.024015426635742,15.467080969327373,15.024015426635742,15.10457167080985,51158491
2018-02-26,15.06429386138916,15.386525044507685,15.064293861389162,15.305967248728054,34249647
2018-02-27,16.030986785888672,16.31293831242079,15.22540878160601,15.305968131967907,154030457
2018-03-01,15.749032974243164,15.990706340462252,15.708754854840018,15.78931109364631,42866545
2018-03-02,15.426802635192871,15.58791822119351,15.225407377725332,15.507360428193191,27695926
2018-03-05,15.225407600402832,15.708755915407387,15.225407600402832,15.62819657129537,24391218
2018-03-06,15.547639846801758,15.910149134440795,15.467080505178126,15.587917967680113,33650873
2018-03-07,15.346246719360352,15.829593536485715,15.346246719360352,15.547642001462759,37089549
2018-03-08,15.789311408996582,15.869869199345208,15.426802127394478,15.547639587884136,46228475
2018-03-09,16.151824951171875,16.474056166644036,16.11154527427101,16.19210307813905,70934360
2018-03-12,15.990710258483887,16.393499300873177,15.950430579278066,16.312939942461536,34894379
2018-03-13,17.0379581451416,17.118515943815098,16.43377543005718,16.514333228730678,107191678
2018-03-14,16.715728759765625,17.078239668001498,16.63517250230628,16.876844374551844,54558790
2018-03-15,16.997678756713867,16.997678756713867,16.47405387924309,16.594889793300393,33366070
2018-03-16,17.07823944091797,17.521306600721875,17.07823944091797,17.239353503628145,86334176
2018-03-19,16.91712188720703,17.36018899617351,16.91712188720703,17.239351525588564,36797180
2018-03-20,16.594892501831055,16.796286241441475,16.55461282394873,16.71572843561056,27628305
2018-03-21,16.756006240844727,17.078237428155887,16.675448444016936,16.756006240844727,28005696
2018-03-22,16.272659301757812,16.997679466162957,16.232381178702077,16.87684199712866,43878367
2018-03-23,16.030986785888672,16.030986785888672,15.305968131967907,15.507361858071757,44726003
2018-03-26,15.990710258483887,16.19210400471164,15.869872770800207,15.990710258483887,25391697
2018-03-27,16.272659301757812,16.474054566837125,16.232381178702077,16.232381178702077,34417195
2018-03-28,15.910150527954102,16.192102048598095,15.869870853614332,16.111544249852155,17419257
2018-03-29,15.749032974243164,16.071264129201946,15.749032974243164,16.030984459865397,15623625
2018-03-30,15.749032974243164,16.071264129201946,15.749032974243164,15.990706340462252,19686504
2018-04-02,15.910150527954102,16.192102048598095,15.82959272920816,15.869870853614332,19450035
2018-04-03,15.587920188903809,15.708757668624711,15.507362385734435,15.668477992073182,18873762
2018-04-09,15.104570388793945,15.668474899685291,15.104570388793947,15.587917112415099,28277480
2018-04-10,15.225407600402832,15.507360654994363,15.144851356157835,15.185129478280333,20961637
2018-04-11,15.185129165649414,15.628196249542603,15.185129165649416,15.507360335729361,24499845
2018-04-12,15.305968284606934,15.507362012719186,15.225408933441658,15.346246410255926,21768061
2018-04-13,15.386524200439453,15.587917903873779,15.386524200439453,15.467080441866418,21879370
2018-04-16,15.265689849853516,15.4670835943355,15.225410170996856,15.426805465412613,13617618
2018-04-17,14.983736991882324,15.42680412109329,14.903179191122728,15.346246320333693,19931876
2018-04-18,15.024015426635742,15.346245053132701,14.98373575461518,15.185129464917468,26633360
2018-04-19,15.06429386138916,15.185129780091838,14.943456392752944,15.104571984312207,22858023
2018-04-20,14.701784133911133,14.862901287771157,14.621227881881609,14.822621611822736,24403389
2018-04-23,14.339275360107422,14.66150658054587,14.339275360107422,14.540669097914591,25934123
2018-04-24,13.654534339904785,14.379554561905191,13.614254663715707,14.339274885716112,37756342
2018-04-25,14.621228218078613,14.822621952650541,13.37258303390506,13.45314083772057,63230473
2018-04-26,14.057323455810547,14.862901486197185,14.057323455810547,14.822621809711013,51440479
2018-04-27,14.379552841186523,14.460110633991123,14.178157584208282,14.339273169817481,24410020
2018-04-30,14.742061614990234,14.782339735008195,14.339272665143483,14.500388245082183,32271125
2018-05-02,14.580947875976562,15.22540872716467,14.540668200939642,15.06429467681786,53715080
2018-05-03,14.137879371643066,14.540666783136306,14.137879371643066,14.379552748499094,36526569
2018-05-04,14.218438148498535,14.298995946362185,14.097600676736272,14.218438148498535,14875832
2018-05-07,14.500391006469727,14.580948811780132,14.097601979917691,14.379555073470977,21304247
2018-05-08,14.540667533874512,14.74206279995269,14.460111287363503,14.580947207063568,26054543
2018-05-09,14.580947875976562,14.701783801220074,14.500390075836345,14.621227551013483,19399196
2018-05-10,14.862900733947754,14.983736657423096,14.742063260538812,14.822621059500241,22268754
2018-05-11,14.82262134552002,15.185130672874683,14.82262134552002,15.064294747067674,25531941
2018-05-14,14.983736991882324,15.104572918054902,14.862901065709748,14.943457316535708,16262548
2018-05-15,14.862900733947754,15.14485225534595,14.822621059500241,15.064294456384523,15258633
2018-05-16,16.312938690185547,16.312938690185547,15.104573205712617,15.104573205712617,162954099
2018-05-17,16.43377685546875,17.07823930075526,16.39349872760521,16.756008078112007,152623074
2018-05-18,16.23238182067871,16.393497419140726,15.910150623754681,16.312938069976113,57118111
2018-05-21,16.43377685546875,16.957401817297175,16.353219049807937,16.39349872760521,67884486
2018-05-22,15.990710258483887,16.715728984850827,15.990710258483887,16.594893047100932,52279102
2018-05-23,16.111543655395508,16.63517010289103,16.07126553247545,16.312937369862873,59513217
2018-05-24,16.514333724975586,16.715727452744275,16.030986918410356,16.27266032169297,71448604
2018-05-25,16.514333724975586,16.95740085602689,16.514333724975586,16.79628525383848,66575543
2018-05-28,16.55461311340332,16.79628653512168,16.39349904885817,16.635172470576535,47846960
2018-05-29,16.67544937133789,17.158796179183526,16.594891570030285,16.71572749702487,88092081
2018-05-30,15.950428009033203,16.47405445472924,15.950428009033203,16.43377478201407,95643991
2018-05-31,16.151824951171875,16.272660882007088,15.990709343435796,16.232382755039914,55273662
2018-06-01,15.910150527954102,16.071266125445984,15.910150527954102,15.990708326700043,28072168
2018-06-04,16.43377685546875,16.594892466790377,16.03098782716468,16.071267504961952,61148573
2018-06-05,16.63517189025879,16.836565626364926,16.51433440864814,16.63517189025879,65259127
2018-06-06,16.63517189025879,16.87684375361267,16.594892213077337,16.836565626364926,33382912
2018-06-07,16.594892501831055,16.8365659193238,16.51433469600014,16.71572843561056,43409770
2018-06-08,16.514333724975586,16.876843054932685,16.514333724975586,16.7560071282582,37475204
2018-06-11,16.63517189025879,16.796285949183474,16.554612535895885,16.75600782193573,30796394
2018-06-12,16.997678756713867,17.682419219550038,16.63516946460848,16.675447585983086,153265301
2018-06-13,16.594892501831055,17.07823933681654,16.594892501831055,17.03795965893422,53636840
2018-06-14,16.111543655395508,16.594890430037434,16.111543655395508,16.51433263426378,53512384
2018-06-15,16.192100524902344,16.554609810179727,16.071264613121034,16.151822404286392,52979464
2018-06-19,15.708758354187012,16.151825515988083,15.708758354187012,16.030988030993583,90345301
2018-06-20,15.467082977294922,15.82959387280784,15.225409563597546,15.78931419555809,50606726
2018-06-21,15.628198623657227,15.910151715276044,15.547642368833237,15.547642368833237,31710715
2018-06-22,15.547639846801758,15.547639846801758,15.305966471731246,15.507360175989941,27207966
2018-06-25,15.50736141204834,15.749034806382117,15.42680361393708,15.5879192101596,23141137
2018-06-26,15.225407600402832,15.386524738693357,15.104571684101826,15.30596694451485,33194616
2018-06-27,15.06429386138916,15.467081290353777,15.064293861389162,15.3462453716511,20331470
2018-06-28,15.185129165649414,15.265686958169402,14.943455788089455,15.064293251836174,16218753
2018-06-29,15.708758354187012,15.829594289247758,15.54764274081685,15.587920869192516,52172098
2018-07-02,15.386524200439453,15.789311607308106,15.346244529792514,15.708755365881139,27190343
2018-07-03,15.144852638244629,15.587919768767492,15.144852638244629,15.54764164323525,25963858
2018-07-04,15.144852638244629,15.225408889309112,14.943457360782496,15.18513076377687,17439880
2018-07-05,15.024015426635742,15.346245053132701,14.98373575461518,15.225407587004522,15966814
2018-07-06,14.500391006469727,15.185131576641322,14.379555073470977,15.104573771330916,35390165
2018-07-09,15.708758354187012,15.749036482562676,14.621228738905296,14.742064673966041,65334238
2018-07-10,15.467082977294922,15.708757940926008,15.34624704541309,15.708757940926008,29341658
2018-07-11,15.225407600402832,15.346245066637348,15.144851356157835,15.346245066637348,16547123
2018-07-12,15.628198623657227,15.628198623657227,15.225409599868712,15.305968954560129,26555324
2018-07-13,15.910150527954102,16.151823924191923,15.82959272920816,15.82959272920816,83615694
2018-07-16,15.869869232177734,16.192100394238892,15.829591111886808,16.030984813208313,25610319
2018-07-17,15.749032974243164,15.950426671125701,15.708754854840018,15.869868882386005,13828993
2018-07-18,15.789311408996582,16.030984780042463,15.70875516858139,15.91014886948624,21234595
2018-07-19,15.50736141204834,15.990708200715895,15.386525489848243,15.829592604493376,33458941
2018-07-20,15.346246719360352,15.708757607171213,15.225409240112173,15.587920127923033,29318317
2018-07-23,15.346246719360352,15.426804522214578,15.265688916506125,15.426804522214578,13121719
2018-07-24,15.547639846801758,15.628196088558466,15.346244592609601,15.386524263421418,14743159
2018-07-25,15.708758354187012,15.829594289247758,15.507363062507434,15.587920869192516,20786995
2018-07-26,16.071266174316406,16.071266174316406,15.66847717936188,15.82959277734369,42642679
2018-07-27,16.030986785888672,16.27266018717347,15.950428985460407,16.151824261497886,45418530
2018-07-30,15.628198623657227,16.192103256961147,15.628198623657227,16.111545452203444,37578177
2018-07-31,16.071266174316406,16.27265989682687,15.587919380370973,15.66847717936188,59660908
2018-08-01,16.071266174316406,16.192102097835964,15.9907083753255,16.192102097835964,22696739
2018-08-02,15.829591751098633,16.07126513240347,15.708755835412965,16.07126513240347,24188508
2018-08-03,15.50736141204834,15.910150402604636,15.42680361393708,15.910150402604636,46945889
2018-08-06,15.467082977294922,15.507362654544673,15.144853308965464,15.185131436281505,33011766
2018-08-07,15.346246719360352,15.426804522214578,15.265688916506125,15.386526395754304,23872052
2018-08-08,15.587920188903809,15.628198315521654,15.467082709182908,15.507362385734435,21739747
2018-08-09,15.467082977294922,15.628198586426505,15.34624704541309,15.628198586426505,17676325
2018-08-10,15.386524200439453,15.467080441866418,15.346244529792514,15.386524200439453,18000776
2018-08-13,14.903177261352539,15.346244333192004,14.661503890367348,15.346244333192004,43718163
2018-08-14,15.022178649902344,15.192401795160846,14.809398899555068,15.022178649902344,29327537
2018-08-15,14.383841514587402,14.979622542798396,14.383841514587402,14.979622542798396,37975708
2018-08-16,13.958284378051758,14.043395948042232,13.6603938830851,14.043395948042232,68252606
2018-08-17,13.575282096862793,14.085950689897407,13.575282096862793,14.043395724354122,51558885
2018-08-20,13.617837905883789,13.95828418104053,13.532726337094605,13.830616009082641,40818307
2018-08-21,14.00084114074707,14.00084114074707,13.66039403814658,13.7455064278773,28453554
2018-08-22,13.915727615356445,14.17106232241179,13.873172649621333,14.17106232241179,21295548
2018-08-23,13.958284378051758,14.085950914263346,13.873172808061284,13.915727774282399,12395265
2018-08-24,13.745506286621094,14.000840996866907,13.660393897765033,13.958284393051816,15280059
2018-08-27,14.04339599609375,14.128507566375445,13.788061285248663,13.830616251615385,25770697
2018-08-28,14.426397323608398,14.639175431718762,14.12850764474424,14.171062611347008,40730570
2018-08-29,14.596619606018066,14.72428777340886,14.511508040273592,14.554064641919911,22779947
2018-08-30,14.468954086303711,14.681732196745601,14.341285909999955,14.639175592128257,20513906
2018-08-31,14.681733131408691,14.681733131408691,14.383841792767864,14.383841792767864,22772069
2018-09-03,14.383841514587402,14.681732847467073,14.34128654563222,14.639176240963542,15230723
2018-09-04,14.511507987976074,14.596619553413818,14.38383982104538,14.38383982104538,13741184
2018-09-05,14.383841514587402,14.59662127200836,14.383841514587402,14.59662127200836,8841090
2018-09-06,13.575282096862793,14.043395724354122,13.5327263125454,14.043395724354122,64506311
2018-09-07,12.29861068725586,13.064614016238428,12.29861068725586,12.894390872292492,107056027
2018-09-10,11.95816421508789,12.511389424386943,11.915608429757194,12.341166283064158,52725527
2018-09-11,12.681612014770508,12.681612014770508,12.043276040102572,12.043276040102572,47553066
2018-09-12,12.21349811553955,12.468832827675122,12.170943148957752,12.468832827675122,41902431
2018-09-13,12.085830688476562,12.426276127485973,12.043274906253627,12.213497216371298,25004556
2018-09-14,12.468832015991211,12.596499363748231,12.298609704422592,12.426276233405536,39650341
2018-09-17,12.55394458770752,12.766723503818449,12.341165671596592,12.426276419266875,34197214
2018-09-18,12.170943260192871,12.383722188917186,12.085831688703145,12.341166403172323,44410978
2018-09-19,12.170943260192871,12.511389546151774,12.170943260192871,12.383722188917186,35055786
2018-09-20,12.128387451171875,12.383722165151028,12.085831665508682,12.256053989387317,28279236
2018-09-21,12.085830688476562,12.256052998594233,11.915607559584823,12.213497216371298,30624971
2018-09-25,12.383722305297852,12.468833058813301,12.00072022999468,12.085831802284275,22212331
2018-09-26,12.55394458770752,12.639055335377803,12.256053286378133,12.256053286378133,26626438
2018-09-27,12.51138973236084,12.596500486343146,12.383722373226156,12.468833127208462,25060490
2018-09-28,12.341166496276855,12.639056179964106,12.341166496276855,12.553945426606422,21015351
2018-10-01,12.51138973236084,12.596500486343146,12.34116658684793,12.426277340830236,17828367
2018-10-02,12.72416877746582,12.89439193544681,12.639057198475326,12.639057198475326,40115837
2018-10-03,12.468832015991211,12.809278276676599,12.426276233405536,12.724166711505251,16123952
2018-10-04,12.000720024108887,12.426277059481803,12.000720024108887,12.383722092841229,39428781
2018-10-05,11.234715461730957,11.787940610879877,11.064493157689943,11.787940610879877,75142607
2018-10-08,11.234715461730957,11.40493858454601,11.064493157689943,11.107048119619668,23791207
2018-10-09,11.362384796142578,11.660274494527378,11.234717431645871,11.31982900797701,31323403
2018-10-11,10.255935668945312,10.68149357327046,10.255935668945312,10.638937782837944,53322825
2018-10-12,10.766602516174316,10.894269865900453,10.128266586317725,10.128266586317725,43051697
2018-10-15,10.596381187438965,10.851715910637251,10.511268794265371,10.596381187438965,24827152
2018-10-16,10.851715087890625,11.02193740500954,10.638936168024353,10.638936168024353,21854763
2018-10-17,10.936826705932617,11.192161430057057,10.894270918578545,11.10704985534891,18905975
2018-10-18,10.809160232543945,11.021939186807902,10.766604441691154,10.894271814249528,15135368
2018-10-19,10.724047660827637,10.936826595448503,10.29849061036006,10.596381118829274,47229194
2018-10-22,11.319828987121582,11.362384775208747,10.681492984588287,10.72404795390127,30839346
2018-10-23,11.064494132995605,11.234716452041262,11.021937529766552,11.107049098676436,20006421
2018-10-24,10.936826705932617,11.192161430057057,10.766603556516325,10.97938249328669,27550421
2018-10-25,10.170822143554688,10.383601055036769,10.128266361258271,10.213377925851104,37481049
2018-10-26,9.745265007019043,10.46871335701575,9.660154255205324,10.46871335701575,40811362
2018-10-29,10.00059986114502,10.043155647044742,9.745265145746686,9.745265145746686,30591484
2018-10-30,10.596381187438965,10.596381187438965,10.043155953842675,10.043155953842675,52820988
2018-10-31,11.404939651489258,11.44749461740004,10.894270235270477,10.936826019955376,69470487
2018-11-01,11.660274505615234,11.787942689007526,11.319829018741132,11.404940595153203,57427389
2018-11-02,12.085830688476562,12.468831909708909,11.830495995138953,12.170942252922432,86559425
2018-11-05,11.873052597045898,12.043275737689392,11.745385241563278,11.915608382206772,29228432
2018-11-06,11.277273178100586,12.000721626764658,11.277273178100586,11.915610044568885,34747893
2018-11-07,11.830497741699219,11.830497741699219,11.234717521395963,11.234717521395963,31291334
2018-11-08,11.617718696594238,12.170943084518107,11.532606307558884,12.128387299387493,29629392
2018-11-09,11.617718696594238,11.660273662950729,11.404939770941164,11.575162911463623,13767337
2018-11-12,11.70283031463623,11.830497679481411,11.490051373227598,11.490051373227598,20032097
2018-11-13,11.490050315856934,11.617718487727648,11.107049075341228,11.234716428437833,29189041
2018-11-14,11.447493553161621,11.617717494850131,11.404938591207042,11.490049333890239,15816067
2018-11-15,11.404939651489258,11.532606186769836,11.277271478660447,11.44749461740004,16755782
2018-11-16,11.490050315856934,11.70282923768461,11.447494531491397,11.575162703362114,18494518
2018-11-19,11.873052597045898,11.915608382206772,11.702829456402405,11.745385241563278,21863666
2018-11-20,11.787941932678223,11.873052684855297,11.702829542952886,11.745385328428489,13017684
2018-11-21,11.915606498718262,11.958162277152384,11.617716868453401,11.660271828113528,20355966
2018-11-22,11.915606498718262,12.256051907417243,11.915606498718262,11.958162277152384,32982710
2018-11-23,11.915606498718262,12.08582961245475,11.78793998218989,12.000718055586505,19889781
2018-11-26,12.085830688476562,12.213497216371298,12.000719124030692,12.043274906253627,17730056
2018-11-27,12.596500396728516,12.596500396728516,12.085831782596957,12.213498322049238,33759458
2018-11-28,12.894390106201172,12.894390106201172,12.596499621994282,12.639055405452408,44610374
2018-11-29,12.80927848815918,13.319947887618468,12.80927848815918,13.149724754465373,51258357
2018-11-30,12.7667236328125,13.022057515951401,12.7667236328125,12.80927859769057,30629848
2018-12-03,13.575282096862793,13.702950268589083,13.107169288145574,13.192280038006253,65534953
2018-12-04,13.405057907104492,13.617836811985272,13.319947163926225,13.617836811985272,29900164
2018-12-05,12.681612014770508,12.766724406003599,12.38372232993835,12.72416780099998,47697029
2018-12-06,11.915606498718262,12.468830799587854,11.873050720284139,12.468830799587854,50443121
2018-12-07,12.000720024108887,12.256053917822985,12.000720024108887,12.128387380353,21360253
2018-12-10,11.787941932678223,11.873052684855297,11.617718790775813,11.745385328428489,17046186
2018-12-11,11.830497741699219,12.000720895721347,11.787942771967877,11.873053530204752,11578283
2018-12-12,12.085830688476562,12.170942252922432,11.958163341807758,12.043274906253627,11359954
2018-12-13,12.256053924560547,12.256053924560547,12.000720030706084,12.170943172458479,12721098
2018-12-14,11.787941932678223,12.128387397708913,11.702829542952886,12.08583161223331,24386329
2018-12-17,11.787941932678223,12.000720041282104,11.532606401050476,11.660273757477283,11637613
2018-12-18,11.830497741699219,12.128388261237943,11.660274587677092,11.702830376182623,26115531
2018-12-19,11.915606498718262,11.915606498718262,11.660271828113528,11.915606498718262,21097712
2018-12-20,11.575161933898926,11.873051585881235,11.575161933898926,11.745384241271365,14672891
2018-12-21,11.575161933898926,11.660272678198117,11.319827244679184,11.532605333588247,15646825
2018-12-24,11.70283031463623,11.745386102917957,11.40494061543833,11.490051373227598,8350054
2018-12-25,11.447493553161621,11.575161714121514,11.362382810478424,11.490049333890239,7326548
2018-12-26,11.447493553161621,11.745384018261944,11.447493553161621,11.532605114618857,9839457
2018-12-27,11.660274505615234,11.830497658439377,11.660274505615234,11.70283029382127,11214464
2018-12-28,11.53260612487793,11.702829262703988,11.53260612487793,11.702829262703988,10163556
2019-01-02,11.277273178100586,11.660275297981565,11.277273178100586,11.660275297981565,14454561
2019-01-03,10.979381561279297,11.192160479987486,10.936825777537658,11.149604696245849,21237625
2019-01-04,10.979381561279297,10.979381561279297,10.51126794012128,10.809158426312745,19799634
2019-01-07,11.192160606384277,11.362383743273215,11.149604822162042,11.192160606384277,17334531
2019-01-08,11.107048988342285,11.2347163404389,11.021937420277874,11.2347163404389,14054486
2019-01-09,11.404939651489258,11.490050402084938,11.192160728064765,11.234716512749664,20451163
2019-01-10,11.617718696594238,11.617718696594238,11.404939770941164,11.532606307558884,13417960
2019-01-11,11.404939651489258,11.70282932550943,11.36238386680436,11.660273540824532,9928952
2019-01-14,11.53260612487793,11.575162728108555,11.404939590282497,11.490050340421414,6286735
2019-01-15,11.660274505615234,11.70283029382127,11.404940595153203,11.404940595153203,11255186
2019-01-16,11.617718696594238,11.830496803473189,11.532606307558884,11.660273662950729,18141379
2019-01-17,11.660274505615234,11.745386082027306,11.532607140997127,11.617719536183383,8066980
2019-01-18,11.873052597045898,11.873052597045898,11.617718704854783,11.702829456402405,13213714
2019-01-21,11.95816421508789,12.085831571079979,11.873052644426497,12.000720000418587,9094446
2019-01-22,11.745386123657227,12.000720853798441,11.745386123657227,11.873053488727834,9680635
2019-01-23,11.873052597045898,11.873052597045898,11.660273671241532,11.745385241563278,8881441
2019-01-24,11.915606498718262,12.000718055586505,11.830494941850016,11.873050720284139,10119320
2019-01-25,12.51138973236084,12.72416784547783,12.128387654956791,12.213498408939097,42938247
2019-01-28,12.596500396728516,12.72416775495494,12.511389643351709,12.63905618280399,15981552
2019-01-29,12.468832015991211,12.51138861735096,12.298609704422592,12.51138861735096,12121820
2019-01-30,12.51138973236084,12.596500486343146,12.426277340830236,12.51138973236084,10411131
2019-02-11,12.341166496276855,12.681611966030019,12.341166496276855,12.639056179964106,14059964
2019-02-12,12.29861068725586,12.553945403174763,12.256054082495234,12.383722259228827,13154140
2019-02-13,12.51138973236084,12.553945518739067,12.256054195317326,12.383722373226156,21435725
2019-02-14,12.426276206970215,12.553944373229713,12.341165460754006,12.426276206970215,19542391
2019-02-15,12.170943260192871,12.553945331896637,12.170943260192871,12.426277155887911,14440045
2019-02-18,12.256053924560547,12.383722099648974,12.213498139122448,12.256053924560547,6449447
2019-02-19,12.383722305297852,12.426277272668505,12.256054128089318,12.298610733008259,8612902
2019-02-20,12.29861068725586,12.383722259228827,12.256054082495234,12.341166473242344,12199471
2019-02-21,12.681612014770508,12.72416780099998,12.298610757479405,12.38372232993835,31072847
2019-02-22,13.02205753326416,13.192279849325038,12.80927861472044,12.80927861472044,72199726
2019-02-25,13.31994915008545,13.532727267919876,13.107170213476856,13.107170213476856,55860676
2019-02-26,13.02205753326416,13.53272611899499,13.02205753326416,13.405058767868757,24412601
2019-02-27,13.064614295959473,13.192280837878199,12.851835361471332,13.064614295959473,13421127
2019-03-04,12.851835250854492,13.149725756573922,12.851835250854492,13.149725756573922,14306554
2019-03-05,12.72416877746582,12.809280356456314,12.681612987970572,12.766725385735276,9527609
2019-03-06,12.72416877746582,12.809280356456314,12.639057198475326,12.72416877746582,11998955
2019-03-07,12.256053924560547,12.766724168591866,12.256053924560547,12.724167564379636,23705275
2019-03-08,12.085830688476562,12.128386470699498,11.830495995138953,12.128386470699498,26039967
2019-03-11,12.000720024108887,12.170943165767707,11.958164238694183,12.085831594938297,13788502
2019-03-12,12.085830688476562,12.213497216371298,12.043274906253627,12.128386470699498,8372012
2019-03-13,12.0432767868042,12.170944153408188,12.000720997936202,12.085832575672194,5587166
2019-03-14,12.085830688476562,12.170942252922432,12.000719124030692,12.085830688476562,6766675
2019-03-15,12.085830688476562,12.256052998594233,12.085830688476562,12.170942252922432,11632434
2019-03-18,12.170943260192871,12.213498227163598,12.085831688703145,12.170943260192871,5858819
2019-03-19,12.426276206970215,12.468831989465357,12.170942330773439,12.213497294494507,21458334
2019-03-20,12.383722305297852,12.426277272668505,12.256054128089318,12.341166519153056,9884176
2019-03-21,12.596500396728516,12.63905618280399,12.383722285125282,12.383722285125282,15426352
2019-03-22,12.681612014770508,13.022058304606286,12.639056228541037,12.93694673214734,21364737
2019-03-25,12.468832015991211,12.468832015991211,12.298609704422592,12.341165487008265,8666977
2019-03-26,12.426276206970215,12.596499336950782,12.426276206970215,12.596499336950782,7409361
2019-03-27,12.468832015991211,12.51138861735096,12.426276233405536,12.51138861735096,4893478
2019-03-28,12.51138973236084,12.553945518739067,12.426277340830236,12.468833127208462,5621797
2019-03-29,12.55394458770752,12.596499552155619,12.426276419266875,12.596499552155619,8560342
2019-04-01,12.639056205749512,12.681611991902244,12.55394545221819,12.59650041959678,12248363
2019-04-02,12.80927848815918,12.894390054735727,12.681611138294357,12.724166921582631,19050412
2019-04-03,13.192280769348145,13.234837374798861,12.724167934680102,12.851835294709792,41045596
2019-04-08,13.915727615356445,14.000840821923118,13.44761480452909,13.617837942565988,91178042
2019-04-09,14.00084114074707,14.256174216068578,13.915727932242218,14.128507678407823,56262535
2019-04-10,14.128507614135742,14.171062580646318,13.915727868938093,14.043396043566332,28283282
2019-04-11,13.873172760009766,14.468953747879517,13.702950439392527,14.213619038792482,42122402
2019-04-12,13.532727241516113,13.91572850789014,13.490172273051591,13.74550699648372,23622612
2019-04-15,13.617837905883789,13.830616009082641,13.575282121489197,13.702950293447085,14657473
2019-04-16,13.78806209564209,13.78806209564209,13.532727369789704,13.617838945073832,12487957
2019-04-17,14.298730850219727,14.383840783806018,13.788061423412374,13.91572796134008,53136281
2019-04-18,13.915727615356445,14.468953632750473,13.745506114867773,14.468953632750473,31966258
2019-04-19,14.256174087524414,14.383840624034033,14.085950947146092,14.085950947146092,43958906
2019-04-22,14.426397323608398,14.596620465115993,14.213619215498035,14.426397323608398,34522527
2019-04-23,14.128507614135742,14.383840688295711,14.043396043566332,14.383840688295711,16574315
2019-04-24,14.128507614135742,14.426397292354544,14.043396043566332,14.341285721785134,16787673
2019-04-25,14.171062469482422,14.468953782912692,14.128507503305666,14.426397179187692,40290656
2019-04-26,13.873172760009766,14.043395899401123,13.745506224240366,14.043395899401123,26006407
2019-04-29,13.575282096862793,13.958284155719335,13.447614743910613,13.958284155719335,16964641
2019-04-30,13.660394668579102,13.702951274795533,13.532727306252319,13.532727306252319,9128480
2019-05-02,13.617837905883789,13.745506077841677,13.617837905883789,13.660393690278381,6462389
2019-05-03,13.83061695098877,13.873173557055704,13.617838833299096,13.617838833299096,10882563
2019-05-06,13.532727241516113,13.61783881599349,13.447615667038738,13.61783881599349,13242367
2019-05-07,13.702950477600098,13.830616194951345,13.617838088892983,13.617838088892983,13179071
2019-05-08,13.660394668579102,13.660394668579102,13.362504156483276,13.447615731367797,11703949
2019-05-09,13.064614295959473,13.61783870685448,12.936946935266588,13.532727133059224,26526749
2019-05-10,12.7667236328125,13.319948001516563,12.596499679429739,13.192279831785969,29474357
2019-05-13,12.21349811553955,12.76672414394075,12.170943148957752,12.76672414394075,21980962
2019-05-14,12.0432767868042,12.298611520012177,11.91560942020021,12.000720997936202,31046717
2019-05-15,12.128387451171875,12.341166379487836,12.085831665508682,12.213498203724123,23259251
2019-05-16,11.915606498718262,12.170941169322994,11.915606498718262,12.170941169322994,13750701
2019-05-17,11.787941932678223,12.128387397708913,11.787941932678223,12.08583161223331,16574349
2019-05-20,11.873052597045898,11.958164167367645,11.830496811885025,11.830496811885025,7891629
2019-05-21,12.000720024108887,12.000720024108887,11.57516298873597,11.745385311620659,14543918
2019-05-22,12.000720024108887,12.128387380353,11.958164238694183,12.043275809523593,8354405
2019-05-23,11.745386123657227,11.915609277084704,11.575163789003938,11.915609277084704,13364741
2019-05-24,11.745386123657227,11.873053488727834,11.702830335300359,11.787942730788282,9430244
2019-05-27,11.617718696594238,11.873052588603803,11.575162911463623,11.873052588603803,9621867
2019-05-28,11.70283031463623,11.745386102917957,11.617719556846962,11.745386102917957,13239126
2019-05-29,11.745386123657227,11.830497700370966,11.532607181872882,11.617719577360807,8415821
2019-05-30,11.95816421508789,11.95816421508789,11.745385288434408,11.787941892539234,13139472
2019-05-31,12.128387451171875,12.256053989387317,11.873052737192722,11.915608522855914,14285404
2019-06-03,12.0432767868042,12.0432767868042,11.787942872370417,11.91560942020021,12455007
2019-06-04,11.915606498718262,12.170941169322994,11.915606498718262,12.043273834020628,10964248
2019-06-05,12.000720024108887,12.170943165767707,12.000720024108887,12.170943165767707,6788536
2019-06-06,11.873052597045898,12.043275737689392,11.830496811885025,12.000719952528518,5934673
2019-06-10,12.085830688476562,12.128386470699498,11.958163341807758,12.043274906253627,9267393
2019-06-11,12.256053924560547,12.298610528772777,12.085831601582282,12.170943172458479,10560607
2019-06-12,12.21349811553955,12.298610505025536,12.128387363601822,12.21349811553955,6522478
2019-06-13,12.000720024108887,12.170943165767707,12.000720024108887,12.128387380353,6431019
2019-06-14,12.000720024108887,12.128387380353,12.000720024108887,12.043275809523593,4132326
2019-06-17,12.170943260192871,12.213498227163598,12.00072011721342,12.00072011721342,6168122
2019-06-18,12.170943260192871,12.213498227163598,12.085831688703145,12.170943260192871,7698072
2019-06-19,12.426276206970215,12.426276206970215,12.213497294494507,12.341165460754006,20539853
2019-06-20,12.596500396728516,12.63905618280399,12.383722285125282,12.46883303850209,14575638
2019-06-21,12.596500396728516,12.72416775495494,12.511389643351709,12.63905618280399,10158616
2019-06-24,12.936945915222168,12.936945915222168,12.55394468211632,12.681611213968873,15760671
2019-06-25,12.72416877746582,12.979503514437305,12.72416877746582,12.979503514437305,17507686
2019-06-26,12.80927848815918,13.149724754465373,12.80927848815918,12.851834271447453,18361495
2019-06-27,12.894390106201172,13.064613240033681,12.894390106201172,12.979501673117428,14737365
2019-06-28,12.936945915222168,13.064613265848815,12.809278564595521,12.979501698764384,8331255
2019-07-01,13.192280769348145,13.192280769348145,13.064614228092609,13.107170014769173,17221937
2019-07-02,13.362504005432129,13.447615579354542,13.022058528516641,13.277393250283877,21115930
2019-07-03,13.532727241516113,13.532727241516113,13.234837549619463,13.40505987980005,20033875
2019-07-04,13.873172760009766,13.873172760009766,13.617838050922728,13.617838050922728,32438088
2019-07-05,13.958284378051758,14.043395948042232,13.745506271849695,13.915727774282399,24206378
2019-07-08,13.958284378051758,14.21361908802318,13.958284378051758,14.000840981821117,20850036
2019-07-09,14.00084114074707,14.128507678407823,13.958284536494643,14.128507678407823,33023198
2019-07-10,14.341286659240723,14.383841628533014,14.043396961549584,14.128508537682531,64461344
2019-07-11,14.874618530273438,15.010252598805064,14.467712845186794,14.467712845186794,67304970
2019-07-12,15.100674629211426,15.778848394690833,14.874617287300204,15.05546211698174,105084355
2019-07-15,15.507579803466797,15.507579803466797,15.010252566912989,15.236309927234027,66414995
2019-07-16,15.32673454284668,15.733638522460954,15.236311242960614,15.643216962320919,47537174
2019-07-17,15.236309051513672,15.37194485170721,15.010251704185482,15.236309051513672,27236411
2019-07-18,15.14588737487793,15.46236978247936,15.10067659650399,15.417157264359457,26784613
2019-07-19,15.191097259521484,15.462367101976607,15.191097259521484,15.326731310876214,25055482
2019-07-22,15.598002433776855,15.643214947770385,15.281520055059566,15.326732569053096,40346242
2019-07-23,15.86927318572998,16.09533054909877,15.688426599136589,15.914483962505377,71901799
2019-07-24,15.824061393737793,16.004907988611528,15.32673412770802,15.733638096300927,59149449
2019-07-25,16.72829246520996,16.72829246520996,15.914482880851592,16.05011868145088,115733446
2019-07-26,17.542098999023438,17.63252401916332,16.728291215221052,16.909137776009505,148814884
2019-07-29,18.129854202270508,18.35591157092443,17.858584316038232,17.90379509387064,143921148
2019-07-30,17.903791427612305,18.22027376661509,17.54209832003517,18.08463798140087,86576928
2019-07-31,17.40646743774414,17.994217974492727,17.135197557764968,17.994217974492727,104874631
2019-08-01,17.587316513061523,17.722950602370837,16.818719280901053,16.818719280901053,61842465
2019-08-02,16.818716049194336,17.225619978682076,16.4118121197066,17.08998417568895,88678750
2019-08-05,16.5926570892334,17.135196826023112,16.5926570892334,16.863928697374085,42177333
2019-08-06,16.457021713256836,16.5474449955149,15.733635455192305,15.733635455192305,50607273
2019-08-07,16.09532928466797,16.863928087182586,16.004905998474825,16.683081514796296,50097731
2019-08-08,15.688426971435547,16.3213882997872,15.507580380550522,16.276177521938912,71369434
2019-08-12,15.598002433776855,15.91448307274834,15.462368371287878,15.68842572201811,40574992
2019-08-13,15.28152084350586,15.733637308038963,15.191099290345134,15.643215754878238,42453407
2019-08-14,15.86927318572998,15.914483962505377,15.552790789318594,15.598003305839892,44900658
2019-08-15,15.417155265808105,15.507578550580227,15.191097923750668,15.326731981035982,28983976
2019-08-16,15.28152084350586,15.462369169064996,15.100675997438513,15.371945876158374,27670734
2019-08-19,15.552789688110352,15.643214714750448,15.417155627641767,15.462368140961814,19003371
2019-08-20,15.14588737487793,15.86927374682867,15.14588737487793,15.778850450334827,39793234
2019-08-21,15.28152084350586,15.462369169064996,15.055463481112255,15.28152084350586,22803426
2019-08-22,15.010252952575684,15.462369424579993,15.010252952575684,15.4171569075066,23265911
2019-08-23,15.824061393737793,15.824061393737795,15.05546423539742,15.100676753988845,56833914
2019-08-26,15.236309051513672,15.507578912154969,15.191098277946347,15.417155625274537,39946021
2019-08-27,15.28152084350586,15.50757994564536,15.28152084350586,15.417156652738738,19187165
2019-08-28,15.733636856079102,15.733636856079102,15.32673291956086,15.417156209870006,20950824
2019-08-29,15.462369918823242,15.778850589469368,15.326734103013488,15.778850589469368,34043445
2019-08-30,15.417155265808105,15.778848404896594,15.326731981035982,15.598001835352349,33897449
2019-09-02,16.185752868652344,16.276176156509127,15.46236830554386,15.507579079599354,66447947
2019-09-03,15.86927318572998,16.321387912467557,15.824060669208682,16.276177135692162,40949920
2019-09-04,16.09532928466797,16.09532928466797,15.86927193905799,15.86927193905799,17931135
2019-09-05,16.27617835998535,16.592659040456496,16.09533175978869,16.27617835998535,44580821
2019-09-06,16.547447204589844,16.63787049891937,16.366600615930793,16.457023910260318,33417945
2019-09-10,16.547447204589844,16.63787049891937,16.18575402727174,16.50223468755212,20047076
2019-09-11,16.547447204589844,16.954351159199746,16.50223468755212,16.63787049891937,36216073
2019-09-12,16.863927841186523,17.18040846837311,16.77350281656665,16.999561898624847,50672405
2019-09-16,16.77350425720215,16.95435084248288,16.592657671921415,16.909140066035643,18930066
2019-09-17,17.135196685791016,17.270832488751335,16.81871604512663,16.86392855936201,44812047
2019-09-18,17.089984893798828,17.49689058013029,16.999563340998378,17.270833218637392,40196369
2019-09-19,16.954349517822266,17.270831887209404,16.954349517822266,17.270831887209404,19042038
2019-09-20,16.999563217163086,17.31604386889688,16.863929149204566,17.044773993233967,35918047
2019-09-23,16.863927841186523,17.135195956063175,16.81871532887659,16.999561898624847,15226873
2019-09-24,16.818716049194336,17.180409204181576,16.818716049194336,17.044773401188454,20808266
2019-09-25,16.72829246520996,16.773503238912532,16.36659931660624,16.773503238912532,27922797
2019-09-26,16.411813735961914,16.909141003173854,16.411813735961914,16.863930224220944,18607628
2019-09-27,16.140541076660156,16.592655747684734,16.095328565710286,16.366598412172447,29723413
2019-10-01,16.321386337280273,16.502232906420048,16.18575228029831,16.23096479245612,19212358
2019-10-02,16.230966567993164,16.457023934273874,16.095330756428,16.185754050889468,13337490
2019-10-03,16.004905700683594,16.23096478183323,15.959694928301106,16.050118212811814,16066902
2019-10-04,16.050121307373047,16.23096791126279,16.004908786527576,16.140544609317917,15324701
2019-10-07,16.230966567993164,16.276177345350938,16.095330756428,16.140543273531698,9511434
2019-10-08,15.914482116699219,16.27617524793582,15.914482116699219,16.230964476404097,19095798
2019-10-09,15.28152084350586,15.869273117271842,15.28152084350586,15.824060600945584,43359984
2019-10-14,15.959694862365723,16.004905634561425,15.59800172581718,15.643214237758611,18451342
2019-10-15,15.598002433776855,15.95969558674187,15.598002433776855,15.95969558674187,12008056
2019-10-16,15.688426971435547,15.869273562320574,15.643216193587262,15.778850266878061,9554602
2019-10-17,15.778848648071289,15.824059421281245,15.552789562784218,15.688425361905614,7842934
2019-10-18,15.959694862365723,16.050118146502857,15.824059066287155,15.869271578228586,28028041
2019-10-21,15.959694862365723,16.050118146502857,15.824059066287155,15.914482350424292,7708226
2019-10-22,15.914482116699219,16.09532868231752,15.914482116699219,16.09532868231752,8044074
2019-10-23,16.004905700683594,16.0953289851943,15.914482416172886,15.914482416172886,10878982
2019-10-24,16.185752868652344,16.185752868652344,15.95969551888328,16.050118806740066,12666646
2019-10-25,16.050121307373047,16.502236077351334,16.050121307373047,16.411814515152532,21411279
2019-10-28,15.688426971435547,16.140543448648113,15.688426971435549,16.095330931053887,18370708
2019-10-29,15.64321517944336,15.869272533521455,15.552790150117122,15.77884924394105,12411153
2019-10-30,15.462369918823242,15.688427292178192,15.462369918823242,15.643216513405594,13326884
2019-10-31,15.507579803466797,15.643215611456123,15.462369027300943,15.507579803466797,12648578
2019-11-01,15.417155265808105,15.64321434761128,15.371944493294913,15.462367778067035,12403244
2019-11-04,15.28152084350586,15.552790722225721,15.191099290345134,15.462369169064996,19351269
2019-11-05,15.462369918823242,15.462369918823242,15.236310805722313,15.28152158449491,15425578
2019-11-06,15.191097259521484,15.462367101976607,15.100673978703112,15.462367101976607,14437936
2019-11-07,14.965039253234863,15.236309115006598,14.965039253234863,15.19109834125087,15101896
2019-11-08,15.055463790893555,15.191099602917276,14.919829718615764,15.100676308150106,11382550
2019-11-11,14.6485595703125,15.055463519558431,14.603348793616686,15.010252742862615,17649494
2019-11-12,14.82940673828125,14.874619256496455,14.60334936644312,14.738983441596805,10811400
2019-11-13,14.603347778320312,14.829405125574569,14.558136134894884,14.829405125574569,13431004
2019-11-14,14.512922286987305,14.693767974185551,14.46771064771954,14.648557204790595,9091394
2019-11-15,14.693771362304688,14.829407181255968,14.558138152972438,14.648560582484942,8405694
2019-11-18,15.371944427490234,15.417155199809887,14.784192209114636,14.829404721180019,45540942
2019-11-19,15.371944427490234,15.598001768579959,15.14588534665478,15.236308631039815,28296516
2019-11-20,15.959694862365723,16.004905634561425,15.371944385347206,15.46236766948434,59163195
2019-11-21,15.733636856079102,16.05011924203404,15.68842608079745,15.914483436697397,33964475
2019-11-22,15.507579803466797,15.95969626385475,15.462369027300943,15.914483747943015,19201421
2019-11-25,15.64321517944336,15.688425954360644,15.417156085619432,15.552790150117122,13683263
2019-11-26,15.733636856079102,15.778849371106597,15.552790275460806,15.733636856079102,24374511
2019-11-27,15.778848648071289,16.09532927977827,15.73363613511557,15.778848648071289,20631476
2019-11-28,16.050121307373047,16.36660199430706,15.778851401538434,15.778851401538434,63705294
2019-11-29,15.778848648071289,16.185752565943943,15.73363613511557,15.95969522040264,28186004
2019-12-02,15.552789688110352,15.869272062113348,15.326732340747451,15.778848775219032,16210619
2019-12-03,16.004905700683594,16.14054149732252,15.371944448854375,15.462367733365083,28875667
2019-12-04,16.09532928466797,16.230965083830572,15.688425366671698,15.824059426088533,35003138
2019-12-05,16.90913963317871,17.04477369879422,16.23096582560947,16.23096582560947,114076748
2019-12-06,16.818716049194336,17.180409204181576,16.728292760447527,17.180409204181576,48950371
2019-12-09,16.90913963317871,17.180409504155577,16.4570231815506,16.683082277237578,51280715
2019-12-10,17.22562026977539,17.40646685032511,16.77350381840109,16.9091396236863,65681322
2019-12-11,17.180410385131836,17.677737637551758,17.180410385131836,17.270833680094178,81830051
2019-12-12,17.044775009155273,17.361255679752293,16.999564230389687,17.225621603709566,47998512
2019-12-13,17.180410385131836,17.451680270018866,16.99956379520715,17.451680270018866,46606739
2019-12-16,17.63252830505371,17.94900899348677,17.316045876874572,17.45168170030737,120048
2019-12-17,17.813369750976562,17.994216321011425,17.632524920687445,17.72294646595913,59511790
2019-12-18,17.587316513061523,17.903797214614027,17.49689320693993,17.81337390849243,24531990
2019-12-19,17.858583450317383,18.084640808012846,17.722947643903417,17.813370934930774,51807612
2019-12-20,17.903791427612305,18.22027376661509,17.81336815071802,18.039427212826524,61580484
2019-12-23,17.858583450317383,18.220276614426812,17.768160159290026,18.220276614426812,29929115
2019-12-24,17.542098999023438,17.903792120600347,17.496888228699152,17.858581350276058,27916839
2019-12-25,17.76816177368164,17.81337255343018,17.496891875952343,17.63252769469,17351715
2019-12-26,17.587316513061523,17.99422052073562,17.587316513061523,17.949009737547897,13221833
2019-12-27,17.677734375,17.85858093154817,17.496887818451835,17.677734375,28983739
2019-12-30,17.677734375,17.813368422538318,17.587311096725916,17.722945144264237,14746071
2019-12-31,17.677734375,17.813368422538318,17.496887818451835,17.632523605735766,15445940
2020-01-02,17.76816177368164,18.175065750402574,17.76816177368164,17.949008372167835,59894947
2020-01-03,17.994218826293945,18.129854642577143,17.63252737561272,18.129854642577143,58869257
2020-01-06,17.587316513061523,18.627183663586774,17.49689320693993,18.084643826857214,147957153
2020-01-07,17.22562026977539,17.90379407696392,16.99956291396116,17.768160011424552,45397796
2020-01-08,17.270832061767578,17.54210018149007,17.22561954864998,17.270832061767578,29095750
2020-01-09,17.451679229736328,17.632525808880875,17.361254200418223,17.49689000464955,22091725
2020-01-10,17.316041946411133,17.632524302753858,17.225618664562592,17.542099281159636,11637729
2020-01-13,17.677734375,17.677734375,17.3612520311679,17.451677049187598,15519388
2020-01-14,17.722946166992188,17.858581962103177,17.632524623245814,17.76815867861109,17693994
2020-01-15,17.316041946411133,17.85858163750236,17.316041946411133,17.85858163750236,17586563
2020-01-16,17.40646743774414,17.451679954280287,17.22562085109136,17.270833367627507,11820696
2020-01-17,17.22562026977539,17.587313430874833,17.180409494510883,17.587313430874833,18675655
2020-01-20,17.361255645751953,17.40646816417497,17.225621569974848,17.361255645751953,12314050
2020-01-30,15.64321517944336,16.366599756340765,15.643215179443358,16.366599756340765,52016662
2020-01-31,15.32673454284668,15.914485122233083,14.874619783162386,15.643216962320919,53499775
2020-02-03,14.965039253234863,15.01025176673638,13.834749902265088,14.196442181421174,43538009
2020-02-04,15.507579803466797,17.722947849748945,15.507579803466797,17.451679713262052,33382665
2020-02-05,15.86927318572998,16.321387912467557,15.371945942471104,15.552790789318594,53269139
2020-02-06,16.050121307373047,16.09533208847245,15.869274703483304,15.959698005428177,22048360
2020-02-07,15.32673454284668,15.869274342163067,15.281522023030632,15.82406182234702,53964547
2020-02-10,14.558136940002441,14.8746184614828,14.377289486426442,14.467712778277972,54075771
2020-02-11,14.82940673828125,14.874619256496455,14.64856014491236,14.693770923381598,34349138
2020-02-12,15.191097259521484,15.326731310876214,14.965038187602719,15.010250697884738,38658923
2020-02-13,15.055463790893555,15.417156969962239,15.055463790893555,15.371946192451619,31837199
2020-02-14,14.919829368591309,15.100675953882925,14.829406075945501,15.010252661237118,26564908
2020-02-17,15.14588737487793,15.236310671371772,14.73898341052862,14.829406707022462,27084026
2020-02-18,15.010252952575684,15.236310318704877,14.919829658174821,15.055463729903153,16343777
2020-02-19,14.874618530273438,14.965040082797266,14.603348653464304,14.919829306535352,31187245
2020-02-20,15.507579803466797,15.552790579632653,15.055463343078845,15.055463343078845,50295081
2020-02-21,15.371944427490234,15.598001768579959,15.191097858720163,15.46236771187527,49040646
2020-02-24,15.28152084350586,15.59800323855198,15.145886774018875,15.28152084350586,34498979
2020-02-25,15.371944427490234,15.417155199809887,15.01025128995009,15.100674574335127,23010573
2020-02-26,14.965039253234863,15.37194491576536,14.965039253234863,15.100675053993625,36936726
2020-02-27,14.467713356018066,15.191099719717347,14.467713356018066,15.145887202113169,36539406
2020-03-02,14.286866188049316,14.693770131322413,13.69911566115576,14.015596312618626,38311036
2020-03-03,14.738982200622559,14.919828778764757,14.64855891155146,14.738982200622559,26560426
2020-03-04,15.010252952575684,15.010252952575684,14.558137350444337,14.648559774972236,17223840
2020-03-05,15.055463790893555,15.326733675195067,15.055463790893555,15.236310380427897,18435001
2020-03-06,14.693771362304688,15.010253780026993,14.648560582484942,14.874619700821734,16777197
2020-03-09,14.106019973754883,14.693769609919423,14.106019973754883,14.512923902589144,35307732
2020-03-10,14.603347778320312,14.603347778320312,13.789538196662585,13.789538196662585,27683271
2020-03-11,14.15123176574707,14.648558988373352,14.15123176574707,14.603348213473613,24402262
2020-03-12,12.840095520019531,13.970385820766374,12.794883873194738,13.925174173941581,56469345
2020-03-13,12.297555923461914,12.297555923461914,11.574169615708403,11.574169615708403,56578628
2020-03-16,11.302901268005371,12.614037286211238,11.257689621179447,12.38797905208162,47222067
2020-03-17,10.398667335510254,11.122053615439626,10.398667335510254,10.850783760466111,55989430
2020-03-18,10.172609329223633,10.760360693579536,10.172609329223633,10.66993740675555,38848993
2020-03-19,9.17795467376709,9.946551794634447,9.17795467376709,9.675282785422581,48241198
2020-03-20,9.720494270324707,10.036974892467537,9.494436061742073,9.494436061742073,44558617
2020-03-23,9.006150245666504,9.223166123844697,8.861472993547709,9.13274284127045,28293985
2020-03-24,9.584859848022461,9.765706440788975,9.358801607064319,9.449225773320556,27376424
2020-03-25,10.53430461883545,10.53430461883545,10.127399778977315,10.217823076723567,44184465
2020-03-26,10.53430461883545,10.624727046708708,10.036976481231063,10.624727046708708,30368169
2020-03-27,10.53430461883545,11.212477612186353,10.53430461883545,11.167265963313227,37273618
2020-03-30,10.579513549804688,10.579513549804688,10.036974727970925,10.127398009922025,20257533
2020-03-31,10.263033866882324,10.941207673363001,10.263033866882324,10.850784383182521,27473542
2020-04-01,10.489091873168945,10.489091873168945,10.127398720004432,10.35345607085935,15961451
2020-04-06,10.850784301757812,10.850784301757812,10.398667854248114,10.669937722753932,30039479
2020-04-07,11.302901268005371,11.48374698543611,11.122054680701677,11.122054680701677,44166372
2020-04-08,11.528958320617676,11.574169092937328,11.167264313204667,11.348111751847604,32367005
2020-04-09,11.574170112609863,11.981074058317478,11.483746820258627,11.800228343487952,35987785
2020-04-10,11.438535690307617,11.619382283171749,11.393324042091583,11.528959856612664,16600326
2020-04-13,11.167264938354492,11.43853480669544,11.167264938354492,11.43853480669544,17586244
2020-04-14,11.800228118896484,11.890651409526711,11.167265084484901,11.302900890303166,45622316
2020-04-15,11.981074333190918,12.11671014470251,11.755017836872458,11.935863555851004,35112403
2020-04-16,12.116708755493164,12.161919527649555,11.664592335200613,11.755016489131984,29370086
2020-04-17,12.026286125183105,12.568824989153697,11.981073610823238,12.387978411205863,53270932
2020-04-20,12.116708755493164,12.252342811708067,11.845438903317632,11.981072959532536,17728509
2020-04-21,11.574170112609863,12.297556451419744,11.574170112609863,12.026286574366038,35730888
2020-04-22,11.755017280578613,11.845439700852259,11.30290082984578,11.393323250119426,25936795
2020-04-23,11.755017280578613,11.981073766199188,11.664593120559125,11.845439700852259,21451765
2020-04-24,11.755017280578613,11.935862990998826,11.619381475485842,11.70980476563241,31022205
2020-04-27,12.161920547485352,12.20713219330582,11.845439896614996,11.890651542435466,31368241
2020-04-28,12.116708755493164,12.433189379825087,12.026285471434653,12.433189379825087,25817840
2020-04-29,12.207131385803223,12.25234302863294,12.116708970016667,12.161919742973506,22448308
2020-04-30,12.659247398376465,12.659247398376465,12.342766778834404,12.478400832996517,53400318
2020-05-04,12.116708755493164,12.34276696563944,12.026285471434653,12.207131169678812,38466738
2020-05-05,12.026286125183105,12.297555992104856,11.981073610823238,12.252343477744988,25013123
2020-05-06,11.935861587524414,12.161918916437033,11.935861587524414,12.116708146552764,22513460
2020-05-07,12.116708755493164,12.207131169678812,11.981072959532536,12.026285471434653,20595421
2020-05-08,12.207131385803223,12.38797795712209,12.207131385803223,12.34276718416525,18999738
2020-05-11,12.387977600097656,12.523613394550628,12.252342675517536,12.433189241624362,20453674
2020-05-12,12.207131385803223,12.478401242781523,12.116708970016667,12.433189599951806,23002048
2020-05-13,12.116708755493164,12.207131169678812,11.935862187376143,12.116708755493164,22130221
2020-05-14,11.574170112609863,12.071498220541656,11.574170112609863,11.981074058317478,35584178
2020-05-15,11.664592742919922,11.890650960967742,11.528958681964122,11.845439317358178,17799168
2020-05-18,11.528958320617676,11.800227303899918,11.438534166359775,11.664592377322364,13786419
2020-05-19,11.664592742919922,11.845439317358178,11.574169455700794,11.800227673748614,13952312
2020-05-20,11.845440864562988,12.071499112137646,11.755018435406132,11.800229215048056,22871896
2020-05-21,11.890650749206543,12.026285677619706,11.845439106402155,11.98107316494244,12812894
2020-05-22,11.528958320617676,11.935862230477472,11.483745808552293,11.890650588284954,28176493
2020-05-25,11.39332389831543,11.61938213654289,11.212477307733462,11.5741704888974,21177295
2020-05-26,11.755017280578613,11.800228055778975,11.393323250119426,11.483746540265992,29189787
2020-05-27,12.930519104003906,12.930519104003906,11.935863721397993,12.026287017077891,142183059
2020-05-28,12.840095520019531,13.699115939817622,12.659248932720363,13.382634412044078,177572083
2020-05-29,12.433191299438477,12.840096140525546,12.387979650428802,12.659249544486848,67575027
2020-06-01,12.252345085144043,12.704461589327304,12.207133434725717,12.614038288490653,42582897
2020-06-02,12.207131385803223,12.433189599951806,12.07149732718695,12.161919742973506,33788595
2020-06-03,12.387977600097656,12.523613394550628,12.026285337756857,12.342766828443802,36939378
2020-06-04,12.252345085144043,12.568826638072325,12.207133434725717,12.523615857527023,32015631
2020-06-05,12.523614883422852,12.568825660451598,12.252344132139688,12.342768295816047,33057453
2020-06-08,12.568824768066406,12.840094630216482,12.52361399424762,12.704459699141445,51617633
2020-06-09,12.704460144042969,12.84009507986785,12.568825208218087,12.704460144042969,33579295
2020-06-10,12.749671936035156,12.885306873420861,12.659248644444686,12.840095227625627,24557192
2020-06-11,12.207131385803223,12.749671099759823,12.207131385803223,12.704459456930106,37856867
2020-06-12,11.981074333190918,12.026286850276756,11.619382025360865,11.800228614212372,49153297
2020-06-15,11.800228118896484,12.116709636102277,11.800228118896484,12.071497990787163,23538093
2020-06-16,12.61403751373291,12.749672456657152,11.981074446753114,12.026286964267499,66991280
2020-06-17,12.387977600097656,12.749670732311309,12.342766828443802,12.704459090784601,40114945
2020-06-18,12.161920547485352,12.342768000640167,12.071498125717346,12.342768000640167,30436015
2020-06-19,12.116708755493164,12.34276696563944,12.116708755493164,12.207131169678812,17057395
2020-06-22,12.161920547485352,12.387978776587701,12.116709771537817,12.116709771537817,11237405
2020-06-23,12.297555923461914,12.342767567696509,12.116709346523535,12.342767567696509,15130802
2020-06-24,12.116708755493164,12.297555323610183,12.116708755493164,12.252342811708067,19463185
2020-06-29,11.935861587524414,12.20713055619412,11.890649947767328,11.935861587524414,17449613
2020-06-30,12.071497917175293,12.116709562214707,11.981073757223546,12.071497917175293,16599914
2020-07-01,12.252345085144043,12.387980036399021,12.116711003762088,12.16192178430739,22138641
2020-07-02,12.34250545501709,12.388050677131972,12.160328947928017,12.251416763335508,20434609
2020-07-03,12.251416206359863,12.4791379252111,12.205872738863665,12.433594457714904,19475065
2020-07-06,12.570225715637207,12.570225715637207,12.205871867752556,12.296959672518227,42602920
2020-07-07,12.570225715637207,12.889036099276016,12.479137034597548,12.752403077716526,46128770
2020-07-08,12.661314964294434,12.661314964294434,12.479137594047947,12.570226279171191,24094503
2020-07-09,12.388049125671387,12.797947310629386,12.388049125671387,12.752402970492499,26458385
2020-07-10,11.93260669708252,12.433594479430218,11.93260669708252,12.388050135580427,31381873
2020-07-13,12.433594703674316,12.524682516742645,12.06923907003066,12.06923907003066,27050461
2020-07-14,12.20587158203125,12.388048939846069,12.11478290312384,12.388048939846069,15538725
2020-07-15,12.023694038391113,12.3425035333659,12.023694038391113,12.3425035333659,20478024
2020-07-16,12.023694038391113,12.25141485586626,12.023694038391113,12.114782715890753,17586302
2020-07-17,11.84151840209961,12.205872261745219,11.84151840209961,12.160327919755266,28064667
2020-07-20,11.79597282409668,11.978150186500674,11.659339802293685,11.932605845899674,21271735
2020-07-21,12.023694038391113,12.114782715890753,11.887061022141653,11.932605360891474,22456671
2020-07-22,12.34250545501709,12.433595022972762,12.114784602087225,12.205873293768807,40670632
2020-07-23,12.479137420654297,12.57022610451189,12.296960052939106,12.433593954999514,31889591
2020-07-24,12.023694038391113,12.615770442138775,12.023694038391113,12.52468088836518,38192109
2020-07-27,11.84151840209961,12.160327919755266,11.84151840209961,12.069238359501343,25654711
2020-07-28,11.70488452911377,12.114783608047949,11.70488452911377,11.84151843169918,28333565
2020-07-29,11.659339904785156,11.841518145064576,11.568251222782443,11.613796440057797,25282040
2020-07-30,12.34250545501709,12.433595022972762,11.84151940331657,11.932607218724062,81500000
2020-07-31,11.93260669708252,12.296960571606794,11.887062353232729,12.296960571606794,59289711
2020-08-03,11.84151840209961,12.023694893785406,11.79597318383564,11.9326062098055,30968030
2020-08-04,11.887062072753906,12.023695101079381,11.84151860625278,11.978150758304222,18973519
2020-08-05,12.251416206359863,12.29696055013011,11.93260667624218,12.023695363782675,48570996
2020-08-06,12.160327911376953,12.479137428812953,12.160327911376953,12.342504402937232,41556378
2020-08-07,12.11478328704834,12.25141543346544,11.932605923460216,12.205871968842402,22114353
2020-08-10,11.978150367736816,12.114783391607146,11.978150367736816,12.114783391607146,14502381
2020-08-11,11.978150367736816,12.205872074187365,11.932606026446708,12.069238174043033,17068921
2020-08-12,11.93260669708252,12.023695384782101,11.84151888565699,11.93260669708252,16129680
2020-08-13,12.023694038391113,12.160327054640574,11.932605360891474,12.023694038391113,18357495
2020-08-14,11.978150367736816,12.023694709026927,11.84151822014049,11.932606026446708,12674556
2020-08-17,11.93260669708252,12.023695384782101,11.887062353232729,11.97815104093231,17626748
2020-08-18,11.93260669708252,12.023695384782101,11.84151888565699,11.97815104093231,16153059
2020-08-19,11.2949857711792,11.88706223535518,11.249441427781047,11.88706223535518,94926367
2020-08-20,10.748454093933105,11.11280882644908,10.475188044546126,11.11280882644908,52298710
2020-08-21,10.657364845275879,10.885086541014413,10.520731827832758,10.793997862719,35776053
2020-08-24,10.793998718261719,10.88508740377691,10.520732661716147,10.657365689988932,20964814
2020-08-25,11.112809181213379,11.15835352423183,10.839543123102679,10.88508746612113,22003615
2020-08-26,11.158353805541992,11.249441617601246,11.021720773042023,11.158353805541992,23435976
2020-08-27,11.47716236114502,11.47716236114502,11.15835285539937,11.203897195687889,31505743
2020-08-28,11.340531349182129,11.477163507419757,11.249441783233593,11.431620038856595,16630101
2020-08-31,11.067264556884766,11.477162757357897,11.067264556884766,11.386074949910324,32731840
2020-09-01,11.203898429870605,11.249441898902052,11.0217210486485,11.112809739259554,14623228
2020-09-02,11.021720886230469,11.203898264767977,10.976176541596091,11.203898264767977,18896974
2020-09-03,11.340531349182129,11.750429576443153,11.112809624995965,11.158353969833197,53131277
2020-09-04,11.79597282409668,11.79597282409668,11.112808591355696,11.203897272557693,54068371
2020-09-07,12.11478328704834,12.479137137950595,11.887061582563184,11.887061582563184,111677415
2020-09-08,12.11478328704834,12.479137137950595,12.023694605254278,12.43359367332756,49201200
2020-09-09,12.388049125671387,12.433593465808274,11.887061384165635,12.0692378684392,55276371
2020-09-10,12.29695987701416,12.479137242123052,12.205872070733717,12.433593777119832,35778126
2020-09-11,12.29695987701416,12.479137242123052,12.160327729456494,12.29695987701416,28941620
2020-09-14,12.388049125671387,12.661314290218726,12.34250390926052,12.433593465808274,37692642
2020-09-15,12.388049125671387,12.524681269808067,12.34250390926052,12.47913692967118,23009345
2020-09-16,12.34250545501709,12.524682838380253,12.296961109176298,12.524682838380253,25922786
2020-09-17,12.570225715637207,12.661314396676866,12.296959672518227,12.296959672518227,53893197
2020-09-18,12.479137420654297,12.79794781415588,12.479137420654297,12.661314788369486,33999176
2020-09-21,12.069238662719727,12.479137750927299,12.069238662719727,12.479137750927299,26749148
2020-09-22,12.11478328704834,12.160327627945371,11.841518117940149,12.023694605254278,25713081
2020-09-23,11.84151840209961,12.205872261745219,11.750428841845688,12.160327919755266,37707572
2020-09-24,11.61379623413086,11.795972718632072,11.568251017663078,11.704884038244474,23384344
2020-09-25,11.158353805541992,11.795973747601115,11.06726511720868,11.75042940343446,32477487
2020-09-28,12.251416206359863,12.251416206359863,11.477163238539706,11.613797146124499,59366165
2020-09-29,12.479137420654297,12.706859130298284,12.16032790342673,12.524681762583095,126038460
2020-09-30,12.706860542297363,12.752404889287094,12.296961419389785,12.52468315433844,69105736
2020-10-05,12.706860542297363,13.162304012194673,12.615772724592015,12.797949236276825,119950790
2020-10-06,12.93458080291748,12.98012514471591,12.706859093925338,12.93458080291748,43937159
2020-10-07,13.207847595214844,13.298935407651484,12.797948496016687,12.889037184727389,70240186
2020-10-08,13.1167573928833,13.253391295584336,12.889036558445627,13.207846953441997,46560682
2020-10-12,13.1167573928833,14.118732043740737,13.071213050740962,13.663290374865387,138678383
2020-10-13,13.663290023803711,13.708833488501847,12.752403204361068,13.162302273110257,96849136
2020-10-14,13.708833694458008,14.027644086052616,13.663290229075645,13.8910110610835,90606423
2020-10-15,13.344478607177734,13.708833330762378,13.298934266729654,13.663289866588283,33657262
2020-10-16,13.207847595214844,13.481112785072886,13.07121368587473,13.390024972636247,38599493
2020-10-19,13.25339126586914,13.481112099796245,13.207846923828916,13.344479073675572,23709278
2020-10-20,13.344478607177734,13.390023823899801,13.1623021216594,13.253390802555561,22237045
2020-10-21,13.799922943115234,13.799922943115234,13.29893516437106,13.572201225504246,75522358
2020-10-22,14.437541961669922,14.437541961669922,13.663289094100822,13.936554245065604,294181797
2020-10-23,15.849414825439453,15.849414825439453,14.528630694789829,14.574175035589747,383176946
2020-10-26,16.942480087280273,17.215744396993678,15.75832890336186,15.940504525654765,461219279
2020-10-27,16.213769912719727,16.851390698110535,15.940503861837952,16.669213330856017,266147539
2020-10-28,15.667236328125,16.12267970315569,15.485060730660583,16.07713624192655,181391178
2020-10-29,15.667236328125,15.803870216908138,15.21179470564217,15.348426841877448,145790486
2020-10-30,15.439518928527832,15.940505875489896,15.393973704686783,15.576152847502733,98721513
2020-11-02,15.439518928527832,15.71278501392939,15.302886762101178,15.576152847502733,59064779
2020-11-03,16.031591415405273,16.304857447024645,15.621693244250169,15.758327136333806,159428250
2020-11-04,16.168228149414062,16.487037699400567,15.940505540096664,16.213771619748616,126271807
2020-11-05,15.803873062133789,16.259316519159533,15.758329592705303,16.168227827754382,66176598
2020-11-06,15.803873062133789,16.487037371398316,15.758329592705303,16.122682605777722,104896300
2020-11-09,15.849414825439453,16.12268087023896,15.758327896387605,16.077137405713035,43137701
2020-11-10,15.940505981445312,16.168228597067724,15.667239894227377,15.940505981445314,60597681
2020-11-11,15.894959449768066,16.12268026900163,15.803870771565055,16.03159159079862,42683897
2020-11-12,16.304859161376953,16.350404381042924,15.849415727457687,16.031593101025393,74375762
2020-11-13,15.849414825439453,16.16822608731287,15.849414825439453,16.16822608731287,114370576
2020-11-16,15.530604362487793,15.758326928778517,15.485060900758375,15.71278171450122,73029580
2020-11-17,15.667236328125,15.894958891914275,15.576149405666722,15.576149405666722,47397245
2020-11-18,15.849414825439453,15.9860487241132,15.758327896387605,15.758327896387605,36121922
2020-11-19,15.894959449768066,16.03159159079862,15.75832730873751,15.894959449768065,27468581
2020-11-20,15.98604965209961,16.304859179931857,15.94050443238181,15.98604965209961,75707604
2020-11-23,16.487035751342773,16.66921311625189,16.07713755657127,16.07713755657127,154006111
2020-11-24,16.851390838623047,17.306834260556975,16.669213469849474,16.988024741477247,182080046
2020-11-25,16.1226806640625,17.12465614884745,16.031591983627507,17.07911093235597,151015313
2020-11-26,16.077136993408203,16.213769136029974,15.940503098238489,16.16822567267203,51602300
2020-11-27,16.578125,16.669213685565563,16.122681572172183,16.168226791228996,122673457
2020-11-30,16.669214248657227,17.033569003227505,16.669214248657227,16.71475771670445,119198969
2020-12-01,18.17217445373535,18.263263130943074,16.71475561841181,16.988023402582876,352262049
2020-12-02,19.948402404785156,19.948402404785156,18.582073905085686,18.582073905085686,528455597
2020-12-03,19.629592895507812,20.31275714558863,19.44741552847986,20.221668462074653,280962274
2020-12-04,21.587997436523438,21.587997436523438,20.221668906343638,20.221668906343638,320382413
2020-12-07,23.728580474853516,23.728580474853516,22.772150161078045,22.954327530611284,415751922
2020-12-08,24.001846313476562,24.0473897791766,22.817693422151134,23.500857675487943,321687447
2020-12-09,24.138479232788086,24.3662000736453,23.31868105111556,23.546403644520865,176796445
2020-12-10,22.225618362426758,23.455314747650874,21.77017493224226,23.273137375577072,254076719
2020-12-11,21.861263275146484,23.045416175039815,21.31473116750341,22.726604902640666,184608188
2020-12-14,22.225618362426758,22.908782631429474,21.724631465497843,22.31670704846366,126244895
2020-12-15,21.54245376586914,22.225618024484284,21.360276396565364,22.180074558432363,113567470
2020-12-16,21.99789810180664,22.99987192200059,21.952352881317033,22.498885011903617,187676452
2020-12-17,22.271162033081055,22.589971535767564,21.587996059034612,22.088982921127112,108769067
2020-12-18,21.90680694580078,22.726603296790977,21.86126173044137,22.589971155808584,98117170
2020-12-21,22.225618362426758,22.544427887281874,21.587997560168457,21.906808837571646,145938047
2020-12-22,21.679086685180664,22.726605719541976,21.63354321751405,22.043441436706008,129608629
2020-12-23,22.498884201049805,22.498884201049805,21.542453883266838,21.997897309008263,109132789
2020-12-24,23.500858306884766,24.22956779804786,22.4077958226882,22.772150568269748,336675967
2020-12-25,24.320655822753906,24.639465340189908,23.683036787881907,23.95630108708532,282807774
2020-12-28,26.7345027923584,26.7345027923584,25.231542166083216,25.32262909566232,340364619
2020-12-29,25.86916160583496,27.873110892417785,25.778072922238106,27.4176674744335,430102451
2020-12-30,27.235490798950195,28.05528897214264,25.732530110252817,26.370149159076647,404419309
2020-12-31,26.46123695373535,28.37409754087516,26.18797090520852,27.64538983068495,441886499
2021-01-04,25.50480842590332,27.007769064756136,25.277085842405853,26.78004823380668,238603128
2021-01-05,25.91470718383789,26.27906192328586,25.595895910546897,25.686984595408887,147520139
2021-01-06,24.912731170654297,26.32460488255511,24.639465121330137,26.187970981619024,194015416
2021-01-07,25.140451431274414,25.64144005326653,24.32065505446545,25.322628793353733,144757402
2021-01-08,26.415695190429688,26.73450472464308,25.778074369454778,25.96025174687618,267046169
2021-01-11,25.91470718383789,26.41569407430482,25.77807328027088,26.3701488555998,121756410
2021-01-12,24.867189407348633,26.27906321588172,24.73055549706097,25.91470845851213,144335877
2021-01-13,25.231544494628906,25.686986194747806,25.0038218920213,25.231544494628906,74864256
2021-01-14,25.91470718383789,26.187971485875817,25.27708638980395,25.368175074665942,98216969
2021-01-15,25.049367904663086,26.3246078598569,25.049367904663086,26.187973943467576,98899770
2021-01-18,23.455312728881836,24.730552471092096,22.681059840481186,24.68500900826755,174801595
2021-01-19,24.22956657409668,24.457289154855832,23.54640233691521,23.728579700503335,103027861
2021-01-20,23.910755157470703,25.32262883990704,23.591945649519783,24.685009824005196,138194581
2021-01-21,24.593921661376953,25.322629373851193,24.275112146703723,24.320655611993608,146929446
2021-01-22,25.50480842590332,25.50480842590332,24.77609896278825,24.91273111084832,101062940
2021-01-25,26.233516693115234,26.279061911800348,25.003820324289826,25.732529802867266,165898147
2021-01-26,25.231544494628906,26.187973116407488,25.18599927308812,26.187973116407488,131254797
2021-01-27,25.322629928588867,25.73252988791749,25.140452558342382,25.45926383254776,72759003
2021-01-28,24.138479232788086,24.685011353903104,24.138479232788086,24.502833980198098,118141468
2021-01-29,24.09293556213379,25.049365889732492,24.09293556213379,24.593922459316904,87782016
2021-02-01,25.003820419311523,25.049365638169725,23.86521273098126,24.18402400534449,89002119
2021-02-02,24.912731170654297,25.595895417690688,24.867187705374278,25.27708590308651,101359145
2021-02-03,25.322629928588867,25.73252988791749,25.003820406931542,25.18599777717803,116696602
2021-02-04,25.413721084594727,25.686987166533115,25.140455002656342,25.277088919899647,61546768
2021-02-05,25.778072357177734,26.552325274505232,25.595894993977385,25.960249720378087,277738056
2021-02-17,26.46123695373535,27.59984461298981,26.233516122903662,26.780048219957326,206376875
2021-02-18,28.692909240722656,28.692909240722656,26.68895994045561,26.780048624674478,384287779
2021-02-19,27.736480712890625,28.37409979079854,27.14440335119306,28.328556322040036,280962773
2021-02-22,28.146377563476562,29.603796533143747,28.146377563476562,28.601820991497558,239226188
2021-02-23,28.875083923339844,29.05725952228445,27.69093113863873,28.05528584162369,170256824
2021-02-24,27.964200973510742,29.421619983894193,27.873112285361778,29.102808699098755,194949168
2021-02-25,28.647363662719727,28.875086246682237,28.00974288119191,28.692908880531434,124795591
2021-02-26,27.82756805419922,28.191921044252084,27.690934149449838,27.78202283510007,105162659
2021-03-02,27.281034469604492,28.783995072988134,27.18994578886476,28.510730783316905,102309256
2021-03-03,26.96222496032715,27.827568359780955,26.461238060023433,27.463213613178947,108714093
2021-03-04,25.732528686523438,26.597870278519363,25.595894788943678,26.506781597648846,138573855
2021-03-05,24.958276748657227,25.45926363670729,24.54837679248168,24.776099379812102,105227927
2021-03-08,24.685012817382812,25.59589798736264,24.593924125130012,25.59589798736264,74367405
2021-03-09,24.184022903442383,24.867187134803764,23.86521164360522,24.593921091749618,95883851
2021-03-10,24.457290649414062,24.867188866261777,24.411745429459817,24.685011491540994,60663950
2021-03-11,25.686983108520508,25.686983108520508,24.639464169517154,24.639464169517154,76426297
2021-03-12,25.686983108520508,26.279060402125143,25.55035096541048,26.096883042946477,89878334
2021-03-15,25.413721084594727,25.686987166533115,25.23154544918403,25.686987166533115,42942270
2021-03-16,25.686983108520508,25.91470568376781,25.50480750188979,25.686983108520508,40316216
2021-03-17,25.64143943786621,25.960248937579532,25.5503507590127,25.86916025872602,35551189
2021-03-18,25.778072357177734,26.18797054810453,25.68698367557756,25.778072357177734,45663322
2021-03-19,25.686983108520508,25.686983108520508,25.003818887874488,25.50480750188979,102186679
2021-03-22,25.823617935180664,25.869161400343305,25.23154237277826,25.595895351723424,52701174
2021-03-23,25.86916160583496,26.597871074609817,25.86916160583496,26.142427656625532,96970322
2021-03-24,25.50480842590332,26.09688398841031,25.413717990465926,25.686984039134074,56610653
2021-03-25,25.459264755249023,25.73253082052253,25.140453469489202,25.504809975735334,38709342
2021-03-26,26.50678253173828,26.55232599750449,25.64144090924803,25.686984375014237,117828843
2021-03-29,27.1444034576416,27.18994867912686,26.597873067655584,26.73450522701505,112370424
2021-03-30,26.96222496032715,27.59984576688066,26.643415433324435,27.372124926528446,75269581
2021-03-31,26.871137619018555,27.144401922280917,26.643415029569173,26.962224551740636,49799345
2021-04-01,27.873111724853516,28.46518730964152,27.189947453748275,27.41766829326733,253340848
2021-04-07,27.463212966918945,27.690933801912465,27.053314762911388,27.645390335932976,77792952
2021-04-08,28.41964340209961,28.41964340209961,27.417667868146008,27.599845237955755,104074832
2021-04-09,31.243389129638672,31.243389129638672,28.966173759522327,28.966173759522327,462153620
2021-04-12,31.744375228881836,33.52060366400009,31.243388350660585,31.425565715931587,549497837
2021-04-13,31.015663146972656,33.70277818138456,30.378044174950997,32.60971408212252,305259253
2021-04-14,31.698833465576172,32.33645249045463,29.421618155886804,31.972097760496652,259768888
2021-04-15,31.061208724975586,31.42556342900244,30.332499316921872,31.42556342900244,135181421
2021-04-16,32.609718322753906,32.65526354241988,31.425567147111902,31.47111236677787,195719167
2021-04-19,32.79189682006836,34.38594801713835,32.79189682006836,33.429515896857836,205894694
2021-04-20,33.42951583862305,33.930506261052095,32.47308722510494,32.882987205239154,130460682
2021-04-21,33.2017936706543,34.11268048382971,32.92852937924965,33.5206031789917,132802295
2021-04-22,31.197843551635742,33.65723626324277,30.10478285044066,33.61169455013602,208134124
2021-04-23,32.47308349609375,32.74635128650158,31.562196703227475,31.60774191914476,104002309
2021-04-26,34.067138671875,34.9780255760927,33.520606529344384,33.611696972314306,207714880
2021-04-27,35.06911087036133,35.16020130906206,34.15822400883471,34.61366919214609,173298783
2021-04-28,34.11267852783203,35.433461702381614,33.976046389964104,35.29682956451368,152401778
2021-04-29,32.51862716674805,34.24931023840515,32.51862716674805,34.112678102241844,124671340
2021-05-03,30.514680862426758,32.42754156889547,30.514680862426758,32.42754156889547,118727299
2021-05-04,30.651317596435547,31.653291452714278,28.328556834065434,31.24339146373827,133318410
2021-05-05,28.60181999206543,31.06121091234429,28.60181999206543,30.83348833001706,108109860
2021-05-06,28.100833892822266,29.558251099354614,27.918656522937216,28.829541619814414,101896088
2021-05-07,30.879037857055664,30.879037857055664,29.60379963027823,29.785973515449438,110629369
2021-05-10,29.87706184387207,31.471113019370065,29.740429687137095,31.243390421414283,132204666
2021-05-11,27.82756805419922,29.057262681655267,27.32658115939697,28.6929096916024,112247695
2021-05-12,25.732528686523438,28.10083263660891,25.049364456268545,27.782021377288114,170844006
2021-05-13,26.279062271118164,27.144402159938736,24.502833769073018,25.04936588547892,124091809
2021-05-14,25.91470718383789,27.73647912852967,25.550352444389926,27.417667855238676,93506159
2021-05-17,23.364225387573242,25.550352036842625,23.364225387573242,23.54640275439136,102102149
2021-05-18,25.686983108520508,25.686983108520508,24.1384773080498,24.593920705996464,77965750
2021-05-19,26.279062271118164,27.05331522641916,25.277086724374012,26.370149204637745,131574899
2021-05-20,25.550352096557617,26.734503231094894,25.504808631020655,25.960250296582362,58780025
2021-05-21,26.324604034423828,26.552324858583198,25.86916063355713,26.37014749823652,47137426
2021-05-24,27.235490798950195,27.326581237408536,25.86916226284419,26.233517006485275,76869203
2021-05-25,29.057260513305664,29.922603838682104,27.50875472535443,27.82756597761352,242907540
2021-05-26,28.738452911376953,29.87706059595363,28.692909445216948,29.28498502058529,123442534
2021-05-27,28.41964340209961,29.011718977707257,28.055288662480116,28.692909456814228,80207878
2021-05-28,30.83348846435547,31.243388413311173,29.330529579225928,29.558250409997314,200806972
2021-05-31,31.10675621032715,31.744375236378218,30.423591966673566,31.197843140436152,146367815
2021-06-01,31.425565719604492,33.156248937333274,31.334478789506353,31.88100738028722,181486264
2021-06-02,30.879037857055664,32.60972131205061,30.42359613393465,32.38200220303835,118033796
2021-06-03,31.653289794921875,31.83546716880369,30.970125519139113,31.334480266902744,85972540
2021-06-04,30.924579620361328,31.60774388114336,30.651315318086958,31.56219866239893,78070724
2021-06-07,31.061208724975586,31.380021719820903,29.785967260881588,31.243386076989015,64676616
2021-06-08,30.696857452392578,31.83546690602974,30.651315738120164,31.698834753020204,58732573
2021-06-09,30.01369285583496,30.879034488945877,29.9226059231846,30.879034488945877,59035886
2021-06-10,30.514680862426758,30.8790356165252,30.05923917235182,30.15032961342455,56079382
2021-06-11,31.15230369567871,32.51863228244851,30.833490654348992,30.92458109618499,173363245
2021-06-15,31.881011962890625,32.06318935436925,31.380028517695056,31.744379795555787,87974598
2021-06-16,30.651317596435547,31.744378391877635,30.56022715217583,31.653291452714278,81317852
2021-06-17,31.380023956298828,31.38002395629883,30.01369196627073,30.332501478742085,61134043
2021-06-18,31.47110939025879,32.063183169533715,31.243386818562982,31.51665460561712,90280913
2021-06-21,30.15032958984375,31.152303410282702,30.104784369343005,31.061212969281215,85832645
2021-06-22,29.60379409790039,30.74239994546771,29.60379409790039,30.605767804574967,62932412
2021-06-23,30.514680862426758,30.833490395988836,29.42162010522766,29.740429638789738,82274163
2021-06-24,31.380023956298828,31.60774303372351,30.4691371313121,30.696856208736776,163378943
2021-06-25,31.51665687561035,33.06516276346244,31.380024724790246,31.88100810943194,280899730
2021-06-28,31.789918899536133,32.29090575337873,31.42556418672409,32.01764147131762,90236201
2021-06-29,31.061208724975586,32.38199540334688,31.061208724975586,32.245359760514994,80617847
2021-06-30,31.744375228881836,31.835465664065342,31.061210985389582,31.19784313306883,58670503
2021-07-01,30.970123291015625,31.744374445488255,30.879032858080063,31.744374445488255,58839872
2021-07-02,31.698833465576172,31.972097760496652,30.970124005660214,31.015665718082953,83696585
2021-07-05,32.06318283081055,32.70080532380365,31.881005476397636,31.972095906151992,90002520
2021-07-06,31.607746124267578,32.51863303831907,31.471113963433943,32.38200087748543,43445659
2021-07-07,31.881011962890625,31.9721024111782,31.33448329355127,31.425570236742324,54151308
2021-07-08,31.744375228881836,32.427539472374086,31.744375228881836,32.245362107103084,65193956
2021-07-09,32.154273986816406,32.928528636832915,31.789919269761093,31.881006196476978,197483509
2021-07-12,31.881011962890625,33.11070847909721,31.88101196289063,32.88298936857132,103669691
2021-07-13,34.85635757446289,35.039574723378486,32.47458398903119,32.70360190014204,517842631
2021-07-14,32.15396499633789,35.26859346164665,32.15396499633789,35.085379815155896,297634428
2021-07-15,32.24557113647461,32.88682068317488,31.787538767432302,32.42878478909837,93912916
2021-07-16,32.06235885620117,32.56619906625781,31.604326467553914,31.833344424394717,68716756
2021-07-19,31.146291732788086,31.741733440673976,30.77986443945796,31.695932672783275,108712996
2021-07-20,30.276029586791992,30.963079921247665,30.23022529115247,30.688257672444816,77699861
2021-07-21,29.40576171875,30.825668343761926,29.26835236674205,30.734059759067264,82255394
2021-07-22,30.41343879699707,30.779866110217206,29.6805841705568,30.047011483776934,76403514
2021-07-23,30.734058380126953,30.917272016262014,30.230221762014008,30.505040453699657,73508181
2021-07-26,30.917274475097656,31.466915427215515,30.87147018116263,31.100488125803608,62185118
2021-07-27,30.82567024230957,31.558524864867078,30.77986594714116,31.32950691405929,50697368
2021-07-28,29.314157485961914,30.642455563746847,28.35228494470638,30.505042682828815,102060840
2021-07-29,30.230222702026367,30.230222702026367,29.268351963666284,29.81799112664562,43648974
2021-07-30,31.32950782775879,32.24557260763769,30.413439522845525,30.50504459081967,163129216
2021-08-02,32.337181091308594,32.428786158973004,30.917276104752567,31.421112789492714,147274724
2021-08-03,31.100488662719727,31.787538983469684,30.77986564970764,31.421111675731808,120692789
2021-08-04,32.337181091308594,32.337181091308594,31.146294061465124,31.375308493143333,122255811
2021-08-05,32.79521179199219,32.841016085984386,31.87914706235318,32.47458878411511,144462317
2021-08-06,31.237895965576172,32.29137352471708,31.14629090718887,32.06235559119784,142818428
2021-08-09,31.100488662719727,31.741734688743893,30.73406135498185,31.146292957445517,63818923
2021-08-10,30.82567024230957,31.604325635001228,30.734061651972752,31.32950691405929,53303523
2021-08-11,29.176746368408203,30.459241915108105,28.71871400710388,30.459241915108105,147716569
2021-08-12,28.077465057373047,28.67290851213462,27.80264459459455,28.35228375763454,126710387
2021-08-13,26.107919692993164,27.482022028163243,26.107919692993164,27.344610913387722,158754076
2021-08-16,26.657560348510742,26.794969699333418,25.970510069363346,26.107919420186025,90976318
2021-08-17,26.657560348510742,26.657560348510742,26.657560348510742,26.657560348510742,0
2021-08-18,27.573627471923828,27.573627471923828,25.97051070234594,26.062117525966137,67292506
2021-08-19,26.474346160888672,27.573626232397704,26.336935050376937,27.161396425896438,48908740
2021-08-20,26.016311645507812,26.794968717511075,25.970509117750886,26.61175508144949,38640137
2021-08-23,27.023988723754883,27.298807436481813,26.428545241984743,26.47434777326687,35900002
2021-08-24,26.474346160888672,27.619430523407274,26.42854363239607,27.482021175412505,42928292
2021-08-25,27.207202911376953,27.43621909734581,26.61175765532713,26.657561950031166,39161543
2021-08-26,26.749168395996094,27.573628063756807,26.70336410194434,27.390414412583965,40016845
2021-08-27,26.703365325927734,27.02399011143501,26.474349132722967,26.749169622078988,30410759
2021-08-30,27.16139793395996,27.25300475854835,26.749168104570742,26.93238175374752,25373972
2021-08-31,27.023988723754883,27.298807436481813,26.749168248510877,27.16139808011835,32512827
2021-09-01,27.985858917236328,28.123268270709723,26.978183862535616,27.11559321600901,64790276
2021-09-02,27.43621826171875,28.1690710920088,27.43621826171875,27.848448088914218,52353469
2021-09-03,28.26068115234375,28.35228621870453,27.665235883378607,27.802647007954082,81021109
2021-09-06,27.7568416595459,28.947728627276103,27.66523483414226,28.26068008052445,66937041
2021-09-07,27.61943244934082,27.940055458697316,27.29880767746723,27.848448632807305,28661424
2021-09-08,26.428544998168945,27.665234481582313,26.291133880556085,27.665234481582313,52271046
2021-09-09,26.932382583618164,27.161398770887306,25.97051177706037,26.01631430950735,32641887
2021-09-10,27.573627471923828,27.66523429554403,26.749167821859096,27.069790823271266,34904308
2021-09-13,27.207202911376953,27.665235283314665,27.207202911376953,27.48202339204985,19252296
2021-09-14,26.932382583618164,27.75684226780077,26.88657828865406,27.48202354808465,22679855
2021-09-15,26.474346160888672,26.932380258399505,26.42854363239607,26.932380258399505,20171072
2021-09-16,26.291133880615234,26.703363708420618,26.245331349755553,26.611756884184192,15496532
2021-09-17,25.37506866455078,26.245332656881015,25.28346007323481,26.016314703625387,74072550
2021-09-22,25.054441452026367,25.283457620548553,24.000963904293766,24.688014172377294,53262830
2021-09-23,24.68801498413086,25.46667209772927,24.59640992372355,25.32926274460127,35730533
2021-09-24,25.054441452026367,25.19185256315326,24.733818463591916,25.00863892332872,22116783
2021-09-27,25.32926368713379,25.558279871708102,25.146050034467496,25.19185432889262,24124175
2021-09-28,24.87122917175293,25.191853940230867,24.7796223468331,25.191853940230867,17827996
2021-09-29,24.046768188476562,24.27578613623471,23.90935882983536,24.184179309634874,42341007
2021-09-30,24.275785446166992,24.733819566146025,24.13837609143181,24.184178622171185,31005477
2021-10-01,23.451322555541992,24.18417710142519,23.313913209447364,24.13837457356596,37878291
2021-10-04,22.947486877441406,24.184178093069946,22.901684347704098,23.634537161120146,31001367
2021-10-05,23.542932510375977,23.634537571440955,22.39784809685918,22.48945315792416,30155350
2021-10-06,22.67266845703125,23.86355725036639,22.581063389291877,23.817754716496705,27490026
2021-10-07,23.359718322753906,23.542931965679067,22.855879923451212,22.901684215441005,20271924
2021-10-08,23.405521392822266,24.138375981449595,23.268110276196115,23.63453757050978,24993245
2021-10-12,22.947486877441406,23.31391416540794,22.626863881729196,23.084897991687363,24652594
2021-10-13,21.98561668395996,23.130701106564175,21.75660050444594,22.993291751359177,45914502
2021-10-14,23.084897994995117,23.176504816999877,22.39784771121793,22.39784771121793,43751723
2021-10-15,23.588733673095703,23.817751600029492,23.268108927891788,23.726143019242418,32373312
2021-10-18,23.359718322753906,23.771948138077015,23.130700387838953,23.588734495151854,19059113
2021-10-19,22.626863479614258,22.855879649264857,21.985615737068805,22.810077120341532,80887821
2021-10-20,22.810077667236328,23.03909384237782,22.39784784697483,22.53525719955632,36389398
2021-10-21,22.90168571472168,23.313915557031805,22.535258404882846,22.626865232342553,28377420
2021-10-22,22.9932918548584,23.26811056650543,22.718471380694297,22.90168503013703,29766305
2021-10-25,23.542932510375977,23.542932510375977,22.810077921719774,22.947487275834288,19231987
2021-10-26,23.909358978271484,24.092572632608604,23.680342791608645,23.771949618777207,40319541
2021-10-27,23.955162048339844,23.955162048339844,23.359718583446476,23.72614411086907,30703009
2021-10-28,23.955162048339844,24.41319616076437,23.72614411086907,23.863555225854938,34136676
2021-10-29,24.092571258544922,24.45899854632083,23.909357614656965,24.138375550775418,29300467
2021-11-01,24.138376235961914,24.45899924060846,24.000965117886917,24.367392416064153,20704873
2021-11-02,24.000965118408203,24.962835894885796,24.000965118408203,24.321589885578778,45029381
2021-11-03,24.96283531188965,24.96283531188965,24.13837567274493,24.13837567274493,47323623
2021-11-04,24.32158851623535,25.10024559978074,24.32158851623535,25.05444130882791,39284424
2021-11-05,24.596410751342773,24.87122946684586,24.458999631074132,24.825426935101046,28032286
2021-11-08,25.054441452026367,25.283457620548553,24.688014172377294,24.779620992289562,31759581
2021-11-09,25.787296295166016,25.833098824367813,25.420869011483664,25.46667154068546,37331088
2021-11-10,25.970510482788086,26.01631301295244,25.329262722867888,25.833099367260957,39662369
2021-11-11,25.970510482788086,26.199526658643926,25.42086954571363,25.558278898723728,45007751
2021-11-12,26.886579513549805,27.436220503056774,26.336938524042836,26.382742821093686,90862758
2021-11-15,27.61943244934082,27.940055458697316,27.390414503357242,27.66523498102728,71238340
2021-11-16,28.031660079956055,28.16906942672557,27.52782345844523,27.619430277130558,60959361
2021-11-17,27.7568416595459,28.81031927042919,27.527825477295348,28.39808943737136,67471991
2021-11-18,27.985858917236328,28.306481917018942,27.665234154936673,27.89425209408172,41617106
2021-11-19,27.207202911376953,28.352285603738345,27.023989257595026,28.30648307155142,47885091
2021-11-22,29.085140228271484,29.130942760473225,27.98586006774154,28.07746689466213,145569034
2021-11-23,28.672908782958984,29.497370179081756,28.398088317584726,28.993531777970443,91514197
2021-11-24,28.627105712890625,28.901926189996917,27.940055401383436,28.764516832702316,44264889
2021-11-25,28.535497665405273,29.039336066452883,28.398088313994027,28.993531774304458,35730810
2021-11-26,27.61943244934082,28.535498945723848,27.527825623450806,28.535498945723848,59172399
2021-11-29,28.306482315063477,28.48969596394904,26.8865774174589,26.97818424190168,50650131
2021-11-30,29.35995864868164,30.092813212617862,28.810317725729472,28.901924546221498,133926569
2021-12-01,29.68058204650879,29.909599982140605,28.856122413281888,29.176745408146015,74628575
2021-12-02,29.085140228271484,30.367634042642607,28.947729106632046,29.772192311434452,97174828
2021-12-03,29.86379623413086,30.00120558799996,29.359959586588094,29.40576211703878,49248606
2021-12-06,29.22254753112793,29.58897657554335,28.85612201174649,29.58897657554335,49505637
2021-12-07,28.856122970581055,29.405762149175185,28.58130250002547,29.314157088173705,45917480
2021-12-08,28.810319900512695,29.451567692362286,28.76451736806771,29.31415833251022,33303847
2021-12-09,28.764516830444336,29.22254919640178,28.581303179054522,29.039337307529056,21246581
2021-12-10,28.306482315063477,28.764516437277383,28.214875490620695,28.718713906314527,26401802
2021-12-13,28.123268127441406,28.672909063569033,28.077465597355953,28.26067924273183,17378250
2021-12-14,27.39041519165039,28.031662988994377,27.34461265881296,27.80264679977295,27752146
2021-12-15,28.169071197509766,28.352284846397726,27.4820226579555,27.4820226579555,19258742
2021-12-16,28.214874267578125,28.71871266143185,28.123267447106265,28.53549725797114,24145568
2021-12-17,27.985858917236328,28.352284447337727,27.848447801245893,28.169070801028507,15223389
2021-12-20,27.985858917236328,28.489695563328162,27.711038447772495,27.80264527092711,14167752
2021-12-21,28.352285385131836,28.947728874073466,28.260680321464292,28.535499037501122,44380046
2021-12-22,28.627105712890625,29.588978264021193,28.627105712890625,29.130942372993616,56851745
2021-12-23,28.810319900512695,29.17674721014103,28.672910540660627,29.130942915178927,20862166
2021-12-24,28.993532180786133,29.451566296106833,28.947727887995544,29.176745826914413,47520184
2021-12-27,28.764516830444336,29.268353490507778,28.764516830444336,29.268353490507778,24120409
2021-12-28,28.947729110717773,29.222549591518327,28.810319751576053,28.947729110717773,19280504
2021-12-29,28.993532180786133,29.176745826914413,28.947727887995544,29.085139003850273,12594020
2021-12-30,31.146291732788086,31.192092500678786,29.176745912397177,29.314157028654495,231350269
2022-01-03,29.40576171875,30.87146911107521,29.22254807439472,30.87146911107521,123038128
2022-01-04,29.039335250854492,29.68058122278631,28.94772666913056,29.588976166096305,47562443
2022-01-05,28.672908782958984,29.497370179081756,28.672908782958984,29.17674542155328,46257915
2022-01-06,28.077465057373047,28.44389057856071,27.848447123799136,28.44389057856071,45169928
2022-01-07,27.7568416595459,28.39808943737136,27.619432302698986,28.214875786564086,33183407
2022-01-10,28.077465057373047,28.214874407503796,27.39041301916831,27.527824131816057,22617199
2022-01-11,27.48202133178711,28.123267309434045,27.390412749246714,27.894251140633994,26353055
2022-01-12,27.573627471923828,27.84844794278442,27.02398829271969,27.66523429554403,33022148
2022-01-13,27.573627471923828,27.84844794278442,27.48202241082068,27.71103858861265,14297172
2022-01-14,27.207202911376953,27.5736284564237,26.840775603813096,27.527825924236776,26223285
2022-01-17,28.031660079956055,28.0774643705572,27.207200474305058,27.253003002389246,20558912
2022-01-18,27.89425277709961,28.443891966968682,27.89425277709961,28.077466427894997,28929461
2022-01-19,27.89425277709961,28.169071490775604,27.573628006949146,27.619432300906535,19336597
2022-01-20,28.169071197509766,28.26067978447081,27.711038837806925,27.802645662250903,13649025
2022-01-21,27.48202133178711,28.077464780680824,27.390412749246714,27.894251140633994,20825825
2022-01-24,27.023988723754883,27.207202373917553,26.565954598348206,27.115593786319142,15512466
2022-01-25,27.11559295654297,27.34461089349657,26.79496995982836,26.840774252225888,19505583
2022-01-26,27.43621826171875,28.123268561216882,27.11559349610711,27.11559349610711,29556619
2022-02-07,27.848447799682617,27.940054622832086,27.344611153619066,27.848447799682617,19197361
2022-02-08,29.176746368408203,29.588977961105993,27.89425258422537,27.940055115348976,67732777
2022-02-09,29.8179931640625,29.955402523567052,29.405763323031728,29.58897873989966,54496592
2022-02-10,30.505043029785156,30.688256681392218,29.955402074963974,29.955402074963974,92394639
2022-02-11,30.32183265686035,30.64245566330924,30.138619006741823,30.276028363072182,41388936
2022-02-14,29.40576171875,29.863795829638196,28.398088437312982,29.863795829638196,82462755
2022-02-15,29.451566696166992,30.047010172913684,29.31415734096278,29.6805828756797,33385105
2022-02-16,31.00887680053711,31.146289670211686,30.18441720765891,30.230221497550435,99054697
2022-02-17,32.06235885620117,33.39065877583661,31.192094850247337,31.192094850247337,249973268
2022-02-18,32.93262481689453,33.34485288951088,31.8333429065159,32.062357327402474,161341000
2022-02-21,31.833341598510742,32.65780123490127,31.604323662000134,32.61199694259234,87827156
2022-02-22,31.283700942993164,31.375306003388353,30.367632713870933,31.329505235707796,70205441
2022-02-23,31.8791446685791,32.245568417899804,31.329503757047203,31.924945434098,58493338
2022-02-24,30.04701042175293,31.054683734974535,29.909601065410737,30.688256434705924,66985646
2022-02-25,30.230222702026367,30.963077269354812,30.09281335191078,30.688255044089647,34146223
2022-03-01,31.146291732788086,31.28370108652836,30.688255853608382,30.917273793198234,31788114
2022-03-02,30.917274475097656,31.05468383186858,30.321832754078933,30.779865118326732,18730437
2022-03-03,31.604326248168945,32.06235863363672,31.329507521895145,31.78753990736292,38144121
2022-03-04,31.00887680053711,31.695930573808436,30.91727174578791,31.10048538032016,22443919
2022-03-07,29.634777069091797,30.459240208287582,29.314155844158826,30.413435917213608,32494035
2022-03-08,28.672908782958984,30.18441869874188,28.672908782958984,29.314156535498917,32833289
2022-03-09,29.085140228271484,29.40576324123499,28.856124042228572,29.314158176831512,20329320
2022-03-10,30.505043029785156,30.825669563873152,29.909601305837846,30.230224314891657,33372177
2022-03-11,30.82567024230957,30.96307960278054,30.001207029415248,30.047011324583657,29496778
2022-03-14,31.32950782775879,31.604326556715588,30.871471912784976,31.37530859922868,24386191
2022-03-15,30.45924186706543,31.283701526126467,30.32183251139428,31.283701526126467,21146332
2022-03-16,29.909603118896484,31.05468586707754,29.588980090407162,30.96308079823819,24568768
2022-03-17,31.970752716064453,32.06235778070738,30.825670020339576,31.10048873930259,73715160
2022-03-18,32.5203971862793,32.978429608960205,31.650133115661337,31.970756164041436,89308886
2022-03-21,32.01655578613281,33.16163843805338,31.8791464319078,32.978424790742,36247505
2022-03-22,31.421112060546875,32.108162389711154,31.10048904360811,32.0623580944244,26729482
2022-03-23,31.970752716064453,32.65780303850623,31.741734766905786,31.970752716064453,66270045
2022-03-24,29.49736976623535,31.51271805492266,29.359958654212928,31.329504413904086,166607262
2022-03-25,29.35995864868164,29.588976581170204,28.85612201723398,29.31415611969412,64888670
2022-03-28,28.901926040649414,29.1767465163356,28.67290985883613,29.085139691106875,29218225
2022-03-29,29.176746368408203,29.497371136341712,28.94772842523897,29.085139543643923,28418988
2022-03-30,28.947729110717773,29.72638802091123,28.90192657850957,29.680583726185915,27926520
2022-03-31,28.5813045501709,29.26835489458367,28.489697720081384,29.13094376819081,34297664
2022-04-01,27.52782440185547,28.260678976453864,27.34461075820587,28.260678976453864,88923436
2022-04-06,26.749168395996094,27.344611881049296,26.520150450771496,27.29880758699754,91660341
2022-04-07,26.199527740478516,27.207202833390745,26.153725208422877,26.84077552687721,63444563
2022-04-08,26.199527740478516,26.657561873620438,26.10792091385013,26.565955046992055,30566130
2022-04-11,25.741493225097656,26.520150358617986,25.55827957456145,26.428545295866964,36869745
2022-04-12,25.14604949951172,25.741492976751175,24.642212846656566,25.649887914883934,90765091
2022-04-13,26.062118530273438,26.062118530273438,25.3750682079049,25.51247756737176,41500840
2022-04-14,25.008638381958008,26.10791843459176,24.8712272738057,26.10791843459176,80076668
2022-04-15,24.73381996154785,25.237656620320735,24.596410604616004,24.82542678700811,47038179
2022-04-18,24.96283531188965,25.100246426758453,24.27578502509671,24.550605492317292,26560883
2022-04-19,25.10024642944336,25.466671956592972,25.05444213697652,25.283458311759652,26370508
2022-04-20,25.878904342651367,25.924706874024036,25.37506768496663,25.512477041601713,44947450
2022-04-21,26.107919692993164,26.199526515337833,25.649887343786826,26.199526515337833,38129423
2022-04-22,25.741493225097656,26.01631370090196,25.375067686542327,25.46667274929335,32317470
2022-04-25,24.73381996154785,25.146049794860474,24.64221313608759,25.054442969400213,29924322
2022-04-26,24.68801498413086,25.054442275828237,24.458998808078515,25.054442275828237,16137322
2022-04-27,24.229984283447266,24.27578681677264,23.405522820936092,23.909359500101008,34619908
2022-04-28,24.779621124267578,24.91703223612633,24.046766561066192,24.27578449332512,22146622
2022-04-29,24.96283531188965,25.55827877627573,24.87122848948279,25.28345830905515,24735096
2022-05-03,25.054441452026367,25.19185256315326,24.87122781220183,24.917032103416453,10796822
2022-05-04,24.96283531188965,25.375066893979035,24.68801484466907,25.191853249165312,23814969
2022-05-05,25.878904342651367,25.97051116791378,25.329263391076886,25.466672747711964,41343358
2022-05-06,25.512475967407227,25.649887080773738,25.008639330936365,25.420869146001888,28612692
2022-05-09,24.91703224182129,25.420868872878906,24.871227950352242,25.146048411615574,17042933
2022-05-10,25.283458709716797,25.329263002904593,24.4131965268363,24.4131965268363,24456328
2022-05-11,25.283458709716797,25.420869826763127,25.008640000658247,25.283458709716797,16055202
2022-05-12,24.96283531188965,25.46667195386887,24.82542595953787,25.100246426758453,22311537
2022-05-13,25.466672897338867,25.512477191497734,25.05444306249453,25.329263539896452,18862747
2022-05-16,25.55828094482422,26.062119392069746,25.466674114644775,25.87890573171086,29332588
2022-05-17,26.062118530273438,26.062118530273438,25.649888689355738,25.7872980488226,22662485
2022-05-18,26.749168395996094,26.93238204716894,26.291134268063985,26.33693679959865,58697166
2022-05-19,26.840774536132812,26.840774536132812,25.97051059654482,26.107919950156802,36641849
2022-05-20,26.52014923095703,26.978183337821516,26.474346701529086,26.93238080839357,24759971
2022-05-23,26.291133880615234,26.74916800179736,26.016313407905958,26.611756884184192,20984767
2022-05-24,25.878904342651367,26.520150356971186,25.649888160753875,26.520150356971186,22690195
2022-05-25,26.107919692993164,26.291133337682506,25.649887343786826,26.107919692993164,24585420
2022-05-26,25.878904342651367,26.520150356971186,25.878904342651367,26.520150356971186,16040839
2022-05-27,26.107919692993164,26.33693586759633,26.06211716307934,26.199526515337833,11678780
2022-05-30,26.657560348510742,26.703362877945967,26.428544176300612,26.565953527123288,20638160
2022-05-31,26.840774536132812,26.840774536132812,26.382740419897804,26.565954066391807,25070832
2022-06-01,26.52014923095703,26.749167165647776,26.474346701529086,26.65756034427488,15821860
2022-06-02,26.474346160888672,26.749166619395172,26.24532999339174,26.42854363239607,16637854
2022-06-06,26.657560348510742,26.749167169898197,26.107919420186025,26.52014923517106,18544808
2022-06-07,26.565954208374023,26.749167855847215,26.428544854027656,26.65756103211062,12437901
2022-06-08,26.382740020751953,26.749167308196263,26.382740020751953,26.657560486335186,11949848
2022-06-09,26.107919692993164,26.38274016002718,26.107919692993164,26.24533080776868,9876230
2022-06-10,25.512475967407227,25.87890325302858,25.420869146001888,25.87890325302858,23735263
2022-06-13,24.50480079650879,24.917032371812883,24.458998267317778,24.917032371812883,25917196
2022-06-14,24.91703224182129,25.05444159119446,24.184177678452404,24.229981969921454,16986679
2022-06-15,24.596410751342773,25.0086405871145,24.55060645708086,25.0086405871145,21927428
2022-06-16,24.206270217895508,25.20495723010697,24.158712734944285,25.157401577134312,28555630
2022-06-17,23.540477752685547,23.920930288078146,23.064912083444796,23.778261502295184,29752527
2022-06-20,22.494234085083008,23.683147289006847,22.446676605337267,23.683147289006847,24122308
2022-06-21,23.112468719482422,23.112468719482422,22.351565506523468,22.779573678186534,20108894
2022-06-22,21.685775756835938,23.01735788480648,21.685775756835938,23.01735788480648,23929491
2022-06-23,21.875999450683594,22.54178952097962,21.590660064851686,21.9235550999997,22926936
2022-06-24,21.92355728149414,22.399122971868284,21.87600162744603,22.351567317820173,14098377
2022-06-27,22.58934783935547,22.63690349043803,22.256450961863578,22.399121575068243,12632690
2022-06-28,22.066226959228516,22.541790799271375,21.923556343232836,22.541790799271375,11169997
2022-06-29,22.0186710357666,22.208897317239785,21.685775958177857,21.78088909891445,10192192
2022-06-30,20.639530181884766,21.685774667728715,20.354190776654598,21.685774667728715,47394521
2022-07-01,19.070165634155273,20.829755836073282,18.927495020769886,20.35419017475281,58173425
2022-07-04,19.070165634155273,19.640844427739843,18.689713105098896,19.02260815303398,41257991
2022-07-05,18.64215660095215,19.35550604530642,18.214148398322457,19.117722287195466,55152523
2022-07-06,17.78614044189453,18.689714343275114,17.78614044189453,18.30926178901411,54486925
2022-07-07,18.784828186035156,18.832383842111213,17.833696764727172,17.92880990685797,43950117
2022-07-08,19.260391235351562,19.49817499540416,18.689714237178258,18.975053651254214,29949318
2022-07-11,19.40306282043457,19.498175963180753,18.97505459306609,19.355507164050827,16559461
2022-07-12,18.737268447875977,19.070165320310956,18.594599666817032,19.070165320310956,19986027
2022-07-13,19.545730590820312,19.783514350159923,19.3079486614593,19.45061928305879,23281199
2022-07-14,19.973739624023438,19.973739624023438,19.02260829431827,19.260390211755308,19442874
2022-07-15,20.16396713256836,20.25908027140022,19.688401438409052,19.973740854904637,15820575
2022-07-18,20.49686050415039,20.734642416526867,20.068852329881345,20.211521111311537,24284804
2022-07-19,20.8773136138916,20.924869265710235,20.211521678581068,20.306634812196858,17381758
2022-07-20,21.16265296936035,21.590663021713816,21.067541657702552,21.35288108261197,22682572
2022-07-21,21.780887603759766,21.780887603759766,21.11509566430708,21.210208798514607,17456477
2022-07-22,22.11378288269043,22.25645167045886,21.543105901638175,21.7808878245784,25822839
2022-07-25,21.82844352722168,22.1613404160755,21.685774739126153,22.06622728068563,13226689
2022-07-26,21.44799041748047,21.78088729751547,21.3053216331644,21.638216683220897,16367116
2022-07-27,21.73332977294922,22.0662266523234,21.162650976860764,21.590660988916355,20178371
2022-07-28,21.590662002563477,21.97111455115075,21.495548865416655,21.92355706758805,11266243
2022-07-29,22.0186710357666,22.066228521124227,21.733331613556825,21.828444754293415,15782169
2022-08-01,21.73332977294922,21.971113519641992,21.44799037490499,21.971113519641992,10204640
2022-08-02,21.067541122436523,21.400436194716928,20.877314843996686,21.400436194716928,16900720
2022-08-03,21.210208892822266,21.400435162083127,21.019982623561404,21.115095758191835,9131987
2022-08-04,21.16265296936035,21.40043673844087,20.924871030258508,21.210210455167925,9387852
2022-08-05,21.971113204956055,22.25645076893497,21.68577381099866,21.68577381099866,26668662
2022-08-08,21.35287857055664,21.78088674257849,21.16265047968437,21.733329262365807,19539948
2022-08-09,20.401748657226562,21.067540615753426,20.021296109496927,21.019983132297927,35973375
2022-08-10,19.7359561920166,20.06885307772283,19.7359561920166,19.926182460997723,27543738
2022-08-11,20.25908088684082,20.496862826154622,19.97374146167705,20.163967745119564,21257377
2022-08-12,20.734642028808594,20.78219950838169,20.21152073337514,20.21152073337514,14658266
2022-08-15,21.35287857055664,21.35287857055664,20.972426048769016,20.972426048769016,14534520
2022-08-16,21.115095138549805,21.4955476659068,21.115095138549805,21.35287888313717,13957860
2022-08-17,21.35287857055664,21.35287857055664,20.877312918322108,21.01998169900324,11921631
2022-08-18,21.25776481628418,21.25776481628418,20.92486795449989,21.210207337467107,10695632
2022-08-19,21.63821792602539,21.828444202691582,21.257767202671616,21.305322856848857,14331346
2022-08-22,21.25776481628418,21.44798924161725,21.115094209811367,21.305320465122843,7291115
2022-08-23,21.067541122436523,21.210209916277087,20.877314843996686,21.11509677705717,7415725
2022-08-24,20.687088012695312,21.21020934943516,20.59197487601729,21.16265186610686,14583770
2022-08-25,21.25776481628418,21.400433592778583,20.734641699188415,20.829754826844155,11367624
2022-08-26,21.495548248291016,21.780887651539533,21.400435113874842,21.59066138270719,14615789
2022-08-29,20.687088012695312,20.877314286051362,20.544417392688985,20.82975680272306,15322850
2022-08-30,20.782201766967773,20.82975742173073,20.59197548795868,20.68708862746323,11100697
2022-08-31,21.115095138549805,21.115095138549805,20.639529479353563,20.68708696026243,10039320
2022-09-01,20.639530181884766,20.82975645203821,20.59197452933568,20.82975645203821,12473071
2022-09-02,20.16396713256836,20.782201619986147,20.16396713256836,20.782201619986147,14104360
2022-09-05,19.973739624023438,20.211521541460474,19.831069009578407,20.16396588996447,8290147
2022-09-06,19.498172760009766,20.211520298427654,19.40305963288882,20.16396464985638,16243676
2022-09-07,19.40306282043457,19.68840224867312,19.212836534942202,19.355507164050827,9842411
2022-09-08,20.16396713256836,20.25908027140022,19.49817516074533,19.688401438409052,13641654
2022-09-12,20.544418334960938,20.782202102551267,20.40174953838967,20.40174953838967,11300865
2022-09-13,20.49686050415039,20.734642416526867,20.401747373204106,20.639529285580583,7039812
2022-09-14,20.21152114868164,20.306634279803784,19.735955493070918,19.878626104743372,10952954
2022-09-15,20.25908088684082,20.54441848202591,20.068854603398307,20.25908088684082,8739183
2022-09-16,19.688400268554688,20.021295319696783,19.688400268554688,20.021295319696783,17863761
2022-09-19,19.545730590820312,19.831070004040686,19.403061799199424,19.831070004040686,5554573
2022-09-20,19.498172760009766,19.878625268493543,19.40305963288882,19.688399014251655,8077416
2022-09-21,19.355504989624023,19.593286904787355,19.30794750860426,19.450618121685054,7065922
2022-09-22,19.165279388427734,19.307948176464937,18.975053117725757,19.21283504111395,7726008
2022-09-23,19.117721557617188,19.40306095847394,19.07016590579699,19.212834691236104,6815718
2022-09-26,18.166593551635742,18.92749685344529,18.071480410162213,18.92749685344529,16989050
2022-09-27,18.54704475402832,18.64215605853099,18.07147908162229,18.07147908162229,12194546
2022-09-28,17.69102668762207,18.832382480703455,17.69102668762207,18.73726934544846,19297395
2022-09-29,18.404375076293945,19.16528019096437,17.976365034302514,18.166593142948752,30434250
2022-09-30,18.784828186035156,18.784828186035156,18.071480535043513,18.071480535043513,17890914
2022-10-03,18.737268447875977,18.927494709273546,18.40437340541946,18.54704401645687,8058830
2022-10-04,19.450618743896484,19.498174396459024,19.070166203481957,19.21283499114813,13732921
2022-10-05,19.593286514282227,19.878625904778346,19.355504603858023,19.783512774612973,19233283
2022-10-06,19.450618743896484,19.640845014103746,19.21283499114813,19.640845014103746,12543502
2022-10-07,19.21283531188965,19.450619068607594,19.070166521841745,19.26039096524609,8406979
2022-10-11,18.07147979736328,18.78482741923598,18.07147979736328,18.642156796874275,16795980
2022-10-12,18.54704475402832,18.68971354076086,18.119034733873626,18.451929789568577,17439486
2022-10-13,17.643470764160156,18.356820256600642,17.59591510731944,18.261705282961778,16720622
2022-10-14,18.594600677490234,18.737269466303662,18.023921862279394,18.21414813401634,16387337
2022-10-17,18.9274959564209,18.97505343989312,18.071479553706716,18.16659269067258,14274385
2022-10-18,19.78351402282715,19.78351402282715,18.927495797329478,19.117722069662292,25056853
2022-10-19,19.260391235351562,19.735956925478153,19.260391235351562,19.640845617431438,17273137
2022-10-20,19.498172760009766,19.498172760009766,18.404372713108096,18.83238087016315,25442556
2022-10-21,19.070165634155273,19.498173814354452,18.97505250189118,19.260390068704968,8616590
2022-10-24,19.30794906616211,19.878627904564528,19.30794906616211,19.640845970219505,12757198
2022-10-25,18.879940032958984,19.450618846593905,18.832382550166795,19.307948228195894,15732808
2022-10-26,18.404375076293945,19.07016705163057,18.30926193696014,19.07016705163057,16678612
2022-10-27,18.832382202148438,18.975052817909926,18.451929666755838,18.451929666755838,12221862
2022-10-28,18.261703491210938,18.68971351067668,18.21414783903615,18.547044724173787,9531585
2022-10-31,18.54704475402832,18.784826675242066,18.451929789568577,18.64215605853099,10236383
2022-11-01,18.879940032958984,19.022608821378434,18.451930007743513,18.499487490535703,7061337
2022-11-02,19.117721557617188,19.260390343056304,18.784826504940238,18.927495290379355,8272128
2022-11-03,19.165279388427734,19.21283504111395,18.737269364359012,18.784826847023783,5989596
2022-11-04,19.21283531188965,19.21283531188965,18.832382765123796,18.92749590181526,10347882
2022-11-07,19.545730590820312,19.688401212419798,19.212835523719175,19.3079486614593,18286828
2022-11-08,19.40306282043457,19.926184190549233,19.355507164050827,19.87862853416549,14877510
2022-11-09,19.973739624023438,19.973739624023438,19.498173959170852,19.688400225111888,21840425
2022-11-10,20.0688533782959,20.116409031264155,19.640845181667327,19.688400834635583,13078300
2022-11-11,20.782201766967773,21.447991913520966,20.68708862746323,21.40043625875801,42948630
2022-11-14,20.687088012695312,20.877314286051362,20.25907981263349,20.78220114937334,28447994
2022-11-15,21.019983291625977,21.115096429279326,20.591975087175197,20.63953074101257,22267337
2022-11-16,21.210208892822266,21.49554829671356,20.877313836605026,21.067540105865888,28752525
2022-11-17,20.782201766967773,21.067541185481414,20.496862348454133,20.924870561235277,22468208
2022-11-18,20.829755783081055,21.16265083016923,20.639529519036813,20.782200132059238,22074491
2022-11-21,20.401748657226562,20.972427478821015,20.354191173771067,20.972427478821015,13148650
2022-11-22,20.44930648803711,20.49686214232181,20.11640958812975,20.44930648803711,9778124
2022-11-23,20.49686050415039,20.734642416526867,20.449304853666483,20.639529285580583,7545646
2022-11-24,20.829755783081055,20.829755783081055,20.544416387014692,20.639529519036813,8954978
2022-11-25,20.59197425842285,20.924869311822462,20.544416776520894,20.782200526073634,8382235
2022-11-28,20.3066349029541,20.544416823067046,20.259079250922923,20.44930551900469,9369362
2022-11-29,20.21152114868164,20.354189930375618,19.878626104743372,20.354189930375618,14290552
2022-11-30,20.16396713256836,20.25908027140022,20.021296509331258,20.116409648163117,19197637
2022-12-01,20.8773136138916,21.257766148354765,20.544416731247075,20.544416731247075,36857100
2022-12-02,20.924869537353516,21.115095807054583,20.782200750066988,20.782200750066988,15736291
2022-12-05,21.019983291625977,21.352880188402004,20.924870153972623,20.9724276377886,14364152
2022-12-06,20.16396713256836,20.924870413244626,20.16396713256836,20.924870413244626,25492953
2022-12-07,20.0688533782959,20.354190956062567,19.97374024238082,20.116409031264155,18523398
2022-12-08,19.78351402282715,20.021295948253883,19.64084523356682,20.021295948253883,16485925
2022-12-09,19.688400268554688,19.973739668095845,19.688400268554688,19.926182186516396,13607452
2022-12-12,19.926183700561523,19.926183700561523,19.450619828503484,19.593288624125165,7425055
2022-12-13,19.640846252441406,20.068854472404006,19.54573128136231,19.92618384576403,12523608
2022-12-14,20.11640739440918,20.211520522584983,19.783512360783075,19.783512360783075,14497015
2022-12-15,20.0688533782959,20.211522167179233,19.97374024238082,19.97374024238082,6236985
2022-12-16,19.831069946289062,20.021296221215337,19.735956808825925,19.878627430009928,14066234
2022-12-19,19.973739624023438,20.068852756993955,19.545729610666857,19.688400225111888,8992036
2022-12-20,19.355504989624023,20.163965697153536,19.30794750860426,20.163965697153536,13903826
2022-12-21,19.070165634155273,19.545729465497253,19.02260815303398,19.498173814354452,11403447
2022-12-22,19.30794906616211,19.403062205895846,19.212835926428372,19.30794906616211,6707588
2022-12-23,19.117721557617188,19.117721557617188,18.784826504940238,19.02260842399827,9589525
2022-12-26,19.02260971069336,19.16528033576128,19.02260971069336,19.16528033576128,4414797
2022-12-27,19.070165634155273,19.260390068704968,19.02260815303398,19.070165634155273,4876833
2022-12-28,18.499488830566406,19.022610199302004,18.45193134432934,19.022610199302004,17869469
2022-12-29,18.499488830566406,18.642157629320227,18.166593746821697,18.309262545575518,8522638
2022-12-30,18.64215660095215,18.78482722181444,18.59460094731711,18.689714084565775,6767509
2023-01-03,18.784828186035156,18.784828186035156,18.404375617511963,18.499488759642762,6253915
2023-01-04,18.784828186035156,18.879941328165955,18.642157557849615,18.784828186035156,6691493
2023-01-05,19.02260971069336,19.498175410955355,18.92749657064096,19.21283599079816,22211024
2023-01-06,19.21283531188965,19.21283531188965,18.92749590181526,19.022609038506722,6787295
2023-01-09,19.498172760009766,19.498172760009766,19.21283337864693,19.40305963288882,14992427
2023-01-10,19.878625869750977,19.973738999748754,19.498173349759867,19.54572899976953,25993996
2023-01-11,19.926183700561523,20.06885432616186,19.735957419746846,19.97374118575452,10599458
2023-01-12,19.831069946289062,19.973740567473065,19.688401155083653,19.9261830837522,8487293
2023-01-13,19.688400268554688,20.116408452877167,19.640844616953753,19.926182186516396,8496581
2023-01-16,19.78351402282715,19.926182812087475,19.68840088666074,19.68840088666074,6059402
2023-01-17,19.973739624023438,19.973739624023438,19.735955876607893,19.783513358082402,8280530
2023-01-30,20.734642028808594,20.78219950838169,20.306633862542895,20.306633862542895,32312231
2023-01-31,20.49686050415039,20.782199896989244,20.449304853666483,20.639529285580583,16358138
2023-02-01,21.019983291625977,21.25776705074865,20.306635674215144,20.591975087175197,35426009
2023-02-02,22.446678161621094,22.58934878077159,21.115096086095022,21.162651739159475,90933811
2023-02-03,22.11378288269043,22.589348558549435,21.971114094922005,22.20889601786223,33001848
2023-02-06,21.400436401367188,22.066228382335748,21.30532326122882,21.876002102059015,24603636
2023-02-07,21.115095138549805,21.590660797746047,20.972426355780176,21.40043453406755,24961175
2023-02-08,21.590662002563477,21.73333079329441,21.210209453976198,21.400435728269837,25161948
2023-02-09,21.780887603759766,22.161340140589875,21.447990719044157,21.97111387217482,50654294
2023-02-10,21.25776481628418,21.733328624584463,21.162649858650035,21.733328624584463,33533545
2023-02-13,21.25776481628418,21.352877943939916,20.92486795449989,21.115094209811367,13578227
2023-02-14,21.400436401367188,21.59066268164392,21.35288074628733,21.495549541505554,16201668
2023-02-15,21.25776481628418,21.543104199251392,21.210207337467107,21.400433592778583,20455673
2023-02-16,22.256450653076172,22.35156561387865,21.447989956061342,21.49554743646258,47507888
2023-02-17,22.0186710357666,22.44667925409194,21.78088909891445,22.256452972618753,34048120
2023-02-20,22.68446159362793,22.73201724601472,21.92355651561095,22.16134026748053,38825140
2023-02-21,22.494234085083008,22.92224225290249,22.351565305802662,22.589347214596053,32192324
2023-02-22,21.92355728149414,22.304009833793454,21.87600162744603,22.25645234976674,32179535
2023-02-23,21.92355728149414,22.20889669571863,21.87600162744603,22.161341041670514,22321570
2023-02-24,21.92355728149414,22.25645234976674,21.92355728149414,22.066227903595685,28381650
2023-03-01,21.400436401367188,21.923557757138877,21.257767606148963,21.876002102059015,30181313
2023-03-02,22.827131271362305,23.255141309434844,22.30400992480544,22.494236201731322,121997722
2023-03-03,24.34893798828125,24.824503648007845,23.017355971025278,23.207582234915915,162360822
2023-03-06,23.920930862426758,24.491609679217824,23.778262073218276,24.06360148161381,73842243
2023-03-07,23.683149337768555,23.825818129390772,23.35025244068572,23.778262475509568,42949054
2023-03-08,23.873374938964844,23.920930591502877,23.35025178117521,23.445366746208368,35685775
2023-03-09,23.873374938964844,24.44405374929251,23.873374938964844,24.396496266775934,44561296
2023-03-10,22.922245025634766,23.588037012761948,22.8271318846166,23.588037012761948,55617827
2023-03-13,23.25514030456543,23.35025160893994,22.589348364094143,22.589348364094143,31824075
2023-03-14,22.68446159362793,23.20758291977533,22.68446159362793,23.017356650271086,22817335
2023-03-15,22.77957534790039,23.160027897255784,22.77957534790039,23.06491292993834,15699187
2023-03-16,22.827131271362305,22.96980189404602,22.494236201731322,22.636904994436424,16892033
2023-03-17,22.732017517089844,23.160027543567605,22.732017517089844,23.112470060635157,23752070
2023-03-20,23.207582473754883,23.25513995520622,22.82712994205821,22.92224307498238,19634777
2023-03-21,23.397809982299805,23.63559374222857,23.160028052349645,23.397809982299805,24856329
2023-03-22,23.302696228027344,23.5880356344082,23.25514057528648,23.492922498947916,14450023
2023-03-23,23.492921829223633,23.588034961972483,23.207582430977087,23.302695563725937,10341262
2023-03-24,24.30138397216797,24.491610248856038,23.683149487921057,23.873375764609122,76124806
2023-03-27,23.873374938964844,24.681835671939766,23.873374938964844,24.491609401830544,39675042
2023-03-28,23.44536781311035,24.01604481942863,23.397810328429628,23.92093168004581,16788177
2023-03-29,23.302696228027344,23.635593117127623,23.160027439826194,23.5880356344082,12296662
2023-03-30,24.016042709350586,24.491608364480914,23.873373927800724,24.444052713957117,57700083
2023-03-31,25.204957962036133,26.013418725876804,24.444054682527714,24.634279129920856,138775486
2023-04-06,24.34893798828125,24.96717243093658,24.25382668631442,24.77694799702443,71263562
2023-04-07,25.204957962036133,25.490297378093775,24.586723475567222,24.634279129920856,65839263
2023-04-10,25.109844207763672,25.965862434950665,24.919617935055452,25.585409889534223,71102290
2023-04-11,25.58540916442871,26.15608796638,25.442738548951628,25.823191083585822,76160664
2023-04-12,25.58540916442871,25.77563543174581,25.300069763453067,25.77563543174581,35105604
2023-04-13,25.109844207763672,25.585409889534223,25.109844207763672,25.537854236346455,34461607
2023-04-14,24.967172622680664,25.252513850686487,24.77694818730762,25.204956369359348,25572168
2023-04-17,25.252513885498047,25.30006953691224,24.776948221463595,24.96717265709887,19729553
2023-04-18,24.729393005371094,25.252514330028458,24.63427804091135,25.252514330028458,22176222
2023-04-19,24.539165496826172,24.824504907134866,24.539165496826172,24.776949253739375,14848423
2023-04-20,24.253826141357422,24.729391790398573,24.01604240184762,24.729391790398573,21383646
2023-04-21,23.825817108154297,24.491609043803802,23.77826145631145,24.34893842831822,24478782
2023-04-24,24.016042709350586,24.301382102428782,23.683147665748596,23.77826079677466,17055130
2023-04-25,23.397809982299805,24.206270740104674,23.302696844324018,24.158713256127477,27466545
2023-04-26,23.540477752685547,23.540477752685547,23.112469565358136,23.492922100750736,22255935
2023-04-27,24.253826141357422,24.253826141357422,23.82581614223116,23.8733736221245,31861891
2023-04-28,24.68183708190918,25.20495843960399,24.539166456187818,24.87206336288523,58527236
2023-05-02,24.30138397216797,24.776949663888136,24.06360204129719,24.776949663888136,31283609
2023-05-03,24.016042709350586,24.15871149090045,23.873373927800724,24.063600189852856,19322205
2023-05-04,23.825817108154297,24.11115650914694,23.683148322647238,23.873374589975665,17031433
2023-05-05,23.44536781311035,23.588036607195264,23.112470910281175,23.44536781311035,26955151
2023-05-08,23.302696228027344,23.730704422609353,23.25514057528648,23.683148769868488,18936015
2023-05-09,23.302696228027344,23.5880356344082,23.160027439826194,23.35025188076821,13299369
2023-05-10,23.064912796020508,23.1600277627857,22.589348942066042,23.1600277627857,20746704
2023-05-11,22.58934783935547,23.16002663221715,22.58934783935547,23.064911670095043,12830812
2023-05-12,22.732017517089844,22.87468813590862,22.446678109430856,22.732017517089844,12461353
2023-05-15,22.351566314697266,22.636903886137393,22.113782565192462,22.636903886137393,15217096
2023-05-16,22.922245025634766,23.112471307671104,22.732018743598427,22.8271318846166,15409851
2023-05-17,23.44536781311035,23.635594091875987,22.779575837430627,23.112470910281175,25907843
2023-05-18,24.539165496826172,24.539165496826172,23.778262232648235,23.778262232648235,48107428
2023-05-19,24.729393005371094,24.91961744435497,24.396496119697606,24.444053601927475,44851511
2023-05-22,24.539165496826172,25.49029686452182,24.49160984343068,25.2525149375872,38590266
2023-05-23,24.253826141357422,24.824503090228358,24.11115553165585,24.586721180697005,29117606
2023-05-24,24.729393005371094,24.872061792103633,24.01604358177278,24.348938637467732,27243991
2023-05-25,24.776948928833008,25.20495712369418,24.729393276061124,25.109843988171857,34426953
2023-05-26,24.776948928833008,25.1574014709223,24.729393276061124,25.014730852649535,17336915
2023-05-29,25.58540916442871,25.965861699062902,25.062287844295955,25.062287844295955,74110796
2023-05-30,25.39518165588379,25.68052104291304,25.014729139844786,25.58540791390329,28529705
2023-05-31,25.347627639770508,25.96586210318373,25.157401369492817,25.204957022072964,39890077
2023-06-01,25.30006980895996,25.39518294278959,24.919617273641453,25.347627290864036,20959577
2023-06-02,27.10721778869629,27.440114675367614,25.49029632764771,25.53785381002013,112046642
2023-06-05,26.774322509765625,27.58278323357936,26.774322509765625,27.487670099602536,46584908
2023-06-06,27.29744529724121,27.582784714491474,26.916992740907524,27.249889642688814,34920147
2023-06-07,27.20233154296875,27.53522660724289,26.96454961562702,27.440115300289065,22053463
2023-06-08,25.87074851989746,27.10721742530511,25.537853467667368,27.059661773548747,63041541
2023-06-09,26.726764678955078,26.821877811690502,26.251199015277958,26.298756496634923,37866246
2023-06-12,27.20233154296875,27.582784090698386,26.679210204829793,26.916992132171526,38834891
2023-06-13,27.535226821899414,28.01079251026883,27.297444892704004,27.535226821899414,43427266
2023-06-14,27.820566177368164,28.058349936050263,27.297444836233296,27.58278424866466,37597980
2023-06-15,27.67789649963379,28.24857530621798,27.630339017429172,28.153460341808746,26075459
2023-06-16,27.773008346557617,28.05834773662189,27.107216436407647,27.677895216536193,33582386
2023-06-19,27.154773712158203,27.630337528709838,27.05966058285219,27.58278187904605,34668625
2023-06-20,27.440114974975586,27.677896899498315,27.15477556756117,27.297444356279097,18626480
2023-06-21,27.535226821899414,27.630339959573295,26.82187920433459,27.44011551420413,34994781
2023-06-26,26.63165283203125,27.05966100560588,26.156087178071406,27.01210352522066,55365246
2023-06-27,25.632965087890625,26.48898329988843,25.3476275138699,26.44142581756595,56833869
2023-06-28,25.87074851989746,26.2987567056188,25.77563538640622,25.965861653388707,17322968
2023-06-29,27.10721778869629,28.15346044114706,26.3938701929383,26.3938701929383,97776713
2023-06-30,26.108530044555664,26.48898257277811,26.060974393517103,26.48898257277811,60873672
2023-07-03,26.060976028442383,26.346315442509876,26.013418544441834,26.251200474508774,16022601
2023-07-04,26.156089782714844,26.298758578120633,25.823192876803592,26.156089782714844,15878029
2023-07-05,26.108530044555664,26.393869440722497,25.965861261461495,26.156087525572715,16261894
2023-07-06,25.918304443359375,26.203643846824363,25.72807817438272,25.87074879110448,14361041
2023-07-07,25.109844207763672,25.775636162242446,25.062288554575904,25.775636162242446,39201611
2023-07-10,25.39518165588379,25.68052104291304,25.20495539786429,25.20495539786429,14498440
2023-07-11,26.156089782714844,26.156089782714844,25.823192876803592,25.87075036192462,18915596
2023-07-12,26.53653907775879,27.059662235887924,26.44142594264245,26.584096560306232,42429395
2023-07-13,27.20233154296875,27.773010364563202,26.7743233417622,26.96454961562702,78272903
2023-07-14,26.964550018310547,27.72545329515442,26.964550018310547,27.67789764096732,25661087
2023-07-17,27.39255714416504,27.820565334861154,26.536538932794272,26.869435818872173,34839521
2023-07-18,26.869436264038086,27.63033952344001,26.82187878096252,27.63033952344001,24141079
2023-07-19,26.584096908569336,27.107218243573037,26.488983772206975,27.012105107210676,18367670
2023-07-20,26.44142723083496,26.869437274699862,26.298758436199087,26.63165534031386,12422724
2023-07-21,26.108530044555664,26.251198827649837,25.490295601183437,25.870748129405882,43564673
2023-07-24,25.918304443359375,26.060975060081137,25.72807817438272,25.965861925592808,11908594
2023-07-25,25.823192596435547,26.156089498732467,25.775636941809488,26.10853201412778,11128918
2023-07-26,25.49029541015625,25.965861066870364,25.49029541015625,25.87074793552754,17792454
2023-07-27,26.82187843322754,26.82187843322754,25.870748913811504,25.91830456629196,35364069
2023-07-28,27.20233154296875,27.487670953765978,26.821878995239114,27.107218406036342,42070382
2023-07-31,27.915679931640625,28.771698187848383,27.582784858104702,27.582784858104702,115573797
2023-08-01,27.868122100830078,28.629025328067396,27.820564619764845,28.486356544828677,40075204
2023-08-02,26.726764678955078,27.677896006309318,26.631653376198155,27.677896006309318,32633125
2023-08-04,25.918304443359375,26.48898325028935,25.062288062942955,26.48898325028935,108388962
2023-08-07,26.346315383911133,26.393871037827306,25.775636557045434,25.965862832667334,20692968
2023-08-08,25.775636672973633,26.441426810666126,25.728079188864964,26.441426810666126,19576561
2023-08-09,25.728078842163086,25.96586259954493,25.30007064084579,25.632965705206065,30544081
2023-08-10,25.49029541015625,25.823190454866893,25.347626628131255,25.72807732352407,20409314
2023-08-11,25.49029541015625,25.77563480418472,25.300069147470605,25.77563480418472,10951612
2023-08-14,24.206270217895508,25.300070366030848,24.063601428998968,25.252514713058194,40468814
2023-08-15,24.872060775756836,25.157400167540633,24.72939199485417,24.919616426064902,18578509
2023-08-16,24.39649772644043,24.539166522569076,24.206271444949795,24.444055211802418,16875792
2023-08-17,24.63427734375,24.63427734375,23.825816638528828,24.11115603389721,20923682
2023-08-18,24.39649772644043,24.91961908555034,24.206271444949795,24.68183714867638,15849458
2023-08-21,24.253826141357422,24.586721180697005,23.92092927203939,24.539163700803666,18865954
2023-08-22,24.016042709350586,24.634277146030776,24.016042709350586,24.301382102428782,17155331
2023-08-23,24.444053649902344,24.49160930224701,23.87337484189507,24.016043628907617,15317245
2023-08-24,24.967172622680664,25.109843236683577,24.539164440628937,24.872061319983395,21925049
2023-08-25,24.491609573364258,24.824504633397645,24.444053920493158,24.776948980526544,11391001
2023-08-28,24.206270217895508,24.58672276159103,24.111157081971626,24.58672276159103,10027110
2023-08-29,24.919618606567383,24.919618606567383,24.301384118595315,24.491610396429586,15564855
2023-08-30,25.01473045349121,25.490296123514256,24.729392881455915,25.490296123514256,31320700
2023-08-31,25.062288284301758,25.490296478290286,25.01473080164828,25.15740141963016,19830995
2023-09-01,25.775636672973633,25.91830546534242,25.300070981779985,25.395184120018715,37390054
2023-09-04,25.823192596435547,25.87075008104023,25.395184384886512,25.490297524117256,16372062
2023-09-05,25.87074851989746,26.25119922388392,25.680522252914976,25.965861653388707,26344884
2023-09-06,25.53785514831543,25.87075022245337,25.39518452370014,25.87075022245337,14501301
2023-09-07,25.58540916442871,25.91830421724437,25.395182897111614,25.442738548951628,14344188
2023-09-08,25.39518165588379,25.82318982143845,25.34762600636813,25.68052104291304,10510273
2023-09-11,25.15740203857422,25.632965896937904,25.10984455475069,25.632965896937904,10218275
2023-09-12,25.58540916442871,25.680522298087258,25.204956629794516,25.395182897111614,8419807
2023-09-13,25.632965087890625,25.680522570213107,25.3476275138699,25.632965087890625,9091823
2023-09-14,25.965862274169922,25.965862274169922,25.728078519767717,25.775636002639583,16578450
2023-09-15,26.774322509765625,26.774322509765625,26.01341743795104,26.203643705904685,47611029
2023-09-18,26.44142723083496,26.916992929585607,26.34631592106347,26.63165534031386,23256344
2023-09-19,26.488983154296875,26.91699134295404,26.34631436807066,26.77432255672783,24781615
2023-09-20,26.133777618408203,27.218575061117313,26.133777618408203,27.218575061117313,29640900
2023-09-21,26.133777618408203,26.331013862067053,25.788615140712498,26.084469506200772,11843860
2023-09-22,25.985851287841797,26.281705652231064,25.7393050354768,26.084469409304887,9441899
2023-09-25,25.837923049926758,26.33101365519996,25.73930492887212,26.33101365519996,11673792
2023-09-26,25.34483528137207,25.887232121152522,25.34483528137207,25.788615893857617,17067960
2023-09-27,25.394142150878906,25.887230852853907,25.09828779124519,25.295524031001,13529547
2023-09-28,24.950361251831055,25.640688082446214,24.950361251831055,25.640688082446214,24253562
2023-10-02,25.246213912963867,25.640688288180765,25.048977674062677,25.147597690927785,11243335
2023-10-03,25.492761611938477,25.985852237269643,25.147599122913974,25.24621535056558,19517095
2023-10-04,25.147598266601562,25.295524500456498,24.950362023185278,25.295524500456498,14277233
2023-10-05,26.380321502685547,26.478941520166547,25.295524079368864,25.344834088109366,35623786
2023-10-06,27.070648193359375,27.267884432400944,26.380321356713882,26.6268676042231,51348457
2023-10-11,27.563739776611328,27.760976022705844,26.97203103832779,27.61304978684225,78815879
2023-10-12,28.5006103515625,28.697846593191333,27.2185747809751,27.711665385047176,88552567
2023-10-13,27.95821189880371,28.50061061967827,27.810283767483202,28.451302507514473,26385407
2023-10-16,25.914321899414062,27.60546847485763,25.715364706512442,27.55572965098585,96427991
2023-10-17,26.46146011352539,26.75989687035701,25.96406425386294,26.11328263227875,35949056
2023-10-18,25.814844131469727,26.660415517839798,25.765103410415048,26.660415517839798,36601830
2023-10-19,26.262500762939453,26.31224148688523,25.566147704430048,25.715366081438162,29488736
2023-10-20,25.914321899414062,26.11328098973019,25.76510353038422,25.914321899414062,13681917
2023-10-23,25.71536636352539,26.212762223951746,25.71536636352539,25.864584742170372,10067673
2023-10-24,25.914321899414062,26.06354216585841,25.615885161354377,25.864583075542285,10727258
2023-10-25,25.665624618530273,26.113281634080327,25.665624618530273,25.914322538854847,14378281
2023-10-26,24.52161407470703,25.26770782077772,24.47187525060146,25.26770782077772,46154586
2023-10-27,24.47187614440918,24.770312894771717,24.47187614440918,24.57135569366822,13087959
2023-10-30,25.21796989440918,25.317449443576223,24.6210944968215,24.720574045988542,21260216
2023-10-31,24.820053100585938,25.8645836024899,24.820053100585938,25.5164061360504,35937889
2023-11-01,24.820053100585938,25.26770821679569,24.820053100585938,25.217969391910565,11528709
2023-11-02,25.416927337646484,25.566147611526965,25.118490584714724,25.267708961180606,17001084
2023-11-03,25.21796989440918,25.61588619366277,25.068751519365904,25.61588619366277,18538365
2023-11-06,25.71536636352539,25.96406429373857,25.317450054667233,25.317450054667233,28971468
2023-11-07,25.26770782470703,25.466666915989293,25.1682282790659,25.466666915989293,14889072
2023-11-08,25.26770782470703,25.61588528574373,25.11848945495259,25.466666915989293,11806324
2023-11-09,24.96927261352539,25.36718892303119,24.820054234637546,25.36718892303119,12506452
2023-11-10,24.869792938232422,25.06875204070413,24.869792938232422,24.969272489468274,6920573
2023-11-13,25.3671875,25.3671875,24.96927121281624,25.267707953850426,13720669
2023-11-14,26.06354331970215,26.163020971849622,25.367188370182287,25.416927196256026,55456950
2023-11-15,28.45104217529297,28.649999371080682,26.511197657521926,26.511197657521926,222410771
2023-11-16,27.50598907470703,28.600260282385555,27.406509529024525,28.451041912569057,106980781
2023-11-17,27.50598907470703,27.85416653588854,27.15781161352552,27.65520744452353,40650281
2023-11-20,27.70494842529297,28.053125889732197,27.605468878679684,27.804427971906254,33221179
2023-11-21,27.655208587646484,27.95364723702991,27.406510661867596,27.95364723702991,23576485
2023-11-22,27.45625114440918,27.60546951908347,27.25729204656707,27.555730693330233,18066601
2023-11-23,27.35677146911621,27.804428488485758,27.257291920654694,27.60546939156272,14257996
2023-11-24,27.257291793823242,27.704948811109787,27.00859387253395,27.555730437819125,20046084
2023-11-27,26.660415649414062,27.555729658671858,26.660415649414062,27.406509392185885,20214998
2023-11-28,27.70494842529297,27.70494842529297,26.710156753989196,26.95885467181514,26360332
2023-11-29,28.30182456970215,28.451042944933132,27.55573079613265,27.854167546594617,46479616
2023-11-30,28.20234489440918,29.147395864926217,27.903906247865976,28.550522366668964,63817880
2023-12-01,27.95364761352539,28.10286599151956,27.7049496843969,28.053127164659713,15037728
2023-12-04,27.95364761352539,28.451043471782373,27.90390688925092,28.053127164659713,14352839
2023-12-05,27.307031631469727,27.70494791315264,27.207552086695372,27.70494791315264,24134146
2023-12-06,27.058334350585938,27.55573018866719,27.008593628329088,27.55573018866719,19215398
2023-12-07,26.859375,27.25729128718376,26.809636175632477,27.25729128718376,22335659
2023-12-08,27.257291793823242,27.406510167113904,27.00859387253395,27.207552968531207,16828645
2023-12-11,27.655208587646484,27.754688137440958,27.257292285883185,27.406510661867596,21873668
2023-12-12,27.307031631469727,28.053125371155627,27.207552086695372,27.953645826381273,22536188
2023-12-13,27.406509399414062,27.605468489838156,27.207552206404472,27.45625012072734,14220456
2023-12-14,27.406509399414062,28.252082687594708,27.30703175161652,27.804427580262253,29406751
2023-12-15,28.401302337646484,28.79922053644138,27.80442883428333,27.854167660425393,103466701
2023-12-18,28.401302337646484,29.34635521366247,27.80442883428333,28.401302337646484,101623385
2023-12-19,27.70494842529297,28.40130145675689,27.55573005408031,28.351562632157513,41460413
2023-12-20,27.754688262939453,27.953647363428036,27.655208712695163,27.70494943652461,25072365
2023-12-21,28.25208282470703,28.60026028593171,27.456250253977345,27.605468623812346,48150038
2023-12-22,28.3515625,29.744270453850426,28.252082953850426,29.047917425632477,121214372
2023-12-25,28.053125381469727,28.500780486997154,28.003384660357014,28.451041663298938,22780573
2023-12-26,28.799219131469727,28.948437500030888,28.20234375981058,28.252082583526136,40644701
2023-12-27,29.59505271911621,30.04270973769892,28.749479404801406,28.848958953088072,101440820
2023-12-28,30.58984375,31.634374241034187,29.595052083333332,30.04270909229914,165077219
2023-12-29,30.29140853881836,31.435418633779783,30.042710609591325,31.13697998025857,104088133
2024-01-02,29.84375,30.78880284229914,29.744270453850426,30.390884657700855,49198317
2024-01-03,29.19713592529297,29.49557266764719,28.84895846093669,29.396093121057604,41423798
2024-01-04,28.94843864440918,29.445834490885574,28.799220269949174,29.29661611642557,22604271
2024-01-05,28.69974136352539,29.14739649692477,28.5505229857256,28.94843929232992,29464418
2024-01-08,28.401302337646484,29.047918461980892,28.102865585964906,28.898698188725508,26652506
2024-01-09,27.95364761352539,28.650000676636395,27.95364761352539,28.650000676636395,25591988
2024-01-10,27.95364761352539,28.053127164659713,27.65520896012243,27.95364761352539,12638281
2024-01-11,27.70494842529297,28.152603538930947,27.55573005408031,28.152603538930947,24175072
2024-01-12,27.804428100585938,27.903905750245073,27.55573018160901,27.655207831268147,18799813
2024-01-15,28.84895896911621,29.14739571672745,27.90390610598968,28.003385654331616,48957029
2024-01-16,27.95364761352539,28.550523022916696,27.85416806239107,28.550523022916696,36954768
2024-01-17,26.71015739440918,27.90390629014708,26.660416671202654,27.854167464355136,76641277
2024-01-18,27.35677146911621,27.505989843101204,26.75989607576167,26.85937562422319,45761041
2024-01-19,27.50598907470703,27.754686990206036,27.356770704890533,27.605468620389537,18905214
2024-01-22,27.754688262939453,28.053126913672326,27.406510785791735,27.70494943652461,23710606
2024-01-23,28.003385543823242,28.600260934104867,27.70494879738971,27.95364671855584,53325675
2024-01-24,27.754688262939453,28.749479970553157,27.754688262939453,28.20234529033146,45965391
2024-01-25,27.70494842529297,28.4510421787708,27.605468878679684,28.351562632157513,34534272
2024-01-26,27.854167938232422,28.301824967634147,27.55573118357435,27.80442911159428,36655176
2024-01-29,27.754688262939453,27.854167813183743,27.456251509621183,27.854167813183743,14608830
2024-01-30,27.20755386352539,27.754688549394036,27.157813139182572,27.704949722465837,22352660
2024-01-31,27.058334350585938,27.40650991931118,26.909114081229927,27.108073175428245,19916629
2024-02-01,27.20755386352539,27.25729269045359,26.95885593405517,27.058335485326182,8989366
2024-02-02,26.909114837646484,27.35677186346909,26.909114837646484,27.30703303722862,12662805
2024-02-05,26.95885467529297,27.058334221919086,26.759895582040734,26.85937512866685,11459261
2024-02-15,26.21276092529297,27.10807305022103,26.063542554040716,27.10807305022103,56010654
2024-02-16,27.008594512939453,27.157812889768255,26.31224145526683,26.361980281738226,32082189
2024-02-19,27.55573081970215,27.655208471664835,27.207553345588988,27.50599009630622,29275641
2024-02-20,27.157812118530273,27.704948681250904,27.05833446841248,27.704948681250904,20985455
2024-02-21,27.55573081970215,27.655208471664835,27.15781262219306,27.15781262219306,22594824
2024-02-22,27.754688262939453,27.953647363428036,27.456251509621183,27.655208712695163,21054730
2024-02-23,27.50598907470703,28.05312562725355,27.50598907470703,28.00338490570504,28873936
2024-02-26,27.406509399414062,27.55572966593939,27.207552206404472,27.50598894462611,15472051
2024-02-27,27.307031631469727,27.953645826381273,27.2572909103753,27.854166281606922,22930782
2024-02-29,27.804428100585938,27.804428100585938,27.058334343655165,27.356771087461656,21683644
2024-03-01,27.55573081970215,27.804428744438034,27.456251270324877,27.804428744438034,14088332
2024-03-04,27.60546875,28.3515625,27.60546875,28.00338503718376,30790544
2024-03-05,27.406509399414062,27.854166404161024,27.157811485091194,27.655207313736927,13596999
2024-03-06,27.058334350585938,27.55573018866719,27.058334350585938,27.356771094468872,15931397
2024-03-07,27.50598907470703,28.55052145825156,27.456250250573035,27.55572979625554,74561868
2024-03-08,27.45625114440918,28.301824464116272,26.958855297218488,27.903906268432056,49120163
2024-03-11,27.307031631469727,27.953645826381273,27.15781136560095,27.55572954469836,29477823
2024-03-12,27.35677146911621,27.505989843101204,27.157812372193174,27.406510294639684,19036449
2024-03-13,26.660415649414062,27.555729658671858,26.660415649414062,27.456250113486046,42883017
2024-03-14,26.660415649414062,26.958854284971498,26.461458456456945,26.61067682552841,14808251
2024-03-15,26.361980438232422,26.75989674460961,26.361980438232422,26.75989674460961,19745086
2024-03-18,26.75989532470703,26.809636046249032,26.16301994810465,26.361979039443614,11176778
2024-03-19,26.46146011352539,26.859376421772428,26.46146011352539,26.75989687035701,15591906
2024-03-20,25.914321899414062,26.560937994234223,25.914321899414062,26.51119727294794,29868419
2024-03-21,27.55573081970215,27.754688021042107,26.9588554208531,27.058334970230373,90291682
2024-03-22,27.35677146911621,28.003385687994225,27.058334721146224,27.85416731400923,61391673
2024-03-25,27.307031631469727,27.655207192058214,26.95885417346674,27.2572909103753,23971947
2024-03-26,26.95885467529297,27.953646346725073,26.90911395327264,27.70494842886705,44430817
2024-03-27,26.80963706970215,27.008594271221753,26.66041679679421,26.90911472175466,16902302
2024-03-28,26.859375,27.25729128718376,26.710156629482903,26.909113824367523,13314223
2024-03-29,26.909114837646484,27.207553487333087,26.859376011406013,26.95885556130155,9683000
2024-04-01,27.307031631469727,27.605468368378286,27.058333718241094,27.2572909103753,18621239
2024-04-02,26.909114837646484,27.655208615741095,26.859376011406013,27.555730963260157,23124038
2024-04-03,26.560937881469727,26.759895073526675,26.411717615658894,26.660415528790953,16219463
2024-04-08,26.660415649414062,27.00859310885715,26.560938001642757,26.759895194599874,9143283
2024-04-09,26.859375,27.05833409229914,26.660415907700855,27.05833409229914,21780302
2024-04-10,27.406509399414062,28.05312549458512,26.75989520165751,26.90911357076833,71224472
2024-04-11,27.157812118530273,27.45625076112731,27.008593745939027,27.356771213594968,22638723
2024-04-12,26.75989532470703,27.207552331512446,26.710156500579547,27.108072785842964,38437762
2024-04-15,26.511198043823242,26.710157139924572,26.113281749035146,26.46145921850519,40279907
2024-04-16,25.3671875,26.361979166666664,25.168228407700855,26.21276079614957,59146130
2024-04-17,25.914321899414062,25.914321899414062,25.516405616196312,25.615885161354377,24842274
2024-04-18,25.765104293823242,25.864583841928958,25.416926824160516,25.615885920371948,17999118
2024-04-19,25.26770782470703,25.715364831384864,24.820052715443712,25.61588528574373,37207112
2024-04-22,24.57135581970215,25.217970047080712,24.4221355463409,25.217970047080712,29629534
2024-04-23,24.770313262939453,25.068751915152344,24.521615334802682,24.820053987015573,18351636
2024-04-24,25.516407012939453,25.516407012939453,24.9195316067332,24.969272330742243,18631584
2024-04-25,25.068750381469727,25.51640548628003,25.068750381469727,25.168228028706796,20471656
2024-04-26,25.019010543823242,25.41692683906488,24.9692717184485,25.06875126661255,33326719
2024-04-29,25.86458396911621,25.914322794706372,25.367188123556282,25.367188123556282,21682785
2024-04-30,25.86458396911621,26.013802343301272,25.715365594931146,25.914322794706372,12606430
2024-05-02,25.765104293823242,25.864583841928958,25.56614709502637,25.765104293823242,8591577
2024-05-03,25.068750381469727,25.615885030931594,25.068750381469727,25.56614620731306,29529956
2024-05-06,25.31744956970215,25.914323072848738,25.11849047037689,25.11849047037689,31220208
2024-05-07,25.11849021911621,26.063543085335915,25.019010670448676,25.566147239412825,36962965
2024-05-08,25.21796989440918,25.367188269452452,24.96927197019886,25.21796989440918,13962354
2024-05-09,24.770313262939453,25.317449843289115,24.770313262939453,25.267709119212995,21096475
2024-05-10,25.168228149414062,25.168228149414062,24.670832321185213,24.869791411442556,14561837
2024-05-13,25.31744956970215,25.566147495151426,25.068751644252874,25.36718839582617,16067505
2024-05-14,25.46666717529297,25.51640599991272,25.118489710711096,25.46666717529297,12718287
2024-05-15,25.3671875,25.81484450896581,25.217969129482903,25.615885416666664,23696617
2024-05-16,25.46666717529297,25.665624371186514,25.367187628638927,25.665624371186514,20749001
2024-05-17,25.21796989440918,25.56614736778654,25.21796989440918,25.416927095328685,11858452
2024-05-20,25.3671875,25.56614659229914,25.168228407700855,25.3671875,8491565
2024-05-21,25.31744956970215,25.566147495151426,25.16822929650091,25.566147495151426,8039093
2024-05-22,25.71536636352539,25.81484591509359,25.416927708820804,25.566147984880413,21233609
2024-05-23,25.566146850585938,25.814844769765124,25.466667303431354,25.76510404748056,15398368
2024-05-24,25.71536636352539,26.16302149946033,25.516407260389,25.566147984880413,28867772
2024-05-27,25.86458396911621,26.013802343301272,25.66562487192641,25.96406351771111,15847731
2024-05-28,26.312240600585938,26.41171825029748,25.566146843262118,25.9143224120816,35352202
2024-05-29,25.914321899414062,26.411717727789874,25.914321899414062,26.411717727789874,16741522
2024-05-30,25.26770782470703,25.76510365549817,25.26770782470703,25.76510365549817,22401388
2024-05-31,24.869792938232422,25.416927623907686,24.869792938232422,25.36718879699707,32516285
2024-06-03,25.068750381469727,25.21796874973983,24.96927083681816,25.168228028706796,7960366
2024-06-04,23.97447967529297,24.72057342931195,23.875000128607528,24.72057342931195,61110821
2024-06-05,23.77552032470703,24.27291615533862,23.77552032470703,23.924738694413605,39621477
2024-06-06,23.77552032470703,24.223177331241267,23.77552032470703,24.073958961534693,25570590
2024-06-07,24.322656631469727,24.422134278660845,23.874999629451708,23.92473845304727,19934712
2024-06-11,23.924739837646484,24.471876415934616,23.875001011172387,24.471876415934616,24518591
2024-06-12,23.875,24.372395833333332,23.875,24.123697916666664,24850335
2024-06-13,24.52161407470703,24.720573165958356,24.073958965513327,24.173436613724476,30102732
2024-06-14,24.52161407470703,24.720573165958356,24.223177335244564,24.720573165958356,15809001
2024-06-17,25.3671875,25.3671875,24.422134657700855,24.521614203850426,36600490
2024-06-18,26.660415649414062,26.71015637071422,25.367187254242037,25.814844258870934,115510962
2024-06-19,26.163021087646484,27.10807396654699,26.113282261352605,26.809637213954513,72654226
2024-06-20,26.560937881469727,27.15781135505507,26.06354205520561,26.262499247262557,61278569
2024-06-21,26.80963706970215,27.058334994662598,26.212761670314155,26.411718871833763,37748526
2024-06-24,26.014995574951172,26.657951573417513,25.86662155163153,26.657951573417513,27362901
2024-06-25,25.668787002563477,25.965536939443183,25.42149696967581,25.91607893286565,19590159
2024-06-26,25.12474822998047,25.668788225671133,25.07529022104628,25.569872207802756,27288727
2024-06-27,24.778541564941406,25.025831603599393,24.729083557209808,25.025831603599393,20363306
2024-06-28,25.421497344970703,25.71824538881676,24.778541352556374,24.778541352556374,23842746
2024-07-01,25.223663330078125,25.520413270300512,25.075289308674197,25.421497256031227,18274860
2024-07-02,25.26770782470703,25.367187370348162,25.01900990931146,25.26770782470703,20387685
2024-07-03,26.163021087646484,26.51119856394744,25.11849055615822,25.367188482456818,53281192
2024-07-04,26.163021087646484,26.56093928765592,25.86458433505401,26.361980187651202,26198804
2024-07-05,25.814844131469727,26.212760412834673,25.814844131469727,26.163019691779994,21384071
2024-07-08,25.814844131469727,26.11328086813981,25.615885042080006,25.96406249980477,37688369
2024-07-09,25.416927337646484,25.914323190809153,25.0687517583643,25.914323190809153,29681960
2024-07-10,25.26770782470703,25.566146461630424,25.1682282790659,25.466666915989293,16789639
2024-07-11,25.665624618530273,25.71536534104392,25.01901040516929,25.367187873106605,20020787
2024-07-12,25.665624618530273,25.964063261368494,25.31744904800751,25.466667420719343,21199857
2024-07-15,25.21796989440918,25.715365742829814,25.118490345242133,25.715365742829814,22071963
2024-07-16,25.21796989440918,25.56614736778654,25.168229171118366,25.26770872028541,14674560
2024-07-17,25.11849021911621,25.46666769074529,25.06875139348973,25.317449316451277,20800173
2024-07-18,25.11849021911621,25.217969767783742,24.571355547566636,25.06875139348973,26902510
2024-07-19,24.272916793823242,25.068751282216446,24.223177968417538,24.919531011170207,33542550
2024-07-22,23.72578239440918,24.37239661910664,23.427343746338714,24.27291706974982,33794189
2024-07-23,23.77552032470703,24.27291615533862,23.77552032470703,23.974479415925472,21147599
2024-07-26,23.327865600585938,23.526822797673415,23.07916768116568,23.47708397275518,26860237
2024-07-29,23.07916831970215,23.725782548601927,23.07916831970215,23.47708462230089,16140665
2024-07-30,22.581771850585938,22.92994741997003,21.984896464276066,22.73099022280977,49571379
2024-07-31,23.02942657470703,23.22838566589046,22.18385328329923,22.382812374482658,34251357
2024-08-01,23.178646087646484,23.576564289640185,23.079168434562668,23.377605188643336,26293417
2024-08-02,23.07916831970215,23.974480474902965,23.07916831970215,23.42734389859192,54074339
2024-08-05,21.885417938232422,22.28333424853554,21.28854252407043,22.1838546966061,57848276
2024-08-06,22.97968864440918,23.377604944838403,21.885417395167867,22.68124999602632,53341474
2024-08-07,23.427343368530273,23.57656363886635,22.780729154260637,22.88020870201317,30127218
2024-08-08,22.532032012939453,23.12890742268522,22.532032012939453,22.979689044602434,25937633
2024-08-09,22.780729293823242,23.427343512054257,22.780729293823242,23.029427216020906,31109166
2024-08-12,23.22838592529297,23.576563390044978,22.97968800724361,22.97968800724361,26154550
2024-08-13,23.47708511352539,23.47708511352539,23.128907629935902,23.37760556144059,12943801
2024-08-14,24.073959350585938,24.22317772270398,23.5765635119161,23.72578188403414,26137755
2024-08-15,23.676040649414062,24.27291602238553,23.676040649414062,24.27291602238553,15353342
2024-08-16,23.82526206970215,24.223178371818165,23.775521346053523,24.073959995701486,17649286
2024-08-19,23.875,24.024218370517094,23.57656325896581,23.825261175632477,22354405
2024-08-20,23.62630271911621,24.024219017007884,23.52682317028965,23.775521093648766,39784199
2024-08-21,23.22838592529297,23.725781761391683,23.22838592529297,23.676041039333093,24506735
2024-08-22,23.62630271911621,23.725782267942773,23.228386421224535,23.27812524693053,15240477
2024-08-23,23.278125762939453,23.42734414077975,23.079168558290597,23.377605313971188,17544379
2024-08-26,23.427343368530273,23.825261559540408,23.27812499560875,23.377604543361283,23033713
2024-08-27,23.278125762939453,23.42734414077975,23.178646211907715,23.377605313971188,13585717
2024-08-28,23.327865600585938,23.47708397275518,23.12890650608391,23.37760442550417,11376105
2024-08-29,23.427343368530273,23.477084091113817,23.029427074934695,23.12890662268723,11735928
2024-08-30,23.924739837646484,24.1734377648462,23.42734398324706,23.42734398324706,42854323
2024-09-02,23.576562881469727,24.073958706839008,23.427342615927344,24.024217985853383,15402767
2024-09-03,23.07916831970215,23.626302998598593,23.07916831970215,23.576564172304224,13528068
2024-09-04,21.984895706176758,22.134114073255134,21.48749988430586,21.93515498554098,39378029
2024-09-05,21.288541793823242,22.23359465861341,21.288541793823242,22.08437628454511,34304933
2024-09-06,21.288541793823242,21.537239716408592,21.139323419754945,21.388021342340295,20254435
2024-09-09,21.089584350585938,21.1890620005393,20.691666161114295,20.791145708482205,17069403
2024-09-10,20.343490600585938,21.238802732470173,20.343490600585938,21.189062010056603,23657758
2024-09-11,20.691665649414062,20.890624739229672,20.393228912105155,20.393228912105155,11127709
2024-09-12,20.940364837646484,21.189062766347345,20.840887184097834,21.139323939573018,8936991
2024-09-13,20.940364837646484,21.03984438860975,20.840887184097834,20.940364837646484,7011212
2024-09-16,20.940364837646484,20.940364837646484,20.442968980244768,20.542448531208034,17798173
2024-09-18,20.293750762939453,20.99010572777274,20.293750762939453,20.940365003190575,22699046
2024-09-19,20.293750762939453,20.59218941818856,19.995314005104976,20.293750762939453,26717844
2024-09-20,20.343490600585938,20.840886440234353,20.343490600585938,20.49270897299755,42041349
2024-09-23,20.542448043823242,20.840886689632367,20.4429684952202,20.64192759242628,15236552
2024-09-24,20.293750762939453,20.492709866438858,19.995314005104976,20.492709866438858,27922790
2024-09-25,20.64192771911621,20.74140726832981,20.393229794789512,20.393229794789512,29401019
2024-09-26,20.79114532470703,21.636718615604355,20.79114532470703,21.388020700482468,48158626
2024-09-27,21.338281631469727,21.43775927844491,21.139322542690373,21.189061366177967,36180032
2024-09-30,21.238801956176758,21.636718233868454,21.03984286862367,21.08958358921918,31334603
2024-10-01,20.890625,21.33828200896581,20.791145453850426,21.23880246281624,20181820
2024-10-04,20.74140739440918,21.139323696267773,20.592189018389032,20.890625770429327,17727492
2024-10-07,20.592187881469727,20.890624617032973,20.442967616273613,20.84088579357726,14585573
2024-10-08,20.24401092529297,20.691666039699996,20.194270203193607,20.59218839033035,17985391
2024-10-09,20.14453125,20.54244753718376,20.14453125,20.49270871281624,15416041
2024-10-11,19.945571899414062,20.24401053399812,19.945571899414062,20.24401053399812,23211972
2024-10-14,19.99531364440918,20.09479319436437,19.89583409445399,20.045052470679476,14601244
2024-10-15,20.24401092529297,20.393229296761977,20.045051831724596,20.045051831724596,16223639
2024-10-16,19.89583396911621,20.094793067773207,19.846095143159253,20.094793067773207,21487059
2024-10-17,20.14453125,20.393229166666664,19.995312879482903,20.045051703850426,18243371
2024-10-18,19.99531364440918,20.29375039686015,19.89583409445399,20.244011570589855,14954332
2024-10-21,20.14453125,20.293749620517094,19.84609450896581,20.094792425632477,21002423
2024-10-22,20.09479331970215,20.144532146282682,19.895834218550796,20.144532146282682,18837596
2024-10-23,20.09479331970215,20.343491247434034,19.995313769126472,20.045052595707006,13741030
2024-10-24,19.846094131469727,20.045051322569947,19.796353410633806,20.045051322569947,21562747
2024-10-25,19.696874618530273,19.945572539963305,19.497917419832586,19.895833714642524,30167277
2024-10-28,19.647136688232422,19.796355068406953,19.398438755469986,19.796355068406953,17681322
2024-10-29,19.100000381469727,19.64713502835691,19.100000381469727,19.64713502835691,21407345
2024-10-30,19.14974021911621,19.398438144039797,18.950781120211506,19.199479045135092,17927620
2024-11-01,19.24921989440918,19.298958720753227,18.70208331755166,18.90104241775705,23809305
2024-11-04,19.100000381469727,19.24921874903764,18.950780116487326,19.24921874903764,14312586
2024-11-05,18.901042938232422,19.149740871630218,18.801563385390374,19.00052249107447,21371395
2024-11-06,18.801563262939453,19.199479574301446,18.751824435549697,19.050261194717528,23004427
2024-11-07,19.696874618530273,19.746615341265617,18.801562480854273,18.851303203589616,43018650
2024-11-08,19.3984375,19.945572157700855,19.249219129482903,19.79635378718376,28433771
2024-11-11,19.100000381469727,19.29895757242212,18.90104129310285,19.29895757242212,21306097
2024-11-12,18.60260581970215,19.000522126010374,18.60260581970215,18.851303748321616,27655198
2024-11-13,18.254426956176758,18.652343232316618,18.20468623577523,18.60260440932956,24555023
2024-11-14,17.607812881469727,18.254427071457314,17.607812881469727,18.254427071457314,28312230
2024-11-15,17.90625,18.055468370517094,17.657552083333332,17.657552083333332,30757629
2024-11-18,17.707290649414062,17.955988562453108,17.607813002130044,17.9062497388111,28679392
2024-11-19,17.90625,18.055468370517094,17.707290907700855,17.856511175632477,20206088
2024-11-20,17.707290649414062,17.707290649414062,17.707290649414062,17.707290649414062,24850865
2024-11-21,17.707290649414062,17.9062497388111,17.40885391273301,17.707290649414062,31582075
2024-11-22,17.955989837646484,18.005730562235463,17.80677145870881,17.80677145870881,18337158
2024-11-25,17.508333206176758,18.055467848045154,17.508333206176758,18.005729025116924,300020104
2024-11-26,17.359115600585938,17.757031893690307,17.359115600585938,17.707291171168166,31150942
2024-11-27,16.51354217529297,17.40885430281181,16.51354217529297,17.40885430281181,48408864
2024-11-28,15.966405868530273,16.513542436581687,15.966405868530273,16.414062888080103,49643057
2024-11-29,15.966405868530273,16.165364965533435,15.817187494485188,15.966405868530273,24316297
2024-12-02,15.767448425292969,16.21510354051078,15.767448425292969,16.06588516877151,26734988
2024-12-03,15.817187309265137,16.11562595127515,15.767448484304076,15.916666856601807,21615586
2024-12-04,15.916666984558105,16.115626080830907,15.866927210489905,15.966405809919024,19255983
2024-12-05,15.767448425292969,16.16536471573587,15.767448425292969,16.0161463439966,19104109
2024-12-06,16.065885543823242,16.364324191683252,15.667969244091147,15.717709018734482,38884176
2024-12-09,15.817187309265137,16.16536477623621,15.817187309265137,16.11562595127515,20231753
2024-12-10,15.717708587646484,16.115625825172238,15.717708587646484,15.8669269587766,19863662
2024-12-11,15.170573234558105,15.717708852431166,15.120833460441048,15.717708852431166,42752963
2024-12-12,15.021354675292969,15.71770865820496,15.021354675292969,15.319791418892915,30680371
2024-12-13,14.921875,15.12083314359188,14.72291685640812,15.12083314359188,26965682
2024-12-16,14.374739646911621,15.021354810864327,14.324999872960293,15.021354810864327,36885679
2024-12-17,14.822395324707031,15.170572784489696,14.673176955490034,14.673176955490034,41518850
2024-12-18,15.51875114440918,15.817187900153453,14.971615511032498,15.021355286558979,50697749
2024-12-19,15.618228912353516,15.817187055122828,15.071093308207463,15.120833081076606,40007686
2024-12-20,14.921875,15.319791287183762,14.921875,15.319791287183762,31297305
2024-12-23,15.120833396911621,15.469010865560886,15.120833396911621,15.170573170819699,18617882
2024-12-24,15.51875114440918,15.916667451206417,15.27005321548408,15.27005321548408,36943426
2024-12-25,15.51875114440918,15.717709297807799,15.369531817829735,15.667969522281316,12544991
2024-12-26,15.369531631469727,15.667969332302667,15.319791856546354,15.518750956239845,9061520
2024-12-27,15.170573234558105,15.419271156436107,15.07109368632399,15.419271156436107,10271652
2024-12-30,14.921875,15.170572916666666,14.921875,15.170572916666666,7501790
2024-12-31,14.722917556762695,14.87213593437796,14.573698230440122,14.822396158937103,11459067
2025-01-02,14.424479484558105,14.722917180876626,14.424479484558105,14.52395903290004,13248335
2025-01-03,14.324999809265137,14.772656824129333,14.324999809265137,14.523958904185791,13828299
2025-01-06,14.722917556762695,14.822396158937103,14.325000301943142,14.523959403706574,17140993
2025-01-07,14.573698043823242,15.46901114417223,14.573698043823242,15.021355068351385,29905323
2025-01-08,14.424479484558105,14.673177406705658,14.374739710387137,14.673177406705658,12999680
2025-01-09,13.628645896911621,14.474219208778118,13.628645896911621,14.424479434778803,29248665
2025-01-10,13.72812557220459,14.076302096013702,13.678385797744063,13.72812557220459,19494666
2025-01-13,13.280468940734863,13.628645449895396,13.131249623631279,13.578905677527535,26834190
2025-01-14,13.479427337646484,13.628645708878393,13.330208017707308,13.379947791020367,16445873
2025-01-15,13.578906059265137,13.77786515432983,13.230729540316474,13.479427460440066,24677243
2025-01-16,13.927083969116211,14.32500027446518,13.67838604109628,13.827604418425317,39012535
2025-01-17,13.976823806762695,14.076302409189706,13.777865653201363,13.877344255628374,17691322
2025-01-20,14.026562690734863,14.225520831649469,13.877343373518471,14.225520831649469,17914739
2025-01-21,14.076301574707031,14.225520892562372,13.927083205558944,13.976822978177392,12949991
2025-01-22,14.275260925292969,14.275260925292969,13.976823232851652,14.175781378243439,16642197
2025-02-03,14.225521087646484,14.523958778742589,13.92708339655038,14.523958778742589,36854047
2025-02-04,13.976823806762695,14.325000338318198,13.827604480061215,14.225521735891187,21183729
2025-02-05,14.126041412353516,14.523958646425616,14.076301639506095,14.126041412353516,24625125
2025-02-06,14.424479484558105,14.474219258729073,14.126041788239585,14.175781562410553,19715059
2025-02-07,14.275260925292969,14.42447929715999,14.175781378243439,14.374739523635228,10041805
2025-02-10,14.17578125,14.225521023074785,13.97682310640812,14.126041476925213,12571932
2025-02-11,14.17578125,14.474218939741451,14.17578125,14.27526079614957,11358982
2025-02-12,14.47421932220459,14.623437696664594,14.175781624577294,14.225521398966391,18132658
2025-02-13,15.916666984558105,15.916666984558105,14.374739680687583,14.523959002892184,48066248
2025-02-14,17.06067657470703,17.40885403488769,15.469010489313082,16.41406237575125,244174482
2025-02-17,18.453384399414062,18.60260466525709,16.76223972819992,17.060676465056975,230373795
2025-02-18,18.65234375,19.249219129482903,18.00572954614957,18.35390700896581,236041618
2025-02-19,19.100000381469727,19.54765548417347,18.552863837168058,18.90104129310285,248352086
2025-02-20,18.851303100585938,19.14973984570909,17.607813500215215,19.10000102066008,257605201
2025-02-21,18.75182342529297,19.398437633596615,18.204686866409467,18.60260505374821,198780719
2025-02-24,18.75182342529297,18.85130297212765,18.304166413244154,18.5528643316236,79620537
2025-02-25,19.000520706176758,19.39843698275028,17.955988345579982,18.20468625561524,158949904
2025-02-26,18.50312614440918,19.54765667862466,18.45338542057083,18.801562897780858,112961909
2025-02-27,18.60260581970215,18.950781401837713,18.353907891082677,18.60260581970215,88088912
2025-03-03,18.60260581970215,18.851303748321616,18.055469238290545,18.304167166910016,82942387
2025-03-04,18.453384399414062,18.453384399414062,18.055468117799823,18.20468648622835,64944435
2025-03-05,18.702083587646484,19.00052224226461,18.254428451841243,18.40364683044299,54388457
2025-03-06,18.055469512939453,18.85130403507628,18.055469512939453,18.80156331014699,49595910
2025-03-07,18.154949188232422,18.60260622855196,17.95599008199826,18.05546963511534,67887769
2025-03-10,18.901042938232422,19.44817763274171,18.801563385390374,18.851304110518726,189430138
2025-03-11,19.000520706176758,19.05025952921802,18.254426976070977,18.5528637091475,109934543
2025-03-12,20.890625,20.890625,18.702082574367523,18.950780491034187,268845833
2025-03-13,20.592187881469727,21.984895809789027,20.29374924849199,21.288540896922132,397266012
2025-03-14,20.84088706970215,21.03984427312199,20.244011664613414,20.890625896203456,174762544
2025-03-17,20.343490600585938,21.43775992988081,20.194270330759775,21.03984363764499,153993173
2025-03-18,20.24401092529297,20.840886308583542,19.995313007039773,20.542447668230988,91878831
2025-03-19,20.393230438232422,20.990105854931908,20.194271333527713,20.343491610763564,124877303
2025-03-20,20.99010467529297,21.089584222054597,20.442968116811283,20.592188385660993,125247605
2025-03-21,20.940364837646484,21.487501419237145,20.39323015347044,20.990105561835428,138059939
2025-03-24,19.846094131469727,20.890624602635718,19.846094131469727,20.791145058378365,103307658
2025-03-25,19.24921989440918,20.293750426950965,19.10000151796244,20.094793224160178,71609476
2025-03-26,19.34869956970215,19.84609542601928,19.2492200189558,19.448177223033884,55506771
2025-03-27,19.14974021911621,19.74661561841574,19.00052184364498,19.00052184364498,47646691
2025-03-28,18.60260581970215,19.298958881387893,18.403646717840726,19.19947933045718,58129238
2025-03-31,17.458593368530273,18.254427857520145,17.25963616934373,17.70729129057438,74342659
2025-04-01,18.00572967529297,18.10520922215604,17.707291034703747,17.856511303705627,50304817
2025-04-02,18.60260581970215,18.751824197390906,17.707291758740364,18.055469238290545,52937317
2025-04-07,16.762239456176758,16.762239456176758,16.762239456176758,16.762239456176758,4663752
2025-04-08,15.120833396911621,15.966405758519828,15.120833396911621,15.270052718635855,87072573
2025-04-09,13.628645896911621,14.722917130067408,13.628645896911621,14.474219208778118,88966253
2025-04-10,14.971614837646484,14.971614837646484,14.971614837646484,14.971614837646484,34646906
2025-04-11,15.22031307220459,15.369531446471315,13.52916738611681,14.126041831890992,106182041
2025-04-14,15.817187309265137,16.21510360119727,15.618229163299068,15.618229163299068,81927153
2025-04-15,16.215103149414062,16.41406223854403,15.916666413133605,16.165364325838816,42180347
2025-04-16,15.469011306762695,16.115626488595684,15.419271531435957,16.115626488595684,51760965
2025-04-17,15.319791793823242,15.667969268154028,15.120833643651634,15.419271343262693,40699350
2025-04-18,15.817187309265137,16.31458314853394,15.31979146999633,15.369531243664666,103416840
2025-04-21,15.270052909851074,15.966405958454946,15.220313135320144,15.817187583569444,125062182
2025-04-22,15.319791793823242,16.165365117936695,15.17057341837136,15.319791793823242,130022009
2025-04-23,15.51875114440918,16.065885829078553,15.51875114440918,16.01614700225938,76827008
2025-04-24,15.319791793823242,15.767448817593479,15.319791793823242,15.618229493434303,48769378
2025-04-25,15.717708587646484,15.8669269587766,15.518750443237241,15.667968814367356,49543285
2025-04-28,15.618228912353516,15.916666600861113,15.518750315322489,15.817187055122828,30031790
2025-04-29,15.866927146911621,15.916666920780516,15.618229226274426,15.667969000143321,33554836
2025-04-30,15.66796875,16.06588503718376,15.618228976925213,15.96640549103419,45897279
2025-05-02,15.866927146911621,16.165364841417713,15.817187373042726,15.916666920780516,33740248
2025-05-05,15.369531631469727,16.016146808058977,15.170573480483535,16.016146808058977,39233191
2025-05-06,15.618228912353516,15.717708458091801,15.170572853945748,15.220312626814891,24646254
2025-05-07,15.469011306762695,15.717709234689082,15.369531756109218,15.667969459362343,17160267
2025-05-08,15.51875114440918,16.115626553312346,15.51875114440918,15.76744907333428,44767287
2025-05-09,15.469011306762695,15.76744901001582,15.31979198078248,15.717709234689082,18233999
2025-05-12,16.463802337646484,16.56328188991861,15.667969714298753,15.717709490434817,75864557
2025-05-13,17.80677032470703,18.105208960991323,16.712499119826983,17.010937756111275,205882737
2025-05-14,18.055469512939453,18.25442861782732,17.607814373063718,17.757032753022298,151691894
2025-05-15,18.00572967529297,18.80156225536848,17.80677058156682,18.353907140606456,134280659
2025-05-16,17.85651206970215,18.10520999882104,17.707291794299117,18.005730447690556,48967603
2025-05-19,17.65755271911621,18.05546902062746,17.60781389295778,17.856511818579133,37966897
2025-05-20,18.453384399414062,18.702082312599774,17.856510925699954,18.055468117799823,119813897
2025-05-21,18.055469512939453,18.602606102673768,18.00573068542481,18.503126550229833,76835000
2025-05-22,17.75703239440918,18.05546914829924,17.60781401746415,18.0057303217891,49581049
2025-05-23,17.65755271911621,18.005730194469027,17.65755271911621,17.856511818579133,25609003
2025-05-26,17.359115600585938,17.707291171168166,17.209895330434065,17.657552346060577,35164530
2025-05-27,17.25963592529297,17.55807266856018,17.110417553659364,17.359115472186886,26902262
2025-05-28,17.309375762939453,17.955990009466554,17.209896210224212,17.707292076385773,48904576
2025-05-29,17.607812881469727,17.806770072088877,17.309374249419275,17.50833333745291,48905397
2025-06-02,16.811979293823242,17.458593517159795,16.762240467956808,17.40885469129336,36170501
2025-06-03,16.613021850585938,17.110417691652408,16.613021850585938,17.010938143956203,26577704
2025-06-04,17.558073043823242,17.906250516686168,16.861719995511972,16.911458821314714,68980531
2025-06-05,18.00572967529297,18.503125512193797,17.607813385255213,17.757031756842554,105942435
2025-06-06,18.254426956176758,18.304165779163814,17.906249503023954,18.005729046412537,52530626
2025-06-09,18.304166793823242,18.702083092020896,18.204687244920184,18.353907516982062,66055839
2025-06-10,18.702083587646484,19.199479447928727,18.353908003380617,18.503126381982366,99755044
2025-06-11,18.702083587646484,19.149740620866353,18.552865209044736,19.00052224226461,61589844
2025-06-12,18.702083587646484,18.80156313918586,18.503126381982366,18.702083587646484,28575325
2025-06-13,18.353906631469727,18.602604543021272,18.105208719918185,18.602604543021272,41074281
2025-06-16,18.304166793823242,18.5528647173736,18.055468870272886,18.4036463427263,45698266
2025-06-17,18.65234375,18.901041666666664,18.453384657700855,18.453384657700855,56717147
2025-06-18,19.547657012939453,19.74661611686635,18.75182439206114,18.801563219335545,194455556
2025-06-19,19.49791717529297,20.194270208123175,19.050260163362125,19.895833465112307,151913540
2025-06-20,18.851303100585938,19.64713568585738,18.70208283060981,19.4979173132958,83242837
2025-06-23,19.49791717529297,19.547655999989935,18.403645955228885,18.453384779925848,81643055
2025-06-24,19.945571899414062,21.1393226429213,19.746614707105856,19.99531262055199,242728419
2025-06-25,20.14453125,20.890625,19.945572157700855,20.094792425632477,147173426
2025-06-26,20.74140739440918,21.388021622106216,20.39322991875244,20.641927844590885,215795000
2025-06-27,21.039844512939453,21.586981097763278,20.59218937708137,21.089585237422323,169476773
2025-06-30,20.04505157470703,21.18906160452033,20.04505157470703,21.139322780473254,104273199
2025-07-01,19.746614456176758,20.343489820345614,19.69687373567091,20.04505118955395,76497947
2025-07-02,19.448177337646484,19.995313921268497,19.398438510687495,19.796354818603287,68658528
2025-07-03,19.647136688232422,19.746616240820323,19.398438755469986,19.448177583056612,32847264
2025-07-04,19.050260543823242,19.79635431366552,18.85130334364738,19.79635431366552,56693886
2025-07-07,19.000520706176758,19.19947789575628,18.751822796141496,18.95077998572102,29262405
2025-07-08,18.801563262939453,19.199479574301446,18.702083710745296,19.00052236732777,41816884
2025-07-09,18.851303100585938,19.05026029819652,18.70208283060981,18.75182355307337,18968902
2025-07-10,18.40364646911621,18.901042319632865,18.304166919529962,18.901042319632865,28387934
2025-07-11,18.353906631469727,18.503124998917755,17.906249631711155,18.304165910710726,41875225
2025-07-14,18.154949188232422,18.453385950169007,18.10521036038121,18.304167569200715,23564791
2025-07-15,17.80677032470703,18.304166154433005,17.60781313126535,18.20468660900491,43325690
2025-07-16,17.558073043823242,18.05546889150897,17.5083342180205,18.05546889150897,37272922
2025-07-17,17.80677032470703,18.005729415563227,17.458592864415944,17.558072409844044,39469406
2025-07-18,17.558073043823242,17.95598934248891,17.558073043823242,17.906250516686168,21941344
2025-07-21,17.309375762939453,17.65755324873548,17.309375762939453,17.60781442108518,23974620
2025-07-22,17.06067657470703,17.55807240427525,17.06067657470703,17.35911521089667,24724136
2025-07-23,17.508333206176758,17.657551572375915,17.16015575343575,17.16015575343575,28252138
2025-07-24,17.25963592529297,17.657552215454096,17.060676831505134,17.60781339071441,31032305
2025-07-25,17.359115600585938,17.508333973323257,17.209895330434065,17.259636052956207,11883397
2025-07-28,17.408855438232422,17.657553373064314,17.259637056816217,17.408855438232422,17650073
2025-07-29,17.309375762939453,17.90625118181626,17.309375762939453,17.60781442108518,37816398
2025-07-30,17.75703239440918,17.80677122091932,17.16015698921445,17.309375366159482,29709657
2025-07-31,17.25963592529297,17.707291040193784,17.25963592529297,17.60781339071441,25386588
2025-08-04,17.25963592529297,17.359115472186886,17.010938006765446,17.309374750032656,24578716
2025-08-05,17.508333206176758,17.85651065891777,17.359114839977604,17.45859248583406,23098196
2025-08-06,16.961196899414062,17.458592725173002,16.961196899414062,17.408853901562907,46640613
2025-08-07,16.4140625,17.16015625,16.4140625,17.060676703850426,46158035
2025-08-08,17.359115600585938,17.955989091535216,16.662760664592376,16.662760664592376,102895136
2025-08-11,17.309375762939453,17.558073696020234,17.259636935289155,17.50833486836994,30505847
2025-08-12,18.353906631469727,18.503124998917755,17.607812896815094,17.607812896815094,104210516
2025-08-13,18.00572967529297,18.75182343064421,18.00572967529297,18.65234388378114,62781178
2025-08-14,17.90625,18.30416628718376,17.90625,18.055468370517094,34552098
2025-08-15,18.304166793823242,18.353907516982062,17.657552572075236,18.005730044528647,39417962
2025-08-18,19.000520706176758,19.24921861621202,18.05546788907698,18.4533841656505,107713720
2025-08-19,18.50312614440918,19.149740374990884,18.45338542057083,19.05026082472879,49108480
2025-08-20,17.90625,18.503125379482903,17.856511175632477,18.35390700896581,46954458
2025-08-21,18.304166793823242,18.4036463427263,17.95598932136983,18.005730044528647,35282943
2025-08-22,18.105209350585938,18.3539072708005,17.95598908052556,18.204687000740122,18415471
2025-08-25,18.304166793823242,18.652344266276657,18.304166793823242,18.353907516982062,29261395
2025-08-26,18.65234375,18.801562120517094,18.204686741034187,18.35390700896581,30514859
2025-08-27,19.696874618530273,19.895833714642524,18.901042028910396,18.95078085423118,95146604
2025-08-28,19.49791717529297,19.945572289809274,19.49791717529297,19.796353918303836,54339331
2025-08-29,19.597396850585938,20.442968260465317,19.597396850585938,19.696874500632063,82391021
2025-09-01,20.194271087646484,20.24401181192435,19.497918024487934,19.597397575629046,79062706
2025-09-02,19.846094131469727,20.542447146442225,19.696873866376453,20.39322877876344,100834075
2025-09-03,19.99531364440918,20.442968773085635,19.7963545444988,19.846095268183696,65240332
2025-09-04,20.393230438232422,20.691667197874843,20.194271333527713,20.293750885880065,65532974
2025-09-05,22.432552337646484,22.432552337646484,20.492709638472455,20.542448465086682,226629036
2025-09-08,24.47187614440918,24.670833345512676,22.631511124067988,24.52161497033141,435706691
2025-09-09,24.422134399414062,24.770311858548,23.57656300962172,24.27291603047509,237398509
2025-09-10,24.820053100585938,25.566146858350066,24.37239608696164,24.72057355340114,284634798
2025-09-11,24.869792938232422,26.46146006576222,24.571356181939482,25.566147899468778,311276352
2025-09-12,25.31744956970215,26.41171892374729,24.770312995264987,26.013802622511367,274921180
2025-09-15,26.660415649414062,26.958854284971498,25.56614634461366,26.80963591590003,467481131
2025-09-16,27.804428100585938,28.749479054249523,25.615885654623188,26.36197941155396,639359881
2025-09-17,29.246875762939453,29.644792065666362,27.157812801854934,27.95364730472335,442590512
2025-09-18,32.131771087646484,32.131771087646484,30.092448865635376,30.092448865635376,445214363
2025-09-19,33.325523376464844,34.121356011563805,32.3307316338838,33.822919247755365,580346156
2025-09-22,34.071617126464844,35.116147695463596,33.2260456646157,33.623960084085574,378074121
2025-09-23,36.26015853881836,36.658072945376006,34.71823214939541,34.81770980232752,533104264
2025-09-24,35.016666412353516,35.86223778662023,34.12135242032964,35.81249896369199,398560215
2025-09-25,33.226043701171875,35.51406381111182,33.027084605779464,34.021876287912406,451823059
2025-09-26,31.23645782470703,33.027083955752616,31.037500630644978,32.778386040114164,310981574
2025-09-30,33.872657775878906,33.972139226153416,32.778388386664396,33.8229189481563,280805174
2025-10-01,33.623958587646484,35.01666848088162,33.02708508759095,33.22604418588585,332941155
2025-10-02,35.8125,36.30989583333333,34.86744715770085,35.8125,465307876
2025-10-03,38.59791564941406,39.04557265538427,35.165883663414476,35.61354066938469,577862375
2025-10-07,42.4278678894043,42.4278678894043,40.53776212514675,40.53776212514675,271727982
2025-10-08,41.03515625,41.93047026793162,39.14505056540171,41.73151117563248,465592338
2025-10-09,43.223697662353516,44.11900786446762,41.482812286497854,42.676563017478955,545408606
2025-10-13,42.77604293823242,43.57187553625696,40.13984342527015,40.13984342527015,398243728
2025-10-14,40.48802185058594,45.312759946766285,39.94088718939472,44.66614763620542,596430919
2025-10-15,39.79166793823242,41.43307575861618,39.095312990347516,41.23411665995918,308233472
2025-10-16,43.770835876464844,43.770835876464844,40.885938357584315,40.885938357584315,435729166
2025-10-17,43.72109603881836,44.71588774029396,43.323177840296445,43.7708348649263,455366007
2025-10-20,46.10859298706055,47.750000781868934,43.820572875228486,45.362499224843845,577538761
2025-10-21,44.367706298828125,45.51171822010667,44.367706298828125,45.461979396318256,77179502
2025-10-22,45.21328353881836,45.21328353881836,43.47239806324648,43.47239806324648,55498173
2025-10-23,46.05885314941406,46.257812240597495,44.46718800960468,44.715885924876716,44843467
2025-10-27,50.6348991394043,50.6348991394043,49.93854418918049,50.6348991394043,84707458
2025-10-28,53.71875,54.21614583333333,50.634897351264954,50.634897351264954,97233823
2025-10-29,53.71875,54.21614583333333,51.62968901793162,54.11666818459828,70106713
2025-10-30,54.91250228881836,56.70312657973902,53.1218779978977,55.409898136009055,73330604
2025-10-31,53.91770935058594,54.91250102201804,53.22135442161765,54.91250102201804,56070261
2025-11-03,56.305206298828125,57.20052030854566,54.81301881251824,55.210936993465815,67864506
2025-11-04,53.022396087646484,56.50416698751784,52.723959340909055,56.50416698751784,40870067
2025-11-05,55.708335876464844,55.708335876464844,48.34687568914316,48.34687568914316,47673290
2025-11-06,58.692710876464844,58.692710876464844,57.697919166694255,58.29479267462492,40500980
2025-11-07,57.797393798828125,58.89166689927865,57.29999796994035,58.195311979869956,22639314
2025-11-10,63.56719207763672,63.56719207763672,60.48333548563612,61.080212791263286,31555194
2025-11-11,64.1640625,65.75572764873505,64.1640625,64.56198068459828,43024791
2025-11-12,64.4625015258789,65.5567708156482,62.67187353195974,62.771351178364604,22985092
2025-11-13,63.865623474121094,68.74010427396745,61.37864804348355,65.65625155232041,32168250
2025-11-14,59.985939025878906,61.8760447824707,58.79218822144352,59.68750227347736,34236482
2025-11-17,65.85520935058594,65.95469459510198,64.76093996783646,65.95469459510198,44855578
2025-11-18,61.0802116394043,66.35260307329342,59.28958355111995,66.15364776999887,463949642
2025-11-19,59.09062957763672,61.080213013990424,57.79739730814342,59.1901072315227,261729688
2025-11-20,57.69791793823242,63.56719041884634,53.221355339576455,63.06979457455123,431032362
2025-11-21,51.92812728881836,52.922918984792545,51.92812728881836,51.92812728881836,152253340
2025-11-24,54.31562423706055,55.210938267437115,52.02760413088933,52.7239590662012,233007493
2025-11-25,57.200523376464844,59.09062914509711,55.608858156964466,58.79218859596522,219027962
2025-11-26,53.320831298828125,57.498957017316144,52.42552108439934,56.70312445065867,193897954
2025-11-27,56.6036491394043,56.703126791281896,54.415106644634605,54.91250249368093,160460855
2025-11-28,57.69791793823242,59.19010547111774,55.50937546436813,57.001562997253444,183626964
2025-12-01,57.29999923706055,58.69270910667603,56.00677081231995,57.59843977685608,112786339
2025-12-02,56.305206298828125,58.59323014703317,55.807810470058165,58.59323014703317,116317913
2025-12-03,55.509376525878906,58.19531489540175,55.210939772560636,57.001564087299464,141991826
2025-12-04,57.498958587646484,58.593231717161146,53.42031420036861,54.713542630859465,244160914
2025-12-05,61.478126525878906,62.47291822951718,56.106253603129794,57.79739646345149,342364309
2025-12-08,67.54635620117188,67.54635620117188,63.16927131643234,63.16927131643234,311165596
2025-12-09,70.92864990234375,71.22708285289586,66.55156498732215,70.63020936213341,593228772
2025-12-10,67.1484375,73.01770985126495,66.94948220252991,70.63020833333333,406047688
2025-12-11,68.04375457763672,70.13281565364333,67.14844051944576,69.23750159545237,287478205
2025-12-12,74.21145629882812,74.80832977674177,68.143228692333,68.83957981828924,541392970
2025-12-15,70.72969055175781,72.42084104814752,68.6406294347198,71.62500462753371,425943138
2025-12-16,70.23229217529297,71.52552441513919,68.44167167741935,69.63541867600176,345979444
2025-12-17,73.51510620117188,74.01250203800029,69.83437245484669,70.92864936759572,452634891
2025-12-18,74.11198425292969,77.39480001409069,73.51511072989821,74.60938012039901,529721687
2025-12-19,70.92864990234375,77.09635528965268,70.8291646625015,76.49948179889023,492854977
2025-12-22,72.71926879882812,74.60937446999972,72.42083585474296,73.51510516237134,237733596
2025-12-23,72.61979675292969,74.01250670173951,72.02292322905652,73.61458848927118,154581257
2025-12-24,76.49948120117188,76.79791414939223,72.12239632035003,73.21666564314096,319929713
2025-12-26,76.1015625,78.6880193154017,75.60416666666666,77.59375,273384221
2025-12-29,76.49948120117188,77.49427287455602,75.20624898990924,76.49948120117188,165844266
2025-12-30,83.2640609741211,83.960419707211,76.79791502352494,76.79791502352494,403355883
2025-12-31,82.16979217529297,86.04948128890956,81.7718739808808,83.66197971209486,338827327
2026-01-02,90.32708740234375,90.32708740234375,81.67239524955787,82.66718692760281,412664367
2026-01-05,95.00260925292969,96.29584152469684,91.12292002728671,94.5052133929667,433233373
2026-01-06,103.45833587646484,103.95573172202477,94.50521065638615,95.30104704514535,401519278
2026-01-07,105.9453125,109.92447916666666,103.95572916666666,108.43229166666666,349333813
2026-01-08,107.93489837646484,108.92969006657052,103.45833577098935,104.95052330614784,199305421
2026-01-09,97.2906265258789,102.96093590201049,97.1911412890298,102.96093590201049,80826831
2026-01-12,101.46875,101.96614583333333,95.99739583333333,97.58906098206837,55473193
2026-01-13,99.28021240234375,103.95573024846904,97.98698018635598,103.95573024846904,41949387
2026-01-14,99.28021240234375,99.97656354039366,98.4843760248654,98.4843760248654,23207546
2026-01-15,98.68333435058594,99.47917075246906,98.58385669776516,99.28021544682748,22209895
2026-01-16,105.9453125,107.4375,99.9765625,101.46875,50187737
2026-01-19,115.89323425292969,116.39063010809247,114.40104668744132,114.40104668744132,53878993
2026-01-20,112.41146087646484,113.90364841022323,104.95052320767293,104.95052320767293,50919746
2026-01-21,104.95052337646484,111.41666936648402,102.4635441495344,111.41666936648402,63561383
2026-01-22,103.95573425292969,112.90885969098105,103.95573425292969,112.90885969098105,56609929
2026-01-23,102.46354675292969,106.44271361712114,98.88229809308909,106.44271361712114,48889584
2026-01-26,112.41146087646484,112.41146087646484,106.44271074143131,106.44271074143131,58355135
2026-01-27,114.8984375,119.87239583333333,109.42708333333333,112.90885416666666,278718118
2026-01-28,126.33854675292969,126.33854675292969,119.37500480591783,119.87240065927581,181306216
2026-01-29,129.3229217529297,135.29167198768027,123.35417151817909,132.30729687030498,387822875
2026-01-30,127.83073425292969,135.29167204979328,127.83073425292969,131.8099010779236,248256361
2026-02-02,115.39583587646484,121.86198185230124,115.39583587646484,120.86719016371102,162798671
2026-02-03,104.95052337646484,122.85677381036406,103.95573168569267,122.85677381036406,446395429
2026-02-04,107.93489837646484,110.91927344678184,103.95573161604219,104.45312746109502,208672622
2026-02-05,101.96614837646484,106.94010683385336,100.47396083924828,101.96614837646484,145713292
2026-02-06,97.2906265258789,101.46874842516976,94.50520686657968,99.47916512271546,231242639
2026-02-09,106.94010925292969,106.94010925292969,100.47396311205488,105.44792168195858,153756321
2026-02-10,102.9609375,108.43229166666666,101.96614583333333,107.4375,197884652
2026-02-11,104.95052337646484,108.43229429416748,100.97135661337613,100.97135661337613,201852742
2026-02-23,114.40104675292969,115.39583846382473,111.9140674756921,113.90365089748218,170398493
2026-02-24,121.36458587646484,122.85677340773285,112.41146068885678,114.40104406388079,247211557
2026-02-25,117.38542175292969,123.35417201155323,114.40104662361792,121.36458859201205,168820084
2026-02-26,121.86198425292969,123.35417181521046,115.395838149713,118.87760912836814,179034587
2026-03-02,123.8515625,126.33854166666666,114.40104166666666,114.40104166666666,154454824
2026-03-03,111.9140625,124.34895833333333,111.9140625,124.34895833333333,187993914
2026-03-04,103.45833587646484,108.92969017762404,101.46875249422513,105.44791925870454,180166754
2026-03-05,111.41667175292969,113.40625517708915,108.43229661669051,112.90885932104929,164400380
2026-03-06,105.9453125,112.41145833333333,104.95052083333333,109.42708333333333,121644964
2026-03-09,100.47396087646484,100.47396087646484,95.40052476598095,95.40052476598095,166319493
2026-03-10,104.95052337646484,108.43229429416748,100.97135661337613,107.4375026033953,162997237
2026-03-11,113.40625,114.40104166666666,106.94010416666666,108.43229166666666,180693023
2026-03-12,108.43229675292969,116.88802631623155,108.43229675292969,113.90365117624265,166186883
2026-03-13,108.43229675292969,113.90365117624265,107.43750503960005,108.43229675292969,171591816
2026-03-16,116.390625,117.38541666666666,112.41145833333333,112.90885416666666,199547521
2026-03-17,122.85677337646484,125.3437525946119,118.87760662742954,120.8671900019472,234411445
2026-03-18,127.33333587646484,128.82552340626717,119.87239822745323,128.32812756299973,294009796
2026-03-19,121.36458587646484,124.84635678275686,119.37500250144082,122.85677340773285,196236526
2026-03-20,109.42708587646484,123.85156537836248,109.42708587646484,123.35416953346946,333969259
2026-03-23,106.94010925292969,108.92969268089116,102.96094239700672,102.96094239700672,146975829
2026-03-24,98.98177337646484,108.92969029872262,96.4947941459004,108.92969029872262,219474874
2026-03-25,97.68853759765625,102.4635405830194,97.58905994997328,98.48437395843611,197568906
2026-03-26,95.5,103.95572916666666,95.5,99.47916666666666,187684038
2026-03-27,92.4000015258789,92.4000015258789,87.19999694824219,90.19999694824219,156697189
2026-03-30,93.0,96.80000305175781,90.5999984741211,91.19999694824219,151065269
2026-03-31,90.19999694824219,95.5,85.19999694824219,88.0,246396898
2026-04-01,93.0999984741211,97.19999694824219,91.30000305175781,97.0999984741211,204494213
2026-04-02,91.80000305175781,97.5999984741211,91.80000305175781,96.0,182614532
2026-04-07,89.4000015258789,95.80000305175781,89.0999984741211,95.0,168420585
2026-04-08,95.5999984741211,95.80000305175781,92.19999694824219,93.0999984741211,170255203
2026-04-09,91.0,96.19999694824219,90.30000305175781,96.0,133744895
2026-04-10,93.5,97.5,92.30000305175781,93.0,165392603
2026-04-13,94.4000015258789,95.19999694824219,91.5,93.80000305175781,95066611
2026-04-14,93.5,98.0,93.5,96.80000305175781,166319361
2026-04-15,90.19999694824219,96.5999984741211,90.0999984741211,95.5999984741211,126143808
2026-04-16,89.5999984741211,90.9000015258789,88.30000305175781,90.5999984741211,110222111
2026-04-17,87.80000305175781,90.69999694824219,86.80000305175781,90.0,118916574
2026-04-20,85.69999694824219,88.4000015258789,83.80000305175781,87.5,162330262
2026-04-21,91.0999984741211,92.80000305175781,88.0,88.0999984741211,184027211
2026-04-22,90.5999984741211,91.5,88.9000015258789,91.5,93783269
2026-04-23,87.80000305175781,93.4000015258789,84.30000305175781,93.0,169558383
2026-04-24,88.19999694824219,88.9000015258789,84.0,88.5999984741211,121480957
2026-04-27,93.9000015258789,95.5999984741211,89.0999984741211,89.80000305175781,267988012
2026-04-28,95.5,96.9000015258789,93.5,95.30000305175781,218067493
2026-04-29,92.69999694824219,96.0,92.0999984741211,94.5,129011903
2026-04-30,89.80000305175781,94.5999984741211,88.80000305175781,94.19999694824219,114844011
2026-05-04,95.4000015258789,98.4000015258789,91.0999984741211,91.9000015258789,196983547
2026-05-05,98.80000305175781,100.5,96.5999984741211,96.80000305175781,194835806
2026-05-06,108.5,108.5,104.0,108.5,238452458
2026-05-07,114.0,117.0,106.5,113.0,336211456
2026-05-08,107.0,115.0,103.5,111.0,172404054
2026-05-11,117.5,117.5,113.0,115.0,160199413
2026-05-12,121.5,123.5,116.0,118.5,314987398
2026-05-13,122.0,122.0,115.0,117.0,132008605
2026-05-14,134.0,134.0,124.5,127.0,415035169
2026-05-15,129.5,136.5,127.5,132.5,346042628
2026-05-18,130.5,134.0,119.0,126.0,191092652
2026-05-19,117.5,127.0,117.5,125.0,182547420
2026-05-20,115.5,119.0,112.0,117.5,149555448
2026-05-21,114.0,122.5,113.5,120.0,208024328
2026-05-22,125.0,125.0,115.5,116.5,190947918
2026-05-25,128.5,133.0,119.0,120.5,355151055
2026-05-26,141.0,141.0,133.0,133.5,331776431
2026-05-27,155.0,155.0,146.0,155.0,435175038
2026-05-28,144.0,156.5,142.0,151.0,355178736
2026-05-29,158.0,158.0,151.0,155.0,246818638
2026-06-01,168.0,173.5,166.0,168.0,291787237
2026-06-02,184.5,184.5,171.5,174.0,267833818
2026-06-03,177.5,193.0,177.0,188.0,326857110
2026-06-04,179.5,188.0,175.0,175.0,225186549
2026-06-05,162.0,172.5,162.0,169.0,223760723
2026-06-08,154.0,157.0,146.0,146.0,177615934
2026-06-09,156.5,161.0,153.5,160.5,201187040
2026-06-10,149.0,163.5,148.0,152.0,183620313
2026-06-11,156.5,162.5,149.0,154.0,235866654
2026-06-12,172.0,172.0,166.0,169.5,210182598
2026-06-15,189.0,189.0,175.0,179.5,226447543
2026-06-16,197.0,201.0,191.5,198.5,351775125
2026-06-17,199.0,199.0,186.5,195.0,223485557
2026-06-18,218.5,218.5,201.5,203.5,334192828
2026-06-22,222.0,233.5,219.0,229.5,398844926
2026-06-23,211.5,222.0,205.5,219.0,259055229
2026-06-24,205.0,217.0,201.0,208.5,246450870
2026-06-25,219.5,222.5,211.0,219.5,225279506
2026-06-26,206.5,225.0,203.0,220.0,251095011
2026-06-29,203.0,212.5,201.0,209.0,148328628
2026-06-30,207.5,210.5,197.5,209.0,214758456
2026-07-01,190.0,207.5,188.0,207.0,226559570
2026-07-02,183.5,186.0,176.0,176.0,161087169
2026-07-03,184.5,188.0,177.0,180.5,139567309
2026-07-06,183.0,200.0,183.0,191.0,161367756
2026-07-07,174.0,186.0,172.0,184.0,139511792
2026-07-08,168.5,181.5,165.0,177.5,144149101
2026-07-09,176.5,184.0,170.0,173.5,157519173
2026-07-10,176.5,176.5,176.5,176.5,0
2026-07-13,167.0,183.0,166.0,181.5,147361888
2026-07-14,164.5,172.5,156.0,170.0,133967594
2026-07-15,180.5,180.5,173.5,175.5,93992314
2026-07-16,172.0,180.5,171.0,176.0,149041282
2026-07-17,155.0,162.5,155.0,159.5,107329072
2026-07-20,151.0,157.0,146.0,155.0,106235090
2026-07-21,155.5,158.0,152.0,156.0,103510503
2026-07-22,171.0,171.0,164.5,165.0,95243145
2026-07-23,161.0,172.0,157.0,172.0,156338876
2026-07-24,154.5,164.0,153.5,158.5,134075464
2026-07-27,160.0,161.0,150.0,155.0,109653338
2026-07-28,144.0,147.0,144.0,144.0,66979775
2026-07-29,130.0,137.5,130.0,137.0,81127552
2026-07-30,118.5,133.0,117.0,123.5,206938248
2026-07-31,130.0,130.0,130.0,130.0,17621531
2026-08-03,143.0,143.0,133.5,134.0,76959170
2026-08-04,157.0,157.0,144.0,145.0,120497613
2026-08-05,169.0,172.5,164.5,167.0,226250751
2026-08-06,171.0,173.0,162.0,165.5,183981432
2026-08-07,163.5,170.5,160.5,170.0,174570426
2026-08-10,179.5,179.5,168.5,169.0,154697808
