Date,Close,High,Low,Open,Volume
2000-01-04,19.02263641357422,19.946720156602627,18.560594542060016,19.254044520989556,83044141641
2000-01-05,18.637990951538086,19.0226373292421,18.56059543548719,18.79200355404152,55362761094
2000-01-06,18.56059455871582,19.176651068994996,18.56059455871582,18.714609197066167,55362761094
2000-01-07,18.098556518554688,18.483977259496214,17.94454186498337,18.483977259496214,27681380547
2000-01-10,18.56059455871582,18.946017304689164,18.25256732513734,18.25256732513734,55362761094
2000-01-11,18.714609146118164,19.176651016789148,18.637990020371266,18.946017253111187,55362761094
2000-01-12,20.024110794067383,20.024110794067383,18.791999991977633,18.868621150151075,138406902735
2000-01-13,20.024110794067383,20.717558631809794,19.870096177635446,20.717558631809794,166088283282
2000-01-14,19.40806007385254,20.332141817308283,19.330664557879686,20.25474834445773,55362761094
2000-01-17,19.946720123291016,20.100732718123737,19.63869289050336,19.946720123291016,55362761094
2000-01-18,19.792705535888672,20.024113643508592,19.638692940662583,20.024113643508592,27681380547
2000-01-19,19.716081619262695,20.254742486254443,19.716081619262695,20.024108777991735,55362761094
2000-01-20,19.48468017578125,20.02411556884268,19.408061042459796,20.02411556884268,27681380547
2000-01-21,19.48468017578125,19.792707438972695,19.48468017578125,19.562073652494316,27681380547
2000-01-24,19.48468017578125,19.792707438972695,19.48468017578125,19.792707438972695,24913242492
2000-01-25,19.254045486450195,19.48467926211379,19.254045486450195,19.330664616178858,27681380547
2000-01-26,19.330663681030273,19.63869295799878,19.25404455500817,19.25404455500817,27681380547
2000-01-27,19.48468017578125,20.02411556884268,19.408061042459796,20.02411556884268,27681380547
2000-01-28,20.408761978149414,20.71756358492605,19.4846801879958,19.4846801879958,138406902735
2000-01-31,20.17812728881836,20.408758998648693,19.946719192586865,20.17812728881836,55362761094
2000-02-01,20.33213996887207,20.408759091404058,20.17812738052553,20.408759091404058,55362761094
2000-02-02,20.33213996887207,20.33213996887207,20.33213996887207,20.33213996887207,0
2000-02-03,20.33213996887207,20.33213996887207,20.33213996887207,20.33213996887207,0
2000-02-04,20.33213996887207,20.33213996887207,20.33213996887207,20.33213996887207,0
2000-02-07,20.33213996887207,20.33213996887207,20.33213996887207,20.33213996887207,0
2000-02-08,20.33213996887207,20.33213996887207,20.33213996887207,20.33213996887207,0
2000-02-09,20.25474739074707,20.79418273148691,20.178128264857158,20.562774624061948,83044141641
2000-02-10,19.87009620666504,20.486152630170913,19.87009620666504,20.254744555142402,55362761094
2000-02-11,20.024110794067383,20.408757098860868,19.870096177635446,20.024110794067383,83044141641
2000-02-14,19.48468017578125,19.870100915685757,19.408061042459796,19.792707438972695,55362761094
2000-02-15,19.254045486450195,19.48467926211379,19.254045486450195,19.48467926211379,27681380547
2000-02-16,19.330663681030273,19.484678319514526,19.330663681030273,19.330663681030273,24913242492
2000-02-17,19.330663681030273,19.63869295799878,19.25404455500817,19.25404455500817,55362761094
2000-02-18,19.254045486450195,19.638693908048722,19.254045486450195,19.48467926211379,27681380547
2000-02-21,18.48397445678711,18.946016304319645,18.48397445678711,18.946016304319645,27681380547
2000-02-22,18.79199981689453,19.022633546229205,18.48397263002243,18.48397263002243,27681380547
2000-02-23,18.48397445678711,18.946016304319645,18.48397445678711,18.946016304319645,19376966382
2000-02-24,18.48397445678711,18.79200167410143,18.48397445678711,18.637989087005323,22145104437
2000-02-25,18.175949096679688,18.714610121162174,18.098555623585472,18.714610121162174,24913242492
2000-02-28,18.175949096679688,18.175949096679688,18.175949096679688,18.175949096679688,0
2000-02-29,17.636512756347656,18.406581857417343,17.5598936308337,18.329962731903386,27681380547
2000-03-01,18.021930694580078,18.175945308435566,17.867918123846472,18.175945308435566,16608828328
2000-03-02,17.713905334472656,18.17594718050623,17.713905334472656,18.17594718050623,16608828328
2000-03-03,18.86862564086914,18.86862564086914,17.8679226753033,18.252569071642327,27681380547
2000-03-06,18.48397445678711,18.868622839133447,18.48397445678711,18.868622839133447,16608828328
2000-03-07,18.2525691986084,18.637991984142115,18.175950064788612,18.175950064788612,13840690273
2000-03-08,18.2525691986084,18.483977329983475,18.2525691986084,18.2525691986084,19376966382
2000-03-09,18.637990951538086,18.86862472673867,18.329963703408914,18.483976305912346,27681380547
2000-03-10,18.175949096679688,18.868624767117506,18.175949096679688,18.868624767117506,24913242492
2000-03-13,16.943063735961914,18.021933386359112,16.943063735961914,18.021933386359112,55362761094
2000-03-14,17.713905334472656,17.790526499256096,16.94306295041134,16.94306295041134,55362761094
2000-03-15,17.3284854888916,17.713906188728714,17.3284854888916,17.713906188728714,27681380547
2000-03-16,17.02045249938965,17.328480666396562,16.558411781220492,16.558411781220492,27681380547
2000-03-17,17.25186538696289,17.713907283843,17.09707844005875,17.328486560178295,55362761094
2000-03-20,16.71242904663086,16.71242904663086,16.71242904663086,16.71242904663086,5536276109
2000-03-21,17.713905334472656,17.713905334472656,16.17299388806275,16.17299388806275,55362761094000
2000-03-22,17.713905334472656,18.098553715571114,17.32848465322252,17.63651186953754,55362761094
2000-03-23,18.79199981689453,18.868620974354105,18.021930828153327,18.021930828153327,83044141641
2000-03-24,18.406583786010742,18.79200452702421,18.252569132410677,18.79200452702421,55362761094
2000-03-27,19.638690948486328,19.638690948486328,18.406580096053624,18.406580096053624,110725522188
2000-03-28,19.02263641357422,19.48467828508842,18.868623818484288,19.48467828508842,55362761094
2000-03-29,18.79199981689453,18.868620974354105,18.63798724501943,18.868620974354105,24913242492
2000-03-30,20.10073471069336,20.10073471069336,19.10003174425055,19.254046397472827,110725522188
2000-03-31,20.48615264892578,21.102207029873725,20.332138032127833,20.794179839399753,276813805470
2000-04-03,20.48615264892578,20.48615264892578,20.48615264892578,20.48615264892578,0
2000-04-04,20.48615264892578,20.48615264892578,20.48615264892578,20.48615264892578,0
2000-04-05,22.334321975708008,22.79636182552088,21.41023818983766,21.487631662628942,276813805470
2000-04-06,21.718263626098633,23.02776802312916,21.718263626098633,22.56572616872867,193769663829
2000-04-07,22.25770378112793,22.71974573588225,21.71826834322743,21.949676492332575,193769663829
2000-04-10,23.25840187072754,24.337272516471206,23.18178274737552,24.1058644167113,249132424923
2000-04-11,22.411718368530273,23.412421414221495,22.411718368530273,22.719745656245944,138406902735
2000-04-12,21.179595947265625,22.64234017069261,21.179595947265625,22.411706488110497,138406902735
2000-04-13,20.640169143676758,20.79418378973333,20.02411464569509,20.486156540742495,110725522188
2000-04-14,20.024110794067383,20.6401651735513,20.024110794067383,20.332137983809343,83044141641
2000-04-17,19.48468017578125,19.638694828938174,19.022638259432885,19.25404638930287,83044141641
2000-04-18,20.024110794067383,20.6401651735513,20.024110794067383,20.6401651735513,83044141641
2000-04-19,19.330663681030273,20.40876002105342,19.25404455500817,20.40876002105342,55362761094
2000-04-20,19.100032806396484,19.63869592937214,18.714612044895325,19.25404746818346,55362761094
2000-04-21,18.94601821899414,19.484679242873383,18.946018218994137,19.330664597090532,27681380547
2000-04-24,18.175949096679688,18.946018240211718,18.175949096679688,18.946018240211718,27681380547
2000-04-25,18.48397445678711,18.48397445678711,17.713905391940255,17.713905391940255,27681380547
2000-04-26,18.021930694580078,18.791999677613756,17.328482868438076,18.791999677613756,55362761094
2000-04-27,17.79052734375,18.329962680325007,17.71390617532945,18.021933406266132,27681380547
2000-04-28,18.32996368408203,18.637990931886424,17.790528317967304,18.098555565771697,55362761094
2000-05-01,18.32996368408203,18.32996368408203,18.32996368408203,18.32996368408203,0
2000-05-02,17.097076416015625,17.713905186776394,17.097076416015625,17.713905186776394,27681380547
2000-05-03,16.172992706298828,16.943061712378316,16.172992706298828,16.63503451857091,55362761094000
2000-05-04,16.404403686523438,16.789051086011398,16.172995567835077,16.172995567835077,55362761094000
2000-05-05,16.71242904663086,16.789049189154554,16.327007347334337,16.404401833124737,27681380547000
2000-05-08,16.481021881103516,16.866442556627998,16.17299364780339,16.71242895075845,19376966382900
2000-05-09,16.481021881103516,16.481021881103516,16.481021881103516,16.481021881103516,0
2000-05-10,16.327009201049805,16.558417319866592,16.17299557681054,16.404403695627327,22145104437600
2000-05-11,15.402925491333008,16.018980972146185,15.402925491333008,16.018980972146185,27681380547000
2000-05-12,15.556939125061035,16.01897993972153,15.248910893726347,16.01897993972153,27681380547000
2000-05-15,15.480321884155273,15.788349151646822,15.402927384800565,15.710955673853332,27681380547000
2000-05-16,16.172992706298828,16.172992706298828,15.480318181060268,15.480318181060268,55362761094000
2000-05-17,16.78904914855957,17.097076361320898,16.481021935798243,16.63503554217891,55362761094
2000-05-18,16.404403686523438,16.789051086011398,16.327009191988868,16.789051086011398,24913242492300
2000-05-19,16.250389099121094,16.48102286078435,16.01898099414954,16.404402714145665,24913242492300
2000-05-22,15.788350105285645,16.404405699040595,15.55694297976906,16.172997551962734,27681380547000
2000-05-23,15.556939125061035,15.864966334834698,15.48031898346577,15.864966334834698,19376966382900
2000-05-24,15.326303482055664,15.402922592608824,15.248909006780101,15.326303482055664,22145104437600
2000-05-25,15.326303482055664,15.63433065371311,15.248909006780101,15.402922592608824,24913242492300
2000-05-26,15.556939125061035,15.634332588352601,15.248910893726347,15.326305378578938,24913242492300
2000-05-29,15.788350105285645,15.942363748334062,15.55694297976906,15.55694297976906,27681380547000
2000-05-30,15.788350105285645,15.788350105285645,15.788350105285645,15.788350105285645,0
2000-05-31,16.943063735961914,17.40587892516624,16.943063735961914,17.40587892516624,55362761094
2000-06-01,16.78904914855957,17.25186328940536,16.78904914855957,17.25186328940536,27681380547
2000-06-02,16.78904914855957,17.328484453304828,16.78904914855957,17.17446982536313,27681380547
2000-06-05,16.943063735961914,17.097077351260133,16.866443589187096,17.097077351260133,22145104437
2000-06-06,16.943063735961914,16.943063735961914,16.943063735961914,16.943063735961914,0
2000-06-07,17.636512756347656,17.636512756347656,16.789050186451306,16.943063802353024,55362761094
2000-06-08,16.943063735961914,17.559893562025554,16.943063735961914,17.559893562025554,27681380547
2000-06-09,16.55841636657715,17.09707735950643,16.48102289801642,16.866443597322153,27681380547
2000-06-12,16.01898193359375,16.712430924306812,15.480320910291205,16.558417300250007,110725522188000
2000-06-13,16.857559204101562,16.857559204101562,16.31436606281471,16.42256757362052,19772414676000
2000-06-14,17.184345245361328,17.619336772604445,17.075051482091315,17.292545700036253,59317244028
2000-06-15,17.29254722595215,17.29254722595215,16.966851494141405,17.29254722595215,13840690273200
2000-06-16,17.619340896606445,17.94503770636142,17.292549747549163,17.401845597303243,19772414676
2000-06-19,17.401844024658203,17.619339304305857,17.07505393558502,17.619339304305857,9886207338
2000-06-20,17.401844024658203,17.836834583953507,17.292548184781445,17.619339304305857,13840690273
2000-06-21,17.07505989074707,17.292554215797633,16.96685835233695,17.292554215797633,9886207338000
2000-06-22,17.07505989074707,17.401850093792834,16.96685835233695,17.07505989074707,13840690273200
2000-06-23,16.749353408813477,17.18434492802375,16.749353408813477,17.075051166772027,7908965870
2000-06-26,16.749353408813477,16.966849683644146,16.640058617110693,16.857554891941362,11863448805600
2000-06-27,16.749353408813477,16.966849683644146,16.53185816443387,16.857554891941362,11863448805600
2000-06-28,16.531864166259766,16.85756101201017,16.422569334877938,16.749359489600163,7908965870400
2000-06-29,16.314361572265625,16.749353083014697,16.314361572265625,16.749353083014697,7908965870400
2000-06-30,16.640064239501953,16.74935906813358,16.31436740194711,16.640064239501953,11863448805600
2000-07-03,16.42256736755371,16.640062664839487,16.314365858105592,16.640062664839487,7908965870400
2000-07-04,16.314361572265625,16.640058293437853,16.096866332116612,16.640058293437853,9886207338000
2000-07-05,17.184345245361328,17.401841524208425,15.987572148757978,16.31436219087509,19772414676000
2000-07-06,16.749353408813477,17.18434492802375,16.640058617110693,17.18434492802375,9886207338
2000-07-07,16.42256736755371,17.075055320313663,16.42256736755371,16.857558992576575,11863448805600
2000-07-10,16.259716033935547,16.53185920654707,15.98757286132402,16.42256440795471,7908965870400
2000-07-11,16.314361572265625,16.53185784286568,16.096866332116612,16.259714692702723,9886207338000
2000-07-12,16.531864166259766,16.531864166259766,16.20507401153754,16.314367812467935,7908965870400
2000-07-13,16.857559204101562,17.07505553456775,16.64006287363538,16.749357693295757,13840690273
2000-07-14,17.184345245361328,17.619336772604445,16.74935371811821,16.74935371811821,39544829352
2000-07-17,16.966854095458984,17.184349396392918,16.749357764073725,17.07505560672202,7908965870400
2000-07-18,16.531864166259766,16.966855843391997,16.314367812467935,16.966855843391997,9886207338000
2000-07-19,16.531864166259766,16.966855843391997,16.314367812467935,16.966855843391997,9886207338000
2000-07-20,16.531864166259766,16.749359489600163,16.314367812467935,16.422569334877938,5931724402800
2000-07-21,17.07505989074707,17.401850093792834,16.531866610881064,16.749361966383212,39544829352000
2000-07-24,17.184345245361328,17.292545700036253,16.96684999696531,17.075051482091315,15817931740800
2000-07-25,17.29254722595215,17.727539822030632,17.075052988815244,17.075052988815244,39544829352
2000-07-26,17.727540969848633,17.83683474983939,17.401844186498597,17.61933946816899,39544829352
2000-07-27,17.184345245361328,17.72753825773045,16.96684999696531,17.72753825773045,15817931740800
2000-07-28,17.184345245361328,17.51004300933443,16.96684999696531,17.075051482091315,13840690273200
2000-07-31,16.640064239501953,16.966855416452518,16.531863750266048,16.966855416452518,9886207338000
2000-08-01,16.531864166259766,16.85756101201017,16.531864166259766,16.749359489600163,5931724402800
2000-08-02,16.314361572265625,16.53185784286568,16.314361572265625,16.53185784286568,5931724402800
2000-08-03,15.770078659057617,16.096868737618703,15.5525833864063,16.096868737618703,17795173208400
2000-08-04,15.552584648132324,15.932928336561613,15.552584648132324,15.607231540294919,17795173208400
2000-08-07,13.757970809936523,14.410457687474336,13.757970809936523,14.13831448449171,19772414676
2000-08-08,13.432273864746094,13.757971700670007,13.105483750436875,13.432273864746096,19772414676000
2000-08-09,13.595120429992676,13.867262562733995,13.37762414897951,13.43227103115875,39544829352000
2000-08-10,13.595120429992676,13.920817166758349,13.485825635183105,13.595120429992678,39544829352000
2000-08-11,13.322978973388672,13.757970560683555,13.268332084209513,13.595122171440883,19772414676000
2000-08-14,12.452997207641602,13.268333585293517,12.452997207641602,13.160132072988858,19772414676000
2000-08-15,12.180852890014648,12.50764298500655,12.12620599953775,12.45299609452965,39544829352000
2000-08-16,12.39835262298584,12.507646434078177,12.12620934342541,12.18085624897158,19772414676000
2000-08-17,12.725138664245605,12.833340161480987,12.5076423610574,12.61584385829278,39544829352000
2000-08-18,12.615845680236816,12.942635806120743,12.615845680236818,12.779787397616449,19772414676000
2000-08-21,13.16013240814209,13.3776277167088,13.050837584184274,13.050837584184274,19772414676000
2000-08-22,12.887988090515137,13.160131303441934,12.67049280020562,13.160131303441934,15817931740800
2000-08-23,12.887988090515137,12.887988090515137,12.887988090515137,12.887988090515137,0
2000-08-24,12.615845680236816,12.997283732214848,12.615845680236818,12.88798891047798,11863448805
2000-08-25,12.452997207641602,12.670493541120628,12.398350312280085,12.615845615307773,9886207338000
2000-08-28,12.180852890014648,12.45299609452965,12.180852890014648,12.45299609452965,11863448805600
2000-08-29,12.615845680236816,12.615845680236818,12.072653559081175,12.180854041491363,19772414676000
2000-08-30,12.23550033569336,12.615843997616924,12.18085241688784,12.615843997616924,11863448805
2000-08-31,12.29014778137207,12.507643066373822,12.18085296925602,12.18085296925602,17795173208400
2000-09-01,12.018004417419434,12.5076429022829,11.96335752730396,12.452996012167427,15817931740800
2000-09-04,12.29014778137207,12.615844569710776,12.18085296925602,12.615844569710776,13840690273200
2000-09-05,12.615845680236816,12.779787397616449,12.452997271732524,12.562292093469393,19772414676000
2000-09-06,12.39835262298584,12.61584796654857,12.344797996061615,12.61584796654857,9886207338000
2000-09-07,11.963356971740723,12.290147049395566,11.963356971740723,12.290147049395566,9886207338000
2000-09-08,11.365516662597656,12.126204982652348,11.365516662597656,11.963356603198612,15817931740
2000-09-11,11.148019790649414,11.256222309067923,10.985171419611964,10.985171419611964,9886207338000
2000-09-12,11.148019790649414,11.148019790649414,11.148019790649414,11.148019790649414,0
2000-09-13,10.767677307128906,11.148020972599134,10.658382498949912,11.093374083735245,13840690273200
2000-09-14,10.658380508422852,10.985170532738584,10.658380508422852,10.76767529619028,19772414676000
2000-09-15,11.093374252319336,11.310870563242863,10.65838266092351,10.65838266092351,39544829352000
2000-09-18,10.767677307128906,11.20266889191424,10.767677307128906,10.875878806568187,15817931740800
2000-09-19,11.256224632263184,11.420165315309381,10.76767838786767,10.76767838786767,39544829352000
2000-09-20,11.963356971740723,12.018003859318464,11.637660202799864,11.745861699692552,59317244028
2000-09-21,11.74586296081543,11.963358256215507,11.691215036919093,11.74586296081543,19772414676000
2000-09-22,11.093374252319336,11.583013763860741,10.985172751235735,11.256223673548515,17795173208400
2000-09-25,11.74586296081543,11.74586296081543,11.148021907157634,11.20266983105397,19772414676000
2000-09-26,12.39835262298584,12.562294370075875,11.202672311798734,11.745865561846118,39544829352000
2000-09-27,12.29014778137207,12.507643066373822,12.12620607842362,12.29014778137207,19772414676000
2000-09-28,11.963356971740723,12.562290239472667,11.963356971740723,12.290147049395566,19772414676000
2000-09-29,11.74586296081543,11.963358256215507,11.420165126454048,11.963358256215507,19772414676
2000-10-02,11.20267105102539,11.800511139336699,10.930527802092563,11.637662719647459,15817931740800
2000-10-03,11.583014488220215,11.855156675405642,10.985173438208413,11.038728052946773,39544829352000
2000-10-04,11.20267105102539,11.20267105102539,11.20267105102539,11.20267105102539,5931724402800
2000-10-05,11.800508499145508,11.800508499145506,10.875878469377732,11.202668544592143,79089658704000
2000-10-06,12.072651863098145,12.507642410284175,11.637660285460916,11.745861783122148,59317244028000
2000-10-09,11.74586296081543,12.018005149660542,11.637661452305426,12.018005149660542,19772414676
2000-10-10,11.74586296081543,11.74586296081543,11.74586296081543,11.74586296081543,0
2000-10-11,11.365516662597656,11.745861337850581,11.365516662597656,11.365516662597656,11863448805
2000-10-12,10.713028907775879,11.25622191541271,10.658380996165885,10.930524154277082,15817931740800
2000-10-13,11.420164108276367,11.420164108276367,10.005895583722646,10.005895583722646,39544829352
2000-10-16,11.420164108276367,11.420164108276367,11.420164108276367,11.420164108276367,0
2000-10-17,11.691213607788086,11.691213607788086,10.930525275612903,10.985172162377916,79089658704000
2000-10-18,11.310868263244629,11.85515352335196,11.310868263244629,11.69121185715425,59317244028000
2000-10-19,10.60373306274414,11.310867674136219,10.550179495485176,11.256220798400184,39544829352000
2000-10-20,11.310868263244629,11.310868263244629,11.093371996547681,11.310868263244629,19772414676000
2000-10-23,12.29014778137207,12.615844569710776,11.691214477968863,12.018004575086666,59317244028000
2000-10-24,12.615845680236816,12.88798891047798,12.290148863228232,12.615845680236818,59317244028000
2000-10-25,12.887988090515137,12.94263498268114,12.290148081301316,12.615844877588339,59317244028000
2000-10-26,12.452997207641602,12.833341948786801,12.452997207641602,12.507644103003116,39544829352000
2000-10-27,12.452997207641602,12.452997207641602,12.452997207641602,12.452997207641602,0
2000-10-30,12.126206398010254,12.126206398010254,12.126206398010254,12.126206398010254,3954482935
2000-10-31,11.963356971740723,12.290147049395566,11.745861699692552,11.745861699692552,79089658704000
2000-11-01,11.963356971740723,12.126205356211152,11.745861699692552,12.126205356211152,39544829352
2000-11-02,12.344793319702148,12.61584318751208,11.963356373542386,12.180851634715237,79089658704000
2000-11-03,12.344793319702148,12.670491102808478,12.29014643485689,12.507641696029742,59317244028000
2000-11-06,11.963356971740723,12.180852243788893,11.745861699692552,12.180852243788893,39544829352
2000-11-07,12.615845680236816,12.725140501973687,12.072653559081175,12.235501967585469,79089658704000
2000-11-08,12.615845680236816,13.050837318982273,12.290148863228232,12.670493606330924,138406902732000
2000-11-09,12.39835262298584,12.67049590254627,12.18085624897158,12.61584796654857,59317244028000
2000-11-10,11.963356971740723,12.398348546288254,11.963356971740723,12.235500161817825,39544829352
2000-11-13,11.310868263244629,11.637658287106033,11.14801887512991,11.202666784163162,39544829352000
2000-11-14,11.420164108276367,11.473718718566612,11.093374024670258,11.420164108276367,39544829352000
2000-11-15,11.310868263244629,11.85515352335196,11.310868263244629,11.85515352335196,39544829352000
2000-11-16,11.093374252319336,11.148021142013684,10.65838266092351,10.65838266092351,19772414676000
2000-11-17,10.985172271728516,11.093373768089076,10.658382195680808,10.875878497110536,19772414676000
2000-11-20,9.951248168945312,10.440886614096314,9.951248168945312,10.332685120954642,17795173208400
2000-11-21,10.60373306274414,10.60373306274414,9.788398008357065,9.788398008357065,39544829352000
2000-11-22,10.821232795715332,11.256224415794929,10.767678180794638,10.821232795715332,39544829352000
2000-11-23,11.093374252319336,11.093374252319336,10.65838266092351,10.71303058106909,19772414676000
2000-11-24,11.47372055053711,11.528367447835326,11.20267062096019,11.365519034397758,19772414676000
2000-11-27,11.20267105102539,11.473720991007786,11.20267105102539,11.473720991007786,11863448805600
2000-11-28,11.148019790649414,11.31086919213797,11.093372907579367,11.202667704170567,11863448805600
2000-11-29,10.930527687072754,11.20267093314187,10.930527687072754,11.038729206227327,9886207338000
2000-11-30,10.87588119506836,11.14802342086566,10.767679671866468,10.985174996798632,15817931740800
2000-12-01,11.148019790649414,11.202667704170567,10.550180911396971,10.550180911396971,17795173208400
2000-12-04,10.821232795715332,10.985173475608788,10.821232795715332,10.93052658231097,3954482935200
2000-12-05,10.985172271728516,10.985172271728516,10.658382195680808,10.658382195680808,13840690273
2000-12-06,10.658380508422852,11.256221400311604,10.658380508422852,11.20266679973791,13840690273200
2000-12-07,10.495537757873535,10.767681048926205,10.440890850019702,10.658386202766964,9886207338000
2000-12-08,10.60373306274414,10.658379938480175,10.44088471356214,10.60373306274414,11863448805600
2000-12-11,10.658380508422852,10.821229896763974,10.658380508422852,10.658380508422852,5931724402800
2000-12-12,10.87588119506836,10.930528095933497,10.71303277100133,10.767679671866468,9886207338000
2000-12-13,10.821232795715332,10.87587968901315,10.767678180794638,10.87587968901315,7908965870400
2000-12-14,10.930527687072754,10.930527687072754,10.713032370276087,10.875880788251706,7908965870
2000-12-15,11.038727760314941,11.310870970737264,10.821232472006987,10.875879363670087,19772414676000
2000-12-18,10.821232795715332,11.038728090529482,10.658383363747703,11.038728090529482,9886207338000
2000-12-19,10.60373306274414,10.875876193849178,10.60373306274414,10.875876193849178,9886207338000
2000-12-20,10.985172271728516,10.985172271728516,10.278038541032718,10.332685428341708,39544829352000
2000-12-21,10.713028907775879,10.767675788934804,10.603734115006962,10.658380996165885,13840690273200
2000-12-22,10.440886497497559,10.821231167034457,10.386239612424529,10.713029675101126,13840690273200
2000-12-25,10.440886497497559,10.44088649749756,10.44088649749756,10.44088649749756,0
2000-12-26,10.115194320678711,10.550186072125351,10.115194320678711,10.440891222071487,5931724402800
2000-12-27,9.788399696350098,9.951248073615027,9.788399696350098,9.788399696350098,13840690273
2000-12-28,9.788399696350098,9.843046581509896,9.46160963315463,9.46160963315463,19772414676000
2000-12-29,9.4616117477417,9.78840188397189,9.4616117477417,9.78840188397189,9886207338000
2001-01-01,9.4616117477417,9.4616117477417,9.4616117477417,9.4616117477417,0
2001-01-02,9.026619911193848,9.298763144502812,8.538074164948041,8.80912460459502,19772414676000
2001-01-03,8.646273612976074,9.026618292146273,8.591626726518957,8.591626726518957,19772414676000
2001-01-04,9.24411392211914,9.24411392211914,8.973064035688735,9.026618646004888,39544829352000
2001-01-05,9.843049049377441,9.843049049377441,9.190562068059366,9.244115657980611,59317244028000
2001-01-08,9.570904731750488,9.89769484029878,9.461610946262804,9.679106238872121,19772414676000
2001-01-09,9.951248168945312,10.005895054628613,9.57090349516091,9.57090349516091,39544829352
2001-01-10,9.951248168945312,10.168743433453587,9.84304667580364,9.951248168945312,39544829352000
2001-01-11,9.6255521774292,10.223392163306203,9.6255521774292,9.951248961002575,59317244028000
2001-01-12,9.4616117477417,9.78840188397189,9.353410231454479,9.679107058774717,17795173208400
2001-01-15,9.516257286071777,9.570904175640404,9.244114086080002,9.46161039650315,11863448805600
2001-01-16,9.951248168945312,10.060542970763068,9.51625660947761,9.51625660947761,39544829352000
2001-01-17,10.168745994567871,10.332687723359514,9.897696054334215,9.95125067528093,39544829352000
2001-01-18,10.168745994567871,10.386242344306229,10.005897574727673,10.278040823912772,39544829352000
2001-01-19,10.168745994567871,10.168745994567871,10.168745994567871,10.168745994567871,0
2001-01-22,10.168745994567871,10.168745994567871,10.168745994567871,10.168745994567871,0
2001-01-23,10.168745994567871,10.168745994567871,10.168745994567871,10.168745994567871,0
2001-01-24,10.168745994567871,10.168745994567871,10.168745994567871,10.168745994567871,0
2001-01-25,10.168745994567871,10.168745994567871,10.168745994567871,10.168745994567871,0
2001-01-26,10.168745994567871,10.168745994567871,10.168745994567871,10.168745994567871,0
2001-01-29,9.843049049377441,10.495536030695517,9.7337542212041,10.22339381487899,39544829352000
2001-01-30,10.278039932250977,10.278039932250977,9.897695195668874,9.951249811969507,19772414676000
2001-01-31,10.495537757873535,10.713034141072372,10.278042405126273,10.332689312980106,79089658704000
2001-02-01,10.440886497497559,10.550181298094763,10.332685005564228,10.44088649749756,19772414676000
2001-02-02,10.550180435180664,10.875877162554195,10.49553252412622,10.49553252412622,79089658704
2001-02-05,10.115194320678711,10.440891222071487,10.005899470624849,10.440891222071487,19772414676000
2001-02-06,9.951248168945312,10.223391349588042,9.897693561486939,9.897693561486939,19772414676000
2001-02-07,9.843049049377441,10.060545396784404,9.788402150516472,9.788402150516472,11863448805600
2001-02-08,9.897692680358887,10.005894163868076,9.788398918722008,9.843045799540446,15817931740800
2001-02-09,9.843049049377441,10.00589746747203,9.843049049377441,10.00589746747203,13840690273200
2001-02-12,10.168745994567871,10.168745994567871,9.843049154887472,9.843049154887472,19772414676000
2001-02-13,10.658380508422852,10.658380508422852,10.278036913984447,10.278036913984447,59317244028000
2001-02-14,10.278039932250977,10.658383638381753,10.278039932250977,10.550183157826543,59317244028000
2001-02-15,10.985172271728516,10.985172271728516,10.332685428341708,10.332685428341708,98862073380
2001-02-16,11.52836799621582,11.74586434774883,11.03872942370357,11.202671153847964,197724146760000
2001-02-19,11.038727760314941,11.365517862400367,10.98517314699629,10.98517314699629,59317244028
2001-02-20,11.093374252319336,11.47371895402081,11.038727362624986,11.256223673548515,98862073380000
2001-02-21,11.148019790649414,11.202667704170567,10.87587765347187,10.87587765347187,39544829352000
2001-02-22,10.658380508422852,11.09337201197048,10.658380508422852,11.09337201197048,39544829352000
2001-02-23,10.60373306274414,10.821229318113145,10.495531589298174,10.658379938480175,17795173208400
2001-02-26,11.310868263244629,11.310868263244629,10.875876760301756,10.875876760301756,79089658704
2001-02-27,11.310868263244629,11.637658287106033,11.202666784163162,11.583011408523806,98862073380000
2001-02-28,11.310868263244629,11.310868263244629,11.310868263244629,11.310868263244629,0
2001-03-01,11.256224632263184,11.528366825608714,11.148022091512532,11.202670016312583,79089658704000
2001-03-02,11.47372055053711,11.691215861272894,11.256225239801323,11.365519034397758,98862073380000
2001-03-05,11.691213607788086,11.800508411769291,11.528365225739591,11.583013142955782,79089658704000
2001-03-06,11.420164108276367,11.855155690745653,11.420164108276367,11.800508802172722,79089658704000
2001-03-07,11.963356971740723,12.180852243788893,11.583013315222123,11.637660202799864,158179317408000
2001-03-08,12.072651863098145,12.180852330308179,11.80050867108804,11.963357056715163,79089658704000
2001-03-09,11.691213607788086,11.963356793817786,11.583013142955782,11.963356793817786,39544829352000
2001-03-12,11.420164108276367,11.745861913599793,11.420164108276367,11.420164108276367,39544829352
2001-03-13,11.47372055053711,11.745863789022486,11.20267062096019,11.20267062096019,59317244028000
2001-03-14,11.47372055053711,11.473720550537108,11.473720550537108,11.473720550537108,0
2001-03-15,11.963356971740723,12.072651777347396,11.637660202799864,11.800508587270294,59317244028000
2001-03-16,12.344793319702148,12.507641696029742,11.963356373542386,11.963356373542386,118634488056000
2001-03-19,11.855156898498535,12.670493257927173,11.855156898498537,12.398350035169203,79089658704000
2001-03-20,12.23550033569336,12.398348722477985,12.072651948908733,12.290147224047674,59317244028000
2001-03-21,12.615845680236816,12.725140501973687,12.180854041491363,12.180854041491363,98862073380000
2001-03-22,12.615845680236816,12.779787397616449,12.39835037608976,12.615845680236818,59317244028
2001-03-23,12.39835262298584,12.833344340562832,12.39835262298584,12.67049590254627,59317244028000
2001-03-26,12.452997207641602,12.670493541120628,12.452997207641602,12.507644103003116,59317244028000
2001-03-27,12.23550033569336,12.670491916422444,12.18085241688784,12.507642499186613,59317244028000
2001-03-28,12.23550033569336,12.56229041799213,12.23550033569336,12.398348722477985,39544829352000
2001-03-29,12.615845680236816,12.670493606330924,12.180854041491363,12.180854041491363,59317244028000
2001-03-30,12.833342552185059,12.997284276429157,12.562292619469998,12.615846208479786,98862073380000
2001-04-02,12.833342552185059,13.105484763369848,12.615846208479786,12.942636348046866,79089658704000
2001-04-03,12.29014778137207,12.83334088516378,12.23550089053967,12.779786272659226,59317244028000
2001-04-04,12.56229019165039,12.56229019165039,12.290147002609286,12.290147002609286,59317244028000
2001-04-05,12.56229019165039,12.56229019165039,12.56229019165039,12.56229019165039,0
2001-04-06,13.432273864746094,13.432273864746096,12.88798845399337,12.88798845399337,138406902732000
2001-04-09,12.997281074523926,13.432271593870944,12.887986275135715,13.432271593870944,59317244028000
2001-04-10,12.56229019165039,13.268331644873273,12.507642273829493,13.105482230571589,59317244028000
2001-04-11,12.725138664245605,12.833340161480987,12.344793976071205,12.833340161480987,79089658704000
2001-04-12,12.56229019165039,12.725138575500887,12.452995386459783,12.670491688131177,39544829352000
2001-04-13,12.126206398010254,12.725139717198372,12.072652814545547,12.615844902201852,59317244028000
2001-04-16,11.855156898498535,12.072653227116383,11.74586311021829,12.072653227116383,39544829352000
2001-04-17,11.800508499145508,12.072651687190275,11.691213694355035,11.745861611975862,19772414676000
2001-04-18,12.180852890014648,12.290147701419693,11.908710715950892,11.963357606427792,59317244028000
2001-04-19,12.29014778137207,12.615844569710776,12.29014778137207,12.615844569710776,59317244028000
2001-04-20,12.29014778137207,12.507643066373822,12.29014778137207,12.507643066373822,39544829352000
2001-04-23,12.29014778137207,12.398349284709024,12.18085296925602,12.29014778137207,19772414676000
2001-04-24,12.344793319702148,12.61584318751208,12.29014643485689,12.29014643485689,39544829352000
2001-04-25,12.29014778137207,12.507643066373822,12.018004575086666,12.507643066373822,19772414676000
2001-04-26,12.29014778137207,12.507643066373822,12.018004575086666,12.507643066373822,19772414676000
2001-04-27,12.018004417419434,12.290147620134523,11.96335752730396,12.072652337986147,19772414676000
2001-04-30,11.963356971740723,12.235500161817825,11.855155474848035,12.126205356211152,19772414676000
2001-05-01,11.963356971740723,11.963356971740723,11.963356971740723,11.963356971740723,0
2001-05-02,12.23550033569336,12.23550033569336,11.9633571417489,12.072651948908733,39544829352000
2001-05-03,12.23550033569336,12.290147224047674,11.9633571417489,12.23550033569336,19772414676000
2001-05-04,11.800508499145508,12.398348453698869,11.63766011589121,12.290146957614217,19772414676000
2001-05-07,12.018004417419434,12.180852809452338,11.800509135271058,12.072652337986147,19772414676000
2001-05-08,12.180852890014648,12.180852890014648,11.691214401912788,11.963357606427792,19772414676000
2001-05-09,12.344793319702148,12.344793319702148,12.072651173684038,12.29014643485689,19772414676000
2001-05-10,12.072651863098145,12.29014713669116,11.963357056715163,12.29014713669116,13840690273200
2001-05-11,12.23550033569336,12.23550033569336,11.365517174235192,12.018004030103215,39544829352
2001-05-14,11.74586296081543,12.07265307355688,11.74586296081543,11.855156747705502,9886207338000
2001-05-15,11.52836799621582,11.855158147544143,11.42016647492955,11.855158147544143,15817931740800
2001-05-16,10.930527687072754,11.528367769093109,10.930527687072754,11.528367769093109,19772414676
2001-05-17,11.310868263244629,11.310868263244629,10.821229881719526,10.930523638883985,39544829352000
2001-05-18,11.310868263244629,11.420162020409087,11.202666784163162,11.310868263244629,19772414676000
2001-05-21,11.093374252319336,11.310870563242863,10.76767747076344,11.310870563242863,11863448805600
2001-05-22,11.310868263244629,11.528363499490554,11.093371996547681,11.093371996547681,19772414676000
2001-05-23,11.908712387084961,11.963359285230387,11.310872312455926,11.365519210601352,39544829352
2001-05-24,12.180852890014648,12.290147701419693,11.855156103794734,11.908710715950892,19772414676000
2001-05-25,12.126206398010254,12.290148105279396,12.018004891821647,12.180853290282876,19772414676000
2001-05-28,11.855156898498535,12.126206812411231,11.74586311021829,12.126206812411231,9886207338000
2001-05-29,12.180852890014648,12.398349204052751,11.908710715950892,11.908710715950892,39544829352
2001-05-30,12.072651863098145,12.235500248725268,12.018003944681054,12.072651863098145,13840690273200
2001-05-31,12.23550033569336,12.398348722477985,11.908710253394588,11.9633571417489,39544829352
2001-06-01,12.507643699645996,12.615845208461279,12.29014840363228,12.452996806046778,39544829352000
2001-06-04,12.670490264892578,12.725137146123965,12.344792503325062,12.507640868883284,39544829352000
2001-06-05,12.507643699645996,12.779786919710231,12.507643699645994,12.725140026111015,19772414676000
2001-06-06,12.670490264892578,12.942632392913575,12.615842353210118,12.725137146123965,39544829352000
2001-06-07,12.39835262298584,12.61584796654857,12.39835262298584,12.452999528532008,19772414676000
2001-06-08,12.670490264892578,12.670490264892578,12.507640868883284,12.507640868883284,19772414676000
2001-06-11,12.779786109924316,12.833340721746918,12.615844409063463,12.67049232965124,19772414676000
2001-06-12,12.779786109924316,12.887987611883457,12.72513921978778,12.779786109924318,17795173208400
2001-06-13,12.725138664245605,12.887987049231802,12.725138664245607,12.779785551996422,15817931740800
2001-06-14,12.507643699645996,12.725140026111015,12.29014840363228,12.615845208461279,11863448805600
2001-06-15,12.56229019165039,12.56229019165039,12.290147002609286,12.290147002609286,9886207338000
2001-06-18,12.507643699645996,12.615845208461279,12.344795297231496,12.615845208461279,5931724402800
2001-06-19,12.507643699645996,12.615845208461279,12.29014840363228,12.507643699645994,9886207338000
2001-06-20,12.725138664245605,12.833340161480987,12.452995473306585,12.5076423610574,19772414676000
2001-06-21,12.615845680236816,13.160132140719142,12.507644167375288,12.88798891047798,39544829352000
2001-06-22,12.725138664245605,12.779785551996422,12.5076423610574,12.61584385829278,39544829352000
2001-06-25,12.725138664245605,12.725138664245607,12.725138664245607,12.725138664245607,0
2001-06-26,12.39835262298584,12.833344340562832,12.39835262298584,12.725142808092437,13840690273200
2001-06-27,12.615845680236816,12.670493606330924,12.39835037608976,12.39835037608976,7908965870400
2001-06-28,12.507643699645996,12.779786919710231,12.507643699645994,12.615845208461279,13840690273200
2001-06-29,12.725138664245605,12.997281855184628,12.61584385829278,12.779785551996422,19772414676000
2001-07-02,12.887988090515137,12.94263498268114,12.562291294228114,12.725139692371625,15817931740800
2001-07-03,12.779786109924316,12.942634502019995,12.72513921978778,12.887987611883457,9886207338000
2001-07-04,12.56229019165039,12.779785462870597,12.507642273829493,12.779785462870597,11863448805600
2001-07-05,12.670490264892578,12.670490264892578,12.398347106420507,12.398347106420507,13840690273200
2001-07-06,12.56229019165039,12.779785462870597,12.507642273829493,12.507642273829493,9886207338000
2001-07-09,12.39835262298584,12.61584796654857,12.39835262298584,12.507646434078177,19772414676000
2001-07-10,12.29014778137207,12.615844569710776,12.29014778137207,12.562290987657475,19772414676000
2001-07-11,11.855156898498535,12.34479541942304,11.637661600332004,12.290148525282916,19772414676000
2001-07-12,11.855156898498535,12.072653227116383,11.69121518562685,11.963358408384822,19772414676000
2001-07-13,11.855156898498535,12.126206812411231,11.855156898498537,12.072653227116383,19772414676000
2001-07-16,12.180852890014648,12.180852890014648,11.745862322840933,11.855156103794734,17795173208400
2001-07-17,11.963356971740723,12.180852243788893,11.745861699692552,11.963356971740723,11863448805
2001-07-18,11.148019790649414,11.963355984911566,11.148019790649414,11.963355984911566,19772414676
2001-07-19,11.583014488220215,11.855156675405642,10.658383327459925,10.767678144134754,39544829352000
2001-07-20,11.74586296081543,11.963358256215507,11.365518233009013,11.58301455886039,19772414676000
2001-07-23,11.855156898498535,11.908711514244699,11.528366781600441,11.855156898498537,19772414676000
2001-07-24,11.357318878173828,11.77283076209159,11.011059674780988,11.703580181182554,10844794
2001-07-25,12.119091033935547,12.119091033935547,11.080310362718873,11.080310362718873,13556821
2001-07-26,12.880861282348633,12.880861282348633,11.911335285608883,12.1883449628373,12613753416
2001-07-27,12.603853225708008,12.95011239327071,12.603853225708008,12.95011239327071,12158427
2001-07-30,12.603853225708008,12.603853225708008,12.603853225708008,12.603853225708008,0
2001-07-31,12.742355346679688,12.95011231570388,12.396098280806617,12.396098280806617,7159733
2001-08-01,12.67310619354248,12.880861086232736,12.534601881941034,12.811610505143928,4650494076
2001-08-02,12.950113296508789,13.088617603078898,12.673105733176476,12.811610039746585,10054041
2001-08-03,12.880861282348633,13.019366645866821,12.81161070020546,12.950113964107727,4607589
2001-08-06,12.534600257873535,12.742355123645664,12.396098063833257,12.742355123645664,6471345
2001-08-07,12.603853225708008,12.603853225708008,12.396098355055088,12.5346005523492,3222351546
2001-08-08,12.880861282348633,12.880861282348633,12.603854754544098,12.603854754544098,3001201
2001-08-09,12.119091033935547,12.74235565735728,11.98058673447842,12.465350207866585,17596805
2001-08-10,11.495820999145508,11.980585471227222,11.357316714292486,11.980585471227222,16191056
2001-08-13,11.56507682800293,11.634328464456782,11.357319819025312,11.495824141741048,5238097
2001-08-14,11.634326934814453,11.911334494017868,11.634326934814455,11.634326934814455,9321459721
2001-08-15,11.842084884643555,11.98058815066485,11.634327885995656,11.703580568814282,6871798
2001-08-16,11.357318878173828,11.911335073333492,11.357318878173828,11.77283076209159,9483829208
2001-08-17,11.288070678710938,11.703582650289329,11.288070678710938,11.634329955154154,16307529
2001-08-20,10.94180965423584,11.14956455702655,10.526297749038429,11.080311872954983,19138507
2001-08-21,10.734050750732422,10.872555044537203,10.526295884736962,10.872555044537203,10836265
2001-08-22,10.734050750732422,10.872555044537203,10.457043212930667,10.526295884736962,11874252
2001-08-23,10.526299476623535,10.94181145001512,10.45704678118616,10.803305009332199,8997669
2001-08-24,9.972278594970703,10.457041991975155,9.972278594970703,10.457041991975155,9181915
2001-08-27,9.972278594970703,10.24928715023698,9.833774317337564,10.24928715023698,7005130
2001-08-28,10.249287605285645,10.318538172465274,9.97227903772072,10.110783321503181,8773705
2001-08-29,10.803301811218262,10.803301811218262,10.110784510124711,10.110784510124711,12481559
2001-08-30,10.38779354095459,10.803303350946042,10.387793540954592,10.803303350946042,6373356
2001-08-31,10.664799690246582,10.803301891728026,10.387792137860096,10.595547014794061,17284613
2001-09-03,10.664799690246582,10.803301891728026,10.664799690246582,10.803301891728026,11747987
2001-09-04,11.357318878173828,11.357318878173828,10.734052102105128,10.803302683014165,22954740
2001-09-05,11.288070678710938,11.565078309827143,11.288070678710938,11.49582561469197,18851665
2001-09-06,10.803301811218262,11.288067386349676,10.803301811218262,11.21881471141325,8445225
2001-09-07,11.080312728881836,11.21881705791609,10.526298562169051,10.526298562169051,7359661
2001-09-10,11.011058807373047,11.080310432634656,10.734051256518752,11.080310432634656,5465641
2001-09-11,10.664799690246582,11.218814795019554,10.387792137860096,11.149563169374899,11349718
2001-09-12,10.664799690246582,10.664799690246582,10.664799690246582,10.664799690246582,0
2001-09-13,9.972278594970703,9.972278594970703,9.972278594970703,9.972278594970703,2192536
2001-09-14,9.279762268066406,9.972281777635061,9.279762268066406,9.76452476997564,10395587
2001-09-17,9.279762268066406,9.279762268066406,9.279762268066406,9.279762268066406,0
2001-09-18,9.279762268066406,9.279762268066406,9.279762268066406,9.279762268066406,0
2001-09-19,9.279762268066406,9.279762268066406,9.279762268066406,9.279762268066406,0
2001-09-20,8.72574520111084,8.864249509782411,8.72574520111084,8.72574520111084,9746617
2001-09-21,8.448735237121582,8.448735237121582,8.448735237121582,8.448735237121582,1750035
2001-09-24,8.448735237121582,8.448735237121582,8.448735237121582,8.448735237121582,0
2001-09-25,8.379487037658691,8.725746277332892,8.31023434987741,8.517990838509176,17686203
2001-09-26,8.933500289916992,8.933500289916992,8.379484222812714,8.44873531261901,22293780
2001-09-27,8.933500289916992,9.141255134047434,8.72574334617115,8.864247625399145,12020742
2001-09-28,8.933500289916992,8.933500289916992,8.933500289916992,8.933500289916992,0
2001-10-01,8.933500289916992,8.933500289916992,8.933500289916992,8.933500289916992,0
2001-10-02,8.517989158630371,8.933501529044433,8.379485385094966,8.933501529044433,6847207
2001-10-03,8.517989158630371,8.725744556481517,8.379485385094966,8.379485385094966,10337315
2001-10-04,9.072004318237305,9.072004318237305,8.864248406003735,9.072004318237305,14127266
2001-10-05,9.556768417358398,9.62602004290498,9.002752263562163,9.210509239817632,18347018
2001-10-08,9.418264389038086,9.556768693947662,9.279761133936402,9.349013811295139,7008884
2001-10-09,9.695273399353027,9.903028290587564,9.418264778091103,9.418264778091103,12307660
2001-10-10,9.695273399353027,9.695273399353027,9.695273399353027,9.695273399353027,0
2001-10-11,9.972278594970703,10.24928715023698,9.90302593125029,9.90302593125029,22870116
2001-10-12,9.833775520324707,10.249288404054715,9.62601960336361,10.249288404054715,16145027
2001-10-15,9.626020431518555,9.833776366353508,9.556768803176206,9.556768803176206,6157966
2001-10-16,10.110785484313965,10.180036066307073,9.626020912282618,9.626020912282618,10060225
2001-10-17,10.110785484313965,10.318540379717167,9.972281170903871,10.249289797724058,12272318
2001-10-18,9.626020431518555,9.903027994695856,9.556768803176206,9.833776366353508,14648467757
2001-10-19,9.695273399353027,9.764523979956602,9.349014197487529,9.556769088722065,10046604
2001-10-22,9.833775520324707,10.041532487093619,9.695272275555853,9.695272275555853,13576845
2001-10-23,9.90302848815918,10.110785483154475,9.90302848815918,9.972281169760265,12918142622
2001-10-24,10.38779354095459,10.387793540954592,9.972281631347126,9.972281631347126,22119346
2001-10-25,10.457045555114746,10.664801517451492,10.387793917605178,10.664801517451492,12796448
2001-10-26,10.38779354095459,10.734052765755473,10.387793540954592,10.526297860759747,15140242
2001-10-29,10.249287605285645,10.457042456247736,10.249287605285643,10.387790839260372,6451618
2001-10-30,10.110785484313965,10.110785484313965,9.903028489294845,10.110785484313965,5537259984
2001-10-31,10.249287605285645,10.457042456247736,10.110783321503181,10.249287605285643,13645316
2001-11-01,10.318538665771484,10.526295626281438,10.318538665771483,10.387791335877397,17020058
2001-11-02,10.664799690246582,10.872555616988413,10.52629643895727,10.52629643895727,27901262
2001-11-05,10.734050750732422,10.872555044537203,10.526295884736962,10.734050750732422,15390112
2001-11-06,10.803301811218262,11.21881471141325,10.803301811218262,10.941808210898973,27480981
2001-11-07,10.803301811218262,10.941808210898973,10.595546935832553,10.803301811218262,20919504
2001-11-08,11.011058807373047,11.149563107704124,10.664799631257143,10.803301831972501,27908693
2001-11-09,11.011058807373047,11.011058807373047,11.011058807373047,11.011058807373047,0
2001-11-12,10.87255859375,11.149566221977482,10.803304849528862,11.149566221977482,11865981
2001-11-13,10.664799690246582,10.941808292440934,10.664799690246582,10.803301891728026,9638197
2001-11-14,11.149565696716309,11.149565696716309,10.80330434058022,10.872558081538784,19094802
2001-11-15,11.495820999145508,11.49582099914551,11.080309194394179,11.149561861724562,23733447
2001-11-16,11.218814849853516,11.56507507938493,11.218814849853514,11.495822403593925,13008570
2001-11-19,11.495820999145508,11.49582099914551,11.011057576871538,11.218813479247203,12801232
2001-11-20,11.218814849853516,11.634326705368066,11.149563223870379,11.56507507938493,16349061
2001-11-21,11.357318878173828,11.357318878173828,11.080311305497968,11.080311305497968,10707392
2001-11-22,10.94180965423584,11.357319459817258,10.94180965423584,11.357319459817258,7934293
2001-11-23,11.288070678710938,11.357321274229784,10.941811402267719,10.941811402267719,10657140
2001-11-26,11.772829055786133,11.842082776081647,11.42656990257867,11.42656990257867,32887345
2001-11-27,11.495820999145508,11.980585471227222,11.426569381622867,11.842082236181941,18359882
2001-11-28,11.011058807373047,11.495822283820027,10.941808231919298,11.35731798348895,9373613
2001-11-29,11.357318878173828,11.357318878173828,10.664800471388148,10.872556413347029,11903186
2001-11-30,11.080312728881836,11.426573026563432,11.080312728881836,11.357320337142266,15359597
2001-12-03,11.288070678710938,11.634329955154154,11.149566338248752,11.218817983575763,26411722
2001-12-04,11.495820999145508,11.565073666475891,11.080309194394179,11.357316714292486,33426464
2001-12-05,11.911335945129395,12.1883456376956,11.565076716393689,11.634328352179226,56635813548
2001-12-06,12.742355346679688,12.742355346679688,12.18834341139808,12.396098280806617,41614085
2001-12-07,13.296374320983887,13.573381878756745,13.019365713403145,13.573381878756745,37867684
2001-12-10,13.365625381469727,14.196650184454018,12.88086082557823,13.157870492983559,48929453
2001-12-11,14.265901565551758,14.265901565551758,13.088618548954727,13.29637554872783,42925614885
2001-12-12,15.235428810119629,15.235428810119629,14.542908316661174,14.681412625314449,37660761
2001-12-13,15.235428810119629,16.27420955030731,15.027672872043677,16.066452562423436,46500263
2001-12-14,15.235428810119629,15.650940686271532,14.819916933967725,14.819916933967725,30255802
2001-12-17,14.681412696838379,15.0969266746304,14.404405127990243,14.81991700616641,13704048
2001-12-18,14.88917064666748,15.650941772615829,14.681413644363028,15.650941772615829,39719663
2001-12-19,14.127397537231445,15.166178358060586,14.127397537231445,15.096927773069849,19849974
2001-12-20,14.750666618347168,14.81992036341154,13.988896418802385,14.127399709698468,18113224
2001-12-21,14.265901565551758,14.750664049059731,14.196650981974027,14.542909148902591,13666169
2001-12-24,14.958420753479004,15.09692716693957,14.404405597716359,14.54290886175304,18095702
2001-12-25,15.72019100189209,15.789443679959705,15.027672619679162,15.096926347554684,24784824
2001-12-26,15.72019100189209,16.343459855461113,15.650940423440282,15.927947986287034,28268849
2001-12-27,14.819913864135742,15.997195519688029,14.681409584172572,15.72018800956939,17258708
2001-12-28,15.304683685302734,15.37393427485373,14.750665321389835,14.958422339083182,14079330
2001-12-31,15.789443969726562,16.066452587464862,15.512436401796185,15.650940710665337,18660255
2002-01-01,15.789443969726562,15.789443969726562,15.789443969726562,15.789443969726562,0
2002-01-02,16.412710189819336,16.62046610802787,15.650939189593265,15.789442435193738,34028570
2002-01-03,16.412710189819336,16.412710189819336,16.412710189819336,16.412710189819336,0
2002-01-04,17.10523223876953,17.10523223876953,16.41271476779635,16.55122015164559,38761653
2002-01-07,18.282512664794922,18.282512664794922,17.105231640562064,17.312988659262093,41608580
2002-01-08,18.698028564453125,19.252033214303196,18.421017841064515,18.55952320275882,40444664
2002-01-09,19.667551040649414,19.94456175899075,18.90577891386623,19.390538222692218,53269297
2002-01-10,19.59830665588379,19.667551990156642,18.698029126466466,19.59830665588379,28561746
2002-01-11,18.97503662109375,20.22157000384368,18.698025936636167,19.875316096541898,38413122
2002-01-14,19.182790756225586,19.667552193072087,18.69802931937908,18.975040053951897,26166671
2002-01-15,19.252033233642578,19.45980072466427,18.83653394506943,19.252033233642578,17526326
2002-01-16,18.698028564453125,19.5290460373077,18.698028564453125,19.3905385759975,20447900
2002-01-17,18.559524536132812,18.698029907777773,18.14400632158188,18.28251169322684,15075634
2002-01-18,18.559524536132812,19.529047440335237,18.42101916448785,18.698029907777773,30889481
2002-01-21,19.59830665588379,19.59830665588379,18.559523760609054,18.628766995265952,30480477
2002-01-22,19.044282913208008,19.73681175922821,18.836532237941633,19.667549636317084,25519260
2002-01-23,18.97503662109375,19.667548634928515,18.905776601324757,18.97503662109375,35037552
2002-01-24,19.45979881286621,19.80605483477678,19.11354279095564,19.321293464640018,40281062
2002-01-25,19.59830665588379,20.221573453586288,19.52904662429923,19.944562721871463,30812116
2002-01-28,19.59830665588379,20.01380805614432,19.52904662429923,19.806057356014055,20277751
2002-01-29,19.45979881286621,19.875316957160482,19.39053669048251,19.73681160893429,16919835
2002-01-30,19.113544464111328,19.321295155981723,18.836533743410058,18.836533743410058,17589008
2002-01-31,19.113544464111328,19.113544464111328,19.113544464111328,19.113544464111328,0
2002-02-01,18.698028564453125,19.45980070511618,18.698028564453125,19.45980070511618,20419671
2002-02-04,18.698028564453125,18.836533926147432,18.421017841064515,18.698028564453125,13528218
2002-02-05,18.490278244018555,18.628766811582782,18.282510749009255,18.628766811582782,12892791
2002-02-06,18.83653450012207,19.044285200338344,18.628767002978133,18.83653450012207,16455517
2002-02-07,18.83653450012207,18.83653450012207,18.83653450012207,18.83653450012207,0
2002-02-08,18.83653450012207,18.83653450012207,18.83653450012207,18.83653450012207,0
2002-02-11,18.83653450012207,18.83653450012207,18.83653450012207,18.83653450012207,0
2002-02-12,18.83653450012207,18.83653450012207,18.83653450012207,18.83653450012207,0
2002-02-13,18.83653450012207,18.83653450012207,18.83653450012207,18.83653450012207,0
2002-02-14,18.83653450012207,18.83653450012207,18.83653450012207,18.83653450012207,0
2002-02-15,18.83653450012207,18.83653450012207,18.83653450012207,18.83653450012207,0
2002-02-18,18.559524536132812,19.11354602271266,18.42101916448785,19.11354602271266,16432108
2002-02-19,17.589998245239258,18.55952096277458,17.589998245239258,18.42101561779675,17293589
2002-02-20,16.828224182128906,17.451494116218324,16.620468237304404,17.24373607177791,20808837
2002-02-21,16.68971824645996,17.17448172065412,16.620466621520183,16.96672579602693,11669063
2002-02-22,17.10523223876953,17.10523223876953,16.343463125679843,16.343463125679843,14538153
2002-02-25,16.2049560546875,17.312986340642254,16.2049560546875,17.243735760030003,9971515
2002-02-26,16.066452026367188,16.82822307402395,16.066452026367188,16.689718769991863,15219599
2002-02-27,16.758974075317383,16.758974075317383,16.13570513432611,16.13570513432611,18269456
2002-02-28,16.758974075317383,16.758974075317383,16.758974075317383,16.758974075317383,0
2002-03-01,16.412710189819336,16.758970403436166,16.3434585670191,16.62046610802787,15837738
2002-03-04,17.243736267089844,17.312986849738436,16.758972740277965,16.89747495538312,19731104
2002-03-05,17.174480438232422,17.728502844652382,16.89747185954188,17.589997505499337,19721264
2002-03-06,17.243736267089844,17.312986849738436,16.89747495538312,17.17448358482531,16182729
2002-03-07,17.10523223876953,17.728508565707354,17.03598164646114,17.31298926473528,17297579
2002-03-08,16.55121421813965,17.31298305814001,16.48196155104167,17.174479823559533,15829613
2002-03-11,17.659242630004883,17.659242630004883,16.68971879894564,16.68971879894564,26288039
2002-03-12,17.382238388061523,17.866993484507464,17.243735132263428,17.866993484507464,15669546
2002-03-13,17.174480438232422,17.659240726805873,17.03597614888715,17.38223634734644,8821239
2002-03-14,17.312986373901367,17.312986373901367,16.96672717132731,16.96672717132731,6212367
2002-03-15,17.03597640991211,17.589997775013,16.96672478908229,17.451491383929984,11831619
2002-03-18,17.174480438232422,17.312983677769914,16.758969669812164,17.312983677769914,8375125
2002-03-19,17.174480438232422,17.38223634734644,16.89747185954188,17.174480438232422,7889500
2002-03-20,17.659242630004883,17.866993312470044,17.243734966227226,17.451492997347614,18460288
2002-03-21,17.243736267089844,17.59000072822047,17.243736267089844,17.451494313883437,9314172
2002-03-22,18.00550079345703,18.421019004396832,17.382240273975544,17.59000147906147,33067084
2002-03-25,17.866992950439453,18.49027647944231,17.866992950439453,18.213265776894733,18996810
2002-03-26,18.559524536132812,18.698029907777773,18.005500949936916,18.005500949936916,41049033
2002-03-27,18.282512664794922,18.6980309014273,18.074764044559515,18.6980309014273,21731182
2002-03-28,18.83653450012207,18.83653450012207,18.144005570932357,18.282510936847107,17115492
2002-03-29,18.282512664794922,18.6980309014273,18.282512664794922,18.6980309014273,7520928
2002-04-01,18.35177230834961,18.559522999965417,18.144004819806828,18.282510179987735,6701905
2002-04-02,18.282512664794922,18.6980309014273,18.282512664794922,18.35177480257033,8752533
2002-04-03,17.866992950439453,18.282509004260817,17.72850439609155,18.213265776894733,13126347
2002-04-04,17.03597640991211,17.866991660638767,17.03597640991211,17.589997775013,17369397
2002-04-05,17.03597640991211,17.03597640991211,17.03597640991211,17.03597640991211,0
2002-04-08,16.897470474243164,17.312982258406457,16.828219909959536,17.035974752233493,9677350
2002-04-09,16.55121421813965,17.105226106653816,16.343457266653456,16.897471254783103,12145441
2002-04-10,16.68971824645996,16.897473121279297,16.481963371640628,16.55121604638826,10496013
2002-04-11,16.620468139648438,16.966727345782804,16.551217558191105,16.828224083252238,9900250
2002-04-12,16.96672821044922,17.035979845243737,16.551218401682114,16.620468986668627,17468593
2002-04-15,16.68971824645996,17.243734395401752,16.68971824645996,17.17448172065412,11233058
2002-04-16,16.620468139648438,16.89747466470957,16.551217558191105,16.758972451986953,6186179
2002-04-17,16.758974075317383,17.0359806272103,16.620469749562872,16.966728989237073,14041253
2002-04-18,16.68971824645996,17.03597742096671,16.68971824645996,16.897473121279297,10263998
2002-04-19,17.03597640991211,17.03597640991211,16.758969926592833,16.96672478908229,7936084
2002-04-22,16.897470474243164,17.174479030223818,16.62046401787789,17.174479030223818,13849375
2002-04-23,16.34345817565918,16.75897000212641,16.274207604325035,16.620465710034736,13956450
2002-04-24,16.758974075317383,16.758974075317383,16.343462147861903,16.481966473616414,9748872
2002-04-25,16.55121421813965,16.897471254783103,16.48196155104167,16.897471254783103,4745572
2002-04-26,16.758974075317383,16.758974075317383,16.481966473616414,16.620469749562872,5306485
2002-04-29,16.758974075317383,16.758974075317383,16.274211559696727,16.551219161397697,6322930
2002-04-30,16.2049560546875,16.758972247472816,15.997199063811061,16.758972247472816,7914655
2002-05-01,16.2049560546875,16.2049560546875,16.2049560546875,16.2049560546875,0
2002-05-02,15.443184852600098,16.20495703241553,15.096927729415631,16.06645376321854,22424583
2002-05-03,15.096922874450684,15.443179886283605,15.02766916250724,15.096922874450684,7285101
2002-05-06,14.058146476745605,14.81991758319004,14.058146476745607,14.81991758319004,15820245
2002-05-07,14.612161636352539,14.750663851460612,13.711887264974353,13.711887264974353,10834441
2002-05-08,14.681412696838379,14.958420265686513,14.612161067078326,14.81991700616641,8773325
2002-05-09,14.542906761169434,15.096924986333336,14.542906761169434,15.096924986333336,14139666
2002-05-10,14.335153579711914,14.542908470172959,13.85039111882821,13.85039111882821,12650444
2002-05-13,14.542906761169434,14.542906761169434,14.127394929460174,14.265899223299197,7605462
2002-05-14,14.47365951538086,14.81991875484598,14.404406827641392,14.612162791243687,4584822
2002-05-15,15.235428810119629,15.443183698387658,14.542908316661174,14.681412625314449,16481024
2002-05-16,14.750666618347168,15.166180690268076,14.750666618347168,15.0969300946282,6525700
2002-05-17,14.47365951538086,15.304683369790034,14.404406827641392,14.750665017298463,23625737
2002-05-20,14.058146476745605,14.404405688835633,13.988893794481227,14.127397059394049,10053888
2002-05-21,14.058146476745605,14.196650791466398,13.988893794481227,13.988893794481227,10561425
2002-05-22,14.127397537231445,14.265901856636932,13.919642632835222,14.127397537231445,13448429
2002-05-23,14.127397537231445,14.404406176042418,14.127397537231445,14.265901856636932,5400899
2002-05-24,14.750666618347168,14.81992036341154,14.265904050402716,14.265904050402716,13152368
2002-05-27,14.88917064666748,15.027673915126456,14.404406057637084,14.75066422878452,5826963
2002-05-28,14.88917064666748,15.235429867622914,14.819917962629999,15.166178233393426,7811990
2002-05-29,14.542906761169434,14.681411055008457,14.265899223299197,14.61215943299285,6263935
2002-05-30,14.265901565551758,14.542909148902591,14.12739724897235,14.265901565551758,9895908
2002-05-31,14.265901565551758,14.473658565324861,14.12739724897235,14.265901565551758,6993406
2002-06-03,14.542906761169434,14.542906761169434,13.988891685428959,14.265899223299197,4167025
2002-06-04,14.404406547546387,14.542909820716005,14.127397901591085,14.127397901591085,4132187
2002-06-05,14.681412696838379,14.81991700616641,14.404405127990243,14.542908387510346,6635389
2002-06-06,14.265901565551758,14.819917782061408,14.265901565551758,14.612161832096287,5200456
2002-06-07,13.85038948059082,14.196648640211295,13.85038948059082,14.127394918633144,7346894
2002-06-10,13.85038948059082,14.127394918633144,13.85038948059082,13.85038948059082,10243833
2002-06-11,12.950113296508789,13.988892971264848,12.950113296508789,13.988892971264848,10382632
2002-06-12,12.119091033935547,12.950112631446897,12.049838359303056,12.950112631446897,24382660
2002-06-13,12.742355346679688,12.880859642759873,12.18834341139808,12.257593984726432,16608032
2002-06-14,12.534600257873535,12.603852929605386,12.4653496857573,12.4653496857573,6885569413
2002-06-17,12.534600257873535,12.811608845185326,12.4653496857573,12.603852929605386,19751832383
2002-06-18,12.67310619354248,12.811610505143928,12.60385456264573,12.811610505143928,7276202
2002-06-19,11.842084884643555,12.603854947376634,11.842084884643555,12.534602264558009,14169766
2002-06-20,11.842084884643555,11.842084884643555,11.080311672486543,11.495823570166383,10019255
2002-06-21,12.396100044250488,12.603854943213815,11.495823566369527,11.703580564948806,22227215
2002-06-24,12.880861282348633,13.157870959577048,12.257595544980472,12.326847176931604,23053153
2002-06-25,12.880861282348633,13.088618277817954,12.534602072785004,13.088618277817954,10229132189
2002-06-26,12.603853225708008,12.74235542300212,12.465349978606062,12.603853225708008,8059422
2002-06-27,12.603853225708008,12.811609146168761,12.396098355055088,12.603853225708008,8947163
2002-06-28,13.019362449645996,13.29637098778489,12.67310230187619,12.742352861699478,9863470
2002-07-01,12.188344955444336,13.019366637969792,12.119092273727247,13.019366637969792,11745507
2002-07-02,12.049839973449707,12.049839973449707,11.565076435124626,11.634328069225926,11755714
2002-07-03,12.465352058410645,12.534602643708025,11.495823917895143,11.980588513056897,10502227
2002-07-04,12.880861282348633,12.880861282348633,12.119092281078206,12.326847176931604,8335036
2002-07-05,13.296374320983887,13.365624898167246,12.67310547883116,12.880860359804888,12853603
2002-07-08,14.196650505065918,14.196650505065916,13.365625683314068,13.434878364181358,24795196
2002-07-09,16.372089385986328,16.65436537593117,16.277997389338047,16.46618138263461,19031186
2002-07-10,15.71343994140625,16.183900936350934,15.619347958125664,16.183900936350934,8389114
2002-07-11,15.148885726928711,15.619348907554217,15.148885726928711,15.431162772470554,6240793
2002-07-12,16.18389892578125,16.18389892578125,15.619346017691917,15.619346017691917,10929834
2002-07-15,16.277996063232422,16.46618004119836,16.089812085266484,16.46618004119836,9243900
2002-07-16,15.90162467956543,16.466179842268257,15.90162467956543,16.372087854422027,5111632
2002-07-17,15.431161880493164,15.901623955382423,15.33706989693202,15.807531971821277,5846142
2002-07-18,14.960701942443848,15.80753309002305,14.866609952226774,15.431162972071066,15946337
2002-07-19,14.490238189697266,14.772515227863675,14.396146203155727,14.678422162780338,9425854
2002-07-22,14.772513389587402,14.772513389587404,14.113868487215933,14.302050279798262,8443226
2002-07-23,15.431161880493164,15.431161880493166,14.58433079281756,14.772514759939853,8996228
2002-07-24,14.866604804992676,15.33706567173319,14.866604804992676,15.242972635551913,6090350
2002-07-25,15.054790496826172,15.43115945034063,15.05479049682617,15.43115945034063,3860348
2002-07-26,14.866604804992676,15.054788720272295,14.396141781169224,14.866604804992676,6586639
2002-07-29,14.960701942443848,15.33707098185399,14.6784227361671,14.866609952226774,4800772
2002-07-30,15.99571704864502,15.995717048645018,15.619346981961208,15.619346981961208,18525268
2002-07-31,15.80753231048584,16.089811502842192,15.807532310485842,15.99571843872341,6442922
2002-08-01,15.431161880493164,15.807531971821277,15.431161880493166,15.807531971821277,2721161
2002-08-02,15.148885726928711,15.148885726928711,14.772515613845037,15.054793737928707,4819015
2002-08-05,14.113873481750488,14.678425530527825,14.11387348175049,14.207965489880046,6914729
2002-08-06,14.019776344299316,14.113870489564704,13.455223336666982,13.455223336666982,3750870
2002-08-07,14.39614486694336,14.584329901101393,14.207960911327026,14.39614486694336,4177390
2002-08-08,14.019776344299316,14.302052308844575,13.925683277575745,14.207962477746458,6124575
2002-08-09,14.39614486694336,14.584329901101393,14.207960911327026,14.302050732051795,8353037
2002-08-12,14.113873481750488,14.396149506139157,14.11387348175049,14.302055340925508,4618823
2002-08-13,14.302051544189453,14.396145684424125,14.11386973497067,14.11386973497067,6207540
2002-08-14,14.960701942443848,14.96070194244385,14.207962785081724,14.302052618215116,11646352
2002-08-15,15.71343994140625,15.90162390796742,15.525255974845079,15.525255974845079,17025460
2002-08-16,15.619346618652344,15.995716676581717,15.525254643440833,15.90162254428687,7126815
2002-08-19,15.337069511413574,15.713439593281105,15.337069511413576,15.619347612085091,3634454
2002-08-20,15.90162467956543,15.995718824495288,15.431162583250648,15.619348716026737,8057837
2002-08-21,15.90162467956543,15.90162467956543,15.619348716026737,15.8075326917192,4982799
2002-08-22,16.18389892578125,16.37208502604707,15.901621932465769,15.995716061140309,12493244
2002-08-23,16.18389892578125,16.18389892578125,16.18389892578125,16.18389892578125,0
2002-08-26,15.619346618652344,15.90162254428687,15.619346618652342,15.90162254428687,4566482
2002-08-27,15.431161880493164,15.807531971821277,15.33706989693202,15.807531971821277,5643358
2002-08-28,14.866604804992676,15.431157629373,14.866604804992676,15.431157629373,8489225
2002-08-29,14.772513389587402,14.772513389587404,14.302050279798262,14.49023638654725,7401955
2002-08-30,14.302051544189453,14.67842163387758,14.302051544189453,14.490237667575277,8026610
2002-09-02,13.361129760742188,14.113871090980895,13.361129760742188,13.925683870972957,12598564
2002-09-03,12.60838508605957,13.267032035971893,12.51429312687559,13.172940076787912,20742663226
2002-09-04,12.326111793518066,12.60838773026842,12.04383369968429,12.23201765751786,12437792405
2002-09-05,11.479278564453125,12.514295722892555,11.479278564453125,12.420203744189749,13326322768
2002-09-06,11.479278564453125,11.479278564453125,11.479278564453125,11.479278564453125,0
2002-09-09,12.23202133178711,12.23202133178711,11.479282038718964,11.667466053079474,14795207
2002-09-10,12.984758377075195,13.078852525050966,12.514297344072979,12.608389334965052,17947444872
2002-09-11,13.172943115234375,13.172943115234375,12.890665015489722,12.984756996376783,11500562
2002-09-12,13.361129760742188,13.361129760742188,12.984758556351903,13.172944697817977,8704382
2002-09-13,13.361129760742188,13.549313745124536,12.89066656416073,13.172944697817977,7208734
2002-09-16,12.796574592590332,13.361129782272705,12.608389529362874,13.361129782272705,6870046
2002-09-17,13.643406867980957,13.643406867980957,12.890665594372354,12.890665594372354,8187664
2002-09-18,13.361129760742188,13.549313745124536,13.267036690009151,13.45522391001709,8224233
2002-09-19,13.361129760742188,13.73749988659061,13.361129760742188,13.549313745124536,8143212
2002-09-20,13.361129760742188,13.361129760742188,12.89066656416073,13.172944697817977,5066070
2002-09-23,12.796574592590332,13.361129782272705,12.796574592590332,13.172944719045248,4113923
2002-09-24,12.70248031616211,13.078850374940371,12.51429528677298,12.60838726219671,5625811104
2002-09-25,12.51429557800293,12.796572589384878,12.420203600389511,12.608387555616346,4005087937
2002-09-26,12.60838508605957,12.984754001336979,12.60838508605957,12.984754001336979,4803860479
2002-09-27,12.70248031616211,12.9847562424333,12.60838726219671,12.70248031616211,3972707943
2002-09-30,12.51429557800293,12.51429557800293,12.04383353285245,12.420203600389511,3819747168
2002-10-01,12.420204162597656,12.796573168629598,12.232018041769068,12.232018041769068,4917865127
2002-10-02,12.60838508605957,12.890662042152998,12.60838508605957,12.796570082969017,6099142
2002-10-03,12.326111793518066,12.702480787726918,12.326111793518066,12.60838773026842,4204503915
2002-10-04,11.949743270874023,12.232019244240883,11.667464061881612,11.949743270874023,5921690
2002-10-07,11.197001457214355,11.76155656038799,11.197001457214354,11.573370447455078,9449295
2002-10-08,11.197001457214355,11.29109343513911,10.82063138843193,11.008817501364843,9059196
2002-10-09,10.820632934570312,11.291095048500873,10.820632934570312,11.197003057131504,6145907
2002-10-10,10.820632934570312,10.820632934570312,10.820632934570312,10.820632934570312,0
2002-10-11,10.161985397338867,11.102910670221421,10.06789340932152,11.008818682204074,8808889
2002-10-14,10.820632934570312,10.820632934570312,10.067893767989787,10.161985759359156,10841867
2002-10-15,11.573370933532715,11.573370933532715,11.102909945608033,11.102909945608033,11187204
2002-10-16,12.23202133178711,12.326115496051434,11.7615602173438,11.949745310246344,19632573
2002-10-17,12.420204162597656,12.514296144470206,11.949742096151423,12.043834078023972,13994353915
2002-10-18,12.60838508605957,12.702478123785037,12.137925290139666,12.60838508605957,19240709343
2002-10-21,12.890664100646973,12.890664100646973,12.326111176848855,12.608387099477085,9726201
2002-10-22,12.796574592590332,13.267036711388045,12.232019402907959,12.984758577275924,18427227
2002-10-23,13.549309730529785,13.643403851925052,12.420201844617436,12.702478816095523,17679209
2002-10-24,13.267037391662598,13.643408615958018,13.07885339732777,13.549314461706762,10071103
2002-10-25,12.70248031616211,13.172942350364101,12.70248031616211,13.172942350364101,6853040
2002-10-28,12.796574592590332,13.078852726702452,12.702482600247537,12.984758577275924,4974315
2002-10-29,12.796574592590332,12.890666584933129,12.702482600247537,12.702482600247537,5063149
2002-10-30,12.890664100646973,12.984756074856382,12.608387099477085,12.796572126437562,7346737
2002-10-31,13.267037391662598,13.361130467371932,12.984759243076514,13.07885339732777,9837910
2002-11-01,13.267037391662598,13.737500613125432,13.267037391662598,13.45522462162319,13484627
2002-11-04,13.737499237060547,13.831591224802908,13.549313104492203,13.737499237060547,8824821
2002-11-05,14.113873481750488,14.11387348175049,13.831594221735683,14.11387348175049,14017078
2002-11-06,14.772513389587402,14.772513389587404,13.92568130192528,14.113868487215933,17550784
2002-11-07,14.772513389587402,14.866607521503562,14.49023638654725,14.866607521503562,14509585
2002-11-08,14.584330558776855,14.772514522879282,14.584330558776855,14.678421462286321,7791646
2002-11-11,13.925679206848145,14.77251116710691,13.83158724617117,14.678418127888433,6197002
2002-11-12,14.207962036132812,14.302051864306417,13.643406888964416,13.643406888964416,5968823
2002-11-13,13.831587791442871,14.20795888461265,13.831587791442871,14.20795888461265,4947492
2002-11-14,13.831587791442871,14.302048691915845,13.831587791442871,14.302048691915845,4882845
2002-11-15,14.302051544189453,14.396145684424125,14.019775594735998,14.302051544189453,7094649
2002-11-18,14.490238189697266,14.490238189697264,14.113870243531116,14.302052059530592,6821639
2002-11-19,14.207962036132812,14.490237991904333,14.019775908534896,14.302051864306417,5876434
2002-11-20,13.643406867980957,14.20796201428107,13.643406867980957,14.019775886972583,4356431
2002-11-21,12.890664100646973,13.925681209658771,12.702480152228151,13.73749726123995,11376825
2002-11-22,13.078851699829102,13.455222875275465,13.078851699829102,13.267035669739611,8090522
2002-11-25,13.267037391662598,13.267037391662598,12.890667245909098,13.267037391662598,5148391
2002-11-26,12.984758377075195,13.361129576269034,12.89066638618312,13.172944515943039,4190736
2002-11-27,12.796574592590332,13.172944719045248,12.796574592590332,12.984758577275924,7371357
2002-11-28,12.984758377075195,13.172944515943039,12.89066638618312,13.172944515943039,5619108
2002-11-29,12.984758377075195,13.267036506835112,12.984758377075194,12.984758377075194,3521744
2002-12-02,12.984758377075195,12.984758377075194,12.984758377075194,12.984758377075194,0
2002-12-03,13.925679206848145,14.01977224606662,13.455219403463278,13.549309207057247,12670127
2002-12-04,13.831587791442871,13.925679755829156,13.6434038626703,13.925679755829156,6002642
2002-12-05,13.737499237060547,13.925683212545268,13.549313104492203,13.549313104492203,2867452
2002-12-06,13.737499237060547,13.925683212545268,13.643407249318187,13.737499237060547,3025267
2002-12-09,14.019776344299316,14.019776344299316,13.73749930121224,14.019776344299316,4041792
2002-12-10,13.361129760742188,13.925683870972957,13.267036690009151,13.925683870972957,4556813
2002-12-11,13.078851699829102,13.361128733236647,12.796573587879774,13.361128733236647,8290805
2002-12-12,12.420204162597656,13.078851271330734,12.326112180725108,12.796573168629598,7297741731
2002-12-13,12.420204162597656,12.608388126342755,12.232018041769068,12.420204162597656,6253331840
2002-12-16,12.13792896270752,12.420204925667576,12.13792896270752,12.13792896270752,4554725303
2002-12-17,12.13792896270752,12.420204925667576,12.043834817970543,12.232018793277248,3523946342
2002-12-18,11.573370933532715,12.326112181254137,11.479278951656127,12.043834078540886,5768889
2002-12-19,11.102910041809082,11.47927905111822,11.008818059117235,11.385187068426374,8995382
2002-12-20,11.761556625366211,11.761556625366211,10.91472342665647,11.10290954062904,11390850
2002-12-23,11.197001457214355,11.76155656038799,11.197001457214354,11.76155656038799,3040143
2002-12-24,11.102910041809082,11.47927905111822,11.102910041809082,11.47927905111822,2515942
2002-12-25,11.197001457214355,11.29109343513911,11.008817501364843,11.102909479289599,2496574
2002-12-26,11.385186195373535,11.479278170850105,11.102909190402155,11.291093141355294,2417755
2002-12-27,11.008820533752441,11.385189627664305,11.008820533752441,11.385189627664305,2751479
2002-12-30,11.008820533752441,11.008820533752441,10.350171114145189,10.91472637282598,5928174
2002-12-31,10.726540565490723,10.914724541603002,10.632447498892768,10.820632553546863,3030043
2003-01-01,10.726540565490723,10.726540565490723,10.726540565490723,10.726540565490723,0
2003-01-02,10.632448196411133,10.820633263410697,10.538356202182296,10.538356202182296,4293923
2003-01-03,10.820632934570312,11.008819074392763,10.726540943200943,10.914724925939684,5536420
2003-01-06,11.573370933532715,11.573370933532715,10.914723824771368,11.008817963731447,9292798
2003-01-07,11.667463302612305,12.137928620317094,11.667463302612305,12.043834478234356,11675581
2003-01-08,12.420204162597656,12.420204162597656,11.76155705386458,11.855649035737128,15591835
2003-01-09,12.420204162597656,12.514296144470206,12.137928216980011,12.420204162597656,8978793114
2003-01-10,12.70248031616211,12.89066426700957,12.60838726219671,12.70248031616211,9478646
2003-01-13,13.549309730529785,13.549309730529783,12.702478816095523,12.702478816095523,16430184
2003-01-14,13.267037391662598,13.549314461706762,13.267037391662598,13.549314461706762,7885432
2003-01-15,13.172943115234375,13.549312117324353,12.984756996376783,13.267035096121436,7078655
2003-01-16,12.890664100646973,13.45522133861172,12.890664100646973,13.172942180358518,4773743
2003-01-17,13.172943115234375,13.172943115234375,12.7024810537156,12.79657303460266,4892110
2003-01-20,12.70248031616211,13.078850374940371,12.51429528677298,12.9847562424333,4766508
2003-01-21,12.420204162597656,12.796573168629598,12.326112180725108,12.702481186757048,6127213407
2003-01-22,12.420204162597656,12.608388126342755,12.326112180725108,12.420204162597656,3837317451
2003-01-23,12.326111793518066,12.60838773026842,12.137927835684497,12.420203772434851,10340531349
2003-01-24,12.326111793518066,12.60838773026842,12.23201765751786,12.514295751351636,5313257026
2003-01-27,12.420204162597656,12.608388126342755,12.232018041769068,12.326112180725108,4880565068
2003-01-28,12.420204162597656,12.702481186757048,12.232018041769068,12.608388126342755,4089115541
2003-01-29,12.420204162597656,12.420204162597656,12.420204162597656,12.420204162597656,0
2003-01-30,12.420204162597656,12.420204162597656,12.420204162597656,12.420204162597656,0
2003-01-31,12.420204162597656,12.420204162597656,12.420204162597656,12.420204162597656,0
2003-02-03,12.420204162597656,12.420204162597656,12.420204162597656,12.420204162597656,0
2003-02-04,12.420204162597656,12.420204162597656,12.420204162597656,12.420204162597656,0
2003-02-05,12.420204162597656,12.420204162597656,12.420204162597656,12.420204162597656,0
2003-02-06,11.573370933532715,12.420204163130725,11.573370933532715,12.23201804229406,5111241
2003-02-07,11.197001457214355,11.197001457214354,10.82063138843193,11.008817501364843,10320314
2003-02-10,11.102910041809082,11.291094007192774,10.91472391934188,11.102910041809082,8767422
2003-02-11,11.197001457214355,11.385186491605566,11.102909479289599,11.197001457214354,3127067
2003-02-12,10.91472339630127,11.57337047920666,10.91472339630127,11.57337047920666,7720726
2003-02-13,10.726540565490723,11.008818686742774,10.726540565490723,10.820632553546863,3714102
2003-02-14,11.008820533752441,11.008820533752441,10.820634368983514,10.91472637282598,3612203
2003-02-17,11.761556625366211,11.761556625366211,11.385186554504482,11.573370511393641,7135416
2003-02-18,11.573370933532715,11.76155705436938,11.479278951656127,11.76155705436938,4955444
2003-02-19,11.102910041809082,11.949742200202715,11.102910041809082,11.761557156277268,5331949
2003-02-20,11.385186195373535,11.385186195373535,11.008817214925585,11.102909190402155,6206904
2003-02-21,10.91472339630127,11.479278501023764,10.91472339630127,11.479278501023764,5290977
2003-02-24,11.385186195373535,11.479278170850105,11.008817214925585,11.102909190402155,5188965
2003-02-25,11.102910041809082,11.385187068426374,11.008818059117235,11.385187068426374,5282110
2003-02-26,11.102910041809082,11.47927905111822,11.102910041809082,11.197002024500929,5736242
2003-02-27,11.291092872619629,11.761555974430152,10.91472282258787,11.00881695290828,12071262
2003-02-28,11.291092872619629,11.291092872619629,11.291092872619629,11.291092872619629,0
2003-03-03,11.855647087097168,12.043832098453194,11.385185097977883,11.573369030792342,8915049
2003-03-04,11.479278564453125,11.667462521858742,11.479278564453125,11.573370543155933,5650057
2003-03-05,11.291092872619629,11.385185924398392,11.102908926145396,11.291092872619629,7449189
2003-03-06,11.291092872619629,11.479277897635509,11.197000899382513,11.291092872619629,3568236
2003-03-07,11.008820533752441,11.47928163150677,11.008820533752441,11.29109654527984,7541930
2003-03-10,11.291092872619629,11.385185924398392,11.197000899382513,11.291092872619629,4039656
2003-03-11,11.291092872619629,11.573369870872627,11.102908926145396,11.197000899382513,5581452
2003-03-12,11.479278564453125,11.667462521858742,11.291093528505801,11.291093528505801,4539293
2003-03-13,11.761556625366211,11.85564860381079,11.479278532949062,11.573370511393641,9989444
2003-03-14,12.13792896270752,12.326112938014225,12.043834817970543,12.043834817970543,12761119
2003-03-17,12.23202133178711,12.326115496051434,11.949745310246344,12.043837317426599,12959260
2003-03-18,12.890664100646973,13.078850206149108,12.702480152228151,12.984756074856382,15866513
2003-03-19,13.078851699829102,13.078851699829102,12.70248160292452,12.89066557283503,12787246
2003-03-20,13.267037391662598,13.45522462162319,12.984759243076514,13.267037391662598,17211289
2003-03-21,12.890664100646973,13.267034154567927,12.890664100646973,13.267034154567927,7076362
2003-03-24,12.890664100646973,13.078850206149108,12.796572126437562,12.890664100646973,9096827
2003-03-25,12.51429557800293,12.702480611771461,12.326111622776095,12.702480611771461,10664456
2003-03-26,12.420204162597656,12.702481186757048,12.232018041769068,12.608388126342755,8376285343
2003-03-27,12.60838508605957,12.60838508605957,12.232015092240678,12.420201167691609,9638938678
2003-03-28,12.23202133178711,12.6083915175922,12.23202133178711,12.514299510411945,11134850111
2003-03-31,11.479278564453125,12.137927808081326,11.385186585750318,12.137927808081326,13681780
2003-04-01,11.949743270874023,12.04383526199631,11.385188088514752,11.385188088514752,10581662
2003-04-02,11.761556625366211,11.949741660797075,11.66746248983822,11.85564860381079,6742434
2003-04-03,12.326111793518066,12.420203772434851,11.949741720767506,12.04383369968429,10274375256
2003-04-04,12.60838508605957,12.796570082969017,12.137925290139666,12.326109208507628,10427910979
2003-04-07,12.984758377075195,13.078852525050966,12.420205353180906,12.420205353180906,8657550177
2003-04-08,12.60838508605957,12.984754001336979,12.60838508605957,12.796570082969017,7667291256
2003-04-09,12.51429557800293,12.608387555616346,12.232017488079284,12.608387555616346,8528152618
2003-04-10,12.60838508605957,12.796570082969017,12.51429312687559,12.60838508605957,9461509625
2003-04-11,12.60838508605957,12.796570082969017,12.51429312687559,12.796570082969017,4223364391
2003-04-14,12.326111793518066,12.60838773026842,12.326111793518066,12.60838773026842,6933152159
2003-04-15,12.51429557800293,12.608387555616346,12.420203600389511,12.420203600389511,4068447694
2003-04-16,13.172943115234375,13.172943115234375,12.7024810537156,12.79657303460266,11706343
2003-04-17,13.078851699829102,13.267035669739611,12.89066557283503,13.172943684784357,6947439
2003-04-18,13.172943115234375,13.737498236181946,13.078851134347312,13.267035096121436,14054222
2003-04-21,13.549309730529785,13.643403851925052,13.172940794739516,13.267032759051697,13441610
2003-04-22,13.172943115234375,13.45522229352076,13.078851134347312,13.45522229352076,6608338
2003-04-23,13.267037391662598,13.643408615958018,13.172945394495184,13.361130467371932,12043331
2003-04-24,12.796574592590332,13.267036711388045,12.514297537020079,13.172944719045248,10243443
2003-04-25,12.420204162597656,12.608388126342755,12.232018041769068,12.232018041769068,8254727977
2003-04-28,12.04383659362793,12.232020596679142,11.76155951050914,11.855651512034747,7215106
2003-04-29,12.23202133178711,12.326115496051434,11.7615602173438,12.326115496051434,11038795
2003-04-30,11.479278564453125,12.232017629700714,11.479278564453125,12.043833672295099,15344465
2003-05-01,11.479278564453125,11.479278564453125,11.479278564453125,11.479278564453125,0
2003-05-02,11.385186195373535,11.573370146326674,10.914723082365672,11.479278170850105,18786112
2003-05-05,11.479278564453125,11.667462521858742,11.197001549802993,11.291093528505801,6621417
2003-05-06,11.479278564453125,11.855648636347775,11.479278564453125,11.667462521858742,7734886
2003-05-07,11.667463302612305,11.761557444695043,11.47927933261395,11.667463302612305,11466784
2003-05-08,11.291092872619629,11.667461844109743,11.197000899382513,11.667461844109743,6542751
2003-05-09,11.761556625366211,11.85564860381079,11.385186554504482,11.479278532949062,9206413
2003-05-12,11.855647087097168,12.043832098453194,11.855647087097168,11.855647087097168,7856464
2003-05-13,12.326111793518066,12.420203772434851,12.04383369968429,12.23201765751786,10244545388
2003-05-14,12.326111793518066,12.420203772434851,12.04383369968429,12.420203772434851,6097489450
2003-05-15,12.04383659362793,12.326114755288689,11.855651512034747,12.326114755288689,7394041
2003-05-16,11.761556625366211,12.232017596130813,11.66746248983822,12.137927774769645,8021611
2003-05-19,11.667463302612305,11.761557444695043,11.47927933261395,11.573371317613129,3205469
2003-05-20,12.04383659362793,12.04383659362793,11.479281348848382,11.573373350373988,10085528
2003-05-21,11.949743270874023,12.04383526199631,11.667464061881612,12.04383526199631,7730378
2003-05-22,12.23202133178711,12.326115496051434,11.7615602173438,11.949745310246344,11473003
2003-05-23,12.326111793518066,12.60838773026842,12.23201765751786,12.326111793518066,9924521119
2003-05-26,12.60838508605957,12.796570082969017,12.51429312687559,12.51429312687559,10708930979
2003-05-27,12.60838508605957,12.796570082969017,12.420201167691609,12.702478123785037,7041752576
2003-05-28,12.70248031616211,13.078850374940371,12.70248031616211,12.9847562424333,10377455
2003-05-29,12.984758377075195,12.984758377075194,12.608389334965052,12.89066638618312,10457615
2003-05-30,13.078851699829102,13.172943684784357,12.70248160292452,12.984757557790285,11186924
2003-06-02,13.172943115234375,13.361128155550231,13.078851134347312,13.172943115234375,8918672
2003-06-03,13.078851699829102,13.361128733236647,12.984757557790285,13.172943684784357,9121389
2003-06-04,13.078851699829102,13.078851699829102,13.078851699829102,13.078851699829102,0
2003-06-05,13.172943115234375,13.45522229352076,12.984756996376783,13.361128155550231,8433744
2003-06-06,12.984758377075195,13.361129576269034,12.984758377075194,13.361129576269034,8160988
2003-06-09,13.737499237060547,13.831591224802908,12.984757942412605,13.078852087238591,29433751
2003-06-10,14.019776344299316,14.302052308844575,13.73749930121224,13.73749930121224,20226679
2003-06-11,14.019776344299316,14.207962477746458,13.643407313030487,14.019776344299316,16814301
2003-06-12,14.207962036132812,14.678421962418682,14.019775908534896,14.113870050875638,19815065
2003-06-13,14.302051544189453,14.396145684424125,14.11386973497067,14.207961718121823,7876156
2003-06-16,14.019776344299316,14.490238442291716,14.019776344299316,14.490238442291716,12135967
2003-06-17,14.207962036132812,14.396146006647161,14.113870050875638,14.302051864306417,10431091
2003-06-18,14.113873481750488,14.490241514268712,14.11387348175049,14.396149506139157,16702387
2003-06-19,14.113873481750488,14.302055340925508,13.925686229865239,14.302055340925508,13248784
2003-06-20,13.737499237060547,14.01977627882944,13.549313104492203,13.925683212545268,20561875
2003-06-23,13.45522403717041,13.831592009491823,13.45522403717041,13.73750001641147,10535027
2003-06-24,13.45522403717041,13.45522403717041,13.17294482230373,13.36112988700631,7076967
2003-06-25,13.643406867980957,13.831590838205878,13.455222897756034,13.54931272578493,15028794
2003-06-26,13.549309730529785,13.831587780549414,13.549309730529783,13.831587780549414,6951990
2003-06-27,13.549309730529785,13.737495816237233,13.267032759051697,13.549309730529783,16286478
2003-06-30,13.45522403717041,13.549313873167016,13.267036815384083,13.549313873167016,11996082
2003-07-01,13.925679206848145,13.925679206848143,13.549309207057247,13.549309207057247,11787382
2003-07-02,14.207962036132812,14.490237991904333,13.831590859478764,14.113870050875638,21525621
2003-07-03,14.490238189697266,14.86660937148881,14.302052059530592,14.5843312547806,23348590
2003-07-04,15.431161880493164,15.431161880493166,14.49023773071465,14.58433079281756,31780018
2003-07-07,16.4661808013916,16.4661808013916,15.713441619150705,15.807533612477613,30933750
2003-07-08,16.748456954956055,16.748456954956055,16.183900747686824,16.560270833505143,26604726
2003-07-09,16.842552185058594,17.501199380805744,16.748459112213638,16.748459112213638,26630439
2003-07-10,16.654359817504883,16.84254698361934,16.277991956525295,16.84254698361934,28467901
2003-07-11,16.76715850830078,16.979397731543514,16.448793038403707,16.448793038403707,26221370
2003-07-14,17.403884887695312,17.722249269475444,16.76715944165172,16.76715944165172,22287863
2003-07-15,16.979400634765625,17.510009841986943,16.979400634765625,17.40388689470366,12380721
2003-07-16,16.979400634765625,17.297766159098416,16.767161375233172,16.979400634765625,15180157
2003-07-17,16.66103744506836,16.97939963310301,16.55491560988452,16.97939963310301,11011184
2003-07-18,16.76715850830078,16.873279225760978,16.34267232094351,16.5549137558639,15162933
2003-07-21,16.554916381835938,17.19164410511255,16.554916381835938,16.767161167939484,10075279
2003-07-22,16.979400634765625,16.979400634765625,16.448795850900378,16.554916586505623,12003110
2003-07-23,17.29776382446289,17.616128199987827,16.979398343099085,16.979398343099085,19306344
2003-07-24,17.828369140625,17.934490964758588,17.297763337473576,17.297763337473576,28062298
2003-07-25,18.57122039794922,18.889584795469588,17.61612941706601,17.828370874294325,31751279
2003-07-28,18.252857208251953,19.101828673972314,18.14673867786451,18.67734349403168,19971122
2003-07-29,17.510007858276367,18.252854029194985,17.510007858276367,18.252854029194985,11064985
2003-07-30,17.403884887695312,17.616128546107994,17.08552161175407,17.510007822740544,12467780
2003-07-31,17.191646575927734,17.403889180857174,16.979402865159134,17.297768431312036,8944000
2003-08-01,18.04061508178711,18.25285432066408,17.191642644534465,17.191642644534465,19935151
2003-08-04,17.934497833251953,18.040620803866997,17.616134450603134,18.040620803866997,7536224
2003-08-05,17.61612892150879,18.04061514154109,17.40388525857318,17.93449220423437,14669957
2003-08-06,17.29776382446289,17.51000747870543,17.191641997341623,17.40388454574529,10815245
2003-08-07,17.191646575927734,17.403889180857174,16.979402865159134,17.297768431312036,10595938
2003-08-08,17.510007858276367,17.82837002902482,17.08552164642842,17.191642370011234,18020934
2003-08-11,17.828369140625,17.934490964758588,17.297763337473576,17.510006985740752,13457276
2003-08-12,17.934497833251953,18.146741562803516,17.722255209539654,17.828375968476173,12011813
2003-08-13,18.35898208618164,18.57122357977348,17.93449578148055,17.93449578148055,24270789
2003-08-14,18.14673614501953,18.358978705365928,17.9344924788342,18.358978705365928,25008461
2003-08-15,17.828369140625,18.46509787374885,17.72224842233025,18.146734613025764,17884248
2003-08-18,17.722248077392578,18.040613543596823,17.61612736116331,17.82836879362184,10813210
2003-08-19,18.35898208618164,18.57122357977348,17.722253182049574,17.722253182049574,36753928
2003-08-20,18.78346061706543,19.101824993600804,18.252853691452763,18.35897773058859,35096019
2003-08-21,18.889585494995117,19.101826960083233,18.465100353140915,18.783462550773088,21926945
2003-08-22,18.889585494995117,19.101826960083233,18.677341818229028,18.889585494995117,17620108
2003-08-25,18.78346061706543,18.889583550362385,18.35897773058859,18.889583550362385,10556127
2003-08-26,17.510007858276367,18.252854029194985,17.510007858276367,18.252854029194985,20675264
2003-08-27,17.828369140625,17.934490964758588,17.510006985740752,17.510006985740752,26649121
2003-08-28,17.828369140625,17.934490964758588,17.6161277040355,17.828369140625,12345265
2003-08-29,17.934497833251953,18.040620803866997,17.616134450603134,17.828375968476173,17625189
2003-09-01,17.722248077392578,17.934490615689924,17.61612736116331,17.934490615689924,7825638
2003-09-02,17.61612892150879,17.72224964713768,17.5100081958799,17.61612892150879,5493667
2003-09-03,17.510007858276367,17.93449185844653,17.510007858276367,17.616128581859186,11790543
2003-09-04,17.29776382446289,17.51000747870543,17.29776382446289,17.51000747870543,6446432
2003-09-05,17.403884887695312,17.722249269475444,17.297764164327862,17.297764164327862,9537648
2003-09-08,17.510007858276367,17.82837002902482,17.297764199432947,17.403884923015763,10000133
2003-09-09,17.828369140625,18.040613894731013,17.510006985740752,17.510006985740752,21427745
2003-09-10,17.510007858276367,17.722249305442002,17.403884923015763,17.722249305442002,10527096
2003-09-11,17.510007858276367,17.510007858276367,17.510007858276367,17.510007858276367,0
2003-09-12,18.35898208618164,18.46510283297756,17.403888729983542,17.510011688457734,34809882
2003-09-15,18.465103149414062,18.571223898028578,18.146739797731374,18.35898240079955,18880609
2003-09-16,18.78346061706543,18.995704271981595,18.35897773058859,18.4650984522078,31962770
2003-09-17,18.67734146118164,18.99570586440574,18.57122073066625,18.78346219169703,24238759
2003-09-18,18.57122039794922,18.677341126563377,18.358978940720903,18.677341126563377,8308855
2003-09-19,18.57122039794922,18.783461855177535,18.46509966933506,18.57122039794922,16528144
2003-09-22,18.14673614501953,18.46509943261966,17.9344924788342,18.46509943261966,15427071
2003-09-23,17.934497833251953,18.040620803866997,17.722255209539654,17.934497833251953,11018696
2003-09-24,18.252857208251953,18.252857208251953,17.722252392084787,17.934494982055107,19482640
2003-09-25,17.828369140625,17.828369140625,17.510006985740752,17.510006985740752,13882637
2003-09-26,17.61612892150879,17.828370372766567,17.40388525857318,17.5100081958799,14608875
2003-09-29,17.403884887695312,17.722249269475444,17.403884887695312,17.403884887695312,13767503
2003-09-30,17.510007858276367,17.722249305442002,17.403884923015763,17.616128581859186,5290894
2003-10-01,17.61612892150879,17.72224964713768,17.5100081958799,17.5100081958799,8116358
2003-10-02,18.14673614501953,18.14673614501953,17.722249918487805,17.82837064574154,12938755
2003-10-03,18.252857208251953,18.358981267834828,17.934494982055107,18.14673867786451,7029280
2003-10-06,18.67734146118164,18.67734146118164,18.146736702765725,18.465100000150862,15310377
2003-10-07,18.57122039794922,18.677341126563377,18.252854894589905,18.677341126563377,8802162
2003-10-08,18.14673614501953,18.677340887127123,17.9344924788342,18.677340887127123,12629127
2003-10-09,18.57122039794922,18.57122039794922,18.04061564903948,18.14673637765364,9636675
2003-10-10,18.57122039794922,18.57122039794922,18.57122039794922,18.57122039794922,0
2003-10-13,18.78346061706543,18.78346061706543,18.57121917382701,18.67733989544622,13660707
2003-10-14,18.889585494995117,18.889585494995117,18.677341818229028,18.889585494995117,12278521
2003-10-15,19.10182762145996,19.314073517252773,18.889586149023252,19.10182762145996,21423161
2003-10-16,19.207950592041016,19.207950592041016,18.88958617133191,19.101827644019277,14577226
2003-10-17,19.207950592041016,19.31407354006275,19.101827644019277,19.207950592041016,15552880
2003-10-20,19.42019271850586,19.844677889848867,19.20795123867342,19.20795123867342,17466865
2003-10-21,19.42019271850586,19.738557149932646,19.101828287079073,19.632436410016428,14175120
2003-10-22,19.52631187438965,19.63243481737499,18.889585274867358,19.42019114308226,9155417
2003-10-23,19.207950592041016,19.31407354006275,19.101827644019277,19.31407354006275,9605338
2003-10-24,18.99570655822754,19.314073184757973,18.99570655822754,19.20795023868849,6180989
2003-10-27,19.10182762145996,19.207950569356367,18.995706885241606,18.995706885241606,5710966
2003-10-28,19.738555908203125,19.738555908203125,19.101827085405418,19.207950030323694,12579598
2003-10-29,20.16304588317871,20.37528518882616,19.844681395511245,20.163045883178714,23531720
2003-10-30,20.16304588317871,20.26916443016318,19.950802154174227,20.163045883178714,9786940
2003-10-31,19.632434844970703,20.163040713931437,19.632434844970707,20.163040713931437,7551763
2003-11-03,19.844676971435547,19.95079770644049,19.42019181973775,19.63243550142566,8408451
2003-11-04,20.05691909790039,20.16304204805672,19.844677620943923,19.950798359422155,11057502
2003-11-05,19.42019271850586,20.056919369681307,19.42019271850586,20.056919369681307,7328874
2003-11-06,18.889585494995117,19.42019136939338,18.889585494995117,19.42019136939338,11240453
2003-11-07,19.42019271850586,19.42019271850586,18.783463855652286,18.889586807246634,8734230
2003-11-10,19.314075469970703,19.526314752187464,19.20795251134491,19.420194005239946,4289630
2003-11-11,19.10182762145996,19.314073517252773,18.889586149023252,19.207950569356367,4110651
2003-11-12,19.10182762145996,19.632435725907836,18.889586149023252,19.10182762145996,13519354
2003-11-13,19.10182762145996,19.52631277801143,19.10182762145996,19.420192041793076,5640176
2003-11-14,18.78346061706543,19.20794792689776,18.67733989544622,19.101824993600804,6125292
2003-11-17,18.35898208618164,18.995708778635436,18.252858021868313,18.78346507336532,8754718
2003-11-18,18.252857208251953,18.465102009900445,18.14673867786451,18.358981267834828,5718098
2003-11-19,17.403884887695312,18.14673548046192,17.297764164327862,18.14673548046192,18584082
2003-11-20,16.979400634765625,17.616130577592187,16.979400634765625,17.40388689470366,24187637
2003-11-21,17.29776382446289,17.40388454574529,16.873279833494426,16.979398343099085,19083574
2003-11-24,17.510007858276367,17.616128581859186,17.297764199432947,17.403884923015763,8011037
2003-11-25,17.828369140625,17.934490964758588,17.72224842233025,17.828369140625,6377297
2003-11-26,17.722248077392578,17.934490615689924,17.510006644934048,17.934490615689924,4002399
2003-11-27,17.403884887695312,17.722249269475444,17.403884887695312,17.616128546107994,3998631
2003-11-28,17.085525512695312,17.72225331579341,16.979402553420247,17.403888861324788,7522799
2003-12-01,17.510007858276367,17.616128581859186,17.08552164642842,17.08552164642842,8099297
2003-12-02,18.04061508178711,18.04061508178711,17.51000813788339,17.616128863160785,7873626
2003-12-03,17.722248077392578,17.934490615689924,17.61612736116331,17.82836879362184,4147101
2003-12-04,18.04061508178711,18.04061508178711,17.722249588438185,17.722249588438185,13018884
2003-12-05,17.722248077392578,18.040613543596823,17.722248077392578,17.934490615689924,4421320
2003-12-08,17.722248077392578,17.722248077392578,17.40388371702715,17.61612736116331,4264114
2003-12-09,17.61612892150879,17.828370372766567,17.5100081958799,17.72224964713768,4285452
2003-12-10,17.403884887695312,17.510007822740544,17.297764164327862,17.510007822740544,9075720
2003-12-11,18.04061508178711,18.04061508178711,17.40388520092817,17.40388520092817,8384016
2003-12-12,17.828369140625,18.252853119642836,17.828369140625,18.040613894731013,4064053
2003-12-15,18.14673614501953,18.2528546605954,17.9344924788342,18.0406154177658,4152972
2003-12-16,18.57122039794922,18.57122039794922,18.04061564903948,18.14673637765364,10544966
2003-12-17,18.04061508178711,18.571219814013006,17.82837031371558,18.571219814013006,6309291
2003-12-18,17.61612892150879,17.828370372766567,17.5100081958799,17.61612892150879,9457101
2003-12-19,17.510007858276367,17.722249305442002,17.403884923015763,17.722249305442002,4089266
2003-12-22,17.510007858276367,17.722249305442002,17.510007858276367,17.616128581859186,8423176
2003-12-23,17.403884887695312,17.510007822740544,17.403884887695312,17.510007822740544,3487965
2003-12-24,17.403884887695312,17.722249269475444,17.403884887695312,17.403884887695312,3582040
2003-12-25,17.510007858276367,17.616128581859186,17.403884923015763,17.403884923015763,1087053
2003-12-26,17.510007858276367,17.616128581859186,17.403884923015763,17.616128581859186,2373381
2003-12-29,17.191646575927734,17.616132891625774,17.191646575927734,17.510012142080637,2997212
2003-12-30,17.828369140625,17.828369140625,17.297763337473576,17.403884055768323,9340516
2003-12-31,17.722248077392578,17.722248077392578,17.510006644934048,17.61612736116331,1486574
2004-01-01,17.722248077392578,17.722248077392578,17.722248077392578,17.722248077392578,0
2004-01-02,17.722248077392578,17.82836879362184,17.61612736116331,17.722248077392578,8378054
2004-01-05,17.828369140625,17.934490964758588,17.6161277040355,17.828369140625,6236411
2004-01-06,18.252857208251953,18.252857208251953,17.828373134150404,17.934494982055107,11063020
2004-01-07,18.35898208618164,18.35898208618164,18.04061873995474,18.252858021868313,7305948
2004-01-08,18.465103149414062,18.465103149414062,18.252858334667575,18.465103149414062,5545751
2004-01-09,18.889585494995117,19.101826960083233,18.57122108568497,18.57122108568497,13023453
2004-01-12,18.465103149414062,18.7834653952576,18.35898240079955,18.465103149414062,6636201
2004-01-13,18.14673614501953,18.677340887127123,18.0406154177658,18.57122015987339,8232536
2004-01-14,18.14673614501953,18.57122015987339,18.0406154177658,18.0406154177658,8131047
2004-01-15,18.35898208618164,18.57122357977348,18.04061873995474,18.252858021868313,6464284
2004-01-16,18.14673614501953,18.46509943261966,18.0406154177658,18.358978705365928,6046179
2004-01-19,18.14673614501953,18.14673614501953,18.14673614501953,18.14673614501953,0
2004-01-20,18.14673614501953,18.14673614501953,18.14673614501953,18.14673614501953,0
2004-01-21,18.14673614501953,18.14673614501953,18.14673614501953,18.14673614501953,0
2004-01-22,18.14673614501953,18.14673614501953,18.14673614501953,18.14673614501953,0
2004-01-23,18.14673614501953,18.14673614501953,18.14673614501953,18.14673614501953,0
2004-01-26,18.14673614501953,18.14673614501953,18.14673614501953,18.14673614501953,0
2004-01-27,17.61612892150879,18.46509914989556,17.61612892150879,18.25285438112104,13583265
2004-01-28,17.403884887695312,17.616128546107994,17.297764164327862,17.403884887695312,14280378
2004-01-29,17.403884887695312,17.403884887695312,17.19164233512152,17.297764164327862,16813307
2004-01-30,17.403884887695312,17.616128546107994,17.297764164327862,17.403884887695312,6498910
2004-02-02,17.191646575927734,17.510012142080637,17.191646575927734,17.403889180857174,5073117
2004-02-03,16.979400634765625,17.191644317654152,16.979400634765625,17.085523582048907,12567623
2004-02-04,16.66103744506836,17.085522574125804,16.66103744506836,16.97939963310301,10582525
2004-02-05,16.130430221557617,16.66103831948563,16.130430221557617,16.448795743817833,20693295
2004-02-06,16.34267807006836,16.448798824860347,16.130433242966724,16.130433242966724,11073888
2004-02-09,16.44879722595215,16.55491797042865,16.342676481475646,16.44879722595215,11073921
2004-02-10,16.130430221557617,16.448795743817833,16.02431169832125,16.448795743817833,17974681
2004-02-11,16.34267807006836,16.448798824860347,16.130433242966724,16.130433242966724,11438624
2004-02-12,16.554916381835938,16.66103822196821,16.342674913249404,16.44879564754267,16987780
2004-02-13,16.554916381835938,16.767161167939484,16.44879564754267,16.554916381835938,16939531
2004-02-16,16.44879722595215,16.767162776898992,16.44879722595215,16.661039820744264,6976744
2004-02-17,16.66103744506836,16.76716038609115,16.448794880539637,16.55491560988452,5498309
2004-02-18,17.085525512695312,17.085525512695312,16.767163269904977,16.873284017501756,11542452
2004-02-19,17.403884887695312,17.510007822740544,17.08552161175407,17.403884887695312,15749459
2004-02-20,17.828369140625,17.934490964758588,17.403884055768323,17.403884055768323,22041916
2004-02-23,18.04061508178711,18.04061508178711,17.616128863160785,17.82837031371558,13862137
2004-02-24,17.510007858276367,17.93449185844653,17.403884923015763,17.82837002902482,7466205
2004-02-25,17.722248077392578,17.722248077392578,17.40388371702715,17.510006644934048,6162597
2004-02-26,18.04061508178711,18.04061508178711,17.722249588438185,17.82837031371558,14629766
2004-02-27,17.934497833251953,18.040620803866997,17.828375968476173,18.040620803866997,5858457
2004-03-01,18.04061508178711,18.146735807064506,17.93449214483189,17.93449214483189,8426861
2004-03-02,18.04061508178711,18.146735807064506,17.722249588438185,18.04061508178711,10088541
2004-03-03,17.61612892150879,17.93449220423437,17.5100081958799,17.72224964713768,6210892
2004-03-04,17.722248077392578,17.82836879362184,17.510006644934048,17.61612736116331,6446841
2004-03-05,17.934497833251953,18.146741562803516,17.828375968476173,17.828375968476173,11368062
2004-03-08,17.934497833251953,18.146741562803516,17.934497833251953,18.146741562803516,7768017
2004-03-09,18.04061508178711,18.146735807064506,17.616128863160785,17.93449214483189,5777894
2004-03-10,17.61612892150879,18.04061514154109,17.61612892150879,17.93449220423437,6948109
2004-03-11,17.29776382446289,17.616128199987827,17.191641997341623,17.51000747870543,6902831
2004-03-12,17.085525512695312,17.29776811372801,16.979402553420247,17.29776811372801,10787202
2004-03-15,16.66103744506836,17.297765138654526,16.66103744506836,17.191643303470688,17453275
2004-03-16,16.44879722595215,16.661039820744264,16.342676481475646,16.661039820744264,19585963
2004-03-17,16.44879722595215,16.661039820744264,16.44879722595215,16.55491797042865,11149823
2004-03-18,16.76715850830078,17.085520660681368,16.236551603483313,16.448793038403707,28670827
2004-03-19,17.085525512695312,17.19164626029209,16.767163269904977,16.767163269904977,10145320
2004-03-22,15.918192863464355,15.918192863464355,15.918192863464355,15.918192863464355,4043559
2004-03-23,15.387582778930664,16.024310456593888,14.856975827958511,14.856975827958511,24472088
2004-03-24,15.918192863464355,16.130432146948827,15.59982840904193,15.705949156623308,12969968
2004-03-25,15.812071800231934,16.130434081150927,15.705951039925603,16.02431553252315,6929245
2004-03-26,15.705947875976562,16.02431230443988,15.599827137048159,15.812068614904966,5662313
2004-03-29,16.554916381835938,16.554916381835938,15.918190870237334,16.0243116045306,11920718
2004-03-30,16.34267807006836,16.66104144028354,16.34267807006836,16.554919579652335,7718790
2004-03-31,16.34267807006836,16.554919579652335,16.23655731527637,16.554919579652335,5609458
2004-04-01,16.873281478881836,16.979399998834577,16.342674503211427,16.342674503211427,12670873
2004-04-02,16.979400634765625,17.085523582048907,16.767161375233172,16.979400634765625,8055524
2004-04-05,17.29776382446289,17.29776382446289,16.873279833494426,17.08552127605922,6896957
2004-04-06,16.979400634765625,17.510009841986943,16.979400634765625,17.40388689470366,7839703
2004-04-07,16.76715850830078,16.979397731543514,16.448793038403707,16.873279225760978,11634048
2004-04-08,16.554916381835938,16.87328190223275,16.554916381835938,16.767161167939484,3601644
2004-04-09,16.44879722595215,16.661039820744264,16.342676481475646,16.55491797042865,4093219
2004-04-12,16.66103744506836,16.873281115436033,16.55491560988452,16.55491560988452,4037125
2004-04-13,16.66103744506836,16.873281115436033,16.55491560988452,16.76716038609115,3705772
2004-04-14,16.979400634765625,16.979400634765625,16.661038427949887,16.661038427949887,6424013
2004-04-15,16.554916381835938,16.97940042484801,16.554916381835938,16.97940042484801,6447287
2004-04-16,16.873281478881836,17.085522942143225,16.554915966472816,16.76716074725114,6491480
2004-04-19,17.085525512695312,17.085525512695312,16.767163269904977,16.873284017501756,9261729
2004-04-20,16.66103744506836,17.085522574125804,16.66103744506836,17.085522574125804,3724970
2004-04-21,17.085525512695312,17.085525512695312,16.554918457193992,16.66104031062991,6694855
2004-04-22,16.66103744506836,17.297765138654526,16.66103744506836,17.085522574125804,9374841
2004-04-23,16.979400634765625,17.085523582048907,16.554916586505623,16.661038427949887,6716813
2004-04-26,17.085525512695312,17.085525512695312,16.873284017501756,16.979402553420247,4813615
2004-04-27,16.554916381835938,16.97940042484801,16.554916381835938,16.97940042484801,4927787
2004-04-28,16.02431297302246,16.661039644837143,16.02431297302246,16.554917795641963,6758787
2004-04-29,15.812071800231934,16.02431553252315,15.493709519312942,15.918194772216818,8255719
2004-04-30,14.856976509094238,15.918190459691155,14.750855777537932,15.705946784900592,18462663
2004-05-03,14.7508544921875,14.963097042644835,14.538610835891287,14.856975214496728,6482413
2004-05-04,14.7508544921875,14.963097042644835,14.538610835891287,14.856975214496728,9623323
2004-05-05,14.008008003234863,14.750856476863762,13.795764318382002,14.750856476863762,10407287523
2004-05-06,14.008008003234863,14.326370212997068,13.795764318382002,14.008008003234863,10762458235
2004-05-07,13.901884078979492,14.114125503487857,13.689639336954802,14.008004791233674,14619287
2004-05-10,13.79576587677002,13.79576587677002,13.265161028056156,13.79576587677002,12762306
2004-05-11,14.008008003234863,14.008008003234863,13.159035475501476,13.795764318382002,10995008091
2004-05-12,14.432493209838867,14.64473469999028,14.114129868772626,14.114129868772626,22664934
2004-05-13,14.432493209838867,14.538613954914574,14.114129868772626,14.220250613848334,9810338
2004-05-14,14.008008003234863,14.432492055423499,13.689642475955571,14.432492055423499,12951049
2004-05-17,13.79576587677002,13.79576587677002,13.052916213388809,13.583523273780981,11855742
2004-05-18,13.901884078979492,14.432488746089179,13.58351862470062,13.58351862470062,13891860
2004-05-19,14.644733428955078,14.856977112363827,14.114128643789293,14.432491957224373,15197817
2004-05-20,14.644733428955078,14.644733428955078,14.220249379654646,14.432491957224373,8772826263
2004-05-21,15.17534065246582,15.493703924257376,14.432490069381847,14.644731513350301,15743705
2004-05-24,15.28145980834961,15.49370457880114,15.069218355414847,15.175341293560075,8692662
2004-05-25,15.387582778930664,15.493704611460664,15.175341325548514,15.281459840561736,8153080
2004-05-26,15.17534065246582,15.70594536822583,15.175340652465819,15.599824646241604,4855292
2004-05-27,15.387582778930664,15.493704611460664,14.963097660488511,15.281459840561736,5942829
2004-05-28,16.130430221557617,16.130430221557617,15.387583971317854,15.493705812071259,13574607
2004-05-31,15.705947875976562,15.918191565511476,15.599827137048159,15.918191565511476,7555888
2004-06-01,15.599828720092773,15.812070219487497,15.387586114858887,15.705949469790136,6258481
2004-06-02,15.06921672821045,15.49370290575987,14.963096013202199,15.281458158226954,5605698
2004-06-03,14.326371192932129,15.175343778735908,14.326371192932129,15.175343778735908,5657982
2004-06-04,14.538614273071289,14.644735020469298,14.220250925038124,14.220250925038124,3640731
2004-06-07,15.28145980834961,15.281459808349608,14.856975796641162,15.069218355414847,6034834
2004-06-08,15.493703842163086,15.812066006428907,15.281459081802595,15.705945285006967,10132533
2004-06-09,15.493703842163086,15.918188939528589,15.493703842163088,15.705945285006967,8054530
2004-06-10,14.644733428955078,15.49370595091203,14.644733428955078,15.49370595091203,6498996
2004-06-11,14.220246315002441,14.644730272820937,14.114125602007514,14.644730272820937,7579566507
2004-06-14,14.008008003234863,14.5386127920109,14.008008003234863,14.220249476409666,8048546
2004-06-15,14.432493209838867,14.432493209838865,13.90188837862121,14.008009123696919,4520203448
2004-06-16,14.432493209838867,14.856978401819932,14.220250613848334,14.856978401819932,4001879210
2004-06-17,14.963099479675293,14.963099479675293,14.432492464192892,14.750856894650145,8348489
2004-06-18,14.644733428955078,14.963098954068201,14.538612693089727,14.856977112363827,3641359
2004-06-21,14.432493209838867,15.175343954564406,14.432493209838865,15.175343954564406,2782084
2004-06-22,14.432493209838867,14.432493209838865,14.432493209838865,14.432493209838865,0
2004-06-23,15.17534065246582,15.175340652465819,14.538610791366073,14.538610791366073,10390126
2004-06-24,15.28145980834961,15.387582746494836,14.963097628947466,15.387582746494836,5003835
2004-06-25,15.28145980834961,15.281459808349608,14.963097628947466,15.281459808349608,4970169
2004-06-28,14.856976509094238,15.281460541158438,14.750855777537932,15.281460541158438,3210619
2004-06-29,14.856976509094238,14.96309834648952,14.644732834303674,14.856976509094238,4208571
2004-06-30,15.17534065246582,15.175340652465819,14.750854447012282,14.856975168996508,8368563
2004-07-01,15.17534065246582,15.281459162772292,14.963096996819612,15.175340652465819,3093417
2004-07-02,14.220246315002441,14.963095729322069,14.220246315002441,14.856973910488358,11160438648
2004-07-05,14.644733428955078,14.644733428955078,13.795764224515192,14.00800790792394,7928806433
2004-07-06,14.432493209838867,14.64473469999028,14.220250613848334,14.432493209838865,4618383413
2004-07-07,14.326371192932129,14.432493042617377,14.11412970523984,14.220250449085984,6476721550
2004-07-08,14.220246315002441,14.538609559826009,14.220246315002441,14.432488846831081,7174621
2004-07-09,14.326371192932129,14.326371192932129,13.795765262023199,14.220250449085984,6976363123
2004-07-12,14.114129066467285,14.432492389436442,13.901887588380552,14.32637054455402,6100621
2004-07-13,13.477400779724121,14.008007771396448,13.159035257713914,14.008007771396448,12492436045
2004-07-14,13.159031867980957,13.477397307981043,12.946790452991685,13.477397307981043,7216255
2004-07-15,13.477400779724121,13.477400779724123,13.052914522882855,13.159035257713914,6115456
2004-07-16,13.265158653259277,13.477400112412603,13.265158653259276,13.265158653259276,7117108
2004-07-19,12.840672492980957,13.159034683583961,12.734551762779956,13.052913953382959,4335107
2004-07-20,12.416187286376953,12.946791992795387,12.416187286376953,12.840671272679472,6856434
2004-07-21,12.946794509887695,13.052915250635413,12.628432287644545,12.734553028392263,12534339
2004-07-22,13.05291748046875,13.159038239345104,12.522312580247716,12.522312580247716,7739088
2004-07-23,13.159031867980957,13.265155892991771,12.840669745497049,12.946790452991685,4142968
2004-07-26,12.840672492980957,13.159034683583961,12.734551762779956,12.946793223181958,4802461
2004-07-27,13.05291748046875,13.371283074615597,12.734555203839687,12.840675962716041,4834780
2004-07-28,12.840672492980957,13.265158731301849,12.628431032578955,13.159034683583961,9048680
2004-07-29,12.840672492980957,12.946793223181958,12.522309196538991,12.628431032578955,10757345
2004-07-30,13.283297538757324,13.524814118574595,12.921026099567195,13.041783245963904,14255037
2004-08-02,13.40405559539795,13.524812729391249,13.041781906394434,13.283296174381034,8280511
2004-08-03,13.283297538757324,13.524814118574595,13.162540392360613,13.162540392360613,6824283
2004-08-04,13.283297538757324,13.404056972177885,13.041783245963904,13.283297538757322,4880685
2004-08-05,13.887081146240234,14.007838264219467,13.162537294853168,13.404053817834951,8682177
2004-08-06,14.128599166870117,14.370112284917605,13.645568356728031,13.887082618287296,9611594
2004-08-09,14.128599166870117,14.128599166870117,13.766325487507665,13.887082618287296,2760971
2004-08-10,14.007838249206543,14.370110746267638,13.88708113135673,14.128597654079668,3819545
2004-08-11,14.611624717712402,14.611624717712402,13.645566648873642,14.007837995871313,4377673
2004-08-12,13.887081146240234,14.128597669222016,13.887081146240233,14.007838264219467,3125547
2004-08-13,13.766319274902344,13.766319274902346,12.921018597409072,13.524806265847317,10347705
2004-08-16,13.162538528442383,13.404055074059025,13.162538528442383,13.28329565773894,3301077
2004-08-17,13.041783332824707,13.404057061451502,12.921026185623731,13.162540480025683,6598438
2004-08-18,13.40405559539795,13.524812729391249,12.800268781919645,13.041781906394434,6328752
2004-08-19,13.6455659866333,14.007837316049386,13.645565986633299,13.766323096438661,7544130
2004-08-20,14.007838249206543,14.249353628417825,13.645566895657105,13.645566895657105,10512730
2004-08-23,13.6455659866333,14.24935267917169,13.645565986633299,14.007837316049386,13941164
2004-08-24,13.6455659866333,13.645565986633299,13.645565986633299,13.645565986633299,0
2004-08-25,13.6455659866333,13.645565986633299,13.645565986633299,13.645565986633299,0
2004-08-26,14.490867614746094,14.490867614746092,14.007838008147575,14.007838008147575,18049936
2004-08-27,15.336169242858887,15.336169242858885,14.49086933226815,14.611626462352541,15836419
2004-08-30,14.73238468170166,15.215415562268838,14.490871528441962,14.973898978473304,6354893
2004-08-31,14.007838249206543,14.611624981967266,14.007838249206543,14.490867864117453,12812515
2004-09-01,14.24935531616211,14.370112448314826,14.007839908344884,14.007839908344884,8342905
2004-09-02,14.128599166870117,14.370112284917605,14.007839749066928,14.370112284917605,5342923
2004-09-03,13.887081146240234,14.249353643689595,13.524810935814186,14.249353643689595,8948810
2004-09-06,13.887081146240234,13.887081146240233,13.524810935814186,13.524810935814186,5132229
2004-09-07,14.24935531616211,14.24935531616211,13.887082776192168,14.007839908344884,6144940
2004-09-08,14.128599166870117,14.249355154137971,14.007839749066928,14.249355154137971,4700871
2004-09-09,14.007838249206543,14.128597654079668,13.766324013506917,14.007838249206543,8333405
2004-09-10,14.128599166870117,14.128599166870117,13.887082618287296,14.007839749066928,4158528
2004-09-13,14.24935531616211,14.370112448314826,14.128599327521183,14.128599327521183,5162603
2004-09-14,14.611624717712402,14.732380689866657,14.24935337071473,14.49086760204651,5893594
2004-09-15,14.490867614746094,14.732380702777897,14.370110498974372,14.490867614746092,2537869
2004-09-16,14.24935531616211,14.490869580467544,14.128599327521183,14.490869580467544,2198396
2004-09-17,14.24935531616211,14.490869580467544,14.007839908344884,14.370112448314826,6012576
2004-09-20,14.85313892364502,14.973896048401247,14.370111568131826,14.370111568131826,9339304
2004-09-21,14.73238468170166,15.094658413883016,14.490871528441962,14.973898978473304,5480169
2004-09-22,14.973895072937012,14.97389507293701,14.611624865779893,14.732380839157836,3536823
2004-09-23,14.85313892364502,14.853138923645018,14.73238179888879,14.73238179888879,2843207
2004-09-24,14.85313892364502,14.973896048401247,14.611625817644283,14.973896048401247,4104625
2004-09-27,14.490867614746094,14.732380702777897,14.249353383202651,14.611624730517812,6047201
2004-09-28,14.490867614746094,14.490867614746092,14.490867614746092,14.490867614746092,0
2004-09-29,13.887081146240234,14.490867879648064,13.887081146240233,14.37011076166883,6619065
2004-09-30,14.128599166870117,14.370112284917605,14.007839749066928,14.007839749066928,8362090
2004-10-01,14.24935531616211,14.24935531616211,13.887082776192168,14.007839908344884,7112993
2004-10-04,14.611624717712402,14.611624717712402,14.37011048638062,14.37011048638062,17382770
2004-10-05,14.85313892364502,14.973896048401247,14.611625817644283,14.73238179888879,19416871
2004-10-06,14.73238468170166,14.973898978473304,14.611628676827785,14.732384681701662,14984452
2004-10-07,14.128599166870117,14.853139664524356,13.766325487507665,14.853139664524356,10142559
2004-10-08,14.24935531616211,14.370112448314826,14.128599327521183,14.24935531616211,14667131
2004-10-11,14.128599166870117,14.249355154137971,13.887082618287296,14.128599166870117,5346344
2004-10-12,13.6455659866333,14.128596712877908,13.524810020339517,13.887080206244024,8231374
2004-10-13,13.6455659866333,13.766323096438661,13.524810020339517,13.645565986633299,6926581
2004-10-14,13.524810791015625,13.645566764190372,13.404053674329234,13.645566764190372,10295284
2004-10-15,13.283297538757324,13.645570121459379,13.283297538757322,13.524814118574595,6980148
2004-10-18,13.283297538757324,13.524814118574595,13.283297538757322,13.283297538757322,1937512
2004-10-19,13.6455659866333,13.766323096438661,13.404052910534155,13.524810020339517,6771805
2004-10-20,13.524810791015625,13.645566764190372,13.404053674329234,13.645566764190372,5513038
2004-10-21,13.283297538757324,13.524814118574595,13.283297538757322,13.283297538757322,5181926
2004-10-22,13.524810791015625,13.645566764190372,13.404053674329234,13.404053674329234,5354935
2004-10-25,13.524810791015625,13.524810791015625,13.524810791015625,13.524810791015625,0
2004-10-26,12.921024322509766,13.404055128688146,12.921024322509766,13.404055128688146,4678640
2004-10-27,13.041783332824707,13.041783332824707,12.800270181934689,13.041783332824707,4113529
2004-10-28,12.80026626586914,13.16253645312855,12.800266265869142,13.041779342871553,10792513
2004-10-29,13.041783332824707,13.162540480025683,12.800270181934689,12.800270181934689,8930002
2004-11-01,13.041783332824707,13.162540480025683,12.800270181934689,13.041783332824707,6581599
2004-11-02,13.524810791015625,13.524810791015625,13.041780037246768,13.041780037246768,13085953
2004-11-03,13.6455659866333,13.645565986633299,13.283293513705633,13.524810020339517,10282192
2004-11-04,13.766319274902344,13.766319274902346,13.524806265847317,13.645562198619201,14540496
2004-11-05,13.887081146240234,14.007838264219467,13.766324028260998,13.766324028260998,12835031
2004-11-08,14.007838249206543,14.007838249206543,13.524810921318947,14.007838249206543,10411436
2004-11-09,13.887081146240234,13.887081146240233,13.645566910281763,13.887081146240233,6838762
2004-11-10,13.887081146240234,14.007838264219467,13.645566910281763,13.766324028260998,10286037
2004-11-11,13.766319274902344,13.887076351185488,13.645562198619201,13.766319274902346,4047786
2004-11-12,13.887081146240234,13.887081146240233,13.645566910281763,13.887081146240233,5516736
2004-11-15,14.007838249206543,14.128597654079668,13.766324013506917,14.007838249206543,7771193
2004-11-16,14.007838249206543,14.007838249206543,13.766324013506917,14.007838249206543,5313755
2004-11-17,14.370113372802734,14.370113372802736,13.887083669604808,14.007840809526323,12118858
2004-11-18,14.370113372802734,14.490870512724252,14.128600236471568,14.490870512724252,12492747
2004-11-19,14.007838249206543,14.249353628417825,14.007838249206543,14.249353628417825,5992152
2004-11-22,13.041783332824707,13.766327359542494,13.041783332824707,13.64557021234152,12394940
2004-11-23,13.283297538757324,13.283297538757322,12.80027009668241,13.041783245963904,9203046
2004-11-24,13.041783332824707,13.28329762722666,13.041783332824707,13.28329762722666,5507082
2004-11-25,12.80026626586914,13.16253645312855,12.800266265869142,13.16253645312855,5429705
2004-11-26,12.80026626586914,13.52481007092271,12.800266265869142,13.041779342871553,13392783
2004-11-29,12.921024322509766,13.162538582087187,12.800268336232822,12.921024322509766,8604319
2004-11-30,12.679508209228516,13.041778369448505,12.558751107984687,12.800265310472346,14346854
2004-12-01,12.80026626586914,13.041779342871553,12.679509155612145,12.800266265869142,11485008
2004-12-02,12.921024322509766,13.041781452298476,12.5587540766554,12.921024322509766,21596586
2004-12-03,13.041783332824707,13.041783332824707,12.800270181934689,12.921026185623731,16927307
2004-12-06,13.041783332824707,13.162540480025683,12.800270181934689,12.921026185623731,16634259
2004-12-07,13.041783332824707,13.162540480025683,12.921026185623731,13.041783332824707,16567301
2004-12-08,13.041783332824707,13.162540480025683,12.921026185623731,13.041783332824707,11207404
2004-12-09,13.162538528442383,13.28329565773894,13.041781399145826,13.041781399145826,13966277
2004-12-10,13.524810791015625,13.524810791015625,13.041780037246768,13.16253715393316,16546168
2004-12-13,13.283297538757324,13.404056972177885,12.80027009668241,13.283297538757322,11581262
2004-12-14,13.162538528442383,13.162538528442383,12.921024269849267,13.162538528442383,8408784
2004-12-15,13.041783332824707,13.162540480025683,12.921026185623731,13.162540480025683,10387009
2004-12-16,13.162538528442383,13.28329565773894,12.921024269849267,13.162538528442383,12078322
2004-12-17,13.162538528442383,13.28329565773894,13.041781399145826,13.162538528442383,7143578
2004-12-20,12.679508209228516,13.162535470692333,12.679508209228517,13.041778369448505,12680810
2004-12-21,13.162538528442383,13.162538528442383,12.679511154767917,12.800268284064474,9308818
2004-12-22,13.162538528442383,13.162538528442383,12.921024269849267,13.162538528442383,6115366
2004-12-23,13.162538528442383,13.162538528442383,12.921024269849267,13.162538528442383,4212444
2004-12-24,13.162538528442383,13.28329565773894,13.041781399145826,13.162538528442383,7376176
2004-12-27,13.283297538757324,13.283297538757322,13.041783245963904,13.162540392360613,4449578
2004-12-28,13.283297538757324,13.283297538757322,13.041783245963904,13.162540392360613,6723747
2004-12-29,13.283297538757324,13.404056972177885,13.162540392360613,13.283297538757322,11562911
2004-12-30,13.283297538757324,13.283297538757322,13.041783245963904,13.283297538757322,9165443
2004-12-31,13.766319274902344,13.766319274902346,13.16253274997536,13.16253274997536,15895944
2005-01-03,13.524810791015625,13.766323880876763,13.524810791015625,13.766323880876763,3950699
2005-01-04,13.40405559539795,13.524812729391249,13.283296174381034,13.524812729391249,2819643
2005-01-05,13.162538528442383,13.28329565773894,13.041781399145826,13.28329565773894,5671290
2005-01-06,13.041783332824707,13.162540480025683,12.921026185623731,13.162540480025683,3731834
2005-01-07,12.80026626586914,13.041779342871553,12.800266265869142,13.041779342871553,7042837
2005-01-10,13.041783332824707,13.162540480025683,12.800270181934689,12.921026185623731,6558986
2005-01-11,13.041783332824707,13.162540480025683,12.921026185623731,12.921026185623731,3855715
2005-01-12,12.80026626586914,13.041779342871553,12.800266265869142,13.041779342871553,5155272
2005-01-13,12.558755874633789,12.9210261723527,12.31723929345603,12.9210261723527,11732358
2005-01-14,12.437995910644531,12.558755339600703,12.196482770291608,12.437995910644533,14156176
2005-01-17,12.558755874633789,12.679513021710738,12.437996440532977,12.55875587463379,5794807
2005-01-18,12.317235946655273,12.558752462208922,12.317235946655273,12.558752462208922,6522243
2005-01-19,12.317235946655273,12.437993060920475,12.196479975901692,12.317235946655273,9079566665
2005-01-20,12.196479797363281,12.437992878846671,12.075722684865784,12.196479797363283,9995971803
2005-01-21,11.785904884338379,12.317237632021413,11.640996784797027,12.317237632021413,21627728
2005-01-24,11.496088027954102,11.882512654001527,11.399483014953958,11.810058608373492,30268612
2005-01-25,11.834207534790039,11.954964637847947,11.52023815203027,11.52023815203027,16558492
2005-01-26,12.558755874633789,12.55875587463379,11.882514936193338,11.906665908203955,33110513
2005-01-27,12.196479797363281,12.558752278367379,12.196479797363283,12.558752278367379,14462897
2005-01-28,12.437995910644531,12.679512481533108,12.196482770291608,12.317238768712128,9766343838
2005-01-31,12.80026626586914,12.921022232614556,12.558752045355147,12.679509155612145,12770904
2005-02-01,13.162538528442383,13.28329565773894,12.800268284064474,12.921024269849267,15818693
2005-02-02,13.766319274902344,13.887076351185488,13.16253274997536,13.283289826258505,25079011
2005-02-03,13.766319274902344,13.766319274902346,13.524806265847317,13.766319274902346,10949939
2005-02-04,13.766319274902344,13.766319274902346,13.766319274902346,13.766319274902346,0
2005-02-07,13.766319274902344,13.766319274902346,13.766319274902346,13.766319274902346,0
2005-02-08,13.766319274902344,13.766319274902346,13.766319274902346,13.766319274902346,0
2005-02-09,13.766319274902344,13.766319274902346,13.766319274902346,13.766319274902346,0
2005-02-10,13.766319274902344,13.766319274902346,13.766319274902346,13.766319274902346,0
2005-02-11,13.766319274902344,13.766319274902346,13.766319274902346,13.766319274902346,0
2005-02-14,13.887081146240234,14.128597669222016,13.887081146240233,14.007838264219467,19111804
2005-02-15,13.766319274902344,13.887076351185488,13.524806265847317,13.887076351185488,9339770
2005-02-16,13.6455659866333,13.766323096438661,13.645565986633299,13.766323096438661,7054141
2005-02-17,13.524810791015625,13.766323880876763,13.524810791015625,13.645566764190372,11555408
2005-02-18,13.524810791015625,13.645566764190372,13.404053674329234,13.524810791015625,8213011
2005-02-21,13.524810791015625,13.645566764190372,13.404053674329234,13.524810791015625,9645633
2005-02-22,13.283297538757324,13.404056972177885,13.162540392360613,13.404056972177885,12267663
2005-02-23,13.162538528442383,13.28329565773894,12.921024269849267,13.162538528442383,5081246
2005-02-24,13.162538528442383,13.28329565773894,13.041781399145826,13.162538528442383,5405507
2005-02-25,13.40405559539795,13.524812729391249,13.283296174381034,13.283296174381034,7014085
2005-02-28,13.40405559539795,13.40405559539795,13.40405559539795,13.40405559539795,0
2005-03-01,13.40405559539795,13.524812729391249,12.99347996760656,13.524812729391249,7455561
2005-03-02,13.234990119934082,13.37989819077969,13.162536084511277,13.37989819077969,6914612
2005-03-03,12.776114463806152,13.186687733707357,12.751963498580766,13.186687733707357,9808879
2005-03-04,12.703661918640137,12.75196499828323,12.510448456556018,12.72781288670581,12103140
2005-03-07,12.679508209228516,12.751962241272514,12.534600145140521,12.751962241272514,7898254
2005-03-08,12.317235946655273,12.679509576474125,12.317235946655273,12.679509576474125,8274221
2005-03-09,12.558755874633789,12.631209934177573,12.31723929345603,12.31723929345603,17896586
2005-03-10,12.655356407165527,12.872719652035427,12.631205443740662,12.631205443740662,26263555
2005-03-11,12.703661918640137,12.800268077926322,12.558753823222602,12.655358838997044,9132885
2005-03-14,12.945178031921387,13.017632090032597,12.607058712898436,12.679512771009646,7678893
2005-03-15,12.655356407165527,12.92102157888516,12.558751409954539,12.872719652035427,7171730
2005-03-16,12.582901000976562,12.727811366105042,12.55875232281944,12.55875232281944,3755359
2005-03-17,12.29308795928955,12.558755504651328,12.2447848731794,12.534604533352203,12640937
2005-03-18,12.29308795928955,12.437996074108105,12.2447848731794,12.317238930588676,3428366803
2005-03-21,12.220630645751953,12.317235648720418,12.12402564278349,12.244781610616172,5044909
2005-03-22,12.41384220123291,12.41384220123291,12.172327970644904,12.293085085938907,5788815057
2005-03-23,12.462149620056152,12.486298302672976,12.293087115013805,12.413844250239764,4155402333
2005-03-24,12.41384220123291,12.510447207361135,12.341388160758834,12.462147563076101,4637950
2005-03-25,12.462149620056152,12.462149620056152,12.365541167447017,12.437995219880229,2169021
2005-03-28,12.703661918640137,12.824419045991997,12.486297488490345,12.510448456556018,5472821
2005-03-29,12.655356407165527,12.727810440951652,12.558751409954539,12.65535640716553,5820171
2005-03-30,12.776114463806152,12.800266572543148,12.655357350656006,12.655357350656006,5373191
2005-03-31,12.776114463806152,12.921022542181682,12.751963498580766,12.896871576956297,4674991
2005-04-01,12.84857177734375,12.872723892235708,12.727814633419667,12.776117719691682,8341888
2005-04-04,12.607054710388184,12.87271988695607,12.607054710388184,12.776113744470539,5103950
2005-04-05,12.607054710388184,12.607054710388184,12.607054710388184,12.607054710388184,0
2005-04-06,12.607054710388184,12.703659709362165,12.582900315987933,12.607054710388184,2572538
2005-04-07,12.486296653747559,12.655357992952046,12.486296653747557,12.607056060049814,3156616
2005-04-08,12.84857177734375,12.84857177734375,12.53460457535542,12.558755546735474,5931110
2005-04-11,12.872722625732422,12.92102456374027,12.703662412169585,12.848570513216709,3238268
2005-04-12,12.921024322509766,12.969327403127602,12.800268336232822,12.89687335395673,3138640
2005-04-13,13.017629623413086,13.041780590369987,12.896872501605186,12.945175579030684,5101729
2005-04-14,12.872722625732422,12.969327645259908,12.824419544212784,12.92102456374027,2331485
2005-04-15,12.75196361541748,12.75196361541748,12.558752461309322,12.703660541012535,4579201
2005-04-18,12.148176193237305,12.534600765975444,12.124025229196947,12.437992335767799,5139203
2005-04-19,12.196479797363281,12.437992878846671,12.196479797363283,12.26893383615946,5093837
2005-04-20,12.196479797363281,12.341387874955638,12.196479797363283,12.317235766349174,2191787909
2005-04-21,12.486296653747559,12.607056060049814,11.834209124450732,11.834209124450732,6118152
2005-04-22,12.84857177734375,12.945177949887777,12.437996115787588,12.510450173439656,10033607554
2005-04-25,12.921024322509766,12.945176434574568,12.679511206444111,12.800268336232822,4985597
2005-04-26,12.872722625732422,13.114235746307033,12.872722625732422,12.969327645259908,6802348
2005-04-27,12.969326972961426,13.017630051977148,12.896872926193705,12.969326972961426,6070936
2005-04-28,13.041783332824707,13.065935448372063,12.872724241552888,12.969329273206508,7106990
2005-04-29,12.607054710388184,12.921021814687288,12.558751639145418,12.921021814687288,5188365
2005-05-02,12.607054710388184,12.607054710388184,12.607054710388184,12.607054710388184,0
2005-05-03,12.558755874633789,12.800270168787685,12.55875587463379,12.607058962166956,6140696
2005-05-04,12.36553955078125,12.582901679663046,12.341388584298274,12.55875300020341,5363321
2005-05-05,12.824419021606445,12.921024037197194,12.534602831322463,12.558753799342215,9863295
2005-05-06,13.283297538757324,13.355753884916815,12.776117981295913,12.824421068556981,21926821
2005-05-09,13.452357292175293,13.500659225988318,13.210840762040014,13.283294806271245,20522988
2005-05-10,13.25914478302002,13.42820729553677,13.13838878596715,13.42820729553677,6777719
2005-05-11,13.25914478302002,13.28329689724009,13.09008570103888,13.18669072738355,7361873
2005-05-12,13.25914478302002,13.3557532399003,13.23499381231182,13.28329689724009,18310137
2005-05-13,13.790473937988281,13.887080082375505,13.259141287370117,13.283293395222708,24151251
2005-05-16,14.007838249206543,14.176897299386958,13.814627089349173,13.838778055514474,17397235
2005-05-17,13.742172241210938,14.08029375227216,13.669718203453614,14.007837427491658,7855354
2005-05-18,13.6455659866333,13.862928098176004,13.524810020339517,13.766323096438661,6308035
2005-05-19,13.790473937988281,14.056139119785794,13.645565864919014,13.838777010181893,14007748
2005-05-20,13.718023300170898,13.983688547788466,13.718023300170898,13.887083522978374,10942373
2005-05-23,13.693868637084961,13.766322672032153,13.548960567190576,13.74217170822027,3619232
2005-05-24,13.693868637084961,13.98368477687373,13.693868637084961,13.693868637084961,7403966
2005-05-25,13.935384750366211,14.031989762304494,13.766324550084587,13.862929562022872,8879313
2005-05-26,13.935384750366211,13.959535717472857,13.81462762780958,13.935384750366211,3532560
2005-05-27,13.911233901977539,14.031991035491016,13.814628881273842,13.935386014787317,5758077
2005-05-30,13.983687400817871,13.983687400817871,13.838779303732466,13.862930272076113,2765688
2005-05-31,13.86292839050293,13.98368550285469,13.814626460371509,13.98368550285469,4590503
2005-06-01,13.452357292175293,13.887081557562677,13.355751137525857,13.862929447144474,7098117
2005-06-02,13.597268104553223,13.621419076297856,13.452359987061588,13.524814045807405,4998069
2005-06-03,13.621417045593262,13.669720125393338,13.404054901760535,13.597266077449097,5440798
2005-06-06,13.524810791015625,13.59726483232513,13.404053674329234,13.59726483232513,2540802
2005-06-07,13.669717788696289,13.66971778869629,13.355749538933036,13.573111645609957,5124248
2005-06-08,13.693868637084961,13.718019600896843,13.476506532243386,13.669717673273079,5024369
2005-06-09,13.718023300170898,13.74217541400731,13.548964220875273,13.693872329846338,5111121
2005-06-10,13.790473937988281,13.911231046716527,13.742172009306238,13.742172009306238,5968771
2005-06-13,14.708229064941406,14.732380029587526,13.814626220361182,13.814626220361182,32589378
2005-06-14,14.998046875,15.360320532887572,14.780684738588535,14.780684738588535,35920949
2005-06-15,14.901440620422363,15.142957134562161,14.828986580989715,15.022200021003878,13038883
2005-06-16,14.901440620422363,15.287865213427457,14.901440620422363,14.925591585729375,21355232
2005-06-17,15.19126033782959,15.360320539676591,14.92559283612639,14.92559283612639,25235120
2005-06-20,15.239561080932617,15.408621256875511,15.022198977730211,15.215410117302861,12381945
2005-06-21,14.925590515136719,15.239561046188479,14.925590515136719,15.215410082613785,6843539
2005-06-22,14.973895072937012,15.094654476849891,14.828986990074164,15.046351401391727,10559150
2005-06-23,14.828987121582031,15.094654610713777,14.804835011882938,14.998046171917403,14268799
2005-06-24,14.539172172546387,14.80483625342185,14.490869092609143,14.73238220527186,7493582
2005-06-27,15.09465217590332,15.142955243998427,14.539168608076789,14.539168608076789,13256839
2005-06-28,14.973895072937012,15.167108518281315,14.828986990074164,15.094654476849891,6187484
2005-06-29,14.780684471130371,15.094655045185714,14.732381393853526,15.070500647768068,12744847
2005-06-30,14.611624717712402,14.853137805532548,14.563321642743718,14.828986839804024,5281270
2005-07-01,14.73238468170166,14.828990857815096,14.587476561043452,14.611628676827785,4250336
2005-07-04,14.998046875,15.191260331115293,14.708230693118047,14.732381660437639,9955303
2005-07-05,14.925590515136719,15.11880394129194,14.925590515136719,15.046349907056323,4276578
2005-07-06,14.24935531616211,15.022202334153647,14.176898978549255,14.97389696556662,14237559
2005-07-07,14.007838249206543,14.249353628417825,13.862929021679774,14.249353628417825,15026030
2005-07-08,14.176898956298828,14.418415507248788,13.983687773860082,14.007839886359793,9663794
2005-07-11,14.490867614746094,14.539170689757109,14.249353383202651,14.249353383202651,10034142
2005-07-12,14.73238468170166,14.877296232895704,14.53917461649868,14.53917461649868,10958223
2005-07-13,15.046353340148926,15.070502022210505,14.780685819141327,14.828988900823454,11820651
2005-07-14,15.19126033782959,15.215412448671568,14.853138790623877,15.070500927131413,11472563
2005-07-15,15.19126033782959,15.432774585179104,15.19126033782959,15.263714383332102,10988801
2005-07-18,15.19126033782959,15.19126033782959,15.19126033782959,15.19126033782959,0
2005-07-19,15.384469985961914,15.456924024300978,15.022199794266594,15.215410944341297,8906306
2005-07-20,15.09465217590332,15.384468297451022,15.022198145516395,15.215409274385353,11347922
2005-07-21,15.070499420166016,15.481076115330586,15.070499420166016,15.215410927215835,12894480
2005-07-22,14.684078216552734,15.022199728856501,14.65992610820381,14.973894368647063,7344877
2005-07-25,14.73238468170166,14.828990857815096,14.708233709429274,14.732384681701662,5903674
2005-07-26,14.756534576416016,14.828988625839747,14.659928414843192,14.732382464266923,6470917
2005-07-27,14.58747386932373,14.73238196324311,14.490868854548056,14.73238196324311,7134763
2005-07-28,14.63577651977539,14.63577651977539,14.49086843010047,14.587473442046518,7292656
2005-07-29,14.176898956298828,14.635777658675458,14.152750274334485,14.635777658675458,8698619
2005-08-01,14.490867614746094,14.611624730517812,14.297656458213668,14.611624730517812,5622579
2005-08-02,14.901440620422363,14.901440620422363,14.563321388566136,14.563321388566136,16747342
2005-08-03,16.262245178222656,16.373439961948133,15.650674464648947,15.789668839680418,21481267
2005-08-04,16.123249053955078,16.290041796014076,15.984254704295044,16.262242209782503,6504217199
2005-08-05,16.123249053955078,16.123249053955078,16.123249053955078,16.123249053955078,0
2005-08-08,16.290040969848633,16.540228876415988,15.900858720670474,16.06764906660531,17734732
2005-08-09,16.206645965576172,16.37343872548522,16.12325077945439,16.290043539363435,7847798695
2005-08-10,16.262245178222656,16.62362792687225,16.262245178222656,16.59583191706475,8801575
2005-08-11,17.207399368286133,17.207399368286133,16.290041681098245,16.290041681098245,20336182587
2005-08-12,16.818214416503906,17.207396620527945,16.67922128385207,17.207396620527945,13331499
2005-08-15,16.23444366455078,16.818217062428957,16.151048488138986,16.818217062428957,8939910
2005-08-16,16.067649841308594,16.317837759938786,15.900859487331946,16.262242169112515,10449126
2005-08-17,16.067649841308594,16.17884699212419,15.873059901169894,16.039853836644372,8202563
2005-08-18,15.706269264221191,16.15105076409014,15.706269264221193,16.12325117420285,9538304
2005-08-19,15.511682510375977,15.706271308079474,15.40048771785534,15.706271308079474,9506152
2005-08-22,15.483880996704102,15.650673761717433,15.372686217972808,15.622874171660028,4694570
2005-08-23,15.511682510375977,15.678475296073398,15.483882916871124,15.539480910047907,7063706
2005-08-24,15.150291442871094,15.622868791269047,15.150291442871094,15.622868791269047,5808539
2005-08-25,15.122495651245117,15.261488802184191,15.039100476981217,15.261488802184191,7687404
2005-08-26,15.372685432434082,15.650672961973646,15.178095474972377,15.261490659384801,7684309
2005-08-29,14.483124732971191,15.372684030047328,14.316334379361942,15.289288853242702,16799450
2005-08-30,14.510924339294434,14.7055166669409,14.483124753154877,14.594319516215279,7509467
2005-08-31,14.483124732971191,14.872307000056539,14.483124732971191,14.483124732971191,7827783
2005-09-01,14.483124732971191,14.483124732971191,14.483124732971191,14.483124732971191,0
2005-09-02,14.8167142868042,15.122499048804046,14.5943223301389,14.5943223301389,8912803312
2005-09-05,14.84450912475586,14.955702697701065,14.816711925352207,14.900107105061112,3711217
2005-09-06,14.566521644592285,15.06689861114742,14.483122896862774,14.900104697185768,10662369
2005-09-07,14.427528381347656,14.677717480064176,14.371930405910916,14.62211831079489,9750568
2005-09-08,14.677719116210938,14.73331471017991,14.594320353010426,14.73331471017991,3532902
2005-09-09,14.872313499450684,14.983508310949702,14.788918286201268,14.788918286201268,7409861
2005-09-12,15.344883918762207,15.400483089060938,15.011300835295495,15.122495594395255,9368842
2005-09-13,15.539481163024902,15.62287636339833,15.289293174238729,15.344888780654736,7715374
2005-09-14,15.483880996704102,15.53947898298614,15.400485808030215,15.511680586761509,4672807
2005-09-15,14.955702781677246,15.456079831903532,14.955702781677246,15.456079831903532,10720918
2005-09-16,14.8167142868042,14.983504672804655,14.733316706138293,14.955705081305073,6565160
2005-09-19,14.510924339294434,14.927906193061704,14.483124753154877,14.788911843861746,11753637
2005-09-20,14.316337585449219,14.455329577916967,14.205140409976392,14.455329577916967,32989222
2005-09-21,14.344134330749512,14.53872669547131,14.344134330749513,14.344134330749513,9715552
2005-09-22,14.066143035888672,14.37193010360997,13.89935269458437,14.28853135146026,13820202
2005-09-23,14.232937812805176,14.316335383122265,14.093944647886309,14.177339830538013,7028564
2005-09-26,14.316337585449219,14.371934382436317,14.010551620521543,14.260739594629243,6865493
2005-09-27,14.316337585449219,14.510927568736943,14.205140409976392,14.316337585449217,3672019
2005-09-28,14.316337585449219,14.483127976410517,14.260739594629243,14.316337585449217,4091786
2005-09-29,15.037612915039062,15.124368741497443,14.893020666830264,14.979776493288647,6349272
2005-09-30,15.731654167175293,15.876246388069188,15.182202295179454,15.211120500591727,19505586
2005-10-03,15.702736854553223,15.876248497748623,15.558144614445514,15.702736854553223,6022447
2005-10-04,16.04975700378418,16.194349226384457,15.760572558583622,15.789490764337168,10919405
2005-10-05,15.7894926071167,16.223270519375966,15.7894926071167,16.194351116414712,6151229
2005-10-06,15.587066650390625,15.731658914921839,15.558147242418068,15.702739506949282,3606975
2005-10-07,15.615981101989746,15.789491538854731,15.587062894817684,15.587062894817684,2750954
2005-10-10,15.011302947998047,15.011302947998049,15.011302947998049,15.011302947998049,0
2005-10-11,15.731654167175293,15.760572372587566,15.471387930799777,15.615980151693671,6931496
2005-10-12,15.500310897827148,15.789495428450925,15.384636846811057,15.760577214155127,5563594
2005-10-13,15.037612915039062,15.471390853498212,15.037612915039062,15.442471448790247,9959493
2005-10-14,14.979774475097656,15.24004072557496,14.950856268118532,15.095448496846746,6469396
2005-10-17,14.864100456237793,15.153284913750433,14.83518105542045,15.153284913750433,3426247
2005-10-18,15.066533088684082,15.15328892644445,14.83518498387838,15.037614874041598,5389359
2005-10-19,14.430325508117676,15.037613947350337,14.386947591910651,15.037613947350337,6993181
2005-10-20,14.22789478302002,14.459242840377971,13.953168815678367,14.430323437833726,20657048
2005-10-21,13.996550559997559,14.444787096235114,13.967632343363876,14.025468776631241,8295069
2005-10-24,13.562769889831543,14.054384252049978,13.50493346784479,14.039925743469672,12107662
2005-10-25,13.36034107208252,13.823036024385212,13.36034107208252,13.678443777176074,11405314
2005-10-26,13.447094917297363,13.548310439487677,13.215748051598865,13.418176708314135,8471467
2005-10-27,13.36034107208252,13.54831123222095,13.302503456899215,13.533851529966936,6488875
2005-10-28,12.86872386932373,13.316960214076655,12.724131654091495,13.316960214076655,12055716
2005-10-31,13.38925838470459,13.432636294724409,12.868725852132094,13.013318089643047,21448137
2005-11-01,13.794116973876953,13.80857667525061,13.43263637786228,13.562768914894493,19090021
2005-11-02,14.025466918945312,14.068844835066889,13.895334364413422,14.068844835066889,8612153
2005-11-03,14.372486114501953,14.41586402175151,14.01100434997737,14.170056278614883,13813210
2005-11-04,14.372486114501953,14.603834157277863,14.068841957587644,14.459241929001067,10162947
2005-11-07,13.938713073730469,14.343571692191594,13.851958422952876,14.343571692191594,4883972
2005-11-08,14.14113998413086,14.184517897246714,13.953169823183993,14.083303562531556,4947821
2005-11-09,14.661670684814453,14.661670684814453,14.17005638855939,14.256812203731636,8190095
2005-11-10,14.748425483703613,14.83518009906518,14.632751469389007,14.719507278583093,6309230
2005-11-11,15.066533088684082,15.09545249715948,14.806266769235894,14.806266769235894,8977937
2005-11-14,14.893023490905762,15.06653398289153,14.74843121527879,15.037615766532733,5166426
2005-11-15,14.893023490905762,15.037615766532733,14.430327253833067,15.037615766532733,6979112
2005-11-16,14.893023490905762,14.921941707264558,14.517083096742443,14.806267647996386,7874092
2005-11-17,14.603836059570312,14.864102343137292,14.517080233770402,14.864102343137292,6194517
2005-11-18,15.29787540435791,15.297875404357912,14.71950655504706,14.71950655504706,12607639
2005-11-21,15.29787540435791,15.442467616685624,15.18220139572925,15.413549412986574,6176119
2005-11-22,14.806262969970703,15.066529222634957,14.806262969970703,14.893018785469657,6750768
2005-11-23,14.719510078430176,14.979776361686032,14.661672463355126,14.89302053598983,10764651
2005-11-24,14.459247589111328,14.921942661953752,14.430328177069315,14.80626859528488,13758018
2005-11-25,14.459247589111328,14.661676310407056,14.44478788309032,14.517084025529233,6164215
2005-11-28,14.4881591796875,14.603833193441098,14.459240974707228,14.488159179687498,5238934
2005-11-29,14.4881591796875,14.864099425928567,14.488159179687498,14.574914988460826,9805821
2005-11-30,14.864100456237793,14.893018663222536,14.632752412694641,14.690588826664131,8031012
2005-12-01,14.748425483703613,14.95085530721231,14.719507278583093,14.864099498018223,5688047
2005-12-02,14.979774475097656,15.066529096035026,14.864100453348565,15.008692682076779,9469256
2005-12-05,14.979774475097656,15.037610889055903,14.835181052536845,15.037610889055903,7187977
2005-12-06,14.69058895111084,15.12436683488701,14.661670743881123,14.979774604905822,8984430
2005-12-07,14.459247589111328,14.719513940658022,14.314654110400443,14.690594528616009,13238562
2005-12-08,14.459247589111328,14.80626859528488,14.430328177069315,14.574921655780198,10987584
2005-12-09,14.459247589111328,14.546002243738185,14.401409958860361,14.459247589111326,9767944
2005-12-12,14.459247589111328,14.546002243738185,14.459247589111326,14.48816580732028,3779045
2005-12-13,14.517078399658203,14.777344650342704,14.517078399658203,14.603834214497235,8240958
2005-12-14,14.314651489257812,14.690591838635287,14.314651489257812,14.60383719989399,6054913
2005-12-15,13.851957321166992,14.34357055130275,13.73628326883125,14.34357055130275,16401835
2005-12-16,13.996550559997559,14.170061053632645,13.9387129328972,13.9387129328972,9525531
2005-12-19,14.126678466796875,14.22789398234046,14.068842052628487,14.170056374339469,6007296
2005-12-20,14.300188064575195,14.343564772120342,14.126676459064893,14.141136157468228,6810289
2005-12-21,14.300188064575195,14.444780273278829,14.184514058845803,14.401402371901252,5289797
2005-12-22,13.56576919555664,13.802071684061136,13.56576919555664,13.788158756645045,7443747127
2005-12-23,14.170055389404297,14.213433293931768,14.112218979256012,14.170055389404297,4040937
2005-12-26,13.468466758728027,13.66306030663528,13.385077539644954,13.621368084759286,7316532260
2005-12-27,13.837495803833008,13.967629543346845,13.82303610149833,13.93871013867749,8242041
2005-12-28,13.490473747253418,13.79411794685661,13.490473747253418,13.79411794685661,15641047
2005-12-29,13.331422805786133,13.57723060209447,13.302504592641872,13.504934472317395,30181497
2005-12-30,13.331422805786133,13.649526731871546,13.273586379497612,13.331422805786133,17408281
2006-01-02,13.38925838470459,13.53385062221554,13.244666147193637,13.331420773400607,7916298
2006-01-03,14.112220764160156,14.227894792919615,13.418176591603393,13.44709480033509,26919744
2006-01-04,13.909791946411133,14.256814058411901,13.765199698202334,14.17005823195352,21207888
2006-01-05,13.982087135314941,14.097761164911601,13.80857668783629,13.996546836701777,16308765
2006-01-06,14.314651489257812,14.343569702171576,14.025466972454474,14.141141017942378,27816889
2006-01-09,14.198975563049316,14.517079444464917,14.141139144882489,14.38694571284053,21245765
2006-01-10,13.880875587463379,14.1989783371961,13.83749766844689,14.1989783371961,18590045
2006-01-11,14.025466918945312,14.054385131748752,13.808578532170271,13.880874661095286,12202896
2006-01-12,14.603836059570312,14.864102343137292,14.112221703092073,14.141139913747793,46316029
2006-01-13,14.574917793273926,14.74842825037861,14.4014061423365,14.60383600381925,14279639
2006-01-16,14.300188064575195,14.806260795037911,14.300188064575195,14.574913977411557,11351204
2006-01-17,14.184518814086914,14.459244819022866,14.083304472829598,14.459244819022866,12848969
2006-01-18,13.9242525100708,14.285733152952726,13.866414890909995,14.025466851311174,18812978
2006-01-19,13.59168815612793,14.011005164989017,13.44709472560763,13.99654665761985,17281664
2006-01-20,13.62060546875,13.707361282588941,13.461553541322798,13.707361282588941,10048234
2006-01-23,13.447094917297363,13.56276894706295,13.331420887531774,13.476014320113268,13074067
2006-01-24,13.62060546875,13.880871716434244,13.562767861579843,13.721819789007043,17001374
2006-01-25,13.59168815612793,13.73628039281557,13.533850545153278,13.620606364698926,6346025
2006-02-03,13.779658317565918,13.823035033553229,13.649524588106,13.77965831756592,10008192
2006-02-06,13.779658317565918,13.77965831756592,13.533850559863629,13.765198616348373,8700894
2006-02-07,14.198975563049316,14.256813175048828,13.77965854675811,13.8808728754664,18578140
2006-02-08,14.097762107849121,14.314650480162317,13.967629561994306,14.198976442828728,13260206
2006-02-09,14.14113998413086,14.271273723478423,14.068843860215354,14.271273723478423,11400985
2006-02-10,14.256814002990723,14.386946548339667,14.141139966106797,14.314650424516307,15515512
2006-02-13,14.285736083984375,14.415869858421361,14.170062015762525,14.31465430258157,5923967
2006-02-14,14.198975563049316,14.198975563049316,14.025465114716152,14.025465114716152,3626454
2006-02-15,14.21343994140625,14.343572522017771,14.170062016591384,14.256817866221116,5106905
2006-02-16,14.459247589111328,14.48816580732028,14.256817673982539,14.343572328609396,7869764
2006-02-17,14.864100456237793,15.037610891978858,14.603834205709896,14.603834205709896,27273624
2006-02-20,14.893023490905762,14.979779333815138,14.74843121527879,14.74843121527879,9125117
2006-02-21,15.066533088684082,15.211125355729418,15.008696659399114,15.037614874041598,12137964
2006-02-22,14.574917793273926,15.03761274349733,14.444784055070857,14.74842825037861,15592348
2006-02-23,14.0543851852417,14.488163154275641,13.996548759414688,14.459244941362135,14717930
2006-02-24,14.22789478302002,14.372487020410572,14.155598664324742,14.372487020410572,7659817
2006-02-27,14.358028411865234,14.38694662277765,14.242354374382813,14.242354374382813,4587449
2006-03-01,14.459247589111328,14.459247589111326,14.025469540644796,14.05438775885375,10085029
2006-03-02,14.661670684814453,14.661670684814453,14.43032264024353,14.54599666252899,6858988
2006-03-03,14.314651489257812,14.661673625721521,14.227896850516515,14.661673625721521,4870985
2006-03-06,14.386947631835938,14.488163167877492,14.285733289627226,14.31465150256788,3794195
2006-03-07,14.22789478302002,14.40140522912215,14.112220754341044,14.40140522912215,6273517
2006-03-08,14.242351531982422,14.40140345100725,14.112219011931217,14.170055422213414,2958736
2006-03-09,14.285736083984375,14.386950445991092,14.18452172197766,14.256817865387182,3236862
2006-03-10,14.285736083984375,14.430328370803421,14.198980234359718,14.31465430258157,3942457
2006-03-13,14.69058895111084,14.69058895111084,14.401404491148464,14.430322698378179,6425026
2006-03-14,14.459247589111328,14.80626859528488,14.430328177069315,14.719513940658022,4857999
2006-03-15,14.459247589111328,14.60383987398915,14.430328177069315,14.517084025529233,6090626
2006-03-16,14.415863037109375,14.748425378197624,14.343565734076485,14.459240941396105,6981277
2006-03-17,15.037612915039062,15.037612915039062,14.271273760765883,14.386946604266717,12978834
2006-03-20,15.008697509765625,15.182208001284247,14.777349391852143,15.095453352441426,11952907
2006-03-21,14.4881591796875,15.413550095883776,14.488159179687498,15.037609849642708,18040287
2006-03-22,14.748425483703613,14.777343688824137,14.517077455074398,14.517077455074398,10302551
2006-03-23,14.719510078430176,14.89302053598983,14.545998427037773,14.89302053598983,10050398
2006-03-24,14.748425483703613,14.83518009906518,14.632751469389007,14.719507278583093,4725970
2006-03-27,14.979774475097656,14.979774475097654,14.777344638578596,14.864100453348565,5804925
2006-03-28,15.153285026550293,15.268959049182937,14.893018774084995,14.893018774084995,10926981
2006-03-29,15.38463306427002,15.38463306427002,15.182203226304026,15.182203226304026,8608907
2006-03-30,15.500310897827148,15.58706673454744,15.35571863251526,15.442473275402653,10775473
2006-03-31,15.413549423217773,15.558141635641464,15.240039007075838,15.413549423217773,7724749
2006-04-03,15.182207107543945,15.355718782681327,15.066533055396658,15.211125322122538,7073264
2006-04-04,15.008697509765625,15.066533942327505,14.893023450808883,14.979779293484684,15321798
2006-04-06,15.29787540435791,15.326793608056962,15.124364988331148,15.26895720065886,7071099
2006-04-07,15.066533088684082,15.211125355729418,14.979778444756628,15.037614874041598,7869764
2006-04-10,16.10759735107422,16.10759735107422,16.10759735107422,16.10759735107422,8885950
2006-04-11,16.194353103637695,16.483538811907664,15.963006208387688,16.483538811907664,12308951
2006-04-12,16.10759735107422,16.19435198310285,15.991923314536626,16.19435198310285,6954222
2006-04-13,16.04975700378418,16.194349226384457,15.847328369676807,16.136512814877364,9395667
2006-04-14,16.36786460876465,16.396782821161583,16.0497606908999,16.0497606908999,9353461
2006-04-17,16.83055877685547,16.917313403708274,16.512454896897154,16.512454896897154,11726727
2006-04-18,16.772724151611328,16.888398201844247,16.5702942652455,16.888398201844247,5602553
2006-04-19,16.946231842041016,17.004069454558444,16.830559004671546,16.917313632698647,9515791
2006-04-20,16.859479904174805,16.9462345460448,16.599213590899055,16.917316332088134,5339578
2006-04-21,16.628128051757812,16.830557891430242,16.39678000465578,16.801638490168028,12621707
2006-04-24,16.483539581298828,16.628131845266434,16.338947317331225,16.338947317331225,5164262
2006-04-25,16.078678131103516,16.512456071556233,16.020841709087293,16.310026206833932,6301655
2006-04-26,16.396780014038086,16.425698221484232,16.07867615063262,16.07867615063262,3972759
2006-04-27,16.338943481445312,16.39677989592097,16.223269458661388,16.39677989592097,3657838
2006-04-28,16.281108856201172,16.367864687642882,16.078678980781458,16.19435302475946,5425072
2006-05-02,16.25218963623047,16.28110784697419,15.963005141127727,16.107597388679096,6689083
2006-05-03,16.136516571044922,16.51245691484794,16.107598358559958,16.223272402332643,8183602
2006-05-04,16.281108856201172,16.57029336922977,16.13651659968687,16.57029336922977,5453209
2006-05-05,16.54137420654297,16.71488585945973,16.338945536583754,16.367863747458962,7223690
2006-05-08,16.83055877685547,16.917313403708274,16.62812892653357,16.62812892653357,7966079
2006-05-09,16.483539581298828,16.772724109234037,16.281109695444453,16.57029422337966,10930227
2006-05-10,15.702736854553223,16.16543297796404,15.500308195935506,16.07867715636634,12959354
2006-05-11,15.471388816833496,15.673817460144857,15.355714794727318,15.55814343803868,13774251
2006-05-12,15.182207107543945,15.471392834828613,15.00869662623947,15.471392834828613,14644341
2006-05-15,14.950858116149902,15.153286783857975,14.921938711763541,15.124368573304357,6191270
2006-05-16,15.008697509765625,15.211126217565187,14.893023450808883,15.037615726046566,7336239
2006-05-17,14.979774475097656,15.008692682076779,14.893018660327687,14.950856268118532,4310405
2006-05-18,13.954952239990234,14.232939802522392,13.899356637616377,14.232939802522392,10789605
2006-05-19,13.732563018798828,13.899355784851483,13.621368239374652,13.899355784851483,16716909
2006-05-22,14.112220764160156,14.459242850438537,14.039924645414576,14.31464941911471,10040658
2006-05-23,13.794116973876953,13.967628615030137,13.69290264575938,13.909791003368182,14704944
2006-05-24,13.909791946411133,14.083303599327895,13.794117909077544,13.794117909077544,10107755
2006-05-25,13.880875587463379,14.285734175229077,13.851957372730025,13.909793802196733,10122906
2006-05-26,14.025466918945312,14.126681260673767,13.909792873898724,13.967630493338437,7913052
2006-05-29,13.67696475982666,13.704764351930297,13.537971574639933,13.704764351930297,5370035
2006-05-30,14.22789478302002,14.256812991731596,14.083302545629467,14.256812991731596,5162097
2006-06-01,14.198975563049316,14.198975563049316,13.851954666382987,13.8808728754664,9405407
2006-06-02,14.632755279541016,14.690591704841806,14.285733146237785,14.285733146237785,22753271
2006-06-05,14.401406288146973,14.89302064772591,14.314650461799879,14.69059078419361,14110816
2006-06-06,14.459247589111328,14.517084025529233,14.21343974975258,14.401409958860361,6330874
2006-06-07,14.08330249786377,14.459242791337214,14.025464886804112,14.459242791337214,3920813
2006-06-08,13.302502632141113,13.967628599431041,13.27358442325877,13.967628599431041,13687675
2006-06-09,13.432634353637695,13.533848666502825,13.042234413706847,13.302500642383247,13124931
2006-06-12,13.62060546875,13.66398337566947,13.157909386719083,13.66398337566947,6668521
2006-06-13,13.38925838470459,13.53385062221554,13.273584355929293,13.30250256466495,4233569
2006-06-14,13.62060546875,13.66398337566947,13.447093841072114,13.66398337566947,4982452
2006-06-15,13.967633247375488,14.025469684386136,13.721825405497556,14.025469684386136,6215079
2006-06-16,14.574917793273926,14.661672424909897,14.170058070308427,14.372487931791177,5893665
2006-06-19,14.661670684814453,14.661670684814453,14.242352503258727,14.43032264024353,7362211
2006-06-20,14.285736083984375,14.488166001830884,14.170062015762525,14.45924778323369,4749779
2006-06-21,14.300188064575195,14.372484168927013,14.170054360442467,14.198972563416708,4657792
2006-06-22,14.777347564697266,14.777347564697266,14.517081262683641,14.719511139286608,4855834
2006-06-23,14.603836059570312,14.661672480881752,14.488162023114683,14.488162023114683,4011718
2006-06-26,14.517078399658203,14.661670628501525,14.343566769980136,14.603834214497235,2462006
2006-06-27,14.69058895111084,14.835181181092027,14.517078513899936,14.517078513899936,7249663
2006-06-28,14.69058895111084,14.69058895111084,14.459242099440502,14.60383432942169,5257331
2006-06-29,14.574917793273926,14.74842825037861,14.574917793273928,14.632754214364574,6679343
2006-06-30,14.979774475097656,15.008692682076779,14.748426431599473,14.835181052536845,8782059
2006-07-03,14.806262969970703,15.124366830911793,14.459242095640105,15.008692808190725,6988852
2006-07-04,14.806262969970703,14.893018785469657,14.719508348304357,14.893018785469657,2246648
2006-07-05,14.748425483703613,15.037609922573875,14.661669674509529,14.921935908259266,11597945
2006-07-06,14.256814002990723,14.690590745930875,14.083303544581211,14.459243865995777,18807567
2006-07-07,14.22789478302002,14.285731200443173,13.996546725662068,14.112220754341044,7671721
2006-07-10,14.039924621582031,14.170057157570108,13.895332384336315,14.170057157570108,4775752
2006-07-11,13.851957321166992,14.227897692799921,13.85195732116699,14.039927506983457,5723759
2006-07-12,13.851957321166992,14.039927506983457,13.837497616937682,13.85195732116699,6355765
2006-07-13,13.678441047668457,13.837492965393093,13.649522842763753,13.837492965393093,6096037
2006-07-14,13.374795913696289,13.447092017480303,13.302499809912277,13.447092017480303,6887125
2006-07-17,13.331422805786133,13.432638342540319,13.215749953209091,13.302504592641872,2306169
2006-07-18,13.47601318359375,13.562767803226853,13.331419763206757,13.331419763206757,1756411
2006-07-19,13.302502632141113,13.649524720227248,13.302502632141113,13.649524720227248,4314734
2006-07-20,13.59168815612793,13.635064872068092,13.476014128011288,13.635064872068092,3169766
2006-07-21,13.736279487609863,13.779657394524131,13.447093839458942,13.447093839458942,2302923
2006-07-24,13.447094917297363,13.447094917297362,13.302502678548546,13.302502678548546,3234698
2006-07-25,13.635066032409668,13.663985437274361,13.562769907913461,13.562769907913461,2345129
2006-07-26,13.093191146850586,13.176591101235944,12.940298194501164,13.06539991682816,2533034875
2006-07-27,13.176589965820312,13.232183165568506,13.09319001862146,13.09319001862146,4357946816
2006-07-28,13.47601318359375,13.736279430158216,13.331419763206757,13.591687203603799,7354636
2006-07-31,13.519392967224121,13.533852670696902,13.461556540998698,13.476016244471479,6842755
2006-08-01,13.562769889831543,13.562769889831543,13.476015256851415,13.476015256851415,3393781
2006-08-02,13.909791946411133,13.909791946411133,13.519391921181173,13.562769834410364,9014732
2006-08-03,13.918221473693848,14.073558842716766,13.871620514496588,13.980356924322246,8437914
2006-08-04,13.964823722839355,13.980356956758454,13.793951861988853,13.902688272066795,8219327
2006-08-07,13.731816291809082,13.918220110338991,13.63861312499617,13.902686877977485,5071025
2006-08-08,13.87161636352539,13.949285024795119,13.731813527768502,13.731813527768502,3822103
2006-08-09,14.197829246520996,14.197829246520994,13.856086795134667,13.918220986037976,2727042
2006-08-10,14.477434158325195,14.819175302802158,14.228893657967214,14.259961377705444,11561810
2006-08-11,14.415300369262695,14.66383964052819,14.384232645967508,14.66383964052819,2111600
2006-08-14,14.135690689086914,14.492966295233396,14.089089741771765,14.415297630525563,4580794
2006-08-15,14.306563377380371,14.353164331630193,14.275495655364509,14.291030145146413,1836774
2006-08-16,14.570637702941895,14.663839615117952,14.446368067524489,14.492969023612517,5366013
2006-08-17,14.88131332397461,14.958982008020666,14.71044272209251,14.788110148590496,7105165
2006-08-18,15.223052024841309,15.471592527453758,14.881310877264472,14.912378597284512,9520243
2006-08-21,14.632774353027344,15.067718741538137,14.617239861354898,15.052184249865691,5305
2006-08-22,14.601704597473145,14.679373272394491,14.5395691545169,14.632772318951268,2122
2006-08-23,14.601704597473145,14.865778343715302,14.461900479595556,14.757041947315834,6141681
2006-08-24,14.524035453796387,14.757041471040278,14.477434501857186,14.757041471040278,2455399
2006-08-25,14.38422966003418,14.663836596552986,14.322095483889855,14.524033757067452,1757191
2006-08-28,13.405609130859375,14.384234357005496,13.390075896138066,14.259964706590585,13389035
2006-08-29,13.467741966247559,13.63861254515141,13.39007329264619,13.63861254515141,4996748
2006-08-30,13.918221473693848,13.918221473693848,13.514344817253491,13.607546735648011,4978709
2006-08-31,14.663840293884277,14.881313109092213,14.011424363356573,14.21336268745077,13205464
2006-09-01,14.757043838500977,14.757043838500977,14.22889627833205,14.22889627833205,5547462
2006-09-04,15.207523345947266,15.37839522843371,14.912383061276895,15.145389144855303,9604070
2006-09-05,15.223052024841309,15.285187464881387,14.927911828520598,15.223052024841309,5301285
2006-09-06,15.223052024841309,15.378390624941506,15.067715939836843,15.160917842349095,6192614
2006-09-07,15.0521821975708,15.12985087269897,15.005581244003483,15.12985087269897,5004175
2006-09-08,15.098783493041992,15.316256291344592,14.927912906909919,14.94344739681608,3332933
2006-09-11,15.098783493041992,15.518194599741031,14.927912906909919,15.005581583796852,5719361
2006-09-12,15.269654273986816,15.347322945468179,15.098782442199099,15.098782442199099,5663122
2006-09-13,15.378390312194824,15.471592212811652,15.316254873418378,15.316254873418378,3822103
2006-09-14,15.191986083984375,15.44052533758253,14.943446830386222,15.378391152956945,2265461
2006-09-15,15.285189628601074,15.316257353018957,15.067718072771992,15.12985226405971,2821480
2006-09-18,15.906539916992188,15.906539916992186,15.502663251123929,15.533729719615248,6794261
2006-09-19,15.595863342285156,15.844402606350494,15.564795619889999,15.844402606350494,2610320
2006-09-20,15.657998085021973,15.65799808502197,15.471594259133953,15.533728448580623,2876658
2006-09-21,15.533731460571289,15.844406240688507,15.502664988598168,15.782272039194012,3273512
2006-09-22,15.533731460571289,15.53373146057129,15.362860834526122,15.471597259076797,2597587
2006-09-25,15.533731460571289,15.595866919614034,15.254124409975446,15.254124409975446,1037761
2006-09-26,15.378390312194824,15.657996014045308,15.3473225928066,15.533726394040256,3754193
2006-09-27,15.347319602966309,15.626926507893883,15.285184176294583,15.533723367886294,6874905
2006-09-28,14.91237735748291,15.34732162895899,14.694904592970989,15.098781147009973,16175499
2006-09-29,14.725976943969727,14.834713360439846,14.648308254712237,14.679375981924865,8218265
2006-10-02,15.067719459533691,15.316258762655037,14.291032565344285,14.601707323020047,19165696
2006-10-03,16.092945098876953,16.092945098876953,15.06771893711239,15.06771893711239,42099380
2006-10-04,15.875473976135254,16.03081136625184,15.658001126952733,15.968675907185906,18314689
2006-10-05,16.477933883666992,16.599771445781034,15.686024312502573,15.716479615999273,34449421731
2006-10-09,16.477937698364258,16.477937698364258,16.477937698364258,16.477937698364258,0
2006-10-11,16.310413360595703,16.8696272886354,15.844401334713336,16.55895386226168,17700309
2006-10-12,16.5589542388916,16.714290326837617,16.155076386078715,16.34148145218098,13623539
2006-10-13,16.40361785888672,16.807495766433597,16.40361785888672,16.745360316796212,12719477
2006-10-16,16.5589542388916,16.65215614316879,16.465751077066525,16.465751077066525,4843948
2006-10-17,16.59002113342285,16.77642620437311,16.55895466955441,16.55895466955441,6952366
2006-10-18,16.155075073242188,16.558952893234082,15.533725741760305,16.558952893234082,16470487
2006-10-19,15.689064979553223,16.09294284858284,15.533727627822124,15.937605496851742,12831954
2006-10-20,16.43468475341797,16.776427194062485,15.595863770979243,15.844403041876348,15837007
2006-10-23,16.341480255126953,16.558953025907154,16.09294102356198,16.46574987090944,7366197
2006-10-24,15.999740600585938,16.465752682504597,15.999740600585938,16.465752682504597,5461512
2006-10-25,15.844405174255371,16.155079933462126,15.81333870437323,15.999742553858749,3893197
2006-10-26,15.533731460571289,15.686024326316145,15.350984548851164,15.472814565782997,9545051
2006-10-27,15.689064979553223,16.06187512672703,15.68906497955322,15.96867196115961,4346290
2006-10-30,15.285189628601074,15.533728908848039,15.223054179765311,15.533728908848039,6634034
2006-10-31,15.316256523132324,15.393925201194653,15.223053354928743,15.285188800397796,5126203
2006-11-01,15.626930236816406,15.875469487714943,15.471592890617847,15.518193842967836,11727343
2006-11-02,15.720131874084473,15.75119959430524,15.487125858750549,15.595862250749288,6401652
2006-11-03,16.124006271362305,16.34147902578236,15.720129736065287,15.751197452060682,14711173
2006-11-06,16.092945098876953,16.279348940980974,15.968674194076788,15.968674194076788,10152662
2006-11-07,16.465749740600586,16.49681745868729,16.279344689628154,16.279344689628154,8467625
2006-11-08,16.43468475341797,16.68322528186307,16.37255056446769,16.621089835364796,5273696
2006-11-09,16.03080940246582,16.465753790001603,15.813337837471977,16.434686064274455,5959171
2006-11-10,16.092945098876953,16.248282472329045,15.90653999922482,16.217214746129006,6736961
2006-11-13,16.124006271362305,16.24827713534388,16.061872096919217,16.09293981291461,4529861
2006-11-14,16.527883529663086,16.621085417087237,16.248276609842975,16.248276609842975,10149478
2006-11-15,16.5589542388916,16.62108842256043,16.403615635849807,16.5589542388916,5880649
2006-11-16,16.714290618896484,16.74535834004771,16.341481737725534,16.55895452823619,7952989
2006-11-17,17.0560359954834,17.211373370640793,16.714293518627507,16.714293518627507,25351944
2006-11-20,16.714290618896484,17.05603303646412,16.68322415529317,17.05603303646412,9352588
2006-11-21,17.14923095703125,17.180298670962596,16.71428673463527,16.71428673463527,15114393
2006-11-22,17.459909439086914,17.459909439086914,16.96283093654436,17.180302467019754,14879889
2006-11-23,18.11232566833496,18.11232566833496,17.49097631270405,17.49097631270405,19699432
2006-11-24,18.26766014099121,18.3297955698242,17.770580482970225,18.143390540872876,12319440
2006-11-27,17.956993103027344,18.360869788532927,17.832723450375486,18.32980331853109,12688705
2006-11-28,17.553117752075195,17.832724806187283,17.428848089975187,17.739521616451075,5842449
2006-11-29,17.242435455322266,17.739513887139474,17.02496269824145,17.677379711936183,13368874
2006-11-30,17.52204704284668,17.67738440844637,17.3045742279879,17.67738440844637,6415446
2006-12-01,17.863788604736328,17.95699051641291,17.366708808182576,17.522046166008874,8812485
2006-12-04,17.98805809020996,18.11232772393012,17.615247931501496,17.8637884564898,6343291
2006-12-05,18.11232566833496,18.26766300724269,17.988056048718345,18.174459849369352,9865102
2006-12-06,17.801651000976562,18.08125795966515,17.61524594266822,17.863786439595287,5406335
2006-12-07,17.70844841003418,17.801650306779912,17.522043358994928,17.70844841003418,4853498
2006-12-08,17.14923095703125,17.5531087230435,16.776422162497962,17.5531087230435,10695948
2006-12-11,16.9317626953125,17.242437378626256,16.745357633814677,17.149234219103413,7963600
2006-12-12,16.6832275390625,16.93176684358636,16.6832275390625,16.93176684358636,4104358
2006-12-13,16.83856201171875,16.931763920437508,16.590021492555483,16.71429112336314,5460451
2006-12-14,16.447477340698242,16.630225454115998,16.41701827383873,16.508394216869405,5719021
2006-12-15,17.14923095703125,17.21136638489394,16.869624046744377,17.02496135885349,4820604
2006-12-18,17.14923095703125,17.397771410934393,17.02496135885349,17.304568269140358,5427557
2006-12-19,17.242435455322266,17.49097467123087,16.96282852303816,17.056030414616956,4739960
2006-12-20,17.335643768310547,17.49098115017989,17.242441842208216,17.366711496194053,2977463
2006-12-21,17.863788604736328,18.32980067821522,17.149236004206564,17.149236004206564,16492770
2006-12-22,17.58418083190918,18.143394792251083,17.58418083190918,18.143394792251083,5312957
2006-12-25,17.739517211914062,18.081259640999207,17.584181116018584,17.584181116018584,5193052
2006-12-26,18.205530166625977,18.423002975149736,17.89485544447662,18.081260529275838,16371804
2006-12-27,18.050193786621094,18.391936251069485,18.050193786621094,18.329802057791284,6124703
2006-12-28,18.11232566833496,18.2987307265338,18.050190229752737,18.11232566833496,5560195
2006-12-29,18.360868453979492,19.2307572168631,18.112329166740768,18.112329166740768,27443384
2007-01-02,18.236597061157227,18.60940721380449,18.14339515176939,18.516204046868697,10076262
2007-01-03,17.677383422851562,18.29873285060724,17.646315699954183,18.236597404812482,18176745
2007-01-04,18.11232566833496,18.11232566833496,17.553111751286274,17.646313651611777,7521119
2007-01-05,17.64631462097168,18.143394384291916,17.64631462097168,18.081258942296422,10739453
2007-01-08,17.335643768310547,17.553116605946904,17.242441842208216,17.553116605946904,8269199
2007-01-09,17.366708755493164,17.522046112848177,17.304573309531964,17.335641032512562,5421190
2007-01-10,17.770586013793945,17.832721461965644,17.05603464755957,17.211372010440783,12541211
2007-01-11,17.242435455322266,17.708447428311686,17.08709813099246,17.708447428311686,6821850
2007-01-12,17.770586013793945,17.89485565258931,17.522046736203215,17.70845182317028,17023323
2007-01-15,17.64631462097168,18.019124757848832,17.615246899973933,17.863787410408,10561188
2007-01-16,17.70844841003418,17.89485220352564,17.55311107709277,17.61524525574066,7784273
2007-01-17,17.61524772644043,17.70845089380655,17.522045816622278,17.584181261533022,5065720
2007-01-18,17.513517379760742,17.604892067148064,17.23939331759877,17.26984861244946,8371808
2007-01-19,17.770586013793945,17.95699110076101,17.770586013793945,17.86378918605149,4753754
2007-01-22,17.52204704284668,17.708452133075916,17.366709677246995,17.708452133075916,5300224
2007-01-23,17.3045711517334,17.522043927931783,17.242436971068024,17.45990848971858,6173514
2007-01-24,17.677383422851562,17.677383422851562,17.522046065912644,17.584181511707406,4275196
2007-01-25,17.894855499267578,17.925923223087242,17.584182033715006,17.646316223806313,8175821
2007-01-26,17.58418083190918,17.925921997924824,17.553113110212866,17.58418083190918,3366889
2007-01-29,17.366708755493164,17.677383470203193,17.366708755493164,17.522046112848177,3932458
2007-01-30,17.366708755493164,17.49097838986758,17.273506844099348,17.366708755493164,3580171
2007-01-31,17.27350425720215,17.553111207057363,16.962829589019066,17.490975770401626,7725912
2007-02-01,17.21137046813965,17.584180608666472,17.18030274683776,17.55311288736458,4143618
2007-02-02,17.52204704284668,17.553114767476227,17.397777401876542,17.459911593587584,3035824
2007-02-05,17.39777374267578,17.770582587174875,17.39777374267578,17.677380690437047,5322507
2007-02-06,17.553117752075195,17.584185481987266,17.397780360063116,17.553117752075195,6074831
2007-02-07,17.553117752075195,17.801657076275212,17.553117752075195,17.708455144087274,4523494
2007-02-08,17.70844841003418,17.801650306779912,17.584178795190606,17.584178795190606,5495467
2007-02-09,18.14339828491211,18.32980339342562,17.584184216919745,17.584184216919745,19504189
2007-02-12,18.019126892089844,18.174463000381255,17.832721801572873,18.174463000381255,5107103
2007-02-13,17.49097442626953,18.01912182461325,17.45990671032913,17.863784502458945,5811677
2007-02-14,17.553117752075195,17.739521616451075,17.490982292251058,17.52205002216313,5361768
2007-02-26,17.739517211914062,17.77058493411234,17.397776040376872,17.70845074726374,8272382
2007-02-27,17.553117752075195,17.739521616451075,17.490982292251058,17.553117752075195,5327813
2007-03-01,16.77642822265625,17.242440327321383,16.745360497502293,17.242440327321383,12840443
2007-03-02,16.621089935302734,16.80749501837036,16.590022211866795,16.745359571498483,8904801
2007-03-05,15.906539916992188,16.62109132815852,15.906539916992186,16.62109132815852,13224564
2007-03-06,16.03080940246582,16.092944853920116,15.875472031378177,15.906539757105325,9819474
2007-03-07,16.092945098876953,16.186147019928963,15.844404546824737,16.15507929372892,8050611
2007-03-08,16.40361785888672,16.465753308524103,15.937607016798577,15.937607016798577,4812115
2007-03-09,16.124006271362305,16.465748632216236,16.030804380923826,16.465748632216236,3667182
2007-03-12,16.310413360595703,16.372548800399162,16.092941836379314,16.155076018634915,5432862
2007-03-13,16.124006271362305,16.558951780202417,16.124006271362305,16.496816348211627,12712049
2007-03-14,15.657998085021973,15.906538615452675,15.518195215605958,15.906538615452675,18431411
2007-03-15,15.813336372375488,15.937606006222474,15.720133203829265,15.720133203829265,6926899
2007-03-16,15.844405174255371,15.937608356546297,15.51819718010755,15.844405174255373,16017395
2007-03-19,16.155075073242188,16.34148012419631,15.813333946965383,15.813333946965383,12448895
2007-03-20,16.186140060424805,16.403611535223334,16.186140060424805,16.372545079928955,10739453
2007-03-21,15.999740600585938,16.217213408500516,15.968672876948425,16.186145684863003,5758622
2007-03-22,16.279346466064453,16.40361609442404,15.968671766391523,16.03080720934528,20833755
2007-03-23,15.999740600585938,16.310415321865044,15.968672876948425,16.27934759822753,6555512
2007-03-26,15.999740600585938,16.186145684863003,15.968672876948425,15.999740600585938,6183064
2007-03-27,15.751202583312988,15.999741877147116,15.720134857196694,15.999741877147116,8985445
2007-03-28,15.689064979553223,15.875470053140127,15.626930793389546,15.720132701409028,5536851
2007-03-29,15.689064979553223,15.720132701409028,15.564795349677931,15.626930793389546,7094554
2007-03-30,15.689064979553223,15.813335866976452,15.626930793389546,15.68906497955322,4999931
2007-04-02,15.689064979553223,15.84440233128432,15.657997257697414,15.68906497955322,3931397
2007-04-03,15.689064979553223,15.813335866976452,15.533727627822124,15.720132701409028,8967406
2007-04-04,15.751202583312988,15.813338035545577,15.626932936395926,15.689067131080401,6193675
2007-04-09,15.96867561340332,16.061878800287523,15.844405955105943,16.03081107132612,6548085
2007-04-10,16.092945098876953,16.186147019928963,15.968674194076788,15.99974192027683,4679477
2007-04-11,16.217214584350586,16.372551956253076,16.12401140668023,16.155079132570346,10171762
2007-04-12,16.03080940246582,16.155079047826316,15.968673951011525,16.155079047826316,6239303
2007-04-13,15.720131874084473,16.030806561196375,15.626929970970053,15.99973884097561,11423867
2007-04-16,15.751202583312988,15.968674151030822,15.657999404964107,15.844404504113758,6496090
2007-04-17,15.533731460571289,15.875473970209878,15.502664988598168,15.844406240688507,13719039
2007-04-18,15.720131874084473,15.75119959430524,15.533726810307758,15.533726810307758,4299601
2007-04-19,15.626930236816406,15.720132141516384,15.533727074568535,15.657996700017803,8549331
2007-04-20,15.595863342285156,15.689065251922669,15.595863342285156,15.626931064680315,6900372
2007-04-23,15.487129211425781,15.720135277201184,15.487129211425783,15.657999823308485,9205094
2007-04-24,15.689064979553223,15.720132701409028,15.471593441658449,15.487126673812382,7052110
2007-04-25,15.626930236816406,15.751199862265675,15.626930236816406,15.720132141516384,4262462
2007-04-26,15.657998085021973,15.782268979011326,15.5958638955753,15.68906580851931,3219395
2007-04-27,15.44052505493164,15.720132024498115,15.409457334413611,15.65799658346206,13203341
2007-04-30,14.91237735748291,15.393922576340756,14.865776410101144,15.393922576340756,10653504
2007-05-02,15.067719459533691,15.129853656539948,14.91238208069581,15.036651732256484,2475560
2007-05-03,15.067719459533691,15.409460686938504,14.99005077011475,15.114320421675425,12100852
2007-05-04,15.378390312194824,15.409456774035206,15.22305171525371,15.22305171525371,9227377
2007-05-07,15.129850387573242,15.316255453413515,15.052181714935452,15.223052291719434,7159282
2007-05-08,15.114320755004883,15.19198944613672,15.036652063873047,15.129853990211977,6039815
2007-05-09,15.021116256713867,15.145387157689187,14.974515297622162,15.129852666293235,10038062
2007-05-10,15.067719459533691,15.129853656539948,15.005584004979276,15.036651732256484,8461259
2007-05-11,15.0521821975708,15.114317640692507,15.005581244003483,15.067716687125191,2894697
2007-05-14,15.036652565002441,15.145388987720532,15.036652565002443,15.083253529724987,3545155
2007-05-15,14.896846771240234,15.067718633119043,14.881313537227657,15.052184141558374,3400844
2007-05-16,14.88131332397461,14.974515241810648,14.865780090184625,14.927914282892628,8614058
2007-05-17,14.850245475769043,15.005582842573734,14.819177750898492,14.943448650380695,6278564
2007-05-18,14.850245475769043,14.974515117703184,14.850245475769043,14.974515117703184,4923531
2007-05-21,14.850245475769043,14.974515117703184,14.819177750898492,14.912380925510144,6889761
2007-05-22,14.91237735748291,14.974511534809343,14.896842869990481,14.91237735748291,7838390
2007-05-23,15.00558090209961,15.00558090209961,14.912378997088593,14.912378997088593,12301401
2007-05-24,15.021116256713867,15.067718473353652,14.974515297622162,15.067718473353652,10241795
2007-05-25,15.00558090209961,15.052181854605118,14.943446717941566,15.00558090209961,7819290
2007-05-28,15.720131874084473,15.844401497419659,15.3317885151946,15.378390724299683,29011699
2007-05-29,15.782267570495605,16.09294226264628,15.626930224420269,16.09294226264628,34491250
2007-05-30,15.44052505493164,15.689064303980087,15.409457334413611,15.689064303980087,11464189
2007-05-31,15.533731460571289,15.564799190092662,15.456062765541986,15.53373146057129,6083320
2007-06-01,15.471595764160156,15.59586541269005,15.45606127212634,15.533729959651039,10236489
2007-06-04,15.471595764160156,15.720135061219942,15.471595764160156,15.689067334700436,7143365
2007-06-05,15.657998085021973,15.720133532016648,15.502661982631292,15.502661982631292,11034441
2007-06-06,15.689064979553223,15.96867196115961,15.533727627822124,15.813335866976452,23388898
2007-06-07,15.720131874084473,15.75119959430524,15.564794530528523,15.626929970970053,5958110
2007-06-08,15.564796447753906,15.626931895849097,15.51819549045653,15.564796447753906,5027520
2007-06-11,15.657998085021973,15.813336702508664,15.564796172077962,15.5958638955753,11946992
2007-06-12,15.424992561340332,15.751200498514894,15.409458071564245,15.689065054506433,16594636
2007-06-13,15.331791877746582,15.424995058850097,15.300725408260227,15.40946056655877,14096793
2007-06-14,15.393925666809082,15.487127580283733,15.362857943134863,15.37839243374598,14106343
2007-06-15,15.689064979553223,15.751200423264837,15.502661163514256,15.533727627822124,30129043
2007-06-20,16.155075073242188,16.18614279132584,15.78226622888173,15.844400407501245,27718210
2007-06-21,16.155075073242188,16.310412406112658,15.968670022288064,16.310412406112658,19254829
2007-06-22,16.310413360595703,16.527886142359954,16.248279178340105,16.310413360595703,22495447
2007-06-25,15.999740600585938,16.124010237587978,15.968672876948425,15.999740600585938,12755555
2007-06-26,16.124006271362305,16.279343593791573,15.99973666492843,15.99973666492843,10290605
2007-06-27,15.875473976135254,16.124013297302493,15.844406246602286,16.124013297302493,10670481
2007-06-28,15.999740600585938,15.999740600585938,15.813336773856882,15.999740600585938,13962032
2007-06-29,15.906539916992188,16.030809563601796,15.813337996422007,16.030809563601796,7836267
2007-07-02,15.875473976135254,15.968675907185906,15.782272045084603,15.937609435201189,9981824
2007-07-03,15.937606811523438,16.155078367357145,15.844403638267812,15.906539087104896,21814217
2007-07-04,15.999740600585938,16.217213408500516,15.90653868722141,15.999740600585938,17965585
2007-07-05,16.4968204498291,16.527888173548888,16.030808366676343,16.030808366676343,46063672
2007-07-06,17.08710479736328,17.428847295725973,16.590024914067385,16.621092642563667,43074536
2007-07-09,18.26766014099121,18.26766014099121,16.99389516784371,17.397771682615215,70766220
2007-07-10,17.739517211914062,18.516203979131234,17.70845074726374,18.516203979131234,43962682
2007-07-11,17.52204704284668,17.708452133075916,17.242440036276857,17.553114767476227,27247079
2007-07-12,17.39777374267578,18.14339268922176,17.304570588390167,17.52204335750881,26510672
2007-07-13,17.39777374267578,17.86378574146049,17.304570588390167,17.708448408532252,23763468
2007-07-16,17.39777374267578,17.832718023365285,17.366706024580576,17.80165030527008,20797677
2007-07-17,17.459909439086914,17.553112601474563,17.36670753424716,17.553112601474563,11679593
2007-07-18,17.14923095703125,17.5531087230435,17.14923095703125,17.5531087230435,13954605
2007-07-19,17.08710479736328,17.304576381740844,17.024969340370717,17.08710479736328,12292913
2007-07-20,17.58418083190918,17.801652368687503,17.273506130041913,17.304572594190294,26406683
2007-07-23,17.239395141601562,17.483056389405906,17.239395141601562,17.391687980090868,17465528872
2007-07-24,17.64631462097168,17.77058424741476,17.553112715526343,17.739516526417013,19281357
2007-07-25,17.3045711517334,17.45990848971858,17.242436971068024,17.397774309053204,16221127
2007-07-26,16.83856201171875,17.36670825703829,16.83856201171875,17.24243862623063,19699432
2007-07-27,15.96867561340332,16.40362004621825,15.906541413028744,16.1861484585849,31911701
2007-07-30,16.124006271362305,16.124006271362305,15.6579943040745,15.782265168056076,25502621
2007-07-31,16.6832275390625,17.118171950753336,16.310417324728547,16.310417324728547,31963696
2007-08-01,16.124006271362305,17.366704850796452,16.124006271362305,16.68322138663629,42119541
2007-08-02,16.465749740600586,16.652154791573018,15.999737741943399,16.621087073486315,15771218
2007-08-03,17.0560359954834,17.118171448565608,16.248282650703455,16.527889674477137,27670461
2007-08-06,16.9317626953125,17.024964597287482,16.5900202921578,16.745357633814677,16456692
2007-08-07,16.465749740600586,17.180300968855825,16.40361430442718,17.14923325076912,19359878
2007-08-08,17.11103630065918,17.11103630065918,16.679106583811805,16.679106583811805,17729832
2007-08-09,17.27716064453125,17.44328663135355,17.07780919663989,17.37683702773843,16462747
2007-08-10,17.70909309387207,17.941670039263524,16.845234926330097,16.845234926330097,22709749
2007-08-13,18.606170654296875,18.80552340099277,17.974890911995153,18.40681922612385,57316368
2007-08-14,18.2739200592041,19.1710022113051,18.2739200592041,18.77229932559865,49205149
2007-08-15,17.609413146972656,18.572947519194948,17.609413146972656,18.107792403611832,38207098
2007-08-16,16.679101943969727,17.44328345378126,16.579425578920187,17.310382952237966,39459619
2007-08-17,17.27716064453125,17.60941393669885,16.679104982334167,16.812006826610407,45263453
2007-08-20,17.476511001586914,18.27391938042632,17.443285542591696,18.27391938042632,52921101
2007-08-21,17.27716064453125,17.47651209242261,17.01135827450177,17.47651209242261,23801023
2007-08-22,17.144258499145508,17.476511785477648,17.044583436211948,17.343611262058577,22559945
2007-08-23,17.609413146972656,17.775539126344736,17.410061708021573,17.609413146972656,26340396
2007-08-24,18.373594284057617,18.838749387547967,17.775538664229245,18.0413410154282,96919549
2007-08-27,17.476511001586914,18.27391938042632,17.476511001586914,18.27391938042632,34611821
2007-08-28,17.609413146972656,17.841990045502744,17.443285849077636,17.47651130865664,12812334
2007-08-29,17.3768367767334,17.3768367767334,16.944907107597757,17.11103441054338,12895558
2007-08-30,17.576189041137695,17.67586542755193,17.37683758683227,17.54296357899962,15264321
2007-08-31,17.84198760986328,18.04133902160057,17.57618528803931,17.7755366997766,23820789
2007-09-03,17.70909309387207,18.174246984654978,17.70909309387207,18.074570585834408,19313169
2007-09-04,17.609413146972656,17.941666424239756,17.542962227814648,17.841990045502744,12432625
2007-09-05,17.54296112060547,18.07456580327187,17.54296112060547,17.80876346193867,15824003
2007-09-06,17.908443450927734,18.041343989171672,17.476513734957912,17.542964663341444,24001801
2007-09-07,17.64263916015625,18.041342050569227,17.60941369953467,18.041342050569227,21891032
2007-09-10,17.3768367767334,17.60941368233429,17.343611316144273,17.60941368233429,17755840
2007-09-11,17.410062789916992,17.509737856325067,17.243935481698497,17.44328693303767,11767873
2007-09-12,17.3768367767334,17.642639142923414,17.343611316144273,17.410062237322524,13683065
2007-09-13,17.11103630065918,17.509739234724158,17.11103630065918,17.376838696210207,14181369
2007-09-14,17.077810287475586,17.27716174810041,16.944908434710314,17.210710821717775,15348586
2007-09-17,16.59604263305664,17.077809859472094,16.54620509878023,17.077809859472094,28350255
2007-09-18,16.59604263305664,16.59604263305664,16.59604263305664,16.59604263305664,0
2007-09-19,16.34684944152832,16.845229970485043,16.34684944152832,16.81200451398641,27280827
2007-09-20,16.546201705932617,16.679102209592415,16.28039806156746,16.28039806156746,12093487
2007-09-21,16.745553970336914,16.745553970336914,16.546202545470926,16.645877598642496,7916683
2007-09-26,16.778779983520508,16.944905956659483,16.778779983520508,16.878455039994737,9228501
2007-09-27,17.27716064453125,17.27716064453125,16.812006826610407,16.94490735236365,17421904
2007-09-28,17.044584274291992,17.476512644795555,17.044584274291992,17.44328718267635,12990226
2007-10-01,17.077810287475586,17.343612674483047,17.01135936109295,17.243936284909093,15211266
2007-10-02,17.17748260498047,17.277158978576328,17.144257147115184,17.24393352071104,10115877
2007-10-03,17.11103630065918,17.24393683917313,17.04458537214064,17.177485910654593,9139035
2007-10-04,17.3768367767334,17.443286379388667,16.978132568186883,17.11103441054338,15667958
2007-10-05,17.077810287475586,17.410063600865683,17.077810287475586,17.376838137674365,9454246
2007-10-08,17.144258499145508,17.243934880602044,17.07780889669746,17.17748395963102,6015014
2007-10-09,17.144258499145508,17.509737245963162,17.144258499145508,17.310385801573066,17108773
2007-10-11,17.210710525512695,17.31038691337117,17.111035456177284,17.277161450751677,10530956
2007-10-12,16.878456115722656,17.277160322599165,16.878456115722656,17.21070940169925,17993028
2007-10-15,16.978134155273438,17.210711082615216,16.878457764188486,17.210711082615216,7151022
2007-10-16,16.81200408935547,16.944904593470447,16.712327722377147,16.944904593470447,16210994
2007-10-17,16.778779983520508,16.978131414991854,16.745554525188137,16.812005441852882,13955624
2007-10-18,16.978134155273438,17.111036010053372,16.81200815532162,16.878457764188486,18022157
2007-10-19,17.3768367767334,17.509737300566915,16.978132568186883,17.04458348936513,45657726
2007-10-22,16.878456115722656,17.04458341797244,16.812006513345715,16.978132497072526,21086881
2007-10-23,17.609413146972656,17.775539126344736,17.077808430754477,17.077808430754477,37185523
2007-10-24,17.144258499145508,17.97489237423735,17.144258499145508,17.875215992780813,31093526
2007-10-25,17.609413146972656,17.609413146972656,17.310385329284564,17.343610788863565,19214341
2007-10-26,17.875215530395508,18.041341510002844,17.675864091162115,17.77553915151734,35245364
2007-10-29,18.2739200592041,18.539722422516057,18.008116377369177,18.041341837598544,58300492
2007-10-30,18.1077938079834,18.606173103274976,17.974893277883066,18.4400471110188,47742487
2007-10-31,17.974891662597656,18.440045453933074,17.974891662597656,18.273919476605545,49004371
2007-11-01,17.609413146972656,18.207468782348844,17.609413146972656,18.207468782348844,29194979
2007-11-02,17.077810287475586,17.376838137674365,16.878457508327678,17.27716174810041,26560939
2007-11-05,17.17748260498047,17.310384436441613,16.978131176311624,17.111033007772768,12697901
2007-11-06,17.343612670898438,17.576189594666513,17.144259891791734,17.243936281345086,16005015
2007-11-07,17.310386657714844,17.675865422608446,17.310386657714844,17.609414498350873,18771173
2007-11-08,16.679101943969727,17.17748113217191,16.6126510339367,17.144255677155396,24969280
2007-11-09,16.845233917236328,17.011359920129152,16.56281813009077,16.812008452953137,13450038
2007-11-12,16.71232795715332,17.044581199892463,16.579426132648543,16.812004325531905,17470798
2007-11-13,17.044584274291992,17.077809736411194,16.745556433742202,16.84523282009981,11522362
2007-11-14,17.343612670898438,17.50973866829761,17.277161744529536,17.47651320511316,18158436
2007-11-15,17.310386657714844,17.57618903622209,17.310386657714844,17.410063044101204,11852137
2007-11-16,17.27716064453125,17.27716064453125,16.745555904472287,17.27716064453125,15157171
2007-11-19,16.878456115722656,17.34361124349908,16.845231973795673,17.277160322599165,12146542
2007-11-20,16.845233917236328,16.845233917236328,16.49636720152439,16.712332060103563,21046309
2007-11-21,16.57942771911621,17.04458283087033,16.57942771911621,16.878455534342812,13575915
2007-11-22,16.380077362060547,16.679105197007818,16.28040097757045,16.579428812517722,24033010
2007-11-23,16.130887985229492,16.54620426602522,16.130887985229492,16.44652788396597,9569719
2007-11-26,16.247175216674805,16.38007573090412,16.114273383922605,16.28039935633997,9038126
2007-11-27,15.831859588623047,15.96476143766105,15.566058527593134,15.948149365792823,12865390
2007-11-28,15.682348251342773,15.948150652338146,15.665734859611288,15.948150652338146,8625127
2007-11-29,16.19734001159668,16.28040301647948,15.948150996948275,16.014600609740608,9529148
2007-11-30,16.114276885986328,16.38007929073382,16.0976648125435,16.114276885986328,11836533
2007-12-03,15.881696701049805,16.11427359285884,15.831857853860082,15.981373076906351,14448726
2007-12-04,16.0976619720459,16.14749950210353,15.94814806335007,16.081048583011395,6623590
2007-12-05,16.031208038330078,16.197333986297952,15.948145064346141,16.097658944926305,10043056
2007-12-06,16.114276885986328,16.330241751882156,16.114276885986328,16.24717874762166,16365999
2007-12-07,16.280397415161133,16.562813116824525,16.280397415161133,16.479750140519783,19059336
2007-12-10,16.114276885986328,16.39669136417665,16.114276885986328,16.313628359916155,6758829
2007-12-11,16.263784408569336,16.28039647546235,16.14749598475028,16.263784408569336,4260028
2007-12-12,15.948147773742676,16.18072466781876,15.865084785647346,16.18072466781876,9522906
2007-12-13,15.449769020080566,16.047824714143832,15.449769020080566,16.047824714143832,9296120
2007-12-14,15.150739669799805,15.615894784876028,14.95138823106596,15.615894784876028,19707443
2007-12-17,14.785263061523438,15.615895640010416,14.785263061523438,15.615895640010416,6323983
2007-12-18,14.585912704467773,14.918166054490158,14.552687237613211,14.768652112906246,12264096
2007-12-19,14.801874160766602,14.918162608635194,14.65236025371799,14.785262090438055,10153328
2007-12-20,14.51945972442627,14.868325067765477,14.453008806117014,14.801874149456221,6925277
2007-12-21,14.403169631958008,14.65235991071324,14.120755213323443,14.585908993908793,15699167
2007-12-24,15.117518424987793,15.117518424987793,14.552686823072976,14.785265084429803,7702381
2007-12-25,15.03445053100586,15.250415348865902,14.951387545220575,15.217189890847212,3245736
2007-12-26,14.868326187133789,15.034452176890873,14.785263192255249,15.034452176890873,4511781
2007-12-27,15.23380184173584,15.23380184173584,14.868323156537798,14.868323156537798,5079784
2007-12-28,15.383319854736328,15.383319854736328,15.034453144164532,15.183967071974413,9122390
2007-12-31,15.300253868103027,15.58266962030125,15.283641797278646,15.58266962030125,6168979
2008-01-02,14.968000411987305,15.350092540286505,14.951388341354837,15.300253691343205,8201725
2008-01-03,14.752034187316895,14.868322615920208,14.718808733641275,14.785259640992512,6203308
2008-01-04,14.486230850219727,14.552680434340921,14.45300539889782,14.552680434340921,17144144
2008-01-07,13.555927276611328,14.120757524865004,13.489476348928989,14.120757524865004,14998005
2008-01-08,13.722051620483398,13.821727999971909,13.55592563985883,13.55592563985883,6186664
2008-01-09,13.722051620483398,13.7552770803129,13.290123279745751,13.456249260370319,13169157
2008-01-10,13.655599594116211,13.938013974725841,13.655599594116211,13.854950999165522,9440722
2008-01-11,13.838338851928711,14.054303662539706,13.788501325834956,13.788501325834956,9385586
2008-01-14,13.938017845153809,14.120757233244777,13.871566918843804,14.021080843779773,9459447
2008-01-15,14.054306030273438,14.386559336759912,13.971243033282583,14.054306030273438,11979054
2008-01-16,13.555927276611328,13.771892132317381,13.456250885087819,13.688827813452901,16853900
2008-01-17,13.589150428771973,13.93801576197334,13.33996015161506,13.88817823395111,18906412
2008-01-18,13.755273818969727,13.805111337636149,13.389796484544906,13.489471521877748,7682615
2008-01-21,13.672212600708008,13.8881774068136,13.638987144497701,13.854951950603294,7042831
2008-01-22,12.725296020507812,13.256900862752417,12.725296020507812,12.924647506718726,19320451
2008-01-23,12.22691535949707,12.941258219817147,12.193689895536561,12.941258219817147,21334472
2008-01-24,12.22691535949707,12.708681290616688,12.193689895536561,12.708681290616688,11938482
2008-01-25,12.858192443847656,12.858192443847656,12.459489599424323,12.625615564846907,7866748
2008-01-28,12.625616073608398,12.758517906120138,12.592390615480465,12.69206698986427,7785605
2008-01-29,12.841581344604492,12.891418874290796,12.708679507410444,12.891418874290796,6515398
2008-01-30,12.592392921447754,12.974483782104626,12.509329920178544,12.858195316623105,8764527
2008-01-31,12.459489822387695,12.708678774980822,12.326587992853076,12.625615790783113,5855848
2008-02-01,12.52593994140625,12.658840443975103,12.492714486133345,12.575777465054223,5231668
2008-02-12,12.293362617492676,12.525940820730055,12.293362617492676,12.343201463162117,5873533
2008-02-13,12.293362617492676,12.542552890271294,12.293362617492676,12.525940820730055,4096701
2008-02-14,12.874808311462402,12.891420383795364,12.45949199938446,12.492717462573465,9956711
2008-02-15,12.858192443847656,12.858192443847656,12.65884102163599,12.758517392003238,4880047
2008-02-18,13.007707595825195,13.09077190507786,12.891419145099015,12.991095525088438,6013974
2008-02-19,13.12399673461914,13.173835586488293,13.057547129665315,13.157222196357568,6818126
2008-02-20,13.02431869506836,13.290121009782185,12.99109324091379,13.15721919316391,6442577
2008-02-21,13.323352813720703,13.373190359443297,13.173838858029569,13.223676403752162,6966889
2008-02-22,13.290122985839844,13.32334844493458,13.157221149460902,13.32334844493458,4082137
2008-02-25,13.45625114440918,13.60576507531424,13.356576069487897,13.45625114440918,7689897
2008-02-26,13.389799118041992,13.605762620420474,13.37318572953725,13.555925091952039,8025914
2008-02-27,13.622376441955566,13.622376441955566,13.439637073731827,13.45624914424174,12898679
2008-02-29,13.755273818969727,13.755273818969727,13.472859455163155,13.555922425781402,10580891
2008-03-03,13.35657787322998,13.506091824326187,13.27351354154729,13.423027492643495,7321631
2008-03-04,13.45625114440918,13.472864535911484,13.223674211562004,13.356576069487897,7178070
2008-03-05,13.35657787322998,13.472866355357773,13.223675997356326,13.45625296161191,8137226
2008-03-06,13.688828468322754,13.688828468322754,13.339963059085502,13.356576451062423,8607442
2008-03-07,13.555927276611328,13.62237820429367,13.506089740111129,13.62237820429367,5174452
2008-03-10,13.35657787322998,13.605766912708116,13.35657787322998,13.555929368517152,4958069
2008-03-11,13.506088256835938,13.522700327670584,13.1738349734363,13.290123424847728,6753627
2008-03-12,13.60576343536377,13.771890737747228,13.506088372456672,13.771890737747228,6471706
2008-03-13,13.423022270202637,13.65560046249328,13.290121764559355,13.62237500645176,4987198
2008-03-14,13.24028491973877,13.555926140515044,13.15722192635875,13.489475218401829,3596317
2008-03-17,12.957871437072754,13.140610827140351,12.69206904748073,13.090773291130315,7132296
2008-03-18,13.02431869506836,13.12399373900934,12.924642332604652,12.957867786759222,5418922
2008-03-19,13.290122985839844,13.339960515220486,13.157221149460902,13.290122985839844,5587451
2008-03-20,13.323352813720703,13.439641299422323,13.157225463773134,13.356578283710217,4991359
2008-03-21,13.655599594116211,13.688823729522165,13.389797281209557,13.456246870544183,6338547
2008-03-24,14.054306030273438,14.286882949257054,13.954630961293635,14.286882949257054,10388435
2008-03-25,14.270270347595215,14.286882418967568,14.104143041256634,14.25365827622286,9156720
2008-03-26,14.054306030273438,14.18720788027725,13.954630961293635,14.153982417776296,7230085
2008-03-27,13.655599594116211,13.888176453094193,13.522697778401525,13.888176453094193,7383009
2008-03-28,13.70544147491455,13.771892403907344,13.522702079445938,13.522702079445938,6180422
2008-03-31,13.938017845153809,13.938017845153809,13.57253906897187,13.722052993907838,3181237
2008-04-01,14.021079063415527,14.187206358096075,13.788502169385673,13.921404005130112,8979869
2008-04-02,14.453010559082031,14.453010559082031,14.153982708945057,14.187208172129507,12182953
2008-04-03,14.884937286376953,15.06767665428654,14.469621020590775,14.502846480076423,22136543
2008-04-07,15.017840385437012,15.117516772264239,14.918163998609785,14.98461492316127,8452437
2008-04-08,14.652360916137695,14.95138874375369,14.652360916137697,14.95138874375369,4364058
2008-04-09,14.868326187133789,14.984614643668353,14.685586807287185,14.685586807287185,5866251
2008-04-10,15.150739669799805,15.250416048428198,14.85171185243757,14.868325241470437,8362971
2008-04-11,15.43315601348877,15.449768084641128,15.183965716542481,15.267028709350248,9305483
2008-04-14,15.117518424987793,15.283644436005192,15.051067493171557,15.283644436005192,4831153
2008-04-15,15.250414848327637,15.3500912191122,15.117514339137724,15.117514339137724,2877469
2008-04-16,15.49960708618164,15.516219157495877,15.366705241575747,15.44976823519293,8533580
2008-04-17,16.280397415161133,16.313622869387576,15.815243693036399,15.815243693036399,24479299
2008-04-18,16.01459503173828,16.280397345896237,15.914919988005751,16.280397345896237,10894021
2008-04-21,16.0976619720459,16.380076400403052,15.9979855934077,16.247175880741725,16283815
2008-04-22,15.732182502746582,16.031210306209324,15.649119517012016,15.948147320474757,7391331
2008-04-23,15.881696701049805,16.047822675621145,15.665731879288744,15.73218279652644,6484189
2008-04-24,16.114276885986328,16.180727816803994,15.931537485499334,16.114276885986328,8247498
2008-04-25,16.280397415161133,16.313622869387576,16.147496916778092,16.280397415161133,8250619
2008-04-28,16.263784408569336,16.380072832388393,16.064433013239906,16.346847380079712,7022025
2008-04-29,15.964760780334473,16.28040068101913,15.964760780334473,16.263788609834883,4746888
2008-04-30,16.845233917236328,16.944908991562773,16.380078735794783,16.380078735794783,38917623
2008-05-02,16.94490623474121,17.3436104227499,16.94490623474121,17.011357152496476,26992664
2008-05-05,17.27716064453125,17.44328663135355,17.11103465770895,17.21070972239313,24624941
2008-05-06,17.144258499145508,17.277160341087555,16.845231991821855,17.277160341087555,7756476
2008-05-07,17.27716064453125,17.642639397767912,17.14425880025501,17.27716064453125,18384181
2008-05-08,17.210710525512695,17.210710525512695,16.94490814307983,17.111035456177284,9509382
2008-05-09,17.11103630065918,17.44328830620562,16.845233905108152,17.410064160469478,8086251
2008-05-12,17.044584274291992,17.210710266364966,16.94490788793438,17.1110351985304,3297751
2008-05-13,17.310386657714844,17.34361211984363,16.944907892821245,17.11103520346517,7903159
2008-05-14,17.17748260498047,17.343609894306898,17.144257147115184,17.277158978576328,12962138
2008-05-15,17.310386657714844,17.410063044101204,17.144259347070918,17.410063044101204,6096158
2008-05-16,17.44328498840332,17.609412278101402,17.31038447516773,17.41006084898658,11081275
2008-05-19,17.576189041137695,17.609414503275772,17.277161200418035,17.443287192585384,6887826
2008-05-20,17.077810287475586,17.60941506149051,16.944908434710314,17.31038721129173,8082090
2008-05-21,17.27716064453125,17.37683702773843,17.04458373557083,17.27716064453125,10825361
2008-05-22,17.011354446411133,17.011354446411133,16.812003043380116,16.94490353922656,8267264
2008-05-23,16.71232795715332,17.044581199892463,16.71232795715332,17.044581199892463,12283862
2008-05-26,17.044584274291992,17.044584274291992,16.54620497955002,16.712330971622997,6837891
2008-05-27,16.562816619873047,17.044583830266504,16.529591158619393,17.044583830266504,5883936
2008-05-28,16.04782485961914,16.57942963282264,16.014599396478538,16.57942963282264,11210272
2008-05-29,15.948147773742676,16.446527020837564,15.881696855857246,16.446527020837564,8459719
2008-05-30,15.948147773742676,16.280399726123992,15.881696855857246,16.01459737310519,11113524
2008-06-02,16.19734001159668,16.26379094291219,16.014600609740608,16.014600609740608,5000722
2008-06-03,16.114276885986328,16.26379082106449,15.948150877465336,16.081051420577495,5484461
2008-06-04,16.247175216674805,16.41330118909217,16.114273383922605,16.114273383922605,5678997
2008-06-05,16.313627243041992,16.44652909557851,15.997987321052383,16.413303632444382,10739016
2008-06-06,16.612655639648438,16.712332032332377,16.31362778011975,16.446529637031666,7647245
2008-06-09,16.4465274810791,16.645878921791148,16.213950580494554,16.2804001817166,6386401
2008-06-10,16.031208038330078,16.77877744123089,16.031208038330078,16.77877744123089,6939841
2008-06-11,16.114276885986328,16.24717874762166,15.997988416317,16.114276885986328,4478491
2008-06-12,15.61589527130127,16.11427454292155,15.516218889568023,16.031211550738668,9449044
2008-06-13,15.91491985321045,16.280397208005432,15.715567130388408,15.782018037995755,5720609
2008-06-16,16.57942771911621,16.745555015643728,16.114273925885026,16.44652720041713,8863356
2008-06-17,16.479753494262695,16.679104941668008,16.380077111298544,16.380077111298544,7998866
2008-06-18,16.01459503173828,16.51297552449183,16.01459503173828,16.51297552449183,8810300
2008-06-19,15.549444198608398,15.865085411759441,15.53283080921994,15.865085411759441,10006645
2008-06-20,15.383319854736328,15.91492463838855,15.383319854736328,15.91492463838855,6495633
2008-06-23,15.881696701049805,15.881696701049806,15.200578095670673,15.217190165718646,7086523
2008-06-24,15.948147773742676,16.047822832047903,15.881696855857246,15.948147773742676,10987648
2008-06-25,16.612655639648438,16.64588110387642,16.01459992059106,16.04782538481904,16431538
2008-06-26,16.114276885986328,16.778783557116643,16.114276885986328,16.778783557116643,12034190
2008-06-27,15.549444198608398,15.665732650235741,15.516218738354448,15.566057587996857,15550404
2008-06-30,15.61589527130127,15.948148558555785,15.516218889568023,15.948148558555785,6917995
2008-07-01,15.516216278076172,15.715567689467397,15.466378754859054,15.698955621235944,8897685
2008-07-02,14.95138931274414,15.49960745707746,14.918163850797603,15.449768604896136,19255953
2008-07-03,14.95138931274414,15.100903232242043,14.469622092303897,14.93477724103239,15770948
2008-07-04,14.868326187133789,15.117516490292438,14.801875263821747,15.117516490292438,9432400
2008-07-07,15.067676544189453,15.100902003432326,14.901550566498011,14.901550566498011,6045183
2008-07-08,14.95138931274414,15.267029223451695,14.7686499312997,15.117516622476828,12131978
2008-07-09,15.300253868103027,15.61589508047298,14.95138851408431,14.95138851408431,17177433
2008-07-10,14.95138931274414,15.366705609291309,14.884938388851065,15.217191689793406,9479213
2008-07-11,14.95138931274414,15.117516622476828,14.918163850797603,14.95138931274414,6853496
2008-07-14,14.851710319519043,15.117513968426511,14.851710319519043,15.117513968426511,7180150
2008-07-15,14.619133949279785,14.801873304942674,14.56929642265276,14.801873304942674,9452165
2008-07-16,14.619133949279785,14.75203577831565,14.453007981507804,14.685584863797718,7237367
2008-07-17,15.067676544189453,15.366704358852386,14.718811199923671,14.951388096100859,18001351
2008-07-18,15.21718978881836,15.566056436414064,15.134126803589998,15.150738873226523,10890900
2008-07-21,16.114276885986328,16.24717874762166,15.566060003048516,15.566060003048516,18378980
2008-07-22,16.0810489654541,16.11427442579034,15.91492298229587,15.94814844263211,14337414
2008-07-23,16.280397415161133,16.380073777840458,16.11427146255165,16.247173279457417,19120714
2008-07-24,16.81200408935547,16.911679137811007,16.479750851283846,16.612651355398825,26425700
2008-07-25,16.546201705932617,16.878453624343503,16.047821191270724,16.612651298501127,32029796
2008-07-28,16.711668014526367,16.711668014526367,16.711668014526367,16.711668014526367,0
2008-07-29,15.634872436523438,15.781678172909798,15.414663124916585,15.781678172909798,11197870
2008-07-30,15.85507583618164,16.00188151782795,15.744970514406338,16.00188151782795,16188280
2008-07-31,16.056936264038086,16.36890068962595,15.928482154042815,16.11198964152673,13594600
2008-08-01,15.946829795837402,16.075285299415977,15.891777841176332,15.965179976039723,11140300
2008-08-04,16.405601501464844,16.405601501464844,15.910130988990138,16.075288297833165,15023750
2008-08-05,16.09364128112793,16.644165268356392,15.818379994541008,16.625815081539113,21324130
2008-08-06,16.405601501464844,16.515706845378322,16.295497571605743,16.515706845378322,16421590
2008-08-07,16.569658279418945,16.90327470608583,16.495520824363744,16.569658279418945,9943955
2008-08-08,17.10293197631836,17.249737682831128,16.405600981733294,16.423952578831347,23384530
2008-08-11,17.80025863647461,18.203975323690262,17.451593903412434,17.469944083445558,41211030
2008-08-12,18.13058090209961,18.203983067510872,17.690160839358537,17.910370163701725,31341310
2008-08-13,17.94706916809082,18.148928273266797,17.506650587756397,18.148928273266797,13497640
2008-08-14,17.708505630493164,17.947065050924625,17.63510207925849,17.690154035657418,7565910
2008-08-15,16.882722854614258,17.855313673485377,16.882722854614258,17.855313673485377,15026780
2008-08-18,16.80931854248047,17.047879397763623,16.607459466014284,17.029527801327998,9221300
2008-08-19,16.882722854614258,16.91942322101711,16.332198975865023,16.60746020821247,7467940
2008-08-20,17.690156936645508,17.78191209776275,16.80931983359859,16.9928273277243,17351800
2008-08-21,17.488296508789062,17.80025948255916,17.37819118119447,17.80025948255916,8865780
2008-08-22,17.23138999938965,17.635106811404068,16.919425529957856,17.488301083595516,10729230
2008-08-25,17.87366485595703,17.928718236747887,17.35984414299295,17.6167552065022,12984560
2008-08-26,17.80025863647461,17.91036254478156,17.54334763168626,17.69015331411356,11686710
2008-08-27,17.94706916809082,18.093876304238616,17.836965230034455,17.98377095212777,11928100
2008-08-28,18.057172775268555,18.222330080447804,17.92871725057962,17.98376921428792,18888010
2008-08-29,17.543352127075195,18.09387605184102,16.974478017574107,18.09387605184102,27845700
2008-09-01,16.38725471496582,17.34149557048205,16.332202738623835,17.28644359414006,20633290
2008-09-02,16.38725471496582,16.60746403438844,16.1486952081141,16.1486952081141,11962440
2008-09-03,16.625810623168945,16.735914542656445,16.44230173393271,16.515705289627203,10216150
2008-09-04,17.011180877685547,17.24974036461396,16.735918190854857,17.24974036461396,16542790
2008-09-05,17.32314109802246,17.32314109802246,16.332198698711622,16.515706183829177,14764180
2008-09-08,18.13058090209961,18.277386646976836,17.87366837396874,18.167281277777892,18418360
2008-09-09,16.86437225341797,17.892016510697747,16.86437225341797,17.800262761162685,15560060
2008-09-10,15.689919471740723,16.515704483823786,15.689919471740723,15.928480309081296,40200020
2008-09-11,14.86413860321045,15.451362941648604,14.698981271943461,15.414662569415556,36099420
2008-09-12,15.286200523376465,15.708268804144566,14.845782062598486,15.561463121903271,20870640
2008-09-15,14.86413860321045,15.451362941648604,14.552174126792998,15.047646120593964,13623890
2008-09-16,15.414661407470703,15.414661407470703,13.94659713690041,13.94659713690041,18836500
2008-09-17,15.304558753967285,16.148695681547192,15.304558753967285,16.148695681547192,26106480
2008-09-18,14.60722541809082,14.99259199775458,14.533821856044094,14.68062756608318,20942350
2008-09-19,15.6165189743042,15.6165189743042,15.322906122473587,15.598168789713608,33778440
2008-09-22,16.14868927001953,16.313845138315415,15.634867242287946,15.80002311058383,13545110
2008-09-23,15.928483009338379,16.001885159840743,15.653220349277667,15.744974097946434,10130300
2008-09-24,15.377957344055176,15.4880612642402,15.047642755391601,15.414659122134934,20080820
2008-09-25,15.634872436523438,15.818379960520044,15.047646662868752,15.047646662868752,12853260
2008-09-26,15.414661407470703,15.653220879275935,15.047644986314515,15.653220879275935,14821750
2008-09-29,15.568807601928711,15.568807601928711,15.568807601928711,15.568807601928711,0
2008-09-30,14.35031509399414,14.423718659769852,14.35031509399414,14.35031509399414,12465420
2008-10-01,14.387016296386719,14.680627719533893,14.29526254989643,14.497120226553315,12585610
2008-10-02,13.818140029907227,14.46041763333606,13.561230402589993,14.166804812617979,15197470
2008-10-03,14.148455619812012,14.313612931398897,13.763089030794077,13.79979081270832,11538240
2008-10-06,13.79979133605957,14.29526328961079,13.79979133605957,14.093404188454242,13743070
2008-10-07,13.469474792480469,13.67133386504477,13.28596731599706,13.304318912077953,10204030
2008-10-08,12.533585548400879,13.029056007218113,12.533585548400879,12.808846757293317,13322910
2008-10-09,12.276676177978516,12.772146703663324,12.221624211581185,12.478533859453535,13738020
2008-10-13,11.854608535766602,11.89131032031887,11.854608535766602,11.854608535766602,6932640
2008-10-14,12.680392265319824,12.680392265319824,12.606988704746058,12.680392265319824,10265640
2008-10-15,13.06576156616211,13.102463354114517,12.295028261325415,12.680394913743761,9857600
2008-10-16,12.625340461730957,12.73544438993099,12.625340461730957,12.625340461730957,9995970
2008-10-17,12.625340461730957,12.73544438993099,12.22162370157358,12.698742609179527,13272410
2008-10-20,12.77214527130127,12.77214527130127,12.184921062791734,12.405130317739593,6714480
2008-10-21,12.845551490783691,12.937305248196562,12.405132889580097,12.918955062335808,13204740
2008-10-22,12.405133247375488,12.662044341163309,12.405133247375488,12.441835034210118,16399370
2008-10-23,11.983063697814941,12.001413882486727,11.983063697814941,11.983063697814941,10826190
2008-10-24,11.579346656799316,11.597697549219857,11.579346656799316,11.597697549219857,6663980
2008-10-27,11.579346656799316,11.579346656799316,10.771911632459048,10.771911632459048,11999810
2008-10-28,11.671099662780762,11.671099662780762,10.771910941078277,11.249031992307195,16468050
2008-10-29,11.744501113891602,12.111516751606118,10.863663441971346,11.946359467175107,21638240
2008-10-30,12.533585548400879,12.551935730038686,11.469239662052514,11.524291621020158,13342100
2008-10-31,12.625340461730957,12.845549732185377,12.111518359319193,12.625340461730957,12951230
2008-11-03,13.506175994873047,13.506175994873045,13.065757504464464,13.396072079297996,16949820
2008-11-04,13.836494445800781,14.020001965868975,13.396075832015281,13.542881565258918,12646210
2008-11-05,13.87319278717041,14.093402039373437,13.579579979548294,14.056700261663893,8493090
2008-11-06,13.06576156616211,13.120813541063406,12.918955828407103,12.918955828407103,10568640
2008-11-07,13.212563514709473,13.212563514709473,12.368428290110636,12.368428290110636,8820330
2008-11-10,13.652986526489258,13.726388683937342,13.28597008303065,13.432775811981365,9567730
2008-11-11,13.68968677520752,13.68968677520752,13.029057533966215,13.579581430315839,9238470
2008-11-12,13.68968677520752,13.83649248767537,13.285968591325748,13.4327743037936,9865680
2008-11-13,13.68968677520752,13.68968677520752,12.735444694976124,12.86390022365589,16625610
2008-11-14,13.708037376403809,13.708037376403807,12.992356147951446,13.68968719205696,13389570
2008-11-17,13.524529457092285,13.708036951084797,13.212565020439753,13.230916618271637,11584700
2008-11-18,12.955653190612793,13.359369892067424,12.588636850518824,13.230914385142658,12561370
2008-11-19,12.992354393005371,13.029056170795991,12.478532332045146,12.478532332045146,9264730
2008-11-20,12.386778831481934,12.680391645367754,12.093166017596115,12.386778831481934,15651970000
2008-11-21,12.992354393005371,13.249265423485483,12.111517382247408,12.14821916003803,12920930000
2008-11-24,13.010708808898926,13.451127409735253,12.69874433708986,12.992357208998927,7722460
2008-11-25,13.579580307006836,13.891543303979294,13.414423010358396,13.579580307006836,13459260
2008-11-26,13.579580307006836,13.579580307006836,12.643689902035192,12.643689902035192,20703990
2008-11-27,13.652986526489258,13.873195826942602,13.35937365453328,13.35937365453328,7324520
2008-11-28,13.212563514709473,13.652983429776503,13.065757819056614,13.597930056609233,10979710
2008-12-01,13.267620086669922,13.377724031441822,12.7904996931977,12.7904996931977,14127880
2008-12-02,13.249266624450684,13.267618222036575,12.790497895618925,12.9006018249168,9742460
2008-12-03,13.249266624450684,13.249266624450684,12.9006018249168,12.9006018249168,11998800
2008-12-04,13.249266624450684,13.267618222036575,13.139162695152809,13.249266624450684,9775790000
2008-12-05,13.230918884277344,13.230918884277342,12.99235796998621,12.99235796998621,6609440
2008-12-08,13.92824935913086,13.946599547035287,13.2309195938873,13.2309195938873,10209080
2008-12-09,14.148455619812012,14.276911149484656,13.928246342380964,14.038351688123687,12271500
2008-12-10,14.18515682220459,14.276910566214477,13.652984541325505,13.652984541325505,13775390
2008-12-11,13.94659423828125,14.130103117746627,13.763086772870038,13.763086772870038,13018900
2008-12-12,13.94659423828125,13.94659423828125,13.029055497171024,13.763086772870038,10019200
2008-12-15,13.94659423828125,14.203505255478612,13.799788548763113,13.90989387644234,9311190
2008-12-16,13.92824935913086,13.92824935913086,13.396076941245976,13.652988056236204,9707110
2008-12-17,13.909895896911621,14.130105170202206,13.763088772014983,14.11175357256294,11569550
2008-12-18,13.94659423828125,14.093401341853552,13.818138729682568,14.093401341853552,5091410
2008-12-19,13.763086318969727,13.763086318969727,13.763086318969727,13.763086318969727,6967990000
2008-12-22,13.029057502746582,13.763088891435764,12.918953572173116,13.652984960862298,7945670
2008-12-23,12.588639259338379,13.029057820481333,12.295026413891602,13.029057820481333,10138380
2008-12-24,12.515235900878906,12.717095000588063,12.313376801169749,12.313376801169749,6226650
2008-12-25,12.386778831481934,12.5519361276711,12.295025092277792,12.51523434917859,3953140
2008-12-26,12.331727981567383,12.441833326962803,12.27667601589687,12.386779947237896,3367340
2008-12-29,12.350078582763672,12.423482148841014,12.239974647702098,12.313376799724999,2885570
2008-12-30,12.698742866516113,12.845549992496968,12.441833224158382,12.441833224158382,4298560
2008-12-31,12.698742866516113,12.845549992496968,12.515235373094427,12.845549992496968,3033030
2009-01-02,12.698742866516113,12.698742866516113,12.698742866516113,12.698742866516113,0
2009-01-05,12.955653190612793,13.249264565822989,12.772144313538734,13.06575710280308,6183220
2009-01-06,13.029057502746582,13.029057502746582,12.808848227545266,12.882251790630498,6630650
2009-01-07,12.974006652832031,13.194215946964686,12.955656467510353,13.065760407549428,8269880
2009-01-08,12.25832462310791,12.735444966363668,12.239974438928789,12.735444966363668,10695900
2009-01-09,11.414188385009766,12.40513077590094,11.414188385009766,12.258323657810807,21751360
2009-01-12,11.010472297668457,11.212330696037345,10.845314976349304,11.120576942872145,26486240
2009-01-13,11.083874702453613,11.120576485019516,10.86366542111262,10.86366542111262,19557640
2009-01-14,11.744501113891602,11.854605734503249,11.120574459074216,11.120574459074216,22405840
2009-01-15,11.26738166809082,11.560994500670763,11.157277032630136,11.249031484703353,13650150
2009-01-16,11.377488136291504,11.524293860079567,11.377488136291504,11.524293860079567,6340780
2009-01-19,11.39583683013916,11.560993414297016,11.37748594144893,11.524291636916553,4562170000
2009-01-20,11.028822898864746,11.230681291910406,11.028822898864746,11.193979508801295,8305230
2009-01-21,11.597697257995605,11.799555655498276,10.863665821769414,10.863665821769414,15336850
2009-02-02,12.25832462310791,12.313376589699693,11.689450530847708,11.817906062264813,21172630
2009-02-03,12.423481941223145,12.588639255109882,12.368429974612372,12.478533907833919,12452290
2009-02-04,12.570287704467773,12.66204144352975,12.368428630098862,12.570287704467773,11463500
2009-02-05,12.845551490783691,13.029059005609433,12.423483075440851,12.478535047077663,10967590
2009-02-06,13.120814323425293,13.377725440356501,12.974008576916622,13.029060555100534,12166460
2009-02-09,13.029057502746582,13.267618375746398,12.845550009087882,13.267618375746398,11658430
2009-02-10,13.029057502746582,13.029057502746582,12.753796262258533,12.918953572173116,11528140
2009-02-11,13.029057502746582,13.047407686490699,12.588638952343949,12.588638952343949,9881840
2009-02-12,12.882251739501953,12.97400548596714,12.808848176708052,12.955655302295854,9238470
2009-02-13,13.35937213897705,13.652984977624069,12.772146461683015,12.772146461683015,11622070
2009-02-16,13.579580307006836,13.579580307006836,13.230915531439807,13.359371049493674,5376230
2009-02-17,13.249266624450684,13.579581240453045,13.06575913291798,13.469475897100802,8926380
2009-02-18,13.029057502746582,13.194214812661166,12.735444664460031,13.029057502746582,12492690
2009-02-19,13.029057502746582,13.249266777947899,12.77214644600265,12.882251790630498,7515410
2009-02-20,12.845551490783691,13.047409191470187,12.827199890868389,12.845551490783693,6340780
2009-02-23,13.212563514709473,13.230915110449972,12.698741458843127,12.772145013696669,8914260
2009-02-24,13.084110260009766,13.084110260009764,12.86390097147926,13.029058291390756,3127970
2009-02-25,13.084110260009766,13.322671147449585,13.029058291390756,13.322671147449585,3828910
2009-02-26,13.194212913513184,13.28596664713569,13.06575740363084,13.139160956150517,3281490
2009-02-27,13.102460861206055,13.24926657102942,13.084109263694156,13.212564790059988,2837090
2009-03-02,12.937304496765137,13.047408433643646,12.845550744681557,12.992356465204391,5138880
2009-03-03,12.808849334716797,12.845551119431843,12.570289855150754,12.698743980571658,8002230
2009-03-04,13.249266624450684,13.30432000315399,12.66204236873516,12.772146298033034,10492890
2009-03-05,13.285964965820312,13.54287595307337,13.212561422589726,13.396070280666196,10079800
2009-03-06,13.506175994873047,13.579579547959206,13.37772048399936,13.506175994873045,8437540
2009-03-09,13.212563514709473,13.57957987492296,13.212563514709473,13.506176320069418,8301190
2009-03-10,13.79979133605957,13.79979133605957,13.194215446644378,13.212565631270223,11093840
2009-03-11,14.313613891601562,14.497121399428636,14.111754784559087,14.111754784559087,18383010
2009-03-12,14.313613891601562,14.460419615052322,14.203508538472622,14.387017460354189,9904060
2009-03-13,14.827435493469238,14.86413727648096,14.497120860418182,14.515472458951264,14767210
2009-03-16,14.717326164245605,14.845781663019602,14.570520485955631,14.845781663019602,6630650
2009-03-17,14.790735244750977,14.790735244750978,14.497122364254176,14.717331671113131,5789320
2009-03-18,14.40536880493164,14.974242973414118,14.3136150436333,14.974242973414118,12807810
2009-03-19,14.166807174682617,14.845786670665825,14.130106803271232,14.625577371924832,21404930
2009-03-20,14.313613891601562,14.460419615052322,14.203508538472622,14.313613891601562,10911030
2009-03-23,14.900836944580078,14.919188542249996,14.387016248746756,14.387016248746756,17720450
2009-03-24,15.52476692199707,15.59817049650032,15.23115403803868,15.377961187045177,14019810
2009-03-25,16.11199188232422,16.11199188232422,15.341258630835776,15.524766143841253,12366440
2009-03-26,16.14868927001953,16.258793182216788,15.781672929902335,16.1119874946024,16571070
2009-03-27,15.8917818069458,16.14869287821471,15.800026640874508,15.965183960126588,7301290
2009-03-30,15.708273887634277,15.781677459536736,15.469714400033125,15.598169943835147,6448850
2009-03-31,15.726624488830566,15.983535560118046,15.561467169566548,15.561467169566548,11315030
2009-04-02,16.29549789428711,16.368901458349622,16.075288616153976,16.222094330224596,8911230
2009-04-03,16.240446090698242,16.368901622065202,15.8917812789957,16.368901622065202,7620450
2009-04-06,16.075292587280273,16.515711252344445,15.965187213986853,16.240449940193027,8343610
2009-04-07,15.873430252075195,16.14869292294256,15.818378283523511,16.075289355504,6043840
2009-04-08,15.52476692199707,16.00188732815898,15.414662974296801,15.873431779805596,13929920
2009-04-09,15.91013240814209,15.946834192720308,15.76332668388372,15.836728838985655,10138380
2009-04-10,16.00188446044922,16.222093730440495,15.763325007147987,16.148691583146302,9633380
2009-04-13,15.91013240814209,16.05693813240046,15.634871144887208,16.001886162560385,14260190
2009-04-14,15.708273887634277,15.744975673585508,15.488064585981462,15.70827388763428,11573590
2009-04-15,16.056936264038086,16.07528786121908,15.67156969188926,15.70827147219691,14420780
2009-04-16,16.332197189331055,16.5524064339318,16.1486897211728,16.25879363644608,23341100
2009-04-17,16.14868927001953,16.90107071688127,15.616515647552305,16.735913434531238,47042770
2009-04-20,16.699216842651367,16.699216842651367,16.258798229045464,16.258798229045464,14578340
2009-04-21,16.699216842651367,16.735918629460954,16.148694282671283,16.332201802664645,13688530
2009-04-22,17.249738693237305,17.414896006522245,16.699214786972316,16.882723698430254,15565110
2009-04-23,17.13963508605957,17.30479241610821,16.80932184001685,17.24974044411018,14406640
2009-04-24,17.06622886657715,17.176332784370143,16.809317839654533,16.809317839654533,13490570
2009-04-27,17.249738693237305,17.45159778881383,17.121283162243955,17.43324619064083,15833770
2009-04-28,17.084577560424805,17.43324229316375,16.956122058149713,17.3598401590452,9067780
2009-04-29,16.956127166748047,17.08458270772465,16.534058758674277,16.956127166748047,11178680
2009-04-30,18.13058090209961,18.13058090209961,18.13058090209961,18.13058090209961,16385230
2009-05-04,19.378429412841797,19.378429412841797,19.378429412841797,19.378429412841797,19555620
2009-05-05,19.855548858642578,20.479474845150257,19.672039967857152,20.369370924733257,40534330
2009-05-06,20.185863494873047,20.369372398939685,19.635341024836197,19.892250662420782,21968510
2009-05-07,19.745447158813477,20.14916396474705,19.305028567966936,20.14916396474705,18170910
2009-05-08,19.965652465820312,20.002354243401587,19.37842685262839,19.708741436805628,20119200
2009-05-11,19.818849563598633,19.928953497810607,19.59864028112025,19.745445998087696,14269280
2009-05-12,18.570995330810547,19.268324935115572,18.46088998663136,18.9380103166324,16774080
2009-05-13,18.387487411499023,18.68110026436007,18.093875972692434,18.42418919486346,16696310
2009-05-14,18.938007354736328,19.378425834463048,18.57099242631545,18.57099242631545,28287070
2009-05-15,18.82790756225586,19.12152041768124,18.754503994885894,19.08481863399626,17427550
2009-05-18,18.717802047729492,18.791205614458384,18.35078704219393,18.717802047729492,8986980
2009-05-19,19.08481788635254,19.341728948028504,18.938010757363752,19.268325383534112,21876600
2009-05-20,18.79120445251465,18.974711943935343,18.534293398903927,18.754502671419637,18938510
2009-05-21,18.79120445251465,18.79120445251465,18.424188055618888,18.68109910922961,16118590
2009-05-22,18.79120445251465,18.82790623360966,18.607695547039583,18.68109910922961,15588340
2009-05-25,18.717802047729492,18.901310964551726,18.460890978232815,18.791205614458384,16239790
2009-05-26,18.75450325012207,19.158220026515853,18.570995753038932,18.79120503234958,18350690
2009-05-27,19.08481788635254,19.08481788635254,18.938010757363752,19.08481788635254,17310390
2009-06-01,19.4885311126709,20.002353142418123,19.19491832223618,19.74544212754451,14322810
2009-06-02,19.23162269592285,19.635340867581824,19.01141342686084,19.488533745504256,17843670
2009-06-03,18.90131187438965,19.231625112460797,18.717802948733986,19.04811760085966,16107480
2009-06-04,18.607696533203125,18.97471294954988,18.460890815097088,18.82790723144384,16029710
2009-06-05,18.79120445251465,19.01141372503036,18.68109910922961,18.901309795799687,13736000
2009-06-08,18.24068260192871,18.93801227847199,18.203980816733612,18.93801227847199,14175350
2009-06-09,18.42418670654297,18.534292041765752,18.130575307390735,18.24067922855926,15162120
2009-06-10,18.53429412841797,18.71780162706156,18.46089056333876,18.644398061982358,8984960
2009-06-11,18.75450325012207,18.75450325012207,18.295733093359818,18.570995753038932,9346540
2009-06-12,18.79120445251465,18.901309795799687,18.57099517999894,18.86460801470467,9010210
2009-06-15,18.42418670654297,18.717799519749466,17.983768193760355,18.42418670654297,7270990
2009-06-16,18.203981399536133,18.38748891733211,17.157986851233577,18.38748891733211,17891140
2009-06-17,18.717802047729492,18.75450383109394,18.02047240596836,18.20397990873614,18189090
2009-06-18,18.717802047729492,18.791205614458384,18.057174189332805,18.717802047729492,18133540
2009-06-19,18.938007354736328,19.15821659459969,18.791201666178807,19.15821659459969,9814170
2009-06-22,19.59864044189453,19.59864044189453,18.974712958042137,19.084818307211776,15057080
2009-06-23,19.305025100708008,19.63533969154436,19.12151762315637,19.378427243296105,11946280
2009-06-24,19.59864044189453,20.075760793520743,19.305027591496607,19.305027591496607,15039910
2009-06-25,19.52523422241211,19.965652731131378,19.341726746121452,19.965652731131378,7578030
2009-06-26,19.52523422241211,19.818847032909705,19.451830666274144,19.818847032909705,10265640
2009-06-29,19.45182991027832,19.892248401880718,19.415128133635754,19.892248401880718,9355630
2009-06-30,19.45182991027832,19.855548039292344,19.415128133635754,19.635338793491147,11883660
2009-07-01,20.80979347229004,20.80979347229004,19.635343413652887,19.74544735543365,35083360
2009-07-02,21.250211715698242,21.80073565765104,20.883195283044877,20.919897067715663,34506650
2009-07-03,21.653926849365234,21.764032194888042,21.030000800232514,21.250210077223734,29535430
2009-07-06,21.653926849365234,21.764032194888042,21.580523285683363,21.653926849365234,13175450
2009-07-07,21.653926849365234,21.837435758569914,20.919895454709707,21.653926849365234,32924990
2009-07-08,21.470422744750977,21.653930268880142,21.030004121219132,21.507124532387735,13092630
2009-07-09,21.470422744750977,21.94754315591958,21.470422744750977,21.617228481243387,12352300
2009-07-10,21.653926849365234,21.727330413047106,21.507121136055886,21.653926849365234,8378960
2009-07-13,21.653926849365234,21.837435758569914,21.47041935421495,21.837435758569914,15397450
2009-07-14,21.470422744750977,21.837439207063927,21.28691522062181,21.800737419427172,11371590
2009-07-15,21.543825149536133,21.72733266369523,21.360316221322492,21.690630878052502,14988400
2009-07-16,23.048583984375,23.048583984375,21.764028885538448,21.764028885538448,30893880
2009-07-17,22.90178108215332,23.342201064045344,22.718273581230065,23.23209571505873,14352100
2009-07-20,22.42466163635254,23.04858914434878,22.42466163635254,23.04858914434878,12366440
2009-07-21,22.938480377197266,23.085286079202152,22.571465415157906,22.754972896177588,11739230
2009-07-22,22.865079879760742,23.121990953198708,22.754975942032747,23.01188701547071,6364010
2009-07-23,23.489002227783203,23.635807917247345,22.64486562471544,22.901776641818312,13267360
2009-07-24,24.810266494750977,25.10387796131884,23.599113185426546,23.599113185426546,27867920
2009-07-27,24.810266494750977,24.99377401486954,24.626758974632416,24.84696686753102,13228980
2009-07-28,25.030471801757812,25.030471801757812,23.856023228709173,23.856023228709173,15863060
2009-07-29,25.067171096801758,25.397485678716063,24.957064350758028,25.030467905417698,17680050
2009-07-30,24.341075897216797,25.239702810193194,24.223863950381748,25.20063265805843,19564000
2009-07-31,24.2629337310791,24.575500905095215,24.028509840997764,24.419217318087156,12467000
2009-08-03,23.208024978637695,24.10665188728,22.97359959566747,24.028510092956594,15564000
2009-08-04,22.38753890991211,23.559661381535054,22.231256807954193,23.286165840070208,20612000
2009-08-05,22.38753890991211,22.9345299928418,22.270326960835973,22.38753890991211,7881000
2009-08-06,23.1689510345459,23.1689510345459,22.348466001737922,22.46567793636326,12438000
2009-08-07,23.1689510345459,23.1689510345459,23.1689510345459,23.1689510345459,0
2009-08-10,22.700101852416992,23.24709286903717,22.621961556126067,23.24709286903717,8347000
2009-08-11,22.348468780517578,22.973600169867815,22.114043391688142,22.973600169867815,10968000
2009-08-12,23.1689510345459,23.247092821106328,22.270324215177492,22.270324215177492,12880000
2009-08-13,23.833162307739258,24.02851609714696,23.051747150108465,23.247100939516162,15927000
2009-08-14,24.61456871032715,24.9271343641182,23.950365764502042,23.98943740274505,18841000
2009-08-17,23.63780403137207,24.57550263870628,23.63780403137207,24.223865288348236,9122000
2009-08-18,23.325239181518555,23.794088502387297,23.129885422025822,23.208027223909095,11299000
2009-08-19,23.051742553710938,23.481520208539994,23.051742553710938,23.442450054621293,5828000
2009-08-20,22.934528350830078,23.20802387271384,22.66103282894631,23.05174029151435,7185000
2009-08-21,23.286165237426758,23.637802565985623,22.934529399298647,23.090811497211998,14648000
2009-08-24,24.536426544189453,24.61456832903441,23.559657959703962,23.637799744548918,17653000
2009-08-25,26.21647071838379,26.21647071838379,26.060187133749167,26.21647071838379,32564000
2009-08-26,27.036954879760742,27.544875767101477,25.864832506692593,26.255539964381978,29097000
2009-08-27,26.294612884521484,27.271381520932216,26.294612884521484,27.036954663504588,8945000
2009-08-28,26.997886657714844,27.15417024812094,26.450895581724268,26.450895581724268,13817000
2009-08-31,26.646249771118164,27.115100550194587,26.52903931199526,27.115100550194587,10365000
2009-09-01,28.130935668945312,28.17000581675772,26.8025297772951,26.8025297772951,18139000
2009-09-02,27.662086486816406,27.896510342292267,27.4276596504795,27.4276596504795,12689000
2009-09-03,27.34952163696289,27.662088790872698,26.76346045902797,27.34952163696289,12872000
2009-09-04,27.818374633789062,27.974658240220613,26.997889426100745,27.427667108141115,22259000
2009-09-07,27.70116424560547,28.32629569229759,27.623020951730286,27.896518009000623,11999000
2009-09-08,27.779306411743164,28.09187364637115,27.34952869977624,27.740236252630183,13260000
2009-09-09,27.036954879760742,27.77929964554284,26.958814580567402,27.77929964554284,7375000
2009-09-10,27.818374633789062,28.052801533867317,27.154173032532295,28.013728396613033,19723000
2009-09-11,27.974655151367188,28.170008892620956,27.583947668859654,27.935584999288743,8416000
2009-09-14,28.01372528076172,28.09186856571687,27.623017798570555,28.09186856571687,9618000
2009-09-15,28.521642684936523,28.521642684936523,27.935581533876185,28.013721828339765,11362000
2009-09-16,29.068641662597656,29.420279045863907,28.756074437280553,28.756074437280553,13800000
2009-09-17,28.3262939453125,29.381203010241535,28.209080502159637,29.146779104797492,10758000
2009-09-18,28.521642684936523,28.521642684936523,28.130935250896297,28.404429262379992,6840000
2009-09-21,28.40443229675293,28.795139772531435,28.209078558863673,28.795139772531435,5221000
2009-09-22,27.818374633789062,28.677932978731658,27.818374633789062,28.521649372300107,8010000
2009-09-23,27.036954879760742,28.13093695363555,26.763460851722712,27.818369795139507,10315000
2009-09-24,26.724393844604492,27.23231181080914,26.568110246979334,27.23231181080914,9239000
2009-09-25,26.95881462097168,27.154168350109156,26.48996686338628,26.68532059252375,11822000
2009-09-28,26.17740249633789,27.07603093855684,26.099262188693487,26.958817496228573,11594000
2009-09-29,26.294612884521484,26.685320339085777,25.90390542995719,26.568106910371963,15813000
2009-09-30,26.372756958007812,26.763464468496817,26.177403202763312,26.177403202763312,17444000
2009-10-01,25.669479370117188,26.489967434885003,25.552268918622794,26.489967434885003,32012000
2009-10-02,25.669479370117188,25.98204653582506,25.552268918622794,25.591339069120924,19908000
2009-10-05,25.4741268157959,25.90390743375131,24.927137231351956,25.78669399597046,17930000
2009-10-06,26.880674362182617,26.958814661610862,25.591338555587125,25.591338555587125,36403000
2009-10-07,26.489971160888672,27.310456360202178,26.33368755605233,27.310456360202178,16802000
2009-10-08,25.59133529663086,26.56810381940303,25.513195007153474,26.56810381940303,15684000
2009-10-09,25.825761795043945,26.060185668383486,25.27877077001083,25.786691646297566,17516000
2009-10-12,25.78668975830078,25.98204346859094,25.630406193896444,25.98204346859094,12118000
2009-10-13,25.825761795043945,25.98204537089073,25.27877077001083,25.43505434585762,16554000
2009-10-14,26.489971160888672,26.568111472875927,25.982050190386015,26.021120346379647,20557000
2009-10-15,26.255544662475586,26.80253579729005,26.13833419271226,26.685325327526726,12981000
2009-10-16,26.138330459594727,26.29461404448703,26.021117025710133,26.021117025710133,6782000
2009-10-19,26.255544662475586,26.607182033489302,26.13833419271226,26.13833419271226,7459000
2009-10-20,26.95881462097168,27.154168350109156,26.450893732869705,26.56810716269673,18986000
2009-10-21,26.529041290283203,26.997889123460315,26.489971134328748,26.95881896750586,8166000
2009-10-22,26.0601863861084,26.56810727638381,25.747622206667756,26.56810727638381,16143000
2009-10-23,25.78668975830078,26.177397178881098,25.669476339782264,26.177397178881098,12011000
2009-10-26,25.669479370117188,26.099259968180867,25.630409219619057,25.78669280247299,8588000
2009-10-27,25.239702224731445,25.66947984996773,25.122491771045986,25.591339547510756,12244000
2009-10-28,24.692710876464844,25.51319740703011,24.614569089206636,25.23970040641106,14789000
2009-10-29,24.145723342895508,24.419218892578556,23.755015840614252,24.419218892578556,23513000
2009-10-30,24.419212341308594,24.770849595195614,24.302000420156403,24.419212341308594,10004000
2009-11-02,25.395984649658203,25.786692105806793,24.419216009286735,24.419216009286735,22066000
2009-11-03,25.395984649658203,25.708551806921605,25.0834174923948,25.708551806921605,15842000
2009-11-04,25.59133529663086,25.786689001185295,25.395981592076424,25.395981592076424,13307000
2009-11-05,25.59133529663086,25.786689001185295,25.47412188155381,25.7476188564466,10073000
2009-11-06,25.513195037841797,25.825759176988274,25.474121912195134,25.786689032202585,8544000
2009-11-09,25.513195037841797,25.70854874263121,25.395981622623758,25.70854874263121,7949000
2009-11-10,25.513195037841797,25.94297259220631,25.474121912195134,25.70854874263121,11732000
2009-11-11,25.94297981262207,25.982049968281714,25.200634931641662,25.395988690801673,14453000
2009-11-12,25.669479370117188,26.21647041967526,25.552268918622794,26.138330118678997,15924000
2009-11-13,25.59133529663086,25.70854871170791,25.43505173681512,25.59133529663086,5228000
2009-11-16,26.17740249633789,26.255542803982294,25.59134124641988,25.59134124641988,13612000
2009-11-17,25.90390396118164,26.294611393592458,25.591336822908527,26.25553826566246,8119000
2009-11-18,25.70854949951172,26.099256920593287,25.630406226778767,25.942973355988446,8503000
2009-11-19,25.90390396118164,26.060184549457052,25.786690539113938,25.82576068618279,12550000
2009-11-20,25.239702224731445,25.982047021518554,25.122491771045986,25.942976870290067,18115000
2009-11-23,25.278776168823242,25.395989620957042,25.04435224541756,25.278776168823242,6508000
2009-11-24,25.278776168823242,25.51320307309084,25.278776168823242,25.395989620957042,13998000
2009-11-25,25.4741268157959,25.669480558189612,25.317846206570163,25.39598651118303,19469000
2009-11-26,25.55227279663086,25.66948326591401,25.39598919005813,25.630413109486295,8139000
2009-11-27,24.653642654418945,25.278774058261604,24.653642654418945,25.278774058261604,13802000
2009-11-30,25.395984649658203,25.395984649658203,24.77085331599273,24.809923465435322,6936000
2009-12-01,25.435054779052734,25.630408506973048,25.20063090172062,25.395984629640935,9398000
2009-12-02,25.825761795043945,25.903905073397976,25.63040807045078,25.63040807045078,18962000
2009-12-03,25.78668975830078,26.02111361447676,25.630406193896444,26.02111361447676,9787000
2009-12-04,25.4741268157959,25.825764148276896,25.317846206570163,25.317846206570163,6052000
2009-12-07,26.802534103393555,26.880677392492395,25.4741279973302,25.70855488376502,31596000
2009-12-08,26.5681095123291,26.841603564964316,26.333685612804402,26.8025334118538,13402000
2009-12-09,26.372756958007812,26.91974806886477,26.29461664825471,26.685324158743715,17627000
2009-12-10,26.0601863861084,26.60717742620622,25.669478926161577,26.45089384605522,16269000
2009-12-11,26.138330459594727,26.216470761610154,25.6304095539101,26.138330459594727,10722000
2009-12-14,26.294612884521484,26.48996661180363,26.138329306523502,26.255539754376002,6909000
2009-12-15,26.33368492126465,26.450895377518172,26.138331179980582,26.294614769180143,7650000
2009-12-16,26.021120071411133,26.450897744523186,25.982049915830366,26.450897744523186,5636000
2009-12-17,26.646249771118164,26.880676651087178,26.21647212594431,26.333685565928818,27708000
2009-12-18,27.115093231201172,27.1541633736962,26.685315702034252,26.76345598702431,25404000
2009-12-21,26.95881462097168,27.54487580838411,26.95881462097168,27.27138177993618,18234000
2009-12-22,27.115093231201172,27.349517067032142,27.036949965350313,27.193233516191228,7992000
2009-12-23,26.997886657714844,27.466737428933143,26.841603067308743,27.34952399091318,7886000
2009-12-24,27.310449600219727,27.466733166372187,26.763458609116658,27.036952614237645,17663000
2009-12-25,27.193241119384766,27.505808308459958,27.193241119384766,27.466738155040968,4948000
2009-12-28,27.544878005981445,27.62301831152612,27.310454108485835,27.38859441403051,10558000
2009-12-29,27.154163360595703,27.583940889555276,27.03694995230637,27.544870747079095,10138000
2009-12-30,27.076030731201172,27.11510088472416,26.802533694816947,27.11510088472416,10474000
2009-12-31,27.193241119384766,27.27138440708438,26.997887371428178,27.07603065912779,5845000
2010-01-04,26.91974449157715,27.31045195014616,26.880674341892515,27.31045195014616,6064000
2010-01-05,26.724393844604492,27.15417150242741,26.6071804011702,27.036958058993118,10391000
2010-01-06,27.115093231201172,27.1541633736962,26.48996200869831,26.48996200869831,10046000
2010-01-07,26.880674362182617,27.310451970760667,26.60717735246106,27.154168391042827,12368000
2010-01-08,26.763460159301758,26.997884031678137,26.411822860306565,26.88067358592058,6780000
2010-01-11,27.076030731201172,27.232311345293137,26.919747136247565,27.03695759681654,10211000
2010-01-12,27.115093231201172,27.271376782042086,27.036949965350313,27.271376782042086,7174000
2010-01-13,26.841604232788086,27.115101273089564,26.8025340787055,26.95881767589753,8466000
2010-01-14,27.544878005981445,27.62301831152612,26.91974661903929,27.193240669307237,21653000
2010-01-15,27.779306411743164,28.052803487258167,27.740236252630183,27.740236252630183,21392000
2010-01-18,27.93558120727539,28.248148343197748,27.544873777803005,27.544873777803005,17917000
2010-01-19,27.310449600219727,28.09186445012094,27.11509588774442,28.0527943037981,15873000
2010-01-20,26.802534103393555,27.54487895509323,26.529040043701844,27.349525203638667,17827000
2010-01-21,26.450895309448242,26.76346248704299,26.255541568666906,26.607178898245618,9669000
2010-01-22,25.59133529663086,26.17739641029416,25.43505173681512,26.17739641029416,14225000
2010-01-25,25.669479370117188,25.78669280247299,25.200631602416788,25.395985335768856,8255000
2010-01-26,25.083419799804688,25.982048223955303,24.80992574768664,25.864834783983795,11747000
2010-01-27,25.083419799804688,25.356916832784336,24.848995900723278,25.317846679747703,7117000
2010-01-28,25.200637817382812,25.51320506017583,25.005284035852714,25.083424356119895,17649000
2010-01-29,24.966211318969727,24.966211318969727,24.34107838783362,24.966211318969727,11236000
2010-02-01,25.16156578063965,25.278776252298584,24.92714036602889,25.083422485338435,9423000
2010-02-02,25.513195037841797,25.94297259220631,25.239698062620032,25.7476188874169,13332000
2010-02-03,25.94297981262207,25.982049968281714,25.591342449961687,25.708555897802416,10914000
2010-02-04,25.317846298217773,25.864834394210973,25.278773164908355,25.864834394210973,9069000
2010-02-05,23.98944091796875,24.80992606570151,23.950369274000494,24.65364247069012,9541000
2010-02-08,23.911298751831055,24.419218192141436,23.833156955530043,24.223864446604306,6609000
2010-02-09,24.692710876464844,24.966206386653266,24.028507920416,24.262931791760003,4703000
2010-02-10,25.005273818969727,25.239697664850382,24.809920117259026,25.239697664850382,4746000
2010-02-22,25.04435157775879,25.786696466138164,25.04435157775879,25.47412925602206,6502000
2010-02-23,24.927139282226562,25.591342359098505,24.848997480753823,25.591342359098505,9907000
2010-02-24,25.005273818969727,25.51319463576192,24.692708194318698,24.692708194318698,10737000
2010-02-25,25.005273818969727,25.39598122239113,24.8880618960294,25.005273818969727,9301000
2010-02-26,25.59133529663086,25.59133529663086,24.966204038228867,25.04434432770625,5727000
2010-03-01,25.55227279663086,25.747626559631307,25.161565270629968,25.55227279663086,7682000
2010-03-02,25.513195037841797,25.903902447420624,25.513195037841797,25.903902447420624,5233000
2010-03-03,25.317846298217773,25.630410498662236,25.122492555116903,25.317846298217773,4364000
2010-03-04,24.848997116088867,25.31784791804481,24.65364336048933,25.12249416244527,7504000
2010-03-05,25.395984649658203,25.395984649658203,25.005277193509617,25.20063092158391,6959000
2010-03-08,25.395984649658203,25.669478676617683,25.161560772141318,25.591338377732498,4171000
2010-03-09,25.16156578063965,25.5132031573403,25.083422485338435,25.395989704819442,6368000
2010-03-10,25.005273818969727,25.474121510731038,24.927132040199353,25.435051366561083,5736000
2010-03-11,24.848997116088867,25.2787747822355,24.73178516081532,25.083421026635964,6911000
2010-03-12,24.692710876464844,25.005276535067058,24.65363923762043,25.005276535067058,6317000
2010-03-15,24.692710876464844,24.809922812136847,24.497357153534633,24.731781024878636,7217000
2010-03-16,24.419212341308594,24.927131659921727,24.34107056373032,24.888061516347808,7541000
2010-03-17,24.692710876464844,24.809922812136847,24.341073579018214,24.770852663723055,19197000
2010-03-18,24.61456871032715,24.731780644194966,24.575498562514742,24.653638858139555,12731000
2010-03-19,24.966211318969727,24.966211318969727,24.575503795921254,24.77085755744549,17974000
2010-03-22,24.809925079345703,24.966208668143807,24.5364295441644,24.888066873744755,6505000
2010-03-23,24.10665512084961,24.809928383233014,24.028513316044574,24.653644773622943,16097000
2010-03-24,24.10665512084961,24.419220849638794,23.989443158857537,24.262937240028723,10881000
2010-03-25,23.755016326904297,24.10665368232815,23.676874526762234,24.028511882186088,11869000
2010-03-26,24.02851104736328,24.067581200861465,23.559661753231005,23.755015501583554,18329000
2010-03-29,23.98944091796875,24.145723022549323,23.911299120463056,24.028511071506188,10808000
2010-03-30,24.18479347229004,24.262933775506404,23.989439733387634,24.22386362389822,12751000
2010-03-31,24.06757926940918,24.262933002084356,23.950367327890216,24.06757926940918,12398000
2010-04-01,23.98944091796875,24.184794666517583,23.911299120463056,24.06758122504363,12483000
2010-04-02,24.145723342895508,24.302006939980348,23.98944123624151,24.0285113902973,9065000
2010-04-06,24.3020076751709,24.419219631315034,24.184795719026763,24.3020076751709,12662000
2010-04-07,24.18479347229004,24.419217362800627,24.106651678642926,24.419217362800627,9076000
2010-04-08,24.145723342895508,24.341077094036137,24.06758154435309,24.184794987382137,10771000
2010-04-09,24.10665512084961,24.30200888764672,24.028513316044574,24.30200888764672,6976000
2010-04-12,23.95037078857422,24.30200815437129,23.87222898612699,24.106654393468673,9157000
2010-04-13,23.481517791748047,23.598731222301847,23.168952121276178,23.44244764185057,9486000
2010-04-14,23.44245147705078,23.48152163334016,23.208027558452642,23.48152163334016,11867000
2010-04-15,23.598731994628906,23.63780214580505,23.325236465103693,23.44244840906286,11333000
2010-04-16,23.520591735839844,23.755015639047116,23.481520091684747,23.59873353371921,6507000
2010-04-19,23.051742553710938,23.442450054621293,23.012672399792237,23.364308256353056,8746000
2010-04-20,23.1689510345459,23.325234607666758,22.97359731336013,23.247092821106328,11368000
2010-04-21,23.95037078857422,23.95037078857422,23.28616770341915,23.325239349858222,14753000
2010-04-22,23.833162307739258,23.950374283297652,23.442454728923863,23.481524890632947,10290000
2010-04-23,23.559661865234375,23.950369363796902,23.481520067435703,23.911299210112983,8558000
2010-04-26,24.02851104736328,24.02851104736328,23.67687370415637,23.67687370415637,13937000
2010-04-27,24.18479347229004,24.380147211192444,24.028509884995817,24.22386362389822,22796000
2010-04-28,23.872230529785156,23.98944398625087,23.44245282418091,23.676876756250316,14429000
2010-04-29,23.325239181518555,24.145724375215675,23.325239181518555,24.145724375215675,15497000
2010-04-30,23.1689510345459,23.637800263477864,23.1689510345459,23.403376394227188,9139000
2010-05-03,22.81731605529785,23.247093661266646,22.700102626005755,23.12988172240522,8574000
2010-05-04,22.73917579650879,23.01267133254848,22.700104153971253,22.817317591153095,9195000
2010-05-05,21.64519500732422,22.3875383257226,21.449841267151367,22.348468173860333,22633000
2010-05-06,21.488910675048828,21.68426440845836,21.488910675048828,21.606122617008406,12126000
2010-05-07,22.30939483642578,22.543820201079242,21.137272484450403,21.293556060886043,18346000
2010-05-10,22.543821334838867,22.7391750699927,22.114042223241995,22.114042223241995,12299000
2010-05-11,22.465679168701172,22.817316482296597,22.27032543679942,22.739174691449758,13997000
2010-05-12,22.465679168701172,22.582891109756083,22.27032543679942,22.387537377854333,8852000
2010-05-13,22.700101852416992,22.856385425860076,22.621961556126067,22.66103170427153,4821000
2010-05-14,22.77824592590332,22.817317568401897,22.46568023806852,22.70010413133693,5917000
2010-05-17,22.30939483642578,22.582890349972832,22.19218289931437,22.465678412861422,15690000
2010-05-18,21.762409210205078,22.465682449673903,21.29355988708222,22.309398845155982,16764000
2010-05-19,21.488910675048828,21.645194257948738,21.09820320822976,21.52798082555845,17876000
2010-05-20,21.293556213378906,21.684263666835403,21.215414424601477,21.488909940107153,9494000
2010-05-21,20.980993270874023,21.293558976106855,20.78563951879965,20.863781317715567,18864000
2010-05-24,21.410770416259766,21.645195807390653,21.17634651555969,21.371700262953357,5147000
2010-05-25,20.902847290039062,21.215412932738584,20.512139864057023,21.215412932738584,11494000
2010-05-26,22.270326614379883,22.3484684093586,21.176345955970184,21.176345955970184,21732000
2010-05-27,22.114046096801758,22.34847151430742,21.840552012024954,22.074975939099637,13896000
2010-05-28,22.50475311279297,22.817320328873354,22.270329191163622,22.387541151978297,17266000
2010-05-31,22.73917579650879,22.73917579650879,22.50475041257587,22.661034001864483,5638000
2010-06-01,22.77824592590332,22.817317568401897,22.309396648935735,22.504750390136333,5576000
2010-06-02,22.66103172302246,22.778243657986454,22.50474814945006,22.66103172302246,6471000
2010-06-03,23.051742553710938,23.090812707629638,22.81731864933706,22.85638880325576,5085000
2010-06-04,22.66103172302246,23.12988095330905,22.62196157484467,23.12988095330905,8018000
2010-06-07,21.64519500732422,21.84054874749707,21.293557678840784,21.488911419013636,9024000
2010-06-08,21.37169647216797,21.64519196809425,21.254484542608292,21.488908401727645,7068000
2010-06-09,21.527978897094727,21.645192318985103,21.332625181184863,21.44983860307524,11234000
2010-06-10,21.957759857177734,21.996830007551882,21.68426433326661,21.996830007551882,5080000
2010-06-11,22.543821334838867,22.582891485697346,22.192184015389675,22.27032580753735,6753000
2010-06-14,22.5828914642334,22.85638699127497,22.543821313412053,22.66103325630681,2872000
2010-06-15,22.81731605529785,23.16895187188214,22.387536958898387,22.582890687144324,5928000
2010-06-17,23.051742553710938,23.16895450589788,22.81731864933706,22.85638880325576,6742000
2010-06-18,22.85638427734375,23.247091700888088,22.621960419389364,23.247091700888088,6208000
2010-06-21,23.755016326904297,23.911299927188427,23.051743106487464,23.24709686162719,20925000
2010-06-22,23.676870346069336,23.872224066714892,23.364304691122566,23.79408377080116,7087000
2010-06-23,23.481517791748047,23.637801372199323,23.325235701727454,23.637801372199323,4287000
2010-06-24,23.481517791748047,23.872225252445556,23.481517791748047,23.559659581973687,4395000
2010-06-25,23.1689510345459,23.403376394227188,23.12988088648099,23.325234607666758,3385000
2010-06-28,23.051742553710938,23.286166458084818,22.934530601524,23.286166458084818,4681000
2010-06-29,23.051742553710938,23.481520208539994,22.895458957174462,23.090812707629638,4997000
2010-06-30,22.85638427734375,23.012667842933702,22.661030565571583,22.661030565571583,7862000
2010-07-01,22.50475311279297,22.817320328873354,22.465682955998393,22.817320328873354,1794000
2010-07-02,21.957759857177734,22.66103299692727,21.91868821637289,22.66103299692727,9274000
2010-07-05,22.73917579650879,22.77824594861556,22.035902625571563,22.074972777678333,5350000
2010-07-06,23.364307403564453,23.364307403564453,22.661034225681192,22.739176021097286,6928000
2010-07-07,23.051742553710938,23.364308256353056,22.895458957174462,23.364308256353056,6987000
2010-07-08,23.44245147705078,23.44245147705078,23.09081410872265,23.247097714742026,10559000
2010-07-09,23.911298751831055,23.911298751831055,23.598733057057803,23.755015159229032,13469000
2010-07-12,23.872230529785156,24.028514144785433,23.755018563750454,24.028514144785433,6992000
2010-07-13,23.872230529785156,23.98944398625087,23.71594840521589,23.91130217875073,5563000
2010-07-14,24.38014793395996,24.731783780150348,24.10665239330247,24.10665239330247,19108000
2010-07-15,24.497360229492188,24.53643038281174,24.223864684962898,24.380148279102723,6297000
2010-07-16,25.005273818969727,25.005273818969727,24.38014256966767,24.57549627137837,17690000
2010-07-19,24.848997116088867,24.96621056179329,24.419219449942236,24.80992696114131,7446000
2010-07-20,24.888063430786133,25.005275360954496,24.536426149850488,24.61456793343958,9911000
2010-07-21,24.770854949951172,25.005278842931347,24.65364151303032,24.88806689644126,12532000
2010-07-22,24.307861328125,24.93007622473954,24.224900607809175,24.888595864581628,10312000
2010-07-23,24.349342346191406,24.68118996197845,24.30786040523412,24.68118996197845,9338000
2010-07-26,24.473783493041992,24.51526384906359,24.349340842603052,24.473783493041992,3179000
2010-07-27,24.307861328125,24.598228596353316,24.307861328125,24.47378593350527,4555000
2010-07-28,24.141935348510742,24.22489764104067,23.934530408372975,24.141935348510742,9121000
2010-07-29,24.141935348510742,24.266377996118578,23.64416317570528,24.141935348510742,10640000
2010-07-30,24.05897331237793,24.10045366789789,23.851568370029845,24.10045366789789,4102000
2010-08-02,24.556745529174805,24.556745529174805,24.058973350280382,24.058973350280382,6958000
2010-08-03,24.307861328125,24.556748236195403,24.05897600242891,24.556748236195403,10649000
2010-08-04,23.6441650390625,24.390822565926467,23.436760082579497,24.390822565926467,13426000
2010-08-05,22.316774368286133,23.810091095873183,22.026407094946347,23.644166487572065,38973000
2010-08-06,22.35825538635254,22.35825538635254,22.026406183482393,22.316773444806635,15834000
2010-08-09,22.233808517456055,22.607138035393845,22.15084780891351,22.192328163184783,10667000
2010-08-10,21.777517318725586,22.3167698120478,21.69455503151278,22.233807524834994,17118000
2010-08-11,21.98492431640625,22.233809619114012,21.57011442364387,21.57011442364387,13913000
2010-08-12,21.98492431640625,22.15084890646087,21.81899972635163,21.81899972635163,8914000
2010-08-13,22.026409149169922,22.233814137702122,21.901966472525498,22.233814137702122,12216000
2010-08-16,22.026409149169922,22.109371461057698,21.94344841965663,21.984928784413274,3628000
2010-08-17,21.98492431640625,22.358253852842058,21.98492431640625,22.358253852842058,3833000
2010-08-18,21.860483169555664,22.192330790129475,21.77752086881864,22.109368489392452,10605000
2010-08-19,21.98492431640625,22.067886611433558,21.81899972635163,21.90196202137894,9891000
2010-08-20,21.653078079223633,21.984925697810066,21.653078079223633,21.984925697810066,7335000
2010-08-23,21.653078079223633,21.819001097329718,21.57011577898346,21.611596137916415,5481000
2010-08-24,21.528642654418945,21.73604768352751,21.362717998182177,21.57012302729074,9045000
2010-08-25,20.7819766998291,21.40419159003206,20.7819766998291,21.40419159003206,14340000
2010-08-26,20.719757080078125,20.947902233472757,20.450129982737145,20.740497260864117,14606000
2010-08-27,20.533092498779297,20.7197572925158,20.450130192410363,20.657535167145507,7187000
2010-08-30,20.740497589111328,20.94790256500244,20.55383279433445,20.740497589111328,4521000
2010-08-31,20.15976333618164,20.57457329439422,19.80717550465071,20.57457329439422,14735000
2010-09-01,18.853111267089844,19.66199093128085,18.83237108746941,19.66199093128085,29505000
2010-09-02,19.081253051757812,19.247177624287914,18.956810413547235,19.164215338022863,19392000
2010-09-03,19.41309928894043,19.454581220427617,19.101991923469033,19.101991923469033,13929000
2010-09-06,20.325685501098633,20.657533111172338,19.827913294800965,19.827913294800965,20605000
2010-09-07,20.740497589111328,20.94790256500244,20.36716799955757,20.36716799955757,16291000
2010-09-08,20.595314025878906,21.072344504487912,20.408649237564802,20.657534567067383,10596000
2010-09-09,20.470867156982422,21.07234180568423,20.284203974949214,21.030861450204434,8013000
2010-09-10,20.201242446899414,20.63679252543373,19.993837496895054,20.491609693380354,9524000
2010-09-13,20.325685501098633,20.429387978145055,19.890135413978506,20.24272320298665,13962000
2010-09-14,20.180505752563477,20.346428791789272,20.09754344176335,20.346428791789272,7954000
2010-09-15,20.491609573364258,20.491609573364258,20.221982506988077,20.221982506988077,9679000
2010-09-16,20.367164611816406,20.6782720239055,20.32568425648751,20.51234902021579,5024000
2010-09-17,20.22198486328125,20.512352141895548,20.159762738444485,20.367167711401216,9780000
2010-09-20,19.827913284301758,20.304945311412393,19.682730449463335,20.22198301334434,10441000
2010-09-21,19.848657608032227,19.993842055562364,19.558291877721054,19.910879740170078,11863000
2010-09-23,19.76569175720215,19.931614762650717,19.620507347263743,19.910874584766415,10511000
2010-09-24,19.641244888305664,19.848649804052815,19.51680225533216,19.7656891036531,12822000
2010-09-27,19.641244888305664,19.827909628952888,19.51680225533216,19.74494734617924,11309000
2010-09-28,20.263463973999023,20.450128754611583,19.66199085545472,19.703471214535615,17070000
2010-09-29,20.864938735961914,20.989381395942942,20.533091115221072,20.533091115221072,20478000
2010-09-30,21.030864715576172,21.072345077496443,20.719757254051004,20.94790240936125,11408000
2010-10-01,20.906421661376953,21.196787354205632,20.864939717848323,21.03086432721415,8841000
2010-10-04,20.906421661376953,21.155306993051347,20.82345935669404,21.155306993051347,7447000
2010-10-05,20.574569702148438,20.906418876678362,20.263462287807236,20.864936938675054,9955000
2010-10-06,20.678274154663086,20.947901239206548,20.59531343545675,20.740496276442126,7755000
2010-10-07,20.616050720214844,20.906417943784586,20.470866317242937,20.906417943784586,5821000
2010-10-08,20.616050720214844,20.8649360076323,20.512348253395224,20.8649360076323,5351000
2010-10-11,20.408647537231445,20.574570548951286,20.325685240184423,20.574570548951286,5933000
2010-10-12,20.180505752563477,20.408650920482984,20.056061495176053,20.367168973895687,8872000
2010-10-13,19.97309684753418,20.284204265206835,19.869394374976626,20.284204265206835,7772000
2010-10-14,20.947898864746094,21.07234151182422,20.387906161707477,20.387906161707477,22784000
2010-10-15,21.155302047729492,21.279744684476636,21.072339762440073,21.155302047729492,19845000
2010-10-18,21.155302047729492,21.445669255055478,20.98937747715065,21.36270696976606,12080000
2010-10-19,21.32122802734375,21.32122802734375,20.947898510056476,21.15530344579961,16594000
2010-10-20,22.15085220336914,22.15085220336914,21.07234537223869,21.155307679614015,19053000
2010-10-21,22.15085220336914,22.35825718062026,21.736042248866905,22.35825718062026,12010000
2010-10-22,22.69009780883789,22.731578158506906,22.109363419228213,22.31676833232111,19662000
2010-10-25,23.10491371154785,23.14639407212608,22.731584136846493,22.814546440377274,17937000
2010-10-26,22.897504806518555,23.229352381203796,22.69009987454352,23.187872027758413,10408000
2010-10-27,22.814544677734375,23.063429986723616,22.814544677734375,23.021949629350143,9483000
2010-10-28,23.561203002929688,23.561203002929688,22.524178208941812,22.814545467733268,21577000
2010-10-29,23.312318801879883,23.561204131407784,23.187876137115932,23.561204131407784,9438000
2010-11-01,23.6441650390625,23.685645397409406,23.31231742516454,23.31231742516454,20924000
2010-11-02,23.6441650390625,23.72712733813055,23.39527972423259,23.6441650390625,11643000
2010-11-03,23.519723892211914,23.81009116641193,23.146394313615556,23.64416655761925,18199000
2010-11-04,23.6441650390625,23.72712733813055,23.519722381647547,23.6441650390625,8372000
2010-11-05,23.478240966796875,23.727127869575643,23.22935564639238,23.727127869575643,14834000
2010-11-08,23.353796005249023,23.64416323869022,23.229353357309687,23.64416323869022,9817000
2010-11-09,23.02195167541504,23.353799311018225,22.897509009860638,23.353799311018225,6952000
2010-11-10,23.768604278564453,23.768604278564453,23.021946859069438,23.18787143334567,7580000
2010-11-11,23.6441650390625,23.768607696477456,23.519722381647547,23.768607696477456,4927000
2010-11-12,23.685644149780273,23.851568739176383,23.229353902502215,23.644163793618326,9275000
2010-11-15,23.72712516784668,23.72712516784668,23.436757938855074,23.685643230919826,4771000
2010-11-16,23.89305305480957,23.89305305480957,23.644167711845178,23.89305305480957,4504000
2010-11-17,24.017498016357422,24.017498016357422,23.561206097645204,23.851573394575805,6632000
2010-11-18,23.93453025817871,24.183415551832574,23.851567966169387,24.141935197014966,3542000
2010-11-19,23.768604278564453,24.14193377949897,23.644161639044288,24.100451844742906,4651000
2010-11-22,24.05897331237793,24.10045366789789,23.644163427681757,23.644163427681757,4428000
2010-11-23,24.26637840270996,24.390821052402877,24.10045381486998,24.22489804693704,9386000
2010-11-24,24.26637840270996,24.307858758482887,24.01749310332413,24.058973459097057,4731000
2010-11-25,24.93007469177246,25.013036989361186,24.26637947581107,24.26637947581107,13781000
2010-11-26,24.88859748840332,25.013040159370455,24.805635180300428,25.013040159370455,10710000
2010-11-29,25.013042449951172,25.220447448014408,24.888599767588143,25.09600476565138,5891000
2010-11-30,24.847116470336914,25.13748216747867,24.847116470336914,25.09600180570824,10321000
2010-12-01,24.764156341552734,24.97156133338756,24.43230867109192,24.847118654761566,7587000
2010-12-02,25.220443725585938,25.303406029041266,24.93007645467945,24.93007645467945,13464000
2010-12-03,25.635251998901367,25.718214296979372,25.137479792807568,25.261924031111683,8928000
2010-12-06,25.759695053100586,25.884139293328726,25.67673433611415,25.842657352461263,5304000
2010-12-07,25.842655181884766,25.925617474277274,25.38636494728713,25.801174826875567,8072000
2010-12-08,25.303409576416016,25.9671049323558,25.303409576416016,25.925624566000014,4431000
2010-12-09,26.340425491333008,26.42338777785925,25.967095993151915,26.09154021412828,13229000
2010-12-10,26.050060272216797,26.340427506081497,25.63525039023126,26.340427506081497,5989000
2010-12-13,25.925615310668945,26.133020233154298,25.635248102714655,26.133020233154298,10270000
2010-12-14,26.21598243713379,26.21598243713379,25.925615230082073,26.09153980050419,8298000
2010-12-15,25.801177978515625,26.133025606247077,25.635253373462746,26.133025606247077,11962000
2010-12-16,25.925615310668945,25.925615310668945,25.635248102714655,25.80117267365253,6434000
2010-12-17,25.967098236083984,26.00858017411715,25.759693293040584,25.92561788042496,7797000
2010-12-20,25.510812759399414,26.091547341343645,25.178965105020325,26.091547341343645,4988000
2010-12-21,25.71821403503418,25.801176332267193,25.38636642847632,25.510809083138742,2191000
2010-12-22,25.842655181884766,25.925617474277274,25.67673217947386,25.718212534483058,4156000
2010-12-23,25.71821403503418,25.8426566896966,25.635251737801163,25.8426566896966,1472000
2010-12-24,25.635251998901367,25.718214296979372,25.46932898511958,25.718214296979372,1190000
2010-12-27,25.469327926635742,25.635250933521906,25.30340333737542,25.469327926635742,1526000
2010-12-28,25.55228614807129,25.63524843461434,25.09599594564552,25.593768082529817,2158000
2010-12-29,25.635251998901367,25.635251998901367,25.303404388963575,25.510809342971474,2698000
2010-12-30,25.55228614807129,25.759691073241914,25.261920518731618,25.63524843461434,3792000
2010-12-31,25.386369705200195,25.6352550466497,25.386369705200195,25.6352550466497,1870000
2011-01-03,25.510812759399414,25.676737377776174,25.38637008680406,25.427850450211032,2109000
2011-01-04,24.88859748840332,25.552292788477644,24.84711712553908,25.510812425613402,7796000
2011-01-05,24.681184768676758,25.054514246866812,24.34933722271555,24.88858968269925,6381000
2011-01-06,24.017498016357422,24.930078689032925,23.93453570546661,24.681193338734964,12629000
2011-01-07,23.810089111328125,24.017494063230377,23.312316910287883,23.934531765994635,15786000
2011-01-10,25.469327926635742,25.469327926635742,24.141935959675642,24.39082126119197,13192000
2011-01-11,25.635251998901367,25.801176595057374,25.220442090885573,25.510809342971474,15766000
2011-01-12,25.42784881591797,25.801178392083912,25.386368455177013,25.718216088227663,4631000
2011-01-13,25.220443725585938,25.71821596394358,25.01303875813478,25.71821596394358,4354000
2011-01-14,25.13747787475586,25.303402458251412,25.013035228321247,25.303402458251412,2909000
2011-01-17,25.09600067138672,25.178962973552114,25.013038369221327,25.137481031282267,2518000
2011-01-18,25.510812759399414,25.552293122806386,25.01304048664356,25.096002795831943,4482000
2011-01-19,25.55228614807129,25.593768082529817,25.137476297730043,25.510805795986766,3626000
2011-01-20,25.42784881591797,25.510811119774218,25.26192579057981,25.303406151320768,2646000
2011-01-21,25.71821403503418,25.71821403503418,25.01303688211485,25.095999179347867,5614000
2011-01-24,25.510812759399414,25.71821774118315,25.38637008680406,25.71821774118315,3713000
2011-01-25,25.510812759399414,25.593775068587792,25.30340777761568,25.30340777761568,3097000
2011-01-26,25.676733016967773,25.71821337332993,25.46932807040866,25.51080842677082,4429000
2011-01-27,25.55228614807129,25.842653359784965,25.55228614807129,25.71821072115739,5851000
2011-01-28,25.510812759399414,25.71821774118315,25.34488814102265,25.552293122806386,4287000
2011-02-08,24.93007469177246,25.676733787696786,24.47378442859578,25.676733787696786,9971000
2011-02-09,24.847116470336914,25.261926417538703,24.805634526192115,24.971559138022577,8094000
2011-02-10,23.89305305480957,24.18342034318431,23.768610383327374,23.89305305480957,9247000
2011-02-11,22.814544677734375,23.893049793186684,22.441215131876312,23.893049793186684,12877000
2011-02-14,23.06342887878418,23.519720699843678,22.565658284718005,22.98046816802257,11536000
2011-02-15,22.814544677734375,23.14639228384476,22.48269707162399,22.814544677734375,7518000
2011-02-16,23.22935676574707,23.851571679115295,23.146394460823103,23.851571679115295,3445000
2011-02-17,23.312318801879883,23.519723770611243,23.27083685870901,23.35379916267642,6353000
2011-02-18,23.6441650390625,23.851569995545503,23.39527972423259,23.8100896371986,4542000
2011-02-21,23.395275115966797,23.76860301467569,23.2708309006899,23.76860301467569,3269000
2011-02-22,22.648624420166016,23.18787866352076,22.44121942883712,23.18787866352076,7259000
2011-02-23,23.02195167541504,23.27083700652384,22.565661374257452,22.565661374257452,6534000
2011-02-24,22.93899154663086,23.395283473441022,22.93899154663086,23.312321161077858,4255000
2011-02-25,24.100452423095703,24.515262286366706,23.146390054047203,23.561199917318206,8823000
2011-03-01,25.220443725585938,25.303406029041266,24.390823855781306,24.43230579869613,7623000
2011-03-02,24.05897331237793,24.88859308177027,24.05897331237793,24.88859308177027,6724000
2011-03-03,24.93007469177246,24.97155663175393,24.26637947581107,24.598227083791766,8801000
2011-03-04,25.303409576416016,26.008586881086124,25.096004579888014,25.220447261329905,7028000
2011-03-07,25.013042449951172,25.303409763714612,24.930080134250968,25.137485132314204,1831000
2011-03-08,24.88859748840332,25.013040159370455,24.681192509333293,24.805635180300428,3579000
2011-03-09,24.307861328125,24.888595864581628,24.183418665276953,24.888595864581628,4708000
2011-03-10,23.6441650390625,24.05897495202851,23.602684680715594,24.05897495202851,6631000
2011-03-11,22.69009780883789,23.353792897785603,22.69009780883789,23.229350266404648,12829000
2011-03-14,22.233808517456055,22.441213453560586,21.86048058189235,22.026403581351524,6735000
2011-03-15,21.528642654418945,22.399743143725,20.699022537984685,21.901970757389485,11613000
2011-03-16,21.860483169555664,22.192330790129475,21.653078208900247,22.192330790129475,7185000
2011-03-17,21.860483169555664,21.943445470292684,20.94790102619698,20.94790102619698,6225000
2011-03-18,22.067886352539062,22.275291296487037,21.611594526429037,21.777519114537075,6037000
2011-03-21,22.233808517456055,22.482695390205944,21.94344287280898,22.192328163184783,3202000
2011-03-22,21.943445205688477,22.358255121997338,21.90196326463304,22.3167731809419,3515000
2011-03-23,21.98492431640625,22.233809619114012,21.653076718671176,22.233809619114012,4364000
2011-03-24,21.819002151489258,22.31677439460532,21.77752179055223,22.06788906423446,7675000
2011-03-25,22.52417755126953,22.897507099154208,21.984924990616054,22.026405348214702,8961000
2011-03-28,22.275291442871094,22.524176744294575,21.694556963050765,22.524176744294575,7122000
2011-03-29,22.52417755126953,22.690102146412546,21.8604823354459,21.90196269304455,5569000
2011-03-30,23.395275115966797,23.893045647578656,22.52417352089818,22.52417352089818,11679000
2011-03-31,23.02195167541504,23.395281254452588,22.773066344306237,23.395281254452588,8169000
2011-04-01,22.7730655670166,22.938988587967742,22.60714096369117,22.814545926660813,5779000
2011-04-06,23.02195167541504,23.104913979909423,22.690104039811853,23.02195167541504,7186000
2011-04-07,23.02195167541504,23.02195167541504,22.814546705366254,22.98047131435502,3203000
2011-04-08,22.897504806518555,23.602681891708478,22.856022870699114,23.02194744922876,5719000
2011-04-11,22.067886352539062,22.85602419011687,21.984924058485046,22.814543834276932,8241000
2011-04-12,21.653078079223633,21.819001097329718,21.487153478743288,21.611596137916415,8151000
2011-04-13,21.777517318725586,21.901959958357786,21.611592744299976,21.81899767114498,4474000
2011-04-14,21.943445205688477,22.026405923050845,21.77752060621523,21.98492556436966,4820000
2011-04-15,21.901966094970703,22.067890715885984,21.5701184355146,21.98492840542834,3285000
2011-04-18,22.15085220336914,22.48269985049605,22.15085220336914,22.399737543120725,6306000
2011-04-19,22.067886352539062,22.31677165232697,21.984924058485046,21.984924058485046,3500000
2011-04-20,22.399738311767578,22.399738311767578,21.90196603280896,22.192333327399357,5023000
2011-04-21,22.482698440551758,22.73158376469514,22.275293476307507,22.56566074272432,7802000
2011-04-22,22.814544677734375,22.856025035107848,22.64862008349208,22.814544677734375,6090000
2011-04-25,22.731586456298828,22.85602913310554,22.482701102685407,22.85602913310554,2448000
2011-04-26,23.02195167541504,23.02195167541504,22.60714173531747,22.64862209637749,6585000
2011-04-27,22.85602378845215,23.146391021351313,22.7730630782302,23.063428728755248,5735000
2011-04-28,23.02195167541504,23.02195167541504,22.48269906976307,22.897509009860638,4709000
2011-04-29,23.4367618560791,23.4367618560791,22.607141967368335,22.814546939546027,7080000
2011-05-03,23.97601318359375,24.05897548449791,23.436760601278138,23.436760601278138,9305000
2011-05-04,24.59822654724121,24.72266919972278,23.851569049977616,24.100454354940755,19014000
2011-05-05,25.13747787475586,25.1789598118168,24.18341547559169,24.556744997269632,14964000
2011-05-06,24.59822654724121,24.930074147983454,24.432303538057177,24.888593791280993,4802000
2011-05-09,24.18341636657715,24.68118855302904,24.18341636657715,24.639708196813945,6532000
2011-05-10,23.768604278564453,24.100451844742906,23.68564199142634,24.058971492360854,8675000
2011-05-11,24.473783493041992,24.51526384906359,23.810088302451533,23.810088302451533,10489000
2011-05-12,24.847116470336914,25.13748216747867,24.349344217219894,24.432306523135125,14904000
2011-05-13,25.09600067138672,25.178962973552114,24.76415304509944,25.137481031282267,8196000
2011-05-16,25.13747787475586,25.261922103564572,24.681187643704245,25.013035228321247,6775000
2011-05-17,25.13747787475586,25.303402458251412,24.93007293657347,25.095997520069023,6450000
2011-05-18,25.26192283630371,25.26192283630371,24.847112947907092,25.095998247995404,6637000
2011-05-19,25.55228614807129,25.842653359784965,25.30340087081614,25.30340087081614,8573000
2011-05-20,25.303409576416016,25.718219569472016,25.137484946243795,25.718219569472016,5183000
2011-05-23,24.971555709838867,25.178960654966474,24.80563112078712,24.888593415312993,5616000
2011-05-24,24.88859748840332,24.971559796506213,24.515267893127504,24.88859748840332,5113000
2011-05-25,24.59822654724121,24.805631495501885,24.556746190538746,24.805631495501885,4874000
2011-05-26,25.09600067138672,25.303405635613057,24.76415304509944,24.888595707160384,9710000
2011-05-27,26.547826766967773,26.838192356332456,25.013030215527692,25.261917040892286,22275000
2011-05-30,26.630796432495117,27.294494857088907,26.34043074529681,26.547835711795212,21067000
2011-05-31,27.004127502441406,27.501901348486843,26.796722524443013,26.796722524443013,25913000
2011-06-01,27.170047760009766,27.294491992748824,26.630793637804906,27.170047760009766,14796000
2011-06-02,26.796720504760742,27.045605826650444,26.381910580028382,26.381910580028382,9263000
2011-06-03,28.2900390625,28.414483321046504,26.796723783686765,26.796723783686765,22378000
2011-06-07,28.124116897583008,28.912253299415152,28.041153005719863,28.20707762469727,20474000
2011-06-08,27.999666213989258,28.53892031067646,27.792261279070818,28.16559079487364,14211000
2011-06-09,28.45595932006836,28.621883917758684,27.99966904998132,27.99966904998132,12315000
2011-06-10,28.248554229736328,28.62188378157614,28.08262963283547,28.62188378157614,13333000
2011-06-13,27.875225067138672,28.1241135483396,27.70930363266939,28.1241135483396,9748000
2011-06-14,28.621889114379883,28.621889114379883,27.79226914005003,28.08263486516586,11115000
2011-06-15,28.2900390625,28.62188830879137,28.24855869790082,28.62188830879137,13823000
2011-06-16,27.170047760009766,27.91670682694752,27.170047760009766,27.792262594208463,8736000
2011-06-17,27.170047760009766,27.543377293478645,27.045603527270703,27.170047760009766,6742000
2011-06-20,27.54338264465332,27.999672978764888,27.33597765962543,27.999672978764888,8067000
2011-06-21,27.875225067138672,28.041149666356457,27.501898674834287,27.70930363266939,9867000
2011-06-22,27.833742141723633,28.207071664348476,27.58485684822314,28.082627435224126,6816000
2011-06-23,26.879684448242188,28.041150341222668,26.879684448242188,27.99966998160704,10507000
2011-06-24,27.170047760009766,27.294491992748824,26.75523787054397,27.045603527270703,8787000
2011-06-27,26.838197708129883,27.211527229435415,26.79671735348442,27.045602646105376,5388000
2011-06-28,26.838197708129883,27.750781334070982,26.838197708129883,26.962641936814457,11003000
2011-06-29,27.70929718017578,27.70929718017578,26.962638239939878,26.962638239939878,10392000
2011-06-30,28.207077026367188,28.331521279147744,27.709306344742586,27.83374743277433,15568000
2011-07-01,28.2900390625,28.62188830879137,28.2900390625,28.538927579593008,11225000
2011-07-04,28.787805557250977,29.119651553783083,28.041146526744477,28.414476041997727,20029000
2011-07-05,28.45595932006836,28.70484463422961,28.12411328943618,28.70484463422961,14748000
2011-07-06,29.451501846313477,29.61742643332687,28.372996777848833,28.580401720428508,17013000
2011-07-07,28.787805557250977,29.368540007117346,28.787805557250977,29.327056488396206,14311000
2011-07-08,28.87076759338379,29.202616769930618,28.704843005110376,28.87076759338379,8033000
2011-07-11,28.248554229736328,28.704844497652342,28.207073871698228,28.704844497652342,15767000
2011-07-12,28.45595932006836,28.53892320128776,27.916708333510396,27.916708333510396,11170000
2011-07-13,28.207077026367188,28.66336734531454,28.08263277358663,28.538926257282796,13780000
2011-07-14,28.207077026367188,28.621886982637292,27.999672048232135,28.497442729856736,8249000
2011-07-15,28.207077026367188,28.37300164182499,27.958191685554887,28.248557389044436,13930000
2011-07-18,27.999666213989258,28.207071148907698,27.543375990118324,28.207071148907698,7351000
2011-07-19,28.2900390625,28.538927579593008,27.79226835781191,27.999673345556772,12948000
2011-07-20,28.787805557250977,29.451500715063336,28.53892026866486,28.62188097661085,21659000
2011-07-21,28.372997283935547,28.870767889106144,28.041148103989595,28.82928753279998,16339000
2011-07-22,28.58040428161621,28.95373384466461,28.455960039017224,28.58040428161621,9129000
2011-07-25,28.995208740234375,29.202613662317955,28.621879247534334,28.66335959900146,7056000
2011-07-26,29.07817840576172,29.07817840576172,28.704848797992526,28.995217677256978,7100000
2011-07-27,29.700389862060547,30.281124387370795,29.078174977388542,29.4100241817797,16573000
2011-07-28,29.86631202697754,29.907792382954238,29.368541425760565,29.617426726369054,10826000
2011-07-29,29.451501846313477,30.073716674052495,28.99521160558785,29.78335102034026,11831000
2011-08-01,30.325021743774414,30.325021743774414,29.625886477910836,29.756972465031556,10390000
2011-08-02,29.40740966796875,30.150240342921432,29.27632033298168,30.150240342921432,9887000
2011-08-03,28.795665740966797,28.883056410730802,28.315010389784057,28.489791729312063,16082000
2011-08-04,28.315006256103516,28.88305219412178,28.315006256103516,28.62087688936413,7122000
2011-08-05,26.698259353637695,27.35369945233784,26.34869163437169,26.34869163437169,16397000
2011-08-08,25.999114990234375,27.22260242110674,25.824330357165554,26.392379581204327,16427000
2011-08-09,26.261295318603516,26.654559985132202,24.20758465324516,24.20758465324516,25136000
2011-08-10,25.955427169799805,27.26630729621656,25.60585780259245,27.26630729621656,43071000
2011-08-11,24.775632858276367,25.256288201711598,24.251280513793294,24.9067205276796,29118000
2011-08-12,24.600845336914062,25.256285274843584,24.46975768270215,25.256285274843584,22080000
2011-08-15,24.863021850585938,25.212589477617406,24.73193253193795,25.03780483066671,9709000
2011-08-16,24.6882381439209,25.212590437873747,24.64454281395399,25.212590437873747,11705000
2011-08-17,23.63953399658203,24.9067185916786,23.202574021289426,24.86302326089735,26834000
2011-08-18,23.63953399658203,23.814318653447085,23.333663347373225,23.63953399658203,16607000
2011-08-19,23.989105224609375,23.989105224609375,22.28496051823182,23.158880538554637,27153000
2011-08-22,23.377355575561523,24.207580085179853,23.158875616911416,24.032795451511845,14894000
2011-08-23,24.906719207763672,24.994111538357906,23.59583924946032,24.032799235561438,15401000
2011-08-24,24.775632858276367,24.9067205276796,24.163888178567756,24.9067205276796,9342000
2011-08-25,24.906719207763672,26.21759916606702,24.819326877169434,25.2999838620027,13774000
2011-08-26,24.55714988708496,25.343677475360078,24.3386699088491,25.21258982179255,19850000
2011-08-29,24.513456344604492,25.037808699611737,24.25128100053596,24.906721027577476,19412000
2011-08-30,25.168895721435547,25.43107272560121,24.557152712122615,24.688240380770377,27638000
2011-08-31,25.64954948425293,25.64954948425293,24.557149605595395,24.994109557058408,11022000
2011-09-01,25.299989700317383,26.436085259601672,25.168900340740354,25.649557436491744,27745000
2011-09-02,25.256288528442383,25.693248543352702,24.994113186244263,25.693248543352702,6144000
2011-09-05,23.945409774780273,24.688242173553274,23.858017433712227,24.688242173553274,12246000
2011-09-06,23.683231353759766,23.858014346408112,23.289966703278402,23.639534355445143,10674000
2011-09-07,24.207584381103516,24.338672046182687,23.945407384075082,24.032799716417895,8617000
2011-09-08,24.731935501098633,24.994112503000004,24.469760166067392,24.90672016903288,13107000
2011-09-09,24.906719207763672,25.168894532676315,24.55715155225679,24.731934546575197,12925000
2011-09-13,24.644542694091797,24.906718006358098,24.600845697467424,24.688238023846186,6566000
2011-09-14,24.382368087768555,25.081505099966417,24.0328004151047,24.906720430199414,22285000
2011-09-15,24.906719207763672,25.081503868952144,24.731934546575197,24.906719207763672,15965000
2011-09-16,24.906719207763672,25.168894532676315,24.644543882851025,25.081503868952144,26396000
2011-09-19,24.775632858276367,24.994112862905137,24.513455852599755,24.9067205276796,7952000
2011-09-20,24.906719207763672,25.081503868952144,24.426063889800467,24.906719207763672,9178000
2011-09-21,24.25128173828125,24.513457090325385,23.726929367322743,24.032801722621056,20050000
2011-09-22,22.590829849243164,23.552142076909455,22.590829849243164,23.46474975314526,22949000
2011-09-23,21.017772674560547,22.02278188092569,21.017772674560547,21.84799723628743,21614000
2011-09-26,21.847999572753906,21.847999572753906,21.847999572753906,21.847999572753906,6552000
2011-09-27,23.377355575561523,23.377355575561523,22.547131065943194,22.94039565826131,10951000
2011-09-28,24.469758987426758,24.557151317184434,23.77062368310544,23.901711344306932,20314000
2011-09-29,24.600845336914062,25.212589945729597,24.16388537829438,24.46975768270215,15348000
2011-09-30,25.999114990234375,26.04281031506668,24.207580002193033,24.77562755936201,19982000
2011-10-03,25.081499099731445,25.82432960135885,24.950409795331552,25.56215432629856,13075000
2011-10-04,25.69325065612793,25.736947661334305,24.469762847144754,24.906722897986626,14160000
2011-10-05,25.56215476989746,25.86802704068899,25.431067130092455,25.56215476989746,8495000
2011-10-06,26.08651351928711,26.392385866566325,25.693248834660945,25.99912118194016,16065000
2011-10-07,26.042816162109375,26.042816162109375,25.911728491311308,25.911728491311308,1706000
2011-10-11,27.8343448638916,27.8343448638916,26.261288285906947,26.261288285906947,20832000
2011-10-12,27.30999755859375,27.834349845092746,27.091517578125,27.834349845092746,7465000
2011-10-13,27.178913116455078,27.310000786857962,26.960433110160213,27.310000786857962,8002000
2011-10-14,27.397390365600586,27.83435033421664,26.96043039698453,27.17891038129256,12332000
2011-10-17,27.047821044921875,27.528476313811904,26.741948752505543,27.528476313811904,12933000
2011-10-18,26.217601776123047,26.523474130218528,25.73694641030888,26.217601776123047,13214000
2011-10-19,26.436077117919922,26.61086176561282,26.17390181325051,26.217597141738768,8331000
2011-10-20,25.999114990234375,26.436074906036634,25.911722673699963,26.304987264669915,7319000
2011-10-21,25.82433319091797,26.13020549891745,25.518462549788467,25.95542251353916,7232000
2011-10-24,26.261295318603516,26.654559985132202,26.13020765205066,26.261295318603516,11602000
2011-10-25,26.261295318603516,26.47977531848165,25.999119985497803,26.47977531848165,7211000
2011-10-26,26.217601776123047,26.217601776123047,25.56216173171997,25.60585706793208,6441000
2011-10-27,25.780637741088867,26.74194999023228,25.6932454153722,26.217597702802237,14084000
2011-10-28,26.042816162109375,26.436080841373744,25.824336155155873,26.217600834420242,14298000
2011-10-31,26.173904418945312,26.30499208433021,25.693247423373887,26.217599751783577,14774000
2011-11-01,27.26630401611328,27.4410870118205,26.17390404218038,26.217599374389664,23311000
2011-11-02,27.484779357910156,27.484779357910156,26.39237956891325,26.87303480932397,11275000
2011-11-03,27.615867614746094,27.74695525897358,26.873035408297245,27.528475296304496,19089000
2011-11-04,27.30999755859375,28.18391748046875,27.178909903686495,27.87804517443851,14275000
2011-11-07,27.047821044921875,27.746956284556443,26.217596489344672,27.39738866473916,14372000
2011-11-08,26.654558181762695,27.266302806780658,26.56716585435013,27.047822821684242,8632000
2011-11-09,27.091520309448242,27.310000311943792,27.004127975075992,27.17891264382049,10015000
2011-11-10,26.261295318603516,26.436079985254068,26.217599985375937,26.261295318603516,15904000
2011-11-11,26.698259353637695,26.741956360339923,26.173908608173875,26.436083980905785,5580000
2011-11-14,27.659563064575195,27.746955383408718,27.1352108184439,27.353690782092787,12024000
2011-11-15,27.44108772277832,27.659567723225393,27.3100000558841,27.528480056331173,8366000
2011-11-16,27.22260856628418,27.92174558951147,27.047825560629985,27.79065625168311,11155000
2011-11-17,27.091520309448242,27.353695645694845,26.785647972580442,27.222607977571545,5864000
2011-11-18,26.829343795776367,26.960431458146793,26.47977447362848,26.87303912760982,7273000
2011-11-21,26.436077117919922,27.09151704646339,26.392381789431667,26.82934174179398,8625000
2011-11-22,25.64954948425293,27.09151699070689,25.47476483691975,27.09151699070689,8808000
2011-11-23,24.382368087768555,25.64955277640395,24.251280418878377,25.64955277640395,17287000
2011-11-24,23.55214500427246,24.251280347543684,23.333665001141437,24.03280034441266,23321000
2011-11-25,23.945409774780273,24.163889794015258,23.59584207737835,23.770626759514442,11517000
2011-11-28,25.03780746459961,25.605855126642094,24.207584471420628,24.38236746988826,9167000
2011-11-29,25.64954948425293,25.911724788382767,25.343677184854833,25.736941807919518,7687000
2011-11-30,25.780637741088867,26.042813051368903,25.474765434515515,26.042813051368903,11717000
2011-12-01,26.916730880737305,27.572170772315676,26.698250916877846,27.572170772315676,12353000
2011-12-02,26.916730880737305,27.04782019254885,26.65455559085389,26.916730880737305,9758000
2011-12-05,27.004131317138672,27.178916007514726,26.698258942415755,26.916738971950647,6667000
2011-12-06,26.873035430908203,26.960427749423335,26.69825079387794,26.829340105085553,9077000
2011-12-07,26.829343795776367,27.047823788683765,26.436079141795027,26.87303912760982,6920000
2011-12-08,26.960433959960938,26.960433959960938,26.436081594951492,26.87304162131433,9778000
2011-12-09,26.173904418945312,26.436079749715105,25.911727421305415,26.436079749715105,10247000
2011-12-12,26.217601776123047,26.479777127136185,26.042817097534133,26.217601776123047,3632000
2011-12-13,25.64954948425293,25.868029459984438,25.43106950852142,25.60585248898467,8923000
2011-12-14,25.56215476989746,25.78063472519573,25.125194859300922,25.649547085390722,7793000
2011-12-15,26.436077117919922,26.567164770254628,25.25628491316769,25.51846188470704,7785000
2011-12-16,27.004131317138672,27.26630835270275,26.479778912880864,26.96043597797983,8723000
2011-12-19,26.610864639282227,27.309999971812584,26.348687639430757,27.309999971812584,4093000
2011-12-20,25.955427169799805,27.0478272751471,25.82433782366191,26.87304259154342,5304000
2011-12-21,26.785646438598633,27.004126428582097,26.65455877798256,27.004126428582097,5367000
2011-12-22,26.610864639282227,26.82934463905673,24.95041530749993,24.95041530749993,16333000
2011-12-23,26.960433959960938,26.960433959960938,26.304993920416685,26.87304162131433,8928000
2011-12-26,27.047821044921875,27.266301015666414,26.960428723250082,27.047821044921875,2564000
2011-12-27,27.26630401611328,27.309999348322567,27.00412702224734,27.091519353535986,3229000
2011-12-28,27.484779357910156,27.659562324027785,27.047819442311393,27.266299400110775,6066000
2011-12-29,27.8343448638916,27.92173717381347,27.30999267123005,27.48477729107379,5768000
2011-12-30,27.8343448638916,28.14021711518331,27.135208051386307,27.96543249533957,8722000
2012-01-02,27.572174072265625,27.87804639165088,27.441086411634814,27.615871070389257,5899000
2012-01-03,27.528478622436523,27.965438600570437,27.397390962370356,27.74695861150348,11161000
2012-01-04,28.05282974243164,28.315008400787548,27.615871423695353,27.746959086003244,19288000
2012-01-05,28.40239906311035,28.40239906311035,28.140223738506588,28.40239906311035,17016000
2012-01-06,28.57718276977539,28.57718276977539,28.09652746842966,28.402398114629666,7357000
2012-01-09,28.57718276977539,28.57718276977539,28.09652746842966,28.183918129132515,5541000
2012-01-10,28.57718276977539,28.79566275527254,28.31500745392681,28.79566275527254,8526000
2012-01-11,28.839351654052734,28.839351654052734,28.620871717279606,28.70826235849315,5856000
2012-01-12,28.92675018310547,29.057839514410915,28.75196885301845,28.883054850583715,6577000
2012-01-13,28.92675018310547,29.23262417823811,28.883054850583715,29.10153484693267,9271000
2012-01-16,28.708267211914062,28.926747185623423,27.96543663479817,28.926747185623423,8325000
2012-01-17,28.40239906311035,28.839359048696664,28.227614402127802,28.708269719524722,6436000
2012-01-18,28.533485412597656,28.533485412597656,27.965436157159445,28.140220799889647,8403000
2012-01-30,28.05282974243164,28.79566371820651,27.92174374699381,28.79566371820651,15045000
2012-01-31,27.615867614746094,28.31500449540906,27.39738765207701,27.74695525897358,13660000
2012-02-01,27.659563064575195,27.834347702242244,27.1352108184439,27.528475419759832,21824000
2012-02-02,29.49479866027832,29.53849399154553,27.96543872974537,28.009134061012578,32408000
2012-02-03,29.32000732421875,29.582182585855087,28.970441419950074,29.49479194322275,12066000
2012-02-06,28.92675018310547,29.888064167284977,28.358704192842296,29.713279503457777,10527000
2012-02-07,29.45110321044922,29.45110321044922,28.402398595557543,28.402398595557543,11363000
2012-02-08,31.242637634277344,31.41742228779053,29.494797766625464,29.538493096568764,26641000
2012-02-09,31.024154663085938,31.54850523938871,30.674585389724317,31.024154663085938,22065000
2012-02-10,31.024154663085938,31.19893929976675,30.76197937493455,31.15524397403146,12507000
2012-02-13,31.417423248291016,31.417423248291016,30.761983277883303,30.84937394044163,10545000
2012-02-14,30.587200164794922,31.41742483601598,30.587200164794922,31.41742483601598,16809000
2012-02-15,30.761980056762695,30.980460024021323,30.36871544894922,30.674586069615405,16501000
2012-02-16,30.412416458129883,30.80568113942379,29.888065772231577,30.674591801079032,7099000
2012-02-17,30.23763084411621,30.849375514457574,29.97545550932427,30.805680180948958,5979000
2012-02-20,30.368717193603516,30.630892502627646,30.237627872221488,30.587197173413614,3389000
2012-02-21,29.8880615234375,30.49980612584871,29.756972203727997,30.49980612584871,7891000
2012-02-22,30.412416458129883,30.412416458129883,29.538496425805803,29.538496425805803,7899000
2012-02-23,30.15024185180664,30.49981120677304,29.97545717432344,30.45611253709691,5305000
2012-02-24,29.713279724121094,30.412415050881783,29.66958439127484,30.23763038575656,11366000
2012-02-29,31.766990661621094,31.766990661621094,30.499809328808055,30.499809328808055,23106000
2012-03-01,31.15524673461914,32.16025265054043,30.893068089497106,31.94177266876537,9766000
2012-03-02,31.50481605529785,31.548511389551237,31.11155137953673,31.19894538178382,9072000
2012-03-05,30.936763763427734,30.936763763427734,30.456105182976632,30.587194492870502,4595000
2012-03-06,30.587200164794922,31.242640168326243,30.368720163617816,31.242640168326243,6526000
2012-03-07,30.587200164794922,30.761984832484657,30.19393549592808,30.368720163617816,8072000
2012-03-08,30.718284606933594,30.980459899845147,30.10654003431349,30.980459899845147,8483000
2012-03-09,30.718284606933594,30.718284606933594,30.281324674167767,30.674585946665232,10196000
2012-03-12,30.587200164794922,30.718289498997287,30.49980949782018,30.718289498997287,7784000
2012-03-13,30.630891799926758,30.893067102936346,30.543501143503512,30.718285790089855,6277000
2012-03-14,30.49980926513672,31.461119929486035,30.45611059824247,31.330030596283752,12311000
2012-03-15,30.718284606933594,30.93676457331651,30.45610598028232,30.93676457331651,5497000
2012-03-16,30.368717193603516,31.024157133033807,30.368717193603516,30.93676647460574,8163000
2012-03-19,30.49980926513672,30.54350459829074,29.84436926660576,30.54350459829074,6793000
2012-03-20,30.805675506591797,30.893066160348642,30.368715570328085,30.718284852834955,8159000
2012-03-21,30.543500900268555,31.111546829975687,30.36871625507412,31.024156174248382,7405000
2012-03-22,31.417423248291016,31.417423248291016,30.368718628890658,30.368718628890658,10190000
2012-03-23,31.242637634277344,31.242637634277344,30.893068327250976,31.024157650820857,8379000
2012-03-26,30.412416458129883,31.417425828798716,30.412416458129883,31.417425828798716,6812000
2012-03-27,31.242637634277344,31.37372695784723,30.805677667364375,31.024157650820857,9152000
2012-03-28,31.373727798461914,31.592207787772264,31.024158482069332,31.504813791804082,7300000
2012-03-29,31.592206954956055,31.592206954956055,30.499807037201556,31.155246987854255,14998000
2012-03-30,33.77700424194336,33.77700424194336,32.02916450541309,32.02916450541309,31072000
2012-04-02,33.73330307006836,33.86439237404432,33.25264784505563,33.777001727220004,14867000
2012-04-03,33.07786560058594,34.30135474670308,33.07786560058594,33.86439481362406,11439000
2012-04-05,32.9030876159668,33.38374292412872,32.247647650180525,32.33503831212267,8252000
2012-04-06,32.81569290161133,33.07786821543611,32.42242826400417,33.03417288542198,6226000
2012-04-09,31.898075103759766,32.68460431652644,31.898075103759766,32.291339710143106,6311000
2012-04-10,32.9030876159668,33.121567604562216,32.116558323527244,32.291342981151594,7368000
2012-04-11,32.59721755981445,33.12157159587475,32.55352222357788,32.946786917187985,10493000
2012-04-12,32.50982666015625,32.99048202288059,32.378737318622136,32.99048202288059,8679000
2012-04-13,32.50982666015625,32.94678668694937,32.378737318622136,32.859392681346485,7941000
2012-04-16,32.946781158447266,32.99047648704637,32.24764589964194,32.33503655684015,8465000
2012-04-17,32.50982666015625,33.25265737220838,32.378737318622136,33.20896203627716,9265000
2012-04-18,33.034175872802734,33.208960542405556,32.50982519773455,32.9904805388371,11408000
2012-04-19,33.51483154296875,33.51483154296875,32.55352085132508,33.29635153725516,14651000
2012-04-20,33.558528900146484,34.03918422719161,33.558528900146484,33.951790228076014,10439000
2012-04-23,33.471134185791016,33.864398839057124,32.90308820550897,33.777008175549156,9379000
2012-04-24,33.34004211425781,33.68960803832091,32.81568822755389,32.81568822755389,6859000
2012-04-25,33.07786560058594,33.514825533664954,32.946779620906064,33.340044227425125,7165000
2012-04-26,32.728302001953125,33.2963479554577,32.33503736722537,33.16526196637509,6007000
2012-04-27,32.37873077392578,32.7719953852973,32.33503544682667,32.728300058198194,9126000
2012-04-30,33.558528900146484,34.082879559879316,32.77199957680704,33.03417490667346,19413000
2012-05-02,35.481143951416016,35.87440854373562,33.77700294093041,33.77700294093041,27784000
2012-05-03,35.481143951416016,36.04919317740429,35.21896866778282,35.481143951416016,13550000
2012-05-04,37.622257232666016,37.753346572780345,35.52485112701957,35.612241797935525,14872000
2012-05-07,35.39375686645508,36.7483320797813,35.39375686645508,36.7483320797813,23045000
2012-05-08,35.787017822265625,36.09288843026994,35.3937532307318,35.481143880521714,10517000
2012-05-09,35.306365966796875,35.69962726230458,35.044187324805186,35.17527664580103,14182000
2012-05-10,34.9567985534668,35.39375853538513,34.9567985534668,35.3063678724975,9719000
2012-05-11,35.524845123291016,36.049195727651835,34.86940520097007,35.000491185190356,12525000
2012-05-14,34.9567985534668,36.00550317681882,34.73831856250763,35.52484786345667,6348000
2012-05-15,36.049198150634766,36.0928934816451,34.519838229092684,34.519838229092684,10404000
2012-05-16,35.218971252441406,36.223980469487415,35.17527592425242,36.04919582299161,7291000
2012-05-17,36.1365852355957,36.2676745493906,35.655929974580644,36.18028389602049,8035000
2012-05-18,33.95179748535156,35.43746245047919,33.90810214332387,35.43746245047919,10987000
2012-05-21,35.787017822265625,35.787017822265625,33.95178417302096,33.95178417302096,7701000
2012-05-22,35.481143951416016,36.52984841968843,35.39375330145148,36.48615309470616,6169000
2012-05-23,33.99549102783203,34.86941107138822,33.514832336883806,34.519841720469586,31519000
2012-05-24,34.039180755615234,34.43244537717682,33.64591613405365,33.68961146228497,14376000
2012-05-25,32.990482330322266,34.08288240748526,32.77200231488967,33.73331304929691,14184000
2012-05-28,32.85939025878906,33.07787025607819,32.7283042606597,32.771999593369486,17424000
2012-05-29,34.563533782958984,34.82570910445148,33.07786918284809,33.20895851046438,15245000
2012-05-30,34.69462203979492,34.69462203979492,33.296348145423096,34.082877419366,20608000
2012-05-31,34.082881927490234,34.25766660412288,33.38374655470006,34.25766660412288,20407000
2012-06-01,33.38374328613281,33.73330927143205,33.29634928950293,33.73330927143205,13267000
2012-06-04,33.42743682861328,33.645916807885264,32.55351691152535,32.77199689079733,10855000
2012-06-05,33.73330307006836,34.08287232484461,33.471127795855914,33.645912423244035,11255000
2012-06-06,33.558528900146484,34.03918422719161,33.514830233718584,33.64591956552189,9305000
2012-06-07,34.43244552612305,34.60722683980439,33.820700927018756,34.388746863962844,10349000
2012-06-08,33.64591598510742,34.301355906895225,33.38374068314027,33.8207006309988,11434000
2012-06-11,35.524845123291016,35.6559311075113,34.301355934795986,34.43244525275611,9339000
2012-06-12,35.350067138671875,35.350067138671875,34.432451741253836,34.563537750176145,7819000
2012-06-13,34.782012939453125,35.39375756409913,34.73831760920841,35.39375756409913,5038000
2012-06-14,34.563533782958984,35.13158309097612,34.519838451666914,34.65092777928321,7501000
2012-06-15,34.91310501098633,35.52484968376609,34.91310501098633,35.13158501314051,12342000
2012-06-18,36.267677307128906,36.57354795092195,35.787022009565554,35.787022009565554,10102000
2012-06-19,35.74332809448242,36.57354939871128,35.612238765530435,36.4861587352367,4781000
2012-06-20,35.350067138671875,35.874417841842046,35.17528245970166,35.83072250553461,6738000
2012-06-21,34.12657165527344,35.30636552836574,33.908091678820035,35.30636552836574,15790000
2012-06-22,34.30134963989258,34.47613425385007,33.73330047796555,33.73330047796555,12504000
2012-06-25,34.30134963989258,34.30134963989258,33.645909837856415,34.082869705880526,9400000
2012-06-26,34.082881927490234,34.30136193984594,33.86440191513453,34.30136193984594,9263000
2012-06-27,34.51983642578125,34.56353175450894,34.08287647102453,34.34505177713058,9799000
2012-06-28,34.51983642578125,35.00049170926567,34.47614109705356,35.00049170926567,8667000
2012-06-29,34.69462203979492,34.69462203979492,34.43244672639395,34.51983738628095,7409000
2012-07-02,34.86941146850586,35.04419281221531,34.6072327854608,34.95680214036058,7126000
2012-07-03,35.83072280883789,35.8744181455152,34.91310740365233,34.95680274032965,7573000
2012-07-04,35.69963073730469,35.91811073773798,35.612240070627465,35.87441540439937,7188000
2012-07-05,35.787017822265625,36.223977738694416,35.61223318894619,35.83071314716059,7748000
2012-07-06,34.825714111328125,36.092898903421165,34.43245273942043,36.04920356584704,11057000
2012-07-09,34.30134963989258,34.82570014802582,34.03917438582596,34.5635248939592,12976000
2012-07-10,33.64591598510742,34.301355906895225,33.29634669332466,34.301355906895225,22593000
2012-07-11,33.60222625732422,33.73331226328509,33.20896157196081,33.42744158230266,12600000
2012-07-12,33.42743682861328,33.86439678715725,33.38374149950687,33.86439678715725,9305000
2012-07-13,33.42743682861328,33.68961213699168,33.42743682861328,33.42743682861328,6105000
2012-07-16,33.29635238647461,33.820706413805006,33.29635238647461,33.64592173802821,6463000
2012-07-17,32.946781158447266,33.427436440517184,32.77199651031096,33.29634712097999,12808000
2012-07-18,31.19894790649414,33.07787410136055,31.1552525687048,32.99048342578186,23376000
2012-07-19,32.946781158447266,33.29634712097999,31.373725992700315,31.41742132129942,18363000
2012-07-20,33.034175872802734,33.12156987447429,32.640911199631454,33.12156987447429,5898000
2012-07-23,32.466129302978516,32.90308930256778,31.723295303432625,32.90308930256778,6684000
2012-07-24,32.37873077392578,32.68460473109908,31.723290866219834,32.46612476186377,5522000
2012-07-25,31.67959976196289,31.766990427810153,30.150239773454338,30.150239773454338,28535000
2012-07-26,31.723295211791992,31.810689211701522,31.50481521262849,31.810689211701522,13908000
2012-07-27,32.771995544433594,33.20895548502604,32.33503560384115,33.20895548502604,8019000
2012-07-30,33.252655029296875,33.51483036015234,32.81569503329103,33.121569030739245,10062000
2012-07-31,34.25766372680664,34.56353438491825,33.077869758932984,33.20895908883233,26113000
2012-08-01,32.9215202331543,34.16470910253906,32.9215202331543,34.16470910253906,20366000
2012-08-02,32.9215202331543,32.9215202331543,32.9215202331543,32.9215202331543,0
2012-08-03,32.737342834472656,33.197783671843254,32.322945378262155,33.15174029068316,11954000
2012-08-06,33.842403411865234,34.16471061063376,33.335919165421124,33.47404931651406,11913000
2012-08-07,34.25680160522461,34.30284498988234,33.842404117534926,34.07262455370863,7568000
2012-08-08,35.085594177246094,35.085594177246094,34.21075930242878,34.5330665181104,9563000
2012-08-09,36.651084899902344,37.24965931112671,35.31580595301405,35.5920732276618,17902000
2012-08-10,35.82229995727539,36.60504800634514,35.40790248481525,36.60504800634514,8890000
2012-08-13,35.96043014526367,36.14460719021117,35.45394590632178,36.14460719021117,6107000
2012-08-14,36.00647735595703,36.00647735595703,35.638126739789385,35.68417012769968,6378000
2012-08-15,36.05252456665039,36.09856795495646,35.68417043443115,36.00647766545897,4929000
2012-08-16,35.63812255859375,36.00647313154515,35.49998889818391,35.8222996015119,5673000
2012-08-17,35.86833953857422,35.91438291665969,35.45394211003585,35.49998548812132,3308000
2012-08-20,35.7302131652832,35.91439022800387,35.36186255272715,35.91439022800387,3046000
2012-08-21,36.00647735595703,36.00647735595703,35.49999306317319,35.49999306317319,5860000
2012-08-22,35.49999237060547,35.86834649247223,35.49999237060547,35.68416943153885,3471000
2012-08-23,34.993507385253906,35.49999165798975,34.85537371410541,35.22372782857794,5015000
2012-08-24,34.39493179321289,34.99350633301052,34.2568016391031,34.99350633301052,4675000
2012-08-27,34.164710998535156,34.80932891627611,34.11866761431474,34.625151866509405,5261000
2012-08-28,34.25680160522461,34.53306542605605,34.02658116905091,34.21075822056689,7673000
2012-08-29,34.671199798583984,34.671199798583984,34.164712018385124,34.3488890736497,6050000
2012-08-30,35.63812255859375,35.86834298402021,34.57910719647805,34.671197474379575,14147000
2012-08-31,35.592079162597656,36.19065016074869,35.45394550224016,35.86834297042774,15071000
2012-09-03,36.9273567199707,36.973403617716585,35.453947327114776,35.730211149164624,11081000
2012-09-04,36.74318313598633,36.92735667520624,36.46691580138629,36.881313290401266,4931000
2012-09-05,35.36185836791992,36.4208702056885,35.36185836791992,36.19064978275383,7880000
2012-09-06,35.7762565612793,35.7762565612793,35.085595210575946,35.361862561165516,4088000
2012-09-07,36.190650939941406,36.374827986755136,36.006473893127676,36.374827986755136,5593000
2012-09-10,36.190650939941406,36.374827986755136,35.82230035919893,36.190650939941406,2797000
2012-09-11,35.5460319519043,36.1906498397129,35.315811528607284,35.82229927016861,5713000
2012-09-12,35.914390563964844,36.0985676284084,35.63812672374218,35.914390563964844,5195000
2012-09-13,35.7302131652832,36.2827443534452,35.638126390365514,35.91439022800387,5896000
2012-09-14,36.83526611328125,36.92735287341056,35.96042784051388,36.14460487365723,11735000
2012-09-17,36.37482452392578,36.83526534068434,36.23669087374436,36.83526534068434,3431000
2012-09-18,36.05252456665039,36.28274502106608,35.822304112234704,35.960434277152906,5217000
2012-09-19,35.68416213989258,36.05251618649044,35.546028494197245,35.82229578558791,6851000
2012-09-20,35.592079162597656,35.86834297042774,35.45394550224016,35.45394550224016,5220000
2012-09-21,35.7302131652832,36.23669745310107,35.638126390365514,35.91439022800387,7248000
2012-09-24,36.51295852661133,36.51295852661133,35.59207688420383,35.914384053892576,5079000
2012-09-25,36.37482452392578,36.512958174107204,36.14460411554651,36.37482452392578,6855000
2012-09-26,35.63812255859375,36.32878383487314,35.546032280692216,36.282740452364834,6979000
2012-09-27,34.993507385253906,35.453948271901986,34.901420613078365,35.453948271901986,12822000
2012-09-28,35.86833953857422,35.96042629474516,35.22372170672393,35.407898731950375,10294000
2012-10-01,35.86833953857422,36.05251656380067,35.59207575717683,35.96042629474516,3271000
2012-10-02,35.914390563964844,36.14461101629795,35.73021349952129,36.14461101629795,3925000
2012-10-03,35.7302131652832,36.00647700292156,35.59208300290667,35.59208300290667,2464000
2012-10-04,34.30284118652344,35.03954579801948,33.98053401677038,35.03954579801948,21987000
2012-10-05,33.98053741455078,34.16471095117715,33.612183315527965,34.07262418286397,19982000
2012-10-08,34.07262420654297,34.25680125618237,33.842403772714974,33.93449054109216,9183000
2012-10-09,33.24382781982422,33.56613852114912,32.921520631384205,33.059654290935576,21262000
2012-10-11,32.184814453125,32.92151907244901,31.908550659989086,32.36899148617718,26740000
2012-10-12,31.908554077148438,32.69130216034058,31.678333639399558,32.18481789987007,17945000
2012-10-15,31.494155883789062,31.7704197003455,31.033715018566664,31.7704197003455,12736000
2012-10-16,32.737342834472656,33.01360663431805,31.632284122206254,31.632284122206254,14742000
2012-10-17,32.64525604248047,32.87547646095651,32.27690196776487,32.691299423598714,12611000
2012-10-18,32.23086166381836,32.64525915921591,31.95459783784837,32.322948434846644,8943000
2012-10-19,31.770418167114258,32.00063858861508,31.3099773241126,31.586241127336624,12293000
2012-10-22,31.770418167114258,31.770418167114258,30.89557986283414,30.89557986283414,6496000
2012-10-23,31.402061462402344,31.586238486783103,31.263931328780192,31.30997470665424,7983000
2012-10-24,31.30997657775879,31.49415361314609,31.171842922997126,31.263933197133156,7177000
2012-10-25,31.540197372436523,31.862504553570272,31.079756534882705,31.079756534882705,7049000
2012-10-26,30.435138702392578,31.81646121699029,30.389095321149618,31.770417835747327,11160000
2012-10-29,31.03371238708496,31.217889420133762,29.974697081717892,30.435137907897534,6806000
2012-10-30,31.30997657775879,31.90855106454632,31.07975616174586,31.30997657775879,10681000
2012-10-31,30.757450103759766,31.632284906136746,30.57327306167018,31.632284906136746,7478000
2012-11-01,32.36899185180664,32.46107861293056,30.849535703068753,31.30997653445784,17985000
2012-11-02,32.50712585449219,33.52009791159372,32.230862025422745,32.96756674056966,20336000
2012-11-05,32.82943344116211,33.013606967662135,32.36899259914236,32.64525640177724,3800000
2012-11-06,33.28987121582031,33.28987121582031,32.69129677119394,33.15173757078822,3508000
2012-11-07,33.15174102783203,33.61218187544081,33.05965426346423,33.61218187544081,5413000
2012-11-08,32.415035247802734,32.783385805358535,32.092724557946056,32.69129904419078,7368000
2012-11-09,32.96756362915039,33.151740668776114,32.1387722201619,32.36899264147284,8821000
2012-11-12,33.197784423828125,33.335918083322184,32.737343576027776,33.335918083322184,5306000
2012-11-13,32.184814453125,32.92151907244901,32.00063742007281,32.82943231236528,8576000
2012-11-14,31.30997657775879,32.230858241810516,31.125799542371492,31.770417409784653,9447000
2012-11-15,31.35602378845215,31.540200846336262,30.895582900184465,31.125803344318307,6979000
2012-11-16,31.402061462402344,31.908549157670574,31.125797682273483,31.356018084528294,7034000
2012-11-19,31.770418167114258,32.00063858861508,31.448110982167037,31.448110982167037,4153000
2012-11-20,32.36899185180664,32.829432683195726,32.276901577797965,32.36899185180664,7271000
2012-11-21,31.540197372436523,32.50712242872258,31.448110610079684,32.41503566636574,6378000
2012-11-22,32.000633239746094,32.09271998780029,31.54019247370658,31.770412856726335,3749000
2012-11-23,32.64525604248047,32.691299423598714,32.23085858664662,32.23085858664662,6346000
2012-11-26,33.335914611816406,33.42800136663287,32.78338354426404,32.92151718937326,8783000
2012-11-27,32.599212646484375,33.28987390159731,32.599212646484375,33.19778362651804,8368000
2012-11-28,32.78338623046875,32.78338623046875,32.23085863052791,32.69129946810688,5871000
2012-11-29,33.15174102783203,33.197784410015934,32.875477221843745,32.967563986211545,10210000
2012-11-30,33.61217498779297,33.98052899555259,33.01360060340463,33.15173423453553,17732000
2012-12-03,33.013607025146484,33.520094762557996,32.82943349832577,33.10569730144169,7310000
2012-12-04,32.9215202331543,33.19778403603037,32.73734319360863,32.82943346982389,5218000
2012-12-05,32.599212646484375,33.05965348322633,32.55316575250234,32.92151982704982,7697000
2012-12-06,32.36899185180664,33.10569647945223,32.1387714361121,33.05965309889027,10297000
2012-12-07,32.46107482910156,32.46107482910156,31.770413662524934,32.46107482910156,12119000
2012-12-10,31.770418167114258,32.64525647139437,31.54019774561343,32.64525647139437,10595000
2012-12-11,31.30997657775879,31.540196993771723,31.07975616174586,31.07975616174586,14638000
2012-12-12,30.665361404418945,31.724376816271036,30.665361404418945,31.724376816271036,17396000
2012-12-13,31.540197372436523,31.908551447633503,30.94162287846264,30.94162287846264,22014000
2012-12-14,32.09272384643555,32.23085749800946,31.448109506783105,31.586239645472332,22881000
2012-12-17,31.079757690429688,32.3229465928929,30.849537263093172,32.23085982711227,13471000
2012-12-18,30.757450103759766,31.263934334842464,30.757450103759766,31.21789095254129,10613000
2012-12-19,30.941619873046875,31.21788715905267,30.71139947663169,30.84953311963459,8647000
2012-12-20,30.803491592407227,30.941621730819158,30.619314561639975,30.619314561639975,5965000
2012-12-21,30.29700469970703,30.98766586903575,29.974694046289674,30.98766586903575,13502000
2012-12-24,30.89557456970215,31.217885212314894,30.711397561478332,31.217885212314894,2154000
2012-12-25,31.079757690429688,31.217891351985575,30.895580645983486,31.125801073320005,2234000
2012-12-26,31.171844482421875,31.402064909951978,30.941624054891772,31.125801099492843,2452000
2012-12-27,31.448110580444336,31.448110580444336,30.987669743324417,30.987669743324417,5772000
2012-12-28,31.448110580444336,31.724374380139327,31.26393354301941,31.678330999004295,3682000
2013-01-02,31.171844482421875,31.540198571624014,31.07975771656381,31.30997814409391,6464000
2013-01-03,31.448110580444336,31.678330999004295,31.217890161884377,31.30997692415444,6663000
2013-01-04,30.250959396362305,31.44810829622766,30.158872640780917,31.44810829622766,15100000
2013-01-07,29.46820831298828,30.297003076944748,29.46820831298828,30.25095619114836,11409000
2013-01-08,28.593374252319336,29.46821251390276,28.271067083102395,29.46821251390276,22651000
2013-01-09,28.731510162353516,29.23799440217643,28.317112688722055,28.54733311708565,21254000
2013-01-10,29.28403663635254,29.28403663635254,28.86964093542181,29.28403663635254,13123000
2013-01-11,29.237993240356445,29.33008175933109,28.915684302166397,29.284036621622565,7990000
2013-01-14,29.0998592376709,29.145902615610414,28.63941843250662,28.777550322767446,8171000
2013-01-15,29.330078125,29.790517149934757,29.145901109872344,29.69843039881312,9848000
2013-01-16,29.606346130371094,29.606346130371094,28.593374218667073,29.28403544864881,13769000
2013-01-17,29.330078125,30.020737540623234,29.237989617436174,29.74447377437394,9927000
2013-01-18,29.744476318359375,29.928653349239323,29.37612401304182,29.882609969740503,10812000
2013-01-21,29.46820831298828,29.606341944609085,29.28403130845527,29.606341944609085,7422000
2013-01-22,29.46820831298828,29.5602950588127,29.099856060364345,29.46820831298828,5173000
2013-01-23,29.00777244567871,29.376124760367105,29.00777244567871,29.14590434413156,7116000
2013-01-24,28.639423370361328,29.05381911259169,28.409202928085826,28.777555284438115,8666000
2013-01-25,29.28403663635254,29.28403663635254,28.547331997069637,28.639420516090603,13293000
2013-01-28,30.61931610107422,30.61931610107422,29.65239103203832,29.65239103203832,22804000
2013-01-29,30.711397171020508,31.033707809535464,30.435133418639257,30.987664436285957,10692000
2013-01-30,31.03371238708496,31.17184252720802,30.665358320987355,30.9416221141182,12330000
2013-01-31,31.724376678466797,31.77042006293752,31.125802141692212,31.309979192460165,20022000
2013-02-01,31.724376678466797,31.954597113705475,31.402065961401615,31.954597113705475,6685000
2013-02-04,31.81645965576172,32.00063668458084,31.632282626942597,32.00063668458084,6713000
2013-02-05,31.217893600463867,31.678334488300298,31.079759928958865,31.678334488300298,8194000
2013-02-06,31.30997657775879,31.770417409784653,31.125799542371492,31.770417409784653,5734000
2013-02-18,31.217893600463867,32.23086214854993,31.217893600463867,32.23086214854993,13714000
2013-02-19,30.665361404418945,31.03371550755491,30.297010814168058,30.527231250406764,12323000
2013-02-20,30.941619873046875,30.941619873046875,30.619312723219405,30.84953311963459,9182000
2013-02-21,30.573278427124023,30.849542282298852,30.34305796233075,30.757455501535745,7150000
2013-02-22,30.158872604370117,30.573270029755165,30.066785848899904,30.573270029755165,9718000
2013-02-25,29.65239143371582,30.204919048396746,29.60634805130656,30.112832283578225,6912000
2013-02-26,29.191951751708984,29.46821557010168,29.191951751708984,29.284038520211535,9059000
2013-02-27,29.145902633666992,29.42216817080208,29.145902633666992,29.145902633666992,7281000
2013-03-01,29.42217254638672,29.56030270083318,29.284038879055174,29.468215931202206,5036000
2013-03-04,29.42217254638672,29.790523137795695,29.237995494239687,29.698436368164725,6509000
2013-03-05,29.836565017700195,29.97469514891647,29.376122464768034,29.60634461945524,6570000
2013-03-06,30.11283302307129,30.204919790151223,29.60634877836169,30.02074274310637,6492000
2013-03-07,29.69843864440918,30.11283616528033,29.606351867720193,30.11283616528033,6228000
2013-03-08,29.69843864440918,29.928659099017,29.468218189801355,29.790525421098167,8074000
2013-03-11,30.29700469970703,30.38909145046378,29.69843028113506,29.9286506709113,9632000
2013-03-12,30.29700469970703,30.38909145046378,29.882607295532924,29.9286506709113,8373000
2013-03-13,30.481184005737305,30.849538104678526,30.204920187973908,30.389097237444517,10129000
2013-03-14,30.61931610107422,30.80349314110126,30.481182442832726,30.80349314110126,6716000
2013-03-15,30.158872604370117,30.987667455140212,29.974695580545145,30.84953380905035,16740000
2013-03-18,29.560300827026367,29.92865490797072,29.46821406323271,29.92865490797072,6653000
2013-03-19,29.560300827026367,29.882611526073894,29.376125542996622,29.836568144177065,6036000
2013-03-20,29.65239143371582,30.020742005874805,29.42217100878462,29.744478198534342,7288000
2013-03-21,30.29700469970703,30.38909145046378,29.83656392015455,30.25095781144429,7073000
2013-03-22,29.974700927734375,30.619318869672945,29.974700927734375,30.527232097775368,6072000
2013-03-25,30.020740509033203,30.573271609049694,30.020740509033203,30.297007815483813,3831000
2013-03-26,30.52722930908203,30.66535945431007,29.88261142602996,30.25096199285625,7339000
2013-03-27,30.38909339904785,30.757447451462873,30.297006642386393,30.757447451462873,2898000
2013-03-28,30.29700469970703,30.803488854637887,29.974694046289674,30.803488854637887,5527000
2013-03-29,30.61931610107422,30.80349314110126,30.343052297476085,30.80349314110126,3597000
2013-04-01,30.066787719726562,30.389094896811567,29.652390268556722,30.34305151621153,6446000
2013-04-02,30.066787719726562,30.112831100326595,29.74447702975679,30.066787719726562,3506000
2013-04-03,29.69843864440918,30.020745875705988,29.560304966490342,29.974702487361494,8649000
2013-04-08,28.547332763671875,29.744478273765004,28.547332763671875,29.237994040212325,12764000
2013-04-09,28.086891174316406,28.823595814016596,27.994802655243284,28.823595814016596,9328000
2013-04-10,27.994802474975586,28.31711141143487,27.764582056996442,28.086890993455725,8150000
2013-04-11,27.902711868286133,28.363152669785524,27.81062511314007,28.178977403051128,8247000
2013-04-12,27.58041000366211,27.902717221392162,27.488321474406696,27.902717221392162,14254000
2013-04-15,26.981836318969727,27.48832236812033,26.70557247866406,27.258101915718054,10359000
2013-04-16,27.119966506958008,27.119966506958008,26.429305238595163,26.70556904336333,10524000
2013-04-17,26.70556640625,27.166007206357758,26.613477894939997,27.166007206357758,8717000
2013-04-18,26.33721923828125,26.751614985085155,26.33721923828125,26.705571598698924,12759000
2013-04-19,26.29117202758789,26.521392454296866,25.9688648353493,26.521392454296866,8485000
2013-04-22,26.153043746948242,26.291175670826444,25.968868433924875,26.24513228168128,8444000
2013-04-23,27.16600799560547,27.2580965095909,26.337214882621222,26.337214882621222,15852000
2013-04-24,27.442276000976562,27.718541585414798,27.258100701126985,27.62645305726872,10997000
2013-04-25,27.073925018310547,27.626454458774575,26.843704564487428,27.44227739313901,6737000
2013-04-26,27.58041000366211,27.626453390068516,27.166012500234043,27.258101029489456,9660000
2013-04-29,27.85666847229004,27.85666847229004,27.58040469415002,27.85666847229004,4689000
2013-04-30,28.086891174316406,28.086891174316406,27.626450335393187,27.856670754854797,9266000
2013-05-02,27.58041000366211,27.994805750647576,27.534364860813103,27.994805750647576,7045000
2013-05-03,27.902711868286133,27.902711868286133,27.67249146753644,27.8566684907131,5763000
2013-05-06,27.76458740234375,27.948764474762516,27.580412086367716,27.902719328436458,4802000
2013-05-07,28.086891174316406,28.178979693389532,27.76458223578167,27.81062737353944,7407000
2013-05-08,29.00777244567871,29.00777244567871,28.08689078073653,28.08689078073653,12327000
2013-05-09,28.777551651000977,29.23799247741699,28.777551651000977,29.23799247741699,5703000
2013-05-10,29.053817749023438,29.053817749023438,28.409201594771023,28.59337688608207,8823000
2013-05-13,28.36315155029297,28.777548957863075,28.317108174537267,28.731505582107374,5500000
2013-05-14,27.902711868286133,28.547329692962187,27.902711868286133,28.363152669785524,5788000
2013-05-15,28.040849685668945,28.409202030381646,27.672495584513715,27.672495584513715,10458000
2013-05-16,29.46820831298828,29.882605694966514,28.409194928028683,28.547326803207397,13489000
2013-05-17,29.560300827026367,29.698434485601716,29.284037022760533,29.46821406323271,7979000
2013-05-20,30.066787719726562,30.2509612421267,29.237992817386885,29.330081335029337,10310000
2013-05-21,29.928651809692383,30.06678545396784,29.698431411156285,30.06678545396784,7613000
2013-05-22,29.65239143371582,30.158875665987484,29.5603011560124,30.020742005874805,5915000
2013-05-23,29.65239143371582,29.928655241056283,29.514257773603138,29.69843481612508,6870000
2013-05-24,30.020740509033203,30.15887416225851,29.652389955240274,30.15887416225851,7988000
2013-05-27,30.158872604370117,30.158872604370117,29.698431801249964,30.02073895828025,3576000
2013-05-28,30.11283302307129,30.297010070116144,29.928655976026437,30.158876406611256,4997000
2013-05-29,30.29700469970703,30.29700469970703,29.9286506709113,30.15887106068754,6324000
2013-05-30,29.790523529052734,30.11283425276441,29.698436758212328,30.11283425276441,8193000
2013-05-31,29.836565017700195,29.97469514891647,29.744474750671515,29.790518127743606,7992000
2013-06-03,29.42217254638672,29.514259316017693,29.099863583350686,29.237995494239687,6254000
2013-06-04,29.928651809692383,29.928651809692383,29.330079124786984,29.56029776688083,5337000
2013-06-05,29.237993240356445,29.836567735470425,29.237993240356445,29.69843407878726,7472000
2013-06-06,27.94875717163086,28.869638780208863,27.764580147338346,28.777550268062605,11578000
2013-06-07,28.086891174316406,28.27106821246266,27.718538854466313,27.948759273927923,4825000
2013-06-10,28.593374252319336,28.96172831389699,28.271067083102395,28.271067083102395,4580000
2013-06-11,28.225025177001953,28.82359796089742,28.13293665106976,28.82359796089742,3796000
2013-06-13,27.39622688293457,27.76457916200491,27.30413837405643,27.39622688293457,10226000
2013-06-14,28.086891174316406,28.086891174316406,27.488318435004704,27.626450335393187,6084000
2013-06-17,28.639423370361328,28.639423370361328,27.99480542941288,28.317114399887107,5778000
2013-06-18,27.85666847229004,28.501286296539774,27.85666847229004,28.409197785012346,6169000
2013-06-19,28.501285552978516,28.869637833036133,27.94875625467098,28.317108534728597,4653000
2013-06-20,28.36315155029297,28.36315155029297,27.718535507502157,28.132931158630065,5615000
2013-06-21,28.086891174316406,28.501288631924268,27.626450335393187,27.718538854466313,13525000
2013-06-24,27.994802474975586,28.363154792453738,27.81062719445771,28.040847612436853,3300000
2013-06-25,28.225025177001953,28.54733413954337,28.225025177001953,28.54733413954337,6886000
2013-06-26,29.00777244567871,29.33008137969695,28.547331613207618,28.961729065008555,7530000
2013-06-27,29.606346130371094,29.882609919786855,29.191948689805116,29.560299238064573,7930000
2013-06-28,29.928651809692383,29.928651809692383,29.376122501917305,29.928651809692383,9265000
2013-07-01,29.744476318359375,29.928653349239323,29.330080633543,29.836566590241688,5088000
2013-07-02,29.928651809692383,29.928651809692383,29.652388034025968,29.652388034025968,5462000
2013-07-03,29.237993240356445,29.744477460053375,29.237993240356445,29.56030042210409,3400000
2013-07-04,29.928651809692383,29.928651809692383,29.284033991214415,29.46821101262019,5163000
2013-07-05,30.38909339904785,30.48118015570931,29.79051894209459,29.92865258997137,8377000
2013-07-08,30.29700469970703,30.619311840240023,29.79051703189181,30.38909145046378,4790000
2013-07-09,29.974700927734375,30.389098427043827,29.836570769888006,30.389098427043827,4986000
2013-07-10,30.757450103759766,30.757450103759766,30.06678883058748,30.06678883058748,5683000
2013-07-11,32.09272384643555,32.27690087757254,30.89557841337213,31.07975544450912,13424000
2013-07-12,31.770418167114258,32.09272535206148,31.49415436389023,32.09272535206148,5282000
2013-07-15,31.540197372436523,31.586240753614945,30.987669772525866,31.079756534882705,6402000
2013-07-16,31.862504959106445,31.908551853755743,31.079756930456302,31.079756930456302,4602000
2013-07-17,31.540197372436523,31.770417791213433,31.217890191302775,31.586240753614945,4876000
2013-07-18,31.540197372436523,31.678331028856594,31.125799916061126,31.125799916061126,5213000
2013-07-19,31.171844482421875,31.770418999154117,30.987670950705745,31.44811180576595,9814000
2013-07-22,31.171844482421875,31.63228533748208,31.171844482421875,31.63228533748208,2877000
2013-07-23,32.553165435791016,32.553165435791016,31.217889832538148,31.4481102486693,10355000
2013-07-24,31.954593658447266,32.46107785862908,31.816460007086462,32.46107785862908,7530000
2013-07-25,32.415035247802734,32.461078628386616,31.862504142141894,32.18481483199857,6241000
2013-07-26,32.6912956237793,32.6912956237793,32.230854840345785,32.55316198359549,5868000
2013-07-29,32.046688079833984,32.64526269500449,31.67833744293988,32.64526269500449,5340000
2013-07-30,32.27690505981445,32.59921578428839,31.86250756428233,32.18481828875627,6027000
2013-07-31,32.13877487182617,32.64525913792163,32.13877487182617,32.46108208310006,10483000
2013-08-01,31.601394653320312,32.67594204398905,31.601394653320312,32.1386702118658,7103000
2013-08-02,31.601394653320312,32.48056945237453,31.454868004426103,32.28519686076002,4615000
2013-08-05,31.259490966796875,31.503705739974976,31.112962475532186,31.308333176148153,5096000
2013-08-06,31.112958908081055,31.601386535222673,30.966430433617507,31.601386535222673,4582000
2013-08-07,30.282630920410156,30.966433009058576,30.282630920410156,30.81990265919763,5380000
2013-08-08,30.087257385253906,30.575686900360047,29.891886697137892,30.18494366091728,4935000
2013-08-09,29.891889572143555,30.42916134515088,29.794203287084702,30.42916134515088,4198000
2013-08-12,30.233789443969727,30.52684642435924,29.989574672574854,30.03841688156949,2780000
2013-08-13,31.112958908081055,31.112958908081055,30.282628401840086,30.282628401840086,3170000
2013-08-14,31.16180992126465,31.210654002034463,30.72222437360332,31.112967703706,3806000
2013-08-15,30.184946060180664,30.478004910464698,29.843044999788066,30.282632343608675,5257000
2013-08-16,30.282630920410156,30.624531964734366,29.59882883176174,29.59882883176174,4746000
2013-08-19,30.52684783935547,31.015277404785156,29.989576062667183,31.015277404785156,4332000
2013-08-20,30.380327224731445,30.62454207080933,30.18495460258457,30.18495460258457,2968000
2013-08-22,30.5756893157959,30.67337559917635,29.54998799832836,29.74536056508926,6695000
2013-08-23,30.771066665649414,30.819908883326292,30.184950737471,30.57569406851955,4443000
2013-08-26,30.52684783935547,30.771062622070314,30.429161553627345,30.575690050614067,1776000
2013-08-27,30.52684783935547,30.819904833328913,30.282633056640627,30.282633056640627,3814000
2013-08-28,30.52684783935547,30.917591119057036,30.08726048518438,30.08726048518438,3321000
2013-08-29,30.52684783935547,30.67337633634219,30.08726048518438,30.08726048518438,4868000
2013-08-30,30.819910049438477,30.868754132174608,30.23379596229483,30.23379596229483,4888000
2013-09-02,31.210651397705078,31.503708405025563,30.819906236996417,30.819906236996417,4565000
2013-09-03,31.30833625793457,31.552551055151568,31.01527924655859,31.2106518296166,3105000
2013-09-04,31.992137908935547,32.04098012229074,31.015278736143625,31.015278736143625,3939000
2013-09-05,32.871315002441406,32.871315002441406,32.08982462726203,32.236355004213735,9633000
2013-09-06,33.164371490478516,33.164371490478516,32.480569286530276,32.67594187714724,4999000
2013-09-09,32.62709426879883,33.16436600938356,32.52940612642421,33.16436600938356,4843000
2013-09-10,32.72478485107422,33.213214475717116,32.62710041671456,33.06668409775533,5913000
2013-09-11,32.675941467285156,32.7247836827212,32.13866964464432,32.38288444824671,7633000
2013-09-12,32.48057174682617,32.92015917740606,32.236356921662065,32.48057174682617,6707000
2013-09-13,32.48057174682617,32.82247101148692,32.38288730732953,32.7736287917386,6291000
2013-09-16,33.21321105957031,33.21321105957031,32.529408910118306,32.87131184805527,7376000
2013-09-17,32.72478485107422,32.92015744621584,32.43172782157294,32.77362706825405,8516000
2013-09-18,32.23634719848633,33.115521794468144,32.08981685701556,32.62709229146078,31388000
2013-09-23,31.015277862548828,32.28519400612471,30.917591575378925,32.23635179414524,20670000
2013-09-24,31.357179641723633,31.6013944480499,31.161808914589283,31.503710016088277,12250000
2013-09-25,31.357179641723633,31.503710016088277,31.015280403435746,31.503710016088277,5502000
2013-09-26,31.259490966796875,31.35717538549943,31.064118402970053,31.308333176148153,3076000
2013-09-27,31.210651397705078,31.601392831991717,31.112965107527913,31.35717803815431,3857000
2013-09-30,31.30833625793457,31.30833625793457,30.771064449341594,31.259494043775586,3013000
2013-10-01,31.30833625793457,31.30833625793457,30.917592955029583,30.966437032399604,3407000
2013-10-02,30.9664363861084,31.308335604507686,30.819906020267563,31.064120812387625,3786000
2013-10-03,31.943296432495117,31.943296432495117,30.8199068672996,30.86875094499261,8256000
2013-10-04,31.503713607788086,31.650243998858482,31.259498773619185,31.503713607788086,2886000
2013-10-07,31.601394653320312,31.601394653320312,31.11296690070625,31.503710220724173,2214000
2013-10-08,31.699079513549805,31.747921724765074,31.112963662911955,31.50370694226688,3478000
2013-10-09,31.7479190826416,31.894449430514715,31.308331765443793,31.55254652761796,4320000
2013-10-11,31.992137908935547,32.04098012229074,31.552550535894778,31.943295695580353,4610000
2013-10-14,32.52941131591797,32.968998710678115,31.650240252819874,31.943297273852572,7526000
2013-10-15,32.968997955322266,33.017840169971656,32.72478315565321,32.72478315565321,6282000
2013-10-16,32.62709426879883,32.96899345105595,32.480563918447714,32.96899345105595,3281000
2013-10-17,32.77362060546875,32.77362060546875,32.38287921865996,32.67593619037194,5646000
2013-10-18,33.84817123413086,33.945855659127915,32.67593950205644,32.968996503469555,11101000
2013-10-21,34.09238815307617,34.141230368626275,33.40858595610821,33.84817334890349,7139000
2013-10-22,33.897010803222656,34.04353742929158,33.45742347217255,33.897010803222656,5274000
2013-10-23,33.11553192138672,33.799330453569425,32.724786708920156,33.65280379371135,4192000
2013-10-24,33.06668472290039,33.164372885529204,32.28519805398175,32.57825508902344,4108000
2013-10-25,32.968997955322266,33.21321275499132,32.67594094100382,32.968997955322266,5887000
2013-10-28,33.45743179321289,33.55511623488681,32.92015991116114,33.11553252093157,7312000
2013-10-29,33.99470138549805,33.99470138549805,32.72478509716132,33.115530290382935,5428000
2013-10-30,34.62965774536133,34.67849995776393,33.84817116765385,33.99469780486166,10155000
2013-10-31,34.04353713989258,34.58081261017633,34.04353713989258,34.434282258931376,8920000
2013-11-01,32.968997955322266,33.70164235432943,32.968997955322266,33.45742755466038,6850000
2013-11-04,33.21321105957031,33.457425846773035,32.96899627236759,32.96899627236759,4021000
2013-11-05,32.871315002441406,33.555113491089934,32.52941203169486,33.45742905740365,4558000
2013-11-06,34.04353713989258,34.04353713989258,32.968993652168336,33.164366211687735,4946000
2013-11-07,34.62965774536133,34.62965774536133,34.23891259329662,34.43428516932897,7365000
2013-11-08,33.06668472290039,34.28775880759276,32.529412870920225,33.94585955444785,6376000
2013-11-11,31.894453048706055,33.01783884629416,31.845607109592777,32.96899663360284,7345000
2013-11-12,32.18750762939453,32.33403425644339,31.894450648875132,31.992135066907704,10073000
2013-11-13,31.601394653320312,32.57825388497067,31.552552437022243,32.5294116686726,7629000
2013-11-14,31.943296432495117,32.13866901684505,31.747923848145188,32.13866901684505,3983000
2013-11-15,31.7479190826416,31.894449430514715,31.357173972594317,31.7479190826416,9087000
2013-11-18,30.91759490966797,31.747925645342228,30.91759490966797,31.747925645342228,4617000
2013-11-19,31.552549362182617,31.650237511681155,30.86874908459132,30.86874908459132,4670000
2013-11-20,31.112958908081055,31.308329586295574,30.868744162904928,31.064114841119444,5891000
2013-11-21,30.52684783935547,31.11296369051328,30.429161553627345,31.11296369051328,7540000
2013-11-22,30.673377990722656,30.81990649561245,30.575691699725787,30.575691699725787,6929000
2013-11-25,30.722217559814453,31.161803009981433,30.478002799762542,31.06411673331852,4639000
2013-11-26,30.819910049438477,31.06412487348541,30.38032448408074,30.42916670360563,6988000
2013-11-27,31.552549362182617,31.552549362182617,30.86874908459132,30.96643537087892,6338000
2013-11-28,31.601394653320312,31.74792502863676,31.25949541281158,31.74792502863676,6098000
2013-11-29,32.18750762939453,32.2851920474271,31.65023587737202,31.74792029540459,6455000
2013-12-02,31.943296432495117,32.52941045912281,31.796766062627146,32.52941045912281,2598000
2013-12-03,31.894453048706055,32.18751005127591,31.50370789433161,31.79676489690146,4156000
2013-12-04,31.796772003173828,32.089829071239116,31.601399382322704,31.796772003173828,7180000
2013-12-05,31.894453048706055,32.138667838584595,31.601392319714236,32.138667838584595,7377000
2013-12-06,32.38288116455078,32.38288116455078,31.79676345948536,32.138666385712305,6065000
2013-12-09,32.9201545715332,32.9201545715332,32.13866798563068,32.724781993452076,8583000
2013-12-10,33.21321105957031,33.26205327172647,32.23635191075942,32.87131184805527,8580000
2013-12-11,32.62709426879883,33.21320821736007,32.285191360120095,33.21320821736007,7469000
2013-12-12,32.5782470703125,32.82246182714069,32.04097535057477,32.236347901321615,3415000
2013-12-13,32.968997955322266,33.164370540341935,32.2363535563151,32.38288392668538,5401000
2013-12-16,32.72478485107422,32.96899966339567,32.43172782157294,32.72478485107422,3728000
2013-12-17,32.28519821166992,32.87131601103842,32.28519821166992,32.3340404300117,4400000
2013-12-18,32.675941467285156,32.675941467285156,32.23635407551641,32.23635407551641,2874000
2013-12-19,33.01783752441406,33.11552567230768,32.773622744312746,32.92015310294226,6070000
2013-12-20,33.11553192138672,33.2132163612921,32.724786708920156,33.01784375505882,6057000
2013-12-23,33.55511474609375,33.75048734719578,33.11553105164222,33.16437327031212,5752000
2013-12-24,33.50626754760742,33.701640119672504,33.31089497554234,33.603955696850896,3423000
2013-12-25,33.652801513671875,33.8481741066683,33.31089854432256,33.31089854432256,2801000
2013-12-26,33.652801513671875,33.75048594695895,33.50627113731899,33.50627113731899,2985000
2013-12-27,33.55511474609375,33.75048734719578,33.55511474609375,33.65280290985597,4270000
2013-12-30,33.84817123413086,33.84817123413086,33.35974165630168,33.55511050629579,6611000
2013-12-31,33.94585418701172,33.94585418701172,33.701639408687896,33.848169766250905,3768000
2014-01-02,33.55511474609375,34.0435443856376,33.408588090084045,33.9458599482978,2189000
2014-01-03,33.11553192138672,33.45743118747807,33.01784375505882,33.26205858124479,3849000
2014-01-06,34.1900749206543,34.287759358430044,33.11553119943128,33.11553119943128,9148000
2014-01-07,33.94585418701172,34.531968164420185,33.89701197663131,34.238911175715955,7194000
2014-01-08,34.1900749206543,34.287759358430044,33.84817566201673,33.84817566201673,6948000
2014-01-09,34.1900749206543,34.33660530374036,33.99470231868035,34.1900749206543,7209000
2014-01-10,34.238914489746094,34.58081744834576,34.09238784442236,34.19007227463818,4040000
2014-01-13,35.21577072143555,35.5576736511403,34.33659974452726,34.33659974452726,11355000
2014-01-14,36.48569107055664,36.87643625655929,35.655362208328846,35.655362208328846,15710000
2014-01-15,37.999820709228516,37.999820709228516,37.12064602336948,37.12064602336948,17038000
2014-01-16,37.169490814208984,38.19519220131533,37.022964174006376,38.19519220131533,14277000
2014-01-17,37.51139831542969,37.5602405347609,36.87643828485655,37.169495327266276,10500000
2014-01-20,38.683624267578125,39.02552723614237,37.316023572587895,37.511396165135714,10774000
2014-01-21,37.56024169921875,38.585943242663255,37.56024169921875,38.585943242663255,8543000
2014-01-22,37.85329818725586,37.99982857403361,37.364868533226755,37.560241140122905,8530000
2014-01-23,37.90213394165039,38.195190938790766,37.364862159156054,38.195190938790766,7914000
2014-01-24,37.60908126831055,38.04866867777007,37.36486645487996,37.95098051654444,5276000
2014-01-27,36.63222122192383,37.12065083821614,35.94841901383013,36.8275938137252,11553000
2014-02-05,36.33916473388672,36.33916473388672,34.141231428124485,34.43428845694166,20805000
2014-02-06,36.241477966308594,36.77875355395012,35.75304832403261,36.33916613061725,8467000
2014-02-07,36.53453063964844,36.68105726401905,35.411141220698994,36.38800028885621,8070000
2014-02-10,36.1437873840332,36.82758951225873,35.99725702569137,36.1437873840332,3864000
2014-02-11,35.99725341796875,35.99725341796875,35.36229729044171,35.65535425133277,8692000
2014-02-12,36.53453063964844,36.87642982293482,35.997255171024676,35.997255171024676,8871000
2014-02-13,36.192630767822266,36.63221813067475,35.997258192507616,35.997258192507616,3857000
2014-02-14,36.1437873840332,36.632216943276894,35.899572604411354,36.29031774237503,4739000
2014-02-17,36.63222122192383,36.77875159738042,35.94841901383013,35.94841901383013,5525000
2014-02-18,36.192630767822266,36.63221813067475,35.94841598028444,36.63221813067475,4519000
2014-02-19,36.53453063964844,36.53453063964844,36.24146993806398,36.24146993806398,3110000
2014-02-20,36.72990036010742,36.72990036010742,36.33915895925112,36.681058150803096,7204000
2014-02-21,36.82759094238281,37.60907752223579,36.485688001782044,37.07180573148824,6710000
2014-02-24,36.48569107055664,37.218335499494906,35.997261451264464,37.16949328285014,5208000
2014-02-25,36.09494400024414,36.7787461062449,35.99725585571735,36.72990017077066,2981000
2014-02-26,36.681060791015625,36.681060791015625,35.997258632271574,36.09494678433328,7507000
2014-02-27,36.388004302978516,36.68106131046978,36.04610508197572,36.63221909695824,8251000
2014-03-03,36.1437873840332,36.436844374295056,35.6065156141495,36.388002163655045,13918000
2014-03-04,35.99725341796875,36.143783761624995,35.850726800733945,35.94841121222382,7150000
2014-03-05,38.48825454711914,38.48825454711914,36.681062764194316,36.681062764194316,19281000
2014-03-06,38.43940734863281,39.70932726727902,38.39056513478228,39.07436730795592,19976000
2014-03-07,38.097511291503906,38.976686119569095,37.90213869344249,38.73247130359792,13147000
2014-03-10,37.75560760498047,38.34172160389804,37.31602024258133,38.09750681661206,10811000
2014-03-11,38.585933685302734,38.878990664210576,37.99981972748706,38.2440344976472,11356000
2014-03-12,38.195194244384766,38.87899644783974,37.902137221881844,38.58593942533681,8734000
2014-03-13,40.29544448852539,40.29544448852539,38.43941040333346,38.63478300068351,20128000
2014-03-14,39.80701446533203,40.05122927800278,39.26974262274084,39.61164186991097,20314000
2014-03-17,39.56279373168945,40.05122328393253,39.416263375447826,40.05122328393253,12290000
2014-03-18,39.123207092285156,40.10006621432185,38.92783452259345,40.05122400350438,7531000
2014-03-19,38.585933685302734,39.22089357828777,38.390561123890286,39.074363225623024,8514000
2014-03-20,38.585933685302734,38.68361810279813,38.146346353730145,38.585933685302734,11031000
2014-03-21,38.14634704589844,38.781306950404876,38.04866262663056,38.58593438544737,10614000
2014-03-24,39.26974105834961,39.51395586129156,38.244039631277865,38.244039631277865,9675000
2014-03-25,39.953548431396484,39.953548431396484,38.8790009232957,39.123215757897334,10321000
2014-03-26,41.22345733642578,41.76072912965152,40.148910023552325,40.19775596273628,16922000
2014-03-27,42.73759078979492,42.73759078979492,41.27230196271624,41.27230196271624,18109000
2014-03-28,41.95610809326172,43.27486667067336,41.51652065865032,42.73759479566945,10387000
2014-03-31,40.051231384277344,40.63734547494167,39.56280173324957,40.63734547494167,16039000
2014-04-01,39.56279373168945,39.95353886405262,39.36742116550787,39.61163594162941,11753000
2014-04-02,40.93040084838867,40.93040084838867,39.85585352199604,40.100068315300454,18430000
2014-04-03,40.10006332397461,40.83270761269432,40.0023789093806,40.83270761269432,9809000
2014-04-07,39.61164093017578,39.90469795314382,39.41626833938968,39.56279871408481,11303000
2014-04-08,39.0255241394043,39.807010721161106,38.63477898531492,39.70932629584974,12935000
2014-04-09,39.90469741821289,39.95354336007129,39.22089894926135,39.22089894926135,7915000
2014-04-10,40.53965377807617,40.53965377807617,39.51395243981886,40.29543899628053,9965000
2014-04-11,40.44197463989258,40.68618945359622,39.904699068606696,40.2466020436452,4479000
2014-04-14,39.75817108154297,40.441973282242174,39.17205331247699,40.441973282242174,5608000
2014-04-15,40.29544448852539,40.29544448852539,39.80701485836145,39.80701485836145,5033000
2014-04-16,40.051231384277344,40.441976595668564,39.80701655876346,40.344288429609506,6129000
2014-04-17,39.953548431396484,40.14891731793967,39.611645427100605,40.05123287466808,3253000
2014-04-18,40.10006332397461,40.14890553127161,39.75816414647403,39.953536702083596,1829000
2014-04-21,40.10006332397461,40.14890553127161,39.75816414647403,40.0512211166776,1402000
2014-04-22,40.34428405761719,40.490814427615454,39.95354261499199,40.10006925856815,5182000
2014-04-23,39.80701446533203,40.539658903344275,39.318584839990535,40.393128525172905,5767000
2014-04-24,39.51396179199219,40.10007591645461,39.318589175030475,40.05123369381986,5747000
2014-04-25,38.097511291503906,39.416269807179326,38.097511291503906,39.17205499120815,11065000
2014-04-28,39.26974105834961,39.953543251871494,37.56023743775597,37.75561002539396,5741000
2014-04-29,39.56279373168945,39.660478151569365,39.07436417944637,39.26973674562795,5244000
2014-04-30,40.44197463989258,40.44197463989258,39.318585006286874,40.051229447397816,12599000
2014-05-02,39.31857681274414,40.58849283408262,39.31857681274414,40.44196621224831,9840000
2014-05-05,39.17205047607422,39.61163783943814,39.12320826379421,39.46511120259812,2912000
2014-05-06,39.80701446533203,39.80701446533203,38.73247078014966,39.12321224456947,4257000
2014-05-07,39.46511459350586,40.44197382872707,39.220899784700556,40.05122864406969,7549000
2014-05-08,40.686187744140625,41.028086978391684,39.80701296117765,39.80701296117765,10396000
2014-05-09,40.490806579589844,41.028078288078014,40.148903691336365,40.490806579589844,5573000
2014-05-12,39.17205047607422,40.637339203006,38.87899347597225,40.637339203006,11298000
2014-05-13,38.976688385009766,39.611644707586954,38.87900021708995,39.562802486838336,10610000
2014-05-14,39.31857681274414,39.56279157555622,38.24403334693963,39.56279157555622,14832000
2014-05-15,38.9278450012207,39.172059847467814,38.39057308476162,38.39057308476162,9633000
2014-05-16,38.73247146606445,39.074370719289284,38.390568486417244,38.830155902293725,10340000
2014-05-19,39.31857681274414,39.31857681274414,38.73246287256378,39.025519842653964,6278000
2014-05-20,39.22090148925781,39.4651163086768,39.07437110703746,39.31858592645644,4647000
2014-05-21,39.31857681274414,39.41626122730035,39.07436204993206,39.07436204993206,4496000
2014-05-22,38.53709411621094,39.318580688968154,38.43940596560258,39.07436590208015,14024000
2014-05-23,38.976688385009766,39.074372826507,38.34172833600999,38.34172833600999,10110000
2014-05-26,38.83015060424805,39.31858017159708,38.83015060424805,39.31858017159708,9381000
2014-05-27,38.390567779541016,38.92783962175411,38.29288334511038,38.58594037482459,10268000
2014-05-28,39.123207092285156,39.318579661976855,38.53709310963187,38.58593532044934,15330000
2014-05-29,38.585933685302734,38.73246403796749,38.2440344976472,38.390561123890286,16230000
2014-05-30,39.41626739501953,39.41626739501953,37.902136373943065,38.585938562100154,20174000
2014-06-03,38.683624267578125,39.123211669205155,38.439409458498915,38.830154643594554,11786000
2014-06-04,38.73247146606445,39.074370719289284,38.73247146606445,39.02552850117465,5858000
2014-06-05,39.07436752319336,39.12320973731293,38.48825350091429,38.976683094954204,7220000
2014-06-06,39.123207092285156,39.318579661976855,39.07436488146769,39.318579661976855,4542000
2014-06-09,38.9278450012207,39.416274693714925,38.781318329326126,39.36743246975007,6398000
2014-06-10,40.1489143371582,40.73503213254049,38.97668619923837,39.12321285326717,14782000
2014-06-11,40.5885009765625,40.68618913713753,40.10007135295423,40.24660173060563,8646000
2014-06-12,40.73503112792969,41.32114518243481,40.3931281574498,40.63734296789732,7057000
2014-06-13,41.27230453491211,41.61420379196963,40.78387489544569,40.78387489544569,7143000
2014-06-16,40.686187744140625,42.10263062297117,40.539657371506074,41.32114399723862,10274000
2014-06-17,41.02808380126953,41.51651337033226,40.83271122836006,41.02808380126953,7923000
2014-06-18,41.7607307434082,42.102629972376036,41.17461671477132,41.46767372908976,10568000
2014-06-19,41.02808380126953,42.004942939394994,41.02808380126953,41.9561007277731,8629000
2014-06-20,40.783870697021484,41.51651508080031,40.783870697021484,41.07692770524861,7857000
2014-06-23,40.783870697021484,41.174615858939006,40.783870697021484,41.07692770524861,6108000
2014-06-24,41.66304397583008,41.95610097370111,41.27229882772077,41.27229882772077,6532000
2014-06-25,41.174617767333984,41.80957402685189,41.028087393217895,41.76073181095393,3509000
2014-06-26,41.85841751098633,41.85841751098633,41.27230344960816,41.51651826291945,3453000
2014-06-27,41.7607307434082,42.151475913447534,41.56535815838854,41.7607307434082,4165000
2014-06-30,42.49338150024414,43.714455681285635,42.00495182782754,42.00495182782754,10010000
2014-07-01,43.56791687011719,44.447091601148244,42.49337328900986,43.37254802004091,9180000
2014-07-02,42.932960510253906,43.56791672371201,42.63990350970232,43.56791672371201,3744000
2014-07-03,42.49338150024414,42.93296895070361,42.34685110795009,42.73759633645244,5462000
2014-07-04,42.54221725463867,42.83527426825154,42.151475811962214,42.493375040106876,3677000
2014-07-07,42.05379104614258,42.49337846520504,41.90726439073669,42.34684808337675,5569000
2014-07-08,43.17717361450195,43.17717361450195,41.858411573819836,42.249156710263826,7694000
2014-07-09,42.73759078979492,43.17717818320296,42.395691554045435,43.17717818320296,4723000
2014-07-10,42.68873977661133,42.9817967363476,42.29799467934869,42.9817967363476,4149000
2014-07-11,41.51650619506836,42.63989550032694,41.32113365592497,42.63989550032694,6534000
2014-07-14,41.85841751098633,42.9329649254094,41.51651826291945,41.565360480297244,7339000
2014-07-15,42.83528137207031,42.83528137207031,42.20032502501139,42.6887547041749,7939000
2014-07-16,42.24916076660156,42.737590370839726,42.004945964482474,42.737590370839726,5727000
2014-07-17,42.2003173828125,42.786431401098234,41.90726037366963,42.298001810386104,5763000
2014-07-18,41.85841751098633,42.249162702853326,41.76073307623074,41.76073307623074,2759000
2014-07-21,42.29800796508789,42.83527984776423,42.20032352330041,42.20032352330041,1955000
2014-07-22,42.83528137207031,42.88412732112484,42.59106653248856,42.59106653248856,2653000
2014-07-23,42.83528137207031,42.83528137207031,42.83528137207031,42.83528137207031,0
2014-07-24,43.226016998291016,43.323701421842685,42.98180221298993,43.226016998291016,3913000
2014-07-25,41.90726089477539,43.47023411392055,41.565357941172195,43.47023411392055,7183000
2014-07-28,43.27486801147461,43.27486801147461,41.90726717149383,41.90726717149383,5780000
2014-07-29,42.83528137207031,43.56792589081557,42.10263685332506,43.470241445551956,4491000
2014-07-30,42.34684371948242,43.22601846700731,42.20031707917629,43.22601846700731,4354000
2014-07-31,41.22345733642578,42.73758829057905,40.83271218148598,42.34684313563925,9273000
2014-08-01,41.172306060791016,41.172306060791016,40.50741011635704,40.76313872543028,8153000
2014-08-04,43.01355743408203,43.01355743408203,41.63262430789656,41.93949790237006,8170000
2014-08-05,42.39980697631836,43.16699285441057,41.47918236176403,43.013554117948466,8067000
2014-08-06,42.297515869140625,42.757828205632464,41.990642278849194,42.399809667310706,5578000
2014-08-07,41.73491287231445,42.29751509456428,41.683767925220714,42.29751509456428,4951000
2014-08-08,41.93949890136719,42.399811255096786,41.5303314975832,42.34866630515118,6538000
2014-08-11,41.78605651855469,42.45095251640226,41.32574810693167,42.45095251640226,5075000
2014-08-12,42.34866714477539,42.757830654562085,41.99064468383869,42.450957046694654,3778000
2014-08-13,42.706687927246094,42.70668792724609,42.19523058680003,42.34866934977778,2605000
2014-08-14,43.16699981689453,43.72960210448347,42.604397529305594,43.21814476992811,5788000
2014-08-15,42.14408493041992,42.96241588106589,41.99064617000077,42.75783216787695,5254000
2014-08-18,41.93949890136719,42.65553990693439,41.73491519947519,42.65553990693439,1831000
2014-08-19,42.50210189819336,42.50210189819336,42.04178953641459,42.14408334020411,2242000
2014-08-20,42.9624137878418,42.9624137878418,41.93949917384556,42.502101431121574,5432000
2014-08-21,41.93949890136719,42.70668485688,41.93949890136719,42.60439495698878,4393000
2014-08-22,43.16699981689453,43.16699981689453,42.50210372112864,42.70668743537275,5450000
2014-08-25,43.064701080322266,43.16699487679254,42.70668254794966,42.96241118596134,1913000
2014-08-26,42.80897521972656,43.166997677436754,42.757830269227846,42.9624139733323,1752000
2014-08-27,43.064701080322266,43.72959709999636,42.70668254794966,43.21813982397301,5505000
2014-08-28,43.064701080322266,43.21813982397301,42.75782749513013,42.96241118596134,3181000
2014-08-29,43.16699981689453,43.62731219841631,42.75783238840633,42.86012619658327,5008000
2014-09-01,42.80897521972656,43.729599937141806,42.50210161462468,43.37158138154121,4660000
2014-09-02,42.297515869140625,42.86012200380255,41.990642278849194,42.86012200380255,3858000
2014-09-03,42.195228576660156,42.55324713707281,42.14408362547402,42.29751847903245,5260000
2014-09-04,41.93949890136719,42.246372503150404,41.68377024952958,42.19522755320479,4448000
2014-09-05,41.88835144042969,42.19522502381741,41.7860576445609,41.93949638730942,3828000
2014-09-09,42.24637222290039,42.45095592343524,41.99064357275921,42.34866602422258,2106000
2014-09-10,41.42803192138672,41.990634043601105,41.325742045387244,41.990634043601105,3970000
2014-09-11,41.325748443603516,42.19522423054065,41.325748443603516,42.19522423054065,5569000
2014-09-12,40.91658401489258,41.68376996517181,40.91658401489258,41.42804131507874,4061000
2014-09-15,40.25168991088867,41.17231465660065,40.20054495881794,40.66085733167393,6847000
2014-09-16,40.25168991088867,40.71200228374466,39.99596124842532,40.405128669210576,4797000
2014-09-17,40.20054626464844,40.55856874499258,39.84252768641414,40.50741988915067,8611000
2014-09-18,40.40512466430664,40.71199824842381,40.149396027190775,40.71199824842381,7260000
2014-09-19,40.45627212524414,40.66085582807144,40.35398222488527,40.66085582807144,7684000
2014-09-22,40.353981018066406,40.66085461207527,39.944813624648276,40.558564714775464,6887000
2014-09-23,39.3822135925293,40.405128231296295,39.024195029804716,40.14939957160454,8018000
2014-09-24,38.97304916381836,39.53565537995684,38.76846934206979,38.870759252944076,4390000
2014-09-25,38.56387710571289,39.38220791840069,38.35929342701366,39.02418940725887,4644000
2014-09-26,39.893672943115234,40.14940161582751,38.35930090684157,38.35930090684157,7304000
2014-09-29,39.84252166748047,40.20054019162959,39.4333542952164,40.0982502996182,8666000
2014-09-30,39.4844970703125,40.30283176984752,39.126478565847705,39.84251947688633,6461000
2014-10-01,38.61503219604492,39.12648957612498,38.615032196044915,38.97305080125691,6589000
2014-10-02,39.02418899536133,39.12647888257672,38.20585428920187,38.6150216422816,5263000
2014-10-03,39.3822135925293,39.637942252221045,38.666172564970466,38.666172564970466,4564000
2014-10-06,39.3822135925293,39.68908720373746,39.17762988435396,39.637942252221045,3880000
2014-10-07,38.71731185913086,39.33106289397583,38.56387702700144,39.33106289397583,6026000
2014-10-08,37.89898681640625,38.87075650956737,37.89898681640625,38.56388289649273,7946000
2014-10-09,36.569190979003906,38.563874903734984,36.31346237075912,38.1035626284726,10557000
2014-10-13,36.569190979003906,36.876064528475865,35.80200515426956,36.21117248830477,10453000
2014-10-14,36.824920654296875,36.87606559700604,36.4669021532237,36.824920654296875,4858000
2014-10-15,37.23408889770508,37.950125917111286,36.51804797618977,36.82492154195087,11270000
2014-10-16,36.569190979003906,37.38752174496543,36.3646073119863,36.82491958724869,6194000
2014-10-17,37.33638381958008,37.59211247587857,36.773781556145316,36.97836526160604,11689000
2014-10-20,37.95013427734375,38.359301723235575,37.336387010615965,37.69440559918885,8216000
2014-10-21,37.79669189453125,37.89898178460533,37.59210821227391,37.84783683956829,4721000
2014-10-22,37.95013427734375,38.2570118128176,37.69440559918885,38.2570118128176,2918000
2014-10-23,38.05242156982422,38.154711462715454,37.79669293548684,37.95012777482369,1345000
2014-10-24,37.95013427734375,38.410446678444565,37.69440559918885,38.359301723235575,2525000
2014-10-27,37.285240173339844,38.308154834325244,37.285240173339844,38.15471607433353,3019000
2014-10-28,38.001277923583984,38.56388015795368,37.694400430191955,37.7455492804969,10921000
2014-10-29,39.07533645629883,39.12648140320141,38.257005599529556,38.61502412995695,6844000
2014-10-30,38.870758056640625,38.97304796436679,38.61502938521536,38.97304796436679,2744000
2014-10-31,39.07533645629883,39.07533645629883,38.56387918305437,39.07533645629883,3890000
2014-11-03,39.3822135925293,39.3822135925293,39.075339981321136,39.331068641012884,3481000
2014-11-04,39.12648010253906,39.893665986902576,39.12648010253906,39.38220873066024,2930000
2014-11-05,39.12648010253906,39.433353675862634,38.973041364822684,39.07533515733667,2996000
2014-11-06,39.07533645629883,39.38221003982364,38.87075276657918,39.38221003982364,2316000
2014-11-07,38.51274108886719,38.921904639001156,38.46159223075417,38.76846977099217,2484000
2014-11-10,39.22877502441406,39.433358733572675,38.61502779904791,39.1264851208896,3422000
2014-11-11,39.3822135925293,39.48450349556212,38.97304617617863,39.3822135925293,3041000
2014-11-12,37.89898681640625,39.38221383206168,37.54096825150411,39.38221383206168,7754000
2014-11-13,36.36461639404297,37.080657456381275,35.546285423703424,35.546285423703424,19999000
2014-11-14,36.569190979003906,36.72262970479433,36.160023644968696,36.46690109654955,15151000
2014-11-17,36.569190979003906,36.72262970479433,36.05773376251434,36.671480861458264,8667000
2014-11-18,36.824920654296875,36.97835938453338,36.6203369813512,36.824920654296875,5585000
2014-11-19,37.847843170166016,38.35930051030339,36.824928489891256,37.08065715995994,11881000
2014-11-20,38.51274108886719,38.51274108886718,37.64326122837621,37.74555504249222,7413000
2014-11-21,38.461585998535156,38.97304327990988,38.001277566985415,38.51273484836014,6799000
2014-11-24,38.870758056640625,39.07534177420281,38.666174339078445,39.07534177420281,7548000
2014-11-25,38.870758056640625,39.22877663579206,38.870758056640625,38.870758056640625,8054000
2014-11-26,38.870758056640625,39.12648672806589,38.61502938521536,38.870758056640625,4961000
2014-11-27,39.5867919921875,39.5867919921875,38.9730409499644,39.12647968604747,6552000
2014-11-28,39.3822135925293,39.58679730070463,39.27992368949647,39.43335854404571,5355000
2014-12-01,39.3822135925293,39.84252596039638,38.61502761345405,38.8707562731458,5291000
2014-12-02,40.20054626464844,40.55856874499258,38.9219029107976,39.02419672037157,8374000
2014-12-03,39.9959602355957,40.60971135123139,39.84252538326899,40.2005439408076,4291000
2014-12-04,39.43335723876953,40.40512689385375,39.22877353736609,40.25168814227378,5445000
2014-12-05,39.22877502441406,39.58679749096906,39.22877502441406,39.433358733572675,2321000
2014-12-08,39.9959602355957,40.149398990032026,39.4333579728452,39.791380432493426,3601000
2014-12-09,39.893672943115234,40.302840380298825,39.689089224523435,40.14940161582751,4070000
2014-12-10,39.07533645629883,39.79137741926294,38.87075276657918,39.43335498672622,5090000
2014-12-11,39.12648010253906,39.433353675862634,38.359294218175556,38.66616779149912,3046000
2014-12-12,39.5867919921875,39.89366556224447,38.41043875450843,38.41043875450843,4461000
2014-12-15,38.81960678100586,39.38220898609973,38.81960678100587,39.38220898609973,7911000
2014-12-16,39.3822135925293,39.995960814945626,39.024195029804716,39.12648493283755,5935000
2014-12-17,38.359291076660156,40.1493913269043,38.257001194632615,39.893662719726564,13073000
2014-12-18,38.359291076660156,38.87074829101562,38.359291076660156,38.61501968383789,4464000
2014-12-19,39.535648345947266,39.53564834594727,38.61502370343232,38.81960739089223,6675000
2014-12-22,40.149391174316406,40.30282989888345,39.637933961904736,39.79137268647178,5421000
2014-12-23,40.149391174316406,40.35397483970285,39.84251762729117,40.30282989888345,2681000
2014-12-24,40.149391174316406,40.30282989888345,39.58678902108534,40.251681055955196,5905000
2014-12-25,39.893672943115234,40.302840380298825,39.842527988994746,40.14940161582751,1811000
2014-12-26,40.149391174316406,40.30282989888345,39.89366256811057,40.149391174316406,2357000
2014-12-29,40.558563232421875,40.865436815214984,40.1493958539582,40.1493958539582,3741000
2014-12-30,40.302833557128906,40.916580706888546,40.302833557128906,40.76314196839403,2573000
2014-12-31,40.507415771484375,40.66085451919303,40.09825228111036,40.66085451919303,1986000
2015-01-05,40.149391174316406,40.30282989888345,39.740223843543525,40.149391174316406,4211000
2015-01-06,39.17763137817383,40.04711119554433,39.07534147124075,39.740233670525434,6982000
2015-01-07,39.17763137817383,39.53565385665927,38.87075775526476,38.9219027087313,5917000
2015-01-08,39.9959602355957,40.149398990032026,39.4333579728452,40.149398990032026,3336000
2015-01-09,39.791378021240234,40.60970889038949,39.74022917145453,40.50741509292747,3390000
2015-01-12,39.6890869140625,40.76314649650677,39.48450320738034,39.53565206063311,2967000
2015-01-13,39.9448127746582,40.04710657189074,39.68908413474092,39.7402290823025,4133000
2015-01-14,39.3822135925293,40.09825462008813,39.27992368949647,39.94481586342921,8399000
2015-01-15,39.12648010253906,39.7402272491862,39.12648010253906,39.433353675862634,4888000
2015-01-16,38.66617202758789,39.331068094389586,38.66617202758789,39.331068094389586,5603000
2015-01-19,39.740238189697266,39.94482192893807,38.97305209412697,38.97305209412697,6125000
2015-01-20,39.84252166748047,39.99595650549756,39.4333542952164,39.74022787335983,4496000
2015-01-21,40.09825134277344,40.14939629010967,39.84252270398293,40.09825134277344,4020000
2015-01-22,40.40512466430664,40.40512466430664,39.944812337076215,40.149396027190775,6263000
2015-01-23,40.91658401489258,41.27460256417908,40.660855364799495,40.660855364799495,10859000
2015-01-26,40.763145446777344,40.91658419836503,40.45627184571151,40.91658419836503,2561000
2015-01-27,40.814292907714844,40.96772775196375,40.55856426519059,40.91658280388078,5452000
2015-01-28,40.96772384643555,41.1723075213735,40.609705341875916,40.71199522829037,5540000
2015-01-29,39.791378021240234,41.17231111904777,39.74022917145453,40.91658247855679,8413000
2015-01-30,39.3822135925293,40.20054452312096,39.3822135925293,39.89367091191279,8644000
2015-02-02,40.40512466430664,40.40512466430664,39.38221011584318,39.38221011584318,3254000
2015-02-03,40.60970687866211,41.01887034191287,40.405123195982135,40.405123195982135,5104000
2015-02-04,41.93949890136719,42.19522755320479,40.712000592124774,40.967729243962374,10394000
2015-02-05,40.40512466430664,40.763143195425116,40.251685921193385,40.71199824842381,13827000
2015-02-06,40.45627212524414,40.60971087789201,40.09825357187853,40.149398522057965,8119000
2015-02-09,40.047115325927734,40.558572717563536,39.8936765475929,40.558572717563536,4279000
2015-02-10,39.9448127746582,40.09825151945232,39.7402290823025,39.893667827096614,4089000
2015-02-11,39.893672943115234,40.14940161582751,39.842527988994746,39.842527988994746,5515000
2015-02-12,40.149391174316406,40.149391174316406,39.740223843543525,40.149391174316406,5266000
2015-02-13,40.558563232421875,40.66085312598314,40.098250907177565,40.1493958539582,7396000
2015-02-24,40.96772384643555,41.837203489394575,40.814289016813866,41.070017634959044,13543000
2015-02-25,40.91658401489258,41.172312664985654,40.660855364799495,41.12116771538894,7383000
2015-02-26,40.60970687866211,40.91658045162748,40.35397825083944,40.45626814112483,5535000
2015-03-02,40.66085433959961,41.939497557826016,40.4562706442615,41.88835260951885,7754000
2015-03-03,40.60970687866211,41.07001918916476,40.405123195982135,41.07001918916476,5088000
2015-03-04,40.66085433959961,40.814293086630556,40.55856444298527,40.55856444298527,3970000
2015-03-05,39.9959602355957,40.50741754757063,39.637941678057096,40.405127646019494,5146000
2015-03-06,40.302833557128906,40.302833557128906,39.48449882130376,39.84252124375456,7355000
2015-03-09,40.507415771484375,40.609709570659966,39.842523636335564,40.200542178176505,3297000
2015-03-10,40.40512466430664,40.814292044535755,40.20054097419208,40.55856340741989,7697000
2015-03-11,39.6890869140625,40.098254327426815,39.63794196291937,39.6890869140625,5939000
2015-03-12,40.149391174316406,40.149391174316406,39.58678902108534,39.68907890272413,7200000
2015-03-13,39.3822135925293,40.047109668571714,39.3822135925293,39.68908720373746,7783000
2015-03-16,39.3822135925293,39.791381008879966,39.3822135925293,39.48450349556212,4483000
2015-03-17,39.43335723876953,39.893669591399906,39.38221228894606,39.484502188593005,2922000
2015-03-18,39.12648010253906,39.53564746837662,39.12648010253906,39.38220873066024,6008000
2015-03-19,39.893672943115234,39.89367294311523,39.48450550593164,39.79138303487427,5689000
2015-03-20,39.893672943115234,39.99596285135619,39.637944270402954,39.89367294311523,5224000
2015-03-23,39.4844970703125,39.4844970703125,39.27991729753778,39.33106224073146,4223000
2015-03-24,39.12648010253906,39.38220873066024,38.973041364822684,39.38220873066024,6763000
2015-03-25,38.10356521606445,39.12647971850914,38.10356521606445,39.12647971850914,11902000
2015-03-26,38.359291076660156,38.56387474282412,37.59210525512695,37.74554398027714,7810000
2015-03-27,37.847843170166016,38.35930051030339,37.84784317016601,37.84784317016601,8779000
2015-03-30,38.10356521606445,38.51273257788599,37.89898153515369,38.35929384167562,7366000
2015-03-31,38.66617202758789,39.17762933986316,38.56388212597669,39.17762933986316,9082000
2015-04-01,37.847843170166016,38.56388422678031,37.84784317016601,38.56388422678031,10795000
2015-04-02,38.20585632324219,38.56387875177496,37.8989827431493,37.9501276894799,7930000
2015-04-07,38.30815124511719,38.56387988640354,37.89898385821527,38.20585744733701,7498000
2015-04-08,37.64325714111328,38.359298153738315,37.59211219066355,38.30815320328858,9022000
2015-04-09,38.05242156982422,38.35929515060722,37.74554798904122,37.847837881932456,6032000
2015-04-10,37.79669189453125,38.10356546686267,37.48981832219983,38.05242052182563,9307000
2015-04-13,38.20585632324219,38.35929506434327,38.00127653791978,38.20585632324219,5102000
2015-04-14,38.359291076660156,38.359291076660156,38.05241752846865,38.257001194632615,4549000
2015-04-15,38.461585998535156,38.61502474379133,38.30815115538837,38.359296103103965,9482000
2015-04-16,38.76846694946289,38.76846694946289,38.35929952699769,38.410444479278404,5389000
2015-04-17,38.410438537597656,38.615022217183366,38.205854858011946,38.563877272814224,6978000
2015-04-20,39.535648345947266,39.58679329228492,38.103566435837195,38.103566435837195,10665000
2015-04-21,39.4844970703125,39.63793580200257,39.17762350904138,39.63793580200257,8904000
2015-04-22,39.3822135925293,39.637942252221045,39.17762988435396,39.48450349556212,9768000
2015-04-23,40.353981018066406,40.3539810180664,39.484501282580254,39.63794003063941,8404000
2015-04-24,40.20054626464844,40.865442369494815,39.63794396937604,40.35398502795447,12985000
2015-04-27,40.302833557128906,40.76314196839403,40.200539764096156,40.71199702293226,12267000
2015-04-28,39.9448127746582,40.45627005449277,39.79137793197345,40.40512510693119,6432000
2015-04-29,39.740238189697266,40.45627932598493,39.38221957260857,40.30284444813703,8594000
2015-04-30,39.3822135925293,40.251689474637374,39.3822135925293,40.09825462008813,7741000
2015-05-04,40.558563232421875,40.81429186843435,39.68908352871388,39.842522271165095,6647000
2015-05-05,40.66085433959961,40.711999287906785,40.09825210400188,40.60970939129244,4432000
2015-05-06,40.40512466430664,40.763143195425116,40.20054097419208,40.40512466430664,5251000
2015-05-07,40.40512466430664,40.40512466430664,39.99595728407752,40.149396027190775,2314000
2015-05-08,39.637939453125,40.30283548221473,39.637939453125,40.200541684295864,3679000
2015-05-11,39.6890869140625,40.2516891808562,39.48450320738034,40.20054422971307,2232000
2015-05-12,38.359291076660156,39.12647689819336,38.257001194632615,38.87074829101562,11722000
2015-05-13,38.51274108886719,38.66617595687617,38.359302318748185,38.359302318748185,4270000
2015-05-14,38.25700378417969,38.870750922106126,37.69439768861979,38.870750922106126,10825000
2015-05-15,39.3310661315918,39.382211079845035,38.666170097971424,39.27992118333856,7505000
2015-05-18,39.637939453125,39.68908440102973,38.76846363241634,39.331065863587206,4494000
2015-05-19,39.893672943115234,40.047111707586545,39.433360551811155,39.89367294311523,4549000
2015-05-20,39.740238189697266,40.0471157496136,39.689093230414635,40.0471157496136,3958000
2015-05-21,39.9959602355957,39.9959602355957,38.8707557100947,39.4333579728452,5070000
2015-05-22,40.09825134277344,40.40512492890018,39.68908395986488,39.7913777566467,5565000
2015-05-25,40.302833557128906,40.405123448052436,40.149394818634384,40.149394818634384,4766000
2015-05-26,40.302833557128906,40.60970713200872,40.25168470955792,40.55856218654696,2923000
2015-05-27,39.791378021240234,40.04710666173121,39.79137802124023,40.04710666173121,4000000
2015-05-28,39.5867919921875,40.04710429832754,39.48449820076241,39.94481050690244,5753000
2015-05-29,39.84252166748047,39.89366661348617,39.535648089337045,39.58679303534274,5732000
2015-06-01,39.02418899536133,39.58679117926414,38.92189520603686,39.53564623565644,4806000
2015-06-02,38.25700378417969,38.921895866581806,38.25700378417969,38.921895866581806,8507000
2015-06-03,38.359291076660156,38.97303817304317,38.359291076660156,38.61501968383789,5340000
2015-06-04,37.79669189453125,38.41043903919409,37.74554694949421,38.257004204082975,6660000
2015-06-05,37.74555587768555,38.35930316752185,37.64326206130609,37.74555587768555,5290000
2015-06-08,37.74555587768555,37.847845791954896,37.234098502118584,37.489827189902066,6425000
2015-06-09,37.23408889770508,37.694397295292184,37.23408889770508,37.48981751952418,5586000
2015-06-10,36.5180549621582,37.33638592810567,36.5180549621582,37.18294716481746,6535000
2015-06-11,36.62034225463867,37.234093361855145,36.31346865208521,37.234093361855145,4743000
2015-06-12,36.36461639404297,36.824928784268295,36.31347144004235,36.56920011215532,4107000
2015-06-15,36.26232147216797,36.722633798747395,36.16002767620069,36.466905161993196,4255000
2015-06-16,36.05773162841797,36.31346022152732,35.80200303530862,36.26231528332718,4943000
2015-06-17,35.80200958251953,36.313466862269806,35.54628094264439,36.313466862269806,6726000
2015-06-18,36.006587982177734,36.31346152449821,35.80200431992781,35.8531492599631,5138000
2015-06-22,36.569190979003906,36.927209469703044,36.160023644968696,36.160023644968696,6185000
2015-06-23,36.824920654296875,37.080649269951714,36.4669021532237,36.824920654296875,5698000
2015-06-24,36.773780822753906,37.182944323405636,36.569197121373264,37.08065442377009,4587000
2015-06-25,36.927215576171875,37.0806543273357,36.671486925638526,36.82492567680235,6121000
2015-06-26,36.97835922241211,37.23408783694578,36.824920492848314,37.23408783694578,3706000
2015-06-29,36.5180549621582,36.97836734991298,36.41576115259611,36.82492858662477,4629000
2015-06-30,37.33638381958008,37.33638381958008,36.46690794900905,36.51805289984682,4964000
2015-07-01,36.876068115234375,36.97836190974725,36.46690464351069,36.77377822283077,2839000
2015-07-02,36.824920654296875,36.824920654296875,36.3134634229872,36.569192038642036,5454000
2015-07-03,36.26232147216797,36.51805010892217,35.54628050883433,36.466905161993196,11634000
2015-07-06,36.3134651184082,36.569193746002625,35.904297753413445,35.904297753413445,4493000
2015-07-07,36.26232147216797,36.56919505585115,36.16002767620069,36.36461136602592,3587000
2015-07-08,33.55160140991211,36.00659825297564,33.55160140991211,35.802014532368695,12813000
2015-07-09,33.70503616333008,33.70503616333008,32.63097468459243,33.24472382229184,8137000
2015-07-10,33.70503616333008,33.70503616333008,33.70503616333008,33.70503616333008,0
2015-07-13,34.57451248168945,34.727951231566294,34.2164939347895,34.727951231566294,5681000
2015-07-14,34.881385803222656,35.39284309595091,34.574512208007604,34.7790959055208,9208000
2015-07-15,34.47221755981445,35.23940339318372,33.75617666824801,35.23940339318372,8200000
2015-07-16,34.26763916015625,34.83024141072198,34.11420040904308,34.72795151138622,3852000
2015-07-17,33.75617599487305,34.36992308848174,33.2958637236121,34.26763320691658,7709000
2015-07-20,34.165348052978516,34.26763794869804,33.756180665881644,34.21649300083828,3372000
2015-07-21,33.75617599487305,34.318778147699156,33.398157507286115,34.11419448245998,7657000
2015-07-22,34.11419677734375,34.11419677734375,33.50044964244789,33.653888377226416,7750000
2015-07-23,33.60274124145508,34.1141985139406,33.5004513478017,33.85846987769784,6378000
2015-07-24,33.244720458984375,33.807322640176146,32.83555310787633,33.75617769681491,5489000
2015-07-27,32.4263916015625,33.244722450696244,32.11951606984637,33.14243255784551,11849000
2015-07-28,33.142433166503906,33.60274159489503,32.42639219707086,32.42639219707086,9457000
2015-07-29,33.79655838012695,33.79655838012695,33.03340945590706,33.524005489964644,6792000
2015-07-30,33.524009704589844,33.7965626290174,33.25145678016228,33.30596653328228,6367000
2015-07-31,33.2514533996582,33.6875376185251,33.03341025051796,33.6875376185251,6703000
2015-08-03,33.3604736328125,33.3604736328125,32.16124051958919,32.97889917686688,7713000
2015-08-04,33.79655838012695,33.79655838012695,33.08792128158765,33.79655838012695,4629000
2015-08-05,33.3604736328125,33.79655783414457,33.14243049243972,33.79655783414457,4998000
2015-08-06,32.37928771972656,33.25145623174453,31.943201384303826,33.14243464788884,5341000
2015-08-07,31.834182739257812,32.324776760731844,31.834182739257816,32.10673566654799,3739000
2015-08-10,32.052223205566406,32.48830746480541,31.834182115653793,31.834182115653793,3893000
2015-08-11,31.6706485748291,32.869881842596676,31.6706485748291,32.59732892171376,7661000
2015-08-12,31.071033477783203,31.18005506376345,30.36239628803231,30.798480552539495,9259000
2015-08-13,32.59732437133789,32.59732437133789,30.58043262246663,30.58043262246663,7841000
2015-08-14,31.7796688079834,31.997711967185342,31.452606148594153,31.997711967185342,4443000
2015-08-17,31.616134643554688,31.834177783206663,31.452603328522443,31.616134643554684,6446000
2015-08-18,31.50711441040039,31.834179133753896,31.343583088430425,31.507114410400387,6160000
2015-08-19,30.25337028503418,31.39809157216197,30.089838969646426,31.125538686711213,6445000
2015-08-20,29.926305770874023,30.525921249364046,29.27217847107641,29.98081551276826,8297000
2015-08-21,29.54473114013672,29.980815310589904,28.945113586276914,29.653752702603356,8097000
2015-08-24,29.21767234802246,29.926311607331918,28.400013583662727,28.890609674044075,10547000
2015-08-25,30.0898380279541,30.58043195876373,28.23647763312636,29.16315783054023,8609000
2015-08-26,30.416900634765625,30.798475078165406,28.999626507181794,30.035326191365847,6057000
2015-08-27,30.525924682617188,30.798477581569127,30.1988620356403,30.798477581569127,9132000
2015-08-28,31.94319725036621,32.324771704772665,31.07102885122016,31.72515619028644,6820000
2015-08-31,32.59732437133789,32.59732437133789,31.180050212354562,31.943197036648094,7310000
2015-09-01,32.59732437133789,32.924389078389524,32.21574991948439,32.43379305751881,6432000
2015-09-02,32.43379592895508,32.59732725725195,31.888690115023056,32.32477435028594,4965000
2015-09-03,32.16124725341797,32.433800196243546,31.943204067391935,32.433800196243546,3111000
2015-09-04,32.16124725341797,32.488309953043085,31.943204067391935,31.943204067391935,3059000
2015-09-07,31.997709274291992,32.488303222087985,31.943197449372327,32.16124059022399,3250000
2015-09-08,31.94319725036621,32.43379327451929,31.670644365706384,32.43379327451929,3197000
2015-09-09,33.142433166503906,33.52400765323648,32.43379602223692,32.70634892998681,6280000
2015-09-10,34.06911087036133,34.06911087036133,32.651836689919705,33.142430638804804,5115000
2015-09-11,33.524009704589844,33.90558421467118,33.524009704589844,33.7965626290174,4211000
2015-09-14,33.524009704589844,33.7965626290174,33.30596653328228,33.7965626290174,4279000
2015-09-15,33.2514533996582,33.79655919309522,33.2514533996582,33.79655919309522,2378000
2015-09-16,33.57851028442383,33.79655339616438,33.30595743445476,33.5240005461953,4011000
2015-09-17,33.74205017089844,34.17813439914021,33.41498544015689,33.79655991964855,5883000
2015-09-18,34.28715133666992,34.28715133666992,33.41498091878587,33.796555346646805,4913000
2015-09-21,32.7608642578125,33.796566315371756,32.7608642578125,33.796566315371756,4805000
2015-09-22,33.033409118652344,33.19694251461096,32.8153680563967,33.08792094377638,2835000
2015-09-23,31.6706485748291,32.6518407535386,31.34358590153511,32.6518407535386,6454000
2015-09-24,31.343584060668945,32.05222119746221,31.234562482836065,31.88868987041971,3385000
2015-09-25,31.12554359436035,31.56162994337128,30.962012253188163,31.507118110038004,3215000
2015-09-29,31.12554359436035,31.12554359436035,31.12554359436035,31.12554359436035,0
2015-09-30,31.12554359436035,31.343586768865816,30.30788480908559,30.362396642418865,8927000
2015-10-01,31.071033477783203,31.289076649743695,30.798480552539495,31.18005506376345,9380000
2015-10-02,31.071033477783203,31.34358640302692,31.016523724499983,31.34358640302692,8535000
2015-10-05,31.1800537109375,31.398094794023926,31.071032129687435,31.234563461855682,5201000
2015-10-06,31.12554359436035,31.834182871796198,31.12554359436035,31.507118110038004,6887000
2015-10-07,31.1800537109375,31.452606624355813,31.016522378769256,31.016522378769256,9069000
2015-10-08,31.398094177246094,31.56162758561563,31.016521769486957,31.180053098442826,12222000
2015-10-12,31.94319725036621,32.052218820112834,31.507113050793183,31.72515619028644,13256000
2015-10-13,31.725162506103516,31.94320360959071,31.561631158634643,31.94320360959071,7751000
2015-10-14,31.888687133789062,31.997708702265903,31.616134252303684,31.888687133789062,6787000
2015-10-15,31.888687133789062,32.16124001527444,31.670643996835373,32.052218446797596,6732000
2015-10-16,31.725162506103516,32.215756548510136,31.507119323202417,32.215756548510136,7222000
2015-10-19,31.289073944091797,31.83417974744243,31.234562116108563,31.779667919459197,4665000
2015-10-20,30.63494110107422,31.234556546065342,30.47140980511421,31.18004680721642,7417000
2015-10-21,30.798479080200195,30.96201041164595,30.634947748754435,30.74396932952284,4589000
2015-10-22,31.50711441040039,31.507114410400387,30.798477295588157,30.798477295588157,6264000
2015-10-23,30.96200942993164,31.997711295271866,30.962009429931637,31.88868971796022,9427000
2015-10-26,31.289073944091797,31.61613659433673,31.18005236753895,31.343583692661415,6126000
2015-10-27,31.12554359436035,31.56162994337128,30.907502499268706,31.56162994337128,3516000
2015-10-28,30.96200942993164,31.125540756192297,30.743968354721968,31.125540756192297,4317000
2015-10-29,30.307880401611328,31.125539067979403,30.307880401611328,31.07102932198694,6921000
2015-10-30,30.25337028503418,30.52592317048494,30.253370285034183,30.471413425160186,5746000
2015-11-02,30.416900634765625,30.47141245777327,30.198859580975345,30.253369324569558,4425000
2015-11-03,31.071033477783203,31.18005506376345,30.634949213276027,30.634949213276027,6662000
2015-11-04,31.343584060668945,31.507115387711448,30.962009577960682,31.343584060668945,9516000
2015-11-05,31.12554359436035,31.343586768865816,31.12554359436035,31.343586768865816,3964000
2015-11-06,30.525924682617188,31.125540228546015,30.3078815316902,31.071030480521067,6060000
2015-11-09,30.471410751342773,30.798473353419066,30.2533676303497,30.471410751342773,3059000
2015-11-10,30.0898380279541,30.307879081842792,29.926306717684223,30.307879081842792,5694000
2015-11-11,29.16315460205078,30.089834696877087,28.89060175530264,30.03532287987954,7476000
2015-11-12,29.54473114013672,29.708262444129996,29.326688015203455,29.43570957767009,5578000
2015-11-13,29.054136276245117,29.435710719979387,28.618052088868847,29.435710719979387,9817000
2015-11-16,28.89060401916504,29.16315688727037,28.509029587934908,29.10864714541465,6410000
2015-11-17,29.38120460510254,29.653757515801402,29.32669277531456,29.54473593563912,4633000
2015-11-18,28.672565460205078,29.490224194766977,28.672565460205078,29.435714444228328,5734000
2015-11-19,29.32669448852539,29.326694488525387,28.7815886352836,28.890610221814722,6329000
2015-11-20,28.781583786010742,29.381201371198262,28.781583786010742,29.32668954741024,3752000
2015-11-23,29.21767234802246,29.272184179961375,28.836099921518933,29.10865284297218,4377000
2015-11-24,28.672565460205078,29.217671283246343,28.672565460205078,29.217671283246343,3006000
2015-11-25,28.345504760742188,28.781589033486224,28.072951830350437,28.61805769113394,5020000
2015-11-26,28.40001106262207,29.10865025902633,28.345501314935706,28.781585534667386,4525000
2015-11-27,28.40001106262207,28.618054212194703,28.345501314935706,28.563544464508336,4251000
2015-11-30,27.80039405822754,27.963925372099126,27.52784117530374,27.963925372099126,12047000
2015-12-01,28.672565460205078,28.672565460205078,27.74588722456588,28.072949886625164,7491000
2015-12-02,30.035327911376953,30.307880803782968,28.945116341752914,28.945116341752914,13912000
2015-12-03,29.980823516845703,30.253376457907937,29.381207878274356,29.76278033223035,9434000
2015-12-04,30.852985382080078,31.289071656407252,29.599242541923115,29.708264110504906,13491000
2015-12-07,30.6894588470459,31.125543109854842,30.58043726149021,31.071033356783893,8047000
2015-12-08,30.035327911376953,30.471414202757412,29.980818164661173,30.1988613103514,7208000
2015-12-09,29.16315460205078,29.8717915877133,29.163154602050778,29.81728185012895,9427000
2015-12-10,29.980823516845703,29.980823516845703,28.89061175259677,29.054143101351325,9912000
2015-12-11,28.618051528930664,29.81728458031139,28.618051528930668,29.54473170860729,11149000
2015-12-14,28.127458572387695,28.345501725115568,27.9639272475486,28.29099197664041,4981000
2015-12-15,28.40001106262207,28.72707578698102,28.181969992463024,28.672563959881067,6463000
2015-12-16,28.236482620239258,28.890610056263842,28.127461034332864,28.890610056263842,7040000
2015-12-17,29.16315460205078,29.544729003380812,28.400005799390712,28.45451761638826,7145000
2015-12-18,29.054136276245117,29.490220463621384,28.618052088868847,28.890604965905695,4224000
2015-12-21,29.32669448852539,29.326694488525387,28.672567048752484,28.672567048752484,2825000
2015-12-22,28.836097717285156,29.381203518523716,28.6725643133827,29.27218194239328,3878000
2015-12-23,29.16315460205078,29.217664339635128,28.89060175530264,29.054133047468884,2001000
2015-12-24,28.89060401916504,29.435709755375704,28.890604019165043,29.435709755375704,1693000
2015-12-25,29.108652114868164,29.163161866029835,28.83609920023237,28.890608951394043,1215000
2015-12-28,28.94511604309082,29.272180758251434,28.945116043090817,29.217668932684568,1687000
2015-12-29,28.94511604309082,29.217668932684568,28.618053407343726,28.945116043090817,2326000
2015-12-30,28.727079391479492,29.10865391140245,28.618057803013816,28.945120488997006,3409000
2015-12-31,28.89060401916504,28.999625582289845,28.727072714184516,28.890604019165043,2047000
2016-01-04,27.582355499267578,28.890610386259972,27.527845745398654,28.890610386259972,5645000
2016-01-05,27.473331451416016,28.072946962539824,27.473331451416012,27.63686276541219,4586000
2016-01-06,27.1190128326416,27.745885317824868,27.119012832641605,27.691373491618666,11475000
2016-01-07,26.573909759521484,27.119015600742436,26.16508037860577,26.9827391404372,9132000
2016-01-08,27.418821334838867,27.58235265902009,26.7919509122419,27.228035136529705,8562000
2016-01-11,27.36431312561035,27.52784445898893,26.192334757472068,27.146269961496436,6594000
2016-01-12,27.473331451416016,27.800394079408367,26.846458988448276,27.364309882280736,5746000
2016-01-13,27.636865615844727,27.691375366327698,27.173524419084725,27.527844035465098,3015000
2016-01-14,27.636865615844727,27.636865615844727,26.846461757359528,26.98273821298064,5034000
2016-01-15,27.20077896118164,27.5278415938982,26.76469267834156,27.41882002318818,9238000
2016-01-18,26.87371826171875,27.200783022684707,26.60116533395403,26.655677167155265,5718000
2016-01-19,26.84646224975586,27.146270041738408,26.84646224975586,26.900972001238603,4101000
2016-01-20,26.464885711669922,26.737438606907332,25.81075834721742,26.710183733266305,8148000
2016-01-21,26.001548767089844,26.682931061408688,26.001548767089844,26.655676185518683,4827000
2016-01-22,26.492143630981445,26.682931927229756,26.165080950861203,26.43763387743267,3198000
2016-01-25,27.80039405822754,27.800394058227543,26.737437398942028,26.95548053704646,5515000
2016-01-26,27.22803497314453,27.47333299765123,26.819205625437895,27.309799595037703,4925000
2016-01-27,27.20077896118164,27.41882002318818,27.11901226329575,27.30979845247816,2466000
2016-01-28,27.909414291381836,28.181967161259756,27.25528698779215,27.364308551625992,7966000
2016-01-29,28.727079391479492,28.89061073447109,27.473336322658803,27.582355831710636,9268000
2016-02-01,29.272184371948242,29.272184371948242,29.054141201590063,29.108653033886497,5244000
2016-02-02,29.65375518798828,29.653755187988285,29.05413758387243,29.272180727080652,4875000
2016-02-03,28.672565460205078,29.272183113198686,28.509034129175436,28.890608621187063,5177000
2016-02-15,29.38120460510254,29.43571435547684,28.181971382144823,28.50903404321798,5667000
2016-02-16,29.435712814331055,29.43571281433105,28.836097273952703,28.89060702147307,4967000
2016-02-17,29.70826530456543,29.708265304565433,29.163159519160562,29.490222158638066,3950000
2016-02-18,30.144350051879883,30.19886187903574,29.762775579443208,29.980818729239473,3880000
2016-02-19,30.416900634765625,30.41690063476563,29.817285137575567,30.144347757967704,3696000
2016-02-22,30.6894588470459,30.79848043260158,30.253374584236948,30.63494909397495,3176000
2016-02-23,30.035327911376953,30.798476841879204,29.871796591816057,30.798476841879204,3941000
2016-02-24,30.307880401611328,30.36239222701731,29.871796195431056,30.03532751282197,2927000
2016-02-25,30.25337028503418,30.362391855097183,29.871795829520423,30.362391855097183,3261000
2016-02-26,30.63494110107422,30.634941101074222,30.253366690892033,30.47140980511421,4793000
2016-03-01,30.798479080200195,31.016522241737,29.92631059288036,29.92631059288036,5645000
2016-03-02,30.907499313354492,31.289073789699827,30.907499313354492,31.071030637670034,4344000
2016-03-03,31.343584060668945,31.398093809878567,30.907499828751064,31.071031155793563,7277000
2016-03-04,31.016515731811523,31.343578326057248,30.79847261603886,31.343578326057248,4295000
2016-03-07,31.016515731811523,31.507109623180114,30.852982355275394,31.289068586820715,7217000
2016-03-08,31.1800537109375,31.1800537109375,30.68945763501906,31.125541880605613,6478000
2016-03-09,31.1800537109375,31.1800537109375,30.852988967187304,31.125541880605613,3789000
2016-03-10,31.12554359436035,31.289077014946358,30.85299066593543,31.180055427693627,2734000
2016-03-11,31.289073944091797,31.289073944091797,30.90749946586363,31.125540539555715,5746000
2016-03-14,31.452608108520508,31.50711786201086,31.234564935731502,31.343586522126007,4338000
2016-03-15,31.452608108520508,31.725161034799864,31.289076768635656,31.616139448405363,4911000
2016-03-16,31.50711441040039,31.670645732370353,31.343583088430425,31.670645732370353,3211000
2016-03-17,32.16124725341797,32.16124725341797,31.61614136776682,31.725162960779834,5759000
2016-03-18,32.488304138183594,32.651837538140356,32.21575124414039,32.21575124414039,8464000
2016-03-21,32.270263671875,32.70634789458677,31.943198945280976,32.70634789458677,8585000
2016-03-22,32.215755462646484,32.488308392379246,31.888692778732707,32.433798638198226,4881000
2016-03-23,31.616134643554688,32.10673066806489,31.343581758696455,31.834177783206663,4490000
2016-03-24,31.452608108520508,32.106735547473725,31.289076768635656,31.616139448405363,4731000
2016-03-25,30.852985382080078,31.72515585132096,30.68945406891412,31.507112714157373,4006000
2016-03-28,30.74396514892578,30.907496458134375,30.634943582982245,30.79847489219084,3221000
2016-03-29,30.25337028503418,31.18005051144946,30.253370285034183,30.798476055935698,4080000
2016-03-30,31.016515731811523,31.23455676817092,30.471410021793133,30.52591976102967,5813000
2016-03-31,30.63494110107422,31.34357810317643,30.36238824800312,31.234556546065342,8347000
2016-04-01,30.525924682617188,30.90749915703262,30.3078815316902,30.3078815316902,7540000
2016-04-06,30.0898380279541,30.253369338223976,29.762773328000918,29.98081646130304,8101000
2016-04-07,29.980823516845703,30.14435486560026,29.599248983475793,29.980823516845703,5684000
2016-04-08,30.25337028503418,30.852985801260452,30.089838969646426,30.14434871497118,8074000
2016-04-11,30.25337028503418,30.52592317048494,30.089838969646426,30.52592317048494,6659000
2016-04-12,30.25337028503418,30.580432915809695,30.14434871497118,30.471413425160186,6154000
2016-04-13,30.525924682617188,30.852987329594075,30.3078815316902,30.47141493459224,4300000
2016-04-14,30.471410751342773,31.016516474412136,30.41689893138785,31.016516474412136,5167000
2016-04-15,30.144350051879883,30.525924524316554,29.9263089814972,30.41690294941842,4664000
2016-04-18,30.144350051879883,30.36239320167615,30.035328476981746,30.144350051879883,4346000
2016-04-19,30.525924682617188,30.798477581569127,30.3078815316902,30.3078815316902,6585000
2016-04-20,29.70826530456543,30.743967128600104,29.490222158638066,30.743967128600104,6127000
2016-04-21,29.817291259765625,30.144353947311412,29.708269670779078,29.762779425565427,3504000
2016-04-22,29.54473114013672,29.87179374812327,29.544731140136722,29.87179374812327,2294000
2016-04-25,29.70826530456543,29.871796624304185,29.490222158638066,29.54473398482668,1600000
2016-04-26,29.926305770874023,30.144346817864324,29.7627723863646,29.7627723863646,3923000
2016-04-27,30.25337028503418,30.416901600421937,29.81728608419567,29.980817399583422,4310000
2016-04-28,29.435712814331055,30.362393078072337,29.272181492356374,30.307881251138394,7451000
2016-04-29,28.345504760742188,29.435716482309196,28.34550476074219,29.435716482309196,6359000
2016-05-03,28.618051528930664,28.78158283607045,28.072945785522464,28.2909889146511,5701000
2016-05-04,27.909414291381836,28.56354159497152,27.473330115459834,28.56354159497152,8242000
2016-05-05,27.691375732421875,27.800397314242826,27.22803660894998,27.800397314242826,6403000
2016-05-06,27.80039405822754,28.01843719633197,27.364309861432158,27.52784117530374,4481000
2016-05-09,27.582355499267578,28.018441847874257,27.418824158246984,27.909420260722587,2788000
2016-05-10,28.018444061279297,28.236485173393657,27.52784792004751,27.52784792004751,3712000
2016-05-11,29.054136276245117,29.10864809930054,28.18196790149258,28.345499211832,8920000
2016-05-12,29.65375518798828,29.653755187988285,28.672563122964796,28.672563122964796,7026000
2016-05-13,29.65375518798828,29.980817823387095,29.16315915547654,29.16315915547654,10616000
2016-05-16,29.817291259765625,29.871801014551973,29.163163805260197,29.653759915992733,4159000
2016-05-17,30.19886016845703,30.19886016845703,29.163158384711245,29.762773893566088,5701000
2016-05-18,30.471410751342773,30.525920491884385,29.54473060624219,29.817283467776875,8453000
2016-05-19,30.035327911376953,30.307880803782968,29.762775018970945,30.253371057067184,4262000
2016-05-20,29.817291259765625,30.416906880070854,29.762779425565427,30.089844192525067,3138000
2016-05-23,30.6894588470459,30.743970679530634,29.272184473063373,29.70826873587232,6924000
2016-05-24,31.12554359436035,31.180055427693627,30.362396642418865,30.58043773751051,4289000
2016-05-25,31.016515731811523,31.23455676817092,30.68945105815253,31.23455676817092,4606000
2016-05-26,31.234560012817383,31.28907183712987,30.798475815384897,31.18005026791838,2234000
2016-05-27,31.1800537109375,31.561628205605878,30.852988967187304,31.398094794023926,2326000
2016-05-30,31.561628341674805,31.779669425701254,30.96201068192122,31.343585178234644,3853000
2016-05-31,31.616134643554688,31.834177783206663,31.343581758696455,31.343581758696455,9375000
2016-06-01,31.616134643554688,31.943197273619166,31.343581758696455,31.343581758696455,7759000
2016-06-02,31.616134643554688,31.888687528412916,31.180050443664214,31.180050443664214,7387000
2016-06-03,31.616134643554688,31.834177783206663,31.452603328522443,31.834177783206663,2383000
2016-06-06,31.343584060668945,31.83418012121009,31.071031155793563,31.72515854337721,3313000
2016-06-07,31.616134643554688,31.779665958586925,31.398091503902705,31.616134643554684,5160000
2016-06-08,31.616134643554688,31.834177783206663,31.561624898348434,31.616134643554684,7147000
2016-06-13,31.616134643554688,31.670644388760934,31.452603328522443,31.616134643554684,7108000
2016-06-14,31.616134643554688,31.616134643554684,31.398091503902705,31.561624898348434,4352000
2016-06-15,31.616134643554688,31.943197273619166,31.507113073728693,31.616134643554684,6302000
2016-06-16,31.888687133789062,32.379283152228126,31.616134252303684,31.997708702265903,7086000
2016-06-17,32.10673522949219,32.32477632070793,31.725160720597398,32.16124498244268,4897000
2016-06-20,32.215755462646484,32.59732998015511,32.052224120689594,32.59732998015511,7292000
2016-06-21,32.215755462646484,32.37928888401721,32.106735954284446,32.324777050422355,6521000
2016-06-22,32.37928771972656,32.37928771972656,32.05222296815951,32.1612445520152,7911000
2016-06-23,32.81536865234375,32.81536865234375,32.324772614385395,32.433794187199865,7560000
2016-06-24,32.270263671875,32.86987921817699,31.61613629810055,32.86987921817699,9147000
2016-06-27,32.215755462646484,32.37928888401721,31.888692778732707,32.161245708465465,4062000
2016-06-28,32.324771881103516,32.324771881103516,31.83417793368774,31.888687679151662,5529000
2016-06-29,32.7608642578125,32.815376096292155,32.488311303656275,32.7608642578125,6350000
2016-06-30,33.2514533996582,33.2514533996582,32.379284961924405,32.978900502939695,11741000
2016-07-01,33.851070404052734,33.851070404052734,33.14243325783299,33.30596458705083,7539000
2016-07-04,33.90557861328125,34.23264123679624,33.36047285448063,33.79655704563844,5853000
2016-07-05,33.524009704589844,33.90558421467118,33.46949995146984,33.7965626290174,3978000
2016-07-06,32.43379592895508,33.469497807191374,32.43379592895508,33.2514546498531,6394000
2016-07-07,33.57851028442383,33.79655339616438,32.8698732903869,32.8698732903869,7230000
2016-07-08,33.57851028442383,33.57851028442383,33.57851028442383,33.57851028442383,0
2016-07-11,34.232643127441406,34.61421759555862,33.90558048586297,34.232643127441406,7477000
2016-07-12,33.96009063720703,34.23264353490438,32.978900621379296,32.978900621379296,6954000
2016-07-13,35.64992141723633,35.64992141723633,34.287156868862056,34.614219528706414,12525000
2016-07-14,34.777748107910156,35.431875455274856,34.39617364866295,35.431875455274856,8402000
2016-07-15,35.10481643676758,35.322859601483394,34.83226352057967,34.88677327205176,6977000
2016-07-18,36.24953842163086,36.52209134209425,35.59541307604973,35.59541307604973,11488000
2016-07-19,36.358551025390625,36.46757466817969,35.86795918873344,36.249531541428304,8319000
2016-07-20,36.195030212402344,36.358559476355595,35.70443410288721,35.81345361218938,10293000
2016-07-21,37.06719207763672,37.61229784348432,36.30404317368469,36.413066822150384,11289000
2016-07-22,35.86796569824219,36.84915370845451,35.813451787540814,36.74013420470675,9436000
2016-07-25,35.43186950683594,36.46757113957025,34.723232532581854,36.085994664970066,8679000
2016-07-26,35.26834487915039,35.43187828862885,34.832262718586755,35.26834487915039,11122000
2016-07-27,35.32285690307617,35.70442929305892,35.1593235023252,35.43187639769206,5616000
2016-07-28,35.43186950683594,35.48637924354273,34.941273558822175,35.15931666447566,6911000
2016-07-29,35.37736892700195,35.758941341539796,35.21383551572722,35.48638842863351,11229000
2016-08-01,34.97206497192383,35.37736858344088,34.79836089985763,35.20366672011371,12266000
2016-08-02,35.02996063232422,35.2036624747037,34.798356703325744,34.798356703325744,5670000
2016-08-03,34.04564666748047,34.740456233906336,34.04564666748047,34.740456233906336,7269000
2016-08-04,34.04564666748047,34.27725059253533,33.87194482805868,34.1614486300079,6498000
2016-08-05,34.04564666748047,34.27725059253533,33.929844704953034,34.10354875311354,6373000
2016-08-08,34.21935272216797,34.27725481493364,34.045650861348946,34.21935272216797,6065000
2016-08-09,34.3930549621582,34.50885472405149,34.27725299152604,34.27725299152604,5548000
2016-08-10,34.16144943237305,34.566755206369294,33.98774758887145,34.50885311937625,9756000
2016-08-11,34.16144943237305,34.50885311937625,33.64034169312947,34.45095324112197,5592000
2016-08-12,34.16144943237305,34.27725139762037,33.98774758887145,34.16144943237305,6085000
2016-08-15,35.08785629272461,35.20365824330472,34.33514692706165,34.45094887764176,12124000
2016-08-16,35.724769592285156,35.84057155478018,35.20366186542688,35.26156395104376,11697000
2016-08-17,35.898475646972656,36.07217750674247,35.72477378720284,35.78267367087978,7264000
2016-08-18,35.840572357177734,36.07217407861416,35.55106854882812,36.07217407861416,3384000
2016-08-19,35.4931640625,36.0142717657968,35.20366027372147,36.0142717657968,3189000
2016-08-22,34.68256378173828,35.435273386196044,34.62466168370972,35.08786742424225,5164000
2016-08-23,35.31946563720703,35.49316748547832,34.62465603538306,34.7404580038102,7812000
2016-08-24,35.02996063232422,35.2036624747037,34.682556947565274,34.85625878994475,3812000
2016-08-25,36.014278411865234,36.13008039049445,35.08786479157057,35.14576688525469,5946000
2016-08-26,35.608970642089844,35.95637435022442,35.435268788022555,35.66687052386597,2474000
2016-08-29,35.37736511230469,35.55106916732749,34.50885367214593,35.37736511230469,4165000
2016-08-30,34.97206497192383,35.49317056190534,34.79836089985763,35.49317056190534,4137000
2016-08-31,34.16144943237305,34.798356928125166,33.98774758887145,34.7404570498709,11926000
2016-09-01,34.16144943237305,34.21934931062732,33.29293800612627,33.98774758887145,7049000
2016-09-02,34.68256378173828,34.74046367102765,34.16145594317719,34.16145594317719,5234000
2016-09-05,35.02996063232422,35.608968246081645,34.914158667824985,35.26156456132269,2880000
2016-09-06,35.840572357177734,35.898472235352145,35.20366265356532,35.20366265356532,9952000
2016-09-07,35.898475646972656,36.07217750674247,35.66687169478691,35.898475646972656,4421000
2016-09-08,36.245872497558594,36.59327836000033,36.13007275214991,36.187972624854254,9049000
2016-09-09,35.840572357177734,36.01427420043975,35.66686830517695,35.66686830517695,4019000
2016-09-12,34.56675720214844,34.79835893727629,34.335153258281686,34.39305534861782,4901000
2016-09-13,34.798362731933594,35.26157067017854,34.56676097155026,34.740462844022545,5502000
2016-09-14,34.508853912353516,34.972061783986845,34.33515206486043,34.566756000677096,6738000
2016-09-19,36.419578552246094,37.40388969522138,35.377363115879135,35.60896703701373,19440000
2016-09-20,37.056488037109375,37.69339554175167,36.47748041152954,36.59328237839327,15907000
2016-09-21,38.09870147705078,39.54622046299531,37.80919767986188,37.80919767986188,20783000
2016-09-22,37.9828987121582,39.37251787354348,37.867098955991736,38.96721430948331,11953000
2016-09-23,38.677711486816406,38.735611366374506,38.098703856280096,38.50400743066445,7393000
2016-09-26,38.214500427246094,38.67770826002181,38.214500427246094,38.67770826002181,3986000
2016-09-27,38.214500427246094,38.214500427246094,38.214500427246094,38.214500427246094,0
2016-09-28,38.214500427246094,38.214500427246094,38.214500427246094,38.214500427246094,0
2016-09-29,39.08301544189453,39.37251925998264,38.50400780571832,38.793511623806424,12743000
2016-09-30,37.92499542236328,38.793506767913584,37.34598785866308,38.561902858938076,8833000
2016-10-03,38.272403717041016,38.61980741388318,38.156603957252855,38.3303035969351,3807000
2016-10-04,38.09870147705078,38.5040050261243,37.92499743174649,38.2145012289354,6992000
2016-10-05,38.44611358642578,38.50401347507308,38.09870983706365,38.09870983706365,5851000
2016-10-06,38.388206481933594,38.619805992988944,38.098702675636886,38.33030218669224,5017000
2016-10-07,38.677711486816406,38.90931100504881,38.50400743066445,38.61980718978065,8923000
2016-10-11,38.44611358642578,39.14092108515005,38.09870983706365,39.08302119650275,6786000
2016-10-12,38.272403717041016,38.44610777420094,37.92500002019885,38.214503837146935,3748000
2016-10-13,37.69339370727539,38.504005227131536,37.40388990857516,38.330301180920436,7231000
2016-10-14,37.230194091796875,37.635497684484804,36.99859014562755,37.635497684484804,4436000
2016-10-17,38.50401306152344,38.67771714307802,37.05649377349624,37.114393661521675,5794000
2016-10-18,38.214500427246094,38.67770826002181,37.867096761402955,38.67770826002181,3541000
2016-10-19,38.214500427246094,38.504004218361594,37.924996636130594,38.27240030197374,5326000
2016-10-20,37.635494232177734,38.2145018357497,37.635494232177734,38.04079778768713,2745000
2016-10-21,38.1566047668457,38.21450464796828,37.403893059818856,37.635497001786945,4672000
2016-10-24,37.809200286865234,38.27240374381966,37.69339610951837,38.156603983950475,3331000
2016-10-25,38.33030700683594,38.388211309358915,37.86710350899858,38.040803164133315,5299000
2016-10-26,38.50401306152344,38.50401306152344,38.09870942786714,38.50401306152344,4585000
2016-10-27,37.34599304199219,38.44610844920534,37.34599304199219,38.44610844920534,5644000
2016-10-28,37.577598571777344,37.69339833849428,37.172290553312195,37.46179438758247,2952000
2016-10-31,37.056488037109375,37.57759578362675,36.709084345257,37.056488037109375,4309000
2016-11-01,37.51969528198242,37.693394916287524,36.88278557916986,36.88278557916986,2838000
2016-11-02,36.9406852722168,37.28809116530298,36.88278539440515,37.11438711439051,2528000
2016-11-03,36.419578552246094,37.23019006747847,36.419578552246094,36.94068406169089,3450000
2016-11-04,36.014278411865234,36.47748411764306,35.60897259103251,36.419584232697964,3790000
2016-11-07,36.99858856201172,37.17228820109562,36.18797699385386,36.593282777932785,2620000
2016-11-08,37.056488037109375,37.867099596416665,36.998588158046914,37.75129542081413,3719000
2016-11-09,35.666866302490234,37.86709688939585,35.49316446898154,37.63549297222516,7716000
2016-11-10,36.30377197265625,36.65117560141839,36.13007015827518,36.36167184120381,4256000
2016-11-11,33.58244705200195,35.0299663214848,33.466645068695506,34.7983623548719,9961000
2016-11-14,33.40874099731445,33.75614469498599,33.29293902851099,33.58244284615022,9444000
2016-11-15,33.58244705200195,33.69824903530841,33.292943198105384,33.292943198105384,6632000
2016-11-16,33.756141662597656,34.161447412630835,33.5824398293659,33.69824178776662,7453000
2016-11-17,33.58244705200195,33.756148922592075,33.40874518141184,33.69824903530841,4891000
2016-11-18,33.98774337768555,34.16144519966495,33.582437653907924,33.640337524988226,5232000
2016-11-21,33.58244705200195,34.04565277648864,33.23504331082172,33.98775288920498,5974000
2016-11-22,34.04564666748047,34.62465427137891,33.69824298863689,33.69824298863689,8353000
2016-11-23,34.33515548706055,34.508857351866574,34.04565164280415,34.21935350761018,4846000
2016-11-24,33.871944427490234,34.39305214833172,33.8140445512806,34.33515006338339,1798000
2016-11-25,33.92985153198242,34.16145550363835,33.871951643438024,33.871951643438024,1693000
2016-11-28,34.21935272216797,34.39305679172598,33.9298488845566,33.9298488845566,4716000
2016-11-29,33.98774337768555,34.33514702164437,33.98774337768555,34.21934507074526,6849000
2016-11-30,34.3930549621582,34.3930549621582,33.92984707962956,33.92984707962956,10593000
2016-12-01,34.16144943237305,34.335151275874644,34.04564746712572,34.16144943237305,5876000
2016-12-02,34.16144943237305,34.335151275874644,33.9298455018784,34.335151275874644,4480000
2016-12-05,34.04564666748047,34.21934850690226,33.929844704953034,34.10354875311354,2503000
2016-12-06,33.98774337768555,34.39304910146317,33.929841297866744,34.39304910146317,2783000
2016-12-07,34.277252197265625,34.33515207687063,34.10355034971178,34.161450229316785,2685000
2016-12-08,34.277252197265625,34.45095404481947,34.161450229316785,34.45095404481947,4644000
2016-12-09,34.450950622558594,34.85625636574818,34.277248792259805,34.277248792259805,4962000
2016-12-12,35.20365905761719,35.31946101087597,34.624651500061844,34.79835332558074,6500000
2016-12-13,35.02996063232422,35.08786051020446,34.62465486094627,34.85625878994475,4982000
2016-12-14,35.31946563720703,35.60896945390545,35.26156575736288,35.60896945390545,7104000
2016-12-15,35.31946563720703,35.435267605634166,35.08786170035276,35.145763788935746,4382000
2016-12-16,34.450950622558594,35.31946198279116,34.3351486661132,35.31946198279116,7069000
2016-12-19,34.56675720214844,34.740459055679054,34.335153258281686,34.740459055679054,2586000
2016-12-20,34.3930549621582,34.798358546262456,34.04564905026172,34.50885472405149,4118000
2016-12-21,34.16144943237305,34.566755206369294,34.16144943237305,34.335151275874644,3023000
2016-12-22,34.10354995727539,34.45095364838544,33.87194602404283,34.10354995727539,5000000
2016-12-23,33.81404495239258,34.10354875435231,33.7561428667574,33.871944829289035,4265000
2016-12-26,34.16144943237305,34.16144943237305,33.87194562362412,33.87194562362412,1441000
2016-12-27,34.21935272216797,34.27725481493364,33.9298488845566,34.161452838141294,1156000
2016-12-28,34.798362731933594,34.798362731933594,34.161455129955506,34.27725711451674,2727000
2016-12-29,34.56675720214844,34.79835893727629,34.5088551118123,34.740459055679054,3691000
2016-12-30,34.914161682128906,34.914161682128906,34.508855875759,34.8562617992499,3176000
2017-01-03,34.740455627441406,35.20366126072622,34.682555751557814,34.97205954845316,3449000
2017-01-04,34.740455627441406,35.087859300220344,34.682555751557814,34.798355503325,3250000
2017-01-05,34.740455627441406,35.14576138484263,34.682555751557814,34.914157463830875,9542000
2017-01-06,34.97206497192383,35.087864741649256,34.740461014994914,35.02996485678654,7894000
2017-01-09,35.666866302490234,35.72476838615223,34.97205896845546,34.97205896845546,4435000
2017-01-10,35.608970642089844,35.72477261438101,35.261566933955265,35.66687052386597,4979000
2017-01-11,36.477481842041016,36.7669856661842,36.187978017897834,36.187978017897834,6829000
2017-01-12,36.76698303222656,36.82488290941174,36.4774792288232,36.65118106911747,7304000
2017-01-13,37.056488037109375,37.056488037109375,36.47748041152954,36.76698422431946,5772000
2017-01-16,36.76698303222656,37.05648683562992,36.4774792288232,37.05648683562992,3554000
2017-01-17,36.824886322021484,36.998590387151864,36.65118446563004,36.88278841331125,5305000
2017-01-18,36.76698303222656,37.172286590000276,36.53537910600838,36.76698303222656,5389000
2017-01-19,37.056488037109375,37.114387916171836,36.30377856560335,36.535380290592,4947000
2017-01-20,36.65118408203125,36.9406879092333,36.477482227457806,36.59328420008641,2782000
2017-01-23,36.76698303222656,36.82488290941174,36.709083155041384,36.76698303222656,3975000
2017-01-24,36.824886322021484,37.0564902697027,36.709086556919814,36.709086556919814,6520000
2017-02-02,36.65118408203125,37.0564898818619,35.782672600425116,37.0564898818619,9739000
2017-02-03,36.13007354736328,36.59327916540873,35.898469633971246,36.47747720871271,6297000
2017-02-06,36.18798065185547,36.36168251723656,35.89847680664062,36.13008076630812,5443000
2017-02-07,35.898475646972656,36.18797948283534,35.78267367087978,35.956375530649595,5725000
2017-02-08,35.37736511230469,35.89847285989547,35.2036632660207,35.782670892793206,8993000
2017-02-09,35.608970642089844,35.72477261438101,35.435268788022555,35.608970642089844,11475000
2017-02-10,36.70908737182617,36.824887139498486,35.724773885438594,35.724773885438594,10812000
2017-02-13,36.88278579711914,37.05648764118946,36.535379900239725,36.88278579711914,8020000
2017-02-14,36.99858856201172,37.11438832140098,36.82488450545015,36.882786593883615,8291000
2017-02-15,37.056488037109375,37.114387916171836,36.82488410338192,37.114387916171836,9129000
2017-02-16,37.11439514160156,37.28809923008326,36.940693261859096,37.11439514160156,8455000
2017-02-17,36.593284606933594,36.824886346026844,36.477482633017495,36.824886346026844,4135000
2017-02-20,36.419578552246094,36.8248821011236,36.419578552246094,36.59328038872769,4929000
2017-02-21,35.898475646972656,36.419583435021075,35.72477378720284,36.36168134260515,3940000
2017-02-22,35.840572357177734,36.361677886963776,35.782670270264546,36.361677886963776,4588000
2017-02-23,36.9406852722168,36.9406852722168,35.84057213262412,35.84057213262412,7298000
2017-02-24,36.88278579711914,37.17228739807715,36.13007633365524,36.6511818658662,7175000
2017-03-01,36.18798065185547,36.8248882278325,36.18798065185547,36.30378263168922,5892000
2017-03-02,37.11439514160156,37.34599912041767,36.361685523558045,36.361685523558045,10295000
2017-03-03,37.056488037109375,37.114387916171836,36.41958053246708,36.82488410338192,6213000
2017-03-06,37.056488037109375,37.114387916171836,36.709084345257,36.709084345257,1884000
2017-03-07,37.577598571777344,37.63549845513581,37.05649078659526,37.05649078659526,4817000
2017-03-08,36.99858856201172,37.57759619391338,36.882786593883615,37.57759619391338,3026000
2017-03-09,36.9406852722168,37.11438711439051,36.3037777813336,36.82488330785474,4694000
2017-03-10,37.230194091796875,37.34599385614261,36.593284344200704,36.8248860816311,3351000
2017-03-13,37.577598571777344,37.577598571777344,37.2301948541486,37.403894504224006,3139000
2017-03-14,38.214500427246094,38.214500427246094,37.461788803354885,37.57759297028745,5610000
2017-03-15,38.214500427246094,38.214500427246094,37.635492845015094,38.214500427246094,3329000
2017-03-16,38.33030700683594,38.67771515206154,38.040803164133315,38.156607351701204,5269000
2017-03-17,38.33030700683594,38.61981084953856,38.09870746665629,38.33030700683594,4745000
2017-03-20,38.040802001953125,38.09870630270708,37.86710235212507,37.92500223540109,2454000
2017-03-21,38.56190872192383,38.61980860360157,38.04080095186855,38.21450501437958,6517000
2017-03-22,37.577598571777344,38.27240600703483,37.46179438758247,38.214506123676365,6080000
2017-03-23,37.867103576660156,37.867103576660156,37.3459957753687,37.3459957753687,2640000
2017-03-24,37.867103576660156,38.04080323210526,37.63549961858861,37.867103576660156,2800000
2017-03-27,38.214500427246094,38.330300176701385,37.40388892862724,37.40388892862724,3603000
2017-03-28,38.214500427246094,38.446104343633955,37.635492845015094,38.446104343633955,5080000
2017-03-29,36.18798065185547,37.51970010683499,36.18798065185547,37.40389591826219,15361000
2017-03-30,35.840572357177734,36.419579973876964,35.782670270264546,36.419579973876964,8720000
2017-03-31,35.724769592285156,36.1300753566484,35.724769592285156,35.898471431658336,5860000
2017-04-05,36.477481842041016,36.477481842041016,35.782672222349596,35.782672222349596,8299000
2017-04-06,36.18798065185547,36.419584611522964,36.01427878647437,36.30378263168922,5573000
2017-04-07,36.18798065185547,36.18798065185547,35.31946911621094,35.89847680664062,8041000
2017-04-10,36.824886322021484,36.94068829586209,36.30378075284715,36.36168063539799,5833000
2017-04-11,36.535377502441406,36.766981418494304,36.2458737117446,36.59327958582395,6894000
2017-04-12,36.535377502441406,36.709081543850395,36.361675669771046,36.41957775315359,6316000
2017-04-13,36.76698303222656,36.88278499533565,36.53537910600838,36.53537910600838,4314000
2017-04-14,36.593284606933594,36.70908658084969,36.361680659101395,36.477482633017495,2197000
2017-04-17,36.824886322021484,36.824886322021484,36.13007889645571,36.41958272668776,1934000
2017-04-18,36.3616828918457,36.99859268312343,36.245880910818926,36.99859268312343,6823000
2017-04-19,36.13007354736328,36.419577334734015,35.898469633971246,35.956369507949944,6520000
2017-04-20,35.840572357177734,36.24587592187618,35.724770392090136,35.95637211352656,3708000
2017-04-21,35.898475646972656,36.18797948283534,35.84057576329571,35.84057576329571,2290000
2017-04-24,36.70908737182617,36.70908737182617,36.41958353516741,36.41958353516741,2356000
2017-04-25,37.17228317260742,37.17228317260742,36.70907978023262,36.94068147642002,6208000
2017-04-26,35.95637130737305,36.94068467544086,35.95637130737305,36.882784798564586,8094000
2017-04-27,35.898475646972656,36.24587936651228,35.84057576329571,35.956375530649595,4956000
2017-04-28,36.18798065185547,36.18798065185547,35.89847680664062,35.89847680664062,3090000
2017-05-02,36.3616828918457,36.82488860721373,36.0721790436483,36.3616828918457,5325000
2017-05-03,36.76698303222656,36.76698303222656,36.41957935163802,36.59328119193229,2279000
2017-05-04,36.477481842041016,36.824885547517276,36.41958196070794,36.824885547517276,2780000
2017-05-05,36.535377502441406,36.766981418494304,36.41957775315359,36.41957775315359,1436000
2017-05-08,36.593284606933594,36.824886346026844,36.477482633017495,36.824886346026844,2432000
2017-05-09,36.3616828918457,36.76698872106988,36.3616828918457,36.6511867400431,4002000
2017-05-10,36.88278579711914,36.88278579711914,36.59328198742235,36.6511818658662,3348000
2017-05-11,36.535377502441406,36.766981418494304,36.4774776277975,36.766981418494304,3391000
2017-05-12,36.535377502441406,36.709081543850395,36.303775795127144,36.535377502441406,5223000
2017-05-15,37.51969528198242,37.51969528198242,36.47747980624165,36.47747980624165,5640000
2017-05-16,37.461788177490234,37.51969246872777,37.28808855620926,37.51969246872777,7605000
2017-05-17,37.11439514160156,37.6355029895682,36.940693261859096,37.6355029895682,5260000
2017-05-18,36.824886322021484,37.0564902697027,36.76698643947065,37.0564902697027,5436000
2017-05-19,36.76698303222656,36.99858695844474,36.65118106911747,36.82488290941174,3371000
2017-05-22,37.403892517089844,37.577596575414915,37.17228857848232,37.51969669513246,5773000
2017-05-23,37.17228317260742,37.345987205671136,36.998583557020766,37.17228317260742,4463000
2017-05-24,38.09870147705078,38.5040050261243,37.172285792064386,37.40388971331099,9148000
2017-05-25,38.73561096191406,38.967214895205814,38.21450321637704,38.21450321637704,9751000
2017-05-26,39.372520446777344,40.5305357540355,39.083016619962805,39.48832021051203,17448000
2017-05-31,39.83572769165039,40.646334859623465,39.372519809256275,40.53053509776381,17559000
2017-06-01,39.48832321166992,40.530538834402975,39.48832321166992,39.719927174219286,7770000
2017-06-02,39.372520446777344,39.95152810040642,38.90931255688295,39.66202427359188,10650000
2017-06-05,39.14091491699219,39.66202266765397,39.083015037469245,39.37251885256161,5987000
2017-06-06,38.56190872192383,39.1988162553346,38.504008840246094,39.083016491979116,10220000
2017-06-07,39.48832321166992,39.719927174219286,38.90931551403559,38.90931551403559,17227000
2017-06-08,39.48832321166992,39.95153113676865,39.37252343913432,39.66202728795148,7302000
2017-06-09,40.64633560180664,40.82003966524563,39.66202435559327,39.66202435559327,11197000
2017-06-12,40.588436126708984,40.704240309321825,40.06732834864587,40.47263636157402,7320000
2017-06-13,40.414737701416016,40.588437354372296,40.18313374666297,40.53053747005354,7500000
2017-06-14,40.298927307128906,40.70423526987733,40.18312755633069,40.53053122620267,3753000
2017-06-15,39.89362716674805,40.41473492477084,39.71992310824788,40.29893074661149,3148000
2017-06-16,40.47262954711914,40.82003320150889,39.43041416647274,39.43041416647274,7110000
2017-06-19,42.441261291503906,43.19396856437156,40.35683027746384,40.472634454620334,10893000
2017-06-20,42.267555236816406,42.846562842800196,41.8043473850384,42.614958916911185,5629000
2017-06-21,42.15175247192383,42.20965234489122,41.51484061685109,42.0359483085119,8567000
2017-06-22,41.57275390625,42.499165326693294,41.51484960327134,42.09385729323316,4383000
2017-06-23,41.68854904174805,41.80434879987297,41.39904522895813,41.74644892081051,2413000
2017-06-26,42.325462341308594,42.441266532766264,41.86225882791258,41.86225882791258,4889000
2017-06-27,41.97805404663086,42.499161807946656,41.746450106326314,42.44126192723996,4888000
2017-06-28,41.804359436035156,41.86226374730766,41.399055762000074,41.68855964844763,7718000
2017-06-29,42.035953521728516,42.20965757965027,41.80434958365874,42.20965757965027,4383000
2017-06-30,41.68854904174805,41.9201529754755,41.45694510802059,41.74644892081051,4922000
2017-07-03,41.57275390625,41.57275390625,40.762142256807834,41.456949717770776,4438000
2017-07-04,40.93584060668945,41.514848278170085,40.877940723036986,41.39904851086514,9094000
2017-07-05,41.57275390625,41.63065379175056,40.93584191330952,40.93584191330952,5047000
2017-07-06,41.456947326660156,41.68855127278229,41.0516437340548,41.57275150846015,5252000
2017-07-07,41.57275390625,41.74645356275168,41.1095459872893,41.63065379175056,8331000
2017-07-10,41.68854904174805,41.80434879987297,41.39904522895813,41.39904522895813,3844000
2017-07-11,42.15175247192383,42.15175247192383,41.68854465323041,41.68854465323041,6751000
2017-07-12,41.97805404663086,42.557061688653356,41.86225428521746,42.32545774834881,6269000
2017-07-13,42.788665771484375,42.84656565238394,42.2675580084328,42.2675580084328,5850000
2017-07-14,42.73076629638672,42.9623658221844,42.49916235311124,42.846566059285564,3598000
2017-07-17,42.846561431884766,43.193965100539714,42.73076168149222,42.73076168149222,4275000
2017-07-18,42.96236801147461,42.96236801147461,42.730768473874996,42.90446812707471,2971000
2017-07-19,43.251869201660156,43.30977349999129,43.020269678246635,43.020269678246635,3605000
2017-07-20,43.07816696166992,43.425570643320995,43.07816696166992,43.425570643320995,4521000
2017-07-21,44.120384216308594,44.75729620936759,43.02027313915893,43.078173024670264,6952000
2017-07-24,44.87309646606445,45.16260031423261,44.23618888359014,44.23618888359014,9291000
2017-07-25,45.857398986816406,45.973203154357854,45.16259165147691,45.16259165147691,11185000
2017-07-26,44.64148712158203,46.320610122000055,44.583587242425054,46.26271024284308,9814000
2017-07-27,44.8151969909668,45.45210457928276,44.583593026812395,44.8151969909668,7791000
2017-07-28,44.757293701171875,45.1046974122495,44.58358963689413,44.8151935834385,10779000
2017-07-31,43.42306137084961,44.93922974711516,43.42306137084961,44.87858393746028,15327000
2017-08-01,44.21147537231445,45.060530676663454,43.66565377473444,43.66565377473444,11581000
2017-08-02,45.3637580871582,45.363758087158196,44.635994515735256,44.93922818041685,7824000
2017-08-03,45.48505401611328,45.66699608296932,44.87858662923177,45.18182032267252,5312000
2017-08-04,46.03086853027344,46.33410217720939,45.66698907934594,45.9095722953121,9164000
2017-08-07,46.03086853027344,46.75862743212842,45.78828068732902,46.45539378519247,5518000
2017-08-08,46.21281051635742,46.39475257331878,45.788285219419194,46.39475257331878,4367000
2017-08-09,46.091522216796875,46.51604754431786,45.78828851800216,45.848934332365296,6881000
2017-08-10,45.90957260131836,46.69798193939822,45.36375573477815,46.21280625027549,8196000
2017-08-11,43.6656494140625,43.90823728064748,42.75594838460287,43.11982787099098,17697000
2017-08-14,42.39206314086914,44.02952292071852,41.90688747359181,43.968877119053374,11777000
2017-08-15,43.18046951293945,43.42305735610887,42.816590061674454,42.816590061674454,4602000
2017-08-16,42.45271301269531,42.816592484551286,42.210125155798494,42.816592484551286,8764000
2017-08-17,42.45271301269531,42.69530086959213,42.331421397736165,42.45271301269531,5227000
2017-08-18,42.088829040527344,42.33141687148567,41.66429917960577,42.210120642517495,6801000
2017-08-21,42.21012496948242,42.33142121088469,41.78559969202074,41.90689130644451,3572280
2017-08-22,42.45271301269531,42.63465506211256,42.088833540839346,42.27077096327807,3893240
2017-08-23,41.90688705444336,42.513354318985165,41.84624125338478,42.45270851792659,3783904
2017-08-24,41.846248626708984,42.33142437462178,41.724957003220204,41.846248626708984,4144057
2017-08-25,41.60365676879883,42.14947827618831,41.4823651569249,41.84624461952509,11876148
2017-08-28,42.513362884521484,42.63465913805527,41.7856038712346,41.84624968451201,6213536
2017-08-29,41.421722412109375,42.452715070164736,41.361071974711855,42.452715070164736,9937733
2017-08-30,41.724952697753906,41.84624430872698,41.36106861087793,41.543010654315914,6199134
2017-08-31,41.664306640625,41.96754032687985,41.6036608287698,41.906894515024646,7210002
2017-09-01,41.664306640625,41.84624870316945,41.664306640625,41.72495707945905,3439789
2017-09-04,41.724952697753906,41.96753591970006,41.60365645980246,41.78559850324044,2901645
2017-09-05,41.724952697753906,41.96753591970006,41.543010654315914,41.96753591970006,4687340
2017-09-06,41.23978042602539,41.7249561641819,41.23978042602539,41.543014105628515,4302303
2017-09-07,41.11848449707031,41.48236394907536,40.93654245757866,41.300421909583704,4200865
2017-09-08,40.936546325683594,41.118488382367005,40.63331264919705,41.118488382367005,4447975
2017-09-11,41.05784225463867,41.17913851415094,40.93655062210559,41.17913851415094,3333494
2017-09-12,41.421722412109375,41.66430565378446,41.11848873303677,41.300426164293086,3003709
2017-09-13,42.6953010559082,42.93788891386364,41.664303816342226,41.84624586655344,12159782
2017-09-14,42.45271301269531,42.93788872648896,41.84624568394252,42.69530086959213,7443885
2017-09-15,41.724952697753906,42.574003228522194,41.724952697753906,41.96753591970006,9323420
2017-09-18,42.21012496948242,42.392067018096576,41.78559969202074,42.14947916227054,7259569
2017-09-19,43.30177307128906,43.78694421270268,42.27077572019942,42.331426161482774,13150909
2017-09-20,43.48370361328125,43.72629145897857,42.57400266215002,43.30176619924199,10990207
2017-09-21,44.332763671875,44.696643167250265,42.634657817797475,42.634657817797475,11739043
2017-09-22,42.937889099121094,44.332761191170654,42.937889099121094,44.272115383164774,8351456
2017-09-25,41.54301452636719,42.75594925706404,41.361072465971134,42.574007196667985,8456160
2017-09-26,41.90688705444336,41.90688705444336,41.11848238672582,41.54300762111388,6964038
2017-09-27,40.936546325683594,41.66430529845982,40.936546325683594,41.60365948855825,11314519
2017-09-28,42.331424713134766,42.39207052536412,41.17913577286145,41.361073209549524,11613930
2017-09-29,42.331424713134766,42.816595837948505,41.78560314911279,42.816595837948505,5617294
2017-10-02,42.574012756347656,42.937896924658865,42.14948739595712,42.14948739595712,3555877
2017-10-03,42.574012756347656,42.634663202385795,42.02819575783965,42.45272111823019,3272912
2017-10-05,42.331424713134766,42.63465840126043,42.149482649467814,42.149482649467814,2120581
2017-10-06,42.0281867980957,42.210124216485724,41.60365690122881,41.967536364987275,5243152
2017-10-11,41.846248626708984,42.08883650066539,41.421723317519415,41.4823691292638,8900504
2017-10-12,42.21012496948242,42.33142121088469,41.84624549923262,42.14947916227054,4652133
2017-10-13,41.90688705444336,42.27076648777283,41.785595452326206,42.21012068671426,1992244
2017-10-16,44.87858581542969,44.87858581542969,42.75594999983504,42.75594999983504,17482550
2017-10-17,44.21147537231445,45.121176492621416,44.150829556356484,45.121176492621416,7396325
2017-10-18,43.847591400146484,44.7572924281414,43.362415667757716,44.7572924281414,6764071
2017-10-19,44.39340591430664,45.24246108657579,43.90823483513745,44.211468494735115,5485909
2017-10-20,43.48370361328125,44.0901709140354,43.48370361328125,43.786937263658324,6575047
2017-10-23,43.726295471191406,43.96888333914797,43.48370760323485,43.48370760323485,1930274
2017-10-24,43.241119384765625,44.15082031465288,43.059177347996894,44.15082031465288,3748211
2017-10-25,43.241119384765625,43.54435302806137,43.1198231512604,43.483702597819665,2887018
2017-10-26,43.18046951293945,43.30176574801329,43.11982370889166,43.2411199439655,1851885
2017-10-27,42.998538970947266,43.2411268528765,42.63465946154291,43.2411268528765,3127558
2017-10-30,42.755943298339844,43.42305638185448,42.755943298339844,43.24111897379312,3336387
2017-10-31,43.059181213378906,43.54435693699716,42.51335968105303,42.695301734154526,3990492
2017-11-01,42.937889099121094,43.05918071513286,42.81659285613076,43.05918071513286,3759937
2017-11-02,43.726295471191406,44.09017495963688,42.93789068405599,42.93789068405599,4536907
2017-11-03,44.332763671875,44.332763671875,43.48370843134683,43.60500468112446,5557256
2017-11-06,43.847591400146484,44.211470885948714,43.483707287365554,44.15082507614479,3406841
2017-11-07,43.6656494140625,44.211470957134026,43.54435779425936,43.78694103386564,3800436
2017-11-08,43.42306137084961,43.7869408557576,43.42306137084961,43.665649236447834,4822905
2017-11-09,43.847591400146484,43.847591400146484,43.362415667757716,43.42306147756164,3752629
2017-11-10,43.605003356933594,43.9082370317009,43.241123872608576,43.9082370317009,2471693
2017-11-13,43.30177307128906,44.1508283524867,43.30177307128906,43.908240468290366,2897254
2017-11-14,43.847591400146484,43.90823720995041,42.99853618195549,43.180473611367255,3650924
2017-11-15,39.602317810058594,41.66430299456325,39.48102156998403,41.60365718801519,41686359
2017-11-16,40.148136138916016,40.20878657462234,38.81390983899211,39.48102298895407,11841997
2017-11-17,39.96620178222656,40.33008128951815,39.723613901705846,40.33008128951815,10131784
2017-11-20,40.08749008178711,40.390723750525254,39.60231898799323,40.33007794217335,8099111
2017-11-21,40.148136138916016,40.57266605396716,40.02684452146061,40.08749033018832,8653871
2017-11-22,40.51201629638672,40.99718734589557,40.20878265532687,40.2694284581432,10563645
2017-11-23,39.662967681884766,40.51202294151732,39.602321869120786,40.51202294151732,9770692
2017-11-24,39.54166793823242,40.208785700673,39.54166793823242,39.66296418003003,8000229
2017-11-27,39.23843002319336,39.84489728554242,39.23843002319336,39.54166365436789,5799596
2017-11-28,39.23843002319336,39.66295988302451,39.23843002319336,39.42037205268928,3002375
2017-11-29,38.57132339477539,39.35973281814902,38.57132339477539,39.299087007192306,8334803
2017-11-30,37.2977409362793,37.96485407641054,36.99450727013069,37.722268531585215,22464600
2017-12-01,37.661617279052734,37.661617279052734,37.05514999717756,37.41903175439611,15653404
2017-12-04,37.23708724975586,37.6616124417507,37.1764391412646,37.6616124417507,7832491
2017-12-05,36.87321090698242,37.29773847426538,36.87321090698242,37.23709267043458,9366204
2017-12-06,35.9635124206543,37.237095209338754,35.90286661268854,36.87321342107636,14783998
2017-12-07,36.20609664916992,36.50933028557254,36.14544853379597,36.32739056642878,7014381
2017-12-08,36.26675033569336,36.44869009439206,36.084810576994656,36.20610452062364,8080480
2017-12-11,36.44868469238281,36.75191834976866,36.32739308021984,36.32739308021984,6412426
2017-12-12,37.05515670776367,37.297744589841365,36.56998325709778,36.691277198136625,7734510
2017-12-13,37.23708724975586,37.47967274325451,36.812559744272235,37.23708724975586,6033797
2017-12-14,37.722267150878906,38.20744053626056,37.23709376549724,37.479679301443475,8934465
2017-12-15,37.17644500732422,37.722266502426564,37.11579920275247,37.722266502426564,7498578
2017-12-18,36.9945068359375,37.29774049852715,36.87321290820379,37.29774049852715,3213218
2017-12-19,36.812564849853516,37.358384021042426,36.812564849853516,37.055150376996664,3928033
2017-12-20,37.600975036621094,37.600975036621094,36.994507697320756,36.994507697320756,2780391
2017-12-21,36.9945068359375,37.66161996823903,36.9945068359375,37.66161996823903,3382277
2017-12-22,37.2977409362793,37.35838674411331,37.115801199287986,37.23709512844529,2887362
2017-12-25,37.23708724975586,37.41902694825204,37.1764391412646,37.41902694825204,964343
2017-12-26,37.11580276489258,37.47968225422423,36.994508830618905,37.23709669916625,1438358
2017-12-27,37.17644500732422,37.35838473452862,37.11579920275247,37.17644500732422,1354622
2017-12-28,37.2977409362793,37.60097460242791,37.176447007122,37.2977409362793,4224801
2017-12-29,37.54032897949219,37.90420845526703,37.29774111998276,37.54032897949219,8411902
2018-01-02,37.54032897949219,37.66162059575761,37.29774111998276,37.6009747876249,2783538
2018-01-03,37.96485137939453,38.207439220475734,37.297738286654884,37.60097193126184,12171169
2018-01-04,38.14679718017578,38.2074429896843,37.72226957314809,37.96485512467153,8196231
2018-01-05,37.47968292236328,38.20744422748954,37.41903711089002,38.20744422748954,7424266
2018-01-08,37.96485137939453,37.96485137939453,37.47967801072124,37.47967801072124,3713980
2018-01-09,37.2977409362793,37.904208268576525,36.933861462296676,37.84356246074251,10794847
2018-01-10,37.54032897949219,37.66162059575761,37.23709531185005,37.29774111998276,8044295
2018-01-11,37.661617279052734,37.661617279052734,37.05514999717756,37.54032567346896,6888073
2018-01-12,37.722267150878906,37.84356107559662,37.60097322616119,37.66161903177545,4535207
2018-01-15,38.08614730834961,38.08614730834961,37.7829136477521,37.84356176796514,4302663
2018-01-16,38.45003128051758,38.51067709069773,37.90420973493872,38.08614947896855,4954355
2018-01-17,38.6319694519043,38.874554996239034,38.20744185745692,38.45002971528093,6885562
2018-01-18,39.17778778076172,39.42037563313051,38.63196858316575,38.93519992839292,7849540
2018-01-19,39.42037582397461,39.4810216306158,38.81390850360577,39.17778797043138,7173544
2018-01-22,39.42037582397461,39.4810216306158,38.995850550507804,39.42037582397461,6335442
2018-01-23,38.935203552246094,39.420379302140915,38.813911928261824,39.420379302140915,6758455
2018-01-24,38.935203552246094,38.935203552246094,38.51067824132228,38.87455774025396,6290805
2018-01-25,39.35973358154297,39.541671017941844,38.6319722685003,38.813912018388606,6735080
2018-01-26,39.05649948120117,39.420378977132785,38.81391160825382,39.420378977132785,7057843
2018-01-29,39.11714172363281,39.299083768487584,38.81390806686046,39.299083768487584,6222070
2018-01-30,38.6319694519043,39.42037651959841,38.6319694519043,39.11714285406304,5360545
2018-01-31,38.51067352294922,38.935198781859704,38.086145950549586,38.57131932751096,6816743
2018-02-01,38.81390380859375,39.29907945699233,38.51067018508911,38.57131598439446,4430376
2018-02-02,38.81390380859375,39.05649163279304,38.45002438578376,38.51067018508911,3717189
2018-02-05,38.14679718017578,38.51067666420561,37.904209315163,38.2074429896843,5863282
2018-02-06,36.388038635253906,37.297739601135255,36.084804979960126,37.11579987065682,13141598
2018-02-07,36.0241584777832,37.05515103505685,36.0241584777832,36.87321130809616,8197660
2018-02-08,36.08480453491211,36.4486839913811,36.08480453491211,36.38803818646599,6064491
2018-02-09,35.902870178222656,36.084809933677754,34.871875145991105,35.17510884291277,8603373
2018-02-12,35.47834014892578,35.902867758704815,35.296400405731724,35.902867758704815,9309905
2018-02-21,36.08480453491211,36.751917642934984,36.024158729997,36.751917642934984,7654776
2018-02-22,36.20609664916992,36.32739056642878,36.024156930026166,36.08480273191107,3804667
2018-02-23,36.14544677734375,36.38803460007314,36.084800978405866,36.266740688708445,4960924
2018-02-26,36.20609664916992,36.56997608745744,36.14544853379597,36.50933028557254,2848002
2018-02-27,36.14544677734375,36.38803460007314,36.14544677734375,36.266740688708445,8018963
2018-03-01,35.660274505615234,35.84221422132719,35.47833478990327,35.47833478990327,8551442
2018-03-02,35.9635124206543,36.024160542109335,35.357045087039594,35.47833901646039,3670030
2018-03-05,35.9635124206543,36.0848063500751,35.8422184912335,35.9635124206543,3656117
2018-03-06,36.08480453491211,36.38803818646599,36.08480453491211,36.266744263146606,3219445
2018-03-07,35.599632263183594,35.902865924175806,35.599632263183594,35.78157199708107,5662175
2018-03-08,35.720924377441406,35.96350990583042,35.59963045650234,35.78157018116638,4019849
2018-03-09,35.9635124206543,36.145452158040854,35.78157268326774,35.78157268326774,2934270
2018-03-12,36.388038635253906,36.388038635253906,36.02415917429704,36.084804979960126,4336432
2018-03-13,36.509334564208984,36.509334564208984,36.26674670126169,36.38804063273534,4049331
2018-03-14,36.69127655029297,36.873216301894054,36.38804285979468,36.38804285979468,3559513
2018-03-15,36.6306266784668,36.69127248445037,36.38803882755409,36.38803882755409,2241255
2018-03-16,36.56998062133789,36.87321429533487,36.38804087963757,36.63062874423089,7849616
2018-03-19,36.9945068359375,36.9945068359375,36.569979245614135,36.63062736622562,2965401
2018-03-20,36.87321090698242,36.99450482813314,36.7519169858317,36.7519169858317,2396727
2018-03-21,36.9945068359375,37.11580076367121,36.87321290820379,36.933861028815265,3016456
2018-03-22,37.05515670776367,37.358390403616035,36.933865080214325,37.115804835027845,3424884
2018-03-23,36.388038635253906,36.56997836573234,36.145450785623204,36.145450785623204,4365774
2018-03-26,36.509334564208984,36.569980373201155,36.08480696079588,36.145452769788044,2426889
2018-03-27,36.26675033569336,36.44869009439206,36.084810576994656,36.44869009439206,10110334
2018-03-28,35.902870178222656,36.14545574766628,35.781576236756095,36.024164119689225,7256236
2018-03-29,35.660274505615234,35.84221422132719,35.47833478990327,35.78156842058621,6820448
2018-03-30,35.660274505615234,35.90286233555718,35.660274505615234,35.78156842058621,3571191
2018-04-02,35.78157043457031,35.963510160522844,35.720924630415844,35.842216238724774,2509689
2018-04-03,35.35704040527344,35.599628231993016,35.35704040527344,35.47833431863322,6079271
2018-04-09,35.17510986328125,35.41769775325144,34.871876157563314,35.17510986328125,6047812
2018-04-10,34.9931640625,35.17510379182886,34.93251594373093,34.93251594373093,5668601
2018-04-11,34.87187194824219,35.41769347804517,34.87187194824219,35.17510561735733,5553371
2018-04-12,34.447349548339844,34.993171160530316,34.32605559968756,34.93252302945935,9075144
2018-04-13,34.0228157043457,34.447343290765815,34.0228157043457,34.447343290765815,10833249
2018-04-16,33.41635513305664,34.022822575133816,33.3557093142448,33.96217675632198,11047799
2018-04-17,32.62794494628906,33.355706273127936,32.62794494628906,33.355706273127936,13820134
2018-04-18,32.26406478881836,32.99182610097761,32.14277085121025,32.56729847609393,12331134
2018-04-19,33.2950553894043,33.2950553894043,32.446000251811704,32.446000251811704,6804567
2018-04-20,32.749237060546875,33.2950586036184,32.749237060546875,33.2950586036184,6436170
2018-04-23,32.80988311767578,33.11311679644724,32.68859149695869,32.80988311767578,4615329
2018-04-24,32.931175231933594,33.23440889394677,32.50664764241729,32.87052942492665,5863563
2018-04-25,32.87052917480469,32.991823101384846,32.68858944167906,32.74923524822453,3176823
2018-04-26,32.80988311767578,33.17376492029515,32.80988311767578,32.93117705188224,3542319
2018-04-27,32.749237060546875,33.234410480227474,32.749237060546875,32.99182492713185,4905619
2018-04-30,32.80988311767578,33.05247098608869,32.62794337311078,33.05247098608869,7477744
2018-05-02,32.506649017333984,33.05247055743973,32.506649017333984,32.80988269217288,7274571
2018-05-03,31.960834503173828,32.44600799175446,31.900186371170197,32.44600799175446,10122134
2018-05-04,32.0214729309082,32.20341265794677,31.71823928134754,31.839533203869635,9035040
2018-05-07,32.20341491699219,32.446002779053735,32.02147517719068,32.20341491699219,3353534
2018-05-08,32.0214729309082,32.20341265794677,31.960827126391727,32.20341265794677,6605100
2018-05-09,31.77889060974121,31.960830355159814,31.657596674965678,31.900182231027358,11332813
2018-05-10,32.08212661743164,32.20341824751726,31.778892915238487,31.839538730281298,5848061
2018-05-11,32.20341491699219,32.385356970283,32.14276910822145,32.14276910822145,6220627
2018-05-14,31.596946716308594,32.20341404148526,30.990479391131927,32.20341404148526,17435546
2018-05-15,31.839536666870117,32.08212453829917,31.233069301786873,31.536302984328493,9083515
2018-05-16,31.90018653869629,31.900186538696286,31.596952817554726,31.900186538696286,6101081
2018-05-17,32.08212661743164,32.32471219109244,31.96083267385647,32.02147848889928,7758055
2018-05-18,31.90018653869629,32.20342025983785,31.83954071986385,32.142774441005415,6113523
2018-05-21,32.08212661743164,32.26406637604963,31.90018454532411,31.90018454532411,6268907
2018-05-22,33.355709075927734,33.59829697642126,32.44600791931152,32.44600791931152,14228448
2018-05-23,32.142765045166016,33.23440565947385,32.142765045166016,33.23440565947385,12458222
2018-05-24,32.44599914550781,32.62793886493435,32.26405942608128,32.44599914550781,4233233
2018-05-25,32.38536071777344,32.446006533561835,32.20341864342909,32.38536071777344,7005722
2018-05-28,32.506649017333984,33.05247055743973,32.385357398189896,32.62794294996741,8191701
2018-05-29,32.688594818115234,32.809886451155535,32.50665274157558,32.688594818115234,3804761
2018-05-30,32.38536071777344,32.6279462944166,32.26406677270707,32.50665234935023,7922270
2018-05-31,32.142765045166016,32.56729259336601,32.142765045166016,32.56729259336601,13842910
2018-06-01,33.41635513305664,33.53764908417001,32.446008151129035,32.56730210224241,15769129
2018-06-04,34.87187194824219,34.87187194824219,33.90152513246942,33.90152513246942,20805287
2018-06-05,34.56863784790039,35.05381124973447,34.26540418256793,35.05381124973447,10394541
2018-06-06,34.6899299621582,34.811223884644356,34.26540239020124,34.62928184417055,6711635
2018-06-07,34.56863784790039,34.811225705562066,34.326049990238715,34.68993177673123,6046805
2018-06-08,34.083465576171875,34.56863899409285,33.840877710466714,34.56863899409285,9368640
2018-06-11,33.53764343261719,34.2047588945778,33.41634950194351,34.2047588945778,11459918
2018-06-12,33.2950553894043,33.901522683830684,33.2950553894043,33.901522683830684,9292997
2018-06-13,33.47699737548828,33.65893711340342,33.295057637573144,33.35570344571509,6428759
2018-06-14,33.052467346191406,33.35570099156931,33.052467346191406,33.35570099156931,7708928
2018-06-15,32.688594818115234,33.234414107265394,32.62794668810548,33.05247434421534,14462637
2018-06-19,32.44599914550781,32.931172501808256,32.44599914550781,32.68858698040256,8472699
2018-06-20,32.749237060546875,32.93117680374093,32.20341551747536,32.5066491939619,5720927
2018-06-21,32.749237060546875,33.052470737033424,32.749237060546875,32.99182492713185,4156448
2018-06-22,33.052467346191406,33.17376126704039,32.446000055435604,32.68858789713357,5975291
2018-06-25,32.567298889160156,33.05247233225686,32.506650762842156,32.87053258028178,5780783
2018-06-26,32.26406478881836,32.56729847609393,32.26406478881836,32.446004538485816,5379098
2018-06-27,32.142765045166016,32.56729259336601,32.08211924406131,32.50664447877229,6434058
2018-06-28,32.0214729309082,32.08212104891383,31.77888739935316,31.960827126391727,8066496
2018-06-29,32.44599914550781,32.506644947486976,31.900177673739165,32.14276550863391,6245813
2018-07-02,32.142765045166016,32.50664447877229,32.08211924406131,32.44599867766758,5320798
2018-07-03,31.77889060974121,32.2034159112215,31.77889060974121,32.142770100578424,7281688
2018-07-04,31.47566032409668,31.83953985417714,31.47566032409668,31.778894036993606,8652119
2018-07-05,31.596946716308594,31.83953457177496,31.415006981453445,31.83953457177496,6616034
2018-07-06,31.35436248779297,31.718241972746494,31.233068554978676,31.596948039932204,5596489
2018-07-09,31.6575927734375,31.718238576606495,31.536298853610408,31.657592773437496,2716452
2018-07-10,31.90018653869629,31.900186538696286,31.536306998722292,31.83954071986385,4030612
2018-07-11,31.6575927734375,31.657592773437496,31.111771290960142,31.172419407618232,6479186
2018-07-12,31.47566032409668,31.65760008913691,31.354366376239984,31.536306141280214,4103207
2018-07-13,31.77889060974121,31.839536420384285,31.596948550833222,31.718242485608755,4050033
2018-07-16,31.90018653869629,31.960834671018414,31.657600949876855,31.900186538696286,3297492
2018-07-17,32.26406478881836,32.3247106008777,31.83953716393468,31.900182975994017,4680949
2018-07-18,32.749237060546875,32.749237060546875,32.38535757415876,32.56729731735282,6629127
2018-07-19,33.113121032714844,33.113121032714844,32.74924149703257,32.74924149703257,6254627
2018-07-20,32.87052917480469,33.17376283451047,32.74923524822453,33.11311471447578,7538463
2018-07-23,33.052467346191406,33.052467346191406,32.56729397628459,32.87052762166249,5084087
2018-07-24,33.113121032714844,33.113121032714844,32.93118126487371,33.05247521459769,6702981
2018-07-25,33.47699737548828,33.47699737548828,33.052469778026776,33.113115586168725,8123398
2018-07-26,33.658935546875,33.962169200450454,33.476995817427564,33.962169200450454,12011555
2018-07-27,33.71958541870117,33.90152748357959,33.537645667312205,33.780233544823794,16548409
2018-07-30,33.91337585449219,34.042570160106486,33.654987243263584,34.042570160106486,15728655
2018-07-31,34.17176818847656,34.17176818847656,33.719589301653244,33.91337954909847,5570688
2018-08-01,34.43014907836914,34.43014907836914,34.042568642975446,34.17176294283212,4843428
2018-08-02,33.7841796875,34.49474709714093,33.719583770340044,34.430148715804684,6392027
2018-08-03,33.97797393798828,34.1071682518261,33.78418369931984,33.91337801315766,5459081
2018-08-06,33.97797393798828,34.171766640833305,33.84878208832704,34.04257232699548,4351255
2018-08-07,33.97797393798828,34.300958490494544,33.91337801315766,34.171766640833305,5687099
2018-08-08,34.30095672607422,34.36555511175852,34.10716649737423,34.17176488305853,5729384
2018-08-09,33.97797393798828,34.49475119333957,33.97797393798828,34.365556879501746,5959703
2018-08-10,33.97797393798828,34.1071682518261,33.91337801315766,33.97797393798828,5656855
2018-08-13,33.46119689941406,33.97797165587993,33.33200259425349,33.97797165587993,9730522
2018-08-14,33.396602630615234,33.719587177402275,33.33200424275191,33.59039286585215,4435480
2018-08-15,33.46119689941406,33.59039120457463,33.33200259425349,33.46119689941406,4885153
2018-08-16,33.202816009521484,33.46120219657066,33.0736216839085,33.332007870957675,4748701
2018-08-17,33.71958541870117,33.84877972351295,33.46119680907761,33.590391113889396,5703659
2018-08-20,33.71958541870117,33.977971564148326,33.65498703420708,33.977971564148326,3890197
2018-08-21,33.91337585449219,33.91337585449219,33.59039132254464,33.719585628158946,3430268
2018-08-22,33.7841796875,33.84877806883624,33.59038947184385,33.7841796875,3368799
2018-08-23,33.71958541870117,33.91337564383063,33.65498703420708,33.78418133901886,2940277
2018-08-24,33.52579879760742,33.71958904356941,33.46120040616898,33.71958904356941,3943526
2018-08-27,33.396602630615234,33.719587177402275,33.396602630615234,33.65498878953895,5842595
2018-08-28,34.236358642578125,34.236358642578125,33.59038961158608,33.59038961158608,9607556
2018-08-29,34.55934143066406,34.75313163744003,34.3655512238881,34.55934143066406,6627484
2018-08-30,34.36555480957031,34.688539342622335,34.17176458257438,34.559345036566235,3687242
2018-08-31,34.1071662902832,34.43015082421425,33.913376062759866,34.36555490309861,5944923
2018-09-03,33.71958541870117,34.300956094089564,33.65498703420708,34.300956094089564,5564044
2018-09-04,33.59038543701172,33.78417562939005,33.13820667867829,33.78417562939005,13815036
2018-09-05,33.33200454711914,33.59039317257883,33.33200454711914,33.59039317257883,8808028
2018-09-06,32.750633239746094,33.33200394017943,32.42764869589096,33.26740801707901,13692450
2018-09-07,32.3630485534668,32.81522738317624,32.3630485534668,32.6214371602083,9879477
2018-09-10,32.04006576538086,32.36305030924227,31.749381647246807,32.29845438614059,11269010
2018-09-11,32.10466003417969,32.29845024280126,32.04006165518837,32.29845024280126,8568258
2018-09-12,32.492244720458984,32.492244720458984,32.16926017559523,32.16926017559523,6377627
2018-09-13,33.396602630615234,33.59039286585215,32.75063353704115,32.81522946072795,9841924
2018-09-14,33.59038543701172,33.9133699123676,33.59038543701172,33.59038543701172,11865640
2018-09-17,33.7841796875,33.7841796875,33.267404957691504,33.59038947184385,5057989
2018-09-18,34.1071662902832,34.43015082421425,33.525795607713185,33.71958583523652,14219096
2018-09-19,34.236358642578125,34.43014885904048,34.107164343544454,34.36555294161179,4976126
2018-09-20,33.71958541870117,34.36555447858366,33.590391113889396,34.300956094089564,4650788
2018-09-21,33.71958541870117,34.04256994864242,33.33200250426584,33.71958541870117,8838131
2018-09-25,34.236358642578125,34.236358642578125,33.719583910619754,33.719583910619754,4535209
2018-09-26,34.17176818847656,34.23636411623274,33.977975476854645,34.17176818847656,3110438
2018-09-27,34.236358642578125,34.236358642578125,33.84877820965342,34.107164343544454,4252097
2018-09-28,34.36555480957031,34.36555480957031,34.10716619745812,34.10716619745812,6101626
2018-10-01,34.43014907836914,34.81773197793914,34.36555316052896,34.43014907836914,5560195
2018-10-02,34.1071662902832,34.494749209506324,33.913376062759866,34.43015082421425,4748517
2018-10-03,33.91337585449219,34.17176446572079,33.848779933773244,34.10716608082543,2429510
2018-10-04,33.26741027832031,33.91337940993819,33.26741027832031,33.91337940993819,7281181
2018-10-05,32.621437072753906,33.39660042672393,32.621437072753906,33.26740612369953,6804915
2018-10-08,32.750633239746094,32.94442347322388,32.36305030861403,32.621438929368736,5591274
2018-10-09,32.686031341552734,33.07361423105323,32.686031341552734,33.07361423105323,6965549
2018-10-11,31.52329444885254,32.0400692829301,31.49099648375584,31.846279028173115,20255531
2018-10-12,31.74938201904297,31.846275904830144,31.00651657379192,31.394097045293705,8980814
2018-10-15,31.29720115661621,31.587887723728088,31.264903196754084,31.45869342010321,7087051
2018-10-16,31.264902114868164,31.394093949846123,31.232601691947373,31.232601691947373,7792846
2018-10-17,31.65248680114746,31.846277043829367,31.523292484633984,31.58789087497904,5847559
2018-10-18,31.4263916015625,31.65247975701359,31.394091181489987,31.65247975701359,3723564
2018-10-19,30.941919326782227,31.329499781710126,30.71582867459392,31.329499781710126,11037231
2018-10-22,30.84502410888672,30.97421841997914,30.7158297977943,30.94192045825017,7601824
2018-10-23,31.006513595581055,31.264902194548085,30.87731929609754,30.87731929609754,5578492
2018-10-24,31.264902114868164,31.329498032357144,30.74812491825113,31.135707815713904,5991800
2018-10-25,30.68352699279785,30.974213530828006,30.360542498136823,30.845019240128366,10073079
2018-10-26,30.68352699279785,31.00651148745888,30.68352699279785,30.812721283497492,6253161
2018-10-29,30.8773193359375,30.974215676719233,30.586632777768603,30.683529118550336,4373794
2018-10-30,30.84502410888672,31.038814343437092,30.618935912607377,30.97421841997914,4086059
2018-10-31,31.55558204650879,31.55558204650879,31.006509427729796,31.42639022856736,6991024
2018-11-01,31.78167724609375,31.78167724609375,31.200304124692877,31.264902507168713,4045094
2018-11-02,32.04006576538086,32.10466415265905,31.65248529841778,31.81397757034848,7167551
2018-11-05,31.910871505737305,31.910871505737305,31.232602043585107,31.781677205128492,5013317
2018-11-06,31.78167724609375,31.91087154686909,31.490990685393314,31.91087154686909,2627456
2018-11-07,32.233856201171875,32.233856201171875,31.717078995914953,31.781677378660238,6798055
2018-11-08,32.29845428466797,32.492244517540676,32.136962013244634,32.492244517540676,4472488
2018-11-09,31.910871505737305,32.29845194338743,31.458692685694615,32.29845194338743,3318584
2018-11-12,31.97547149658203,32.10466581364597,31.78168125307444,31.878575142739916,2064042
2018-11-13,31.458694458007812,31.910873303525253,31.232603803160856,31.232603803160856,3491150
2018-11-14,31.97547149658203,31.97547149658203,31.42639872928108,31.458696692502905,6156180
2018-11-15,31.55558204650879,31.84626856522895,31.361791855420673,31.84626856522895,5848900
2018-11-16,31.94316864013672,31.97546659841097,31.65248208731591,31.846272301137695,4184933
2018-11-19,32.072364807128906,32.169258687600276,31.781678237361977,32.04006438279538,4748120
2018-11-20,31.84627342224121,32.04006364288511,31.652483201597313,31.943169764651334,2647360
2018-11-21,31.68478012084961,31.78167646007879,31.297199692285442,31.652482162498643,4052588
2018-11-22,31.361797332763672,31.68478186237849,31.329499372637468,31.68478186237849,4344140
2018-11-23,31.587892532348633,31.781682785198424,31.361801850543248,31.361801850543248,3155326
2018-11-26,31.65248680114746,32.10466567685632,31.523292484633984,31.74938315457673,4518010
2018-11-27,31.94316864013672,31.97546659841097,31.49098983176838,31.78167638458919,4973854
2018-11-28,31.910871505737305,31.94316946484543,31.52328860391086,31.94316946484543,9139644
2018-11-29,31.74938201904297,32.10466452861569,31.74938201904297,32.07236656668663,5767782
2018-11-30,32.26615524291992,32.26615524291992,31.813976405238606,31.975468671255044,9620518
2018-12-03,32.492244720458984,32.68603495454194,32.29845448637603,32.492244720458984,12611714
2018-12-04,32.492244720458984,32.81522926532274,32.29845448637603,32.492244720458984,9413739
2018-12-05,32.136959075927734,32.266153374093356,31.910870902270112,32.136959075927734,4266109
2018-12-06,31.52329444885254,32.13696564239699,31.45869851865914,32.13696564239699,6860078
2018-12-07,31.68478012084961,31.84627237678073,31.652482162498643,31.684780120849613,2520505
2018-12-10,31.55558204650879,31.620180419655476,31.329493900935315,31.45868818305272,2452717
2018-12-11,32.3630485534668,32.3630485534668,31.87857176395875,31.87857176395875,4854318
2018-12-12,32.621437072753906,32.621437072753906,32.36304846670511,32.621437072753906,3724840
2018-12-13,33.00901794433594,33.00901794433594,32.55684157417012,32.686033414688126,5135083
2018-12-14,32.81523132324219,33.07361996100796,32.42765083077021,33.00902156947818,3110131
2018-12-17,32.879825592041016,33.13821173323162,32.81522720861109,33.073615813978066,3200100
2018-12-18,32.621437072753906,32.81522729520232,32.4276468503055,32.5568411533299,3486551
2018-12-19,33.07361602783203,33.07361602783203,32.62143719760422,32.815227420794315,4272875
2018-12-20,33.396602630615234,33.78418310108907,33.073618083828194,33.073618083828194,8052112
2018-12-21,32.879825592041016,33.590390560535646,32.81522720861109,33.52579464128208,7290947
2018-12-24,33.46119689941406,33.7195855097352,33.13821236860084,33.13821236860084,3558309
2018-12-25,33.00901794433594,33.33200247398375,32.87982610381793,33.33200247398375,2578787
2018-12-26,33.33200454711914,33.461198859848984,33.073618385836006,33.13821431011265,2217757
2018-12-27,33.396602630615234,33.8487814889524,33.33200424275191,33.59039286585215,4049843
2018-12-28,34.042572021484375,34.042572021484375,33.461198846519935,33.461198846519935,6739681
2019-01-02,33.65497970581055,34.23635271878095,33.65497970581055,34.23635271878095,4213011
2019-01-03,33.91337585449219,34.042570160106486,33.461197016930335,33.78418154887788,4913571
2019-01-04,33.59038543701172,33.9133699123676,33.07361076927751,33.46119115403417,6337211
2019-01-07,33.91337585449219,34.23636038643973,33.59039132254464,34.10716608082543,10231318
2019-01-08,34.1071662902832,34.23636059669091,33.913376062759866,33.9779719838755,7578712
2019-01-09,34.30095672607422,34.43015103326636,34.10716649737423,34.236360804566374,10510000
2019-01-10,34.43014907836914,34.43014907836914,34.107164560815626,34.2363588606723,9211090
2019-01-11,34.36555480957031,34.494749115626405,34.17176458257438,34.43015073051014,7091748
2019-01-14,34.30095672607422,34.43015103326636,34.17176488305853,34.36555511175852,4529183
2019-01-15,34.75313949584961,34.75313949584961,34.3009606016745,34.3009606016745,11133854
2019-01-16,35.399105072021484,35.657493689552346,35.07612053219615,35.140718918667105,22987961
2019-01-17,35.65748977661133,35.8512799864053,35.463699566817354,35.528295482023275,14666891
2019-01-18,35.85128402709961,35.85128402709961,35.6574937954641,35.85128402709961,9399984
2019-01-21,35.65748977661133,36.10966857558141,35.463699566817354,35.91587590161122,11686296
2019-01-22,35.52830123901367,35.65749555453632,35.20531668229537,35.65749555453632,7080786
2019-01-23,35.65748977661133,35.65748977661133,35.076116683053186,35.20531097764124,6540160
2019-01-24,35.85128402709961,35.91587994958595,35.6574937954641,35.78668810461327,3453720
2019-01-25,36.10967254638672,36.17426846869594,35.65749369769272,35.85128392879687,11604416
2019-01-28,36.10967254638672,36.23886439100516,35.85128392879687,36.17426846869594,5649961
2019-01-29,36.04507064819336,36.10966902838553,35.65749022374527,36.10966902838553,6137797
2019-01-30,36.10967254638672,36.23886439100516,35.9804782375918,36.23886439100516,8607778
2019-02-11,36.49725341796875,36.755642038456834,36.10967295141314,36.755642038456834,9876938
2019-02-12,36.6910400390625,36.6910400390625,36.36805552733804,36.497249824863076,8350725
2019-02-13,36.303462982177734,36.82023775609464,35.91588005360768,36.755641833421215,7590224
2019-02-14,36.82023620605469,36.82023620605469,36.04507284572352,36.04507284572352,7519150
2019-02-15,36.561851501464844,36.82024013722127,36.30346532988507,36.82024013722127,5174894
2019-02-18,36.17427062988281,36.6910454317601,36.17427062988281,36.56185111524662,4807014
2019-02-19,36.23886489868164,36.497253519891295,36.174268975467484,36.23886489868164,2335649
2019-02-20,36.88483428955078,37.0786269891331,36.2388651954138,36.2388651954138,8987513
2019-02-21,36.303462982177734,36.88483367876807,36.23886459532781,36.82023775609464,6951085
2019-02-22,36.17427062988281,36.36806087256472,35.91588199685586,36.23886655605124,5691761
2019-02-25,37.0140266418457,37.0140266418457,36.36805758190363,36.49725188672733,7519682
2019-02-26,36.755638122558594,37.20781446397369,36.755638122558594,37.14321854782189,6984610
2019-02-27,36.949424743652344,36.949424743652344,36.62644026593541,36.88482636960335,6530339
2019-03-04,36.561851501464844,37.14322469982847,36.30346532988507,36.94943445509948,7917703
2019-03-05,36.561851501464844,36.82024013722127,36.174271012006855,36.30346532988507,5247673
2019-03-06,36.36805725097656,36.62644585827278,36.1742670275926,36.303461331240705,6377982
2019-03-07,36.6910400390625,36.6910400390625,36.174265313138626,36.23886122981301,6447112
2019-03-08,36.17427062988281,36.56185111524662,35.98048038720091,36.497255189078196,4745052
2019-03-11,36.04507064819336,36.56184536884956,35.98047473217743,36.17426494440147,5069240
2019-03-12,36.49725341796875,36.561849341002514,36.1742688744469,36.36805910772471,2834878
2019-03-13,36.62644577026367,36.62644577026367,36.30346124400769,36.30346124400769,2458241
2019-03-14,36.36805725097656,36.56184747436053,36.303461331240705,36.36805725097656,2963053
2019-03-15,36.82023620605469,36.82023620605469,36.3680573738468,36.3680573738468,7312709
2019-03-18,36.949424743652344,36.949424743652344,36.69103617580839,36.82023045973037,4582487
2019-03-19,36.755638122558594,37.078622631670086,36.62644382607875,37.078622631670086,3253635
2019-03-20,36.561851501464844,36.75564421037049,36.36806125673585,36.75564421037049,4902291
2019-03-21,36.303462982177734,36.62644752389786,36.10967274998096,36.62644752389786,5077725
2019-03-22,36.49725341796875,36.626447728212796,36.238864797480666,36.30346318469095,2825247
2019-03-25,36.23886489868164,36.497253519891295,35.65749419722468,35.65749419722468,4549512
2019-03-26,36.82023620605469,36.82023620605469,36.3680573738468,36.497251677931395,5235142
2019-03-27,36.82023620605469,36.82023620605469,36.497251677931395,36.82023620605469,3431879
2019-03-28,36.82023620605469,36.82023620605469,36.561847597885496,36.82023620605469,3430559
2019-03-29,37.337013244628906,37.337013244628906,36.88483438473089,37.078627084813284,9618423
2019-04-01,37.72459411621094,37.98298026188687,37.530801426733476,37.8537859569607,8961842
2019-04-02,37.46620178222656,37.789186280349206,37.27241157618821,37.789186280349206,9059223
2019-04-03,37.337013244628906,37.530803480534765,37.207818932632826,37.466207556624994,4326573
2019-04-08,37.65999221801758,37.91838080376252,37.46620201079697,37.91838080376252,6540252
2019-04-09,38.11217498779297,38.11217498779297,37.46620592020326,37.72459453290971,6067155
2019-04-10,38.11217498779297,38.11217498779297,37.78919045399811,37.91838476035134,4430452
2019-04-11,37.59539794921875,38.11217267915165,37.59539794921875,38.11217267915165,5258163
2019-04-12,37.98297882080078,38.04757720290119,37.466204084879095,37.98297882080078,5389019
2019-04-15,37.98297882080078,38.30596333877388,37.85378452077628,38.17676903874938,7979868
2019-04-16,38.17677307128906,38.241371460212875,37.91838690812354,37.982982832870775,5864611
2019-04-17,39.21031951904297,39.727094235778836,38.30596191662305,38.370560296325166,19391883
2019-04-18,39.27491760253906,39.40411190489859,38.88733715963683,39.210321683447475,6914022
2019-04-19,38.951934814453125,39.274919352656184,38.693548662396566,39.21032343068616,5964167
2019-04-22,38.62894821166992,39.08112703382214,38.49975391045839,39.08112703382214,4141125
2019-04-23,39.145721435546875,39.145721435546875,38.241366290460135,38.564350798886025,5149793
2019-04-24,39.27491760253906,39.339515985807004,38.88733715963683,39.27491760253906,3620578
2019-04-25,38.62894821166992,39.08112703382214,38.49975391045839,39.08112703382214,7626675
2019-04-26,38.11217498779297,38.49975544267622,37.65999614764488,38.49975544267622,7382558
2019-04-29,38.56435012817383,38.69354442213248,38.2413656253653,38.305961540256526,8983495
2019-04-30,38.241371154785156,38.43516139165567,37.65999797999705,38.43516139165567,9086051
2019-05-02,38.499752044677734,38.628946339628236,38.24136591895294,38.24136591895294,8004569
2019-05-03,38.56435012817383,38.628946043065056,38.305961540256526,38.49975174910641,8233653
2019-05-06,37.72459411621094,37.98298026188687,37.530801426733476,37.918384341511995,8649829
2019-05-07,38.88733673095703,38.88733673095703,37.78918886927115,38.04757747114183,7614472
2019-05-08,38.499752044677734,38.499752044677734,37.98297732905193,38.17676753938957,5359735
2019-05-09,37.98297882080078,38.241367420849784,37.85378452077628,38.17676903874938,6540923
2019-05-10,37.98297882080078,38.17676903874938,37.85378452077628,37.98297882080078,4988203
2019-05-13,37.46620178222656,37.98297648638756,37.27241157618821,37.98297648638756,8234778
2019-05-14,37.0786247253418,37.33701086871521,36.49725159044295,36.820236117792,7570833
2019-05-15,37.143218994140625,37.530799424061144,36.62644426618784,37.07862307721263,11488396
2019-05-16,37.0140266418457,37.2724152514931,37.0140266418457,37.1432209466694,7230863
2019-05-17,36.43265914916992,37.40161282373107,36.30346483305978,37.01402987540064,6627683
2019-05-20,36.36805725097656,36.56184747436053,35.85128250056052,36.43265563488881,6816423
2019-05-21,36.62644577026367,36.884831912762635,36.04507263733235,36.30346124400769,4602820
2019-05-22,36.49725341796875,36.755642038456834,36.30346318469095,36.561849341002514,3821952
2019-05-23,36.10967254638672,36.432657086285786,35.9804782375918,36.36805869980009,3435767
2019-05-24,35.980472564697266,36.238858677371944,35.980472564697266,36.109666853122654,2529337
2019-05-27,35.91587829589844,36.368057125012456,35.91587829589844,36.10967098278757,2558319
2019-05-28,36.62644577026367,37.07862459985732,36.36805716358833,36.36805716358833,14225406
2019-05-29,36.43265914916992,36.691045317213586,36.30346483305978,36.497255075136685,4655421
2019-05-30,36.62644577026367,36.75564007360134,36.23886286025067,36.23886286025067,5048621
2019-05-31,38.04758071899414,38.30596687874508,36.56184982767593,36.626448215746066,11873943
2019-06-03,37.789188385009766,38.11217290112096,37.20781527033909,37.595398168178306,5251722
2019-06-04,37.401611328125,37.85378772016406,37.27241701718104,37.46620725150871,3954885
2019-06-05,37.65999221801758,37.982976718110656,37.530797925145116,37.78918651089005,3577205
2019-06-06,37.59539794921875,37.78918816492155,37.401607733515945,37.59539794921875,3504157
2019-06-10,38.04758071899414,38.04758071899414,37.33701323528183,37.78919209506666,5437881
2019-06-11,38.499752044677734,38.758140634578744,38.17676753938957,38.24136591895294,6568399
2019-06-12,38.758140563964844,38.758140563964844,38.43515605926513,38.49975197453459,4766348
2019-06-13,38.758140563964844,39.08112506866455,38.43515605926513,38.758140563964844,4538412
2019-06-14,38.11217498779297,38.75814405538268,38.11217498779297,38.56435382794105,3834275
2019-06-17,38.17677307128906,38.69355032597326,37.91838690812354,37.982982832870775,3544246
2019-06-18,38.435150146484375,38.49974605181654,38.17676159680406,38.17676159680406,3010207
2019-06-19,38.951934814453125,38.951934814453125,38.62895027625007,38.75814458436659,7549922
2019-06-20,39.27491760253906,39.40411190489859,38.951933078728416,39.081127381087946,8277201
2019-06-21,39.597904205322266,39.597904205322266,39.274919664554254,39.274919664554254,9659033
2019-06-24,39.21031951904297,39.59789994055081,39.08112522381495,39.46870564532279,5948009
2019-06-25,38.951934814453125,39.53330796888921,38.951934814453125,39.14572504453967,6549152
2019-06-26,38.82273864746094,39.33951585518314,38.82273864746094,38.95193294939149,5635427
2019-06-27,39.53330612182617,39.53330612182617,38.88733707560083,38.88733707560083,7613658
2019-06-28,39.01652908325195,39.468705417677654,38.951930703922415,39.27491520804147,4784767
2019-07-01,39.27491760253906,39.66250050961765,39.081127381087946,39.59790212634971,6927711
2019-07-02,39.662498474121094,39.662498474121094,39.21031967115693,39.27491558693343,7393843
2019-07-03,39.21031951904297,39.59789994055081,39.14572113934085,39.46870564532279,4692396
2019-07-04,39.404109954833984,39.66249854676568,39.210319742973326,39.210319742973326,3804119
2019-07-05,39.145721435546875,39.404110027958076,38.88733530731191,39.27491573175247,5290070
2019-07-08,39.145721435546875,39.339514111943394,39.08112551953219,39.145721435546875,2689095
2019-07-09,38.82273864746094,39.14572317019914,38.75814272858384,39.14572317019914,3269793
2019-07-10,39.339515686035156,39.40411160463451,38.88733686331064,38.951932781909996,4634199
2019-07-11,39.21031951904297,39.53330402502491,39.14572113934085,39.46870564532279,4620849
2019-07-12,39.21031951904297,39.40410972979689,39.08112522381495,39.08112522381495,3045195
2019-07-15,39.72709655761719,39.72709655761719,39.21032181067858,39.27491772997977,4648723
2019-07-16,39.985477447509766,40.17926763219562,39.856283169660564,39.856283169660564,6791977
2019-07-17,39.85628890991211,40.11467503864835,39.79169052959586,39.98548320636835,4842040
2019-07-18,39.79169464111328,39.92088895091866,39.59790440849347,39.92088895091866,3433019
2019-07-19,39.339515686035156,40.05008064733344,39.27491730325946,39.85629042735903,8466970
2019-07-22,39.72709655761719,39.85629086039594,39.33951611345733,39.33951611345733,3444225
2019-07-23,39.46870803833008,39.79169256389473,39.33951619944531,39.66250072500997,7620822
2019-07-24,39.404109954833984,39.92088467452115,39.404109954833984,39.92088467452115,10110558
2019-07-25,39.72709655761719,39.79169247691838,39.40411203275851,39.40411203275851,11168785
2019-07-26,39.72709655761719,39.85629086039594,39.4687079520597,39.4687079520597,13128506
2019-07-29,39.69282150268555,39.898483261818036,39.350051032421014,39.487157128421906,15763893
2019-07-30,39.69282150268555,40.03559197295009,39.69282150268555,39.898483261818036,8222399
2019-07-31,39.41860580444336,39.898485006828054,39.14438837018603,39.76137628969939,8239553
2019-08-01,38.390296936035156,39.00728489713116,38.390296936035156,38.80162050001153,10912496
2019-08-02,37.63619613647461,37.978966583564066,37.56764047797813,37.77330222320561,11400205
2019-08-05,36.95065689086914,37.567642154078705,36.81354818288999,37.43053344609955,8835757
2019-08-06,36.67643737792969,36.74499042043419,36.12800519250085,36.196558235005355,8834402
2019-08-07,36.882102966308594,36.95065863109241,36.676441202219586,36.676441202219586,7307638
2019-08-08,37.361976623535156,37.49908531765686,36.88209750167459,36.95065315630086,6484823
2019-08-12,37.361976623535156,37.63619401177857,37.15631488991801,37.361976623535156,5228431
2019-08-13,37.01921081542969,37.156319526661214,36.67644034491645,37.08776386347987,5164536
2019-08-14,38.595951080322266,38.80161282161232,37.841857157215074,37.97896585645209,15084160
2019-08-15,38.52739715576172,38.664505851858124,37.841856290410554,38.321735419182545,6091281
2019-08-16,38.45884704589844,38.664511427265204,37.978970463059305,38.52740271139778,7454083
2019-08-19,38.45884704589844,38.93872624386882,38.39029399553035,38.93872624386882,3796986
2019-08-20,38.390296936035156,38.664514388773696,37.91041770130843,38.45884999165407,6508912
2019-08-21,38.595951080322266,38.66450673750624,38.2531806397952,38.458842381085255,4003692
2019-08-22,38.11607360839844,38.66450842934429,37.91041185810926,38.59595276916054,5591740
2019-08-23,38.390296936035156,38.390296936035156,37.97897337205879,38.18463515404697,2998542
2019-08-26,37.70475387573242,37.910415646573796,37.4305364378564,37.910415646573796,4200014
2019-08-27,37.63619613647461,38.047519626929564,37.49908743461263,37.84185788170208,8459439
2019-08-28,37.70475387573242,37.910415646573796,37.56764515679441,37.70475387573242,2870796
2019-08-29,38.04752731323242,38.253189100007376,37.56764806733652,37.704756796896994,4841751
2019-08-30,38.733062744140625,38.733062744140625,38.18463052034716,38.32173923007831,6298091
2019-09-02,38.32173538208008,38.8016118952566,38.32173538208008,38.733058854840195,2293603
2019-09-03,38.184627532958984,38.66450667190892,38.184627532958984,38.45884231583686,2035285
2019-09-04,38.45884704589844,38.45884704589844,38.0475235134274,38.18463222929483,5537764
2019-09-05,38.595951080322266,38.66450673750624,38.39028933903221,38.595951080322266,2877645
2019-09-06,38.66450500488281,38.73305804386388,38.39028761869694,38.73305804386388,2801332
2019-09-10,38.52739715576172,38.664505851858124,38.25317976356891,38.664505851858124,3736206
2019-09-11,38.733062744140625,38.733062744140625,38.45884532467833,38.733062744140625,3445467
2019-09-12,38.733062744140625,39.00728016360292,38.59595403440948,38.938724501171784,2866602
2019-09-16,38.870174407958984,38.93872746046895,38.664512635297775,38.93872746046895,2363769
2019-09-17,38.66450500488281,38.87016673695681,38.39028761869694,38.87016673695681,3081811
2019-09-18,38.80161666870117,38.938725381532194,38.45884619418921,38.73306361985126,4215571
2019-09-19,38.52739715576172,38.93872062892007,38.45884150014808,38.80161193282367,3128693
2019-09-20,38.93872833251953,38.93872833251953,38.52740477798533,38.59595783203057,5397802
2019-09-23,39.624263763427734,40.0355898752723,39.281493311122766,39.41860201507096,12025557
2019-09-24,39.41860580444336,40.035593723956715,38.938726602058665,39.898485006828054,10781235
2019-09-25,39.21293640136719,39.487151167102304,38.87016598285022,39.41859812945122,4943373
2019-09-26,39.35005569458008,39.48716180682518,38.93872951245039,39.418608750702624,7786049
2019-09-27,38.80161666870117,39.418604568875175,38.80161666870117,39.350051520025254,4857795
2019-10-01,38.66450500488281,39.555707587290684,38.32173457971587,39.555707587290684,8035093
2019-10-02,37.84185791015625,38.59595184826768,37.77330225160823,38.527398804850634,9168605
2019-10-03,37.293426513671875,37.567641308325754,37.019209103886965,37.567641308325754,11694960
2019-10-04,37.43053436279297,37.773304833569945,37.43053436279297,37.43053436279297,4560705
2019-10-07,37.293426513671875,37.91041176299137,37.224870853660136,37.77330305809892,6817763
2019-10-08,37.70475387573242,37.978971313608454,37.4305364378564,37.4305364378564,6464857
2019-10-09,37.293426513671875,37.77330305809892,37.293426513671875,37.77330305809892,5289295
2019-10-14,36.95065689086914,37.77330390848189,36.95065689086914,37.567642154078705,11862139
2019-10-15,37.01921081542969,37.361981285942925,36.81354905614798,37.08776386347987,10807864
2019-10-16,37.22487258911133,37.4305343484726,36.95065778167336,37.4305343484726,11126153
2019-10-17,37.15632247924805,37.70475475262357,37.01921375712133,37.56764603049685,16488807
2019-10-18,37.293426513671875,38.04752046788383,37.15631780877942,37.567641308325754,25954536
2019-10-21,38.66450500488281,38.66450500488281,37.636193729382,37.704746768363066,17727077
2019-10-22,39.761375427246094,39.9670371909125,38.80161704329456,39.007281422092184,24242946
2019-10-23,39.89848327636719,40.104145035574675,39.21294233558813,39.624265854003106,20184810
2019-10-24,39.761375427246094,39.761375427246094,39.281496235270325,39.624266713091416,16063304
2019-10-25,39.82992935180664,39.96703806897355,39.418605815437196,39.761376300788825,14390990
2019-10-28,39.9670295715332,39.9670295715332,39.6928148106318,39.9670295715332,10022539
2019-10-29,39.82992935180664,40.44691727149208,39.62426758362192,40.104146786140454,14441723
2019-10-30,40.03559112548828,40.03559112548828,39.76137370902875,39.96703546380785,6996430
2019-10-31,40.10414505004883,40.30980680933054,39.9670363388173,40.17269809809901,8621557
2019-11-01,41.063899993896484,41.063899993896484,40.03558866799054,40.24125041014554,14040034
2019-11-04,41.955101013183594,42.09220970774622,41.40666885006391,41.817992318620966,21349262
2019-11-05,42.77775192260742,43.25762844610507,42.16076408506628,42.50353452478227,22584800
2019-11-06,42.503536224365234,42.914859722419585,41.817995317520634,42.914859722419585,12227142
2019-11-07,41.74944305419922,42.43498397387322,41.54377868619216,42.43498397387322,10723752
2019-11-08,42.36642837524414,42.50353708240715,42.023657914902145,42.09221357604919,8257520
2019-11-11,41.612335205078125,42.50353789600029,41.612335205078125,42.50353789600029,9456066
2019-11-12,41.817996978759766,42.16076744579878,41.61233522156258,42.16076744579878,8301378
2019-11-13,41.74944305419922,41.88654914602916,41.40667259436221,41.817996100114186,7287763
2019-11-14,43.25762939453125,43.53184679836864,42.57208850006875,42.57208850006875,34091791
2019-11-15,43.051971435546875,43.73751239030122,42.98341838612392,43.53185062690116,13991863
2019-11-18,43.32618713378906,43.39474018047517,42.98341667009632,42.98341667009632,12449794
2019-11-19,43.53184509277344,44.01172160799065,43.18907465897207,43.326183355518786,14283365
2019-11-20,43.53184509277344,44.21738596037616,43.39473639622671,43.668953789320156,12685403
2019-11-21,42.914859771728516,43.3261858853865,42.77775368230688,43.051968476281175,9284334
2019-11-22,43.32618713378906,43.60040193566459,43.12052537859964,43.18907842528574,12776578
2019-11-25,42.983421325683594,43.53185360396714,42.91486565644104,43.463300549855965,6803005
2019-11-26,42.640647888183594,43.189080128696354,42.36643046036161,43.189080128696354,23660122
2019-11-27,42.1607666015625,42.5035370617378,42.02365789446616,42.5035370617378,10545056
2019-11-28,41.88655090332031,42.092215279955724,41.680889141816074,42.092215279955724,11139010
2019-11-29,41.33811950683594,41.81799870350901,41.13245774115641,41.81799870350901,9090053
2019-12-02,41.612335205078125,41.74944391486564,40.78968556148415,41.33811778550309,7636218
2019-12-03,42.22932052612305,42.22932052612305,41.475226544100934,41.68088830145868,6336268
2019-12-04,42.09221649169922,42.16076954246373,41.5437816250581,42.16076954246373,5335009
2019-12-05,41.955101013183594,42.366424481740644,41.817992318620966,42.29787144202475,6802585
2019-12-06,41.955101013183594,42.22931578717802,41.88654535833686,42.09220970774622,3277606
2019-12-09,42.1607666015625,42.1607666015625,41.749443095404565,41.95510484848353,3937265
2019-12-10,42.1607666015625,42.1607666015625,41.68088743429086,42.1607666015625,3434197
2019-12-11,42.1607666015625,42.29787530865884,42.02365789446616,42.22931964754513,3499432
2019-12-12,42.503536224365234,42.777753633155484,42.02365706654781,42.16076577094294,8461881
2019-12-13,42.640647888183594,42.91486270087437,42.36643046036161,42.91486270087437,7824948
2019-12-16,42.709197998046875,42.709197998046875,42.092212750609185,42.709197998046875,14500
2019-12-17,42.57209014892578,42.70919885615482,42.36642839564775,42.36642839564775,7079242
2019-12-18,43.12052536010742,43.12052536010742,42.50353747967264,42.57209052632935,9089449
2019-12-19,44.01172637939453,44.080284657796746,43.189079341191054,43.189079341191054,18108008
2019-12-20,43.8746223449707,44.42305721638786,43.66896057575491,44.01172844769371,15020616
2019-12-23,44.01172637939453,44.080284657796746,43.46329676401299,44.01172637939453,8238558
2019-12-24,44.01172637939453,44.28594380221646,43.80606723497482,44.14883770593665,6465313
2019-12-25,44.01172637939453,44.28594380221646,43.87462028311472,44.01172637939453,4336644
2019-12-26,44.01172637939453,44.080284657796746,43.87462028311472,44.01172637939453,3172355
2019-12-27,44.28593826293945,44.28593826293945,44.01172087441658,44.21738522337415,5418394
2019-12-30,44.21738815307617,44.491605559767805,44.080282064861365,44.4230525156604,4703271
2019-12-31,44.08028793334961,44.217394039817606,43.94317659661891,44.14884098658361,4422115
2020-01-02,43.8746223449707,44.08028672931778,43.53185185790062,44.08028672931778,8212565
2020-01-03,44.01172637939453,44.01172637939453,43.53184981215289,43.87462028311472,7229367
2020-01-06,43.189083099365234,43.394744876812126,42.160771596999396,42.77775954447146,14527954
2020-01-07,42.914859771728516,42.98341543157036,42.29787452393808,42.8463067270177,13139415
2020-01-08,42.77775192260742,42.91485800638908,42.36642582586969,42.36642582586969,6623136
2020-01-09,43.25762939453125,43.53184679836864,42.77775286051228,42.84630590390614,4931541
2020-01-10,43.8746223449707,43.94317539633221,43.25763442219204,43.25763442219204,7789946
2020-01-13,43.943180084228516,43.943180084228516,43.18908597827944,43.874627025553714,5858080
2020-01-14,44.28593826293945,44.28593826293945,43.80606175572068,44.08027914424355,7456035
2020-01-15,44.28593826293945,44.560155651462324,44.14883218380885,44.28593826293945,7788837
2020-01-16,44.560157775878906,44.560157775878906,44.14883428861548,44.423051690211736,7655506
2020-01-17,44.560157775878906,44.69726386154608,44.35449341711624,44.560157775878906,6210195
2020-01-20,44.560157775878906,44.62871081871249,44.423051690211736,44.560157775878906,3718133
2020-01-30,42.22932052612305,43.53184934794065,42.0236587687653,43.53184934794065,22625696
2020-01-31,42.503536224365234,43.05196842681471,42.229318815574985,42.229318815574985,12648920
2020-02-03,41.88655090332031,42.434985754173184,40.92679514459015,41.13245690609438,12501606
2020-02-04,42.36642837524414,42.70919883558613,42.36642837524414,42.70919883558613,7625538
2020-02-05,42.640647888183594,43.05197141478536,42.160768697060725,42.434986124882705,10940429
2020-02-06,43.53184509277344,43.668953789320156,42.77775118446278,43.05196596242535,7356149
2020-02-07,43.6689567565918,43.6689567565918,43.05196888777314,43.463295005362596,6313054
2020-02-10,43.53184509277344,43.600398133481356,42.64064248791606,43.05196596242535,5635808
2020-02-11,43.73750686645508,44.148832956437815,43.394736432368234,43.53184512902914,6193506
2020-02-12,44.08028793334961,44.217394039817606,43.60040610018622,43.60040610018622,5625421
2020-02-13,44.42304992675781,44.56015600698231,44.011721225560926,44.011721225560926,6336760
2020-02-14,43.8746223449707,44.491610267749365,43.8060692936092,43.8746223449707,6923400
2020-02-17,43.600399017333984,43.737507716660126,42.98341379306273,43.189075534486484,6061111
2020-02-18,43.25762939453125,43.46329375497478,42.57208850006875,43.18907635113739,8384820
2020-02-19,43.39474105834961,43.53184976962663,42.84630882837267,43.18907929899965,4328961
2020-02-20,43.32618713378906,43.53184888897849,43.18907842528574,43.53184888897849,4264077
2020-02-21,43.189083099365234,43.394744876812126,42.98342132191834,43.189083099365234,5153796
2020-02-24,43.189083099365234,43.189083099365234,42.503542097788014,42.503542097788014,7615282
2020-02-25,43.051971435546875,43.257633198946934,42.64064790874674,42.64064790874674,5280276
2020-02-26,42.914859771728516,43.120524136123024,42.57208931791237,42.57208931791237,6271941
2020-02-27,42.503536224365234,42.98341538218266,42.503536224365234,42.70919797339241,7586203
2020-03-02,42.22932052612305,42.50353794602079,41.26956478674319,41.26956478674319,14853195
2020-03-03,42.22932052612305,42.50353794602079,42.0236587687653,42.22932052612305,8387190
2020-03-04,42.57209014892578,42.57209014892578,42.02365793514068,42.02365793514068,4472934
2020-03-05,42.709197998046875,42.98341540699542,42.366427544426706,42.5720892935726,7914156
2020-03-06,42.36642837524414,42.57209012842312,42.229319668081125,42.50353708240715,6809058
2020-03-09,41.475223541259766,42.22931746868484,41.269561798792104,41.612332241281855,9009696
2020-03-10,41.475223541259766,42.092211383793696,40.99534439874793,41.132453098770014,8958447
2020-03-11,41.612335205078125,42.09221438176887,41.33811778550309,41.40667344796241,5650159
2020-03-12,40.30980682373047,41.269565187562854,39.6242658824591,41.269565187562854,12769619
2020-03-13,41.54377746582031,41.95510357462042,37.361979024704006,38.52739907694115,23301672
2020-03-16,39.281494140625,41.33811689788422,39.281494140625,41.132455145184515,16417272
2020-03-17,38.52739715576172,39.28149106159566,37.49908585773497,37.49908585773497,15429722
2020-03-18,37.70475387573242,38.59595662613257,37.70475387573242,37.978971313608454,12345681
2020-03-19,35.44247055053711,37.08776739666187,34.75692954420228,36.53933511462028,16602828
2020-03-20,37.56764221191406,38.390291845924374,35.92234555902453,35.92234555902453,17800218
2020-03-23,36.059452056884766,37.63619829607627,35.64812854282766,35.64812854282766,7673021
2020-03-24,39.281494140625,39.35004980161228,37.56764184290898,37.636197503896256,11018118
2020-03-25,40.85823440551758,41.54377526879895,40.1726935422362,41.47522222852316,10533388
2020-03-26,41.20101547241211,41.54378599253244,40.37836831622852,41.33812420348655,8167624
2020-03-27,41.26956558227539,42.16076829142563,40.65257768317767,41.95510653010345,7426101
2020-03-30,40.85823440551758,41.13245179688247,40.1726935422362,40.51546397387689,7054744
2020-03-31,41.26956558227539,42.50353876533966,40.9953481570917,41.8179978175116,9430723
2020-04-01,40.92679214477539,41.475224340298595,40.85823648587812,41.26956259386877,5843251
2020-04-06,43.051971435546875,43.87462110427833,42.434986145346684,43.80606805485538,15563075
2020-04-07,43.051971435546875,43.66895934087827,42.709200958169696,43.46329757747821,11580295
2020-04-08,42.84630584716797,43.18907629394531,42.709197145430835,42.91485889047105,7034523
2020-04-09,42.36642837524414,44.21738938411712,42.16076662206516,44.21738938411712,12000739
2020-04-10,42.36642837524414,42.77775449673317,42.29787532922817,42.57209012842312,3689074
2020-04-13,42.43498229980469,42.777752746119326,42.297873598252636,42.50353534301523,3715114
2020-04-14,43.6689567565918,43.73750980195785,42.77775409117789,42.914860181909994,10769024
2020-04-15,43.46329879760742,43.80606928460707,43.25763441330261,43.66896056678095,13919256
2020-04-16,43.25762939453125,43.66895550028733,42.9148589473,43.051967649218696,11116449
2020-04-17,43.051971435546875,43.87462110427833,42.64064790874674,43.60040367632411,11505227
2020-04-20,43.25762939453125,43.39473809644994,42.9148589473,42.983414605824834,8380004
2020-04-21,42.640647888183594,43.326188842607344,42.297877410971715,42.91486270087437,7052376
2020-04-22,42.503536224365234,42.777753633155484,42.29787447533806,42.503536224365234,5995944
2020-04-23,43.12052536010742,43.394740161865364,42.43498443301593,42.70919923477387,5613054
2020-04-24,42.77775192260742,43.25762844610507,42.640643223694845,43.18907540421424,4645810
2020-04-27,42.84630584716797,43.326184995682446,42.503535400390625,43.326184995682446,8624648
2020-04-28,43.051971435546875,43.326188863501095,42.98341838612392,43.18908014952398,10079757
2020-04-29,43.32618713378906,44.01172544604345,43.257631471971855,43.53184888897849,12204298
2020-04-30,44.491607666015625,44.491607666015625,43.46329626493789,43.600402359643354,14997987
2020-05-04,43.8746223449707,44.08028672931778,43.189081370830536,43.8746223449707,10448965
2020-05-05,43.8746223449707,44.3544989347638,43.737513627116414,43.8060692936092,10354755
2020-05-06,44.21738815307617,44.354494241290986,43.39473854813228,43.874617702277135,8366864
2020-05-07,44.21738815307617,44.4230525156604,44.080282064861365,44.21738815307617,6470523
2020-05-08,44.491607666015625,45.382807742125635,44.42305461866289,44.560160713368354,10388422
2020-05-11,45.17714309692383,45.519913522196,44.628708324383716,45.108590057921724,12186129
2020-05-12,44.97148895263672,45.245706401120316,44.42305928593234,44.56016539504273,11313889
2020-05-13,44.902931213378906,44.97148426078199,44.62871379350429,44.76582511857273,6963950
2020-05-14,44.560157775878906,45.382804750405754,44.21738733144907,44.902928220308745,8347048
2020-05-15,44.697265625,45.17714740429183,44.14883603043205,44.902929991876796,13727025
2020-05-18,45.58847427368164,45.931244756942405,44.697268925098655,44.697268925098655,13618500
2020-05-19,46.822452545166016,47.507993547407025,46.2740176512681,46.61678815238861,20745776
2020-05-20,46.822452545166016,47.43943526297271,46.41112375961119,47.30232915462961,10280733
2020-05-21,47.85075759887695,47.91931064380845,47.23376973396931,47.30232277890081,15977331
2020-05-22,47.09666061401367,47.98786593054297,47.028107565879644,47.98786593054297,9504649
2020-05-25,47.30232238769531,47.78219892850915,46.34256407580561,47.64509283978006,5751434
2020-05-26,47.64509201049805,47.91930941344539,47.50798592415535,47.50798592415535,8795859
2020-05-27,47.30232238769531,48.056416336229354,47.16521629896622,47.98786329186481,10711000
2020-05-28,47.64509201049805,47.85075637027404,47.233768521208006,47.7136450536694,13483389
2020-05-29,47.98786544799805,47.98786544799805,47.23377146558196,47.64509498051235,24360965
2020-06-01,47.9193115234375,48.33063503083902,47.64509410841577,48.05641761581729,9483498
2020-06-02,47.9193115234375,48.19352893845924,47.64509410841577,47.98786456962739,7537887
2020-06-03,48.05641555786133,48.33063296114005,47.85075642809875,48.19352687463166,10202967
2020-06-04,49.01617431640625,49.35894476617133,48.33063341687609,48.399186460776704,18978891
2020-06-05,49.35894775390625,49.35894775390625,49.01617728339301,49.29039470585606,7689958
2020-06-08,48.53630065917969,48.53630065917969,47.30232487469151,47.98786581490443,20925364
2020-06-09,48.53630065917969,48.60485370714852,47.64509534479797,48.26208323704206,12637883
2020-06-10,47.85075759887695,48.947622008567166,47.85075759887695,48.6734045985791,14046152
2020-06-11,47.782203674316406,48.33063854422827,47.645097571969714,48.12497416044569,9533157
2020-06-12,46.47967529296875,47.30232228406508,46.27401093006366,47.233769239850716,14108068
2020-06-15,45.93124771118164,46.47968261177849,45.72558331589211,46.06835382119944,8911957
2020-06-16,46.616783142089844,46.68533618889342,46.342565724613344,46.616783142089844,7856143
2020-06-17,46.68533706665039,47.233771911914815,46.342566595925696,46.9595544892826,6771531
2020-06-18,47.16521453857422,47.16521453857422,46.75388582721531,46.959550182894766,7745057
2020-06-19,47.71364974975586,49.08473166917564,47.71364974975586,48.39919070946575,19301217
2020-06-22,47.98786544799805,48.12497154288742,47.78220107540172,48.056418495442735,7559976
2020-06-23,47.98786544799805,48.33063591548375,47.78220107540172,48.056418495442735,7105249
2020-06-24,48.604854583740234,48.947625060028585,48.262084107451884,48.330637156657076,6660955
2020-06-29,48.604854583740234,49.01617810923377,47.91931363116354,48.05641972957392,7515570
2020-06-30,48.673404693603516,48.947622104126935,48.467740328145425,48.947622104126935,8072316
2020-07-01,49.08473205566406,49.15328510612234,48.60485547219362,48.6734085226519,7218199
2020-07-02,49.77027130126953,50.11304177198111,49.22184168628838,49.29039473437823,11648718
2020-07-03,50.73002624511719,50.86713233205326,50.0444853499129,50.0444853499129,11031971
2020-07-06,51.689788818359375,51.689788818359375,50.867136537937114,50.93569481733576,9586314
2020-07-07,51.96400451660156,52.23821670402502,51.347016634374356,51.758340145771754,16760003
2020-07-08,52.580989837646484,52.85520726925179,51.75834277309305,51.96400715436265,14601784
2020-07-09,52.580989837646484,53.952071765410544,52.443883736975074,52.99231860018569,15508715
2020-07-10,52.78664779663086,52.99231215287832,51.41556603567941,52.78664779663086,10192024
2020-07-13,53.3350830078125,53.540742135397174,52.92375429211938,52.99231256490949,6935986
2020-07-14,53.12942123413086,53.40363864784332,52.51243336084337,53.197974279993446,5872204
2020-07-15,53.95206832885742,54.36339706519646,53.54074482278054,53.67785614498093,10257813
2020-07-16,53.472198486328125,54.36340388653871,53.472198486328125,54.36340388653871,6483667
2020-07-17,53.472198486328125,54.7061743896562,53.26653409235251,54.50050999568059,6826458
2020-07-20,54.15773010253906,54.56905358891103,53.67785357348208,53.883512701537114,8673119
2020-07-21,54.77471923828125,54.98037837118372,54.431948786515115,54.431948786515115,14055707
2020-07-22,56.214359283447266,56.21435928344727,54.63761296753826,54.63761296753826,14392163
2020-07-23,56.214359283447266,56.76279414904932,55.32315393440957,56.21435928344727,9547855
2020-07-24,54.77471923828125,56.214354089646626,54.29483746765145,55.665919274715996,13726761
2020-07-27,54.706172943115234,56.07725491933103,54.637614660094314,54.706172943115234,13449732
2020-07-28,54.637611389160156,55.46026366379835,54.08918176966372,54.08918176966372,15522929
2020-07-29,55.25459671020508,55.734478488925376,54.77472016174689,54.843273207203474,13760755
2020-07-30,56.28290557861328,56.557122978500814,55.52881165161898,56.21435253620687,20279862
2020-07-31,56.07725143432617,56.762792379830096,56.07725143432617,56.69423410106983,20983875
2020-08-03,52.84616470336914,54.713011856093246,52.77436394327337,53.63598402051624,34948928
2020-08-04,54.06680679321289,54.06680679321289,52.630769486387024,53.49238967926351,16153435
2020-08-05,55.574642181396484,55.933651490736196,54.06680417777917,54.354007242813076,16250900
2020-08-06,54.713008880615234,55.861842891857385,54.49760661204224,55.646435145237845,11131499
2020-08-07,54.56941604614258,55.50284245920346,54.56941604614258,54.71301758136082,9316727
2020-08-10,54.78481674194336,55.7182375562417,54.78481674194336,54.78481674194336,10840768
2020-08-11,54.06680679321289,54.92842698608938,54.06680679321289,54.92842698608938,7943289
2020-08-12,53.2769775390625,54.42581167309658,52.989774483601124,54.42581167309658,5835317
2020-08-13,53.85139083862305,54.13859935203838,53.27697381179237,53.994992356307336,5731191
2020-08-14,58.15950012207031,58.87751864209587,55.14382452918159,55.287426041968075,44662142
2020-08-17,60.52895736694336,60.74435961454893,58.87751274507053,59.021114243474244,26052630
2020-08-18,59.02112579345703,61.031580032815675,58.80572350369888,60.74437150175771,16017372
2020-08-19,58.51851272583008,60.52896688799759,58.51851272583008,59.59554056740977,10396615
2020-08-20,56.65166473388672,58.51851186970348,54.64121060113217,58.51851186970348,15190597
2020-08-21,55.93364334106445,57.58508263657989,55.28742558279906,57.44148112498603,19709895
2020-08-24,55.71823501586914,56.436253522460355,55.574633505769484,56.22085125731087,9335394
2020-08-25,56.65166473388672,56.93887324971548,56.29265545861246,56.579863974441224,13014794
2020-08-26,56.79527282714844,57.44149069305479,56.29266197480318,57.369689925297955,13695958
2020-08-27,56.36445236206055,56.86706312184124,55.646433860633024,56.79526236730777,12578055
2020-08-28,55.4310302734375,56.57986434426162,54.784817956157475,56.57986434426162,16321210
2020-08-31,55.28742980957031,56.436258424289655,55.143828286997994,56.077249139811926,15953639
2020-09-01,55.93364334106445,56.579861099329854,55.28742558279906,55.79003635142408,15309592
2020-09-02,55.86184310913086,56.436254638939545,55.43102761421613,56.22085236952875,12238780
2020-09-03,55.86184310913086,56.508055395409805,55.64643536167349,56.22085236952875,12603137
2020-09-04,55.143829345703125,55.43103239636176,53.92319446821574,54.71301381362108,17430539
2020-09-07,54.282203674316406,55.14382925907996,54.21040291176454,55.14382925907996,8978169
2020-09-08,53.77959060668945,54.928419193559776,53.42058133091456,54.928419193559776,11086323
2020-09-09,53.42058181762695,53.42058181762695,52.19994698204306,53.20517405898072,13942749
2020-09-10,54.49761199951172,54.85662129400383,53.9231949371055,54.354004994886616,11524031
2020-09-11,54.85661697387695,54.85661697387696,53.99499144812329,54.49760770765793,7365656
2020-09-14,56.077247619628906,56.077247619628906,54.71301127998686,55.14382679211883,8796455
2020-09-15,56.22085189819336,56.364453409929986,55.71823565102212,56.149045664278525,8749597
2020-09-16,56.57985305786133,56.93886226386795,56.00543613703245,56.436246088631236,10763554
2020-09-17,56.43626022338867,57.08247805165838,56.36445945981362,56.57986722858589,7201912
2020-09-18,56.077247619628906,56.508057653714076,55.79003910422319,56.220854616355155,10013346
2020-09-21,54.78481674194336,56.07724682590568,54.78481674194336,56.005446067582234,6363307
2020-09-22,54.282203674316406,54.713013727674664,53.99499514606189,54.21040291176454,7007505
2020-09-23,54.13860321044922,54.71301480017095,53.85139467656477,54.28220473836787,5435354
2020-09-24,52.41535186767578,53.779588148882134,52.19994412083657,53.492379645778705,13664963
2020-09-25,52.70256042480469,53.20517119721599,51.984541905333366,53.133370440878174,7114338
2020-09-28,53.2769775390625,53.42058454484033,52.702565950092605,52.91796824168864,8221454
2020-09-29,53.49238586425781,54.06680293724053,53.20517732776645,53.851395165360216,6077188
2020-09-30,54.282203674316406,54.282203674316406,53.49238433015176,53.77959285840628,7021849
2020-10-05,53.13336944580078,54.42580494786317,52.917961702774896,54.28219795983043,9349746
2020-10-06,53.77959060668945,53.923192125780695,53.13337281468527,53.63598360955141,8615949
2020-10-07,53.2769775390625,53.851394606079545,52.989774483601124,53.7795938422142,8629674
2020-10-08,53.77959060668945,53.77959060668945,53.20517357423089,53.492382090460175,7270324
2020-10-12,52.630767822265625,53.85139730325374,52.48716080929516,53.7077957683307,12446272
2020-10-13,53.06157302856445,53.06157302856445,52.271753702979645,52.55895674643091,6437497
2020-10-14,53.06157302856445,53.2769753111529,52.774364507066274,53.06157302856445,4729510
2020-10-15,53.205169677734375,53.27697043202164,52.558951933056136,52.84616042825162,6149276
2020-10-16,52.558956146240234,53.133373182677104,52.558956146240234,52.98977166259131,5874286
2020-10-19,52.558956146240234,52.77436390441577,52.41535462615444,52.702563144372874,3650878
2020-10-20,52.558956146240234,53.06157242263421,52.48715538619734,53.06157242263421,3610012
2020-10-21,51.12291717529297,52.917963501364305,51.12291717529297,52.917963501364305,15597770
2020-10-22,51.76913833618164,51.840939098313974,50.83571747236729,50.907518234499626,10713441
2020-10-23,51.481929779052734,51.840939067548355,51.26652749278357,51.76913830545863,5340975
2020-10-26,51.840938568115234,51.98454556895818,51.697337045319244,51.76913780671724,4133671
2020-10-27,51.912742614746094,52.05634413147631,51.194724075001595,51.625534103238955,4262483
2020-10-28,52.487159729003906,52.55896049498762,51.912748123086864,51.912748123086864,5929978
2020-10-29,51.69733810424805,52.12814815950736,51.12292104520424,51.55373657851062,7243017
2020-10-30,51.69733810424805,51.984546633769945,51.19472728612001,51.33832881185743,7800361
2020-11-02,52.271751403808594,52.271751403808594,51.41012587721263,51.697334386077955,4396962
2020-11-03,52.630767822265625,52.70256858972714,51.984549959017095,52.2717585069106,5491004
2020-11-04,52.19994354248047,52.63075903138561,51.9127405206057,52.41535128693304,6598015
2020-11-05,52.19994354248047,53.06156904224425,52.19994354248047,52.27174977599566,7419708
2020-11-06,52.98977279663086,52.98977279663086,52.271754224741805,52.34355498632132,7519064
2020-11-09,53.13336944580078,53.42057794381981,52.77436019278862,53.34877718882667,6819544
2020-11-10,51.76913833618164,52.63076391591067,51.697337574049314,52.41535615146666,11659311
2020-11-11,51.41012954711914,52.056347368684634,51.19472725862868,51.55373655082651,14133616
2020-11-12,51.051116943359375,51.91274247557084,51.051116943359375,51.840936239351514,9922097
2020-11-13,51.33832550048828,51.55373325324748,50.83571471477911,50.83571471477911,9460363
2020-11-16,54.64120864868164,54.78481564048803,52.558953830885144,52.63076006581164,23016048
2020-11-17,54.282203674316406,55.2874307841837,53.77959285840628,55.00022225592918,21271366
2020-11-18,54.78481674194336,54.92841825859026,53.99499196624521,54.21039971926229,13732422
2020-11-19,54.92841720581055,55.14382495469904,54.28219943719169,54.71300945692206,9137022
2020-11-20,54.92841720581055,55.21562571164633,54.56940794302747,55.14382495469904,5012860
2020-11-23,55.64643478393555,55.64643478393554,54.92841627059444,55.57463402821074,9945738
2020-11-24,55.574642181396484,55.933651490736196,55.28743363831525,55.71824371391344,8432194
2020-11-25,55.64643478393555,55.79003629538516,55.359226282989795,55.64643478393554,6882150
2020-11-26,55.790042877197266,56.22085841846446,55.502839820415346,55.8618491194399,6617401
2020-11-27,55.790042877197266,55.79004287719726,55.28743204978175,55.574640584610826,8142375
2020-11-30,55.28742980957031,55.933647617239615,54.569411240614855,55.86184685595345,19100842
2020-12-01,55.64643478393555,55.64643478393554,54.569407013923886,54.92841627059444,6082745
2020-12-02,55.86184310913086,56.07724537854165,55.35922685774586,55.57463460520323,9101148
2020-12-03,55.574642181396484,56.220860033817424,55.50284141513801,56.00545225699467,7789105
2020-12-04,56.72346115112305,56.72346115112305,55.7182341616964,55.861841147640995,9493804
2020-12-07,58.446712493896484,58.518513255041746,57.297883881431424,57.441485403721956,16927163
2020-12-08,58.80571746826172,59.88274524065462,58.08769895333312,58.87751822414528,13621584
2020-12-09,58.80571746826172,58.87751822414528,58.303101220983784,58.87751822414528,7156346
2020-12-10,57.872291564941406,58.3031015809491,57.369680792606864,58.159500068295394,10607250
2020-12-11,58.23130416870117,58.80572120839648,57.369684087205094,57.94409564885352,8750967
2020-12-14,57.36968231201172,58.15950160861818,57.36968231201172,58.15950160861818,8490615
2020-12-15,55.71823501586914,57.44148052729735,55.502832750719655,57.297879017197694,11927312
2020-12-16,56.65166473388672,57.01067400916097,55.71823842695493,56.0054469427837,11125876
2020-12-17,55.790042877197266,56.651668481684496,55.79004287719726,56.651668481684496,6066968
2020-12-18,56.65166473388672,57.29788252498973,56.0054469427837,56.14904846167468,10469138
2020-12-21,57.08247375488281,57.08247375488281,56.00544594818691,56.65166372781379,6381039
2020-12-22,56.22085189819336,57.08247192470616,55.93364339667359,57.08247192470616,6898829
2020-12-23,56.72346115112305,56.72346115112305,55.28742415995537,56.00544265553921,6474036
2020-12-24,56.57985305786133,56.795255294637855,56.22084385185472,56.795255294637855,3655745
2020-12-25,57.297889709472656,57.44149124636959,56.6516718373415,56.867074142686896,4620520
2020-12-28,58.08769607543945,58.159496827765714,57.441478348410584,57.80048758808815,6714132
2020-12-29,57.72869873046875,58.08770804411837,57.44149018393958,58.01590727699793,3961897
2020-12-30,58.15950012207031,58.15950012207031,57.44148160204475,57.94409237484402,4201886
2020-12-31,58.08769607543945,58.30309833241824,57.72868683576189,57.944089092740676,3723596
2021-01-04,58.23130416870117,58.518512688548824,57.58508636855568,57.72869336750294,9153285
2021-01-05,60.81616973876953,60.88797597708658,58.30310478298489,58.37491102130194,16991944
2021-01-06,60.241764068603516,61.606000559310594,59.66734697418557,60.313564835893914,14764528
2021-01-07,60.241764068603516,60.95978269760226,60.169963301313125,60.169963301313125,8882793
2021-01-08,60.74437713623047,61.03158569392907,60.098159250920524,61.03158569392907,9482793
2021-01-11,60.959781646728516,61.03158241278115,60.02635525390235,60.744373870523305,7976386
2021-01-12,60.959781646728516,61.03158241278115,60.169962264054924,60.959781646728516,8356934
2021-01-13,61.821388244628906,62.39580520323632,60.95976828476389,61.03156903507829,13551025
2021-01-14,61.46239471435547,62.39582114100618,61.031584624381104,61.74960326702088,10893302
2021-01-15,61.03157043457031,62.252199652043224,61.03157043457031,61.893190414192816,10853652
2021-01-18,59.739139556884766,60.45715808751101,58.73391799644535,60.45715808751101,10214078
2021-01-19,59.3083381652832,60.24176458215788,59.3083381652832,59.954556032500484,7966074
2021-01-20,58.3031005859375,59.59553608995019,57.585082078829664,59.30832759149776,12676370
2021-01-21,58.446712493896484,59.23653182258827,58.159503971268485,58.87752253881501,7760207
2021-01-22,59.16473388671875,59.52374318763568,58.37491452031096,58.518516049458846,7904229
2021-01-25,60.52895736694336,60.67255886534707,59.308322718327695,59.308322718327695,9653974
2021-01-26,59.59553909301758,60.52896539051246,59.59553909301758,60.52896539051246,7027506
2021-01-27,60.385353088378906,60.9597700637495,59.73913536059856,59.73913536059856,7225655
2021-01-28,59.45194625854492,61.03158509326934,58.949329918007116,59.66734856616323,10844332
2021-01-29,57.944095611572266,59.66734125150256,57.944095611572266,59.09292969022371,10507384
2021-02-01,59.236534118652344,59.523742652412814,58.087705461657606,58.087705461657606,8201176
2021-02-02,60.74437713623047,61.103386463841815,59.45194684365818,59.45194684365818,14721538
2021-02-03,61.390586853027344,61.82139689322869,60.528966772624656,61.46238761338642,9941294
2021-02-04,60.672569274902344,61.5341893692443,60.672569274902344,61.39058784620296,5602226
2021-02-05,61.10337829589844,61.605994574196075,60.31355897634144,60.67256825596252,7604580
2021-02-17,63.6882438659668,63.83185086431055,61.82139671187287,62.467614509302614,20455516
2021-02-18,63.83184814453125,64.11905665093438,63.04202886045763,63.32923188881413,12081970
2021-02-19,63.3292350769043,63.47284207635857,62.32401347095892,63.3292350769043,9293138
2021-02-22,62.68302917480469,64.33446875237767,62.68302917480469,63.40104781150097,10534330
2021-02-23,62.252201080322266,62.53940957280139,61.82139108062675,62.53940957280139,8164545
2021-02-24,61.390586853027344,62.68302245167825,61.17517909390323,62.18040617307095,9423197
2021-02-25,62.467620849609375,62.467620849609375,61.606000684282,61.96500999950964,9471218
2021-02-26,61.03157043457031,61.82138966223198,60.88796893064864,61.74958891027114,15149831
2021-03-02,61.749595642089844,62.10860491907874,61.53418788467778,61.60599412251302,7958467
2021-03-03,61.46239471435547,62.324020372351704,61.24699240839204,62.10861258834077,9971057
2021-03-04,61.1751823425293,61.67779864782736,61.031580814185375,61.46239087726431,11632021
2021-03-05,61.390586853027344,61.390586853027344,60.67256829334281,60.88797605246692,10146193
2021-03-08,61.03157043457031,62.18039890008239,60.744361948680734,62.18039890008239,9522414
2021-03-09,61.390586853027344,61.60599461215145,60.16995749278239,61.60599461215145,11323259
2021-03-10,61.534183502197266,62.1086004956881,61.39058199284778,62.1086004956881,8556254
2021-03-11,62.32401657104492,62.395817335320075,61.605997972199,61.605997972199,6774139
2021-03-12,63.54463577270508,63.688237278148044,62.324006542301014,62.324006542301014,10505777
2021-03-15,63.83184814453125,64.04725041579863,63.04202886045763,63.18563037463588,8225231
2021-03-16,64.26266479492188,64.40626632391512,63.61644695835791,63.9754562588882,8212520
2021-03-17,63.6164436340332,64.11905991533934,63.40104135179935,63.831851394313965,8256256
2021-03-18,65.69869232177734,67.27833082026272,63.61643758974015,63.61643758974015,15936336
2021-03-19,64.19085693359375,65.6268939769491,64.19085693359375,65.33968547266872,13185852
2021-03-22,65.19608306884766,65.33968458000268,64.1190553010454,64.33445756777796,5520567
2021-03-23,67.06292724609375,68.1399549679966,65.12427405984084,65.12427405984084,14252281
2021-03-24,67.27833557128906,67.85275259932747,66.99113253531662,67.13473405330284,6555809
2021-03-25,66.7757339477539,67.70916037695227,66.41672462545415,66.63213241005302,7319547
2021-03-26,67.49373626708984,67.70914399958627,66.91931929913018,66.91931929913018,5517504
2021-03-29,70.3658218383789,70.65303037006335,68.13996530440696,68.13996530440696,13901772
2021-03-30,71.0838394165039,71.37104794409917,69.36059372897925,70.36582083653921,14385589
2021-03-31,70.3658218383789,73.23789619912907,70.3658218383789,71.80185901875399,22792150
2021-04-01,71.0838394165039,72.16086728645094,71.01203865411684,71.80185799646858,8810043
2021-04-07,71.0838394165039,72.16086728645094,70.72483012652155,71.80185799646858,7813612
2021-04-08,70.94023895263672,71.4428497749097,70.94023895263672,71.01203971609756,6911796
2021-04-09,70.29401397705078,71.08383325089586,70.0786062305264,70.94023173857732,9445184
2021-04-12,69.93501281738281,71.08384148311667,69.93501281738281,70.36582288227712,5563713
2021-04-13,68.85797882080078,69.9350066267214,68.35536255787648,69.6477981161999,12107857
2021-04-14,68.92977142333984,69.86319760258266,68.21175297101338,69.57598912604286,12157347
2021-04-15,68.85797882080078,68.9297795789195,68.35536255787648,68.85797882080078,8869329
2021-04-16,70.29401397705078,70.29401397705078,68.92977769783842,69.07337921015696,9318846
2021-04-19,69.86321258544922,70.2222218886056,69.50420328229285,69.86321258544922,6484258
2021-04-20,70.3658218383789,70.72483113347268,69.93501177987581,70.00681254328514,7722895
2021-04-21,70.22222137451172,70.72483220403215,70.006813602976,70.006813602976,8067130
2021-04-22,69.7914047241211,70.65303031854614,69.50420167069318,70.50942331378509,12584591
2021-04-23,70.07861328125,70.8684326345601,69.64780322290332,70.36582181283015,9668766
2021-04-26,70.94023895263672,70.94023895263672,70.00681259350448,70.07861335696532,6110509
2021-04-27,69.93501281738281,71.37105001906194,69.64780428143754,71.37105001906194,10976758
2021-04-28,70.07861328125,70.65303034441031,69.57600245952005,70.36582181283015,7962122
2021-04-29,70.65303039550781,70.724831158943,70.15041409536725,70.29402110028475,7582174
2021-05-03,69.07337951660156,70.36581504538856,69.07337951660156,69.71959728099506,11319980
2021-05-04,67.70915222167969,69.07338309966507,67.06293442376476,69.07338309966507,12328643
2021-05-05,67.56554412841797,68.13996115682289,67.27833561421552,67.3501418513012,7746365
2021-05-06,66.7757339477539,67.6373541300543,66.27312308775326,67.27834480775455,13531308
2021-05-07,68.49897766113281,68.49897766113281,66.77573187205105,66.77573187205105,10535488
2021-05-10,67.85275268554688,68.92978050595238,67.70915116737818,68.49897047339954,6937375
2021-05-11,65.69869232177734,67.06292855849456,65.05247458038009,66.7757200647573,12086198
2021-05-12,63.11383819580078,65.55510261496714,60.31356446434664,64.69347697864805,23856377
2021-05-13,63.2574348449707,64.47806969932425,61.17517989887684,62.46761551453426,15584122
2021-05-14,64.83708190917969,66.77572994208587,64.19086407219523,64.62167413750247,14940351
2021-05-17,63.401039123535156,64.26265917828228,62.467612832520196,63.4728398817563,16249845
2021-05-18,64.62166595458984,64.83707369899041,62.10860116746691,62.89842043352482,15627231
2021-05-19,64.26266479492188,65.26789193201613,63.831854729894964,64.33446555941849,9807870
2021-05-20,63.47283935546875,64.98067717779725,63.40103859784294,64.1908578878201,11302433
2021-05-21,63.760047912597656,65.19608497839448,63.47283940382896,63.688241676870476,10762341
2021-05-24,63.11383819580078,63.61644904178472,62.82662965036108,63.40104674124047,7643016
2021-05-25,63.11383819580078,63.61644904178472,63.042037428952696,63.113838195800774,11904473
2021-05-26,62.6112174987793,63.25743531137262,62.10860668789948,63.04203302587283,14434395
2021-05-27,62.75481414794922,63.11382337593743,61.82138796396143,62.18039719194964,37523666
2021-05-28,63.11383819580078,63.76005605352825,62.32401880437714,62.32401880437714,12911640
2021-05-31,64.40626525878906,64.47807150014538,63.18563584839126,63.25743661170046,10783170
2021-06-01,64.54988098144531,65.12429264354508,64.47808020843883,64.9088903245256,9046608
2021-06-02,63.47283935546875,64.83707566254564,63.32923236217048,64.54986715399578,14603435
2021-06-03,63.042030334472656,63.61644188266287,62.75482182135418,63.32923336954439,12628760
2021-06-04,62.53940963745117,62.826618130227196,62.32400737640393,62.68301662286237,8873229
2021-06-07,62.467620849609375,62.611222384481465,61.74960221915409,62.53942161704542,8701508
2021-06-08,62.252201080322266,62.970219572496895,62.18040032671407,62.61121032640958,7669763
2021-06-09,61.10337829589844,62.25220689507652,61.10337829589844,62.10860537444684,15056153
2021-06-10,61.10337829589844,61.89319761545544,61.031577535583594,61.10337829589844,11643146
2021-06-11,61.749595642089844,62.03680415929033,61.175178607688885,61.246984845524125,7604865
2021-06-15,62.53940963745117,63.04202586932081,61.964998129945485,62.25220114467515,10852947
2021-06-16,63.401039123535156,63.40103912353516,62.467612832520196,62.53941359074134,12936217
2021-06-17,62.8984260559082,63.04203305769419,62.25220824298869,62.82662529403869,13619556
2021-06-18,62.467620849609375,63.04203794519256,62.467620849609375,62.9702316997091,13025204
2021-06-21,62.53940963745117,62.89841888390961,62.10859963731031,62.467608883768754,9551541
2021-06-22,61.893192291259766,62.61121078873631,61.53418304252149,62.46760928045956,16564571
2021-06-23,62.467620849609375,62.75482939740097,61.89320375402618,61.89320375402618,10352831
2021-06-24,62.32401657104492,62.68302587046788,61.96500727162196,62.467618099595235,13184651
2021-06-25,62.68302917480469,63.04203849315283,62.10861207422868,62.18041284228882,9891344
2021-06-28,62.97023391723633,63.04204016524848,62.46762304943691,62.82663237730724,7112027
2021-06-29,62.39581298828125,63.1856322963766,62.1804052324158,63.113831537103714,8364930
2021-06-30,62.826622009277344,63.0420297616707,62.539413498768454,62.611214256884004,7883918
2021-07-01,63.3292350769043,63.76005059722021,62.53941575306997,62.75482351322792,10914191
2021-07-02,63.83184814453125,64.1908574080235,63.04202886045763,63.18563037463588,9660285
2021-07-05,64.76526641845703,65.05247491366576,64.04724791945841,64.1190541517954,9768466
2021-07-06,64.26266479492188,65.26789193201613,64.26266479492188,64.76527562444541,10317705
2021-07-07,64.26266479492188,64.54987333095553,64.19086403042525,64.19086403042525,5886365
2021-07-08,65.05248260498047,65.62689966331267,64.69347331303462,64.69347331303462,7974579
2021-07-09,64.98067474365234,65.3396839963797,64.62166549092498,65.05247549858852,9938380
2021-07-12,65.55509185791016,65.69869336804248,64.98067486128792,65.3396841146652,9861498
2021-07-13,65.91410827636719,65.91410827636719,65.33969121730394,65.62689974683556,7442058
2021-07-14,64.54988098144531,65.91411758075998,64.4062739573845,65.77051055669916,10869563
2021-07-15,64.19085693359375,64.98067621182987,63.903648429313364,64.62166695099104,10310787
2021-07-16,65.62689208984375,65.62689208984375,63.97544734625385,64.26265584227554,8525372
2021-07-19,65.12428283691406,65.33969060154455,64.47807049911661,64.8370797881361,8355394
2021-07-20,65.33968353271484,65.48328504156818,64.62166503235534,65.48328504156818,10285154
2021-07-21,64.83708190917969,66.05771134055807,64.47807260841579,65.91410981147139,14722803
2021-07-22,64.62166595458984,65.19608295429369,64.40625821018928,64.5498651991385,12928407
2021-07-23,64.19085693359375,65.12427772494678,63.97544918587181,64.83707469871298,19239644
2021-07-26,61.6750602722168,62.89483778106278,61.44634944465157,62.89483778106278,32381187
2021-07-27,61.29389190673828,61.751307838566944,60.68400012006063,61.751307838566944,16431557
2021-07-28,60.2265739440918,60.60775479183921,59.69292308378868,60.37904395664751,12086130
2021-07-29,59.7691650390625,60.30281596140996,59.61668919242121,60.226580946268726,8907901
2021-07-30,58.93056869506836,59.76916550081829,58.77809284724909,59.76916550081829,13100331
2021-08-02,59.4642219543457,59.769167845588534,58.93057100694009,58.93057100694009,8699179
2021-08-03,59.006805419921875,59.54045636184925,58.32067862575879,59.46422134391092,10883841
2021-08-04,58.09196090698242,59.00679846346713,58.01572589803162,59.00679846346713,15708778
2021-08-05,58.24443817138672,58.62561904185868,58.015727322560146,58.015727322560146,7275890
2021-08-06,58.7780876159668,59.083033468106116,58.091960902742926,58.62561759807632,5712734
2021-08-09,59.083030700683594,59.083030700683594,58.091958181741795,58.85431986820223,8208627
2021-08-10,58.7780876159668,59.31174431130019,58.54938258913108,59.31174431130019,5731256
2021-08-11,58.24443817138672,58.70185405268137,58.09196233338284,58.70185405268137,7812995
2021-08-12,57.93949890136719,58.3969148346851,57.63455300703553,58.32067981519197,6481460
2021-08-13,56.18605041503906,57.86324950908002,55.88111041281135,57.86324950908002,13867370
2021-08-16,55.80487823486328,56.18605911301496,55.27122733199437,56.10982410065635,12197156
2021-08-17,55.80487823486328,55.80487823486328,55.80487823486328,55.80487823486328,0
2021-08-18,57.3296012878418,57.558312139442606,56.03358863906002,56.26229949066084,12259323
2021-08-19,57.100894927978516,57.40584078425264,56.49100321543026,57.17712993795744,6757878
2021-08-20,57.63454818725586,58.320674938033875,57.02466226595437,57.86325904296809,6569952
2021-08-23,57.863258361816406,58.39690926371804,57.55831249657607,58.24443923927718,5686983
2021-08-24,58.473148345947266,58.701859214886525,58.091967441954495,58.16820827584025,5969031
2021-08-25,58.70185470581055,58.854324729152346,58.54938468246875,58.54938468246875,5509668
2021-08-26,58.1682014465332,58.854322340078134,57.93949060444601,58.70185232292556,4238317
2021-08-27,58.54938507080078,58.625620082977306,57.939493340671326,58.01572835284786,3111142
2021-08-30,59.083030700683594,59.083030700683594,58.47313902497201,58.62561485207895,4769667
2021-08-31,59.7691650390625,59.7691650390625,58.854327408291226,59.08303827007375,9507244
2021-09-01,59.4642219543457,59.6929328268676,59.311751916903845,59.61669199178757,4478307
2021-09-02,58.7780876159668,59.46421432919067,58.70185260702156,59.31174431130019,2601339
2021-09-03,59.006805419921875,59.31175130803425,58.7018595318095,58.930570401983545,3458795
2021-09-06,58.54938507080078,59.387981837459826,58.54938507080078,59.387981837459826,2903966
2021-09-07,58.62561798095703,59.083033853974186,58.32067212682614,58.39690713626926,2775049
2021-09-08,58.09196090698242,58.85432262920717,57.93949088908081,58.62561760235476,4630219
2021-09-09,57.93949890136719,58.32067981519197,57.32960711270387,57.710788026528654,3619829
2021-09-10,57.100894927978516,57.558310804210485,56.26229818549349,57.48207579423156,7887542
2021-09-13,57.3296012878418,57.558312139442606,56.79595038925132,57.10089625259955,4521538
2021-09-14,57.71077346801758,58.01571928542154,57.100887649567355,57.177122649828924,3809027
2021-09-15,57.863258361816406,58.39690926371804,57.71078252101694,57.939493374036836,5160989
2021-09-16,57.93949890136719,58.24444479569885,57.5583179875424,58.09196894035344,2889679
2021-09-17,59.387977600097656,59.387977600097656,57.8632541999224,57.93948920665953,13198926
2021-09-22,59.7691650390625,59.7691650390625,57.78702556359631,58.625622362867524,11901596
2021-09-23,60.607757568359375,60.607757568359375,59.38797996295967,59.46421497272995,13174590
2021-09-24,59.7691650390625,60.912707715257476,59.540454177279976,60.836472700116246,10116510
2021-09-27,59.61668395996094,59.9978648185703,59.3117439261601,59.76915979321967,4267204
2021-09-28,59.083030700683594,59.61668155466266,58.85431986820223,59.235500711432444,5093238
2021-09-29,58.473148345947266,58.77809423241328,58.16820827584025,58.54938917983302,5958971
2021-09-30,59.083030700683594,59.311741533164955,58.015723176367366,58.091958181741795,5807586
2021-10-01,58.70185470581055,59.46421645523666,58.320673831097494,58.70185470581055,6088389
2021-10-04,58.93056869506836,59.76916550081829,58.85432786297929,59.08303872652876,4425429
2021-10-05,58.7780876159668,59.00679845916087,58.396906754882245,59.00679845916087,4669613
2021-10-06,59.083030700683594,59.235500711432444,58.549379846704525,58.778084862827804,4479267
2021-10-07,59.54045104980469,60.302812793890176,59.387981027531,59.46421603866784,6537994
2021-10-08,59.845394134521484,60.30280999648185,59.54044828776183,59.61668329536218,3446324
2021-10-12,58.62561798095703,59.15926886341732,58.168202107939884,59.15926886341732,5900051
2021-10-13,59.006805419921875,59.54045636184925,58.54938949593283,59.31175130803425,4641253
2021-10-14,60.15034103393555,60.15034103393555,59.31174430293941,59.54044932974289,5903000
2021-10-15,59.7691650390625,60.68399685347495,59.61668919242121,60.45529180805126,7553657
2021-10-18,60.15034103393555,60.53152189496637,59.845395181839216,60.15034103393555,6313816
2021-10-19,60.53152847290039,60.53152847290039,59.921636702431066,60.379052622103565,4326526
2021-10-20,59.7691650390625,60.76023186861619,59.61668919242121,60.76023186861619,6521950
2021-10-21,59.387977600097656,59.99786347035284,59.159266763528095,59.99786347035284,5977720
2021-10-22,59.69292449951172,60.07410535629951,59.38797865080983,59.84539451568352,5412171
2021-10-25,59.387977600097656,59.99786347035284,59.31174259336053,59.69292344340434,3668673
2021-10-26,60.37904357910156,60.45528440126083,59.61668188837372,59.692922710533,5728725
2021-10-27,59.921634674072266,60.37905057826114,59.769164644795566,59.99786968871061,3029230
2021-10-28,60.15034103393555,60.30281105180453,59.845395181839216,60.30281105180453,1942404
2021-10-29,59.4642219543457,60.15034875555229,59.311751916903845,60.15034875555229,3812538
2021-11-01,59.845394134521484,60.15033998128115,59.54044828776183,59.54044828776183,3933504
2021-11-02,60.37904357910156,60.53151940706199,60.15033856169808,60.302808573300396,5505332
2021-11-03,60.302818298339844,60.607764187081244,59.99787240959844,60.607764187081244,2870953
2021-11-04,60.76023483276367,60.83647566798309,60.22658388438241,60.22658388438241,5626752
2021-11-05,60.98894500732422,61.14141504329891,59.99787232441159,60.76023413700314,6514564
2021-11-08,62.132484436035156,62.13248443603516,60.83647174980246,61.065176791653606,8283192
2021-11-09,61.827537536621094,62.13248340371474,61.293886631476205,62.13248340371474,6292288
2021-11-10,63.12356185913086,63.96215870897311,62.43743504876569,62.513670068504226,12973091
2021-11-11,62.89484786987305,63.2760287660541,62.66613700562086,63.12355873412523,3897482
2021-11-12,63.276023864746094,63.65720473140119,62.74237297797233,63.19978885468676,7132855
2021-11-15,65.5631103515625,65.79182120258811,63.96215184345884,64.80074860328851,19533977
2021-11-16,67.54524993896484,67.54524993896484,66.32547230129323,66.32547230129323,17041869
2021-11-17,67.46900939941406,68.0026602545611,66.55417770020253,67.92642524901983,8390958
2021-11-18,67.31654357910156,67.54524860996335,66.70665186408652,67.46901359967609,5827444
2021-11-19,66.24923706054688,67.16406883154926,65.79182117504568,66.93536379697794,9694761
2021-11-22,65.94429016113281,66.47794104976623,65.4106392724994,66.24923601879125,6291214
2021-11-23,66.78289031982422,66.78289031982422,65.41064261478134,65.94429353068266,7292071
2021-11-24,66.32547760009766,67.08783941159304,66.02053171222771,67.0116043937153,3025600
2021-11-25,67.08783721923828,67.08783721923828,66.47794546342894,66.78289134133361,3184017
2021-11-26,66.0205307006836,66.93536835027663,65.9442956839739,66.70665748378863,4772500
2021-11-29,66.0205307006836,66.47794661730065,64.8769880009615,64.95322301767119,5209775
2021-11-30,65.48687744140625,66.93536597287887,65.48687744140625,65.94429334177688,13251967
2021-12-01,67.01160430908203,67.01160430908203,65.79182657550177,65.79182657550177,6657439
2021-12-02,67.01160430908203,67.08783932686347,66.09676664662756,66.47794755189383,6726345
2021-12-03,66.93536376953125,67.46901466633739,66.85912294168018,67.2403038155013,5788772
2021-12-06,66.55419158935547,67.16407757732051,66.24924568719328,66.63042661080618,4409680
2021-12-07,67.01160430908203,67.08783932686347,66.32547751633093,66.40171253411238,5879728
2021-12-08,67.39277648925781,68.00266236890879,67.08783064125319,67.39277648925781,7557251
2021-12-09,67.8501968383789,67.92643185133007,67.24030510205226,67.92643185133007,6024815
2021-12-10,68.07891082763672,68.46009172629905,67.62148909615478,68.00266999481711,7135132
2021-12-13,67.6214828491211,68.53632041121118,67.6214828491211,68.38384457601697,6591649
2021-12-14,68.07891082763672,68.23138086055809,67.0116031481104,67.39278404677273,7167866
2021-12-15,67.69772338867188,68.07890425050819,67.31654252683556,68.07890425050819,5723851
2021-12-16,68.68879699707031,68.84127284684205,68.07891104706022,68.3838511138858,8795286
2021-12-17,67.77395629882812,68.61255300562524,67.77395629882812,68.00266131903197,9339485
2021-12-20,66.93536376953125,68.07890639099459,66.93536376953125,67.39277965484487,9620385
2021-12-21,68.07891082763672,68.23138086055809,66.93536813164971,66.93536813164971,7568037
2021-12-22,68.61255645751953,68.84126730558799,68.0789055671711,68.68879146808952,5944435
2021-12-23,68.84127044677734,68.91750546082591,68.38384872976853,68.6887946023215,4093965
2021-12-24,68.99373626708984,68.99373626708984,68.6887904131349,68.99373626708984,4066715
2021-12-27,69.67986297607422,69.98480882999274,69.14620627762723,69.22244710337564,5323642
2021-12-28,72.19564819335938,72.27188901383742,70.51845483728604,70.51845483728604,20691511
2021-12-29,72.11942291259766,73.18673056325014,71.28082612149883,72.42436878654962,12707487
2021-12-30,72.19564819335938,72.80553985903586,71.89070817687912,72.11941318923931,8670787
2022-01-03,71.43328857421875,73.0342527885817,71.12834854896691,72.65307194065873,7726498
2022-01-04,71.28082275390625,72.04318449458974,70.7471718619712,71.43329277549955,8550752
2022-01-05,71.28082275390625,71.43329277549955,70.67093103481606,70.82340687276785,5675554
2022-01-06,71.12834930419922,71.28081931844405,70.2135117696556,71.05210848071859,7434126
2022-01-07,70.89965057373047,72.11942834506044,70.28975877988589,71.35706651093432,9354665
2022-01-10,70.51846313476562,71.35705991147489,70.0610472398659,71.28082489838471,8199841
2022-01-11,70.21351623535156,70.36599207565231,69.45115448292351,70.21351623535156,10826256
2022-01-12,70.06105041503906,70.7471771966633,69.75610453249952,70.51846633066891,5136542
2022-01-13,70.28974914550781,70.9758758654481,69.67986325161742,70.44222498124921,9351639
2022-01-14,70.51846313476562,70.51846313476562,69.45115550242717,70.28975227913642,8280313
2022-01-17,70.06105041503906,70.59470134721407,69.83233954904468,70.21352044812937,5025389
2022-01-18,71.20458221435547,71.58576305510003,70.2897447067537,70.2897447067537,9397989
2022-01-19,71.20458221435547,71.58576305510003,70.59469054262095,70.8234013736109,7347994
2022-01-20,70.74717712402344,71.35706307211738,70.51846625826387,70.97588217342407,8812114
2022-01-21,70.82340240478516,70.82340240478516,69.98480570620893,70.51845656447794,9329164
2022-01-24,71.66199493408203,71.66199493408203,70.06103663606027,70.28974164071607,7048539
2022-01-25,70.89965057373047,71.20459647065277,70.06105371946357,70.44223463652663,9037830
2022-01-26,70.82340240478516,71.2808182570669,70.44222155849069,70.89963741077243,4911214
2022-02-07,71.43328857421875,71.50952939688986,70.51845686574691,70.82340270735692,6129849
2022-02-08,71.8144760131836,71.8144760131836,71.35706011696662,71.73824099987388,6221414
2022-02-09,72.95802307128906,73.18673394139955,71.89072118773088,72.11942624148233,12057781
2022-02-10,72.42436981201172,73.03426156855114,71.81447805547229,73.03426156855114,7379788
2022-02-11,71.50953674316406,71.73824178559813,71.20459087022655,71.58577175730875,5156752
2022-02-14,70.5947036743164,70.82341454785008,69.9085768700745,70.82341454785008,5499212
2022-02-15,70.44223022460938,70.74717610243239,69.83233846896334,70.36599520924332,3425904
2022-02-16,71.20458221435547,71.35705222411008,70.44222053286634,70.67092554749826,5994763
2022-02-17,71.05211639404297,71.58577313605154,70.82341134720404,71.50953812043856,5403836
2022-02-18,71.89071655273438,71.89071655273438,70.74717390862742,70.74717390862742,4556596
2022-02-21,72.19564819335938,72.42435902207755,71.05210568248447,71.20458150708258,4771864
2022-02-22,72.27189636230469,72.27189636230469,70.74717285944052,71.96695049846014,8041126
2022-02-23,71.89071655273438,72.27189743410337,71.66200569736952,72.27189743410337,4093917
2022-02-24,70.06105041503906,71.35706314538346,69.60363449940921,71.28082812883831,14305582
2022-02-25,70.82340240478516,71.12834824509237,69.756094871889,70.59469157046522,10896124
2022-03-01,71.50953674316406,72.34813353147315,70.97588001143373,71.66200677145345,5975671
2022-03-02,71.05211639404297,71.28082725724077,70.4422304527803,71.2045922416278,5600378
2022-03-03,71.35704803466797,71.58575885223009,71.20457803386502,71.43328303506944,2912404
2022-03-04,70.82340240478516,71.12834824509237,70.28974573015802,70.59469157046522,5061793
2022-03-07,69.29867553710938,70.06103719138702,68.61254888498793,69.8323263685606,11689702
2022-03-08,68.30760955810547,69.22244712008181,67.69772366647963,68.07890452988018,13769960
2022-03-09,67.92642974853516,68.91750233529571,67.62148388981203,68.53632146598142,10549715
2022-03-10,70.5947036743164,71.12836044044194,69.2986909012499,69.45116093936626,10393165
2022-03-11,70.13727569580078,70.74716737622056,70.06104068983784,70.67092655389949,3682176
2022-03-14,70.13727569580078,70.5184565419736,69.67985984366501,70.13727569580078,5180038
2022-03-15,69.37491607666016,70.13727779178829,69.14620523557839,70.13727779178829,5697798
2022-03-16,70.13727569580078,70.44222153601066,69.06996816324524,69.37491400345512,8921088
2022-03-17,70.44223022460938,71.35706204171957,69.67986843823125,71.20459201098748,11954368
2022-03-18,70.51846313476562,70.67093316094598,70.13728225295608,70.44222812167544,10057346
2022-03-21,70.13727569580078,70.67092655389949,70.06104068983784,70.5184565419736,5416723
2022-03-22,69.67986297607422,70.21351385816283,69.22244710337564,70.13727884877281,7318441
2022-03-23,70.67092895507812,70.67092895507812,69.52738637770561,69.67986221117027,4795523
2022-03-24,69.98480987548828,70.06104488601719,69.60362900648532,70.06104488601719,4310131
2022-03-25,69.75609588623047,69.75609588623047,69.37491503439314,69.45115004148897,4857717
2022-03-28,69.98480987548828,69.98480987548828,68.91750227900827,69.06997230006607,5133291
2022-03-29,69.60362243652344,69.75609244318942,69.22244160350054,69.37491161016654,6296630
2022-03-30,68.30760955810547,68.84126625668127,68.00266370411336,68.61255541209758,14036614
2022-03-31,67.31654357910156,68.38384535584018,67.16406774216857,68.07890531469111,14716968
2022-04-01,65.94429016113281,66.55418187644968,65.71557931379937,66.47794104976623,17685402
2022-04-06,66.32547760009766,66.40171261797539,65.41064575284682,65.63935080648001,11924503
2022-04-07,65.5631103515625,66.09676124881086,65.33439950053688,65.71558037467388,10416402
2022-04-08,65.48687744140625,65.79182331377292,65.02946154103562,65.56311245540823,9980656
2022-04-11,65.25817108154297,66.93537058699621,65.02946602377149,65.4868819556736,8133464
2022-04-12,65.33439636230469,65.7918180423844,64.95321550647711,65.18192634651696,6376291
2022-04-13,66.859130859375,66.859130859375,65.79182893936905,66.17300985833096,5423904
2022-04-14,65.25817108154297,66.24924378096348,65.25817108154297,66.17300876170633,8236476
2022-04-15,65.48687744140625,65.48687744140625,64.8769856966729,65.02946154103562,5755040
2022-04-18,64.9532241821289,65.25817007079354,64.34333822115867,65.02946501656436,8004502
2022-04-19,64.80074310302734,65.33439395497963,64.80074310302734,64.80074310302734,5212199
2022-04-20,65.41063690185547,65.41063690185547,64.26709433935001,64.8007452086426,13766215
2022-04-21,64.49581146240234,65.33440833563452,64.49581146240234,65.33440833563452,8772364
2022-04-22,64.41957092285156,64.72451680055103,63.73344415211747,64.1146250451521,12003621
2022-04-25,63.42849349975586,64.03838520924441,63.27602348056292,63.73343935450013,9230691
2022-04-26,63.962158203125,64.03839322226062,62.666139612382814,63.504742271952104,10957610
2022-04-27,63.276023864746094,63.885915577937624,63.04731301820966,63.42849388486475,5425823
2022-04-28,63.19978713989258,63.352257155874284,62.58989544324918,63.12355213190172,4695989
2022-04-29,63.88591766357422,64.1908577137667,63.199790917923885,63.199790917923885,3505589
2022-05-03,63.73343276977539,64.03837859301368,62.74236611469819,63.80966777149551,5100364
2022-05-04,64.9532241821289,65.02946501656436,63.42850055516476,63.504741389600206,4355760
2022-05-05,65.18193054199219,65.63934643515549,65.10569552919141,65.48687640955394,4198630
2022-05-06,65.25817108154297,65.41064693641643,64.41957423699591,64.41957423699591,4966857
2022-05-09,64.72451782226562,65.25816875439455,63.80968017472597,64.03839104070062,4088287
2022-05-10,63.73343276977539,64.34332441625197,62.894836118138436,63.96214359129356,6598511
2022-05-11,63.276023864746094,63.65720473140119,62.89484299809099,62.97107800815032,6073775
2022-05-12,62.58989334106445,63.428490033514755,62.13247749212412,62.89483917914404,7045733
2022-05-13,62.58989334106445,62.89483917914404,61.82753165404453,62.818604173713666,7349180
2022-05-16,58.24443817138672,61.446355156807755,57.93949231173745,61.37012014598506,21390749
2022-05-17,57.482078552246094,58.244440321330636,57.25336769497724,58.168205307693924,16169453
2022-05-18,57.71077346801758,57.93948428515997,57.100887649567355,57.253357650090486,14832948
2022-05-19,57.25336456298828,57.32959957245463,56.491002835607986,57.024659534589226,10777191
2022-05-20,56.79595184326172,57.63454862666901,56.79595184326172,57.32960275551398,9388896
2022-05-23,57.558311462402344,58.091962354715655,57.17713059179041,57.482076451551656,8702690
2022-05-24,57.17713165283203,58.244439273623286,57.100896640566646,57.63454754278297,8805928
2022-05-25,57.71077346801758,58.09195428568311,57.177122649828924,57.634538467756016,5319262
2022-05-26,58.473148345947266,58.54938917983302,58.01573242442774,58.16820827584025,6256611
2022-05-27,58.85432434082031,59.08303519068249,58.09196259642441,58.701854318484536,6018488
2022-05-30,60.302818298339844,60.45529415089007,59.23551059592447,59.46422146657028,8541258
2022-05-31,60.683990478515625,60.98893632340429,59.84539376734046,60.30280962649435,11019074
2022-06-01,60.91270446777344,61.37012035059311,60.379047757518386,60.531523596030624,4564710
2022-06-02,60.302818298339844,61.14141513010941,60.15034826214867,60.53152916898566,6637591
2022-06-06,60.683990478515625,61.141406337669515,60.45528545711779,60.98893632340429,5580086
2022-06-07,60.98894500732422,61.14141504329891,60.074113158757974,60.607764101028444,5682143
2022-06-08,61.14140701293945,61.980009549734696,61.06517200496487,61.06517200496487,4231843
2022-06-09,61.446353912353516,61.52258892163224,61.06517304960149,61.06517304960149,3657303
2022-06-10,61.29389190673828,61.675072819322025,60.30281920747688,60.68400012006063,3603662
2022-06-13,60.45529556274414,60.912711498359066,59.99787381077003,60.45529556274414,6695788
2022-06-14,60.91270446777344,61.21765032843939,60.302812746441525,60.45528858495376,5317832
2022-06-15,60.98894500732422,61.59883678394108,60.45529406505375,60.607764101028444,5038450
2022-06-16,60.83647537231445,62.05625311722852,60.83647537231445,61.751307226910235,4899082
2022-06-17,61.75129699707031,61.75129699707031,59.84539276876568,59.84539276876568,10154710
2022-06-20,60.15034103393555,61.14140778280068,59.845395181839216,60.98893776493169,5804110
2022-06-21,61.446353912353516,61.59882974726935,60.30281132409746,61.59882974726935,6953927
2022-06-22,60.53152847290039,61.59883616304221,60.226582587665725,61.29389027780755,5367904
2022-06-23,60.98894500732422,61.522595949594695,60.074113158757974,61.14141504329891,6748003
2022-06-24,61.29389190673828,61.522596964473045,60.83647597490961,61.522596964473045,3840625
2022-06-27,61.59882354736328,61.90376355378606,61.293877724582714,61.67505854896898,4295448
2022-06-28,61.6750602722168,62.361186938554525,61.44634944465157,61.98000610351778,3359329
2022-06-29,61.0651741027832,61.44635497210939,59.84539648421111,61.141409113376746,8146670
2022-06-30,60.83647537231445,61.44636133659195,59.92163770135959,60.53152948199617,8974996
2022-07-01,60.45529556274414,61.29389241409804,60.302819706633045,60.379054726509,6818118
2022-07-04,60.37904357910156,61.293881097789836,60.302808573300396,60.60775441286316,6748411
2022-07-05,60.607757568359375,61.90377018352935,60.37904672269012,61.37011929877899,5931849
2022-07-06,57.17713165283203,61.06517544195289,57.17713165283203,60.91270541742211,10707485
2022-07-07,59.083030700683594,59.61668155466266,57.17712648453251,57.40583731701387,8536517
2022-07-08,58.09196090698242,59.616684351431914,57.7870208711792,58.54938259340395,10603253
2022-07-11,59.4642219543457,59.84540286430946,58.54939009697634,59.00680602566102,4927519
2022-07-12,58.54938507080078,59.00680096021857,58.091963365024384,58.70185509515384,7265567
2022-07-13,60.37904357910156,60.912700252425914,59.845392722135315,60.53151940706199,7872671
2022-07-14,61.2176513671875,61.5225914166692,60.30281376966657,60.45528961076603,6060469
2022-07-15,60.76023483276367,61.522596654084964,60.760234832763665,61.06518072456401,5371125
2022-07-18,61.52259063720703,61.6750664763747,60.074107971444725,60.68399387903977,7838637
2022-07-19,61.827537536621094,62.58989929617588,61.14141078975006,61.52259166952745,8394080
2022-07-20,61.827537536621094,62.513664283492126,61.59883249856984,62.13248340371474,8706268
2022-07-21,63.80967330932617,63.96214914235709,62.2849498771668,62.43742571019772,11224309
2022-07-22,63.276023864746094,63.73343974146052,62.81860798803166,63.504734711282524,8005715
2022-07-25,63.276023864746094,63.27602386474609,62.056246254721465,63.19978885468676,4702496
2022-07-26,62.89484786987305,63.42849879798296,62.513666973692,63.12355873412523,3802179
2022-07-27,63.580963134765625,63.733433139089385,62.66612565974957,62.89483648259304,6943448
2022-07-28,64.34333038330078,64.34333038330078,63.50473365389435,64.03838453178253,8295156
2022-07-29,64.49581146240234,64.72452234435627,64.11463053671869,64.49581146240234,12502952
2022-08-01,64.82655334472656,65.2399879881132,63.66893508154158,65.15730232113827,13732319
2022-08-02,65.0746078491211,65.0746078491211,64.24773859406994,64.57848755779276,8174396
2022-08-03,64.90924072265625,65.23998970778624,64.33043473006292,65.23998970778624,7852920
2022-08-04,64.7438735961914,65.57074295855139,64.49581026407837,65.07461629432532,6118196
2022-08-05,65.40536499023438,65.57074264702823,64.99193031101859,65.48805066437501,5999093
2022-08-08,65.90148162841797,65.90148162841797,64.82655530816307,65.23998996407161,5388412
2022-08-09,66.56298065185547,66.64566632263978,65.32267666455381,65.81879699777201,4241583
2022-08-10,67.38983917236328,67.47252482989092,66.06684972638725,66.06684972638725,5622276
2022-08-11,67.22447967529297,67.80328568825112,66.89373067852584,67.80328568825112,6193816
2022-08-12,66.89372253417969,67.80327743316617,66.81103687218302,67.47252847666792,5017551
2022-08-15,64.33042907714844,66.81103678487635,64.2477371067482,66.81103678487635,18003344
2022-08-16,64.82655334472656,64.90923901170149,62.84206579476832,63.83430641549143,14380711
2022-08-17,64.33042907714844,64.74386369510309,64.2477371067482,64.66117172470285,8783052
2022-08-18,65.32267761230469,65.32267761230469,64.16505927899175,64.49580827544007,5799568
2022-08-19,65.98416900634766,65.98416900634766,64.74386512508933,64.90923645251907,5640060
2022-08-22,65.40536499023438,65.81879966945016,64.90924463687794,65.15730796781244,2806000
2022-08-23,64.7438735961914,65.48805097550532,64.66118161314533,65.48805097550532,4363687
2022-08-24,64.82655334472656,65.15730232113827,64.57849003528978,64.82655334472656,3696749
2022-08-25,65.32267761230469,65.32267761230469,64.57849394742405,65.07461428784035,3200172
2022-08-26,65.32267761230469,65.48804895627265,65.07461428784035,65.32267761230469,6144251
2022-08-29,64.7438735961914,65.07461629432532,64.0823755828984,64.24774693196535,5681737
2022-08-30,64.9919204711914,65.40535508781286,64.24773689957046,64.49580019294797,4766247
2022-08-31,65.57073974609375,65.57073974609375,64.66117844524915,64.82655609472648,7194780
2022-09-01,64.5784912109375,65.15730350732325,64.0823708915441,64.66117687941771,6033698
2022-09-02,64.41311645507812,64.90923674813861,64.24773881838343,64.74386541995571,3264252
2022-09-05,65.48804473876953,65.98417135574711,64.66117545515623,64.74386743032714,7489219
2022-09-06,65.7361068725586,66.1495415069772,65.40535790332133,65.90147820292128,6234591
2022-09-07,65.57073974609375,65.81879675754132,64.66117844524915,65.3226764261339,5761031
2022-09-08,65.98416900634766,65.98416900634766,65.15729975217545,65.90147703412103,4045001
2022-09-12,66.81104278564453,67.30716311004784,65.65342448969537,66.9764141242749,6643636
2022-09-13,66.72834777832031,67.22447438871143,66.39760511607544,67.05909674907709,7115156
2022-09-14,65.48804473876953,66.14954268906499,65.4053590721106,65.73610804725833,7716721
2022-09-15,65.81879425048828,66.23222889566536,64.7438679581351,65.48804527264421,7968728
2022-09-16,65.7361068725586,66.06685584179586,64.99192326890272,65.32267223813999,12978795
2022-09-19,65.90148162841797,66.39760826231799,65.81879595893871,65.81879595893871,7060111
2022-09-20,65.57073974609375,66.23223141846623,65.48804776709895,65.98417440701866,8042141
2022-09-21,64.9919204711914,65.98416733618987,64.57848585456995,65.57073271956841,9896990
2022-09-22,65.32267761230469,65.32267761230469,63.33818994212713,64.49580827544007,10913125
2022-09-23,63.9170036315918,64.82655865991524,63.75162597557047,64.74387298616084,4546596
2022-09-26,63.255496978759766,63.83430292444179,62.92474802043647,63.09012565385395,6391478
2022-09-27,63.668941497802734,64.16506185816101,62.7593864523938,63.090135462136864,6289142
2022-09-28,64.24774169921875,64.24774169921875,63.09012973300817,63.66893571611346,7122694
2022-09-29,64.66117095947266,64.74386292889427,63.420867120287035,64.49579963765252,8122726
2022-09-30,63.668941497802734,64.66118221851927,63.172821137444465,64.66118221851927,7374224
2022-10-03,61.353702545166016,63.09013320712419,61.27101687281382,63.00744122625957,6386414
2022-10-04,63.0074348449707,63.33818380939419,61.9325085962341,62.18056558816787,7444000
2022-10-05,63.0074348449707,63.999681738241165,63.0074348449707,63.999681738241165,7108662
2022-10-06,62.842071533203125,64.41312458323571,62.75938585867774,63.66894089548211,8788438
2022-10-07,61.84982681274414,63.172816444931314,61.767134835066294,63.172816444931314,6386308
2022-10-11,60.3614501953125,61.68443962282259,60.03070126130717,61.60175396644905,10893705
2022-10-12,61.02295684814453,61.105642516421426,59.948024235008496,60.361458884905105,6475417
2022-10-13,59.94802474975586,61.10564304110875,59.69996143428304,61.022957372121866,6806303
2022-10-14,59.94802474975586,60.94026539462281,59.865339080768976,60.774894056649046,6055529
2022-10-17,58.95577621459961,60.03070238459174,57.46740913798118,59.038461872520344,11608274
2022-10-18,58.459651947021484,59.78264775978098,57.632782718302586,59.203835514570805,12361313
2022-10-19,58.37696838378906,59.12115197808267,57.9635337545717,58.37696838378906,8384789
2022-10-20,57.88085174560547,58.1289150622058,56.80591911835363,57.55010275964243,11064267
2022-10-21,56.88860321044922,58.04621503808584,56.88860321044922,57.96352938018484,4864604
2022-10-24,57.30204391479492,57.71547855686844,57.05398060614601,57.46741524821953,4592511
2022-10-25,56.88860321044922,57.715472406481844,56.061734014416594,57.715472406481844,7149296
2022-10-26,56.47517776489258,57.219355115115484,56.22711444247671,57.219355115115484,5820629
2022-10-27,56.30979537963867,57.30204227736851,56.22710971528914,56.805915674247686,6160517
2022-10-28,55.97904968261719,56.723233322243104,55.813678344261284,56.640547653065155,4512018
2022-10-31,56.557861328125,56.557861328125,55.23487171108069,56.2271123467359,4882737
2022-11-01,55.400245666503906,56.22711500480994,55.15218234160714,56.061743660553695,9659692
2022-11-02,55.64830780029297,55.813679141009565,54.82143847968542,55.482930151064096,7848524
2022-11-03,55.23487091064453,55.482927911707556,55.06949326809049,55.23487091064453,6052104
2022-11-04,55.15217590332031,55.23486787430765,54.738741282430325,54.98680457836899,5856082
2022-11-07,56.14442825317383,56.14442825317383,55.317558930766296,55.648307921431766,7346158
2022-11-08,56.30979537963867,57.21935030450716,56.144424050939605,56.392481043988205,9742427
2022-11-09,57.13666915893555,57.21935482982446,56.72323449597869,56.8059201668676,6231816
2022-11-10,56.30979537963867,57.13666464015763,56.06173838659007,57.13666464015763,6671489
2022-11-11,58.29428482055664,58.4596561547988,57.38472986520071,57.38472986520071,11459957
2022-11-14,60.3614501953125,61.02294806332314,58.54234052105003,59.12114642417594,20318677
2022-11-15,59.86534118652344,60.36146152640787,59.286528866231265,60.36146152640787,10442297
2022-11-16,58.95577621459961,59.6999534443975,58.95577621459961,59.61726778647677,9332212
2022-11-17,58.62503433227539,58.79040566802591,57.63278739223602,58.70772000015065,10352531
2022-11-18,59.12115478515625,59.61727510207053,58.54234880017494,58.790405804376036,7916081
2022-11-21,58.29428482055664,59.20383977591256,58.12891348631448,59.20383977591256,4616194
2022-11-22,58.37696838378906,58.45965404793017,57.55009912535434,58.37696838378906,5288979
2022-11-23,58.459651947021484,58.87308656138093,58.37696628585191,58.625029577872205,4773501
2022-11-24,59.61727523803711,59.782652883060436,58.95578358348014,59.03846925173575,7385180
2022-11-25,58.70771408081055,59.78264658034264,58.70771408081055,59.78264658034264,7406566
2022-11-28,58.29428482055664,58.707719464674064,58.12891348631448,58.12891348631448,6072254
2022-11-29,59.12115478515625,59.20384045322328,58.29428548746176,58.70772013630901,3697918
2022-11-30,59.203834533691406,59.45189782160183,58.79039992618167,59.121148873891755,7913859
2022-12-01,59.6999626159668,59.948025936349715,59.369219933472635,59.782654595102635,6513775
2022-12-02,59.61727523803711,59.699960906292716,59.03846925173575,59.121154919991355,6206362
2022-12-05,60.85757827758789,60.85757827758788,59.28652537017011,59.45190301272104,8687800
2022-12-06,59.94802474975586,60.36145940320245,59.69996143428304,60.36145940320245,6878863
2022-12-07,59.12115478515625,59.61727510207053,58.95578344902219,59.45190376593647,6639231
2022-12-08,59.451904296875,59.78265328060898,58.45965734567303,58.95578397553009,6227439
2022-12-09,59.94802474975586,60.113396087729626,59.534590096309266,59.865339080768976,5332056
2022-12-12,59.94802474975586,60.03071041874274,58.955784104888906,59.78265341178209,5323665
2022-12-13,59.61727523803711,60.03070988782726,59.28652625650257,59.94802421957165,5658724
2022-12-14,60.19608688354492,60.278772550908634,59.36921759288366,60.03070924030544,4621374
2022-12-15,60.03070831298828,60.44414295193243,59.69995934013057,59.94802264690184,6065386
2022-12-16,59.53458786010742,59.617273525988516,58.459655278117374,59.203838888071104,29903036
2022-12-19,59.86534118652344,59.94802685841878,58.87309419824217,59.03847185054524,22645640
2022-12-20,58.04621887207031,59.53458604664104,57.88084754534545,59.36921471991617,26419891
2022-12-21,58.29428482055664,58.29428482055664,57.302044198079635,57.71547884219706,28367127
2022-12-22,59.451904296875,59.451904296875,58.45965734567303,58.6250349917961,21447986
2022-12-23,58.87309265136719,59.121155969047805,58.45965799424098,58.542349972476,4107414
2022-12-26,59.286521911621094,59.45189954452453,58.54234464334641,58.79040162993409,3178111
2022-12-27,59.286521911621094,59.45189954452453,58.955779262837524,59.45189954452453,3217568
2022-12-28,59.36922073364258,59.45190640538055,58.37697374724984,58.79040841445205,5394478
2022-12-29,59.286521911621094,59.53458520672042,58.707715967738196,58.79040162993409,5885322
2022-12-30,59.782649993896484,60.278770287965834,59.121152062796135,59.20383772705573,6784115
2023-01-03,59.61727523803711,60.196087532850584,59.20384058824696,59.451903901525895,8323151
2023-01-04,59.61727523803711,60.52683020587302,59.61727523803711,59.86533855131604,5525089
2023-01-05,58.87309265136719,60.03071095302302,58.790406981644395,59.782653943854626,6331120
2023-01-06,59.36922073364258,59.53459207711851,58.87309408619002,59.20384308165427,3743797
2023-01-09,60.85757827758789,60.85757827758788,59.78265198931089,60.03070899036927,9501694
2023-01-10,61.188323974609375,61.188323974609375,60.5268260568846,61.02295264943402,5253230
2023-01-11,60.85757827758789,61.51907623076759,60.60952127652951,61.436390563748134,5028863
2023-01-12,60.77489471435547,61.18832937227625,60.609523374592044,61.18832937227625,3982401
2023-01-13,61.10564041137695,61.43638938160261,60.85757710657974,61.188326076805396,3618385
2023-01-16,61.27101135253906,61.601760320661086,61.02295435783143,61.27101135253906,4812315
2023-01-17,62.015201568603516,62.09788724232581,61.271017888077765,61.51908121775719,5973712
2023-01-30,63.090126037597656,63.586246323844406,62.345942453971674,63.42086868942101,10898937
2023-01-31,61.76713562011719,63.1728172478482,61.76713562011719,63.09013157763162,9006603
2023-02-01,62.75938034057617,62.9247516750867,62.18056805276524,62.84206600783144,4109396
2023-02-02,63.255496978759766,63.338182641212676,62.59399906211317,63.17281131630686,5365210
2023-02-03,62.92475128173828,63.503563565931,62.42863097279594,63.25550025720384,3705722
2023-02-06,63.17281723022461,63.668937559897984,62.67669690055123,62.75938257074475,5358417
2023-02-07,64.33042907714844,64.41311473903704,63.420867870838904,63.420867870838904,6028587
2023-02-08,64.08236694335938,64.66117289557212,63.999681279973515,64.33043024202868,5815978
2023-02-09,64.08236694335938,64.4958015688004,64.08236694335938,64.2477382701311,2859196
2023-02-10,64.16505432128906,64.6611746233727,63.50356268801485,63.751619684800716,6158025
2023-02-13,64.24774169921875,64.74386832303709,63.751621383912486,64.08237036362068,4950233
2023-02-14,65.15730285644531,65.40535985940802,64.74386820966205,64.90923954497053,4117591
2023-02-15,64.90924072265625,65.40536104609514,64.49580606837182,65.32267537694068,5016624
2023-02-16,65.23998260498047,65.57073155410116,64.90923365585978,64.90923365585978,4587592
2023-02-17,65.23998260498047,65.32266826513276,64.74386233555518,64.90923365585978,1948222
2023-02-20,65.81879425048828,66.06685756099934,64.99192496013413,65.07461062746714,3293207
2023-02-21,66.06685638427734,66.562976687951,66.06685638427734,66.06685638427734,4491372
2023-02-22,65.48804473876953,65.81879371391726,64.66117545515623,65.57073671394046,5400809
2023-02-23,66.23222351074219,66.4802868010848,64.90923401544185,65.7361032385685,4811861
2023-02-24,66.23222351074219,66.97640707325849,66.06685218952147,66.31490917135255,10547871
2023-03-01,65.98416900634766,66.39760363343377,64.90923645251907,64.90923645251907,6290550
2023-03-02,66.56298065185547,66.81104397272073,65.48804800612244,66.14954598942158,4904233
2023-03-03,66.64566802978516,67.1417883757116,66.4802966839805,66.97641702990694,3627640
2023-03-06,67.55522155761719,67.80328487936124,66.89372988048692,66.97641555156416,6302110
2023-03-07,67.80328369140625,67.80328369140625,67.38984903475134,67.63791235214917,4379208
2023-03-08,67.7206039428711,67.96866097344537,67.38985492692596,67.637918266013,3702773
2023-03-09,67.9686508178711,68.13402845539005,67.47253052233786,67.9686508178711,4791128
2023-03-10,67.38983917236328,67.80327376851275,66.89371891868618,67.38983917236328,7716870
2023-03-13,67.47254180908203,67.96866218760582,66.14955203018098,66.56298673036962,8165404
2023-03-14,67.14177703857422,67.80327492712142,66.64565677641951,66.64565677641951,7508301
2023-03-15,67.22447967529297,67.63791434412377,67.0591020226532,67.0591020226532,4264389
2023-03-16,68.46477508544922,69.04358102573336,67.5552138814147,67.63790585160811,12893966
2023-03-17,68.79552459716797,69.4570225736553,67.96865528081493,68.79552459716797,11642153
2023-03-20,68.79552459716797,69.2916512337896,68.63015325730225,68.96090224554592,5449813
2023-03-21,69.2916488647461,69.78776917589339,68.79552224508677,69.12627122202231,5772573
2023-03-22,70.28388977050781,70.61463874877732,69.53970614652944,69.6223918139688,9823669
2023-03-23,70.53195190429688,70.94538654310632,69.62239065210653,70.28388859760643,9965366
2023-03-24,72.35106658935547,72.35106658935547,70.9453912475958,70.9453912475958,16065135
2023-03-27,72.35106658935547,72.59912991249534,71.85494625158807,72.35106658935547,9431914
2023-03-28,72.1856918334961,72.43374883639605,72.10299985735071,72.35106316876272,9334327
2023-03-29,72.7645034790039,72.92987482714207,72.10300546942612,72.18569745200776,7661870
2023-03-30,73.59136199951172,73.59136199951172,72.43374380748,72.84717842545477,10648232
2023-03-31,73.67405700683594,74.33555500291017,73.42599998969241,73.59137133445476,11067808
2023-04-06,74.33554077148438,74.66628970620012,73.50867158895065,73.6740429020529,11282321
2023-04-07,74.25286865234375,74.41823999559568,73.83943398570156,73.83943398570156,11134039
2023-04-10,74.33554077148438,74.41822642803551,73.83942052366639,73.92210618021751,9817955
2023-04-11,74.91436004638672,74.99704571769539,74.08749071627535,74.41823971002236,12137319
2023-04-12,75.16242218017578,75.32779352017786,74.17017521462654,74.91435886166042,18737193
2023-04-13,73.83942413330078,74.74897901684916,73.59136084300962,74.08748111508042,24957470
2023-04-14,72.50978088378906,73.75077412199828,71.88927750177852,72.59842229181744,39965441
2023-04-17,72.06657409667969,72.95300178907227,71.26878782094505,72.7757121928498,15785496
2023-04-18,73.21892547607422,73.39621507093352,71.97792536368519,72.24385637452089,12118005
2023-04-19,76.23277282714844,78.00562800917514,73.4848486475882,73.75077286714871,28832133
2023-04-20,75.78956604003906,76.94192472007943,75.08042119649016,76.32142129124752,12121888
2023-04-21,74.7258529663086,76.5873496629374,74.01670814716134,76.5873496629374,10677409
2023-04-24,75.34635162353516,75.34635162353516,74.01671012429631,74.72585496238625,10262795
2023-04-25,74.1939926147461,75.34635128067185,73.13028212535798,75.34635128067185,11129471
2023-04-26,73.66213989257812,73.92807090548501,72.95300179633739,73.13028462967092,10971773
2023-04-27,75.6122817993164,75.96684745156652,74.01670931256564,74.10535072562817,11232452
2023-04-28,76.1441421508789,76.49871458983185,75.3463558539615,75.61228687390289,8807072
2023-05-02,79.42391204833984,79.77848444288942,76.85327064148778,76.9419188123046,35265418
2023-05-03,79.15798950195312,79.24663091174234,77.91698947618595,78.98069991946863,19362927
2023-05-04,78.89205932617188,79.95576978046343,78.4488455097327,79.33527314261104,15893714
2023-05-05,79.42391204833984,79.86712585080033,78.53748444341885,78.89205683796843,16038514
2023-05-08,80.133056640625,80.84219466507653,78.89205664420244,79.77848424694628,13166396
2023-05-09,81.37406158447266,82.88098589559365,80.84219958016519,81.99455823895629,17960357
2023-05-10,81.28540802001953,82.26048378800726,80.04441479331855,82.26048378800726,11860150
2023-05-11,81.81727600097656,82.70370366398647,81.46270358319133,81.994558828416,16572861
2023-05-12,89.97240447998047,89.97240447998047,84.7424801083659,85.3629835073508,71812234
2023-05-15,86.51533508300781,90.41561799620985,85.62890745559399,90.41561799620985,53931277
2023-05-16,89.5291976928711,90.41562539280051,86.95855601049445,88.55412857553006,56793529
2023-05-17,89.08598327636719,89.9724109706594,87.57905890123307,89.08598327636719,35855739
2023-05-18,90.85883331298828,91.30204713402725,88.5541227961669,89.52919184987138,34741847
2023-05-19,96.62061309814453,97.50704074124678,91.74526106108219,92.63168870418444,52809422
2023-05-22,93.96133422851562,97.06383111341945,92.631692706414,96.6206172727189,32786315
2023-05-23,94.8477554321289,95.29096924255941,92.18847256954585,93.51811400083737,30791706
2023-05-24,93.51811981201172,95.73418900186981,93.07490597404009,95.73418900186981,22562613
2023-05-25,100.60954284667969,101.93918438209836,97.06383208556322,98.83668746612145,51363370
2023-05-26,102.38240051269531,105.92811135296182,101.49597280262869,105.48489749792851,51299464
2023-05-29,101.05274963378906,103.71203251888878,100.1663220054225,103.2688187047055,43620901
2023-05-30,101.93917846679688,109.47381339695143,100.16632318911346,108.14417193868886,74909429
2023-05-31,103.2688217163086,105.92810467896031,100.60953875365686,104.15524937052584,61787282
2023-06-01,101.93917846679688,102.38239228621772,100.16632318911346,101.49596464737601,30760781
2023-06-02,104.59847259521484,107.70096966371698,102.38240326057046,103.26883099442821,75012302
2023-06-05,103.71202850341797,105.04166989448743,101.93917331532536,104.59845609746428,32251072
2023-06-06,105.04167938232422,105.92810705643666,102.38239635998688,102.8256101970431,28711326
2023-06-07,110.80345916748047,111.68988684082031,105.48489312744141,106.37132080078125,67575569
2023-06-08,106.37132263183594,108.58739185333252,106.37132263183594,108.58739185333252,40742672
2023-06-09,116.56524658203125,117.00846044736217,109.03061087140566,109.47382473673657,76773784
2023-06-12,114.34917449951172,121.44059617390003,113.46274679021317,117.00845762740734,84484040
2023-06-13,122.32701110839844,123.65665253348972,117.89487302476081,118.33808683312458,68715885
2023-06-14,124.0998764038086,124.98630409240724,121.88380718231201,124.0998764038086,42272832
2023-06-15,130.30487060546875,131.63451214225924,125.42951830390359,128.08880137748457,59007416
2023-06-16,132.07772827148438,132.07772827148438,126.7591620323642,130.3048728584443,59205223
2023-06-19,132.9641571044922,134.29379867553712,129.4184462483724,131.1913016764323,35642688
2023-06-20,128.53201293945312,132.07772364123113,126.31594375084187,131.63450980350888,59937230
2023-06-21,134.29379272460938,135.6234342367342,129.41844051348494,129.41844051348494,62167623
2023-06-26,129.8616485595703,131.19129001239867,126.75915183630413,131.19129001239867,52057163
2023-06-27,125.42951965332031,127.20237505478066,122.32702270076469,124.98630580295521,47772888
2023-06-28,127.64558410644531,131.1912947760688,126.75915643903944,128.08879794014825,37765365
2023-06-29,129.8616485595703,130.30486237717977,127.64557947152304,128.9752209243514,27994590
2023-06-30,134.7370147705078,134.7370147705078,128.5320206692344,129.86166226236443,58454946
2023-07-03,142.2716522216797,145.81736318047544,137.39629965333552,137.39629965333552,70724892
2023-07-04,151.13592529296875,155.56806386461008,142.27164814968614,143.1580758640144,101639397
2023-07-05,150.24948120117188,152.02233643658394,143.60127406837665,149.36305358346584,53899520
2023-07-06,146.26055908203125,152.90876631303266,144.93091763583095,147.59020052823152,58295113
2023-07-07,142.2716522216797,147.59021865987333,141.82843835183021,143.6012938312281,51380784
2023-07-10,144.0445098876953,146.26057927058292,139.61237112192006,140.49879887507512,35704021
2023-07-11,153.35198974609375,154.23841743248735,147.1469959413385,148.0334236277321,71188169
2023-07-12,166.2052001953125,167.9780556640625,154.6816396484375,156.01128125,97517293
2023-07-13,172.8533935546875,182.6040978064904,167.97804142878607,174.1830350435697,113318277
2023-07-14,175.51268005371094,182.16088763150302,167.9780447988799,180.3880322774251,152498981
2023-07-17,173.73983764648438,179.05840410505022,170.19412667410714,171.5237682887486,62024629
2023-07-18,178.61517333984375,184.8201669546274,171.0805382361779,179.50160099909857,109918036
2023-07-19,175.51268005371094,186.14981217817825,174.18303853815252,184.37695682410038,76492149
2023-07-20,187.03623962402344,187.03623962402344,174.18303832284647,177.2855351886478,92437993
2023-07-21,200.33265686035156,201.21908454557433,179.5016062576159,180.83124778545007,136479427
2023-07-24,220.27728271484375,220.27728271484375,204.3215841680945,204.76479801661532,122696475
2023-07-25,220.27728271484375,236.23298126159298,218.5044273207605,226.0390627456143,159201693
2023-07-26,229.1415557861328,229.1415557861328,216.28835439774238,221.60692048949016,127605766
2023-07-27,223.82298278808594,236.23296995257385,222.49334130617652,235.34654229796757,102727210
2023-07-28,234.4601287841797,234.4601287841797,218.5044300389425,223.8229962873549,92874548
2023-07-31,211.41299438476562,240.22189299065613,211.41299438476562,238.8922515165381,126438263
2023-08-01,210.08335876464844,213.18585562404198,196.7869436529618,203.87836504586133,129323995
2023-08-02,189.25230407714844,214.51549220922678,189.25230407714844,210.96978159419825,165782856
2023-08-04,195.0140838623047,201.66229126670146,182.60409670743076,185.26337966918945,139594932
2023-08-07,214.5155029296875,214.5155029296875,195.90052127049975,200.33265976078255,128540775
2023-08-08,212.74264526367188,220.7204944610596,206.98086528778077,213.62907295227052,129112401
2023-08-09,206.98086547851562,215.84514237267047,200.3326578078995,201.21908549731498,108218478
2023-08-10,186.593017578125,199.44621831391032,186.593017578125,195.45729394763214,115067833
2023-08-11,198.1165771484375,202.1055015205537,189.6955145850811,191.46836986157717,110862767
2023-08-14,211.856201171875,214.95869784175602,198.11657306240193,202.10549735224896,155264622
2023-08-15,218.50442504882812,226.4822742392519,218.0612112049157,221.60692195621516,107489281
2023-08-16,239.33547973632812,239.33547973632812,216.28835946542245,217.1747871681496,132269054
2023-08-17,241.55152893066406,248.6429499634909,233.1304664541822,234.01689408328556,147588929
2023-08-18,226.92547607421875,243.76760125160217,218.9476273059845,240.2218906879425,156514903
2023-08-21,222.05014038085938,233.57370056030516,222.05014038085938,231.80084514808271,88631692
2023-08-22,229.1415557861328,236.6761910827755,227.3687004222169,231.35762499102773,114079823
2023-08-23,232.24404907226562,232.24404907226562,224.26620005833283,230.47119373583612,65950906
2023-08-24,232.687255859375,249.97259486607143,228.25511765252975,249.97259486607143,159586965
2023-08-25,216.28834533691406,224.26619414032484,213.62906240244382,221.16369738344287,121642364
2023-08-28,210.9698028564453,217.61801092965263,203.4351670401437,217.17479705810547,96436841
2023-08-29,216.7315673828125,218.94763657895578,212.7426428297546,214.51549818666922,54380342
2023-08-30,220.27728271484375,225.15263504857268,219.83406886632292,223.37977965448943,53932115
2023-08-31,224.70941162109375,224.70941162109375,212.74263822115384,218.0612041766827,70967500
2023-09-01,213.18585205078125,226.03905310997595,213.18585205078125,226.03905310997595,56928062
2023-09-04,218.0612030029297,218.0612030029297,210.96978176706207,213.1858509032707,44060670
2023-09-05,217.17477416992188,218.06120181959503,213.62906357122927,215.40191887057557,26958015
2023-09-06,225.15261840820312,225.15261840820312,218.06119735597628,218.06119735597628,47610541
2023-09-07,223.37977600097656,224.2662036835201,220.2772791120741,221.60692063588942,33157700
2023-09-08,214.5155029296875,223.8229937592814,214.07228908065923,220.72049681608343,47868495
2023-09-11,202.10549926757812,214.9586998788934,194.12765061227898,213.62905843634354,97761200
2023-09-12,198.55978393554688,202.10549436296736,196.3437149184091,202.10549436296736,56288162
2023-09-13,202.54872131347656,202.99193514567236,196.3437276627355,199.44622448810603,36302842
2023-09-14,208.3105010986328,210.08335642713183,204.32157660951006,205.6512181058843,48037207
2023-09-15,206.5376434326172,210.52656787659475,205.65121577839994,209.19692639526892,42231169
2023-09-18,197.23016357421875,201.66230208150455,195.45730817130442,201.21908823077598,45420377
2023-09-19,194.12765502929688,201.2190762175817,192.35479973222567,198.55979327197488,40176586
2023-09-20,193.6844482421875,203.43515273035254,190.5819513595895,192.35480672107408,55190250
2023-09-21,194.12765502929688,196.78693797490368,187.03623384101206,189.25230296235108,52348740
2023-09-22,201.66229248046875,201.66229248046875,190.13873291015625,191.91158822866586,49723452
2023-09-25,200.33265686035156,202.10551223079713,197.23015996207178,201.66229838818575,38835647
2023-09-26,196.34371948242188,205.20799575702333,196.34371948242188,201.21907143345268,46203309
2023-09-27,203.87835693359375,203.87835693359375,196.34372200343918,197.67336346170177,37403071
2023-09-28,212.2994384765625,216.2883632078549,208.3105137452701,208.3105137452701,86509850
2023-10-02,225.59585571289062,229.584780470093,216.73157847466308,217.17479233657446,97257948
2023-10-03,220.27728271484375,228.25513198821835,219.83406886632292,227.81191813969755,48104030
2023-10-04,222.05014038085938,222.93656808697057,212.299435613636,212.7426494666916,49045023
2023-10-05,221.16371154785156,223.82299465263537,219.83406999545969,223.37978080183805,39895836
2023-10-06,225.59585571289062,228.69835274627025,222.49335867951098,223.37978640333372,57706382
2023-10-11,210.9698028564453,232.2440686907087,210.9698028564453,232.2440686907087,78147919
2023-10-12,210.9698028564453,216.28836931501115,207.86730575561523,208.3105196271624,65659214
2023-10-13,200.33265686035156,212.74264445347066,196.78694611946037,210.9697890830251,80270074
2023-10-16,196.34371948242188,201.21907143345268,195.9005056686918,196.34371948242188,40863223
2023-10-17,196.34371948242188,200.7758576197226,193.24122278631137,199.0030023648023,44571311
2023-10-18,185.70660400390625,193.24123948855163,184.37696244779238,192.3548117844757,89829079
2023-10-19,184.82017517089844,187.0362444175519,180.38803667759151,183.49053362290636,49137297
2023-10-20,181.27447509765625,183.9337583509226,176.39912246666793,182.6041167242894,86621018
2023-10-23,177.72872924804688,183.9337222891258,177.28551545939837,178.61515682534386,43292572
2023-10-24,185.26336669921875,185.26336669921875,177.72873216838929,180.8312287399073,54480571
2023-10-25,186.593017578125,189.6955143074525,183.4905208487975,186.14980375964964,42016078
2023-10-26,179.50160217285156,182.60409900053048,178.17196067527487,179.058388340326,42968004
2023-10-27,179.94480895996094,183.04730566616715,178.61516751444398,182.60409185099485,36446623
2023-10-30,182.60411071777344,184.37696616163532,180.38804141294608,180.83125527391155,24897510
2023-10-31,167.5348358154297,184.37696216724538,167.5348358154297,183.49053446451822,70676587
2023-11-01,169.3076934814453,171.96697662513293,166.6484103377577,171.0805489105704,45193011
2023-11-02,178.17196655273438,180.83124963561102,175.51268346985773,176.84232501129605,49234507
2023-11-03,177.28553771972656,181.71767616271973,176.39911003112795,179.50160694122314,38302758
2023-11-06,182.16087341308594,182.60408721701071,179.05837678561247,180.8312320013116,30389775
2023-11-07,180.83123779296875,183.49052070168887,179.9448101567287,181.71766542920878,23157199
2023-11-08,190.5819549560547,195.4573072921398,181.71767798135448,182.16089183008947,71338649
2023-11-09,194.12765502929688,194.5708688535647,189.25230296235108,191.02515825942228,45180290
2023-11-10,189.25230407714844,192.79801469217696,187.47944876963416,192.35480086529842,33109098
2023-11-13,182.60411071777344,189.69553249322095,182.60411071777344,187.03624932742812,69396541
2023-11-14,184.82017517089844,187.0362444175519,181.7176782255836,183.93374747223706,33339074
2023-11-15,185.26336669921875,193.2412150259794,185.26336669921875,190.13871845446135,46404390
2023-11-16,184.82017517089844,190.5819552121974,183.04731977357568,187.0362444175519,37864769
2023-11-17,184.82017517089844,187.0362444175519,183.93374747223706,186.14981671889052,26859525
2023-11-20,187.92266845703125,188.80909613843235,184.3769577314269,186.14981309422907,26885576
2023-11-21,192.7980194091797,194.12766092234645,190.58195022056842,191.46837789601292,48092999
2023-11-22,184.82017517089844,189.25231366420536,184.37696132156773,187.92267211621328,44246302
2023-11-23,180.38803100585938,185.70659703060215,179.94481717046415,184.37695552441647,34825618
2023-11-24,180.38803100585938,181.71767251204508,177.28553415809276,180.83124484125463,31376117
2023-11-27,174.1830291748047,179.94480876582875,171.08053247194556,179.94480876582875,50003570
2023-11-28,174.62625122070312,175.5126788918742,171.9669682071899,173.73982354953205,32848283
2023-11-29,178.17196655273438,179.05839424702657,173.73982808127332,175.95589731700383,37592569
2023-11-30,179.94480895996094,179.94480895996094,174.62624317789312,176.3990984385824,54851553
2023-12-01,177.28553771972656,179.05839309692385,175.5126823425293,178.1719654083252,29879069
2023-12-04,175.06947326660156,179.50161183031298,175.06947326660156,179.05839797394185,27279465
2023-12-05,172.8533935546875,174.1830350435697,170.63732440655048,173.2966073843149,28138699
2023-12-06,176.8423309326172,179.05840024254974,175.51268934665765,176.3991170706307,21977287
2023-12-07,178.17196655273438,180.3880357884649,173.73982808127332,176.84232501129605,27332725
2023-12-08,179.94480895996094,183.04730566616715,179.05838132961628,181.7176642206502,29667478
2023-12-11,180.83123779296875,184.37694833792892,179.05838252048866,184.37694833792892,20799380
2023-12-12,178.17196655273438,182.60410502419543,178.17196655273438,181.7176773299032,21434046
2023-12-13,178.17196655273438,181.7176773299032,177.72875270558828,179.9448219413188,23931619
2023-12-14,182.16087341308594,182.60408721701071,179.05837678561247,180.8312320013116,29953645
2023-12-15,179.50160217285156,183.4905266655816,179.50160217285156,183.04731283305603,31301648
2023-12-18,179.94480895996094,182.16087803582252,176.3990984385824,179.5015951447886,26713713
2023-12-19,180.38803100585938,186.1498108659974,180.38803100585938,181.71767251204508,52744531
2023-12-20,186.14981079101562,188.36587996709915,180.8312447684152,183.0473139444987,70203714
2023-12-21,191.025146484375,192.79800167216501,180.83122915458236,183.4905119362674,66089133
2023-12-22,190.5819549560547,194.12766574593476,189.69552725858466,192.79802419972975,38308946
2023-12-25,191.025146484375,194.12764306300753,190.13871889048,191.4683602813225,23664923
2023-12-26,191.4683837890625,192.35481149178963,189.25231453224464,192.35481149178963,16963502
2023-12-27,191.025146484375,192.3547878752175,189.6955050935325,191.91157407827,16950770
2023-12-28,192.3548126220703,194.12766803794193,191.0251710601666,192.3548126220703,19577387
2023-12-29,199.00302124023438,200.77587666330996,192.79802725946982,193.24124111523872,55202885
2024-01-02,189.6955108642578,199.446214693729,189.2522970538273,199.00300088329848,41990541
2024-01-03,189.6955108642578,191.46836610597984,185.26337275995272,185.70658657038322,23058884
2024-01-04,194.12765502929688,195.01408267783248,188.36587531381545,189.69551678661887,27277062
2024-01-05,191.025146484375,196.34371204774507,191.025146484375,194.57085685995503,29379840
2024-01-08,189.6955108642578,193.24122134770187,189.6955108642578,192.35479372684085,18226048
2024-01-09,191.4683837890625,199.44623311360678,191.4683837890625,195.45730845133463,40139048
2024-01-10,193.24122619628906,194.57086766094244,189.69551562388008,190.58194326698234,22827097
2024-01-11,198.55978393554688,199.446211542402,192.35479068756104,195.01407350812642,35410895
2024-01-12,204.76480102539062,207.86729801062384,195.45731006969106,197.23016548982432,52622290
2024-01-15,200.77586364746094,208.753712534115,200.3326498204246,207.86728488004235,43440398
2024-01-16,202.10549926757812,203.87835452431128,199.00300256829513,199.8894301966617,23139021
2024-01-17,202.54872131347656,206.5376458032387,201.662293649085,203.87836281006395,43825658
2024-01-18,196.34371948242188,202.99192668837296,195.45729185496174,202.10549906091282,34449346
2024-01-19,212.74264526367188,213.62907295227052,199.8894437789917,200.33265762329103,85320128
2024-01-22,224.70941162109375,230.47119140625,221.16370098407452,223.82298396183896,99110318
2024-01-23,223.82298278808594,226.03905192460164,220.72048599696396,226.03905192460164,41511314
2024-01-24,221.60691833496094,225.59584286499023,221.16370449829103,224.70941519165038,23275124
2024-01-25,220.72047424316406,226.4822536912788,220.72047424316406,225.1526122801754,31308056
2024-01-26,214.5155029296875,219.83406911802686,213.62907523163096,219.83406911802686,27751807
2024-01-29,217.6179962158203,219.39085158214064,213.62907164159958,214.51549932475973,22171520
2024-01-30,224.26620483398438,225.15263252107522,219.83406639853013,221.60692177271181,40774120
2024-01-31,218.9476318359375,222.05012864332934,217.1747765174279,221.60691481370193,32154874
2024-02-01,215.4019317626953,221.16371183042173,214.0722902086046,218.5044287222403,35173109
2024-02-02,224.26620483398438,225.15263252107522,219.39085255498472,221.1637079291664,40272770
2024-02-05,226.03904724121094,227.368688695571,222.93655051437077,224.70940578685085,37787922
2024-02-15,236.2329864501953,241.99476660751714,232.68727558415108,240.22191117449503,65367818
2024-02-16,220.27728271484375,229.14155968525998,220.27728271484375,229.14155968525998,83336905
2024-02-19,214.07228088378906,221.60691602876713,213.62906705173154,220.27727453259453,42790959
2024-02-20,214.9586944580078,217.61797727604502,212.7426254429768,214.0722668519954,32621268
2024-02-21,209.1969451904297,213.18586999278958,208.7537313235008,212.2994422589318,33913077
2024-02-22,215.8451385498047,219.390849244668,213.18585552865719,217.61799389723635,39679214
2024-02-23,213.6290740966797,220.72049564345744,213.6290740966797,220.27728179678383,34082853
2024-02-26,213.6290740966797,215.40192948337412,210.96979101663803,212.74264640333246,18419871
2024-02-27,206.09442138671875,214.51548376596102,204.32156614898355,213.62905614709342,30950949
2024-02-29,205.65121459960938,207.42406989788185,202.10550400306437,204.321573125905,29324835
2024-03-01,210.08335876464844,211.4130002758171,205.6512203940862,207.4240757423111,25820725
2024-03-04,211.856201171875,215.401911651739,209.64013212196,213.629056411807,25090811
2024-03-05,217.17477416992188,218.5044156444316,211.85620827188296,213.18584974639268,27412147
2024-03-06,218.50442504882812,218.94763889274057,214.9587142975287,215.40192814144112,19602670
2024-03-07,213.18585205078125,220.2772733248197,213.18585205078125,219.83405949519232,23379895
2024-03-08,214.07228088378906,218.5044192043644,212.2994255555589,213.62906705173154,26241642
2024-03-11,221.16371154785156,225.59585005582454,215.4019314874867,215.845145338284,47413219
2024-03-12,225.59585571289062,226.92549729862475,218.94764778421998,224.2662141271565,44162473
2024-03-13,222.05014038085938,227.81192047058227,219.83407111558134,226.92549276447104,35270220
2024-03-14,215.8451385498047,222.93655993953132,213.6290693655151,222.0501322658155,24443380
2024-03-15,228.25511169433594,229.14153931256635,212.29941456618818,213.18584218441862,68792221
2024-03-18,226.03904724121094,237.11939269421146,224.26619196873085,234.90332360361134,57179954
2024-03-19,227.81192016601562,230.9144171332571,224.26620934631111,226.9254924610895,33085623
2024-03-20,220.72047424316406,231.35760553199125,219.8340466357618,228.25510890608334,55375181
2024-03-21,225.59585571289062,228.25513888435887,224.2662141271565,225.59585571289062,33510827
2024-03-22,228.25511169433594,232.6872497854881,225.59582883964464,227.3686840761055,42532536
2024-03-25,226.03904724121094,230.0279716042911,226.03904724121094,228.69833014993105,18077064
2024-03-26,225.15261840820312,232.24403946043,223.37976314514643,228.69832893431658,38718486
2024-03-27,228.25511169433594,229.14153931256635,222.49333217583813,225.15261503052943,20061026
2024-03-28,248.1997528076172,248.1997528076172,229.58477134704592,230.02798519134524,94992576
2024-03-29,253.96153259277344,264.1554510040017,245.09725571344453,247.31332493327676,114744000
2024-04-01,250.41580200195312,262.82578864983753,249.5293743842471,261.05293341442547,65982658
2024-04-02,264.15545654296875,265.04188424948876,253.9615379179884,253.9615379179884,80400387
2024-04-03,260.1665344238281,261.9393898543142,256.620823562856,261.05296213907116,53767058
2024-04-08,258.3936767578125,262.82581529568233,257.0640351964515,261.0529598805344,44179154
2024-04-09,254.4047393798828,260.60973302329455,250.85902872650465,260.60973302329455,38305903
2024-04-10,249.97259521484375,257.9504439982962,249.97259521484372,257.06401635569034,33451053
2024-04-11,252.1886749267578,255.29117180634884,249.08617804716675,249.9726057270499,32704505
2024-04-12,248.06942749023438,256.76558823251196,248.06942749023438,253.10404686734248,46712215
2024-04-15,238.91558837890625,249.9002131319594,237.0848175867307,245.78097884956446,38084902
2024-04-16,228.38865661621094,239.3732813833233,227.0155785203219,236.62712519154522,46510113
2024-04-17,232.965576171875,234.33865422396858,226.55787859543838,232.50788348784383,40500013
2024-04-18,229.3040313720703,232.50788011379586,227.47326066251287,228.84633869468095,25133414
2024-04-19,221.06556701660156,230.21942072329313,216.94633284859034,228.8463426672894,36117480
2024-04-22,210.53863525390625,220.60787433126697,210.53863525390625,217.8617182192595,32103726
2024-04-23,216.9463348388672,218.77710559700108,213.2847933225994,216.03094945980024,21548954
2024-04-24,238.45790100097656,238.45790100097656,227.9309687111062,228.84635412761668,44081784
2024-04-25,233.88096618652344,238.91558581089086,228.846346562156,235.71173695902067,42585294
2024-04-26,235.71173095703125,246.23866263084042,235.2540382755613,243.49250654202064,40653744
2024-04-29,239.373291015625,241.20406188381335,236.6271347133425,238.45790558153084,15447822
2024-04-30,238.0001983642578,241.66173987755408,238.0001983642578,239.83096912090596,14704032
2024-05-02,238.91558837890625,240.74635917108176,229.7617344180286,232.5078906062919,22037978
2024-05-03,234.7963409423828,243.4925017180266,234.7963409423828,241.6617310284174,22827884
2024-05-06,239.8309783935547,249.90021794442913,239.8309783935547,239.8309783935547,43172559
2024-05-07,244.40789794921875,244.40789794921875,238.45789294296435,242.57712717806356,22401447
2024-05-08,250.35789489746094,254.01943632192103,243.9501974046557,244.40789008271324,43950192
2024-05-09,251.2732696533203,254.47711826456484,248.98480635957424,250.8155769945711,27241691
2024-05-10,247.6117401123047,251.7309742361693,244.4078913492989,251.7309742361693,32079709
2024-05-13,251.2732696533203,252.64634762956797,246.69634306582813,248.98480635957424,19749229
2024-05-14,264.08868408203125,265.9194548555635,248.98482520038996,251.7309813606884,46502998
2024-05-15,262.7156066894531,270.038689802748,261.34252860571036,263.630992078615,62429111
2024-05-16,253.56175231933594,267.29253313085235,253.10405962561873,265.9194550497007,80715004
2024-05-17,261.80023193359375,264.54638821261744,255.85022666237572,255.85022666237572,46645961
2024-05-20,258.138671875,263.17329136192376,255.85020847185285,263.17329136192376,24322187
2024-05-21,258.138671875,262.2579060006649,256.7655938331117,258.59636455562946,18707757
2024-05-22,261.342529296875,261.80022199266637,256.30790964316986,258.59637312212675,21802191
2024-05-23,259.96942138671875,268.2078889658753,258.5963434568593,262.7155772464376,29713493
2024-05-24,262.2579040527344,264.54636743888386,258.5963626348952,259.05405531212506,21539367
2024-05-27,268.66558837890625,270.038666343364,263.6309691758944,265.4617397951714,40145022
2024-05-28,265.0040588378906,269.123292913091,263.63098081282385,268.66560023806875,28040196
2024-05-29,262.7156066894531,271.86946058107173,262.7156066894531,265.91945555151966,30237804
2024-05-30,257.6809997558594,262.71561964451735,257.22330703870864,261.80023421021593,18375539
2024-05-31,250.81558227539062,258.59635763794836,250.81558227539062,257.68097230117684,36680041
2024-06-03,258.59637451171875,264.0886868907287,254.4771402274613,255.39252562396294,28013778
2024-06-04,251.73098754882812,260.42714893687855,249.9002167302912,259.05407082297586,27137800
2024-06-05,253.1040496826172,257.2232837642511,251.2732789796688,254.4771277098285,14643697
2024-06-06,255.8502197265625,260.8848394349564,254.47714162427326,259.9694540334302,18827927
2024-06-07,249.90020751953125,256.3079051482372,248.0694367684724,254.47713439717833,25842113
2024-06-11,251.2732696533203,255.8501962408125,250.8155769945711,253.10404028831718,17965866
2024-06-12,251.2732696533203,253.5617329470664,249.90019167707266,253.5617329470664,16630971
2024-06-13,259.96942138671875,259.96942138671875,253.56172438070809,253.56172438070809,27971741
2024-06-14,265.91943359375,267.2925115641136,258.1386584283563,260.8848143690835,33989140
2024-06-17,264.08868408203125,265.9194548555635,260.4271425349667,265.9194548555635,17172967
2024-06-18,266.3771667480469,268.2079376535317,262.71562493707717,265.46178129530443,20418133
2024-06-19,289.26177978515625,292.92332130142404,266.834837998016,267.75022337708293,108990272
2024-06-20,302.0771789550781,303.45025704123753,291.09255426580256,292.0079396565755,72523002
2024-06-21,292.46563720703125,294.75410072195325,284.6848612562965,293.381022613,51704030
2024-06-24,278.27716064453125,290.17717080367237,278.27716064453125,286.51562921624435,42233860
2024-06-25,279.1925354003906,280.10792076235913,268.6656037377529,275.53099395251667,40789360
2024-06-26,283.3117980957031,286.973339912772,281.0233344600351,281.9387199143023,26223768
2024-06-27,279.1925354003906,282.39638416728036,273.70022322857966,278.2771500384221,19545453
2024-06-28,285.6002197265625,287.4309903658353,280.10790780874396,280.10790780874396,19574399
2024-07-01,282.3963928222656,286.5156270773716,281.48100743224205,286.5156270773716,15985543
2024-07-02,280.5656433105469,286.0579560670339,278.73487239171783,284.2271851482049,18672895
2024-07-03,281.9386901855469,284.6848462587827,280.1079194700563,284.6848462587827,13187172
2024-07-04,282.85406494140625,288.8040695437336,282.85406494140625,287.4309915585811,15133353
2024-07-05,285.6002197265625,289.26176100510816,282.85406376765326,285.6002197265625,14210800
2024-07-08,292.46563720703125,298.87333504881286,283.31178314734325,285.60024666226525,28404075
2024-07-09,307.5694885253906,313.5194935117449,298.41563470023016,301.1617908477783,67607370
2024-07-10,312.14642333984375,315.8079649625985,302.9925692829568,314.8925795569098,35949326
2024-07-11,304.3656311035156,313.97717734888977,304.3656311035156,313.97717734888977,23543564
2024-07-12,298.4156494140625,303.9079619799655,292.9233368481595,296.5848785587615,18461514
2024-07-15,295.66949462890625,304.36565623563877,295.21180191276244,302.0771926549197,17659297
2024-07-16,295.2117919921875,299.3310262990552,291.0925576853198,296.58487009447674,17147929
2024-07-17,287.4309997558594,293.838697202646,286.9733070810889,293.838697202646,19421197
2024-07-18,272.78485107421875,281.02331973082266,271.41177296478475,276.9040854025207,43202067
2024-07-19,271.8694763183594,276.9040962501808,270.49639815513535,272.7848617605087,21294863
2024-07-22,263.6310119628906,273.24255927403766,259.0540846718682,270.9540956285265,24337318
2024-07-23,271.8694763183594,271.8694763183594,267.29254910761256,269.58101271298597,17482511
2024-07-26,251.73098754882812,258.1386854137074,248.98483132102274,251.73098754882812,36010798
2024-07-29,247.154052734375,255.850213849103,247.154052734375,254.47713577835646,24380182
2024-07-30,247.6117401123047,248.5271254731635,239.3732718645755,243.49250598844012,31549538
2024-07-31,249.44252014160156,255.85021790670692,240.28866619145103,240.28866619145103,39418152
2024-08-01,264.54638671875,266.3771575610943,257.2233033493728,261.80023045523353,39810771
2024-08-02,243.4925079345703,253.56174698449615,243.03481525048275,251.27328356405846,40859651
2024-08-05,219.2347869873047,229.3040256380786,219.2347869873047,224.26940631269164,52868210
2024-08-06,226.10018920898438,229.76173073463593,213.28479386920387,228.3886526625166,44177529
2024-08-07,228.84634399414062,238.45789044189453,221.98095367431642,224.26941711425783,52826492
2024-08-08,219.69248962402344,223.35403111775716,216.03094813028972,219.69248962402344,56730041
2024-08-09,228.84634399414062,233.42327087402344,226.10018786621094,227.93095861816408,49626663
2024-08-12,244.40789794921875,248.98482487710675,234.79635140065398,238.00020025017557,48834674
2024-08-13,243.95021057128906,249.44252300441377,242.5771324630079,248.98483030165337,26687351
2024-08-14,248.06942749023438,252.18866152605008,246.23865680764962,248.06942749023438,28844838
2024-08-15,248.52711486816406,251.73096349445714,247.61172954636604,250.35788551176012,16536299
2024-08-16,254.93484497070312,257.68100128995667,252.64638137132516,254.47715225082752,28752281
2024-08-19,254.47715759277344,256.76562124019046,253.10407940432322,256.76562124019046,14672629
2024-08-20,259.96942138671875,264.5463478195835,258.5963434568593,259.0540361001458,26840428
2024-08-21,258.138671875,261.8002133200355,256.7655938331117,258.138671875,19992207
2024-08-22,252.6463623046875,259.96944527004075,252.6463623046875,259.0540598993716,15883914
2024-08-23,252.6463623046875,254.01944036069122,248.06943545134172,248.98482082201087,19259852
2024-08-26,251.73098754882812,259.05407082297586,251.73098754882812,254.93483648126775,14895348
2024-08-27,252.1886749267578,252.6463676217247,247.154055282122,250.35790414689023,16841706
2024-08-28,254.93484497070312,256.30792313032987,248.98483961232046,252.18868865144958,15959378
2024-08-29,248.98483276367188,250.35791088553034,243.9502129835241,245.78098381266872,22693820
2024-08-30,245.32327270507812,249.44250676169324,245.32327270507812,248.98481408873602,21323663
2024-09-02,244.40789794921875,249.90021026268434,244.40789794921875,247.61174679874034,11868963
2024-09-03,248.98483276367188,249.9002181782442,243.03482756895175,245.32329110538257,19100170
2024-09-04,228.84634399414062,233.42327087402344,227.01557324218751,233.42327087402344,42812306
2024-09-05,226.10018920898438,231.5925014974617,226.10018920898438,230.21942342534237,20068853
2024-09-06,234.7963409423828,238.00018964919894,227.9309508563482,228.84633620115284,27834075
2024-09-09,228.84634399414062,230.2194220581055,226.55788055419924,228.84634399414062,31844504
2024-09-10,219.2347869873047,226.10017697646873,217.86170898947188,226.10017697646873,54527225
2024-09-11,221.52325439453125,224.72710311511332,220.60786904579354,220.60786904579354,16585710
2024-09-12,231.59249877929688,235.7117329473081,228.8463426672894,228.8463426672894,38745453
2024-09-13,232.965576171875,234.33865422396858,229.3040346996255,232.965576171875,18233844
2024-09-16,232.5078887939453,234.3386595718504,230.67711801604023,233.42327418289787,13175269
2024-09-18,228.84634399414062,232.50788549804687,227.93095861816408,231.13480743408203,13305144
2024-09-19,231.59249877929688,232.50788414996603,227.0155719259511,229.76172803795856,15072098
2024-09-20,231.1348114013672,237.54250914318726,231.1348114013672,235.71173835981008,24018450
2024-09-23,235.25404357910156,235.25404357910156,232.05019473658461,233.423272811949,10598670
2024-09-24,234.7963409423828,236.62711163199202,232.05018490796897,234.3386482699805,18106808
2024-09-25,249.44252014160156,251.7309836291392,240.28866619145103,240.74635888895855,47171801
2024-09-26,252.1886749267578,254.47713840159227,249.44251875695645,254.0194457066254,27178576
2024-09-27,253.56175231933594,259.05406464394247,252.1886742381843,254.47713770677035,29084059
2024-09-30,241.6617431640625,249.90021168101916,241.6617431640625,248.98482629024622,29002493
2024-10-01,245.32327270507812,248.52712141577877,243.49250201324918,245.78096537803538,13490163
2024-10-04,239.8309783935547,249.4425252375712,239.37328568669676,243.03482734156017,28719313
2024-10-07,244.86558532714844,248.0694341071298,242.577121912876,244.86558532714844,19062186
2024-10-08,243.03482055664062,243.03482055664062,240.2886643921588,242.11943516848,12499194
2024-10-09,250.35789489746094,255.39251435609359,248.52712418523086,249.44250954134588,33634736
2024-10-11,258.138671875,259.96944259751774,252.6463597074468,253.56174506870568,37256119
2024-10-14,259.5117492675781,260.8848273060309,254.93482247273548,258.5963639086096,16945056
2024-10-15,270.4963684082031,272.327139091169,262.7155930055983,264.54636368856416,48884679
2024-10-16,270.0386962890625,272.7848525225106,263.63099841101695,265.4617692333157,29762514
2024-10-17,275.07330322265625,277.3617666438098,270.0386836961185,274.6156105384255,25936445
2024-10-18,281.0233154296875,289.2617839601995,276.9040811644315,284.2271643026644,56598857
2024-10-21,282.85406494140625,286.51560623514615,282.85406494140625,284.6848355882762,20834171
2024-10-22,292.0079345703125,295.2117833822125,283.76946619685543,285.60023694651255,43717204
2024-10-23,290.1771545410156,292.0079252321261,288.3463838499051,291.5502325593485,20966093
2024-10-24,279.1925354003906,288.34638902007555,277.8194573574379,288.34638902007555,38902304
2024-10-25,283.76947021484375,286.0579336843183,280.1079286636845,280.5656213575794,15863904
2024-10-28,283.76947021484375,287.43101176600305,280.1079286636845,286.5156263782132,18865841
2024-10-29,277.36175537109375,281.9386820273824,274.1579067116917,281.9386820273824,23056921
2024-10-30,277.8194885253906,282.39641584870844,277.36179579305883,278.2771812577224,16205521
2024-11-01,279.1925354003906,281.48099880531186,265.00406228987896,265.46175497086324,21632951
2024-11-04,286.97332763671875,287.8887130518279,280.1079370234001,280.5656297309547,23577291
2024-11-05,291.092529296875,292.92329992138366,283.31175414271326,284.2271394549675,25410159
2024-11-06,293.3810119628906,297.0425534538471,291.09254853104284,292.0079339037819,30416641
2024-11-07,297.95794677734375,301.1617956674227,292.92332709293396,295.6694832844302,28410045
2024-11-08,300.24639892578125,304.82332573867427,298.87332088191334,300.24639892578125,31781667
2024-11-11,297.500244140625,300.2464002403846,294.7540880408654,300.2464002403846,23596609
2024-11-12,286.515625,293.8387080670927,286.515625,292.4656299920128,29974660
2024-11-13,294.7541198730469,295.211812605769,284.68487975316015,284.68487975316015,30441886
2024-11-14,287.8887023925781,293.3810146798769,283.76946817710405,292.0079366080522,26243215
2024-11-15,271.8694763183594,281.9387161820023,270.03870543406066,281.9387161820023,74915637
2024-11-18,265.91943359375,272.784823445568,264.0886629665985,270.0386675048408,29001059
2024-11-19,265.4617614746094,268.6656103199926,263.630990705819,268.6656103199926,32141834
2024-11-20,270.4963684082031,270.4963684082031,270.4963684082031,270.4963684082031,24526181
2024-11-21,269.1233215332031,271.86947787537866,264.5463942962439,265.9194724673317,18646313
2024-11-22,271.8694763183594,275.5310180869568,271.4117835972847,272.7848617605087,19974378
2024-11-25,273.7002258300781,278.27715268342394,273.7002258300781,275.988689256751,23017222
2024-11-26,271.8694763183594,275.0733253658821,268.20793454976194,271.8694763183594,14832771
2024-11-27,262.2579040527344,269.58098688841284,262.2579040527344,269.58098688841284,22711911
2024-11-28,263.6310119628906,265.4617828792996,259.9694701300727,263.6310119628906,15362099
2024-11-29,266.3771667480469,268.66563037990295,260.8848540315923,261.8002394843347,13988329
2024-12-02,268.2079162597656,270.9540723989441,267.7502235699025,270.03868701921795,11485077
2024-12-03,268.2079162597656,275.07330660771186,268.2079162597656,272.3271504685334,15710058
2024-12-04,269.1233215332031,270.49639970429087,267.2925506384194,269.58101425689904,13557910
2024-12-05,269.1233215332031,272.7848633227705,269.1233215332031,272.3271705990746,10911479
2024-12-06,271.8694763183594,275.0733253658821,270.49639815513535,271.8694763183594,13808402
2024-12-09,270.9540710449219,275.0733052331048,270.03868566977013,274.15791985795306,12306407
2024-12-10,268.2079162597656,273.24253584825954,266.3771455003133,271.86945777867027,14427132
2024-12-11,262.7156066894531,267.29253363526243,261.8002213002913,265.91945555151966,21335948
2024-12-12,261.80023193359375,267.2925444916412,261.80023193359375,266.3771590652999,14976319
2024-12-13,261.342529296875,263.1733000800405,260.88483660108363,260.88483660108363,12200744
2024-12-16,251.73098754882812,263.17330516468394,250.81560213955964,262.7156124600497,28991647
2024-12-17,251.73098754882812,254.0194510719993,249.9002167302912,249.9002167302912,17637500
2024-12-18,252.6463623046875,253.56174767535666,248.98482082201087,248.98482082201087,15895913
2024-12-19,251.2732696533203,252.18865497081876,246.23865040707892,249.44249901832345,23712359
2024-12-20,254.01943969726562,255.39251774968326,249.90020554001265,250.81559090829109,16457770
2024-12-23,264.54638671875,265.9194648505082,260.42715232347535,260.8848450340614,28828977
2024-12-24,266.3771667480469,268.2079376535317,265.00408856893324,267.2925522007893,18590184
2024-12-25,267.29254150390625,270.9540831683433,266.37715608779695,268.2079269200155,13632627
2024-12-26,266.3771667480469,270.0387085590166,265.9194740216757,269.5810158326454,10927365
2024-12-27,266.3771667480469,267.2925522007893,264.0887031161908,265.9194740216757,6492283
2024-12-30,263.6310119628906,266.3771683375041,263.6310119628906,265.4617828792996,9409363
2024-12-31,262.7156066894531,263.17329938403407,259.9694505219676,262.25791399487224,9669319
2025-01-02,256.3078918457031,264.54635979788645,256.3078918457031,260.88481848580494,16133262
2025-01-03,264.54638671875,268.66562111402465,255.8502252176146,259.0540741917171,29343116
2025-01-06,269.1233215332031,273.7002487701624,265.9194724673317,268.6656288095072,35113786
2025-01-07,270.4963684082031,273.70021710339336,269.5809830667202,273.70021710339336,22275626
2025-01-08,270.0386962890625,271.86946711136125,267.29254005561444,268.66561817233844,13151731
2025-01-09,263.6310119628906,271.4117883576287,263.6310119628906,270.038710170322,15315431
2025-01-10,259.5117492675781,264.54636874190504,259.0540565880939,262.25790534448373,14645191
2025-01-13,247.6117401123047,257.22328640132207,247.6117401123047,256.30790104046326,36989579
2025-01-14,246.23867797851562,248.06944881850458,239.83098003855426,244.86559984852389,34307639
2025-01-15,238.0001983642578,248.98482290414663,238.0001983642578,245.32328139085035,30545530
2025-01-16,238.0001983642578,244.86558870168832,238.0001983642578,244.4078960125263,29433453
2025-01-17,238.45790100097656,241.20405725050796,237.08482287621086,238.9155937092318,22707181
2025-01-20,244.40789794921875,245.78097602758515,237.54250755738676,238.00020025017557,24130889
2025-01-21,246.23867797851562,246.69637068851287,243.03482900853493,244.40790713852667,12185918
2025-01-22,246.6963653564453,248.5271361568642,244.86559455602642,247.15405805655004,21735937
2025-02-03,222.4386444091797,225.64249319696623,222.4386444091797,222.4386444091797,56989643
2025-02-04,215.11557006835938,222.43865330472906,215.11557006835938,221.52326790018284,58985951
2025-02-05,219.69248962402344,222.43864574432374,215.573255443573,215.573255443573,33545796
2025-02-06,221.98094177246094,225.18479041659955,220.60786378211583,222.89632709935768,26217854
2025-02-07,230.67710876464844,230.67710876464844,223.81171862284342,224.26941129896377,26247358
2025-02-10,230.67710876464844,232.05018679300943,227.93095270792642,232.05018679300943,23013509
2025-02-11,236.16941833496094,239.8309597044952,233.42326230781023,235.25403299257735,26993684
2025-02-12,236.16941833496094,238.00018901972808,234.3386476501938,237.0848036773445,15061730
2025-02-13,238.0001983642578,238.91558374258187,234.33865685096154,234.33865685096154,18791431
2025-02-14,238.0001983642578,239.83096912090596,235.71173491844763,235.71173491844763,14717100
2025-02-17,238.45790100097656,239.37328641748704,238.00020829272134,238.00020829272134,8036847
2025-02-18,242.1194305419922,242.1194305419922,238.00019637398097,239.37327442998472,11471037
2025-02-19,246.6963653564453,248.06944345675947,241.66174565529337,242.5771310555028,23284384
2025-02-20,243.95021057128906,247.15405949061181,243.4925178685287,245.78098138233065,13263243
2025-02-21,247.154052734375,247.154052734375,243.0348185221354,243.9502039026331,9604363
2025-02-24,242.57713317871094,243.49251858693248,240.74636236226783,242.57713317871094,15220301
2025-02-25,232.965576171875,238.45788838024927,232.50788348784383,236.16942496009332,32291063
2025-02-26,238.0001983642578,238.45789105341984,226.10018844604494,226.10018844604494,21101071
2025-02-27,229.3040313720703,238.0001922424682,228.84633869468095,238.0001922424682,35035460
2025-03-03,229.3040313720703,232.50788011379586,227.0155679851235,227.93095333990223,30185036
2025-03-04,236.6271209716797,237.08481366214716,225.18480370999305,227.0155744718629,28496178
2025-03-05,239.8309783935547,240.74636380727054,236.16943673869125,237.54251485926505,19318169
2025-03-06,238.45790100097656,242.11944266701843,238.45790100097656,240.74636454225273,12558989
2025-03-07,236.16941833496094,239.8309597044952,234.3386476501938,234.3386476501938,14792239
2025-03-10,238.91558837890625,241.66174456716954,235.2540467945552,238.45789568086235,18710810
2025-03-11,232.965576171875,234.33865422396858,227.01557127946955,230.67711275171908,30410581
2025-03-12,237.54249572753906,239.83095907751536,234.33864703757226,234.7963397075675,19630815
2025-03-13,235.71173095703125,243.03481386055068,235.71173095703125,241.66173581614078,15333887
2025-03-14,234.7963409423828,238.00018964919894,234.3386482699805,237.08480430439434,12589989
2025-03-17,233.4232635498047,238.45788295970243,233.4232635498047,238.00019028607537,15581954
2025-03-18,237.54249572753906,239.83095907751536,235.71172504755802,236.1694177175533,13155231
2025-03-19,232.05018615722656,236.16942023102348,230.67710813262758,235.71172755615717,16549407
2025-03-20,235.25404357910156,237.0848143462541,234.79635088731342,234.79635088731342,8740388
2025-03-21,234.33865356445312,237.08480966091156,234.33865356445312,236.6271169781685,10963709
2025-03-24,228.38865661621094,235.25404709565618,227.93096391758127,234.79635439702648,18151602
2025-03-25,228.38865661621094,232.0501982052484,226.55788582169222,230.21942741072968,19762443
2025-03-26,230.67710876464844,230.67710876464844,227.01556735568576,228.38864538404678,10716673
2025-03-27,225.184814453125,227.4732780146405,224.2694290285188,226.1001998777312,17785959
2025-03-28,220.6078643798828,223.8117130327027,217.8617083917515,221.9809423739485,21216020
2025-03-31,205.50401306152344,212.36940325288836,205.0463203820991,208.70786181749372,37414841
2025-04-01,214.20018005371094,214.20018005371094,207.7924823597965,207.7924823597965,16306622
2025-04-02,213.2847900390625,216.94633149896057,212.36940467408797,215.11556076901152,12766581
2025-04-07,192.23094177246094,192.23094177246094,192.23094177246094,192.23094177246094,8425423
2025-04-08,175.29629516601562,182.61937799279434,173.00783178264726,176.66937319603664,65564382
2025-04-09,163.39630126953125,183.99247369846375,159.27706678374474,176.2116974475337,71688907
2025-04-10,179.41554260253906,179.41554260253906,179.41554260253906,179.41554260253906,6330530
2025-04-11,197.2655487060547,197.2655487060547,173.92322159698557,176.2116850390512,64295981
2025-04-14,208.70787048339844,216.03095365825453,204.5886361975419,205.9617142928274,63067954
2025-04-15,208.70787048339844,212.36941207082648,204.13094349911339,208.25017778496994,31832930
2025-04-16,207.79249572753906,210.0809593368732,204.13095395260444,204.13095395260444,17632325
2025-04-17,210.53863525390625,210.53863525390625,204.58863034455672,207.3347864565642,18547815
2025-04-18,210.996337890625,211.45403059754608,207.33479623525622,210.0809524767828,12925919
2025-04-21,212.36941528320312,212.82710798855487,208.7078736403893,209.62325905109276,13549640
2025-04-22,204.588623046875,210.99632041299637,203.67323770885767,208.70785706795303,19966350
2025-04-23,215.11557006835938,216.0309554729056,209.62325764108212,210.9963357479014,24734199
2025-04-24,210.53863525390625,216.0309474779212,210.53863525390625,215.11556210725203,14056588
2025-04-25,215.11557006835938,218.7771116865442,214.20018466381316,217.861726281998,20125126
2025-04-28,224.26942443847656,227.01558065609055,218.3194193003129,219.69249740911988,30312681
2025-04-29,221.98094177246094,223.81171242625442,221.52324910901257,223.35401976280605,12645882
2025-04-30,218.3194122314453,222.43864642449145,217.86171954332906,219.2347976076778,14727427
2025-05-02,229.76173400878906,229.76173400878906,223.35403624758777,223.81172894481642,30815997
2025-05-05,225.6425018310547,230.21942884588339,224.26942372660608,229.76173614440052,23724907
2025-05-06,232.5078887939453,233.42327418289787,224.26942029337246,225.184805682325,21424280
2025-05-07,232.5078887939453,235.25404496080293,228.38865454365887,233.42327418289787,19074757
2025-05-08,230.21942138671875,234.3386555666004,229.76172870006525,234.3386555666004,16551891
2025-05-09,234.7963409423828,235.2540336147851,228.84633620115284,231.59249223556665,22380109
2025-05-12,236.6271209716797,240.2886624954194,234.33865751934235,238.00019904308206,19756236
2025-05-13,239.8309783935547,245.32329087584984,238.91559297983883,243.49252004841813,31892842
2025-05-14,253.1040496826172,253.56174235835428,244.40788884361226,245.32327419508647,48481650
2025-05-15,254.01943969726562,254.93482506554406,251.27328359243032,253.1040543289872,35160729
2025-05-16,251.73098754882812,254.4771437766335,250.81560213955964,253.56175836736506,16610638
2025-05-19,243.4925079345703,250.8155908799709,243.4925079345703,249.90020551179583,16552009
2025-05-20,243.95021057128906,249.44252300441377,243.95021057128906,247.15405949061181,11020016
2025-05-21,248.98483276367188,249.44252547095803,244.40790569081025,245.32329110538257,14665187
2025-05-22,244.86558532714844,246.2386633757119,243.95019996143947,245.32327801000292,10479593
2025-05-23,241.6617431640625,246.69636281331378,240.74635777328953,246.2386701179273,10262344
2025-05-26,243.03482055664062,245.78097672112244,241.20404978031942,241.66174247439972,8825413
2025-05-27,243.4925079345703,247.1540494072706,242.57712256639522,243.4925079345703,8953741
2025-05-28,246.23867797851562,248.98483423849908,245.32329255852113,247.1540633985101,16103397
2025-05-29,248.52711486816406,252.64634881625517,248.52711486816406,249.9001928508611,26895115
2025-06-02,248.06942749023438,248.52712016088057,246.23865680764962,247.154042148942,19057958
2025-06-03,251.73098754882812,252.64637295809658,249.44252402565695,250.35790943492543,17896027
2025-06-04,256.3078918457031,259.0540478297642,255.39250651768276,256.3078918457031,23853254
2025-06-05,257.6809997558594,262.25792692736667,255.85022888725646,259.51177062446226,16994255
2025-06-06,252.6463623046875,256.3079037873641,250.3578988780146,256.3079037873641,15118830
2025-06-09,252.6463623046875,254.93482573136038,251.27328424868375,254.4771330460258,9390154
2025-06-10,259.5117492675781,259.5117492675781,253.10405175479843,253.10405175479843,18288849
2025-06-11,259.0540466308594,260.4271246165353,257.2232759832915,259.96943195464337,12965529
2025-06-12,262.2579040527344,262.2579040527344,257.22328460320546,259.05405531212506,15203754
2025-06-13,263.1733093261719,263.1733093261719,259.05407491932743,259.51176763119906,16436984
2025-06-16,261.80023193359375,262.715617359935,259.9694610809113,261.80023193359375,9016371
2025-06-17,259.0540466308594,263.1732805878872,259.0540466308594,262.7155879259952,15474405
2025-06-18,259.0540466308594,261.3425099403193,258.13866130707544,258.59635396896743,12825922
2025-06-19,255.3925323486328,260.8848448722593,255.39253234863278,258.1386886104461,13664910
2025-06-20,255.8502197265625,259.05406863190404,255.3925270257994,256.7656051280887,16036435
2025-06-23,258.138671875,258.138671875,249.90020362367022,251.73097434618796,17281403
2025-06-24,265.0040588378906,266.8348295379797,261.8002101127348,261.8002101127348,26437298
2025-06-25,268.2079162597656,268.2079162597656,265.00406743072404,266.3771455003133,19860719
2025-06-26,265.4617614746094,270.9540737809806,264.0886833980166,269.1233030121902,24969171
2025-06-27,261.342529296875,265.46176355899735,260.88483660108363,265.46176355899735,22017601
2025-06-30,263.2606201171875,267.5763679879611,260.38345487000515,263.74014765838456,34610578
2025-07-01,269.4944763183594,271.89211400802446,265.6582560148952,265.6582560148952,30113696
2025-07-02,270.45355224609375,270.45355224609375,267.57638679666724,269.49449709628493,9206216
2025-07-03,268.5354309082031,271.4125962393625,267.5763757978167,270.93306868416926,10319023
2025-07-04,266.6173400878906,272.37167116892425,266.6173400878906,270.4535608085797,10313615
2025-07-07,265.65826416015625,267.5763743706989,262.7810988443423,266.1377917127919,6870371
2025-07-08,260.8630065917969,264.69922727697036,260.8630065917969,264.2196996913237,10302640
2025-07-09,264.69921875,265.65827389039856,262.3015808990036,262.3015808990036,10377735
2025-07-10,261.8220520019531,264.69921740856796,261.342524434184,264.69921740856796,13467185
2025-07-11,261.8220520019531,264.2196898407988,259.4244141631074,261.342524434184,9543093
2025-07-14,258.4653625488281,262.30158314324484,257.02677982592184,260.3834728460365,19240450
2025-07-15,259.4244079589844,261.8220457404907,257.9858252900806,258.9448804026831,16130611
2025-07-16,261.342529296875,264.69922233371557,260.383474143492,260.8630017201835,13658920
2025-07-17,259.9039306640625,263.74015104286786,258.94487556936116,262.3015684008158,10102379
2025-07-18,262.30157470703125,264.69921250142824,261.34251958927246,262.30157470703125,12353312
2025-07-21,262.30157470703125,263.26062982479004,260.38346447151366,263.26062982479004,8095323
2025-07-22,251.75196838378906,262.7811022367931,250.7929132661365,261.8220471191406,28883513
2025-07-23,253.67007446289062,254.14960201386018,251.75196425901245,253.1905469119211,15441924
2025-07-24,257.98583984375,258.9448950104554,254.14961917692844,255.10867434363385,15476309
2025-07-25,257.50628662109375,259.42439676352274,256.067704014272,258.9448692279155,7672314
2025-07-28,260.8630065917969,260.8630065917969,257.98584107791675,257.98584107791675,14069744
2025-07-29,256.5472412109375,260.38346164025995,254.14960344261098,260.38346164025995,13055278
2025-07-30,258.94488525390625,258.94488525390625,254.62913716634114,257.9858301233362,10254214
2025-07-31,269.9740295410156,273.330722625895,258.944895119269,260.3834778699316,46993445
2025-08-04,269.4944763183594,272.3716415459575,268.0558937045603,269.97400385629237,17019182
2025-08-05,276.2078857421875,276.2078857421875,270.4535547892253,272.37166510687933,24068241
2025-08-06,276.6874084472656,277.1669360182314,273.8102430214708,275.2488257343682,15742639
2025-08-07,277.16693115234375,281.96220677781685,276.20787602724914,276.6874035897965,20511609
2025-08-08,278.6054992675781,281.4826644923724,277.166916655181,278.6054992675781,16215315
2025-08-11,278.1259765625,278.6055041082974,271.8921184671336,276.68739392510776,17127137
2025-08-12,271.41259765625,279.56456613709145,270.45354254085686,279.56456613709145,22337638
2025-08-13,260.3834533691406,273.3306969068327,259.9039258307076,272.3716418299666,63728788
2025-08-14,259.4244079589844,262.7811008530932,257.5062977337793,260.86299062788817,21814252
2025-08-15,259.4244079589844,262.30157329679196,256.5472426211768,260.86299062788817,23456718
2025-08-18,257.98583984375,260.3834777605135,256.06772951033923,259.4244225938081,19713360
2025-08-19,257.0267639160156,257.9858190052545,255.58818128215734,256.5472363713962,14596705
2025-08-20,248.8748016357422,256.0677149778156,248.39527407960395,255.58818742167742,36664528
2025-08-21,248.39527893066406,252.23149945468975,246.47716866865122,251.27244432368332,24821447
2025-08-22,247.91575622558594,250.79292167501248,245.99764592596824,247.91575622558594,14922957
2025-08-25,257.0267639160156,257.0267639160156,249.83385074672415,252.2314884698213,24295538
2025-08-26,254.1496124267578,256.0677227092239,252.2315021442917,256.0677227092239,21263338
2025-08-27,257.98583984375,257.98583984375,254.14961917692844,255.58820192698653,17279130
2025-08-28,255.10865783691406,257.98582315086423,255.10865783691406,257.02676804621416,9588682
2025-08-29,251.75196838378906,257.5062990897042,251.75196838378906,256.5472439720517,12917153
2025-09-01,245.5181121826172,251.27244293689728,245.0385846197605,249.83386024832726,18655104
2025-09-02,243.12046813964844,249.35432629707532,242.64094058907713,246.95668854421882,15389928
2025-09-03,243.12046813964844,244.55905079136232,242.16141303850586,242.64094058907713,14449933
2025-09-04,246.4771728515625,249.3543382934095,245.51811770428014,245.51811770428014,9875579
2025-09-05,247.91575622558594,248.87481137539478,245.99764592596824,247.91575622558594,7490172
2025-09-08,249.35433959960938,251.27244990422176,248.39528444730317,249.35433959960938,13298290
2025-09-09,251.75196838378906,252.2314959426153,245.5181101190476,248.39527547200518,19631079
2025-09-10,261.8220520019531,262.7811071374914,255.58819362095423,255.58819362095423,35669086
2025-09-11,258.94488525390625,265.1787436026114,257.9858301233362,264.6992160373264,28440432
2025-09-12,262.7810974121094,263.7401525121536,260.862987212021,261.8220423120652,15114671
2025-09-15,264.69921875,265.1787463201993,261.34252575860506,263.74016360960144,21450898
2025-09-16,262.30157470703125,265.65826761918703,261.82204714815185,265.17874006030763,16421165
2025-09-17,261.8220520019531,266.6173276796446,261.8220520019531,262.30157956972226,13008415
2025-09-18,268.055908203125,268.055908203125,261.8220498728198,263.7401601282983,19916772
2025-09-19,269.4944763183594,273.33069662182356,268.0558937045603,269.0149487804263,26438451
2025-09-22,269.4944763183594,271.89211400802446,268.0558937045603,269.97400385629237,13390326
2025-09-23,274.769287109375,276.2078697643979,271.4125942476549,271.4125942476549,34172011
2025-09-24,271.8921203613281,272.37164791046627,268.5354275173611,271.41259281219,29120539
2025-09-25,273.3307189941406,276.20788445723684,268.5354432223136,269.9740259538617,21951726
2025-09-26,273.3307189941406,277.16693961160223,267.5763880679482,275.2488293028714,29092816
2025-09-30,278.1259765625,285.7984172952586,275.7283388335129,276.20786637931036,40461798
2025-10-01,274.769287109375,285.31889324620965,273.8102320060264,281.0031452811409,35534245
2025-10-02,281.96221923828125,282.9212744057584,277.6464709846341,280.04410890332696,30153788
2025-10-03,287.716552734375,287.716552734375,281.9622216796875,282.44174926757813,39470731
2025-10-07,295.8684997558594,301.14330283092335,292.5118068899096,297.78660996497354,40752333
2025-10-08,293.4708557128906,295.3889658809488,291.073218002818,294.42991079691967,20531685
2025-10-09,285.7984313964844,298.26614820237126,285.7984313964844,297.3070930634569,37268713
2025-10-13,282.4417419433594,282.921269518815,275.2488283115251,277.6464661888032,29776200
2025-10-14,272.37164306640625,286.7574692847024,272.37164306640625,286.7574692847024,29851647
2025-10-15,274.2897644042969,276.2078746448864,269.97401636297053,273.3307092840021,15687616
2025-10-16,279.5645751953125,280.04410276854634,274.28977188974056,275.728354609442,15512048
2025-10-17,276.6874084472656,279.5645738730604,275.728353305334,277.6464635891972,12838974
2025-10-20,284.3598327636719,285.3188878488782,278.605502252434,279.08502979503714,22366155
2025-10-21,279.0850524902344,285.31891105101283,279.0850524902344,284.8393834694145,16174355
2025-10-22,277.6464538574219,279.56456407405346,275.2488160866324,277.166926303264,12208364
2025-10-23,281.482666015625,290.5936892767781,277.64644569513945,277.64644569513945,33472282
2025-10-27,296.82757568359375,297.3071032695123,288.6756067229781,291.0732446525709,44396977
2025-10-28,291.5527648925781,295.86851305710644,290.5937097449052,295.38898548326995,17765962
2025-10-29,295.38897705078125,296.348032171076,292.511811689897,294.4299219304865,13100507
2025-10-30,293.4708557128906,297.30707604900687,290.5936904608035,295.3889658809488,20602549
2025-10-31,288.1960754394531,293.9504063966469,288.1960754394531,293.4708788168807,13315938
2025-11-03,285.31890869140625,290.1141844677324,283.8803259585084,287.71654657956935,11626090
2025-11-04,275.7283630371094,286.2779699707031,275.24883544921875,285.31891479492185,19508256
2025-11-05,277.6464538574219,278.1259814115798,268.53543032842185,270.45354054505344,18775068
2025-11-06,281.0031433105469,284.839363697039,275.2488127308087,277.64645047236627,14777764
2025-11-07,275.2488098144531,279.56455770352994,274.7692822712224,278.12597507383765,9629708
2025-11-10,279.5645751953125,279.5645751953125,274.28977188974056,276.2078821826758,9497885
2025-11-11,279.5645751953125,285.3189060741182,279.08504762207866,281.9622130614816,11963258
2025-11-12,276.2078857421875,277.64646848042804,273.81024784511993,276.2078857421875,15684240
2025-11-13,273.3307189941406,281.4826878062466,273.3307189941406,280.04410507469845,24935287
2025-11-14,268.055908203125,270.9330735863428,266.6173255115161,269.49449089473393,19613902
2025-11-17,264.69921875,270.9330771625906,263.74016360960144,269.49449445199275,13276681
2025-11-18,258.94488525390625,267.09685386375145,258.94488525390625,263.74016090675633,18467673
2025-11-19,256.0677185058594,262.3015768215451,256.0677185058594,259.9039390078198,14254017
2025-11-20,262.7810974121094,265.1787351622199,261.3425147620431,263.7401525121536,10134936
2025-11-21,258.94488525390625,260.8629955150463,255.58819229691116,256.5472474274812,13500642
2025-11-24,260.8630065917969,262.7811169343836,258.9448962492101,260.8630065917969,14853862
2025-11-25,263.74017333984375,268.05592163085936,262.7811181640625,266.61733886718747,9336982
2025-11-26,268.055908203125,269.49449089473393,265.1787428199072,266.6173255115161,9438475
2025-11-27,269.9740295410156,270.45355712456984,266.61733645613623,267.5763916232446,6456741
2025-11-28,270.45355224609375,272.37166254571144,264.6992213472407,269.49449709628493,12623082
2025-12-01,275.2488098144531,276.2078649009146,270.45353438214556,271.4125894686071,16398925
2025-12-02,276.6874084472656,281.0031565859578,275.728353305334,276.20788087629984,15581808
2025-12-03,280.52362060546875,281.0031481620593,275.7283450395633,275.7283450395633,14680289
2025-12-04,282.4417419433594,282.4417419433594,280.0441040660813,281.0031592169925,11435414
2025-12-05,285.31890869140625,288.6756017348346,281.9622156479779,282.44174322561054,21889164
2025-12-08,285.31890869140625,285.79843626903886,282.9212708032432,285.31890869140625,11022569
2025-12-09,283.88031005859375,289.1551131171149,281.4826723047205,286.75747536324167,14925284
2025-12-10,280.52362060546875,286.2779512845553,279.08503793569713,285.3188961713742,10023211
2025-12-11,276.2078857421875,282.9212718539768,275.728358162774,282.9212718539768,10861922
2025-12-12,274.769287109375,278.6055075227694,273.8102320060264,278.12597997109515,6161744
2025-12-15,273.3307189941406,273.8102465713233,269.01497079949627,270.9330811082271,8298474
2025-12-16,261.8220520019531,270.9330757895669,261.8220520019531,270.45354822179775,26216176
2025-12-17,254.1496124267578,259.9039432741561,254.1496124267578,258.46536056230656,49191056
2025-12-18,249.35433959960938,254.6291429372934,249.35433959960938,254.14961536114032,26916273
2025-12-19,254.1496124267578,254.1496124267578,250.79291943244215,251.7519745736752,21950230
2025-12-22,256.0677185058594,257.50630119409453,254.14960825487918,256.54724606860447,18882439
2025-12-23,253.67007446289062,257.02676731967745,252.71101936095155,257.02676731967745,17223183
2025-12-24,253.1905517578125,256.0677171186967,252.71102419766513,254.6291344382546,14381521
2025-12-26,252.2314910888672,254.14960128726162,250.31338089047276,254.14960128726162,15952492
2025-12-29,252.2314910888672,254.14960128726162,249.83385334087416,251.27243598967,14325071
2025-12-30,252.2314910888672,252.2314910888672,249.83385334087416,252.2314910888672,11968569
2025-12-31,260.8630065917969,261.34253417744355,252.71103763580322,252.71103763580322,23869710
2026-01-02,265.65826416015625,268.5354294759702,258.944878423257,262.7810988443423,22740078
2026-01-05,266.6173400878906,268.53545044823517,263.74017454737384,266.1378124978045,25469229
2026-01-06,270.45355224609375,270.45355224609375,262.30158347271856,265.65827649704954,23580699
2026-01-07,270.45355224609375,273.33071769552026,269.01496952138046,270.45355224609375,18766287
2026-01-08,261.8220520019531,269.4944930862594,260.86299686641485,269.01496551849027,23946237
2026-01-09,271.41259765625,275.728345675519,265.6582669638913,266.61732207928446,49358199
2026-01-12,269.01495361328125,274.2897566253064,266.61731588054255,273.81022907875865,20628829
2026-01-13,267.5763854980469,273.3307163689726,265.6582752077383,272.3716612238183,16835517
2026-01-14,274.2897644042969,275.2488195245916,268.5354336825284,270.4535439231179,27756504
2026-01-15,271.41259765625,273.81023544473277,268.0559047523741,273.81023544473277,15472828
2026-01-16,277.6464538574219,278.1259814115798,273.8102334241587,274.2897609783166,23531351
2026-01-19,270.45355224609375,276.68741071985124,269.97402467118934,276.68741071985124,15902921
2026-01-20,266.1377868652344,270.45353476034626,265.65825932133305,269.4944796725436,13458730
2026-01-21,263.74017333984375,268.05592163085936,262.30159057617186,264.2197009277344,14842272
2026-01-22,271.41259765625,271.41259765625,267.096849636981,268.0559047523741,15748702
2026-01-23,268.5354309082031,273.81023401532855,267.0968482426235,272.8511789049421,12105528
2026-01-26,275.2488098144531,275.2488098144531,269.0149517524533,271.4125894686071,18267347
2026-01-27,275.7283630371094,278.1260009765625,273.3307250976562,275.7283630371094,11017049
2026-01-28,275.2488098144531,280.0440852467607,272.85117209829934,276.2078649009146,14966747
2026-01-29,271.41259765625,276.20787323321554,269.9740149831603,275.24881811782245,10986703
2026-01-30,268.5354309082031,271.4125962393625,265.1787380218506,270.93306868416926,16968193
2026-02-02,261.8220520019531,268.055910382952,260.3834692986457,268.055910382952,16449715
2026-02-03,265.1787414550781,269.49448950769244,260.8629934024638,267.09685170068445,13650260
2026-02-04,266.6173400878906,267.0968676779768,261.34253659694315,263.2606469572877,9610602
2026-02-05,261.8220520019531,269.9740206540286,260.86299686641485,264.2196898407988,11297980
2026-02-06,268.055908203125,268.5354357669946,257.5063017979931,262.3015774366894,18269366
2026-02-09,272.37164306640625,273.330698147626,269.9740053633569,272.37164306640625,12411543
2026-02-10,273.3307189941406,275.2488293028714,270.9330811082271,273.3307189941406,15106626
2026-02-11,274.2897644042969,274.7692919644442,269.4944888028231,274.2897644042969,16235356
2026-02-23,271.8921203613281,276.6873958527096,270.93306526305184,276.20786830357144,20793859
2026-02-24,272.37164306640625,274.76928076945563,270.4535329039668,274.76928076945563,13327516
2026-02-25,285.31890869140625,286.7574914243041,273.81024682822346,273.81024682822346,48175085
2026-02-26,279.5645751953125,289.63465423322253,278.12599247561104,289.63465423322253,24333369
2026-03-02,288.67559814453125,289.63465328786856,277.1669364244835,279.56457428282675,43986426
2026-03-03,282.4417419433594,289.6346555751937,281.0031592169925,289.6346555751937,21602141
2026-03-04,269.4944763183594,277.64644446322075,269.4944763183594,277.16691692528775,31455993
2026-03-05,277.6464538574219,281.0031467365271,274.2897609783166,276.2078711949482,19504646
2026-03-06,277.16693115234375,277.16693115234375,270.93307283922877,275.24882090215453,12786246
2026-03-09,270.45355224609375,270.45355224609375,260.86300074800533,261.34252832290974,17989005
2026-03-10,270.9330749511719,275.72835061402446,268.0559095534603,274.2897679151687,16300354
2026-03-11,277.16693115234375,278.12598627743836,271.41260040177605,271.41260040177605,17823474
2026-03-12,276.6874084472656,278.6055187311288,272.8511878795392,277.6464635891972,14202639
2026-03-13,277.16693115234375,278.12598627743836,271.8921279643234,274.2897657770599,9844284
2026-03-16,277.16693115234375,280.04409652762763,275.72834846470187,278.12598627743836,14489156
2026-03-17,277.16693115234375,280.5236240901749,276.20787602724914,278.6055138399857,13889345
2026-03-18,281.0031433105469,282.9212535037929,279.56456066561236,280.0440882139238,18392851
2026-03-19,274.769287109375,280.0440901777923,274.28975955770073,278.6055075227694,10174768
2026-03-20,271.8921203613281,276.20786830357144,269.49448261563737,274.2897581070188,13087791
2026-03-23,268.5354309082031,270.93306868416926,264.21968291146413,267.0968482426235,15239375
2026-03-24,269.9740295410156,273.330722625895,269.4945019574614,271.4126122916782,10220480
2026-03-25,273.3307189941406,276.20788445723684,270.9330811082271,274.7693017256887,9141813
2026-03-26,275.2488098144531,279.08503016029914,272.3716445550686,275.2488098144531,11204685
2026-03-27,277.16693115234375,277.6464587148911,270.45354527668144,271.8921279643234,12806436
2026-03-30,269.4944763183594,272.8511690838905,269.0149487804263,270.4535313942254,17247411
2026-03-31,267.09686279296875,272.8511937687598,266.6173352116528,268.5354455369165,16654046
2026-04-01,278.6054992675781,279.08502680504387,273.3306963554553,275.24880650531816,18174983
2026-04-02,272.8511962890625,279.5645824894964,272.8511962890625,278.60552731800584,11027428
2026-04-07,277.16693115234375,277.6464587148911,272.3716555268707,275.24882090215453,8886237
2026-04-08,294.9094543457031,294.9094543457031,281.4826824405329,282.92126514465826,52427615
2026-04-09,300.18426513671875,301.14332029689996,282.92127225345695,292.03229627517845,45878717
2026-04-10,308.3362121582031,314.0905427116999,299.2251887818332,302.1023540585816,37845000
2026-04-13,305.9385986328125,307.3771813850044,300.1842676240449,306.8976538009405,16490167
2026-04-14,309.7748107910156,316.0086692125067,307.8567005074799,307.8567005074799,20044944
2026-04-15,295.8684997558594,311.69290898105123,294.4299170990238,310.73385387649415,33056704
2026-04-16,305.45904541015625,305.45904541015625,298.26613225293124,301.6228250596362,18097798
2026-04-17,309.7748107910156,314.09055892897095,304.50000751129244,306.8976453657121,19570331
2026-04-20,315.5291442871094,316.96772701182266,306.8976479388298,306.8976479388298,18863979
2026-04-21,326.0787353515625,327.0377904555377,318.406294519761,319.3653496237362,23951645
2026-04-22,321.2834777832031,330.87402935882113,319.8448950468604,327.9968638861357,17860191
2026-04-23,308.8157653808594,325.11970330469353,304.02048952090814,323.6811205467082,26593810
2026-04-24,309.7748107910156,313.1315037872031,304.97953508217637,311.69292107455135,17980123
2026-04-27,312.1724548339844,315.0496203163253,306.41812386930263,314.57009273593513,16103840
2026-04-28,307.856689453125,316.4881854191005,304.49999657746787,315.0496027581046,15525273
2026-04-29,308.8157653808594,308.8157653808594,304.02048952090814,308.8157653808594,11287573
2026-04-30,299.7047119140625,307.856680078125,299.225184375,306.897625,18159119
2026-05-04,304.9795227050781,308.33621556503965,302.1023573965396,304.49999515365505,17268695
2026-05-05,307.856689453125,310.25432722145155,302.1023588091414,304.0204690238026,12107580
2026-05-06,332.3125915527344,333.7511742001488,314.570072234623,314.570072234623,43497194
2026-05-07,329.91497802734375,338.0669469611589,327.0378125212913,334.7102538707644,22762782
2026-05-08,326.5582580566406,331.35353350534314,321.7629826079381,329.43542332586213,16966541
2026-05-11,329.4354248046875,335.66928291598435,327.51731461659614,335.66928291598435,14155601
2026-05-12,326.0787353515625,333.27164863137637,324.1606251436121,332.3125935274012,12568332
2026-05-13,326.5582580566406,328.9558957809919,321.7629826079381,325.5992029669001,12934119
2026-05-14,320.8039245605469,337.1078609358213,319.36534193919914,331.8330579908796,21209485
2026-05-15,293.4708557128906,304.02046163721025,292.5118006288616,297.30707604900687,63955695
2026-05-18,287.716552734375,292.51182861328124,283.88033203125,292.51182861328124,30660872
2026-05-19,278.1259765625,290.11416520743535,278.1259765625,287.71652747844826,36459558
2026-05-20,278.1259765625,281.96219692887934,276.68739392510776,276.68739392510776,35637724
2026-05-21,295.38897705078125,299.7047250921076,282.92126048694956,283.8803156072443,38439137
2026-05-22,303.0614318847656,304.02048704895793,292.99135266074654,297.30710089961184,35356329
2026-05-25,303.54095458984375,311.6929233544999,303.54095458984375,308.81575790815066,46072021
2026-05-26,303.54095458984375,313.61103365206606,303.54095458984375,308.81575790815066,45494325
2026-05-27,299.2251892089844,310.2543227855976,299.2251892089844,308.8157401451698,42843302
2026-05-28,295.8684997558594,305.93857835370875,295.8684997558594,299.7047201740877,42499117
2026-05-29,325.11968994140625,325.11968994140625,302.58189432599903,302.58189432599903,85801526
2026-06-01,357.248046875,357.248046875,346.21891254194634,351.0141883389262,74697985
2026-06-02,384.1015930175781,392.73308948988324,354.3708829463049,359.64568634604694,149304893
2026-06-03,399.9259948730469,420.06615288823633,376.90867142711613,391.7740261526131,107345095
2026-06-04,387.4582824707031,395.13072370774677,378.82678607902903,385.54017216144223,72350922
2026-06-05,374.5110168457031,379.30629234948935,359.64566278396586,376.4291270472176,67497439
2026-06-08,361.0842590332031,361.0842590332031,342.38268386415274,342.38268386415274,62364056
2026-06-09,359.6456604003906,367.3181011555989,358.20707775878907,362.52282568359374,49988953
2026-06-10,364.92047119140625,364.92047119140625,348.6165342393592,354.85039248573014,45360619
2026-06-11,354.85040283203125,369.23622997387037,344.3007962613492,358.2070958317937,47724251
2026-06-12,356.76849365234375,368.27715473790323,356.76849365234375,362.52282419512346,23898289
2026-06-15,354.85040283203125,370.67481268805426,352.9322925464527,365.8795369741079,21792529
2026-06-16,347.657470703125,357.24802161907326,347.1779431573276,356.28896652747846,19438724
2026-06-17,358.6866149902344,358.6866149902344,343.34173306551844,346.2188984264027,19621163
2026-06-18,360.604736328125,363.961429352456,357.2480433037941,359.1661536034117,22067558
2026-06-22,364.4409484863281,369.2362241243061,361.08425553974354,363.0023657949347,18712055
2026-06-23,357.248046875,365.4000157298658,352.93229865771815,365.4000157298658,15629070
2026-06-24,356.76849365234375,356.76849365234375,349.5755804738691,351.9732182000273,10798782
2026-06-25,351.49371337890625,359.64568217486993,350.05513065020676,359.64568217486993,13229175
2026-06-26,347.1779479980469,356.76849904771666,342.382672473212,347.1779479980469,20172875
2026-06-29,351.9732360839844,356.76851177995144,348.1370155272107,352.9322912231778,11309602
2026-06-30,352.9322814941406,356.28897438878596,350.53464371225107,355.80944683240807,10812609
2026-07-01,356.76849365234375,361.08424155942856,353.4118008357222,358.20707628803865,13631428
2026-07-02,353.8913269042969,356.7684921636814,350.5346341016816,351.01416164491235,8779223
2026-07-03,361.56378173828125,362.5228368622555,353.4118131845004,353.89134074648746,12753585
2026-07-06,362.5228271484375,376.9086536225818,362.5228271484375,365.8795199924045,23783284
2026-07-07,357.7275695800781,364.44095560436915,357.2480420069145,359.16615229956903,15283927
2026-07-08,361.56378173828125,364.920474672191,351.973230498539,360.604726614307,15329441
2026-07-09,358.20709228515625,364.9204782182114,358.20709228515625,363.9614230849178,13769677
2026-07-10,358.20709228515625,358.20709228515625,358.20709228515625,358.20709228515625,0
2026-07-13,362.5228271484375,369.2362128363715,358.6866067553323,361.5637720501612,14941919
2026-07-14,364.4409484863281,364.4409484863281,352.9322869551809,362.5228382311369,22083411
2026-07-15,365.3999938964844,368.2771592027559,360.60471838603183,367.7976316517106,21418515
2026-07-16,352.0,360.5,349.0,360.5,32289156
2026-07-17,325.5,349.0,324.5,346.0,32477626
2026-07-20,316.0,333.0,309.0,331.5,35410793
2026-07-21,324.0,324.0,314.0,319.5,22285659
2026-07-22,329.0,335.0,326.0,326.0,23277751
2026-07-23,336.0,337.5,328.0,331.0,23443499
2026-07-24,328.0,335.0,328.0,330.0,10662843
2026-07-27,322.0,326.5,314.5,324.5,19353740
2026-07-28,313.5,315.5,308.0,312.0,19980834
2026-07-29,309.5,322.5,301.5,319.0,27556543
2026-07-30,279.0,288.0,279.0,288.0,57466502
2026-07-31,291.5,299.0,285.0,299.0,47553396
2026-08-03,296.5,300.0,284.0,287.5,28979504
2026-08-04,300.5,305.0,291.0,291.0,24442219
2026-08-05,304.0,310.5,302.5,306.5,18753435
2026-08-06,302.0,305.0,299.0,301.5,13392521
2026-08-07,298.0,305.0,295.0,305.0,16833356
2026-08-10,313.5,313.5,300.0,301.0,22725484
