Date,Close,High,Low,Open,Volume
2000-01-04,7.279479503631592,7.449852284839414,6.969715691203869,7.124596830454138,12261099
2000-01-05,7.434360980987549,7.434360980987549,7.12459470444987,7.12459470444987,8563384
2000-01-06,7.744129180908203,7.8990092795646145,7.4188727416547975,7.434362336578347,15484225
2000-01-07,7.744129180908203,7.744129180908203,7.434362336578347,7.434362336578347,5661845
2000-01-10,8.053892135620117,8.053892135620117,7.66668349188866,7.744128390750444,8994717
2000-01-11,7.9764509201049805,8.20877644594894,7.744129484733204,8.20877644594894,8272147
2000-01-12,7.9764509201049805,8.05389327336199,7.821568258827054,7.821568258827054,5313638
2000-01-13,8.363656997680664,8.518537565188762,7.899007114214572,7.976448420586347,10741443
2000-01-14,7.899009704589844,8.363659740431741,7.821568372822214,8.28621534080993,6660180
2000-01-17,8.053892135620117,8.131333455319249,7.8990084736039545,8.131333455319249,4922441
2000-01-18,7.821568012237549,8.131334347645486,7.682173928267486,8.131334347645486,4676755
2000-01-19,7.589245319366455,7.899009088343459,7.589245319366456,7.899009088343459,2989368
2000-01-20,7.744129180908203,7.744129180908203,7.434362336578347,7.589245503088773,2279463
2000-01-21,7.9764509201049805,8.131334604000953,7.682174170462333,7.682174170462333,7926420
2000-01-24,8.286213874816895,8.363658260737282,7.976449625167781,8.05389196585241,7836081
2000-01-25,8.4410982131958,8.595981893799383,7.9764507505481355,8.28621504390123,6947391
2000-01-26,8.750861167907715,8.905747910771884,8.363659138708098,8.441097908359243,11433994
2000-01-27,8.905749320983887,8.983188102897346,8.51854109476251,8.82830747121598,8960780
2000-01-28,8.8283052444458,8.905747074680495,8.518538946124918,8.905747074680495,5588112
2000-01-31,8.286213874816895,8.518538851635018,8.208775113294845,8.518538851635018,3825102
2000-02-01,8.8283052444458,8.8283052444458,8.363658353509205,8.363658353509205,11050566
2000-02-02,8.8283052444458,8.8283052444458,8.8283052444458,8.8283052444458,0
2000-02-03,8.8283052444458,8.8283052444458,8.8283052444458,8.8283052444458,0
2000-02-04,8.8283052444458,8.8283052444458,8.8283052444458,8.8283052444458,0
2000-02-07,8.8283052444458,8.8283052444458,8.8283052444458,8.8283052444458,0
2000-02-08,8.8283052444458,8.8283052444458,8.8283052444458,8.8283052444458,0
2000-02-09,9.138070106506348,9.138070106506348,8.518539513813867,8.98318643571527,6469789
2000-02-10,9.602717399597168,9.757601076375217,8.983186782956965,9.138070459735014,12781071
2000-02-11,10.222248077392578,10.222248077392578,9.602717457045996,9.680158273280316,11349721
2000-02-14,10.764337539672852,10.841779383422953,9.912484416748214,10.299689545026446,13812551
2000-02-15,10.067370414733887,10.686898148591307,10.067370414733885,10.377134792971749,3411610
2000-02-16,10.067370414733887,10.454575631876638,9.602720268213028,9.680161107117918,7809984
2000-02-17,9.525277137756348,10.377133410556107,9.447835286549763,10.067369073584272,8281257
2000-02-18,9.215510368347168,9.835040924001857,8.98318589866771,9.835040924001857,10193273
2000-02-21,9.060630798339844,9.680160541216194,8.983188941343899,9.680160541216194,7103269
2000-02-22,8.518538475036621,9.06062716622957,8.44109664908458,9.06062716622957,7286534
2000-02-23,8.208776473999023,8.59598210589891,8.053893300882825,8.441098421473688,7723740
2000-02-24,7.821568012237549,8.441098126508393,7.821568012237549,8.208776187151976,10863600
2000-02-25,8.363656997680664,8.363656997680664,7.744127058015337,7.976448420586347,15666801
2000-02-28,8.363656997680664,8.363656997680664,8.363656997680664,8.363656997680664,0
2000-02-29,8.905749320983887,8.905749320983887,8.595982944530414,8.673423771680172,15334378
2000-03-01,8.905749320983887,9.370396329118723,8.673423771680172,9.292954479350819,9752890
2000-03-02,8.673423767089844,9.060629947869998,8.518541090254152,8.905749316270603,5740985
2000-03-03,9.138070106506348,9.215510919283929,8.518539513813867,8.673422161986988,7631599
2000-03-06,9.912483215332031,9.91248321533203,9.21551079652808,9.447833231766154,22566377
2000-03-07,9.292952537536621,10.144805548657107,9.292952537536621,9.912483115752904,17496900
2000-03-08,8.8283052444458,9.138069497530902,8.750860346357436,8.8283052444458,12329858
2000-03-09,8.905749320983887,9.060629952665252,8.51854109476251,8.905749320983887,17054688
2000-03-10,8.59598159790039,9.060628533244527,8.286214758665324,9.060628533244527,14241079
2000-03-13,8.208776473999023,8.363659647115222,8.053893300882825,8.28621524835749,8416975
2000-03-14,8.4410982131958,8.67342271148315,8.05389310215894,8.28621504390123,6205403
2000-03-15,7.899009704589844,8.363659740431741,7.899009704589844,8.28621534080993,4752163
2000-03-16,7.744129180908203,7.821567951963902,7.356920497668632,7.356920497668632,4895784
2000-03-17,7.66668176651001,7.697660946224372,7.434359904932208,7.697660946224372,5113488
2000-03-20,7.403385639190674,7.403385639190675,7.403385639190675,7.403385639190675,118627
2000-03-21,7.899009704589844,7.899009704589844,7.155574555809497,7.155574555809497,4825522
2000-03-22,8.4410982131958,8.4410982131958,7.9764507505481355,8.208776271453509,7830595
2000-03-23,8.59598159790039,8.828306088190446,8.518539760264375,8.673422412918416,14659563
2000-03-24,8.363656997680664,8.441095747508125,8.363656997680664,8.441095747508125,2137001
2000-03-27,8.4410982131958,8.4410982131958,7.899009421555356,8.05389310215894,16522736
2000-03-28,8.053892135620117,8.595980862205083,7.8990084736039545,8.595980862205083,16622755
2000-03-29,7.9764509201049805,8.20877644594894,7.744129484733204,7.899009589466018,7625118
2000-03-30,8.518538475036621,8.518538475036621,8.053891609795711,8.131332924438835,9990958
2000-03-31,8.750861167907715,8.82830607326678,8.518539745864347,8.595981583369452,14134286
2000-04-03,8.750861167907715,8.750861167907715,8.750861167907715,8.750861167907715,0
2000-04-04,8.750861167907715,8.750861167907715,8.750861167907715,8.750861167907715,0
2000-04-05,9.835041999816895,9.835041999816895,9.215511376394282,9.215511376394282,23864488
2000-04-06,9.292952537536621,10.067366782924909,9.292952537536621,9.912483115752904,21158761
2000-04-07,9.292952537536621,9.447833136854822,9.060628059396548,9.292952537536621,11638179
2000-04-10,10.532011985778809,10.532011985778809,10.532011985778809,10.532011985778809,6847106
2000-04-11,11.228981018066406,11.228981018066408,11.228981018066408,11.228981018066408,12692325
2000-04-12,11.461308479309082,12.003397269498535,10.454572739024679,12.003397269498535,58417147
2000-04-13,10.919219970703125,10.996661812794692,10.686895467046474,10.686895467046474,17707755
2000-04-14,10.686894416809082,11.306425002186048,10.377131169356494,10.532013815700735,23560271
2000-04-17,10.686894416809082,10.686894416809082,9.60271691501734,9.60271691501734,20129388
2000-04-18,11.383865356445312,11.383865356445314,10.919218458708219,11.15154088495886,19080996
2000-04-19,11.616189956665039,11.925953167829114,10.841776815665717,11.616189956665039,26473531
2000-04-20,11.151544570922852,11.771075336172132,10.841781233534698,11.771075336172132,14479104
2000-04-21,10.996660232543945,11.461307127850098,10.841777593235928,11.461307127850098,10279153
2000-04-24,10.841777801513672,11.151541040844664,10.686894136612338,11.151541040844664,10583762
2000-04-25,11.306427001953125,11.461309675691457,10.454573830319497,10.841780003356261,12195359
2000-04-26,10.532011985778809,11.461305657144925,10.532011985778809,11.383863836119236,14182638
2000-04-27,9.835041999816895,10.532014462476337,9.835041999816895,10.299688944765844,6805736
2000-04-28,10.3771333694458,10.3771333694458,9.2929546151759,9.757602652720143,8999881
2000-05-01,10.3771333694458,10.3771333694458,10.3771333694458,10.3771333694458,0
2000-05-02,9.757599830627441,10.222246711168365,9.680156979507506,10.222246711168365,3589711
2000-05-03,9.292952537536621,9.680157614994895,9.292952537536621,9.525274970440824,7163247
2000-05-04,9.525277137756348,9.835043519964518,9.292954651991096,9.447835286549763,6194936
2000-05-05,10.144806861877441,10.144806861877441,9.835042555289007,9.835042555289007,4575137
2000-05-08,10.841777801513672,11.074102276247757,10.454571707114093,10.532013539564762,5396683
2000-05-09,10.841777801513672,10.841777801513674,10.841777801513674,10.841777801513674,0
2000-05-10,10.919219970703125,11.228984271215248,10.609453624954908,10.76433730913804,6421919
2000-05-11,10.609455108642578,10.919221497710321,10.222249934507921,10.764338814485544,7302605
2000-05-12,10.841777801513672,11.074102276247757,10.841777801513674,10.841777801513674,4297321
2000-05-15,10.3771333694458,10.841780384371882,10.3771333694458,10.841780384371882,1972019
2000-05-16,10.996660232543945,11.074102063506905,10.377130697929775,10.377130697929775,4285995
2000-05-17,10.996660232543945,11.38386529688714,10.996660232543947,11.228982657579122,7353706
2000-05-18,10.764337539672852,10.996662048305087,10.686895695922749,10.841779383422953,2466862
2000-05-19,10.764337539672852,10.996662048305087,10.532015076276751,10.686895695922749,5678048
2000-05-22,10.144806861877441,10.609453833069127,9.989926242510325,10.377132392709418,4306270
2000-05-23,10.144806861877441,10.2222487054881,9.912484398899666,10.067368086120984,1578607
2000-05-24,10.067370414733887,10.377134792971749,9.757603991259415,9.757603991259415,2444892
2000-05-25,10.067370414733887,10.377134792971749,10.067370414733885,10.377134792971749,1735949
2000-05-26,10.144806861877441,10.2222487054881,9.835042555289007,10.067368086120984,1982269
2000-05-29,10.609455108642578,10.764338814485544,10.067369296519525,10.067369296519525,3760716
2000-05-30,10.609455108642578,10.609455108642578,10.609455108642578,10.609455108642578,0
2000-05-31,11.693634033203125,11.693634033203125,10.996661560821382,11.22898401391859,11548007
2000-06-01,11.616189956665039,11.925953167829114,11.461306305847348,11.848512365038095,10009619
2000-06-02,12.080838203430176,12.390601450101308,11.771071888905213,11.84851372319094,16117073
2000-06-05,11.616189956665039,11.848512365038095,11.538748131256193,11.77107053962925,8332148
2000-06-06,11.616189956665039,11.616189956665039,11.616189956665039,11.616189956665039,0
2000-06-07,12.158279418945312,12.158279418945312,11.461307036316523,11.461307036316523,9161461
2000-06-08,12.003397941589355,12.390603073270078,11.848515275346221,12.235720407026943,6232386
2000-06-09,12.622928619384766,12.777812308403316,11.925956109273605,12.00339795378288,12658852
2000-06-12,12.700369834899902,13.010133107123458,12.545486153552066,12.777811675573819,11463003
2000-06-13,12.700369834899902,13.010133107123458,12.468045335496177,12.468045335496177,8193392
2000-06-14,12.777810096740723,13.08757435330767,12.545484603425235,12.85524885999218,7845563
2000-06-15,13.165018081665039,13.242459929946033,12.700371082451584,13.010134385103049,10252422
2000-06-16,12.855252265930176,13.24246050142707,12.700371630538667,13.24246050142707,7240951
2000-06-19,12.622928619384766,12.622928619384766,11.925956109273605,12.622928619384766,6770952
2000-06-20,12.46804428100586,12.777810594884878,12.158280012362724,12.545485092512157,5088376
2000-06-21,12.700369834899902,12.855250448393651,12.313161654148342,12.390602472204232,7305638
2000-06-22,13.08757495880127,13.47478004176943,12.545485183839178,12.70036885321516,10905316
2000-06-23,13.165018081665039,13.397343626508023,13.087577256002174,13.31990177822703,4905623
2000-06-26,13.010130882263184,13.3198981919856,12.932690077450435,13.242456364554995,4276915
2000-06-27,12.46804428100586,13.165015675034311,12.390601424263677,13.010132006785831,4126946
2000-06-28,12.39060115814209,12.545484823064026,12.080837918769898,12.39060115814209,8661505
2000-06-29,12.700369834899902,12.932692289067568,12.235719813474425,12.545486153552066,5736615
2000-06-30,12.855252265930176,12.855252265930176,12.235721543418759,12.54548792729264,5507896
2000-07-03,12.855252265930176,12.855252265930176,12.855252265930176,12.855252265930176,0
2000-07-04,12.855252265930176,12.855252265930176,12.855252265930176,12.855252265930176,0
2000-07-05,12.855252265930176,12.855252265930176,12.855252265930176,12.855252265930176,0
2000-07-06,12.855252265930176,12.855252265930176,12.855252265930176,12.855252265930176,0
2000-07-07,12.855252265930176,12.855252265930176,12.855252265930176,12.855252265930176,0
2000-07-10,12.855252265930176,12.855252265930176,12.855252265930176,12.855252265930176,0
2000-07-11,12.855252265930176,12.855252265930176,12.855252265930176,12.855252265930176,0
2000-07-12,12.855252265930176,12.855252265930176,12.855252265930176,12.855252265930176,0
2000-07-13,12.855252265930176,12.855252265930176,12.855252265930176,12.855252265930176,0
2000-07-14,12.855252265930176,12.855252265930176,12.855252265930176,12.855252265930176,0
2000-07-17,12.855252265930176,12.855252265930176,12.855252265930176,12.855252265930176,0
2000-07-18,12.855252265930176,12.855252265930176,12.855252265930176,12.855252265930176,0
2000-07-19,12.855252265930176,12.855252265930176,12.855252265930176,12.855252265930176,0
2000-07-20,12.855252265930176,12.855252265930176,12.855252265930176,12.855252265930176,0
2000-07-21,12.855252265930176,12.855252265930176,12.855252265930176,12.855252265930176,0
2000-07-24,12.855252265930176,12.855252265930176,12.855252265930176,12.855252265930176,0
2000-07-25,12.855252265930176,12.855252265930176,12.855252265930176,12.855252265930176,0
2000-07-26,12.855252265930176,12.855252265930176,12.855252265930176,12.855252265930176,0
2000-07-27,12.855252265930176,12.855252265930176,12.855252265930176,12.855252265930176,0
2000-07-28,12.855252265930176,12.855252265930176,12.855252265930176,12.855252265930176,0
2000-07-31,12.855252265930176,12.855252265930176,12.855252265930176,12.855252265930176,0
2000-08-01,12.855252265930176,12.855252265930176,12.855252265930176,12.855252265930176,0
2000-08-02,12.855252265930176,12.855252265930176,12.855252265930176,12.855252265930176,0
2000-08-03,18.511560440063477,18.511560440063477,18.511560440063477,18.511560440063477,0
2000-08-04,18.511560440063477,18.511560440063477,18.511560440063477,18.511560440063477,0
2000-08-07,18.511560440063477,18.511560440063477,18.511560440063477,18.511560440063477,0
2000-08-08,18.511560440063477,18.511560440063477,18.511560440063477,18.511560440063477,0
2000-08-09,18.511560440063477,18.511560440063477,18.511560440063477,18.511560440063477,0
2000-08-10,18.511560440063477,18.511560440063477,18.511560440063477,18.511560440063477,0
2000-08-11,18.511560440063477,18.511560440063477,18.511560440063477,18.511560440063477,0
2000-08-14,18.511560440063477,18.511560440063477,18.511560440063477,18.511560440063477,0
2000-08-15,18.511560440063477,18.511560440063477,18.511560440063477,18.511560440063477,0
2000-08-16,18.511560440063477,18.511560440063477,18.511560440063477,18.511560440063477,0
2000-08-17,18.511560440063477,18.511560440063477,18.511560440063477,18.511560440063477,0
2000-08-18,18.511560440063477,18.511560440063477,18.511560440063477,18.511560440063477,0
2000-08-21,18.511560440063477,18.511560440063477,18.511560440063477,18.511560440063477,0
2000-08-22,18.511560440063477,18.511560440063477,18.511560440063477,18.511560440063477,0
2000-08-23,18.511560440063477,18.511560440063477,18.511560440063477,18.511560440063477,0
2000-08-24,18.511560440063477,18.511560440063477,18.511560440063477,18.511560440063477,0
2000-08-25,18.511560440063477,18.511560440063477,18.511560440063477,18.511560440063477,0
2000-08-28,18.511560440063477,18.511560440063477,18.511560440063477,18.511560440063477,0
2000-08-29,18.511560440063477,18.511560440063477,18.511560440063477,18.511560440063477,0
2000-08-30,18.511560440063477,18.511560440063477,18.511560440063477,18.511560440063477,0
2000-08-31,18.511560440063477,18.511560440063477,18.511560440063477,18.511560440063477,0
2000-09-01,18.511560440063477,18.511560440063477,18.511560440063477,18.511560440063477,0
2000-09-04,18.511560440063477,18.511560440063477,18.511560440063477,18.511560440063477,0
2000-09-05,18.511560440063477,18.511560440063477,18.511560440063477,18.511560440063477,0
2000-09-06,18.511560440063477,18.511560440063477,18.511560440063477,18.511560440063477,0
2000-09-07,18.511560440063477,18.511560440063477,18.511560440063477,18.511560440063477,0
2000-09-08,18.511560440063477,18.511560440063477,18.511560440063477,18.511560440063477,0
2000-09-11,18.511560440063477,18.511560440063477,18.511560440063477,18.511560440063477,0
2000-09-12,18.511560440063477,18.511560440063477,18.511560440063477,18.511560440063477,0
2000-09-13,18.511560440063477,18.511560440063477,18.511560440063477,18.511560440063477,0
2000-09-14,18.511560440063477,18.511560440063477,18.511560440063477,18.511560440063477,0
2000-09-15,18.511560440063477,18.511560440063477,18.511560440063477,18.511560440063477,0
2000-09-18,18.511560440063477,18.511560440063477,18.511560440063477,18.511560440063477,0
2000-09-19,18.511560440063477,18.511560440063477,18.511560440063477,18.511560440063477,0
2000-09-20,18.511560440063477,18.511560440063477,18.511560440063477,18.511560440063477,0
2000-09-21,18.511560440063477,18.511560440063477,18.511560440063477,18.511560440063477,0
2000-09-22,18.511560440063477,18.511560440063477,18.511560440063477,18.511560440063477,0
2000-09-25,18.511560440063477,18.511560440063477,18.511560440063477,18.511560440063477,0
2000-09-26,18.511560440063477,18.511560440063477,18.511560440063477,18.511560440063477,0
2000-09-27,18.511560440063477,18.511560440063477,18.511560440063477,18.511560440063477,0
2000-09-28,18.511560440063477,18.511560440063477,18.511560440063477,18.511560440063477,0
2000-09-29,18.511560440063477,18.511560440063477,18.511560440063477,18.511560440063477,0
2000-10-02,18.511560440063477,18.511560440063477,18.511560440063477,18.511560440063477,0
2000-10-03,18.511560440063477,18.511560440063477,18.511560440063477,18.511560440063477,0
2000-10-04,18.511560440063477,18.511560440063477,18.511560440063477,18.511560440063477,0
2000-10-05,18.511560440063477,18.511560440063477,18.511560440063477,18.511560440063477,0
2000-10-06,18.511560440063477,18.511560440063477,18.511560440063477,18.511560440063477,0
2000-10-09,18.511560440063477,18.511560440063477,18.511560440063477,18.511560440063477,0
2000-10-10,18.511560440063477,18.511560440063477,18.511560440063477,18.511560440063477,0
2000-10-11,18.511560440063477,18.511560440063477,18.511560440063477,18.511560440063477,0
2000-10-12,18.511560440063477,18.511560440063477,18.511560440063477,18.511560440063477,0
2000-10-13,18.511560440063477,18.511560440063477,18.511560440063477,18.511560440063477,0
2000-10-16,18.511560440063477,18.511560440063477,18.511560440063477,18.511560440063477,0
2000-10-17,18.511560440063477,18.511560440063477,18.511560440063477,18.511560440063477,0
2000-10-18,18.511560440063477,18.511560440063477,18.511560440063477,18.511560440063477,0
2000-10-19,18.511560440063477,18.511560440063477,18.511560440063477,18.511560440063477,0
2000-10-20,18.511560440063477,18.511560440063477,18.511560440063477,18.511560440063477,0
2000-10-23,18.511560440063477,18.511560440063477,18.511560440063477,18.511560440063477,0
2000-10-24,18.511560440063477,18.511560440063477,18.511560440063477,18.511560440063477,0
2000-10-25,18.511560440063477,18.511560440063477,18.511560440063477,18.511560440063477,0
2000-10-26,18.511560440063477,18.511560440063477,18.511560440063477,18.511560440063477,0
2000-10-27,18.511560440063477,18.511560440063477,18.511560440063477,18.511560440063477,0
2000-10-30,18.511560440063477,18.511560440063477,18.511560440063477,18.511560440063477,0
2000-10-31,18.511560440063477,18.511560440063477,18.511560440063477,18.511560440063477,0
2000-11-01,18.511560440063477,18.511560440063477,18.511560440063477,18.511560440063477,0
2000-11-02,18.511560440063477,18.511560440063477,18.511560440063477,18.511560440063477,0
2000-11-03,18.511560440063477,18.511560440063477,18.511560440063477,18.511560440063477,0
2000-11-06,18.511560440063477,18.511560440063477,18.511560440063477,18.511560440063477,0
2000-11-07,18.511560440063477,18.511560440063477,18.511560440063477,18.511560440063477,0
2000-11-08,18.511560440063477,18.511560440063477,18.511560440063477,18.511560440063477,0
2000-11-09,18.511560440063477,18.511560440063477,18.511560440063477,18.511560440063477,0
2000-11-10,18.511560440063477,18.511560440063477,18.511560440063477,18.511560440063477,0
2000-11-13,18.511560440063477,18.511560440063477,18.511560440063477,18.511560440063477,0
2000-11-14,18.511560440063477,18.511560440063477,18.511560440063477,18.511560440063477,0
2000-11-15,18.511560440063477,18.511560440063477,18.511560440063477,18.511560440063477,0
2000-11-16,18.511560440063477,18.511560440063477,18.511560440063477,18.511560440063477,0
2000-11-17,18.511560440063477,18.511560440063477,18.511560440063477,18.511560440063477,0
2000-11-20,18.511560440063477,18.511560440063477,18.511560440063477,18.511560440063477,0
2000-11-21,18.511560440063477,18.511560440063477,18.511560440063477,18.511560440063477,0
2000-11-22,18.511560440063477,18.511560440063477,18.511560440063477,18.511560440063477,0
2000-11-23,18.511560440063477,18.511560440063477,18.511560440063477,18.511560440063477,0
2000-11-24,18.511560440063477,18.511560440063477,18.511560440063477,18.511560440063477,0
2000-11-27,18.511560440063477,18.511560440063477,18.511560440063477,18.511560440063477,0
2000-11-28,18.511560440063477,18.511560440063477,18.511560440063477,18.511560440063477,0
2000-11-29,18.511560440063477,18.511560440063477,18.511560440063477,18.511560440063477,0
2000-11-30,18.511560440063477,18.511560440063477,18.511560440063477,18.511560440063477,0
2000-12-01,18.511560440063477,18.511560440063477,18.511560440063477,18.511560440063477,0
2000-12-04,18.511560440063477,18.511560440063477,18.511560440063477,18.511560440063477,0
2000-12-05,18.511560440063477,18.511560440063477,18.511560440063477,18.511560440063477,0
2000-12-06,18.511560440063477,18.511560440063477,18.511560440063477,18.511560440063477,0
2000-12-07,18.511560440063477,18.511560440063477,18.511560440063477,18.511560440063477,0
2000-12-08,18.511560440063477,18.511560440063477,18.511560440063477,18.511560440063477,0
2000-12-11,18.511560440063477,18.511560440063477,18.511560440063477,18.511560440063477,0
2000-12-12,18.511560440063477,18.511560440063477,18.511560440063477,18.511560440063477,0
2000-12-13,18.511560440063477,18.511560440063477,18.511560440063477,18.511560440063477,0
2000-12-14,18.511560440063477,18.511560440063477,18.511560440063477,18.511560440063477,0
2000-12-15,18.511560440063477,18.511560440063477,18.511560440063477,18.511560440063477,0
2000-12-18,18.511560440063477,18.511560440063477,18.511560440063477,18.511560440063477,0
2000-12-19,18.511560440063477,18.511560440063477,18.511560440063477,18.511560440063477,0
2000-12-20,18.511560440063477,18.511560440063477,18.511560440063477,18.511560440063477,0
2000-12-21,18.511560440063477,18.511560440063477,18.511560440063477,18.511560440063477,0
2000-12-22,18.511560440063477,18.511560440063477,18.511560440063477,18.511560440063477,0
2000-12-25,18.511560440063477,18.511560440063477,18.511560440063477,18.511560440063477,0
2000-12-26,18.511560440063477,18.511560440063477,18.511560440063477,18.511560440063477,0
2000-12-27,18.511560440063477,18.511560440063477,18.511560440063477,18.511560440063477,0
2000-12-28,18.511560440063477,18.511560440063477,18.511560440063477,18.511560440063477,0
2000-12-29,18.511560440063477,18.511560440063477,18.511560440063477,18.511560440063477,0
2001-01-01,18.511560440063477,18.511560440063477,18.511560440063477,18.511560440063477,0
2001-01-02,18.511560440063477,18.511560440063477,18.511560440063477,18.511560440063477,0
2001-01-03,18.511560440063477,18.511560440063477,18.511560440063477,18.511560440063477,0
2001-01-04,18.511560440063477,18.511560440063477,18.511560440063477,18.511560440063477,0
2001-01-05,18.511560440063477,18.511560440063477,18.511560440063477,18.511560440063477,0
2001-01-08,18.511560440063477,18.511560440063477,18.511560440063477,18.511560440063477,0
2001-01-09,18.511560440063477,18.511560440063477,18.511560440063477,18.511560440063477,0
2001-01-10,18.511560440063477,18.511560440063477,18.511560440063477,18.511560440063477,0
2001-01-11,18.511560440063477,18.511560440063477,18.511560440063477,18.511560440063477,0
2001-01-12,18.511560440063477,18.511560440063477,18.511560440063477,18.511560440063477,0
2001-01-15,18.511560440063477,18.511560440063477,18.511560440063477,18.511560440063477,0
2001-01-16,18.511560440063477,18.511560440063477,18.511560440063477,18.511560440063477,0
2001-01-17,18.511560440063477,18.511560440063477,18.511560440063477,18.511560440063477,0
2001-01-18,18.511560440063477,18.511560440063477,18.511560440063477,18.511560440063477,0
2001-01-19,18.511560440063477,18.511560440063477,18.511560440063477,18.511560440063477,0
2001-01-22,18.511560440063477,18.511560440063477,18.511560440063477,18.511560440063477,0
2001-01-23,18.511560440063477,18.511560440063477,18.511560440063477,18.511560440063477,0
2001-01-24,18.511560440063477,18.511560440063477,18.511560440063477,18.511560440063477,0
2001-01-25,18.511560440063477,18.511560440063477,18.511560440063477,18.511560440063477,0
2001-01-26,18.511560440063477,18.511560440063477,18.511560440063477,18.511560440063477,0
2001-01-29,18.511560440063477,18.511560440063477,18.511560440063477,18.511560440063477,0
2001-01-30,18.511560440063477,18.511560440063477,18.511560440063477,18.511560440063477,0
2001-01-31,18.511560440063477,18.511560440063477,18.511560440063477,18.511560440063477,0
2001-02-01,18.511560440063477,18.511560440063477,18.511560440063477,18.511560440063477,0
2001-02-02,18.511560440063477,18.511560440063477,18.511560440063477,18.511560440063477,0
2001-02-05,18.511560440063477,18.511560440063477,18.511560440063477,18.511560440063477,0
2001-02-06,18.511560440063477,18.511560440063477,18.511560440063477,18.511560440063477,0
2001-02-07,18.511560440063477,18.511560440063477,18.511560440063477,18.511560440063477,0
2001-02-08,18.511560440063477,18.511560440063477,18.511560440063477,18.511560440063477,0
2001-02-09,18.511560440063477,18.511560440063477,18.511560440063477,18.511560440063477,0
2001-02-12,18.511560440063477,18.511560440063477,18.511560440063477,18.511560440063477,0
2001-02-13,18.511560440063477,18.511560440063477,18.511560440063477,18.511560440063477,0
2001-02-14,18.511560440063477,18.511560440063477,18.511560440063477,18.511560440063477,0
2001-02-15,18.511560440063477,18.511560440063477,18.511560440063477,18.511560440063477,0
2001-02-16,18.511560440063477,18.511560440063477,18.511560440063477,18.511560440063477,0
2001-02-19,18.511560440063477,18.511560440063477,18.511560440063477,18.511560440063477,0
2001-02-20,18.511560440063477,18.511560440063477,18.511560440063477,18.511560440063477,0
2001-02-21,18.511560440063477,18.511560440063477,18.511560440063477,18.511560440063477,0
2001-02-22,18.511560440063477,18.511560440063477,18.511560440063477,18.511560440063477,0
2001-02-23,18.511560440063477,18.511560440063477,18.511560440063477,18.511560440063477,0
2001-02-26,18.511560440063477,18.511560440063477,18.511560440063477,18.511560440063477,0
2001-02-27,18.511560440063477,18.511560440063477,18.511560440063477,18.511560440063477,0
2001-02-28,18.511560440063477,18.511560440063477,18.511560440063477,18.511560440063477,0
2001-03-01,18.511560440063477,18.511560440063477,18.511560440063477,18.511560440063477,0
2001-03-02,18.511560440063477,18.511560440063477,18.511560440063477,18.511560440063477,0
2001-03-05,18.511560440063477,18.511560440063477,18.511560440063477,18.511560440063477,0
2001-03-06,18.511560440063477,18.511560440063477,18.511560440063477,18.511560440063477,0
2001-03-07,18.511560440063477,18.511560440063477,18.511560440063477,18.511560440063477,0
2001-03-08,18.511560440063477,18.511560440063477,18.511560440063477,18.511560440063477,0
2001-03-09,18.511560440063477,18.511560440063477,18.511560440063477,18.511560440063477,0
2001-03-12,18.511560440063477,18.511560440063477,18.511560440063477,18.511560440063477,0
2001-03-13,18.511560440063477,18.511560440063477,18.511560440063477,18.511560440063477,0
2001-03-14,18.511560440063477,18.511560440063477,18.511560440063477,18.511560440063477,0
2001-03-15,18.511560440063477,18.511560440063477,18.511560440063477,18.511560440063477,0
2001-03-16,18.511560440063477,18.511560440063477,18.511560440063477,18.511560440063477,0
2001-03-19,18.511560440063477,18.511560440063477,18.511560440063477,18.511560440063477,0
2001-03-20,18.511560440063477,18.511560440063477,18.511560440063477,18.511560440063477,0
2001-03-21,18.511560440063477,18.511560440063477,18.511560440063477,18.511560440063477,0
2001-03-22,18.511560440063477,18.511560440063477,18.511560440063477,18.511560440063477,0
2001-03-23,18.511560440063477,18.511560440063477,18.511560440063477,18.511560440063477,0
2001-03-26,18.511560440063477,18.511560440063477,18.511560440063477,18.511560440063477,0
2001-03-27,18.511560440063477,18.511560440063477,18.511560440063477,18.511560440063477,0
2001-03-28,18.511560440063477,18.511560440063477,18.511560440063477,18.511560440063477,0
2001-03-29,18.511560440063477,18.511560440063477,18.511560440063477,18.511560440063477,0
2001-03-30,18.511560440063477,18.511560440063477,18.511560440063477,18.511560440063477,0
2001-04-02,18.511560440063477,18.511560440063477,18.511560440063477,18.511560440063477,0
2001-04-03,18.511560440063477,18.511560440063477,18.511560440063477,18.511560440063477,0
2001-04-04,18.511560440063477,18.511560440063477,18.511560440063477,18.511560440063477,0
2001-04-05,18.511560440063477,18.511560440063477,18.511560440063477,18.511560440063477,0
2001-04-06,18.511560440063477,18.511560440063477,18.511560440063477,18.511560440063477,0
2001-04-09,18.511560440063477,18.511560440063477,18.511560440063477,18.511560440063477,0
2001-04-10,18.511560440063477,18.511560440063477,18.511560440063477,18.511560440063477,0
2001-04-11,18.511560440063477,18.511560440063477,18.511560440063477,18.511560440063477,0
2001-04-12,18.511560440063477,18.511560440063477,18.511560440063477,18.511560440063477,0
2001-04-13,18.511560440063477,18.511560440063477,18.511560440063477,18.511560440063477,0
2001-04-16,18.511560440063477,18.511560440063477,18.511560440063477,18.511560440063477,0
2001-04-17,18.511560440063477,18.511560440063477,18.511560440063477,18.511560440063477,0
2001-04-18,18.511560440063477,18.511560440063477,18.511560440063477,18.511560440063477,0
2001-04-19,18.511560440063477,18.511560440063477,18.511560440063477,18.511560440063477,0
2001-04-20,18.511560440063477,18.511560440063477,18.511560440063477,18.511560440063477,0
2001-04-23,18.511560440063477,18.511560440063477,18.511560440063477,18.511560440063477,0
2001-04-24,18.511560440063477,18.511560440063477,18.511560440063477,18.511560440063477,0
2001-04-25,18.511560440063477,18.511560440063477,18.511560440063477,18.511560440063477,0
2001-04-26,18.511560440063477,18.511560440063477,18.511560440063477,18.511560440063477,0
2001-04-27,18.511560440063477,18.511560440063477,18.511560440063477,18.511560440063477,0
2001-04-30,18.511560440063477,18.511560440063477,18.511560440063477,18.511560440063477,0
2001-05-01,18.511560440063477,18.511560440063477,18.511560440063477,18.511560440063477,0
2001-05-02,18.511560440063477,18.511560440063477,18.511560440063477,18.511560440063477,0
2001-05-03,18.511560440063477,18.511560440063477,18.511560440063477,18.511560440063477,0
2001-05-04,18.511560440063477,18.511560440063477,18.511560440063477,18.511560440063477,0
2001-05-07,18.511560440063477,18.511560440063477,18.511560440063477,18.511560440063477,0
2001-05-08,18.511560440063477,18.511560440063477,18.511560440063477,18.511560440063477,0
2001-05-09,18.511560440063477,18.511560440063477,18.511560440063477,18.511560440063477,0
2001-05-10,18.511560440063477,18.511560440063477,18.511560440063477,18.511560440063477,0
2001-05-11,18.511560440063477,18.511560440063477,18.511560440063477,18.511560440063477,0
2001-05-14,18.511560440063477,18.511560440063477,18.511560440063477,18.511560440063477,0
2001-05-15,18.511560440063477,18.511560440063477,18.511560440063477,18.511560440063477,0
2001-05-16,18.511560440063477,18.511560440063477,18.511560440063477,18.511560440063477,0
2001-05-17,18.511560440063477,18.511560440063477,18.511560440063477,18.511560440063477,0
2001-05-18,18.511560440063477,18.511560440063477,18.511560440063477,18.511560440063477,0
2001-05-21,18.511560440063477,18.511560440063477,18.511560440063477,18.511560440063477,0
2001-05-22,18.511560440063477,18.511560440063477,18.511560440063477,18.511560440063477,0
2001-05-23,18.511560440063477,18.511560440063477,18.511560440063477,18.511560440063477,0
2001-05-24,18.511560440063477,18.511560440063477,18.511560440063477,18.511560440063477,0
2001-05-25,18.511560440063477,18.511560440063477,18.511560440063477,18.511560440063477,0
2001-05-28,18.511560440063477,18.511560440063477,18.511560440063477,18.511560440063477,0
2001-05-29,18.511560440063477,18.511560440063477,18.511560440063477,18.511560440063477,0
2001-05-30,18.511560440063477,18.511560440063477,18.511560440063477,18.511560440063477,0
2001-05-31,18.511560440063477,18.511560440063477,18.511560440063477,18.511560440063477,0
2001-06-01,18.511560440063477,18.511560440063477,18.511560440063477,18.511560440063477,0
2001-06-04,18.511560440063477,18.511560440063477,18.511560440063477,18.511560440063477,0
2001-06-05,18.511560440063477,18.511560440063477,18.511560440063477,18.511560440063477,0
2001-06-06,18.511560440063477,18.511560440063477,18.511560440063477,18.511560440063477,0
2001-06-07,18.511560440063477,18.511560440063477,18.511560440063477,18.511560440063477,0
2001-06-08,18.511560440063477,18.511560440063477,18.511560440063477,18.511560440063477,0
2001-06-11,18.511560440063477,18.511560440063477,18.511560440063477,18.511560440063477,0
2001-06-12,18.511560440063477,18.511560440063477,18.511560440063477,18.511560440063477,0
2001-06-13,18.511560440063477,18.511560440063477,18.511560440063477,18.511560440063477,0
2001-06-14,18.511560440063477,18.511560440063477,18.511560440063477,18.511560440063477,0
2001-06-15,18.511560440063477,18.511560440063477,18.511560440063477,18.511560440063477,0
2001-06-18,18.511560440063477,18.511560440063477,18.511560440063477,18.511560440063477,0
2001-06-19,18.511560440063477,18.511560440063477,18.511560440063477,18.511560440063477,0
2001-06-20,18.511560440063477,18.511560440063477,18.511560440063477,18.511560440063477,0
2001-06-21,18.511560440063477,18.511560440063477,18.511560440063477,18.511560440063477,0
2001-06-22,18.511560440063477,18.511560440063477,18.511560440063477,18.511560440063477,0
2001-06-25,18.511560440063477,18.511560440063477,18.511560440063477,18.511560440063477,0
2001-06-26,18.511560440063477,18.511560440063477,18.511560440063477,18.511560440063477,0
2001-06-27,18.511560440063477,18.511560440063477,18.511560440063477,18.511560440063477,0
2001-06-28,18.511560440063477,18.511560440063477,18.511560440063477,18.511560440063477,0
2001-06-29,18.511560440063477,18.511560440063477,18.511560440063477,18.511560440063477,0
2001-07-02,18.511560440063477,18.511560440063477,18.511560440063477,18.511560440063477,0
2001-07-03,18.511560440063477,18.511560440063477,18.511560440063477,18.511560440063477,0
2001-07-04,18.511560440063477,18.511560440063477,18.511560440063477,18.511560440063477,0
2001-07-05,18.511560440063477,18.511560440063477,18.511560440063477,18.511560440063477,0
2001-07-06,18.511560440063477,18.511560440063477,18.511560440063477,18.511560440063477,0
2001-07-09,18.511560440063477,18.511560440063477,18.511560440063477,18.511560440063477,0
2001-07-10,18.511560440063477,18.511560440063477,18.511560440063477,18.511560440063477,0
2001-07-11,18.511560440063477,18.511560440063477,18.511560440063477,18.511560440063477,0
2001-07-12,18.511560440063477,18.511560440063477,18.511560440063477,18.511560440063477,0
2001-07-13,18.511560440063477,18.511560440063477,18.511560440063477,18.511560440063477,0
2001-07-16,18.511560440063477,18.511560440063477,18.511560440063477,18.511560440063477,0
2001-07-17,18.511560440063477,18.511560440063477,18.511560440063477,18.511560440063477,0
2001-07-18,18.511560440063477,18.511560440063477,18.511560440063477,18.511560440063477,0
2001-07-19,21.91214370727539,21.912143707275387,21.912143707275387,21.912143707275387,0
2001-07-20,21.91214370727539,21.912143707275387,21.912143707275387,21.912143707275387,0
2001-07-23,21.91214370727539,21.912143707275387,21.912143707275387,21.912143707275387,0
2001-07-24,21.91214370727539,21.912143707275387,21.912143707275387,21.912143707275387,0
2001-07-25,21.91214370727539,21.912143707275387,21.912143707275387,21.912143707275387,0
2001-07-26,21.91214370727539,21.912143707275387,21.912143707275387,21.912143707275387,0
2001-07-27,21.91214370727539,21.912143707275387,21.912143707275387,21.912143707275387,0
2001-07-30,21.91214370727539,21.912143707275387,21.912143707275387,21.912143707275387,0
2001-07-31,21.91214370727539,21.912143707275387,21.912143707275387,21.912143707275387,0
2001-08-01,21.91214370727539,21.912143707275387,21.912143707275387,21.912143707275387,0
2001-08-02,21.91214370727539,21.912143707275387,21.912143707275387,21.912143707275387,0
2001-08-03,21.91214370727539,21.912143707275387,21.912143707275387,21.912143707275387,0
2001-08-06,21.91214370727539,21.912143707275387,21.912143707275387,21.912143707275387,0
2001-08-07,21.91214370727539,21.912143707275387,21.912143707275387,21.912143707275387,0
2001-08-08,21.91214370727539,21.912143707275387,21.912143707275387,21.912143707275387,0
2001-08-09,21.91214370727539,21.912143707275387,21.912143707275387,21.912143707275387,0
2001-08-10,21.91214370727539,21.912143707275387,21.912143707275387,21.912143707275387,0
2001-08-13,21.91214370727539,21.912143707275387,21.912143707275387,21.912143707275387,0
2001-08-14,21.91214370727539,21.912143707275387,21.912143707275387,21.912143707275387,0
2001-08-15,21.91214370727539,21.912143707275387,21.912143707275387,21.912143707275387,0
2001-08-16,21.91214370727539,21.912143707275387,21.912143707275387,21.912143707275387,0
2001-08-17,21.91214370727539,21.912143707275387,21.912143707275387,21.912143707275387,0
2001-08-20,21.91214370727539,21.912143707275387,21.912143707275387,21.912143707275387,0
2001-08-21,21.91214370727539,21.912143707275387,21.912143707275387,21.912143707275387,0
2001-08-22,21.91214370727539,21.912143707275387,21.912143707275387,21.912143707275387,0
2001-08-23,21.91214370727539,21.912143707275387,21.912143707275387,21.912143707275387,0
2001-08-24,21.91214370727539,21.912143707275387,21.912143707275387,21.912143707275387,0
2001-08-27,21.91214370727539,21.912143707275387,21.912143707275387,21.912143707275387,0
2001-08-28,21.91214370727539,21.912143707275387,21.912143707275387,21.912143707275387,0
2001-08-29,21.91214370727539,21.912143707275387,21.912143707275387,21.912143707275387,0
2001-08-30,21.91214370727539,21.912143707275387,21.912143707275387,21.912143707275387,0
2001-08-31,21.91214370727539,21.912143707275387,21.912143707275387,21.912143707275387,0
2001-09-03,21.91214370727539,21.912143707275387,21.912143707275387,21.912143707275387,0
2001-09-04,21.91214370727539,21.912143707275387,21.912143707275387,21.912143707275387,0
2001-09-05,21.91214370727539,21.912143707275387,21.912143707275387,21.912143707275387,0
2001-09-06,19.920127868652344,19.920127868652344,19.920127868652344,19.920127868652344,0
2001-09-07,19.920127868652344,19.920127868652344,19.920127868652344,19.920127868652344,0
2001-09-10,19.920127868652344,19.920127868652344,19.920127868652344,19.920127868652344,0
2001-09-11,19.920127868652344,19.920127868652344,19.920127868652344,19.920127868652344,0
2001-09-12,19.920127868652344,19.920127868652344,19.920127868652344,19.920127868652344,0
2001-09-13,19.920127868652344,19.920127868652344,19.920127868652344,19.920127868652344,0
2001-09-14,19.920127868652344,19.920127868652344,19.920127868652344,19.920127868652344,0
2001-09-17,19.920127868652344,19.920127868652344,19.920127868652344,19.920127868652344,0
2001-09-18,19.920127868652344,19.920127868652344,19.920127868652344,19.920127868652344,0
2001-09-19,19.920127868652344,19.920127868652344,19.920127868652344,19.920127868652344,0
2001-09-20,19.920127868652344,19.920127868652344,19.920127868652344,19.920127868652344,0
2001-09-21,19.920127868652344,19.920127868652344,19.920127868652344,19.920127868652344,0
2001-09-24,19.920127868652344,19.920127868652344,19.920127868652344,19.920127868652344,0
2001-09-25,19.920127868652344,19.920127868652344,19.920127868652344,19.920127868652344,0
2001-09-26,19.920127868652344,19.920127868652344,19.920127868652344,19.920127868652344,0
2001-09-27,19.920127868652344,19.920127868652344,19.920127868652344,19.920127868652344,0
2001-09-28,19.920127868652344,19.920127868652344,19.920127868652344,19.920127868652344,0
2001-10-01,19.920127868652344,19.920127868652344,19.920127868652344,19.920127868652344,0
2001-10-02,19.920127868652344,19.920127868652344,19.920127868652344,19.920127868652344,0
2001-10-03,19.920127868652344,19.920127868652344,19.920127868652344,19.920127868652344,0
2001-10-04,19.920127868652344,19.920127868652344,19.920127868652344,19.920127868652344,0
2001-10-05,19.920127868652344,19.920127868652344,19.920127868652344,19.920127868652344,0
2001-10-08,19.920127868652344,19.920127868652344,19.920127868652344,19.920127868652344,0
2001-10-09,19.920127868652344,19.920127868652344,19.920127868652344,19.920127868652344,0
2001-10-10,19.920127868652344,19.920127868652344,19.920127868652344,19.920127868652344,0
2001-10-11,19.920127868652344,19.920127868652344,19.920127868652344,19.920127868652344,0
2001-10-12,19.920127868652344,19.920127868652344,19.920127868652344,19.920127868652344,0
2001-10-15,19.920127868652344,19.920127868652344,19.920127868652344,19.920127868652344,0
2001-10-16,19.920127868652344,19.920127868652344,19.920127868652344,19.920127868652344,0
2001-10-17,19.920127868652344,19.920127868652344,19.920127868652344,19.920127868652344,0
2001-10-18,19.920127868652344,19.920127868652344,19.920127868652344,19.920127868652344,0
2001-10-19,19.920127868652344,19.920127868652344,19.920127868652344,19.920127868652344,0
2001-10-22,19.920127868652344,19.920127868652344,19.920127868652344,19.920127868652344,0
2001-10-23,19.920127868652344,19.920127868652344,19.920127868652344,19.920127868652344,0
2001-10-24,19.920127868652344,19.920127868652344,19.920127868652344,19.920127868652344,0
2001-10-25,19.920127868652344,19.920127868652344,19.920127868652344,19.920127868652344,0
2001-10-26,19.920127868652344,19.920127868652344,19.920127868652344,19.920127868652344,0
2001-10-29,19.920127868652344,19.920127868652344,19.920127868652344,19.920127868652344,0
2001-10-30,19.920127868652344,19.920127868652344,19.920127868652344,19.920127868652344,0
2001-10-31,19.920127868652344,19.920127868652344,19.920127868652344,19.920127868652344,0
2001-11-01,19.920127868652344,19.920127868652344,19.920127868652344,19.920127868652344,0
2001-11-02,19.920127868652344,19.920127868652344,19.920127868652344,19.920127868652344,0
2001-11-05,19.920127868652344,19.920127868652344,19.920127868652344,19.920127868652344,0
2001-11-06,19.920127868652344,19.920127868652344,19.920127868652344,19.920127868652344,0
2001-11-07,19.920127868652344,19.920127868652344,19.920127868652344,19.920127868652344,0
2001-11-08,19.920127868652344,19.920127868652344,19.920127868652344,19.920127868652344,0
2001-11-09,19.920127868652344,19.920127868652344,19.920127868652344,19.920127868652344,0
2001-11-12,19.920127868652344,19.920127868652344,19.920127868652344,19.920127868652344,0
2001-11-13,19.920127868652344,19.920127868652344,19.920127868652344,19.920127868652344,0
2001-11-14,19.920127868652344,19.920127868652344,19.920127868652344,19.920127868652344,0
2001-11-15,19.920127868652344,19.920127868652344,19.920127868652344,19.920127868652344,0
2001-11-16,19.920127868652344,19.920127868652344,19.920127868652344,19.920127868652344,0
2001-11-19,19.920127868652344,19.920127868652344,19.920127868652344,19.920127868652344,0
2001-11-20,19.920127868652344,19.920127868652344,19.920127868652344,19.920127868652344,0
2001-11-21,19.920127868652344,19.920127868652344,19.920127868652344,19.920127868652344,0
2001-11-22,19.920127868652344,19.920127868652344,19.920127868652344,19.920127868652344,0
2001-11-23,19.920127868652344,19.920127868652344,19.920127868652344,19.920127868652344,0
2001-11-26,19.920127868652344,19.920127868652344,19.920127868652344,19.920127868652344,0
2001-11-27,19.920127868652344,19.920127868652344,19.920127868652344,19.920127868652344,0
2001-11-28,19.920127868652344,19.920127868652344,19.920127868652344,19.920127868652344,0
2001-11-29,19.920127868652344,19.920127868652344,19.920127868652344,19.920127868652344,0
2001-11-30,19.920127868652344,19.920127868652344,19.920127868652344,19.920127868652344,0
2001-12-03,19.920127868652344,19.920127868652344,19.920127868652344,19.920127868652344,0
2001-12-04,19.920127868652344,19.920127868652344,19.920127868652344,19.920127868652344,0
2001-12-05,19.920127868652344,19.920127868652344,19.920127868652344,19.920127868652344,0
2001-12-06,19.920127868652344,19.920127868652344,19.920127868652344,19.920127868652344,0
2001-12-07,19.920127868652344,19.920127868652344,19.920127868652344,19.920127868652344,0
2001-12-10,19.920127868652344,19.920127868652344,19.920127868652344,19.920127868652344,0
2001-12-11,19.920127868652344,19.920127868652344,19.920127868652344,19.920127868652344,0
2001-12-12,19.920127868652344,19.920127868652344,19.920127868652344,19.920127868652344,0
2001-12-13,19.920127868652344,19.920127868652344,19.920127868652344,19.920127868652344,0
2001-12-14,19.920127868652344,19.920127868652344,19.920127868652344,19.920127868652344,0
2001-12-17,19.920127868652344,19.920127868652344,19.920127868652344,19.920127868652344,0
2001-12-18,19.920127868652344,19.920127868652344,19.920127868652344,19.920127868652344,0
2001-12-19,19.920127868652344,19.920127868652344,19.920127868652344,19.920127868652344,0
2001-12-20,19.920127868652344,19.920127868652344,19.920127868652344,19.920127868652344,0
2001-12-21,19.920127868652344,19.920127868652344,19.920127868652344,19.920127868652344,0
2001-12-24,19.920127868652344,19.920127868652344,19.920127868652344,19.920127868652344,0
2001-12-25,19.920127868652344,19.920127868652344,19.920127868652344,19.920127868652344,0
2001-12-26,19.920127868652344,19.920127868652344,19.920127868652344,19.920127868652344,0
2001-12-27,19.920127868652344,19.920127868652344,19.920127868652344,19.920127868652344,0
2001-12-28,19.920127868652344,19.920127868652344,19.920127868652344,19.920127868652344,0
2001-12-31,19.920127868652344,19.920127868652344,19.920127868652344,19.920127868652344,0
2002-01-01,19.920127868652344,19.920127868652344,19.920127868652344,19.920127868652344,0
2002-01-02,19.920127868652344,19.920127868652344,19.920127868652344,19.920127868652344,0
2002-01-03,19.920127868652344,19.920127868652344,19.920127868652344,19.920127868652344,0
2002-01-04,19.920127868652344,19.920127868652344,19.920127868652344,19.920127868652344,0
2002-01-07,19.920127868652344,19.920127868652344,19.920127868652344,19.920127868652344,0
2002-01-08,19.920127868652344,19.920127868652344,19.920127868652344,19.920127868652344,0
2002-01-09,19.920127868652344,19.920127868652344,19.920127868652344,19.920127868652344,0
2002-01-10,19.920127868652344,19.920127868652344,19.920127868652344,19.920127868652344,0
2002-01-11,19.920127868652344,19.920127868652344,19.920127868652344,19.920127868652344,0
2002-01-14,19.920127868652344,19.920127868652344,19.920127868652344,19.920127868652344,0
2002-01-15,19.920127868652344,19.920127868652344,19.920127868652344,19.920127868652344,0
2002-01-16,19.920127868652344,19.920127868652344,19.920127868652344,19.920127868652344,0
2002-01-17,19.920127868652344,19.920127868652344,19.920127868652344,19.920127868652344,0
2002-01-18,19.920127868652344,19.920127868652344,19.920127868652344,19.920127868652344,0
2002-01-21,19.920127868652344,19.920127868652344,19.920127868652344,19.920127868652344,0
2002-01-22,19.920127868652344,19.920127868652344,19.920127868652344,19.920127868652344,0
2002-01-23,19.920127868652344,19.920127868652344,19.920127868652344,19.920127868652344,0
2002-01-24,19.920127868652344,19.920127868652344,19.920127868652344,19.920127868652344,0
2002-01-25,19.920127868652344,19.920127868652344,19.920127868652344,19.920127868652344,0
2002-01-28,19.920127868652344,19.920127868652344,19.920127868652344,19.920127868652344,0
2002-01-29,19.920127868652344,19.920127868652344,19.920127868652344,19.920127868652344,0
2002-01-30,19.920127868652344,19.920127868652344,19.920127868652344,19.920127868652344,0
2002-01-31,19.920127868652344,19.920127868652344,19.920127868652344,19.920127868652344,0
2002-02-01,19.920127868652344,19.920127868652344,19.920127868652344,19.920127868652344,0
2002-02-04,19.920127868652344,19.920127868652344,19.920127868652344,19.920127868652344,0
2002-02-05,19.920127868652344,19.920127868652344,19.920127868652344,19.920127868652344,0
2002-02-06,19.920127868652344,19.920127868652344,19.920127868652344,19.920127868652344,0
2002-02-07,19.920127868652344,19.920127868652344,19.920127868652344,19.920127868652344,0
2002-02-08,19.920127868652344,19.920127868652344,19.920127868652344,19.920127868652344,0
2002-02-11,19.920127868652344,19.920127868652344,19.920127868652344,19.920127868652344,0
2002-02-12,19.920127868652344,19.920127868652344,19.920127868652344,19.920127868652344,0
2002-02-13,19.920127868652344,19.920127868652344,19.920127868652344,19.920127868652344,0
2002-02-14,19.920127868652344,19.920127868652344,19.920127868652344,19.920127868652344,0
2002-02-15,19.920127868652344,19.920127868652344,19.920127868652344,19.920127868652344,0
2002-02-18,19.920127868652344,19.920127868652344,19.920127868652344,19.920127868652344,0
2002-02-19,19.920127868652344,19.920127868652344,19.920127868652344,19.920127868652344,0
2002-02-20,19.920127868652344,19.920127868652344,19.920127868652344,19.920127868652344,0
2002-02-21,19.920127868652344,19.920127868652344,19.920127868652344,19.920127868652344,0
2002-02-22,19.920127868652344,19.920127868652344,19.920127868652344,19.920127868652344,0
2002-02-25,19.920127868652344,19.920127868652344,19.920127868652344,19.920127868652344,0
2002-02-26,19.920127868652344,19.920127868652344,19.920127868652344,19.920127868652344,0
2002-02-27,19.920127868652344,19.920127868652344,19.920127868652344,19.920127868652344,0
2002-02-28,19.920127868652344,19.920127868652344,19.920127868652344,19.920127868652344,0
2002-03-01,19.920127868652344,19.920127868652344,19.920127868652344,19.920127868652344,0
2002-03-04,19.920127868652344,19.920127868652344,19.920127868652344,19.920127868652344,0
2002-03-05,19.920127868652344,19.920127868652344,19.920127868652344,19.920127868652344,0
2002-03-06,19.920127868652344,19.920127868652344,19.920127868652344,19.920127868652344,0
2002-03-07,19.920127868652344,19.920127868652344,19.920127868652344,19.920127868652344,0
2002-03-08,19.920127868652344,19.920127868652344,19.920127868652344,19.920127868652344,0
2002-03-11,19.920127868652344,19.920127868652344,19.920127868652344,19.920127868652344,0
2002-03-12,19.920127868652344,19.920127868652344,19.920127868652344,19.920127868652344,0
2002-03-13,19.920127868652344,19.920127868652344,19.920127868652344,19.920127868652344,0
2002-03-14,19.920127868652344,19.920127868652344,19.920127868652344,19.920127868652344,0
2002-03-15,19.920127868652344,19.920127868652344,19.920127868652344,19.920127868652344,0
2002-03-18,19.920127868652344,19.920127868652344,19.920127868652344,19.920127868652344,0
2002-03-19,19.920127868652344,19.920127868652344,19.920127868652344,19.920127868652344,0
2002-03-20,19.920127868652344,19.920127868652344,19.920127868652344,19.920127868652344,0
2002-03-21,19.920127868652344,19.920127868652344,19.920127868652344,19.920127868652344,0
2002-03-22,19.920127868652344,19.920127868652344,19.920127868652344,19.920127868652344,0
2002-03-25,19.920127868652344,19.920127868652344,19.920127868652344,19.920127868652344,0
2002-03-26,19.920127868652344,19.920127868652344,19.920127868652344,19.920127868652344,0
2002-03-27,19.920127868652344,19.920127868652344,19.920127868652344,19.920127868652344,0
2002-03-28,19.920127868652344,19.920127868652344,19.920127868652344,19.920127868652344,0
2002-03-29,19.920127868652344,19.920127868652344,19.920127868652344,19.920127868652344,0
2002-04-01,19.920127868652344,19.920127868652344,19.920127868652344,19.920127868652344,0
2002-04-02,19.920127868652344,19.920127868652344,19.920127868652344,19.920127868652344,0
2002-04-03,19.920127868652344,19.920127868652344,19.920127868652344,19.920127868652344,0
2002-04-04,19.920127868652344,19.920127868652344,19.920127868652344,19.920127868652344,0
2002-04-05,19.920127868652344,19.920127868652344,19.920127868652344,19.920127868652344,0
2002-04-08,19.920127868652344,19.920127868652344,19.920127868652344,19.920127868652344,0
2002-04-09,19.920127868652344,19.920127868652344,19.920127868652344,19.920127868652344,0
2002-04-10,19.920127868652344,19.920127868652344,19.920127868652344,19.920127868652344,0
2002-04-11,19.920127868652344,19.920127868652344,19.920127868652344,19.920127868652344,0
2002-04-12,19.920127868652344,19.920127868652344,19.920127868652344,19.920127868652344,0
2002-04-15,19.920127868652344,19.920127868652344,19.920127868652344,19.920127868652344,0
2002-04-16,19.920127868652344,19.920127868652344,19.920127868652344,19.920127868652344,0
2002-04-17,19.920127868652344,19.920127868652344,19.920127868652344,19.920127868652344,0
2002-04-18,19.920127868652344,19.920127868652344,19.920127868652344,19.920127868652344,0
2002-04-19,19.920127868652344,19.920127868652344,19.920127868652344,19.920127868652344,0
2002-04-22,19.920127868652344,19.920127868652344,19.920127868652344,19.920127868652344,0
2002-04-23,19.920127868652344,19.920127868652344,19.920127868652344,19.920127868652344,0
2002-04-24,19.920127868652344,19.920127868652344,19.920127868652344,19.920127868652344,0
2002-04-25,19.920127868652344,19.920127868652344,19.920127868652344,19.920127868652344,0
2002-04-26,19.920127868652344,19.920127868652344,19.920127868652344,19.920127868652344,0
2002-04-29,19.920127868652344,19.920127868652344,19.920127868652344,19.920127868652344,0
2002-04-30,19.920127868652344,19.920127868652344,19.920127868652344,19.920127868652344,0
2002-05-01,19.920127868652344,19.920127868652344,19.920127868652344,19.920127868652344,0
2002-05-02,19.920127868652344,19.920127868652344,19.920127868652344,19.920127868652344,0
2002-05-03,19.920127868652344,19.920127868652344,19.920127868652344,19.920127868652344,0
2002-05-06,19.920127868652344,19.920127868652344,19.920127868652344,19.920127868652344,0
2002-05-07,19.920127868652344,19.920127868652344,19.920127868652344,19.920127868652344,0
2002-05-08,19.920127868652344,19.920127868652344,19.920127868652344,19.920127868652344,0
2002-05-09,19.920127868652344,19.920127868652344,19.920127868652344,19.920127868652344,0
2002-05-10,19.920127868652344,19.920127868652344,19.920127868652344,19.920127868652344,0
2002-05-13,19.920127868652344,19.920127868652344,19.920127868652344,19.920127868652344,0
2002-05-14,19.920127868652344,19.920127868652344,19.920127868652344,19.920127868652344,0
2002-05-15,19.920127868652344,19.920127868652344,19.920127868652344,19.920127868652344,0
2002-05-16,19.920127868652344,19.920127868652344,19.920127868652344,19.920127868652344,0
2002-05-17,19.920127868652344,19.920127868652344,19.920127868652344,19.920127868652344,0
2002-05-20,19.920127868652344,19.920127868652344,19.920127868652344,19.920127868652344,0
2002-05-21,19.920127868652344,19.920127868652344,19.920127868652344,19.920127868652344,0
2002-05-22,19.920127868652344,19.920127868652344,19.920127868652344,19.920127868652344,0
2002-05-23,19.920127868652344,19.920127868652344,19.920127868652344,19.920127868652344,0
2002-05-24,19.920127868652344,19.920127868652344,19.920127868652344,19.920127868652344,0
2002-05-27,19.920127868652344,19.920127868652344,19.920127868652344,19.920127868652344,0
2002-05-28,19.920127868652344,19.920127868652344,19.920127868652344,19.920127868652344,0
2002-05-29,19.920127868652344,19.920127868652344,19.920127868652344,19.920127868652344,0
2002-05-30,19.920127868652344,19.920127868652344,19.920127868652344,19.920127868652344,0
2002-05-31,19.920127868652344,19.920127868652344,19.920127868652344,19.920127868652344,0
2002-06-03,19.920127868652344,19.920127868652344,19.920127868652344,19.920127868652344,0
2002-06-04,19.920127868652344,19.920127868652344,19.920127868652344,19.920127868652344,0
2002-06-05,19.920127868652344,19.920127868652344,19.920127868652344,19.920127868652344,0
2002-06-06,19.920127868652344,19.920127868652344,19.920127868652344,19.920127868652344,0
2002-06-07,19.920127868652344,19.920127868652344,19.920127868652344,19.920127868652344,0
2002-06-10,19.920127868652344,19.920127868652344,19.920127868652344,19.920127868652344,0
2002-06-11,19.920127868652344,19.920127868652344,19.920127868652344,19.920127868652344,0
2002-06-12,19.920127868652344,19.920127868652344,19.920127868652344,19.920127868652344,0
2002-06-13,19.920127868652344,19.920127868652344,19.920127868652344,19.920127868652344,0
2002-06-14,19.920127868652344,19.920127868652344,19.920127868652344,19.920127868652344,0
2002-06-17,19.920127868652344,19.920127868652344,19.920127868652344,19.920127868652344,0
2002-06-18,19.920127868652344,19.920127868652344,19.920127868652344,19.920127868652344,0
2002-06-19,19.920127868652344,19.920127868652344,19.920127868652344,19.920127868652344,0
2002-06-20,19.920127868652344,19.920127868652344,19.920127868652344,19.920127868652344,0
2002-06-21,19.920127868652344,19.920127868652344,19.920127868652344,19.920127868652344,0
2002-06-24,19.920127868652344,19.920127868652344,19.920127868652344,19.920127868652344,0
2002-06-25,19.920127868652344,19.920127868652344,19.920127868652344,19.920127868652344,0
2002-06-26,19.920127868652344,19.920127868652344,19.920127868652344,19.920127868652344,0
2002-06-27,19.920127868652344,19.920127868652344,19.920127868652344,19.920127868652344,0
2002-06-28,19.920127868652344,19.920127868652344,19.920127868652344,19.920127868652344,0
2002-07-01,19.920127868652344,19.920127868652344,19.920127868652344,19.920127868652344,0
2002-07-02,19.920127868652344,19.920127868652344,19.920127868652344,19.920127868652344,0
2002-07-03,19.920127868652344,19.920127868652344,19.920127868652344,19.920127868652344,0
2002-07-04,19.920127868652344,19.920127868652344,19.920127868652344,19.920127868652344,0
2002-07-05,19.920127868652344,19.920127868652344,19.920127868652344,19.920127868652344,0
2002-07-08,19.920127868652344,19.920127868652344,19.920127868652344,19.920127868652344,0
2002-07-09,19.920127868652344,19.920127868652344,19.920127868652344,19.920127868652344,0
2002-07-10,19.920127868652344,19.920127868652344,19.920127868652344,19.920127868652344,0
2002-07-11,19.920127868652344,19.920127868652344,19.920127868652344,19.920127868652344,0
2002-07-12,19.920127868652344,19.920127868652344,19.920127868652344,19.920127868652344,0
2002-07-15,19.920127868652344,19.920127868652344,19.920127868652344,19.920127868652344,0
2002-07-16,19.920127868652344,19.920127868652344,19.920127868652344,19.920127868652344,0
2002-07-17,19.920127868652344,19.920127868652344,19.920127868652344,19.920127868652344,0
2002-07-18,19.920127868652344,19.920127868652344,19.920127868652344,19.920127868652344,0
2002-07-19,19.920127868652344,19.920127868652344,19.920127868652344,19.920127868652344,0
2002-07-22,19.920127868652344,19.920127868652344,19.920127868652344,19.920127868652344,0
2002-07-23,19.920127868652344,19.920127868652344,19.920127868652344,19.920127868652344,0
2002-07-24,19.920127868652344,19.920127868652344,19.920127868652344,19.920127868652344,0
2002-07-25,19.920127868652344,19.920127868652344,19.920127868652344,19.920127868652344,0
2002-07-26,19.920127868652344,19.920127868652344,19.920127868652344,19.920127868652344,0
2002-07-29,19.920127868652344,19.920127868652344,19.920127868652344,19.920127868652344,0
2002-07-30,19.920127868652344,19.920127868652344,19.920127868652344,19.920127868652344,0
2002-07-31,19.920127868652344,19.920127868652344,19.920127868652344,19.920127868652344,0
2002-08-01,19.920127868652344,19.920127868652344,19.920127868652344,19.920127868652344,0
2002-08-02,19.920127868652344,19.920127868652344,19.920127868652344,19.920127868652344,0
2002-08-05,19.920127868652344,19.920127868652344,19.920127868652344,19.920127868652344,0
2002-08-06,19.920127868652344,19.920127868652344,19.920127868652344,19.920127868652344,0
2002-08-07,19.920127868652344,19.920127868652344,19.920127868652344,19.920127868652344,0
2002-08-08,19.920127868652344,19.920127868652344,19.920127868652344,19.920127868652344,0
2002-08-09,19.920127868652344,19.920127868652344,19.920127868652344,19.920127868652344,0
2002-08-12,19.920127868652344,19.920127868652344,19.920127868652344,19.920127868652344,0
2002-08-13,19.920127868652344,19.920127868652344,19.920127868652344,19.920127868652344,0
2002-08-14,19.920127868652344,19.920127868652344,19.920127868652344,19.920127868652344,0
2002-08-15,19.920127868652344,19.920127868652344,19.920127868652344,19.920127868652344,0
2002-08-16,19.920127868652344,19.920127868652344,19.920127868652344,19.920127868652344,0
2002-08-19,19.920127868652344,19.920127868652344,19.920127868652344,19.920127868652344,0
2002-08-20,21.357864379882812,21.35786437988281,21.35786437988281,21.35786437988281,0
2002-08-21,21.357864379882812,21.35786437988281,21.35786437988281,21.35786437988281,0
2002-08-22,21.357864379882812,21.35786437988281,21.35786437988281,21.35786437988281,0
2002-08-23,21.357864379882812,21.35786437988281,21.35786437988281,21.35786437988281,0
2002-08-26,21.357864379882812,21.35786437988281,21.35786437988281,21.35786437988281,0
2002-08-27,9.542223930358887,9.720916923601091,9.506485537292551,9.613701744402082,5735274
2002-08-28,9.113358497619629,9.506481690169082,8.934665576691636,9.506481690169082,2995496
2002-08-29,9.041884422302246,9.11336120070994,8.82745305916875,9.077622811506094,3871449
2002-08-30,8.93466567993164,9.113358602924428,8.827450542882039,9.04188184489136,1859830
2002-09-02,8.720236778259277,9.041884333765193,8.613016986100764,9.041884333765193,2089776
2002-09-03,8.577281951904297,8.79171278005841,8.470062169208417,8.755970282717339,2208361
2002-09-04,8.613015174865723,8.863189497740967,8.291368200954302,8.434322240263237,3121428
2002-09-05,8.362844467163086,8.791710644913769,8.362844467163086,8.791710644913769,1893026
2002-09-06,8.362844467163086,8.362844467163086,8.362844467163086,8.362844467163086,0
2002-09-09,8.219892501831055,8.541539537470902,8.219892501831055,8.398585470727145,1859505
2002-09-10,8.79171371459961,8.791713714599608,8.255631704655926,8.29137009415467,6965287
2002-09-11,9.006142616271973,9.184835542802595,8.791711310017254,8.863189097375587,10194583
2002-09-12,9.363529205322266,9.363529205322266,8.863190767021148,8.970405926390603,9542304
2002-09-13,9.327791213989258,9.68517714951357,9.184837662107833,9.292052826018901,11964674
2002-09-16,9.149097442626953,9.3635277275234,8.970404510636412,9.3635277275234,4345029
2002-09-17,9.577960968017578,9.685177159954607,9.077622507982833,9.25631444802725,8108244
2002-09-18,9.184834480285645,9.47074251291424,9.149096104695824,9.149096104695824,5098884
2002-09-19,9.2920503616333,9.506481660495544,9.149096847665207,9.149096847665207,7136146
2002-09-20,9.256312370300293,9.399266918157776,8.93466592250864,9.113358850352956,5359025
2002-09-23,8.8274507522583,9.363527478131505,8.755968852979175,9.149097198946281,3393990
2002-09-24,8.755969047546387,9.006142851705668,8.684496397870351,8.898927709730618,2355706038
2002-09-25,8.219892501831055,8.755970894564133,8.148415725436772,8.684498229811382,5978868310
2002-09-26,8.541539192199707,8.720236265513929,8.398585131234524,8.434323517987027,4011145
2002-09-27,8.648756980895996,8.934665019814735,8.54153671221752,8.577279714188801,4795026
2002-09-30,8.613015174865723,8.613015174865723,8.148414161645368,8.50579951689525,1918111
2002-10-01,8.613015174865723,8.79171170715386,8.434322240263237,8.434322240263237,2337321
2002-10-02,8.863189697265625,9.006143225837581,8.827451315122637,8.934666461551602,3922562
2002-10-03,9.006142616271973,9.292050681974885,8.863189097375587,8.863189097375587,16631781
2002-10-04,9.435006141662598,9.613699085482601,8.934666721294775,9.041882898750872,12387105
2002-10-07,9.041884422302246,9.399269342251133,8.970406615984139,9.399269342251133,5019933
2002-10-08,9.184834480285645,9.363526358234754,9.006141574426515,9.041880977926358,6454761
2002-10-09,9.256312370300293,9.792390125923097,9.220573990313458,9.220573990313458,22184954039
2002-10-10,9.256312370300293,9.256312370300293,9.256312370300293,9.256312370300293,0
2002-10-11,8.970406532287598,9.506484421164368,8.9346681434172,9.47074603229397,15063778
2002-10-14,8.434321403503418,9.00614212960528,8.362844647917628,8.970403751812386,11346326
2002-10-15,9.006142616271973,9.006142616271973,8.43432185927052,8.43432185927052,9401480
2002-10-16,9.399267196655273,9.61369851083996,9.07762073933333,9.184835882470585,18740917
2002-10-17,9.577960968017578,9.792392323981257,9.292052836036133,9.327791224045017,21036770
2002-10-18,10.114045143127441,10.149783535233833,9.792393446706944,9.828131838813336,20477903
2002-10-21,10.078304290771484,10.542904302649962,9.935349729332554,10.149781057535828,12481211
2002-10-22,9.935349464416504,10.32847372695862,9.828129177577686,10.32847372695862,16514649
2002-10-23,10.614383697509766,10.614383697509766,9.935351227149347,9.935351227149347,13666296
2002-10-24,10.364212036132812,10.97177070059699,10.328473653956172,10.97177070059699,12825870
2002-10-25,9.828128814697266,10.256996583384785,9.649436909148823,10.185518793255227,15689041
2002-10-28,9.470746040344238,10.078305847030252,9.292053067929956,10.006828041318297,18355911
2002-10-29,9.64943790435791,9.720914673949151,9.327790385376762,9.363528770172381,7474363
2002-10-30,9.006142616271973,9.828128433656614,9.006142616271973,9.64943653503613,15128912
2002-10-31,8.863189697265625,9.327789693034688,8.827451315122637,9.041882635890778,17963913
2002-11-01,8.39858627319336,9.04188503153554,8.327108976014388,8.898930437177597,22647735
2002-11-04,8.863189697265625,8.863189697265625,8.505799708374484,8.577281098256401,11615904
2002-11-05,8.93466567993164,9.14909698194096,8.755968645298376,9.006142437964707,10212494
2002-11-06,9.184834480285645,9.363526358234754,8.75596780574766,8.934664823246871,13435643
2002-11-07,9.399267196655273,9.577959101884032,9.184835882470585,9.29205102560784,13244419
2002-11-08,9.2920503616333,9.399266525019474,9.113358469173185,9.220573604649255,7749524488
2002-11-11,8.648756980895996,9.220573058733475,8.648756980895996,9.1490963059813,4202609269
2002-11-12,8.863189697265625,8.863189697265625,8.470061326231496,8.470061326231496,4135609
2002-11-13,8.755969047546387,9.041882260274184,8.648758017212002,8.934666090388967,3397366
2002-11-14,9.2920503616333,9.363527118617348,8.934665548802965,8.970403927294988,19132419
2002-11-15,9.470746040344238,9.8281309572624,9.399269262542687,9.577961207046567,17329719
2002-11-18,9.077622413635254,9.435007317920014,9.00614461045001,9.32779112709733,7096787
2002-11-19,9.006142616271973,9.220573922526691,9.006142616271973,9.041882023906208,3449611771
2002-11-20,9.006142616271973,9.292050681974885,9.006142616271973,9.184835542802595,6788660
2002-11-21,8.434321403503418,9.220573424272732,8.434321403503418,9.220573424272732,10583482926
2002-11-22,8.505800247192383,8.791712461999051,8.505800247192383,8.684497308778315,9137239
2002-11-25,8.68449878692627,8.755971456264026,8.434324399990363,8.577283101501715,6882396444
2002-11-26,8.755969047546387,9.113359021590885,8.755969047546387,8.827450948413917,9341765
2002-11-27,8.755969047546387,8.863189329072268,8.684496397870351,8.755969047546387,5194494784
2002-11-28,8.720236778259277,8.970406528146988,8.613016986100764,8.934668139293088,6859622
2002-11-29,8.68449878692627,8.8631917672856,8.648760396436492,8.720237177416045,5391497088
2002-12-02,8.68449878692627,8.68449878692627,8.68449878692627,8.68449878692627,0
2002-12-03,9.077622413635254,9.256314351822452,8.7559707574361,8.898929447537691,23632479
2002-12-04,8.863189697265625,9.041882635890778,8.863189697265625,9.006143225837581,5142925
2002-12-05,8.79171371459961,9.006145079502494,8.72023693560212,8.898929911006261,4167770
2002-12-06,8.648756980895996,8.89892664343865,8.648756980895996,8.755967998384085,2810562
2002-12-09,8.577281951904297,8.863190579368373,8.577281951904297,8.755970282717339,6892780
2002-12-10,8.327107429504395,8.505800382287354,8.29136904452986,8.47006199731282,6095225
2002-12-11,7.86250638961792,8.398584186419003,7.755290727466681,8.327106906999806,12371190
2002-12-12,7.433639049530029,7.89824467022267,7.326423395741874,7.862505776323236,11022904
2002-12-13,6.933300495147705,7.469382939182381,6.933300495147705,7.326424262932927,13430566
2002-12-16,6.897562503814697,7.11199333502963,6.718870058809727,6.718870058809727,16423805
2002-12-17,6.933300495147705,7.076254545800955,6.718869676145396,7.040516161626426,15991783
2002-12-18,7.076253890991211,7.076253890991212,6.897561472698952,6.933299853566386,10417264
2002-12-19,7.147731781005859,7.290686354951356,7.076255007988278,7.076255007988278,11073512
2002-12-20,7.111992359161377,7.254946398341024,6.647391860316298,7.219208017034886,11903583
2002-12-23,7.111992359161377,7.147730740467516,6.861823176063314,7.147730740467516,4083127
2002-12-24,7.147731781005859,7.397902028432895,7.00477772101553,7.111993394497069,10061639
2002-12-25,7.29068660736084,7.29068660736084,7.040516865227891,7.183470930167407,4886312
2002-12-26,7.254948139190674,7.290687043027577,7.147732455590395,7.219209749308987,2942173
2002-12-27,7.076253890991211,7.254946309283471,7.076253890991212,7.254946309283471,2275416
2002-12-30,6.826085567474365,7.040516393539994,6.790346668167468,6.933300723529604,5271743
2002-12-31,6.969037055969238,7.0047754307933126,6.861821931497018,6.861821931497018,1951505
2003-01-01,6.969037055969238,6.969037055969238,6.969037055969238,6.969037055969238,0
2003-01-02,6.8618245124816895,7.07625535603646,6.86182451248169,6.969039677281478,2473036
2003-01-03,7.326423645019531,7.326423645019531,6.969038291550857,7.076253948986968,6383647
2003-01-06,7.147731781005859,7.433640414941686,7.111993394497069,7.433640414941686,4822375
2003-01-07,7.362161636352539,7.505116181334621,7.254945984593509,7.32642325708455,11110159
2003-01-08,7.576600074768066,7.6480727453346455,7.254948387367258,7.254948387367258,7749007
2003-01-09,7.6123366355896,7.755290679590371,7.4336395834814235,7.4336395834814235,7322529
2003-01-10,7.6123366355896,7.791029576056897,7.4336395834814235,7.719552297078955,4767427
2003-01-13,8.04119873046875,8.04119873046875,7.6123361139020735,7.6838133879815445,7079529
2003-01-14,7.933982849121094,8.04119850019242,7.79102881901101,8.04119850019242,5551878
2003-01-15,7.826767921447754,8.005460347112445,7.755290642808813,7.969721964770528,3201160
2003-01-16,7.791029453277588,7.933983495025538,7.648070785933722,7.719552175426061,4179113
2003-01-17,7.6123366355896,7.791029576056897,7.4336395834814235,7.68381391456754,3689668
2003-01-20,7.147731781005859,7.576599100528521,7.147731781005859,7.433640414941686,1652925
2003-01-21,7.326423645019531,7.433639302455642,7.1477307113076485,7.183469606423079,2293677
2003-01-22,7.29068660736084,7.469383685643103,6.897562800288376,7.3264249951069225,4399330
2003-01-23,7.326423645019531,7.505116578731413,7.040515567826628,7.040515567826628,7135998
2003-01-24,7.254948139190674,7.469384131988173,7.07625567582702,7.469384131988173,3580413
2003-01-27,7.1834716796875,7.1834716796875,7.040517599832222,7.147732774257252,2143073
2003-01-28,7.1834716796875,7.219210071162509,7.040517599832222,7.1834716796875,2890723
2003-01-29,7.1834716796875,7.1834716796875,7.1834716796875,7.1834716796875,0
2003-01-30,7.1834716796875,7.1834716796875,7.1834716796875,7.1834716796875,0
2003-01-31,7.1834716796875,7.1834716796875,7.1834716796875,7.1834716796875,0
2003-02-03,7.1834716796875,7.1834716796875,7.1834716796875,7.1834716796875,0
2003-02-04,7.1834716796875,7.1834716796875,7.1834716796875,7.1834716796875,0
2003-02-05,7.1834716796875,7.1834716796875,7.1834716796875,7.1834716796875,0
2003-02-06,6.718870639801025,7.11199395001492,6.718870639801026,7.076255560714603,1669299
2003-02-07,6.718870639801025,6.790347418401659,6.325742190035059,6.718870639801026,3211736
2003-02-10,6.468700408935547,6.647393384344843,6.432962019435771,6.647393384344843,1971598
2003-02-11,6.361484527587891,6.61165425396349,6.361484527587891,6.540176969018253,2636619
2003-02-12,6.1113104820251465,6.468700008401062,6.004094806209283,6.361484846540376,6252380
2003-02-13,6.1113104820251465,6.182787770554116,6.004094806209283,6.075572094738252,2305809
2003-02-14,6.1113104820251465,6.254264545127906,6.004094806209283,6.182787770554116,4752499
2003-02-17,6.361484527587891,6.361484527587891,6.147048561110959,6.325741516496475,13440066
2003-02-18,6.075571060180664,6.325740756500007,5.968355402621647,6.290006486939426,7363856
2003-02-19,5.932616710662842,6.147048033125346,5.932616710662842,6.147048033125346,6508642
2003-02-20,5.825401782989502,6.075572033334936,5.7896633960637995,5.932617457721781,6061942
2003-02-21,5.718185901641846,5.932616710129982,5.682447519219674,5.861139945285639,5386282
2003-02-24,5.7896623611450195,5.861139636174829,5.718185600070292,5.7896623611450195,2877699
2003-02-25,5.896878719329834,6.039832772467457,5.682447896600972,5.7181862813965925,8732704
2003-02-26,5.825401782989502,6.004094745528358,5.825401782989502,5.968356358602656,4072554
2003-02-27,5.682448387145996,5.718186775026781,5.575232709548455,5.718186775026781,3722620
2003-02-28,5.682448387145996,5.682448387145996,5.682448387145996,5.682448387145996,0
2003-03-03,5.682448387145996,5.753925676862752,5.610971611384427,5.718186775026781,3012430
2003-03-04,5.682448387145996,5.789663550788349,5.646709999265211,5.682448387145996,4410776
2003-03-05,5.539493083953857,5.6824471174913205,5.307192072767256,5.6109703577001255,8366677
2003-03-06,5.468016147613525,5.539493425770324,5.3608004873558786,5.39653938341183,3618426
2003-03-07,5.432278633117676,5.503755922690321,5.3250629557363025,5.360801343545032,5315039
2003-03-10,5.468016147613525,5.539493425770324,5.432277765512677,5.539493425770324,3218989
2003-03-11,5.396539688110352,5.432278072229054,5.30719269990333,5.396539688110352,4443104
2003-03-12,5.396539688110352,5.503755354421592,5.360800790036516,5.396539688110352,4516747
2003-03-13,5.539493083953857,5.646708737595723,5.360800156565724,5.396539050416394,8547100
2003-03-14,5.753925323486328,5.896878866229996,5.682448038159339,5.753925323486328,9310610
2003-03-17,5.468016147613525,5.753924746285619,5.468016147613525,5.718185850229667,3667964
2003-03-18,5.682448387145996,5.825401938669134,5.646709999265211,5.753925676862752,4650806
2003-03-19,5.7896623611450195,5.932616397249556,5.6109704584582,5.682447219532928,6577699
2003-03-20,6.075571060180664,6.075571060180664,5.896878126263939,5.896878126263939,12188838
2003-03-21,5.7896623611450195,6.075570947309174,5.753924494562737,6.075570947309174,8596982
2003-03-24,5.753925323486328,5.896878866229996,5.718186423845256,5.86114048054408,4923982
2003-03-25,5.575231552124023,5.682447207463471,5.539493171662567,5.610970446540559,3602007
2003-03-26,5.539493083953857,5.6824471174913205,5.46801581020759,5.646708737595723,3876214
2003-03-27,5.468016147613525,5.575231807871172,5.432277765512677,5.539493425770324,3551854
2003-03-28,5.396539688110352,5.503755354421592,5.396539688110352,5.432278072229054,1910324
2003-03-31,5.021280288696289,5.360800577894656,5.021280288696288,5.360800577894656,9120070
2003-04-01,5.021280288696289,5.021280288696288,4.860456538616107,4.860456538616107,2880338
2003-04-02,5.021280288696289,5.021280288696288,4.896195435275654,5.021280288696288,2948812
2003-04-03,5.003411769866943,5.1463658338546585,4.985542576112876,5.1463658338546585,3157645
2003-04-04,5.092757225036621,5.146364795482525,4.949803189892467,5.003410760338371,2830284
2003-04-07,5.182108402252197,5.253585171134622,5.110627007773536,5.128496199994141,4258040
2003-04-08,5.235711574554443,5.307192972053574,5.182108621223852,5.182108621223852,5459264
2003-04-09,5.342931270599365,5.342931270599365,5.1642342214038415,5.235710985261646,3541256
2003-04-10,5.2178425788879395,5.396539637352006,5.2178425788879395,5.253585074311521,5498805
2003-04-11,5.199978351593018,5.289324839660093,5.182109156770646,5.253585936060135,1480339
2003-04-14,5.074887752532959,5.235710985165156,5.074887752532959,5.217842308156135,1388545
2003-04-15,5.128495693206787,5.128495693206787,5.0212800365228425,5.092757312297167,966508
2003-04-16,5.468016147613525,5.468016147613525,5.253584827098232,5.253584827098232,8018247
2003-04-17,5.7896623611450195,5.825400741682383,5.396539147323854,5.539493183428391,27648826
2003-04-18,6.004096031188965,6.1113117288794045,5.896880333498526,5.932618728076911,18015882
2003-04-21,6.1113104820251465,6.147048869312043,5.896879130393419,6.075572094738252,9850469
2003-04-22,5.896878719329834,6.075571671218219,5.861140334534214,6.075571671218219,6978648
2003-04-23,5.896878719329834,6.147048440809459,5.7539251801473545,6.004094387671836,8782291
2003-04-24,5.503756046295166,5.8968793489304305,5.503756046295166,5.8968793489304305,6526544
2003-04-25,5.3250627517700195,5.503755711879548,5.182108692055496,5.217842966854006,5680292
2003-04-28,5.2178425788879395,5.2178425788879395,5.003411248282341,5.182108306746406,3376336
2003-04-29,5.396539688110352,5.4680164563477565,5.2893240217991115,5.325062405917814,6728652
2003-04-30,5.074887752532959,5.575231780944684,5.021280179640594,5.5394933990164406,6806344
2003-05-01,5.074887752532959,5.074887752532959,5.074887752532959,5.074887752532959,0
2003-05-02,5.003411769866943,5.1821088469594265,4.967672868403628,5.07488854488321,4178897
2003-05-05,5.199978351593018,5.217843434773692,5.039150458639543,5.074888848284287,4482532
2003-05-06,5.199978351593018,5.271455130882508,5.14636614152899,5.217843434773692,4016581
2003-05-07,5.360800743103027,5.4322780246697855,5.235711260231391,5.253585077730454,6274020
2003-05-08,5.164234161376953,5.360800399252125,5.146364970620207,5.360800399252125,3233127
2003-05-09,5.182108402252197,5.271454363355229,5.146365392214748,5.146365392214748,3391243
2003-05-12,5.110626697540283,5.325062130721937,5.110626697540283,5.217842358310685,3571343
2003-05-13,5.182108402252197,5.289324069530972,5.074888109377186,5.182108402252197,8086780
2003-05-14,5.021280288696289,5.235711098878009,5.021280288696288,5.18210815041737,7618416
2003-05-15,5.057019233703613,5.110626808272782,5.003411145179326,5.021280336702383,6930450
2003-05-16,5.110626697540283,5.2357110354914616,5.092757506404401,5.128495888676166,14621501
2003-05-19,5.128495693206787,5.1463648836615965,5.074887607887272,5.110626502751977,2112528
2003-05-20,5.092757225036621,5.128495605333891,5.021279950487005,5.0570188447393525,2276145
2003-05-21,5.057019233703613,5.110626808272782,5.021280336702383,5.110626808272782,2817848
2003-05-22,5.074887752532959,5.128495839380426,5.021280179640594,5.039149370604715,3835017
2003-05-23,5.253584861755371,5.253584861755371,5.110626706812971,5.110626706812971,9980232
2003-05-26,5.6109700202941895,5.6109700202941895,5.3250614564568055,5.3250614564568055,15319050
2003-05-27,5.718185901641846,5.718185901641846,5.503755093153709,5.610970754375331,12243719
2003-05-28,5.753925323486328,5.9326172519159135,5.718186423845256,5.896878866229996,16618065
2003-05-29,5.825401782989502,5.968356358602656,5.718186622212396,5.825401782989502,10439319
2003-05-30,6.2185258865356445,6.2185258865356445,5.89687887312105,5.932617258848731,21530697
2003-06-02,6.432961463928223,6.61165442390679,6.290007404318469,6.290007404318469,24798637
2003-06-03,6.397220611572266,6.43295898420981,6.290004979704663,6.397220611572266,14903040
2003-06-04,6.397220611572266,6.397220611572266,6.397220611572266,6.397220611572266,0
2003-06-05,6.504438877105713,6.718870227664782,6.504438877105713,6.575915651321952,14911828
2003-06-06,6.5759148597717285,6.575914859771729,6.325741040576835,6.432960814591612,5806453
2003-06-09,6.254263401031494,6.611653375985011,6.218525020282244,6.540176100531426,26199462
2003-06-10,6.683129787445068,6.683129787445069,6.254263073455557,6.254263073455557,25414375
2003-06-11,7.076253890991211,7.147730652726081,6.861823091831517,7.004776615301256,57689431
2003-06-12,6.897562503814697,7.11199333502963,6.79034683122965,7.076254948819669,21607511
2003-06-13,7.076253890991211,7.076253890991212,6.683130159584171,6.790345816141561,15805063
2003-06-16,7.004775047302246,7.290683572107171,7.004775047302246,7.07625230699222,20900014
2003-06-17,6.790346622467041,7.147731501489532,6.790346622467041,7.076254731267093,13585122
2003-06-18,6.718870639801025,7.18347124257076,6.718870639801026,6.826086321657182,37382622
2003-06-19,7.1834716796875,7.1834716796875,6.7903478315966765,6.933301911451954,31587075
2003-06-20,7.469382286071777,7.683813600279696,7.183469584168813,7.183469584168813,53177056
2003-06-23,7.254948139190674,7.791031182789009,7.040517285945333,7.576599815588452,23770108
2003-06-24,7.29068660736084,7.362163382853005,7.111993640720057,7.2192093179134895,16328985
2003-06-25,7.397900581359863,7.683813271010819,7.2906849288503395,7.397900581359864,31789541
2003-06-26,7.505115985870361,7.683813017106927,7.433638715240884,7.576597368140236,26455586
2003-06-27,7.683812618255615,8.005459034504616,7.6123353513363785,7.6123353513363785,40772549
2003-06-30,7.54085636138916,7.755291827755769,7.397902296224141,7.755291827755769,9937906113
2003-07-01,7.898247241973877,7.93398563355503,7.540857158699476,7.57660017587779,22678071
2003-07-02,7.86250638961792,8.112675582697328,7.719552344734638,8.041199331188356,31131127
2003-07-03,7.7195539474487305,8.148416171137855,7.7195539474487305,7.969723706422857,25884089
2003-07-04,7.933982849121094,7.933982849121093,7.540854512234061,7.719551546978439,15268443
2003-07-07,7.791029453277588,8.005460258921964,7.719552175426061,7.933983495025538,18230265
2003-07-08,7.86250638961792,8.041199331188356,7.826768006885878,7.898245286305075,16632390
2003-07-09,7.7195539474487305,8.041201000681989,7.540856857136757,7.898246926118947,14413252
2003-07-10,7.505115985870361,7.719551395444141,7.3264230662741925,7.719551395444141,20055126
2003-07-11,8.005460739135742,8.005460739135742,7.362162630107761,7.362162630107761,23528860
2003-07-14,8.39858627319336,8.54154035359606,7.862508343194421,8.041201329164227,30442696
2003-07-15,8.577281951904297,8.863190579368373,8.541538940608069,8.613016225962877,25510009
2003-07-16,9.041884422302246,9.077622811506094,8.684498474442949,8.684498474442949,28498369
2003-07-17,8.79171371459961,9.077622886410401,8.613017141508996,9.041884496911658,13815132
2003-07-18,8.505800247192383,8.684497308778315,8.470061862785471,8.613015914368257,9056131
2003-07-21,8.148415565490723,8.684498059342516,8.148415565490723,8.613016658754624,6868289327
2003-07-22,8.577281951904297,8.577281951904297,8.148415156044514,8.219891927444166,6631947
2003-07-23,8.39858627319336,8.720237451207792,8.362847881581494,8.684499059595927,8530968235
2003-07-24,8.648756980895996,8.827449890686475,8.434321069134237,8.577279714188801,13505206
2003-07-25,8.720236778259277,9.2205762780347,8.57728270888847,8.648760000551475,58761804381
2003-07-28,8.112676620483398,8.57728233684949,8.112676620483398,8.57728233684949,40379352
2003-07-29,7.576600074768066,7.755292544244415,7.5766000747680655,7.612338465872289,14034259
2003-07-30,7.326423645019531,7.79102928152013,7.326423645019531,7.505116578731413,24212507
2003-07-31,7.505115985870361,7.50511598587036,7.183469038970288,7.362161444611406,16305815
2003-08-01,7.397900581359863,7.648070265897066,7.326423308368492,7.6123359980194465,14840015
2003-08-04,7.326423645019531,7.433639302455642,7.29068526385919,7.362162026179871,5198600
2003-08-05,6.826085567474365,7.433640174274655,6.826085567474365,7.254947219605622,11981711
2003-08-06,7.004775047302246,7.004775047302246,6.647390290717289,6.718867550407263,10326307
2003-08-07,6.933300495147705,7.040516161626426,6.575915111537012,7.004777263496764,11516985
2003-08-08,7.004775047302246,7.254944685284698,6.790344296142266,6.897559928699741,11582559
2003-08-11,6.790346622467041,7.004777447089506,6.790346622467041,7.004777447089506,10590329
2003-08-12,7.547586917877197,7.547586917877197,7.229793410779691,7.229793410779691,11805288
2003-08-13,8.064002990722656,8.064002990722656,7.74620945049554,7.785930771477328,15420719
2003-08-14,8.421516418457031,8.620138664852567,8.06400211803765,8.262619665539255,26307618
2003-08-15,8.540693283081055,8.699589521047224,8.302345532486033,8.699589521047224,15777996
2003-08-18,8.381797790527344,8.620140893117245,8.26262180138698,8.620140893117245,5911894
2003-08-19,8.262619972229004,8.580413489860334,8.262619972229004,8.540693215901504,7807479
2003-08-20,8.381797790527344,8.461244099125416,8.302347305133589,8.381797790527344,3129967
2003-08-21,8.620137214660645,8.81875942764136,8.30234376228845,8.34206924908307,10103745
2003-08-22,9.096831321716309,9.096831321716309,8.818763236054089,8.818763236054089,21402770996
2003-08-25,9.096831321716309,9.494070698234532,8.89820902295988,9.216002612572312,18774980169
2003-08-26,8.858481407165527,9.096829153050543,8.540693114307816,9.096829153050543,6921426223
2003-08-27,8.580413818359375,8.858481851684195,8.580413818359375,8.779036079731524,6329884206
2003-08-28,8.65986156463623,8.818758269963242,8.421513896149868,8.739307306803891,3190043
2003-08-29,9.136553764343262,9.136553764343262,8.699588508186356,8.818760281211743,7856064
2003-09-01,8.858481407165527,9.335171677942173,8.779035639199446,9.335171677942173,5013853
2003-09-02,8.739310264587402,8.977658013741577,8.739310264587402,8.898207023692365,3690742
2003-09-03,8.898207664489746,9.136555430808347,8.818761889712768,8.93793316237515,15326007
2003-09-04,8.898207664489746,9.057104435037536,8.818761889712768,8.977658660260557,6254190
2003-09-05,8.97765827178955,9.136555035461742,8.937932775623102,9.057104043128842,8349849
2003-09-08,9.573518753051758,9.573518753051758,8.977658240785928,9.09682950788012,21387938498
2003-09-09,9.295448303222656,9.77213846851024,9.295448303222656,9.77213846851024,24114224
2003-09-10,9.096831321716309,9.374899407378528,9.096831321716309,9.29545257627381,8196123233
2003-09-11,9.096831321716309,9.096831321716309,9.096831321716309,9.096831321716309,0
2003-09-12,8.97765827178955,9.136555035461742,8.937932775623102,9.09682953929529,4075568
2003-09-15,9.136553764343262,9.295449461710444,8.977657022777501,8.977657022777501,3679586
2003-09-16,8.97765827178955,9.176275310634582,8.97765827178955,9.136555035461742,4126022
2003-09-17,9.136553764343262,9.335170775555799,9.057102783063941,9.057102783063941,5883241
2003-09-18,9.374896049499512,9.374896049499512,9.057102573713626,9.215999311606568,9959117
2003-09-19,9.692688941955566,9.931032493829928,9.374896495257813,9.533793240705991,22251976
2003-09-22,9.692688941955566,9.89131117901404,9.613243179727982,9.692688941955566,10628688
2003-09-23,9.454346656799316,9.692689170084758,9.414621164254033,9.573517913442037,5636564
2003-09-24,9.216002464294434,9.652967337732465,9.216002464294434,9.533796048793828,5205437
2003-09-25,8.937933921813965,9.136556207123709,8.937933921813965,9.0571052046021,5249513
2003-09-26,8.937933921813965,9.136556207123709,8.937933921813965,8.937933921813965,3840203
2003-09-29,8.937933921813965,9.0571052046021,8.818762639025831,9.0571052046021,2311720
2003-09-30,9.057106018066406,9.096831522895158,8.937934724574896,9.017380513237654,3572993
2003-10-01,9.057106018066406,9.057106018066406,8.898209219746146,9.017380513237654,2457539
2003-10-02,9.295448303222656,9.33516961211756,9.136552625658574,9.136552625658574,3969168
2003-10-03,8.65986156463623,9.057100717457914,8.65986156463623,8.65986156463623,21534408
2003-10-06,8.699588775634766,8.818760552323809,8.34207031297181,8.659863805873142,22607486
2003-10-07,8.699588775634766,8.818760552323809,8.540692551283403,8.699588775634766,13390140
2003-10-08,8.461244583129883,8.779038189292134,8.38179826998728,8.739312683273127,11456269
2003-10-09,8.540693283081055,8.540693283081055,8.183173745585917,8.461242292551551,10052404
2003-10-10,8.540693283081055,8.540693283081055,8.540693283081055,8.540693283081055,0
2003-10-13,8.461244583129883,8.580415880192,8.421519077110874,8.50097008914889,2922376
2003-10-14,8.381797790527344,8.580415389370637,8.381797790527344,8.540695106618633,2825652
2003-10-15,8.540693283081055,8.580413557352317,8.381796000916188,8.381796000916188,2908848
2003-10-16,9.136553764343262,9.136553764343262,8.580412558366664,8.620138049006323,14171374820
2003-10-17,9.772141456604004,9.772141456604004,9.772141456604004,9.772141456604004,14719831
2003-10-20,10.407724380493164,10.447449878402601,9.970759566470853,10.368004103577562,57697859
2003-10-21,10.765242576599121,10.84468939710709,10.328278798612578,10.606346847185613,47191172
2003-10-22,10.606346130371094,10.844688664184536,10.447449367497605,10.844688664184536,17432902
2003-10-23,10.328278541564941,10.447449813559775,10.08993077658147,10.288553043902061,11549580
2003-10-24,10.209108352661133,10.407725420059336,10.089931847028982,10.328279637298927,15745042
2003-10-27,10.685790061950684,10.685790061950685,10.20910507637627,10.288550833641112,14811259
2003-10-28,10.765242576599121,11.003586170719386,10.646071301638383,10.765242576599121,24342913
2003-10-29,10.725515365600586,11.00358334270786,10.685789877158806,10.884412098375112,10047535
2003-10-30,10.804966926574707,11.16248175764831,10.804966926574707,10.92413818886635,17052375
2003-10-31,10.804966926574707,10.92413818886635,10.725516981916702,10.804966926574707,11280609
2003-11-03,10.844687461853027,10.963862892341842,10.804966147084958,10.884412953415499,7385030
2003-11-04,11.361104965209961,11.361104965209961,10.804967836170674,10.963864606267084,15342973
2003-11-05,11.281659126281738,11.71862502094804,11.241933625058987,11.440555910178471,12985512
2003-11-06,10.526899337768555,11.400828924946872,10.526899337768555,11.20220770988012,23441285
2003-11-07,11.083036422729492,11.122761922452433,10.526900310584619,10.5666216335123,21356895
2003-11-10,11.122760772705078,11.202207587143372,10.844688568581395,11.083035277088518,10996388
2003-11-11,11.122760772705078,11.281657534177787,10.844688568581395,11.043309781471956,21765025
2003-11-12,11.20220947265625,11.361106260873855,11.043311640239763,11.122762644845771,18223442
2003-11-13,11.956963539123535,11.956963539123535,11.400826550023547,11.400826550023547,30985607
2003-11-14,12.314483642578125,12.791173918066864,11.917240180039478,12.115861389209456,30904172
2003-11-17,11.917238235473633,12.314481633193072,11.718621235507241,12.155584900624406,10638360
2003-11-18,11.44055461883545,11.917240739924683,11.083035590173896,11.917240739924683,11998150
2003-11-19,11.003583908081055,11.361102880441507,10.765240362970754,11.321381566752889,11327072
2003-11-20,11.04331111907959,11.400830180945627,11.003586662850159,11.122762119936118,17459205
2003-11-21,10.924138069152832,11.043309330138522,10.566620109401107,10.884413619358492,23215986
2003-11-24,10.725515365600586,11.00358334270786,10.685789877158806,10.844686609933332,14602660
2003-11-25,10.765242576599121,11.043310625172156,10.725518122146351,10.924139350211417,13901002
2003-11-26,10.884411811828613,11.083032983617437,10.884411811828613,10.884411811828613,8189439
2003-11-27,10.804966926574707,10.96386368329469,10.56662022519672,10.884413738636685,8375420
2003-11-28,10.884411811828613,11.202205269011337,10.84468632443266,10.924136255026077,12336625
2003-12-01,10.924138069152832,11.202207129315878,10.804966808167142,10.963863563145836,14155069
2003-12-02,11.6788969039917,11.6788969039917,11.12275985120996,11.202206659066267,32660268
2003-12-03,11.559728622436523,11.798071195730493,11.480277617342235,11.718625411630653,27406971
2003-12-04,11.520002365112305,11.837795922679101,11.520002365112303,11.718624643840078,20451995
2003-12-05,11.003583908081055,11.639170871836145,11.003583908081055,11.599449558147525,11288561
2003-12-08,10.804966926574707,11.083034945586332,10.804966926574707,10.884413738636685,7035758
2003-12-09,10.884411811828613,11.003583053024022,10.80496501383067,10.80496501383067,5661683
2003-12-10,10.64607048034668,10.963864003055072,10.407723772017325,10.804967241700876,7467269
2003-12-11,10.526899337768555,10.765241872092243,10.48717488591546,10.646070604930399,13095805
2003-12-12,10.487174987792969,10.804967473108755,10.487174987792969,10.6063462561125,9032159
2003-12-15,10.804966926574707,10.884413738636685,10.56662022519672,10.606345719625061,9140932
2003-12-16,10.765242576599121,10.84468939710709,10.606346847185613,10.725518122146351,6807126
2003-12-17,10.526899337768555,10.884414183452806,10.407723893811836,10.804967368144055,11388191
2003-12-18,11.122760772705078,11.12276077270508,10.526899222430808,10.526899222430808,15238576
2003-12-19,11.122760772705078,11.480275614472228,11.12276077270508,11.241932038561226,19918317
2003-12-22,11.083036422729492,11.361105523000743,11.083036422729492,11.321384200073062,6251161
2003-12-23,11.083036422729492,11.361105523000743,11.043310923006551,11.202208745103055,7741700
2003-12-24,10.884411811828613,11.2419297122088,10.84468632443266,11.083032983617437,8303750
2003-12-25,10.566620826721191,11.003585627327828,10.526899506826345,11.003585627327828,8063030
2003-12-26,10.64607048034668,10.725517294725718,10.606346028958454,10.64607048034668,2453234
2003-12-29,10.487174987792969,10.725517524432034,10.487174987792969,10.725517524432034,2734056
2003-12-30,10.606346130371094,10.685791901311047,10.526899315232424,10.685791901311047,3491992
2003-12-31,10.765242576599121,10.80496807525068,10.606346847185613,10.646071301638383,3752232
2004-01-01,10.765242576599121,10.765242576599121,10.765242576599121,10.765242576599121,0
2004-01-02,10.924138069152832,11.043309330138522,10.64607005318845,10.765241314174139,9512035
2004-01-05,11.122760772705078,11.162482091526812,10.606346036869102,11.083035277088518,19491864
2004-01-06,11.04331111907959,11.361105724716198,11.04331111907959,11.24193340022674,25293949
2004-01-07,11.241930961608887,11.400827707859635,11.043308723547192,11.083034215358138,21302189
2004-01-08,11.162479400634766,11.440551537724767,11.162479400634766,11.400826051684662,7550120
2004-01-09,11.162479400634766,11.440551537724767,11.162479400634766,11.400826051684662,10431128
2004-01-12,11.639171600341797,11.71862258628052,11.241931289429116,11.281656782398477,24695932
2004-01-13,11.559728622436523,11.996692443272877,11.559728622436523,11.758349869978908,24119457
2004-01-14,11.40082836151123,11.599450610960671,11.40082836151123,11.520000666982229,12223564
2004-01-15,11.122760772705078,11.639172375944936,11.12276077270508,11.400828800033935,18852158
2004-01-16,10.963863372802734,11.24193138393959,10.963863372802734,11.162481441531575,10229952
2004-01-19,10.963863372802734,10.963863372802734,10.963863372802734,10.963863372802734,0
2004-01-20,10.963863372802734,10.963863372802734,10.963863372802734,10.963863372802734,0
2004-01-21,10.963863372802734,10.963863372802734,10.963863372802734,10.963863372802734,0
2004-01-22,10.963863372802734,10.963863372802734,10.963863372802734,10.963863372802734,0
2004-01-23,10.963863372802734,10.963863372802734,10.963863372802734,10.963863372802734,0
2004-01-26,10.963863372802734,10.963863372802734,10.963863372802734,10.963863372802734,0
2004-01-27,10.804966926574707,11.281657196734656,10.487174457333419,11.281657196734656,23173700
2004-01-28,10.844687461853027,10.92413740077937,10.606344954464202,10.765240655522486,18631087
2004-01-29,11.44055461883545,11.440554618835451,10.725517605711078,10.76524205825111,32415358
2004-01-30,11.44055461883545,11.837794967440827,11.440554618835451,11.837794967440827,47177669
2004-02-02,11.162479400634766,11.599448260892908,11.083032605348377,11.480272846971049,14265373
2004-02-03,10.804966926574707,11.083034945586332,10.804966926574707,11.083034945586332,12090194
2004-02-04,11.003583908081055,11.083033844848298,10.804965853453663,10.804965853453663,7605116
2004-02-05,10.884411811828613,11.083032983617437,10.84468632443266,11.003583053024022,9439328
2004-02-06,10.884411811828613,11.083032983617437,10.884411811828613,11.083032983617437,5280147
2004-02-09,10.884411811828613,11.083032983617437,10.84468632443266,11.083032983617437,6620419
2004-02-10,11.003583908081055,11.003583908081055,10.88441265762519,10.924137103909526,4137966
2004-02-11,10.884411811828613,11.043307496221484,10.884411811828613,11.003583053024022,4141748
2004-02-12,10.884411811828613,11.202205269011337,10.884411811828613,10.963861742422031,6653163
2004-02-13,11.083036422729492,11.083036422729492,10.844689689584737,11.043310923006551,7544779
2004-02-16,10.804966926574707,11.083034945586332,10.804966926574707,11.083034945586332,6961300
2004-02-17,10.725515365600586,10.963862031060154,10.685789877158806,10.844686609933332,9278056
2004-02-18,10.765242576599121,10.884414895758647,10.725518122146351,10.84468939710709,6548806
2004-02-19,11.083036422729492,11.202208745103055,10.804968366657056,10.804968366657056,19337579
2004-02-20,10.844687461853027,11.122759637598728,10.765240655522486,11.083034146036255,16375940
2004-02-23,11.321383476257324,11.321383476257324,10.884414493428897,10.884414493428897,18443967
2004-02-24,11.04331111907959,11.321384401083268,11.04331111907959,11.321384401083268,8724596
2004-02-25,11.083036422729492,11.24193320062718,11.043310923006551,11.043310923006551,6186832
2004-02-26,11.241930961608887,11.480274514687098,11.122759707169084,11.122759707169084,20318945
2004-02-27,11.321383476257324,11.599451514551896,11.321383476257324,11.400829249629885,12410475
2004-03-01,11.44055461883545,11.520001435518042,11.241932356135289,11.400829122096681,11327237
2004-03-02,11.40082836151123,11.599450610960671,11.202207156260457,11.599450610960671,11278677
2004-03-03,11.162479400634766,11.480272846971049,11.162479400634766,11.400826051684662,6178350
2004-03-04,11.20220947265625,11.480277546788455,11.20220947265625,11.20220947265625,12156679
2004-03-05,11.559728622436523,11.877521156625892,11.281659502396518,11.321385004943663,32229411
2004-03-08,11.40082836151123,12.076140877043331,11.361103911621342,11.877518627593888,31372749
2004-03-09,11.162479400634766,11.32138030059673,11.083032605348377,11.20220488667487,11278124
2004-03-10,11.04331111907959,11.24193340022674,11.04331111907959,11.122762119936118,6246961
2004-03-11,10.924138069152832,11.083034824131525,10.884413619358492,10.963863563145836,6995509
2004-03-12,10.64607048034668,11.00358532184718,10.606346028958454,10.804967241700876,17140961
2004-03-15,9.931035041809082,10.76524343049228,9.931035041809082,10.685793471086026,17132395
2004-03-16,9.652966499328613,10.050211055947642,9.613245176263167,9.931034556365477,14087837
2004-03-17,9.652966499328613,9.89131323330003,9.652966499328613,9.89131323330003,8304337
2004-03-18,9.970760345458984,10.010485846472067,9.652966779342812,9.652966779342812,9538312
2004-03-19,9.970760345458984,10.12965712851707,9.85158906341398,10.010485846472067,8964536
2004-03-22,9.295448303222656,9.295448303222656,9.295448303222656,9.295448303222656,377198
2004-03-23,8.65986156463623,8.818758269963242,8.65986156463623,8.65986156463623,16422668
2004-03-24,8.65986156463623,8.858478530551226,8.302342672402533,8.739307306803891,10816596
2004-03-25,8.342071533203125,8.898207616632396,8.342071533203125,8.779036344610953,12000675
2004-03-26,8.580413818359375,8.620139314832535,8.342071281507717,8.500968046406706,13341406
2004-03-29,9.176274299621582,9.176274299621582,8.779035044704482,8.818760536494102,8662411
2004-03-30,9.136553764343262,9.295449461710444,8.937931532137842,9.295449461710444,5678015
2004-03-31,8.97765827178955,9.25572630296748,8.898207279456653,9.25572630296748,7184495
2004-04-01,9.454346656799316,9.454346656799316,8.97765745343393,8.97765745343393,10811872
2004-04-02,9.533793449401855,9.613243390163015,9.45434664123657,9.533793449401855,9884458
2004-04-05,9.891311645507812,10.010483949164696,9.613243633107519,9.851587196222635,9304622
2004-04-06,9.772141456604004,10.209107314015348,9.732415958768179,9.93103405015841,8527555
2004-04-07,9.533793449401855,9.772140139089462,9.533793449401855,9.613243390163015,6409910
2004-04-08,9.652966499328613,9.772141954711959,9.573519676402446,9.613245176263167,4583311
2004-04-09,9.573518753051758,9.77214101220447,9.533794301221214,9.732415516175209,2976376
2004-04-12,10.169382095336914,10.209107594263234,9.652966272276673,9.652966272276673,15297555
2004-04-13,10.725515365600586,10.725515365600584,9.97075719016973,10.209104899827816,37249540
2004-04-14,10.924138069152832,11.043309330138522,10.447448848415418,10.566620109401107,44851919
2004-04-15,10.169382095336914,10.924139425768335,10.169382095336914,10.924139425768335,19849167
2004-04-16,10.288554191589355,10.407725476877735,9.970760616824085,9.970760616824085,9020946
2004-04-19,9.811861038208008,10.407722516136339,9.732414233415671,10.328276755542582,7181166
2004-04-20,9.891311645507812,10.129655208622928,9.851587196222635,10.129655208622928,4669925
2004-04-21,9.970760345458984,10.010485846472067,9.811863562400898,9.891313520228215,4307758
2004-04-22,10.129654884338379,10.526898320274402,9.97075813648314,10.050209120907304,21102257
2004-04-23,10.169382095336914,10.328278870048221,10.010485320625607,10.328278870048221,9764617
2004-04-26,10.089930534362793,10.407724066049273,10.050210258647242,10.328278293624491,6616028
2004-04-27,9.652966499328613,10.248833334257156,9.414622897953652,10.248833334257156,11479927
2004-04-28,9.494068145751953,9.772140333450102,9.494068145751953,9.573518088093314,6933912
2004-04-29,9.057106018066406,9.45434958016548,8.858483714917394,9.335174109878174,9221054
2004-04-30,8.500967979431152,8.977658270372476,8.461242483270974,8.858481781891939,9308698
2004-05-03,8.143448829650879,8.500967847559233,7.984551546369316,8.500967847559233,4919824
2004-05-04,8.461244583129883,8.50097008914889,8.183175960887148,8.461244583129883,3526429
2004-05-05,7.905106067657471,8.540693657913446,7.905106067657471,8.500968160905227,6666303
2004-05-06,7.9845499992370605,8.183172217477022,7.5873107837496505,7.944825555589068,8107839
2004-05-07,7.9845499992370605,8.103721763883284,7.7462075141431175,7.7462075141431175,5033461
2004-05-10,7.746210098266602,8.103724467272997,7.666759618168307,7.865381380568924,7532319
2004-05-11,7.9845499992370605,8.143447251729778,7.785928825195601,7.865378756690089,13407104
2004-05-12,8.143448829650879,8.302345590833088,8.02427704191325,8.103723334106945,13851955
2004-05-13,8.342071533203125,8.461242805224568,8.06400296938911,8.143449265838184,21814731
2004-05-14,8.222898483276367,8.500967004623593,8.103722530561122,8.421516021413895,13185256
2004-05-17,7.666757583618164,7.90510478386674,7.666757583618164,7.90510478386674,8949687
2004-05-18,7.706483364105225,7.865380122082408,7.507861633484733,7.706483364105225,4483981
2004-05-19,8.222898483276367,8.222898483276367,7.865379500818744,7.865379500818744,5720809
2004-05-20,8.342071533203125,8.540693800568068,7.98455197404561,7.98455197404561,12075846
2004-05-21,8.65986156463623,8.739307306803891,8.381793113462715,8.620136083056556,8552925
2004-05-24,8.739310264587402,8.898207023692365,8.500967736426684,8.500967736426684,6448684
2004-05-25,8.620137214660645,8.93793066703284,8.620137214660645,8.898205180238222,5419901
2004-05-26,8.580413818359375,8.937932844630513,8.540693542879865,8.898207348157353,8017578
2004-05-27,8.540693283081055,8.659864547881822,8.500967787816304,8.659864547881822,2234240
2004-05-28,8.580413818359375,8.699589785679489,8.540693542879865,8.659864811305695,3294571317
2004-05-31,8.064002990722656,8.580414099945736,8.064002990722656,8.580414099945736,5689219
2004-06-01,8.262619972229004,8.262619972229004,7.984551427450607,8.103723213413339,4076800
2004-06-02,8.381797790527344,8.381797790527344,8.10372500739515,8.14345051114176,5777963
2004-06-03,7.9845499992370605,8.500966200363209,7.9845499992370605,8.500966200363209,10690388
2004-06-04,7.905106067657471,7.9845518406801865,7.666758828701258,7.746209300618321,7908730
2004-06-07,8.262619972229004,8.262619972229004,8.024276922402885,8.064002417355164,4214402
2004-06-08,8.461244583129883,8.461244583129883,8.262622274029749,8.421519077110874,10979501
2004-06-09,8.381797790527344,8.461244099125416,8.302347305133589,8.461244099125416,5855470
2004-06-10,8.342071533203125,8.461242805224568,8.103723768166434,8.342071533203125,11744558
2004-06-11,7.9845499992370605,8.342069469969742,7.944825555589068,8.143447251729778,5836726
2004-06-14,7.9845499992370605,8.143447251729778,7.666757060549378,7.944825555589068,3173184
2004-06-15,7.944825649261475,8.024275581692706,7.746207605473744,7.865378849425789,5168837
2004-06-16,7.905106067657471,8.143449129818709,7.825655073641037,8.024277337688405,7346068
2004-06-17,7.944825649261475,8.103721859429134,7.587310873206826,7.944825649261475,6862886
2004-06-18,7.746210098266602,7.865381380568924,7.627034117069447,7.865381380568924,2351324
2004-06-21,7.468135356903076,7.865379298655938,7.468135356903075,7.785929361686933,2321239
2004-06-22,7.468135356903076,7.468135356903075,7.468135356903075,7.468135356903075,0
2004-06-23,7.627032279968262,7.7064827409295535,7.507861026370373,7.547586517900669,4755793
2004-06-24,7.825654983520508,7.865380480071245,7.547587471752032,7.666758740410584,8750097
2004-06-25,7.905106067657471,7.905106067657471,7.706483803610103,7.785930620831563,4169652
2004-06-28,7.825654983520508,7.905105976621982,7.746209211412692,7.905105976621982,1659400
2004-06-29,7.944825649261475,7.984550093377833,7.746207605473744,7.825653361110915,2859671
2004-06-30,8.103721618652344,8.183172070822211,8.024275343276415,8.024275343276415,5241196
2004-07-01,7.9845499992370605,8.103721763883284,7.5873107837496505,8.064000974930051,18999696
2004-07-02,7.746210098266602,7.746210098266601,7.627034117069447,7.666759618168307,6684584
2004-07-05,7.229794025421143,7.587312534449289,7.229794025421142,7.547587559535888,8081473
2004-07-06,7.150346279144287,7.1900665442019385,6.832548133836346,7.031169820994494,8984058
2004-07-07,7.070896625518799,7.150347612433484,6.911999872682679,6.951725366140022,7502683
2004-07-08,6.7531023025512695,7.22979250336812,6.633931057595212,7.031170281112944,28150880
2004-07-09,7.190067768096924,7.190067768096925,6.59420678198871,6.713378039431583,48266605
2004-07-12,7.309244632720947,7.4284158964603,7.110622379159731,7.150347874070664,25574938
2004-07-13,7.348964691162109,7.388690184908264,7.110622170671759,7.309244418409244,7689320
2004-07-14,7.110622882843018,7.388690924929695,7.110622882843018,7.309245150473707,7579463
2004-07-15,7.229794025421143,7.229794025421142,6.991451485331942,7.031171761350996,14924749
2004-07-16,7.190067768096924,7.309244246532964,6.991450746023192,7.309244246532964,8383590
2004-07-19,7.229794025421143,7.269519522433915,6.991451485331942,7.110622755376542,6451783
2004-07-20,7.110622882843018,7.229794155023906,6.991451610662129,7.150348380567918,7321372
2004-07-21,7.348964691162109,7.428415678654419,7.070896676925604,7.070896676925604,7427538
2004-07-22,7.468135356903076,7.587311306555158,7.190067364802295,7.309243836553665,13460538
2004-07-23,7.587314605712891,7.746211416147558,7.468138604240046,7.587314605712891,9282492
2004-07-26,7.547586917877197,7.587311889413376,7.4681359306061825,7.4681359306061825,2814195
2004-07-27,7.666757583618164,7.785929356394947,7.468135351827089,7.785929356394947,18038690
2004-07-28,8.074124336242676,8.341773093768905,8.074124336242676,8.252555070260117,18769514
2004-07-29,7.9402947425842285,8.118730200809162,7.940294742584228,8.118730200809162,3498726
2004-07-30,8.118731498718262,8.3417717395822,8.029513489692947,8.074123025505532,11082618
2004-08-02,8.02951431274414,8.297163054255671,7.984905834958898,8.118732330914591,9759985
2004-08-03,7.9402947425842285,8.163339198190357,7.940294742584228,8.029512206046775,2447817
2004-08-04,7.628037452697754,7.8956861559190346,7.4496019731841,7.806468681812161,3984668
2004-08-05,8.118731498718262,8.118731498718262,7.628037762078306,7.806468998429588,9048744
2004-08-06,8.564810752868652,8.609425069521212,8.163340345986516,8.163340345986516,20711786
2004-08-09,8.743245124816895,8.787853586078688,8.341769504760538,8.386377966022332,16623346
2004-08-10,8.65402889251709,8.787855366007818,8.475598199128525,8.743246895710836,8797019926
2004-08-11,8.38637924194336,8.743246455032436,8.38637924194336,8.743246455032436,7076334
2004-08-12,8.430989265441895,8.564810966744608,8.297162251139875,8.386380260674555,4419326
2004-08-13,8.743245124816895,8.87707210250163,8.386377966022332,8.430986958583912,10146509
2004-08-16,8.698637962341309,8.83246497635555,8.654029488969824,8.743247498312652,4380423967
2004-08-17,8.78785514831543,8.966285837283916,8.698637147331787,8.698637147331787,13702335
2004-08-18,9.100110054016113,9.18932802769798,8.654026029903664,8.877070964108333,15592875
2004-08-19,9.456979751586914,9.501589815725193,8.966286047662399,9.278549058431858,20275311
2004-08-20,9.32315731048584,9.54619698724933,9.144721318676254,9.456978991344537,22322816
2004-08-23,9.233940124511719,9.367767130107191,9.010895115185932,9.367767130107191,8255678
2004-08-24,9.233940124511719,9.233940124511719,9.233940124511719,9.233940124511719,0
2004-08-25,9.233940124511719,9.233940124511719,9.233940124511719,9.233940124511719,0
2004-08-26,9.233940124511719,9.635415828299177,9.144722120781404,9.367767130107191,29349792
2004-08-27,9.278548240661621,9.59080591091115,9.100112250234204,9.233939243054767,14587426
2004-08-30,9.412372589111328,9.546199619874981,9.278550871347633,9.278550871347633,12711818
2004-08-31,9.367769241333008,9.635417999845327,9.323160229414261,9.367769241333008,10596801
2004-09-01,9.59080696105957,9.590806961059569,9.367767261601948,9.367767261601948,7143198
2004-09-02,9.412372589111328,9.590808630129533,9.367768891856736,9.590808630129533,4307155
2004-09-03,8.78785514831543,9.501589592786729,8.78785514831543,9.45697952969515,9300722
2004-09-06,9.055502891540527,9.100111887368605,8.787854229570303,8.787854229570303,4785363
2004-09-07,9.278548240661621,9.412369920483732,9.05550325262735,9.05550325262735,7116969
2004-09-08,9.680024147033691,9.903063827620349,9.323157470295891,9.412370154731404,25485863
2004-09-09,10.126110076904297,10.215322772402722,9.769243355912872,9.813847047162461,17582243
2004-09-10,10.126110076904297,10.43836779364689,10.036892068406631,10.393758789398056,14957281
2004-09-13,10.036890983581543,10.259930667719496,9.992281984154218,10.17071373146458,11074076
2004-09-14,9.903064727783203,10.21532243418737,9.903064727783203,10.170714494015291,9986692
2004-09-15,9.59080696105957,10.036891672973846,9.590806961059569,9.947673667991184,7734544
2004-09-16,9.680024147033691,9.813845830186251,9.412370154731404,9.546197150882548,6199056
2004-09-17,9.813846588134766,10.036891598946344,9.813846588134766,9.813846588134766,8060498
2004-09-20,9.546197891235352,9.947673597826538,9.501589951658463,9.903064595649852,3242269
2004-09-21,9.59080696105957,9.903064665499853,9.501590018676714,9.590806961059569,8733327
2004-09-22,9.813846588134766,9.813846588134766,9.635415892484497,9.724633896809129,6357915
2004-09-23,10.170713424682617,10.215321360164687,9.724633007262222,9.813845690427254,18394070
2004-09-24,10.170713424682617,10.527584346737086,10.126108676999653,10.259930358246459,17594399
2004-09-27,9.813846588134766,10.259931296758927,9.813846588134766,10.259931296758927,4985926
2004-09-28,9.813846588134766,9.813846588134766,9.813846588134766,9.813846588134766,0
2004-09-29,9.546197891235352,9.947673597826538,9.501589951658463,9.813846591296478,5451936
2004-09-30,9.412372589111328,9.724635660893187,9.367768891856736,9.590808630129533,6745304
2004-10-01,9.769242286682129,9.769242286682129,9.412370291750632,9.412370291750632,8116811
2004-10-04,9.858455657958984,9.992282665364431,9.724633963552568,9.94767366289595,5795156
2004-10-05,10.126110076904297,10.170714830753736,9.813847047162461,9.813847047162461,9461207
2004-10-06,9.813846588134766,10.170714355034095,9.813846588134766,10.126109603270974,7674560
2004-10-07,9.724634170532227,9.99228287804074,9.590807160278398,9.947673874622796,7214160
2004-10-08,9.635416984558105,9.724634998994665,9.546198970121548,9.635416984558105,4869018
2004-10-11,9.546197891235352,9.903064595649852,9.323158193350912,9.769242902118787,11526874
2004-10-12,8.921683311462402,9.501590829966641,8.921683311462402,9.367768061465465,16728555
2004-10-13,9.233940124511719,9.233940124511719,8.832464420724262,8.966286113320775,9058184
2004-10-14,8.921683311462402,9.2339410425647,8.921683311462402,9.14472302996419,3337253
2004-10-15,8.877073287963867,9.055503437740466,8.832463758145256,8.921681755182764,5640964
2004-10-18,8.78785514831543,9.055503838267558,8.698637147331787,8.87707368059895,3370857
2004-10-19,8.877073287963867,9.010894439221712,8.787854759626502,8.787854759626502,6493897
2004-10-20,9.010896682739258,9.144723711615542,8.832465957237426,8.921683976488284,4012967
2004-10-21,9.367769241333008,9.501592026689119,9.144724181739278,9.144724181739278,15700222
2004-10-22,9.233940124511719,9.54619782456886,9.233940124511719,9.501589885303495,5219779
2004-10-25,9.233940124511719,9.233940124511719,9.233940124511719,9.233940124511719,0
2004-10-26,8.921683311462402,9.100114023663934,8.877074836462096,9.100114023663934,4472360
2004-10-27,9.189330101013184,9.23393909791889,8.966285116484656,9.010894113390362,5998037
2004-10-28,9.501588821411133,9.54619675568175,9.278548087458372,9.501588821411133,11655487
2004-10-29,9.635416984558105,9.724634998994665,9.367768254248027,9.456980955684989,14123734
2004-11-01,9.680024147033691,9.8584548289033,9.45697915344845,9.72463314575074,5974617
2004-11-02,9.724634170532227,9.76924317395017,9.546198156860456,9.724634170532227,6733045
2004-11-03,9.724634170532227,10.036891881458683,9.680025167114284,9.680025167114284,11440249
2004-11-04,9.724634170532227,9.85845586778691,9.635416163696341,9.724634170532227,6672759
2004-11-05,9.724634170532227,9.947673874622796,9.635416163696341,9.85845586778691,7041762
2004-11-08,9.59080696105957,9.724633968533563,9.501590018676714,9.724633968533563,2200950
2004-11-09,9.635416984558105,9.724634998994665,9.546198970121548,9.590807977339827,2813416
2004-11-10,10.036890983581543,10.17071373146458,9.680024301161616,9.724633300588941,25439286
2004-11-11,9.947671890258789,10.126107868336108,9.85845390122013,10.126107868336108,10526077
2004-11-12,10.036890983581543,10.126108982436191,9.858454985872244,10.036890983581543,10288533
2004-11-15,9.769242286682129,10.126108968614965,9.769242286682129,10.081499969248528,7314692
2004-11-16,9.456979751586914,9.769242762356376,9.456979751586914,9.769242762356376,6309803
2004-11-17,9.724634170532227,9.76924317395017,9.36776745618783,9.36776745618783,7867948
2004-11-18,9.546197891235352,9.769242902118787,9.501589951658463,9.7246338999421,6859271
2004-11-19,9.546197891235352,9.635415895588725,9.456979886881976,9.590806893412038,6319317
2004-11-22,9.367769241333008,9.59080898792658,9.323160229414261,9.456981952170342,3939609
2004-11-23,9.412372589111328,9.456981599365879,9.278550871347633,9.412372589111328,2059356
2004-11-24,9.59080696105957,9.590806961059569,9.412370951094244,9.412370951094244,3257399
2004-11-25,9.501588821411133,9.59080575255204,9.45697876194117,9.59080575255204,1951076
2004-11-26,9.144722938537598,9.59080768408082,9.100113932683332,9.501590734972176,7541886
2004-11-29,8.96628475189209,9.14472073225924,8.921681069798456,9.14472073225924,3511165
2004-11-30,9.010896682739258,9.100114701990114,8.832465957237426,8.966287673113829,3567732
2004-12-01,9.055502891540527,9.100111887368605,8.921681217054536,8.966284899884373,2723973
2004-12-02,9.233940124511719,9.323158128242033,9.144722120781404,9.233940124511719,3015021
2004-12-03,9.367769241333008,9.367769241333008,9.233942205576769,9.278551217495515,3248072
2004-12-06,9.367769241333008,9.456981952170342,9.323160229414261,9.367769241333008,2230706
2004-12-07,9.233940124511719,9.367767130107191,9.233940124511719,9.278549126376877,2250385
2004-12-08,9.367769241333008,9.501592026689119,9.144724181739278,9.144724181739278,4478174
2004-12-09,9.456979751586914,9.456979751586914,9.323158059970353,9.367767061508847,3398462
2004-12-10,9.456979751586914,9.501589815725193,9.367767061508847,9.367767061508847,1928391
2004-12-13,9.546197891235352,9.7246338999421,9.456979886881976,9.546197891235352,3367575
2004-12-14,9.456979751586914,9.635415757740892,9.323158059970353,9.635415757740892,1624457
2004-12-15,9.59080696105957,9.590806961059569,9.456979953585575,9.456979953585575,5317381
2004-12-16,10.259931564331055,10.259931564331053,9.501590196392444,9.680025147095371,24221723
2004-12-17,10.259931564331055,10.438367577633807,10.170714620279503,10.34914957098243,17219508
2004-12-20,10.036890983581543,10.17071373146458,10.036890983581543,10.036890983581543,3642051
2004-12-21,10.259931564331055,10.34914957098243,10.081500864027433,10.126109867353122,6341489
2004-12-22,10.081500053405762,10.39375773857879,10.081500053405762,10.349148738839972,3900145
2004-12-23,9.947671890258789,10.17071261245697,9.90306289573946,10.081498873816779,2752691
2004-12-24,10.036890983581543,10.036890983581543,9.858454985872244,9.947672984726895,3151144
2004-12-27,10.036890983581543,10.036890983581543,9.858454985872244,9.992281984154218,2230903
2004-12-28,9.813846588134766,10.08150060110866,9.769242898971445,10.036891598946344,2247545
2004-12-29,10.036890983581543,10.081499983008866,9.90306398529957,9.90306398529957,3374914
2004-12-30,10.036890983581543,10.17071373146458,9.947672984726895,10.081499983008866,2659507
2004-12-31,10.304540634155273,10.304540634155272,9.947673918245922,10.081500929086616,2851102
2005-01-03,9.947671890258789,10.304538533415343,9.90306289573946,10.259929538896012,5495100
2005-01-04,9.99228286743164,10.081500874172802,9.903064860690481,9.947673864061061,3662002
2005-01-05,9.769242286682129,10.126108968614965,9.724633287315692,9.992281970515654,5721670
2005-01-06,9.59080696105957,9.858455663008522,9.590806961059569,9.769242971024894,6923820
2005-01-07,9.501588821411133,9.724632743162912,9.45697876194117,9.724632743162912,2466885
2005-01-10,9.59080696105957,9.635415963550901,9.456979953585575,9.501590018676714,1415221
2005-01-11,9.412372589111328,9.680026650638636,9.412372589111328,9.680026650638636,3472901
2005-01-12,9.412372589111328,9.546199619874981,9.367768891856736,9.412372589111328,3218497
2005-01-13,9.367769241333008,9.546199976007834,9.278551217495515,9.456981952170342,3450201
2005-01-14,9.233940124511719,9.367767130107191,9.233940124511719,9.278549126376877,4886010
2005-01-17,9.456979751586914,9.546197754663904,9.233940056893363,9.367767061508847,8402908
2005-01-18,9.189330101013184,9.412369772543343,9.189330101013184,9.412369772543343,10413765
2005-01-19,9.233940124511719,9.323158128242033,9.233940124511719,9.278549126376877,5709833
2005-01-20,9.412372589111328,9.456981599365879,9.100114830329428,9.100114830329428,2392617
2005-01-21,9.59080696105957,9.590806961059569,9.323158259110617,9.412370951094244,3063253
2005-01-24,9.367769241333008,9.680027011764071,9.278551217495515,9.546199976007834,3887275
2005-01-25,9.501588821411133,9.501588821411133,9.278548087458372,9.278548087458372,2369688
2005-01-26,9.59080696105957,9.590806961059569,9.367767261601948,9.546197958568237,5015764
2005-01-27,9.680024147033691,9.8584548289033,9.45697915344845,9.635415148316644,12260979
2005-01-28,9.635416984558105,9.724634998994665,9.456980955684989,9.590807977339827,7494374
2005-01-31,9.769242286682129,9.813845973049904,9.590806289216381,9.724633287315692,6406286
2005-02-01,10.126110076904297,10.215322772402722,9.813847047162461,9.813847047162461,20671517
2005-02-02,10.126110076904297,10.393758789398056,10.126110076904299,10.259931776651555,19701203
2005-02-03,10.170713424682617,10.259930358246459,10.081499678917883,10.215321360164687,5316901
2005-02-04,10.170713424682617,10.170713424682617,10.170713424682617,10.170713424682617,0
2005-02-07,10.170713424682617,10.170713424682617,10.170713424682617,10.170713424682617,0
2005-02-08,10.170713424682617,10.170713424682617,10.170713424682617,10.170713424682617,0
2005-02-09,10.170713424682617,10.170713424682617,10.170713424682617,10.170713424682617,0
2005-02-10,10.170713424682617,10.170713424682617,10.170713424682617,10.170713424682617,0
2005-02-11,10.170713424682617,10.170713424682617,10.170713424682617,10.170713424682617,0
2005-02-14,10.616798400878906,10.839843420090187,10.349149690824563,10.349149690824563,19647481
2005-02-15,10.482975959777832,10.750624650872975,10.304539957048522,10.616797648825994,5271057
2005-02-16,10.482975959777832,10.706015650190649,10.304539957048522,10.572188648143667,9091728
2005-02-17,10.393756866455078,10.527583854442327,10.304538874463582,10.438365862450828,4268603
2005-02-18,10.706014633178711,10.795232626068152,10.304538978174543,10.304538978174543,11308816
2005-02-21,11.107492446899414,11.241319462242558,10.661407708754945,10.661407708754945,25638981
2005-02-22,10.839841842651367,11.196708508458162,10.750623847950063,11.196708508458162,9367218
2005-02-23,10.839841842651367,10.839841842651367,10.572187858547455,10.706014850599411,11906828
2005-02-24,10.572187423706055,10.884450392317026,10.393756754640846,10.839841396801173,11908258
2005-02-25,10.43836498260498,10.795231607492559,10.304538005897959,10.616795638549863,19245252
2005-02-28,10.43836498260498,10.43836498260498,10.43836498260498,10.43836498260498,0
2005-03-01,10.349149703979492,10.460669557227291,10.304540700080533,10.438367711777412,10838328
2005-03-02,10.59449577331543,10.683713774413395,10.349148926795424,10.349148926795424,16929466
2005-03-03,10.706014633178711,10.750623629623432,10.371449816342466,10.594494798566068,8746716
2005-03-04,10.772926330566406,10.862144330571635,10.616797487056624,10.706015487061853,11062373
2005-03-07,10.884451866149902,11.085189716653485,10.862144708872325,10.929060867706134,13150465
2005-03-08,11.062883377075195,11.553577117463844,10.884452670660707,11.018274372221745,30139571
2005-03-09,11.26362133026123,11.464359197167662,11.152101473757515,11.152101473757515,15858393
2005-03-10,11.26362133026123,11.44205735106666,11.085190622455158,11.330537494562945,7044186
2005-03-11,11.062883377075195,11.375146411049354,11.062883377075195,11.375146411049354,5334213
2005-03-14,11.3082275390625,11.39744552740259,11.062880727626277,11.062880727626277,13308829
2005-03-15,10.839841842651367,11.419748182213,10.572187858547455,11.37514449786077,9044064
2005-03-16,10.772926330566406,10.929060487074926,10.750624487064467,10.839842487069697,4532123
2005-03-17,10.772926330566406,10.839842487069697,10.616797487056624,10.661406487059239,5637792
2005-03-18,10.661406517028809,10.750624517284832,10.527584829643525,10.616797516900796,7179074
2005-03-21,10.750626564025879,10.839844581267535,10.661408546784225,10.661408546784225,4250243
2005-03-22,10.59449577331543,10.81753546306154,10.549886772766445,10.706015618188484,4191263
2005-03-23,11.018272399902344,11.152099390507075,10.52758406034839,10.52758406034839,6103907
2005-03-24,11.018272399902344,11.308228223046745,10.906752564230915,11.10749039363883,12129514
2005-03-25,11.196711540222168,11.330538568510832,11.018275502503949,11.018275502503949,9663693
2005-03-28,11.241316795349121,11.508965449539014,11.241316795349121,11.352836625178403,10645379
2005-03-29,10.929061889648438,11.330537628196339,10.929061889648438,11.241319616741379,10410591
2005-03-30,11.419750213623047,11.553577229480913,10.929061781476271,10.929061781476271,13550852
2005-03-31,11.821226119995117,11.999662143732149,11.620488249790679,11.687404415191788,23711707
2005-04-01,11.77661418914795,12.044268158277298,11.575881681798126,11.865832178857733,12828504
2005-04-04,11.910444259643555,12.13348929170776,11.687404540578854,11.821226246817874,19217393
2005-04-05,11.910444259643555,11.910444259643555,11.910444259643555,11.910444259643555,0
2005-04-06,11.95505428314209,12.311921051806037,11.910445272934103,11.95505428314209,9812471
2005-04-07,11.888137817382812,12.088875612142369,11.553573055117738,12.088875612142369,12583816
2005-04-08,11.910444259643555,11.977355112763066,11.843533406524045,11.910444259643555,4686062
2005-04-11,11.910444259643555,11.999662272469237,11.732008233992193,11.910444259643555,3299637
2005-04-12,11.821226119995117,11.93274597833104,11.732008108126601,11.910444131863633,2502874
2005-04-13,11.77661418914795,11.910441173712623,11.687401512436292,11.865832178857733,5459464
2005-04-14,11.598182678222656,11.776613331651944,11.598182678222656,11.754311492347435,6009939
2005-04-15,11.709707260131836,11.77661811823891,11.464360363072707,11.464360363072707,11480694
2005-04-18,11.062883377075195,11.598186122317294,10.97367068036761,11.598186122317294,10583672
2005-04-19,11.598182678222656,11.798920483954191,11.06288009193932,11.152098075152834,6063970
2005-04-20,11.196711540222168,11.732009027377103,11.152102530792613,11.732009027377103,3988766
2005-04-21,11.285927772521973,11.308229617206443,11.107491763050126,11.152100765418087,4784565
2005-04-22,11.598182678222656,11.598182678222656,11.330534041579858,11.419746711795632,7370506
2005-04-25,11.732007026672363,11.798923185905153,11.531274487970856,11.665096180438528,7380330591
2005-04-26,11.77661418914795,12.044268158277298,11.776614189147951,11.865832178857733,10491231
2005-04-27,11.553576469421387,11.776616168178984,11.464358464718739,11.73200716582766,6481805
2005-04-28,11.687402725219727,11.687402725219727,11.486664884041527,11.598184726251931,6739814
2005-04-29,10.929061889648438,11.62048819592583,10.884452883920957,11.62048819592583,14777027
2005-05-02,10.929061889648438,10.929061889648438,10.929061889648438,10.929061889648438,0
2005-05-03,11.17440414428711,11.687405085451383,11.174404144287111,11.598187068466315,22043175
2005-05-04,10.884451866149902,11.308229411435722,10.750624861481207,11.241318565600835,9991256
2005-05-05,11.129798889160156,11.219011580643977,10.973670037814712,11.018273727057121,14176380
2005-05-06,11.642793655395508,11.642793655395506,11.018272979392684,11.129798133927983,15573561
2005-05-09,11.598182678222656,11.68740066143617,11.442053864097879,11.642791669829412,8174667
2005-05-10,11.419750213623047,11.665097086196118,11.419750213623047,11.598186234766867,4596008226
2005-05-11,11.375144004821777,11.553574673492147,11.375144004821776,11.419747687240726,3522819
2005-05-12,11.397449493408203,11.575885532179319,11.33053863536898,11.464360351447425,4885195
2005-05-13,11.687402725219727,11.709704568462337,11.419748728316343,11.419748728316343,11077409
2005-05-16,11.464359283447266,11.66509715186443,11.397448431641344,11.66509715186443,5733088
2005-05-17,11.531277656555176,11.642797535254845,11.464361478935045,11.620490371714663,6047636
2005-05-18,11.709707260131836,11.77661811823891,11.508969372810721,11.531276534179677,9004456
2005-05-19,11.910444259643555,11.999662272469237,11.754315393698363,11.910444259643555,11510270
2005-05-20,11.77661418914795,12.133486147987082,11.776614189147951,11.955050168567515,5744256
2005-05-23,11.709707260131836,11.84353428934588,11.687405411762779,11.798925279607866,5188492
2005-05-24,12.021964073181152,12.044271232801977,11.77661719534895,11.77661719534895,7832835
2005-05-25,11.99966049194336,12.155789334721943,11.821224492768572,12.044269491737056,9036884
2005-05-26,11.99966049194336,12.021962335340852,11.932744335753458,11.99966049194336,5899819
2005-05-27,12.222701072692871,12.356528081870954,12.04427037345453,12.04427037345453,19606935292
2005-05-30,12.044271469116211,12.26731119170373,12.044271469116211,12.26731119170373,4708695
2005-05-31,11.9773530960083,12.155789091614492,11.932744097106754,12.044269250859927,5343393
2005-06-01,11.932746887207031,12.267311800696895,11.932746887207031,12.066573915202946,8356951
2005-06-02,12.133490562438965,12.245010433650707,12.044272540269548,12.044272540269548,9731196
2005-06-03,12.401139259338379,12.758006033386962,12.222703215814072,12.267312226695148,16899933
2005-06-06,12.445747375488281,12.668787100859193,12.401138367814168,12.57957439851062,5485597
2005-06-07,12.33422565460205,12.445745500486593,12.267309496672246,12.445745500486593,1869842
2005-06-08,12.557267189025879,12.624178043775341,12.311920304278349,12.401138319277385,7345139
2005-06-09,11.821226119995117,12.557266748411205,11.776617114060858,12.557266748411205,15160116
2005-06-10,11.665095329284668,11.91044216490539,11.508966490798493,11.865833166338117,11068448
2005-06-13,11.84353256225586,11.932745255722498,11.709705552557217,11.709705552557217,9888084
2005-06-14,11.932746887207031,12.088881076368857,11.865836029709,11.932746887207031,9715812
2005-06-15,12.401139259338379,12.40113925933838,11.932747301587087,12.044272485289797,7664470
2005-06-16,12.401139259338379,12.691095173565364,12.289619388635703,12.46805011915998,17218056
2005-06-17,12.111181259155273,12.601874981332989,12.088879414055887,12.579573136233602,10734180
2005-06-20,12.311919212341309,12.44574622297082,12.11118135289662,12.11118135289662,4414669
2005-06-21,12.267306327819824,12.40113329611082,12.155786510742736,12.311915317250156,3796713
2005-06-22,12.222701072692871,12.311919078811592,12.13348837957325,12.267310075752231,8339934
2005-06-23,12.222701072692871,12.401137084930314,12.200399227662741,12.222701072692871,8972380
2005-06-24,11.99966049194336,12.222700177913131,11.99966049194336,12.222700177913131,7961885
2005-06-27,11.910444259643555,12.044271278882078,11.865835253230715,11.865835253230715,6013511
2005-06-28,11.642793655395508,12.044269335326376,11.575882813073243,11.999660336111987,12551047
2005-06-29,11.642793655395508,11.821224339254425,11.598184656181116,11.821224339254425,9422554
2005-06-30,11.620487213134766,11.754314218998921,11.620487213134766,11.732007061522076,4179481
2005-07-01,11.77661418914795,11.798921343074458,11.553574527871618,11.59818352272651,3169292
2005-07-04,11.598182678222656,11.798920483954191,11.598182678222656,11.798920483954191,5774532
2005-07-05,11.821226119995117,11.977354984265297,11.642795409257529,11.642795409257529,11270686
2005-07-06,12.044271469116211,12.245009344644812,11.843533593587608,11.955053454881368,12110210
2005-07-07,12.15578842163086,12.22269925979599,11.865832601251432,11.99965959058001,12229122
2005-07-08,12.15578842163086,12.356526249124567,12.066570428745141,12.15578842163086,12590575
2005-07-11,12.267306327819824,12.267306327819826,12.021959542451741,12.222697338389494,17093993
2005-07-12,12.490355491638184,12.668786196599132,12.289617627932572,12.311919473677962,26990057
2005-07-13,12.758005142211914,12.958743020654756,12.534965416386383,12.534965416386383,25897936
2005-07-14,12.958742141723633,13.025652992333109,12.713395272156488,12.891831291114158,16874792
2005-07-15,12.691092491149902,13.092568191222831,12.646483489697477,13.070261033997163,11184223
2005-07-18,12.691092491149902,12.691092491149902,12.691092491149902,12.691092491149902,0
2005-07-19,13.114869117736816,13.226388957064827,12.869522283416066,12.914131281746979,11715119
2005-07-20,13.114869117736816,13.226388957064827,12.89182943908079,13.181779958733914,9824773
2005-07-21,12.646482467651367,13.293304966939173,12.557264471956813,12.958740139583831,10361577
2005-07-22,12.200396537780762,12.624174003913716,12.200396537780762,12.490352337239063,9438552
2005-07-25,12.490355491638184,12.53496449612824,12.222701464697852,12.289617627932572,7181600
2005-07-26,12.445747375488281,12.668787100859193,12.289618505128713,12.668787100859193,4638930
2005-07-27,12.401139259338379,12.557268140922133,12.222703215814072,12.445748270219458,5247496
2005-07-28,11.620487213134766,12.289616929456573,11.59818536865689,12.267309771979729,25702143
2005-07-29,11.732007026672363,11.932744878372823,11.508967330560276,11.598185334204693,24411983
2005-08-01,12.222701072692871,12.222701072692871,11.732007352039004,11.776616355098366,15353810
2005-08-02,12.675332069396973,13.160877177496975,12.64977906563506,12.981992023274799,15152333
2005-08-03,13.109769821166992,13.186436444600439,12.82866285336708,12.930884655691427,7495512
2005-08-04,13.288650512695312,13.467539979616147,13.109766479576814,13.237541254701657,6829077
2005-08-05,13.288650512695312,13.288650512695312,13.288650512695312,13.288650512695312,0
2005-08-08,13.288650512695312,13.467539979616147,13.135319478432942,13.186433083468467,2726615
2005-08-09,13.339764595031738,13.493094560511281,13.211989804925551,13.211989804925551,6374159
2005-08-10,13.135320663452148,13.416427584960235,13.033099964721934,13.237542448942927,6787483
2005-08-11,13.135320663452148,13.518649370451014,13.08421248760817,13.08421248760817,14154040
2005-08-12,13.109769821166992,13.339766431185101,13.109769821166992,13.237544628860753,8370163
2005-08-15,12.573108673095703,13.084212153703588,12.52200049855599,12.956437370312154,4182498
2005-08-16,12.470888137817383,12.726439903687055,12.292004075229904,12.675331724034413,3576477
2005-08-17,12.49644660949707,12.547555871607985,12.266448952814903,12.419778912668757,5607019925
2005-08-18,12.394224166870117,12.675328872567599,12.394224166870117,12.521998934299846,4347105
2005-08-19,12.292004585266113,12.419780473502797,12.266450494379468,12.31755867615276,3507060
2005-08-22,12.394224166870117,12.521998934299846,12.317555394074835,12.317555394074835,3593464
2005-08-23,11.908673286437988,12.496444366480567,11.908673286437988,12.39422368708546,3018238556
2005-08-24,11.244239807128906,12.01089489236481,11.090909876842069,11.959786726869773,19262516
2005-08-25,11.193134307861328,11.218688396695883,10.630922618289048,10.886474374240633,18731616
2005-08-26,11.474241256713867,11.602017146984421,11.014251312021994,11.193135384879355,8328878
2005-08-29,11.218687057495117,11.550906474095582,11.193132971711014,11.4742387829409,3794776
2005-08-30,11.218687057495117,11.448684697156796,10.912027160481129,11.34646292021801,5432370
2005-08-31,10.707590103149414,11.19313408264543,10.452038352339759,11.014250030599836,11578902
2005-09-01,10.707590103149414,10.707590103149414,10.707590103149414,10.707590103149414,0
2005-09-02,11.1420259475708,11.1420259475708,10.733144231510572,10.835366018976362,5521705
2005-09-05,11.448684692382812,11.525346949703158,11.039803018600535,11.142024795496695,5604442
2005-09-06,11.704236030578613,11.832011889021754,11.55090608720728,11.576460172135471,10799586
2005-09-07,12.113119125366211,12.215340910987061,11.678683328731132,11.908675554124509,9905449
2005-09-08,11.908673286437988,12.240892667992801,11.857565120261153,12.113116818748919,5964725124
2005-09-09,11.755345344543457,12.16422704459616,11.653123561079601,12.113118869765591,5506663
2005-09-12,11.985342025756836,12.087563800920966,11.908674335933169,11.908674335933169,6018626126
2005-09-13,12.062006950378418,12.240896454943757,12.062006950378418,12.164228748158115,6293474863
2005-09-14,11.780898094177246,12.138671578772364,11.755344009663759,12.010895722402829,3515941
2005-09-15,11.448684692382812,11.832012280391641,11.448684692382812,11.806452760815825,6826749
2005-09-16,11.244239807128906,11.550905101504302,11.14202347613883,11.525345584955058,4053668
2005-09-19,11.244239807128906,11.397575171217465,11.244239807128904,11.295353406425667,1754710
2005-09-20,11.525348663330078,11.525348663330078,10.98869648088934,11.142026452130004,8852795
2005-09-21,11.37202262878418,11.627568924674247,11.320909022564198,11.499793059827983,6059042
2005-09-22,11.06535816192627,11.346463999905136,11.039804073710533,11.167579948592099,6791992
2005-09-23,10.835362434387207,11.167576341493298,10.579810767166617,10.988692347959336,10187737
2005-09-26,11.039803504943848,11.039803504943846,10.835365375947653,10.835365375947653,8711852
2005-09-27,11.039803504943848,11.295355241541046,10.886473549746048,10.98869533114545,13930639
2005-09-28,10.963135719299316,11.142025193711685,10.963135719299316,11.065357499848876,4744757
2005-09-29,12.323319435119629,12.323319435119627,11.59841752475218,11.59841752475218,14502135
2005-09-30,13.182462692260742,13.182462692260744,12.672347001437764,12.752891183813768,41675999
2005-10-03,13.63888168334961,13.853666879383265,13.316702802538503,13.343551223732865,36991216
2005-10-04,13.585184097290039,13.746273528877344,13.370398913014006,13.638880936739328,19632583
2005-10-05,13.665726661682129,13.907361324010658,13.531485665615364,13.585182498746244,32495310
2005-10-06,13.424093246459961,13.638879494788593,13.128762834233372,13.612031077902458,18602249
2005-10-07,13.531488418579102,13.934211488712888,13.31670321587868,13.477792661284326,32862452
2005-10-10,12.879769325256348,12.879769325256348,12.879769325256348,12.879769325256348,0
2005-10-11,13.424093246459961,13.746272075572683,13.209308084891779,13.638879494788593,11989436
2005-10-12,13.101917266845703,13.638881329770003,12.994524671612961,13.370399298307852,16902357
2005-10-13,12.69919204711914,13.128762354560719,12.511254222543142,13.075066609510726,12402206
2005-10-14,12.645498275756836,12.887130796336008,12.564953015469866,12.726042449283227,12284424
2005-10-17,12.027989387512207,12.940828095840137,11.920596790078442,12.69919447992401,14856545
2005-10-18,12.618648529052734,12.618648529052733,12.18907711296515,12.269622364784333,13988560
2005-10-19,12.618648529052734,12.645496946325794,12.29646969529693,12.51125485996049,18109896
2005-10-20,12.887128829956055,13.15561081642519,12.56495109824934,12.726040507482903,16645569
2005-10-21,13.155613899230957,13.397248613084706,12.699195067335289,12.726043489625779,18032435
2005-10-24,13.04822063446045,13.316702670215017,12.752890177778301,13.26300691512047,12790571
2005-10-25,12.726042747497559,13.370399411089878,12.645498572083744,13.28985414891546,14470302
2005-10-26,12.403863906860352,13.075068993046484,12.377015486060785,12.994524817408392,13537590
2005-10-27,12.779740333557129,12.887132945085394,12.323321462871817,12.403865649827825,13198036
2005-10-28,12.779740333557129,12.994526643374419,12.564955110500602,12.77974033355713,11703999
2005-10-31,13.665726661682129,13.66572666168213,12.994522768108734,13.155611093980504,21518168
2005-11-01,13.612034797668457,14.175846272548029,13.612034797668457,13.853668442154095,35469590
2005-11-02,13.612034797668457,13.82682001793108,13.585186373445444,13.719427407799769,25373166
2005-11-03,13.209306716918945,13.719422237885494,13.182458302813266,13.692573823779815,10648198
2005-11-04,13.424093246459961,13.585182661016322,13.209308084891779,13.343549082562005,17593137
2005-11-07,13.504640579223633,13.692577352881212,13.316702718805436,13.531487913488562,14422552
2005-11-08,13.182462692260742,13.638882623753286,13.048221663793607,13.61203420070772,9911791
2005-11-09,13.63888168334961,13.692577438977711,13.18246178332731,13.18246178332731,13622478
2005-11-10,13.826813697814941,14.014751494710566,13.692572724820996,13.692572724820996,28016381
2005-11-11,14.712807655334473,14.793351826162748,14.229540456843736,14.229540456843736,39754336
2005-11-14,14.659111976623535,15.034986586959494,14.551719386064768,14.820200319081412,20634267
2005-11-15,14.256391525268555,14.498025169416081,14.148998915287514,14.471176745230634,10760675
2005-11-16,14.390628814697266,14.685959230364633,14.25638781546305,14.25638781546305,20392335
2005-11-17,14.52486801147461,14.659108994050252,14.09529664988049,14.390627028898967,17564487
2005-11-18,14.551717758178711,14.873895493813315,14.498020925526065,14.659110336723579,20584395
2005-11-21,14.44432544708252,14.820200050609408,14.44432544708252,14.659111711069691,8182188
2005-11-22,14.229537963867188,14.685957749958684,14.229537963867188,14.471171520779011,10336233
2005-11-23,14.498025894165039,14.524874319692625,14.336936427760326,14.336936427760326,10740514
2005-11-24,15.034988403320312,15.115532584279707,14.524872721469228,14.524872721469228,26324978
2005-11-25,15.142378807067871,15.303468232345327,15.008137800463413,15.142378807067871,18232984
2005-11-28,15.545098304748535,15.679340377082488,15.169223762494521,15.169223762494521,21176492
2005-11-29,15.034988403320312,15.545102998410718,14.92759579978756,15.545102998410718,12104036
2005-11-30,15.115530967712402,15.330316151807182,15.00813837566501,15.088682548010413,13630967
2005-12-01,15.196075439453125,15.249772279915044,14.8470492367324,14.981290251126614,7489286
2005-12-02,15.571951866149902,15.733041319434543,15.303470893023114,15.357166652944187,23511986
2005-12-05,16.538484573364258,16.64587716096888,15.679342785766762,15.786735373371386,27461423
2005-12-06,16.538484573364258,16.887510754769412,16.10891313618525,16.10891313618525,34786237
2005-12-07,16.565332412719727,16.806965998071117,16.189457825866402,16.538483995067246,24053150
2005-12-08,16.108911514282227,16.914357470362482,15.518251798546286,16.592179739986626,22684324
2005-12-09,16.592180252075195,16.80696541228807,16.296849841712167,16.296849841712167,35764577
2005-12-12,16.699575424194336,16.860664873220834,16.538487061928517,16.699575424194336,24950846
2005-12-13,16.431095123291016,16.833817132018325,16.377398275854986,16.67272876323169,19979564
2005-12-14,16.162609100341797,16.72642042650183,15.974671267114813,16.51163526289424,14791817
2005-12-15,16.108911514282227,16.216305177834588,15.840430615682552,16.16260834605841,14312197
2005-12-16,17.236536026000977,17.236536026000977,16.27000170183661,16.37739428377038,28907710
2005-12-19,18.417858123779297,18.417858123779297,17.692956276726317,17.692956276726317,45937400
2005-12-20,18.444704055786133,18.578945047890684,17.961436918913915,18.2567662321356,33024802
2005-12-21,19.196455001831055,19.438089679999234,18.578946814149177,18.71318781901572,34959198
2005-12-22,18.323009490966797,18.629669419014068,18.144120004770123,18.501894630121136,29120752
2005-12-23,20.592559814453125,20.592559814453125,19.438087723505678,19.438087723505678,29856339
2005-12-26,20.955167770385742,20.955167770385742,20.265190203136214,20.265190203136214,46299789873
2005-12-27,22.525634765625,22.767267314759366,21.639644405089506,22.069214830342652,44053937
2005-12-28,23.438472747802734,24.08283056704263,21.371162605911074,22.096064609175595,56322445
2005-12-29,25.02251625061035,25.076210920985393,23.97543540195613,23.97543540195613,61254466
2005-12-30,24.91512107849121,25.23729994915408,23.948586640023766,24.70033588922302,52608574
2006-01-02,23.223678588867188,24.431847404521708,23.196831262371997,23.626401527418697,41889281
2006-01-03,23.626405715942383,24.70033374246726,23.19683537474083,23.19683537474083,61075139
2006-01-04,23.25053596496582,24.64664088605626,22.982053914983606,23.894891580810327,49410400
2006-01-05,23.626405715942383,24.270761227744718,23.357923709311162,23.357923709311162,38662458
2006-01-06,23.411623001098633,24.78088050913742,23.411623001098633,23.760649211626045,54698953
2006-01-09,25.049367904663086,25.049367904663086,23.68011010359398,23.733806956748424,55001368
2006-01-10,24.458696365356445,25.82795575203837,24.405001708778162,25.264142296279665,74527841
2006-01-11,23.008893966674805,24.324454291009463,22.820956156478235,24.13651865433355,40127845
2006-01-12,22.283998489379883,23.38477615931967,22.149757469157077,23.089444610716736,37155687
2006-01-13,22.57933235168457,22.928358605324302,21.961824030087893,22.176609249749152,34857332
2006-01-16,23.97542953491211,24.136520027180588,22.90150161387201,22.90150161387201,44630118
2006-01-17,23.8948917388916,24.968819945925237,23.8948917388916,24.217070635705962,48020352
2006-01-18,22.57933235168457,23.86804584317361,22.28400077281904,23.250537521576934,28855716
2006-01-19,21.82758140563965,23.035750623412483,21.022135260457755,22.82096324588025,42629933
2006-01-20,21.69333839416504,22.28399710770579,21.45170370333755,21.82757940606451,28420663
2006-01-23,21.34431266784668,21.666489364681535,20.56571391227971,20.726802260697134,18840998
2006-01-24,22.820964813232422,22.820964813232425,21.666492360553057,21.666492360553057,26295267
2006-01-25,23.357925415039062,24.00228314741703,23.143140228753452,23.196837068705143,39288510
2006-02-03,22.633026123046875,23.948586773074087,22.606176615788446,23.841193091082758,20963210
2006-02-06,22.955202102661133,22.955202102661136,22.230302379259083,22.230302379259083,10319255
2006-02-07,23.438472747802734,23.94858953582777,22.928358133299138,23.08944650134839,25503682
2006-02-08,22.794111251831055,23.84118972245475,22.713567088478598,23.438466732171587,18348644
2006-02-09,22.283998489379883,23.25053513909686,21.961821779662156,23.196838296303486,43649656
2006-02-10,20.968435287475586,22.176604324983344,20.753650115511743,22.176604324983344,35713644
2006-02-13,21.559099197387695,21.639643376604397,20.968438260596386,20.968438260596386,19965770
2006-02-14,22.33769416809082,22.552479354549977,21.55909759548623,21.55909759548623,27174924
2006-02-15,22.015518188476562,22.71357285290427,21.8007329738532,22.606179158831875,26179607
2006-02-16,22.820964813232422,23.03575220551633,22.06921546080317,22.06921546080317,27739433
2006-02-17,22.015518188476562,22.767267526419037,21.908126667925597,22.767267526419037,19954098
2006-02-20,21.961820602416992,22.176605788555854,21.53224805661813,21.961820602416996,11377178
2006-02-21,21.69333839416504,22.337693947169804,21.61279204820846,22.149756095806325,12853176
2006-02-22,20.67310905456543,21.908125609102267,20.404627005881654,21.693340404859512,23970384
2006-02-23,19.86766242980957,20.673108556453947,19.706574073889204,20.673108556453947,23573530
2006-02-24,20.941585540771484,21.075824355935698,19.867657631291767,20.189836438839833,23752857
2006-02-27,20.67310905456543,21.424858356175736,20.4314743413415,20.61941221012441,15863534
2006-03-01,21.77387809753418,22.04236006622746,20.673102895299994,20.673102895299994,27892232
2006-03-02,22.659868240356445,22.713565068990803,21.988663316228735,22.445083099339715,37474019
2006-03-03,22.069210052490234,23.250531726469408,21.90812172127532,22.65987088947982,35415473
2006-03-06,23.035741806030273,23.0625891311848,22.283990619457636,22.552472565084866,26506427
2006-03-07,22.149751663208008,22.982047074538794,22.06920750689101,22.982047074538794,16262510
2006-03-08,22.76726531982422,22.76726531982422,22.042365562417572,22.60617696784968,20656550
2006-03-09,23.089445114135742,23.250535646028123,22.418239998387417,22.928356755764668,30504675
2006-03-10,23.680105209350586,24.05597875670217,23.626408367294292,23.626408367294292,37927111
2006-03-13,24.43185806274414,25.183607441281428,23.94859076036457,24.00228761030042,43375891
2006-03-14,23.57271385192871,24.59294525761295,23.46532233073752,24.431856889065447,24159261
2006-03-15,24.029130935668945,24.35130980795899,23.411622698333716,24.082827776637483,27075180
2006-03-16,24.16337013244629,24.619789986040356,23.921735453037364,24.02912912689045,32024179
2006-03-17,24.405004501342773,24.592940167912964,23.894887817312537,24.32445816021726,13554568
2006-03-20,24.861419677734375,25.317839479663903,24.646634527861888,24.700331358710205,30720079
2006-03-21,23.519014358520508,25.1030592229479,23.143140816357555,24.96881820642087,27226918
2006-03-22,23.143136978149414,23.86803878187717,22.982048654441396,22.982048654441396,14255959
2006-03-23,23.25053596496582,23.626409530828116,23.00890125057329,23.46532117024732,15905978
2006-03-24,23.25053596496582,23.59956219523843,23.223686455854793,23.357927480845902,10470994
2006-03-27,23.54585838317871,23.84118768136092,23.411617397910305,23.411617397910305,14063898
2006-03-28,23.8948917388916,24.324462152296512,23.706953867956443,23.706953867956443,16040739
2006-03-29,24.16337013244629,24.351307974928673,23.760647115778767,23.894888121334606,13441029
2006-03-30,24.43185806274414,25.076213741409724,24.324464362872437,24.700340138901854,28636067
2006-03-31,25.344688415527344,25.532626248653887,24.754029759302362,24.94196541890799,34759710
2006-04-03,27.116666793823242,27.11666679382324,25.452080265544044,25.693714915659804,37707462
2006-04-04,27.224069595336914,27.922122104570814,27.00928437507429,27.38515796715351,49040074
2006-04-06,28.13690185546875,29.04974158104529,27.546243157941536,27.92211667695694,29272731
2006-04-07,27.92211151123047,28.136896650005983,27.277756094903918,28.136896650005983,20423107
2006-04-10,27.331457138061523,27.868418981050752,27.009278293451185,27.492545473606192,19036241
2006-04-11,27.814725875854492,27.814725875854492,26.95558296662151,27.33145866863629,12442528
2006-04-12,28.13690185546875,28.620171224021664,27.385152643916875,27.546243157941536,20844366
2006-04-13,29.103435516357422,30.069969810021657,28.727559861309746,28.727559861309746,51587790
2006-04-14,29.586706161499023,29.694097665981353,28.56647491455078,29.157133623006374,19841621
2006-04-17,27.92211151123047,29.908876761804827,27.868414683156423,29.801485279177403,20382785
2006-04-18,28.190597534179688,28.512776375458802,27.86841869290057,27.922115528700587,15148349
2006-04-19,28.942352294921875,29.479316409407115,28.727567083832056,28.727567083832056,19910592
2006-04-20,28.88865089416504,29.210829746765533,28.673865716938398,28.942347731851964,14988122
2006-04-21,29.85518455505371,30.87541567802583,28.781256599604983,29.15713007989953,25677704
2006-04-24,30.49953842163086,31.412375831685285,30.445841591975718,30.606932080941135,22075249
2006-04-25,28.727563858032227,30.82172323466857,28.459081830937283,30.71432955442213,21634890
2006-04-26,29.264528274536133,29.318225115324157,27.92211812244149,28.45908218327935,15358448
2006-04-27,28.190597534179688,29.53300756157519,27.922115528700587,29.26452555609609,14034187
2006-04-28,28.56647300720215,28.834955010763423,28.029509000079603,28.459079336369253,9190239
2006-05-02,28.56647300720215,29.103437014324697,28.08320583549605,28.727561339930528,12159213
2006-05-03,30.553245544433594,30.553245544433597,28.781264783492798,28.942353153206884,29514663
2006-05-04,30.660642623901367,31.841964794334107,30.66064262390137,30.929124737770458,25789120
2006-05-05,30.60694122314453,31.412385214472433,30.123673958939236,31.090208487349823,16415309
2006-05-08,31.412376403808594,31.412376403808594,30.499538977128374,31.143896597684456,12943370
2006-05-09,30.982807159423828,31.788253125749513,30.768022003107813,31.412377472055855,14922333
2006-05-10,29.7477970123291,31.304992433503315,28.888654036450518,31.090207232913993,19203896
2006-05-11,30.069976806640625,30.44585037562492,29.371924340297394,29.533012702216183,14900050
2006-05-12,28.51278305053711,29.694102847089297,28.459086202166215,28.996050338832163,23672213
2006-05-15,26.90188980102539,28.02951488753894,26.740801434461208,27.385157074239366,25794425
2006-05-16,26.90188980102539,27.54624761432497,26.740801434461208,27.116675014284777,14571107
2006-05-17,28.190597534179688,28.405382703858773,27.116669512263286,27.385151517742386,18784759
2006-05-18,26.37286376953125,26.781768293002187,26.06620385185735,26.168448457654385,9436764761
2006-05-19,26.730649948120117,27.19062788227149,26.168449140714387,26.372864457926987,8939564445
2006-05-22,28.67386817932129,29.586707977826414,28.24429778797843,28.566476668246196,18155523
2006-05-23,27.385147094726562,28.781253732434823,27.385147094726562,28.297986635329824,13227747
2006-05-24,27.70732879638672,28.297989609832914,27.277758481255407,27.65363196361509,14685707
2006-05-25,27.009281158447266,28.02951246333303,26.901887474345088,27.65363674249664,11481166
2006-05-26,27.224069595336914,28.083212649908898,27.116675898444857,27.922122104570814,10649259
2006-05-29,26.117307662963867,26.526190382904208,26.066199496492054,26.27062781533784,5774653451
2006-05-30,27.43885040283203,27.86842077427296,27.38515356302163,27.599938748742094,5496529
2006-06-01,28.459075927734375,29.21082501296235,28.08320247188074,28.190593956330048,15902795
2006-06-02,28.190597534179688,29.26452555609609,28.190597534179688,28.99604355061699,13037809
2006-06-05,26.230680465698242,28.45908077304725,26.230680465698242,28.083207253199113,11330489
2006-06-06,26.79449462890625,26.79449462890625,25.0225141441461,26.633404110778248,18173562
2006-06-07,25.989051818847656,26.57971277903282,25.586328733292508,26.311228548474656,10187678
2006-06-08,24.19021987915039,25.39838904976907,24.19021987915039,25.290997538715708,16470487
2006-06-09,24.56609344482422,24.86142279119364,23.626406394622,24.48554927522538,11922587
2006-06-12,24.834577560424805,24.9688185789547,23.894890430715524,24.566095523365007,5551706
2006-06-13,24.43185806274414,25.291001141153135,24.055982286714723,24.055982286714723,6035570
2006-06-14,24.700334548950195,25.049360734262525,24.485549371336532,24.592940873382833,9363199
2006-06-15,22.982051849365234,24.861423856802123,22.982051849365234,24.807727016927664,8078199
2006-06-16,22.283998489379883,22.92835625585787,21.42485769877092,22.176606977314396,36181592
2006-06-19,21.42486000061035,22.17660935992011,20.726805316341544,22.09606517383719,21684762
2006-06-20,20.001903533935547,21.18322322047098,19.948206690565463,20.941590685587524,23272176
2006-06-21,19.11591339111328,20.270385752716958,18.659493478798904,19.867662684237445,18803859
2006-06-22,20.431476593017578,20.431476593017575,19.599183019782462,19.652879870141213,17599504
2006-06-23,21.854421615600586,21.854421615600586,20.35092350420718,20.43146765776029,25614037
2006-06-26,22.71356964111328,22.874657985921896,21.800729891141458,22.176605593723064,19955159
2006-06-27,22.71356964111328,23.143140009617003,22.44508761741817,22.606175962226786,13101475
2006-06-28,22.445087432861328,22.713569454348818,21.93497072262665,22.445087432861328,10341539
2006-06-29,22.445087432861328,23.14313981932036,22.364541087598194,22.686719948087404,10492216
2006-06-30,22.659868240356445,23.411617320675347,22.17660112968863,23.411617320675347,19189040
2006-07-03,22.0960636138916,22.794116075357564,21.908125743951892,22.65987505018939,9440660
2006-07-04,22.659868240356445,23.277376335849805,22.122904301054277,22.122904301054277,19530717
2006-07-05,22.069210052490234,22.713567724391773,22.069210052490234,22.552477219655916,7791701
2006-07-06,22.33769416809082,22.391391008085897,21.80073011518235,22.015515301641507,7429864
2006-07-07,22.87466049194336,23.331080416932117,22.122911177943774,22.337696385726318,16214760
2006-07-10,22.92835235595703,23.30422584453553,22.55247669385764,22.82095868863695,9379115
2006-07-11,23.196836471557617,23.706951004164104,22.82096077509297,22.928354452231755,14307953
2006-07-12,22.87466049194336,23.78750034192087,22.820963646617383,23.384777262258094,17351205
2006-07-13,21.72018814086914,22.71357217402273,21.290617724461768,22.55248163772894,21661417
2006-07-14,20.726802825927734,21.183222723585484,20.458322962417498,20.67310815733843,11396278
2006-07-17,19.8408145904541,21.156375259739736,19.357545187939763,20.726802699007127,13474985
2006-07-18,20.05559730529785,20.53886447456179,19.948203635007662,20.082444636109923,11143735
2006-07-19,20.162986755371094,20.673103377187356,20.13613942728423,20.297227742846875,8137621
2006-07-20,21.559099197387695,21.559099197387695,21.048982439813088,21.559099197387695,16488526
2006-07-21,22.498779296875,22.552473950482508,21.37115462126659,21.55909242945476,15245971
2006-07-24,22.122905731201172,22.257146724704793,21.58594175718668,22.096058401908778,7551891
2006-07-25,20.592559814453125,22.82095766271848,20.592559814453125,22.767260831472388,15061338
2006-07-26,20.162986755371094,20.520765656093438,19.83076845846202,20.392969157589285,14638412484
2006-07-27,21.466289520263672,21.466289520263672,19.166327988162852,19.932983281210642,18369641
2006-07-28,22.149751663208008,22.471930461996674,22.06920750689101,22.176601164327465,9416254
2006-07-31,21.478544235229492,22.471927843439545,21.210064469964532,22.28399005158568,10006229
2006-08-01,21.800731658935547,21.961822190327922,21.263767568003583,21.263767568003583,16485342
2006-08-02,22.05970001220703,22.145092624516856,21.77505797117429,21.91737899169066,13177288
2006-08-03,22.771303176879883,22.9420884037444,22.145092915600937,22.202021324555776,11006656
2006-08-04,23.73908233642578,23.938331754712245,22.65744487438054,23.340583499852855,22755057
2006-08-07,23.48290252685547,24.194505294756553,23.31211732562546,23.739080328700478,11876145
2006-08-08,23.852943420410156,24.0521928743945,23.51137292786557,23.568301343289665,12200658
2006-08-09,24.963043212890625,25.01997162869365,23.852943579180703,24.080655005168264,16791229
2006-08-10,25.33306884765625,25.78849601106063,25.048426870528516,25.276140452230702,24154069
2006-08-11,24.87764549255371,25.617714746376578,24.593005709076696,25.56078634223636,10283456
2006-08-14,25.304603576660156,25.73156428701867,25.219210987143722,25.560781345209456,9345974
2006-08-15,26.30085563659668,26.357784045667135,25.276146510552802,25.333074919623257,26729569
2006-08-16,26.58549690246582,26.98399578780956,26.30085707873041,26.98399578780956,23057936
2006-08-17,25.902355194091797,26.75627904086898,25.845426788491707,26.75627904086898,13807770
2006-08-18,25.503856658935547,25.987745832633593,25.333071455080717,25.788498665360265,8671193
2006-08-21,24.16604232788086,25.731568944605673,23.79600994355495,25.333072358622076,13392
2006-08-22,25.84542465209961,25.845424652099606,24.308362302399633,24.479147505082732,13392
2006-08-23,26.471637725830078,26.813205902538634,24.820718532937327,25.816961099125972,30640208
2006-08-24,26.41471290588379,26.98399476908701,26.016214035584515,26.471641315926544,13345210
2006-08-25,25.617717742919922,26.756281484455688,25.617717742919925,26.699353073656464,10178376
2006-08-28,25.33306884765625,26.016207355539077,24.99149847510297,25.617710824783988,9011159
2006-08-29,25.560781478881836,25.959277994818848,25.50385308557317,25.78849505211651,10387506
2006-08-30,26.30085563659668,26.528569272878496,25.788502192186883,25.845428364033054,12528262
2006-08-31,26.10161018371582,26.75628475059874,26.044681765967336,26.75628475059874,9071941
2006-09-01,26.158533096313477,26.414710922268164,25.902355270358786,26.18699729919733,4945990
2006-09-04,27.04092025756836,27.467881049534892,26.414710051979537,26.585493026431703,19740692
2006-09-05,26.528564453125,27.211703000632415,26.414707655669783,27.15477460190481,10569852
2006-09-06,26.073139190673828,26.756277788679984,25.873889780398358,26.528566414160625,7080564
2006-09-07,26.10161018371582,26.101610183715817,25.61772087007834,25.731575468350684,5691855
2006-09-08,25.902355194091797,26.471639250092682,25.674643808915587,25.902355194091797,6547951
2006-09-11,25.902355194091797,26.414710844492593,25.646177368891397,25.959283599691886,7408168
2006-09-12,24.934579849243164,26.073145966629586,24.365297909162265,26.073145966629586,23077510
2006-09-13,24.507614135742188,25.247681183531167,24.336828916123768,25.04843176064301,20193980
2006-09-14,24.365291595458984,25.019965992491944,23.62522459395772,25.019965992491944,17420682
2006-09-15,24.507614135742188,24.5930067455514,23.852939697762423,24.023722680156663,11790639
2006-09-18,25.503856658935547,25.589249260862964,24.96303684672858,25.162286251225883,20736895
2006-09-19,25.247676849365234,25.760030183042705,25.21921265098183,25.560783031582677,12638493
2006-09-20,24.87764549255371,25.190751715324925,24.479148900796257,24.763790921497357,12969187
2006-09-21,24.763795852661133,25.076899900556022,24.479153775279837,25.048435692817893,9510806
2006-09-22,24.934579849243164,25.162293520165374,24.593011580084475,24.64993999781503,12072913
2006-09-25,24.536083221435547,25.048436745019615,24.365297967832646,24.93457990928435,11191062
2006-09-26,24.137575149536133,24.76378750877973,24.137575149536133,24.706859112484853,11088042
2006-09-27,24.10911750793457,24.42222377270654,24.052191333382236,24.222974331488015,11448612
2006-09-28,23.56829833984375,24.109115980228598,23.08440910762828,24.08065177614391,17146648
2006-09-29,23.28365707397461,23.56829912429558,23.05594567094215,23.56829912429558,15461241
2006-10-02,23.511369705200195,23.73908333568425,23.425977093768676,23.454441297579184,10749106
2006-10-03,23.767545700073242,24.0237212773176,23.454439482389635,23.511367885604837,10119654
2006-10-04,23.14133644104004,23.767546664595752,23.11287223827732,23.767546664595752,12062611
2006-10-05,22.885156631469727,23.369045799246745,22.48665782735128,23.141334434117297,20203252
2006-10-09,22.43643569946289,22.43643569946289,22.43643569946289,22.43643569946289,0
2006-10-11,22.600513458251953,22.999012241735752,22.202016911991986,22.885155446454664,13725354
2006-10-12,22.913623809814453,23.28365622450735,22.71437438185907,22.771302789846324,9147145
2006-10-13,23.112871170043945,23.45443935018581,23.112871170043945,23.45443935018581,7730620
2006-10-16,22.970550537109375,23.112871546664262,22.714372719910568,23.055943142842306,11689679
2006-10-17,23.226728439331055,23.51137048689982,22.99901703850034,22.99901703850034,12709577
2006-10-18,23.027481079101562,23.511370319294674,22.828231647223813,23.169799864647104,9588071
2006-10-19,23.169797897338867,23.511368322984275,22.999014921740258,23.16979789733887,14307417
2006-10-20,23.169797897338867,23.45443991871004,23.084407528151612,23.34058311016157,12310890
2006-10-23,23.56829833984375,23.56829833984375,23.08440910762828,23.397513115335617,12239806
2006-10-24,23.56829833984375,24.251437000652043,23.53983413575906,23.90986878886002,26653334
2006-10-25,23.112871170043945,23.824473968998877,23.027478565702467,23.739081364657398,11958561
2006-10-26,22.324806213378906,22.99457290625355,22.101537971484785,22.77130018991146,22599641628
2006-10-27,22.2020206451416,22.771302480044856,22.202020645141605,22.771302480044856,19455327
2006-10-30,21.461952209472656,22.20202153282798,21.06345558027486,22.20202153282798,24986470
2006-10-31,21.490413665771484,21.661196617393,21.26270008064443,21.461947230406825,9799262
2006-11-01,21.461952209472656,21.68966584742814,21.29116921823034,21.49041865144139,13578036
2006-11-02,21.632732391357422,21.83198177808667,21.348092647539413,21.348092647539413,16254495
2006-11-03,21.860454559326172,22.05970402428733,21.632740885084846,21.74659772220551,15429305
2006-11-06,21.063453674316406,21.29116729166688,20.579564474670747,20.579564474670747,18613653
2006-11-07,21.29116439819336,21.461947350772682,21.120379208390247,21.234236001592322,11718525
2006-11-08,21.40502166748047,21.77505401639359,21.405021667480472,21.575806861082146,9282102
2006-11-09,21.234237670898438,21.74659104336208,21.234237670898438,21.575808077356847,16131901
2006-11-10,21.31963348388672,21.518880680442734,21.20577666458368,21.23424086940944,18922713
2006-11-13,21.461952209472656,21.746594256917014,21.348097627719213,21.51888061896153,6860101
2006-11-14,21.376558303833008,21.6896622671134,21.291165703695466,21.632733867021702,7718258
2006-11-15,22.05970001220703,22.315875611912254,21.57581077967562,21.63273695065792,25598409
2006-11-16,22.742835998535156,22.856692801556846,22.173554220650686,22.315872987203814,38893140
2006-11-17,22.45819854736328,23.027482677969697,22.45819854736328,23.027482677969697,15677583
2006-11-20,22.088167190551758,22.48666386443218,22.059702982615686,22.458199656496113,10616211
2006-11-21,22.088167190551758,22.372807032687902,22.03123877467962,22.088167190551754,9342883
2006-11-22,22.116628646850586,22.37280424917861,22.031236033666488,22.202021260034684,7358718
2006-11-23,22.572050094604492,22.77129949371868,22.258946133220398,22.315872295743393,22765359
2006-11-24,24.137575149536133,24.137575149536133,22.771298112906766,22.771298112906766,59674335
2006-11-27,25.33306884765625,25.81695797154966,24.76378713062452,25.674639220209535,90619482
2006-11-28,24.70686149597168,25.162286473042016,24.479147888824514,25.048429669468433,34618840
2006-11-29,24.763795852661133,25.589255639842353,24.593010606232355,25.048435692817893,36405207
2006-11-30,24.365291595458984,25.04843019398138,24.251434789501246,25.04843019398138,15680674
2006-12-01,24.194501876831055,24.70685740814128,24.13757348446325,24.422215446302264,16306005
2006-12-04,23.53983497619629,24.19450945629358,23.53983497619629,24.19450945629358,13807770
2006-12-05,22.799762725830078,23.852935839220876,22.600513335173257,23.596758051233536,30386779
2006-12-06,23.42597770690918,23.48290611602021,22.600518012023517,22.88516005757867,14750403
2006-12-07,22.885156631469727,23.454438400129266,22.885156631469723,23.425974199835093,7451436
2006-12-08,22.771303176879883,23.283656620249154,22.65744635897021,22.88515999478956,13433808
2006-12-11,23.027481079101562,23.53983452384864,22.799767442669847,23.05594528365553,19394545
2006-12-12,23.226728439331055,23.51137048689982,22.97055283374346,23.340585258358562,16766505
2006-12-13,23.255191802978516,23.739083266343705,23.22672759925115,23.340584414160606,19655185
2006-12-14,23.73908233642578,24.109114733162226,23.283655094628152,23.340583499852855,24072683
2006-12-15,23.90986442565918,24.47914616624312,23.90986442565918,24.19450417733923,27742255
2006-12-18,23.682151794433594,24.194505158003732,23.625223394345365,23.909865394786515,13714022
2006-12-19,23.39751434326172,23.682156399046924,23.198267141436435,23.56829957673284,16586220
2006-12-20,23.852943420410156,24.19451167573021,23.397516097017373,23.397516097017373,22219353
2006-12-21,23.90986442565918,24.564538762914285,23.8529360278784,24.19450417733923,24009841
2006-12-22,24.47915267944336,24.564545298835053,24.023725376021,24.023725376021,20807979
2006-12-25,24.820716857910156,25.105356613087693,24.47914646702847,24.47914646702847,26424630
2006-12-26,26.557031631469727,26.55703163146973,24.8207197499582,25.048431133187815,81814363
2006-12-27,26.58549690246582,27.553277672504787,26.58549690246582,27.040924200001527,73646937
2006-12-28,25.617717742919922,27.040923538451803,25.446932510522256,27.012459333052192,41830240
2006-12-29,25.589250564575195,26.101603965018914,25.190751735278006,25.646176731536418,31268630
2007-01-02,25.84542465209961,26.016209854782705,25.133821878143987,25.617713285746103,29724360
2007-01-03,27.154775619506836,27.610200589170482,25.959281438650827,26.016209839511777,74584419
2007-01-04,27.78098487854004,28.236412070456897,27.154774726878248,27.32555992384707,58594685
2007-01-05,27.610200881958008,28.236413298069028,27.04091910453561,28.065628093675112,33550523
2007-01-08,26.471637725830078,27.29709732227645,25.816961099125972,27.211704718793307,28488120
2007-01-09,26.50010108947754,27.09784934543205,26.243925502721172,26.528567529366175,29480203
2007-01-10,26.75627899169922,26.75627899169922,26.0731403629777,26.41471079595053,14143615
2007-01-11,27.183242797851562,28.46412748309548,26.756279744620787,27.38249222269259,58969678
2007-01-12,27.467884063720703,28.17948919045965,27.183244250249444,28.17948919045965,31242875
2007-01-15,27.695594787597656,28.122557818676675,27.183241387526916,27.467881171022174,23795559
2007-01-16,27.09784507751465,27.894840389369563,26.81320309570083,27.69559100209989,16092754
2007-01-17,26.927064895629883,27.325563744271808,26.78474387825777,26.813208081732192,13608942
2007-01-18,26.841670989990234,27.410955032008495,26.585493171082014,26.92706359629297,28174939
2007-01-19,26.18699836730957,26.670887598847763,26.073141551130174,26.613959190758063,29048549
2007-01-22,25.703107833862305,26.215461243493714,25.333073200022195,26.15853283828754,20755439
2007-01-23,25.703107833862305,26.101604433081373,25.503858415640707,25.617715226053047,16989028
2007-01-24,26.158533096313477,26.642424545339,25.902355270358786,26.18699729919733,25386188
2007-01-25,25.703107833862305,26.41471066171531,25.67464363125922,26.357782256509143,14692712
2007-01-26,25.560781478881836,26.073134781436185,25.33306790564717,25.674638265499173,21191214
2007-01-29,24.422222137451172,25.105360795806067,24.023723281696675,25.105360795806067,25325406
2007-01-30,23.852943420410156,24.5930105836989,23.68215817413786,24.308368506578407,17930631
2007-01-31,24.05218505859375,24.25143221060784,23.596757883192847,23.909864066280967,12471601
2007-02-01,23.966793060302734,24.336825412310965,23.909864661959336,24.308361213139264,7870728
2007-02-02,24.27989959716797,24.365292203768206,24.194506990567735,24.30836379936805,7333993
2007-02-05,24.27989959716797,24.706862630169145,24.222971192767815,24.45068481036844,10052691
2007-02-06,24.564542770385742,24.564542770385746,24.365293345647373,24.450685956249533,8011865
2007-02-07,24.735328674316406,25.24768211484676,24.4791508354391,24.649936061357305,13867522
2007-02-08,24.763795852661133,25.10536410829415,24.649939021708615,24.963043069603504,6839497
2007-02-09,24.649932861328125,25.076893633471762,24.649932861328125,24.934572630349226,6079210
2007-02-12,24.507614135742188,24.84918457497903,24.450685729202714,24.763791965169823,4801762
2007-02-13,24.251436233520508,24.73532768765357,24.251436233520508,24.536078265363486,7292785
2007-02-14,24.336828231811523,24.479149244158368,24.251435624403413,24.30836402934215,6162656
2007-02-26,25.07689666748047,25.19075348375383,24.64993584367961,24.76379265995297,10146439
2007-02-27,25.105358123779297,25.247679128544032,24.96303711901456,25.16228652568519,7706926
2007-03-01,24.45068359375,24.763789802371306,24.194505786696205,24.479147794533755,17121924
2007-03-02,24.45068359375,24.90611080629008,24.222969987479956,24.222969987479956,19967336
2007-03-05,22.344341278076172,23.796011162533734,22.230484465612964,23.796011162533734,31263479
2007-03-06,22.742835998535156,22.742835998535156,22.08816161838442,22.37280138871466,9876527
2007-03-07,22.828229904174805,23.112871927980613,22.657444689891317,23.05594352321945,10699657
2007-03-08,24.422222137451172,24.422222137451172,23.112873228706306,23.112873228706306,23323728
2007-03-09,24.735328674316406,25.24768211484676,24.5360792440785,24.93457586733005,45500843
2007-03-12,24.0828857421875,24.613098966422346,23.97126167000918,24.306147309890296,13828580640
2007-03-13,24.87764549255371,25.276144321535256,24.593005709076696,24.593005709076696,18548751
2007-03-14,24.507614135742188,24.763791965169823,24.194507899775083,24.194507899775083,9821926
2007-03-15,25.532323837280273,25.9592846594876,24.82072097545191,24.82072097545191,41789032
2007-03-16,25.219221115112305,25.78850527384478,25.162292699239057,25.532327402415167,17728711
2007-03-19,25.219221115112305,25.617720026225037,25.162292699239057,25.333077946858797,10431805
2007-03-20,24.763795852661133,25.589255639842353,24.763795852661133,25.56079143210422,11707192
2007-03-21,24.763795852661133,24.991507277341633,24.649939021708615,24.991507277341633,6442870
2007-03-22,24.593006134033203,24.991502732676505,24.308364108413606,24.991502732676505,17905906
2007-03-23,24.564542770385742,24.877646772036123,24.365293345647373,24.593006973919795,11239482
2007-03-26,25.27614402770996,25.50385764162376,24.87764520336081,24.93457360683926,15944405
2007-03-27,24.763795852661133,25.390006185675446,24.763795852661133,25.27614935472293,9721997
2007-03-28,24.47915267944336,24.820723157010132,24.450688472979465,24.649937918226748,12734302
2007-03-29,24.649932861328125,24.99150103159824,24.251434052585022,24.30836245383404,17008602
2007-03-30,24.393754959106445,24.849182167295034,24.365290758594657,24.649932763712528,12434514
2007-04-02,24.763795852661133,25.16229252377041,24.536082190756098,24.593010606232355,24370411
2007-04-03,24.906110763549805,25.07689373073528,24.82071816134508,24.877644325590914,12983610
2007-04-04,25.816959381103516,26.41470756570761,25.503855426391908,25.617712223459353,62355945
2007-04-09,25.361534118652344,26.10160105327986,25.247677322982906,26.0731368543625,14346565
2007-04-10,25.475399017333984,25.845431483732803,25.276149561536783,25.36154218544987,11284810
2007-04-11,25.731569290161133,25.902354502400787,25.33307269882603,25.674643123305334,15006923
2007-04-12,26.329320907592773,26.443177730345415,25.760036793829567,25.760036793829567,26320579
2007-04-13,26.073139190673828,26.813206191615834,25.788499413218624,26.471638011224776,21542512
2007-04-16,26.87013816833496,27.83791890973718,26.58549611579774,27.6102052677074,38027772
2007-04-17,26.18699836730957,27.154779067610196,25.90235632686108,27.0409222514308,32593467
2007-04-18,26.642423629760742,26.927063411593366,26.215460601175693,26.642423629760742,16501743
2007-04-19,26.215457916259766,26.87013225581613,26.215457916259766,26.642420901116424,13426596
2007-04-20,26.87013816833496,27.183244426125906,26.528569942514633,26.58549611579774,22100880
2007-04-23,27.04092025756836,27.524809453426975,26.983991853676276,27.325562277028766,18001714
2007-04-24,27.04092025756836,27.268633873136686,26.72781403616191,27.211705469244603,10409140
2007-04-25,27.04092025756836,27.04092025756836,26.75627823810795,27.04092025756836,8878263
2007-04-26,27.268634796142578,27.695595602561152,27.040921172866458,27.439417776375517,28883717
2007-04-27,26.557031631469727,27.126313445379957,26.500100989132168,27.126313445379957,18444700
2007-04-30,25.95928955078125,26.557037946614212,25.902361132130494,26.471645318638075,11374438
2007-05-02,25.617717742919922,26.24392802448703,25.50386092132148,25.67464615371915,14299176
2007-05-03,26.13007164001465,26.13007164001465,25.333076112717055,25.73157275775366,13207164
2007-05-04,26.642423629760742,26.87013500778203,26.357781610704045,26.414710014515382,12165631
2007-05-07,26.75627899169922,27.04092101917658,26.67088638345601,27.04092101917658,11653622
2007-05-08,26.471637725830078,26.927062707182827,26.471637725830075,26.87013430486073,8024227
2007-05-09,26.158533096313477,26.699350713882556,26.101604690545766,26.357782516500457,9570558
2007-05-10,26.158533096313477,26.44317512515202,25.959283676126496,26.300854110732747,9979547
2007-05-11,25.95928955078125,26.329324272011178,25.930825341455872,26.01621796943201,8975102
2007-05-14,25.788501739501953,26.186998358775732,25.78850173950195,26.186998358775732,5194268
2007-05-15,25.84542465209961,26.101602456124255,25.760032050758056,25.902353052993973,4780128
2007-05-16,25.95928955078125,26.07314638808277,25.845432713479735,26.01621796943201,5557929
2007-05-17,26.18699836730957,26.414711999668363,26.073141551130174,26.130069959219874,7960355
2007-05-18,26.69934844970703,26.81320525158709,26.357780281290815,26.357780281290815,14220880
2007-05-21,26.727813720703125,27.09784834163427,26.642423353096913,26.756277922313213,17123984
2007-05-22,26.727813720703125,26.955527333583827,26.557030748266648,26.7847421239233,10688325
2007-05-23,26.87013816833496,27.183244426125906,26.72781714206635,26.927066578842407,15240778
2007-05-24,26.927064895629883,27.15477852342527,26.78474387825777,27.040921709527577,10138198
2007-05-25,26.69934844970703,26.983990454407177,26.670884249237016,26.81320525158709,10022815
2007-05-28,26.927064895629883,27.297099540797387,26.813208081732192,26.870136488681037,16348243
2007-05-29,26.983993530273438,27.211707159990304,26.955529326558832,27.211707159990304,10383385
2007-05-30,26.58549690246582,26.98399578780956,26.386249697018354,26.98399578780956,13052634
2007-05-31,27.78098487854004,27.837913277529648,26.756275933951,26.870132731930212,49244590
2007-06-01,27.382490158081055,28.0371645531156,27.21170494966577,27.894843546102862,25069917
2007-06-04,27.154775619506836,27.610200589170482,27.069383018215408,27.610200589170482,13232919
2007-06-05,27.43941879272461,27.809453444254295,27.268635806165914,27.49634943787649,20866701
2007-06-06,27.297103881835938,28.008706844638017,27.268639673834873,27.780993180629494,26433901
2007-06-07,27.240163803100586,27.297092194729125,26.813200865886547,27.268627998914855,18816603
2007-06-08,26.983993530273438,27.12631454884648,26.870136715415008,27.09785034513187,11900870
2007-06-11,27.66712760925293,27.75252020628268,27.097845866278423,27.211702662318093,24179824
2007-06-12,27.49635124206543,28.236418356460497,27.49635124206543,27.923312092313807,21143824
2007-06-13,27.95177459716797,28.521056441930853,27.18324332370959,27.43941892337955,43190104
2007-06-14,27.95177459716797,28.69184166652699,27.95177459716797,28.35027345455896,36147657
2007-06-15,28.29334259033203,28.919555075675117,28.2364164197978,28.57798462912434,25363524
2007-06-20,27.83791732788086,28.691841199744985,27.83791732788086,28.691841199744985,20537037
2007-06-21,28.464130401611328,29.03341453095617,27.894848509490917,28.122562161228856,34405589
2007-06-22,29.147268295288086,29.71655240853303,28.862628475889988,28.976485298538975,44242969
2007-06-25,29.033411026000977,29.659621255458866,29.033411026000977,29.602692849396863,16000036
2007-06-26,28.23641586303711,29.318051114671945,28.23641586303711,29.318051114671945,18736247
2007-06-27,28.23641586303711,28.4071988457208,28.008702236493278,28.23641586303711,15728063
2007-06-28,28.264875411987305,28.521050962440583,28.151018617464146,28.521050962440583,14256937
2007-06-29,28.129257202148438,28.40833523562096,27.850194829243918,27.90600685638002,14175345960
2007-07-02,29.033411026000977,29.31805081908684,28.748768995690952,28.805697401752955,13309153
2007-07-03,28.862619400024414,29.431901097034064,28.69183421975442,29.3180443101874,14754524
2007-07-04,29.033411026000977,29.31805081908684,28.748768995690952,29.204196244186992,12736362
2007-07-05,29.431903839111328,29.545760636565667,29.033407285245012,29.26111864292982,19306978
2007-07-06,29.431903839111328,30.0581162251102,29.31804704165699,29.65961743402001,17661748
2007-07-09,29.773479461669922,30.285832902993786,29.659622644214778,29.83040787039749,22185357
2007-07-10,29.318052291870117,29.887336381087973,29.318052291870114,29.83040797216619,18687828
2007-07-11,29.431903839111328,29.88733102892869,29.147261845475477,29.31804704165699,15054312
2007-07-12,30.741252899169922,31.481319800297882,29.659615626495018,29.88732920752631,43526980
2007-07-13,30.456619262695312,31.367471599011807,30.228905619310105,31.310543188165504,24534213
2007-07-16,30.115047454833984,30.798186117305164,30.001190638218077,30.741259946221465,13639848
2007-07-17,29.580366134643555,30.305922559492497,29.412934511049937,29.580366134643555,16391491
2007-07-18,29.773479461669922,30.570474946631638,29.773479461669922,30.115047676811074,16322488
2007-07-19,30.001182556152344,30.627394878843504,29.7734712214883,29.88732800743215,11690709
2007-07-20,30.513545989990234,30.570474397695573,30.171975543758194,30.342760766874214,12686913
2007-07-23,30.250112533569336,30.36171645480848,29.74780204319553,30.08267644918608,11441153952
2007-07-24,29.602691650390625,31.196682481116575,29.09033825380874,31.082825673604138,41922958
2007-07-25,29.204198837280273,29.318053422289474,28.634914726112466,29.090342015046712,24277693
2007-07-26,28.976482391357422,29.77347783271421,28.86262558013157,29.31805058781082,19386303
2007-07-27,27.12631607055664,28.2648820457871,27.040923454622533,28.06563260860751,18900049
2007-07-30,27.12631607055664,27.63866952893696,26.642426817487696,26.756281401508833,16936488
2007-07-31,28.57316780090332,28.57316780090332,27.492670587667195,27.732780308573304,16283220
2007-08-01,29.413541793823242,30.554066492032668,29.113404202246315,29.113404202246315,50120240
2007-08-02,30.794187545776367,31.214381223677155,29.7136881953046,30.914243543111464,39852580
2007-08-03,30.854211807250977,31.814652731282916,30.73415582445757,31.814652731282916,27695210
2007-08-06,30.5540714263916,30.614099416955536,30.01382413685965,30.073849814651847,12103840
2007-08-07,31.214378356933594,31.8146536629354,30.9742663843154,31.214378356933594,25610570
2007-08-08,31.75463104248047,32.1147990623461,31.514521342008944,31.814659045791405,13421890
2007-08-09,30.974273681640625,32.114801194733786,30.794191972522814,32.114801194733786,17330590
2007-08-10,30.434019088745117,30.79418707524711,30.133881412765472,30.313965406016468,8690040
2007-08-13,30.5540714263916,30.734155398083413,30.313961776907593,30.734155398083413,8305230
2007-08-14,31.0343017578125,31.45449549704979,30.55408001114525,30.91424805572498,9399060
2007-08-15,29.71369743347168,30.914253154538535,29.71369743347168,30.674141085216053,9987890
2007-08-16,28.81327247619629,29.653659753906688,28.693216490017136,29.263478955210356,11938200
2007-08-17,28.81327247619629,29.3535197884588,28.39307883734109,29.113410128872335,10272710
2007-08-20,30.49404525756836,30.67412924001854,29.77371395331138,30.313963587890054,11703880
2007-08-21,29.653667449951172,30.614108650333097,29.41355541527636,30.614108650333097,7614390
2007-08-22,28.933326721191406,29.923782844806627,28.603176221834257,29.893770004054844,6874060
2007-08-23,29.53360939025879,29.773719095556714,29.17344367592576,29.53360939025879,7049800
2007-08-24,29.593637466430664,29.863760018255263,29.233469438453287,29.653665471093557,5540860
2007-08-27,30.854211807250977,31.034293468669315,29.953796561843966,30.19390621465901,12979510
2007-08-28,30.854211807250977,31.214377442859426,30.37399018884912,30.854211807250977,5660040
2007-08-29,30.614105224609375,30.85421723241561,30.013829830638144,30.013829830638144,9815180
2007-08-30,30.794187545776367,31.57454690291039,30.61410354977372,31.094325226342058,15944870
2007-08-31,31.09432029724121,31.154348286393066,30.91423864255733,30.974264318937497,3944050
2007-09-03,30.794187545776367,31.094325226342058,30.434019553771076,31.034297227674507,5433800
2007-09-04,31.454496383666992,31.514524392788974,30.614108881504155,30.614108881504155,16054960
2007-09-05,30.614105224609375,31.81465832532401,30.61410522460937,31.81465832532401,9461680
2007-09-06,30.73415756225586,31.09432321822912,30.313963911491744,30.434017588301558,6498340
2007-09-07,31.09432029724121,31.454485919380655,30.674126685949908,30.854210653405474,7216450
2007-09-10,31.214378356933594,31.274406350088146,30.434016758696302,30.674128731314497,8525410
2007-09-11,31.334434509277344,31.39446250718059,30.91424314949866,31.214380826242873,5792350
2007-09-12,31.874692916870117,32.294886704627345,31.33444310039006,31.454499129112886,18065870
2007-09-13,31.574542999267578,32.17481828618536,31.574542999267578,32.17481828618536,9419260
2007-09-14,32.114803314208984,32.234857023953225,31.75463524665863,31.814663257917022,10026270
2007-09-17,32.53498458862305,33.13526220063242,32.23484693900427,32.41493091643863,15942850
2007-09-18,32.53498458862305,32.53498458862305,32.53498458862305,32.53498458862305,0
2007-09-19,32.53498458862305,33.49542784272931,32.41493091643863,33.31534617806677,18470880
2007-09-20,32.7150764465332,33.13527018232536,32.35491071767884,33.01521416844978,7447740
2007-09-21,32.29487609863281,33.31534738209745,32.05476643281449,32.77509774304135,11369570
2007-09-26,34.21576690673828,34.33582291899227,32.534991986271784,33.315353753150376,17953760
2007-09-27,36.19667434692383,36.2567023444303,34.81603965536293,34.81603965536293,32333130
2007-09-28,35.836509704589844,36.61686906905735,35.77648170535818,36.61686906905735,12049300
2007-10-01,36.61687469482422,36.61687469482422,36.016599235826206,36.61687469482422,7637620
2007-10-02,36.0165901184082,37.397224712266414,35.776478145374185,37.21714304526275,10677720
2007-10-03,36.7369270324707,36.91701103979786,35.41631791705479,36.3167333281462,8324420
2007-10-04,38.53775405883789,38.83788941594329,36.97703540014921,37.21714507349672,19577840
2007-10-05,37.51729202270508,38.59778928917133,37.09709825583944,38.537763590566996,13392600
2007-10-08,36.9170036315918,37.75738855882696,36.25669805000253,37.63733489080578,11859420
2007-10-09,36.61687469482422,37.637346213002246,36.55684668636993,37.21715246659466,11665500
2007-10-11,37.697364807128906,37.817418481283525,36.73692153726086,37.15711517873165,9456630
2007-10-12,36.9170036315918,38.11755650120569,36.79694765079889,38.11755650120569,4832850
2007-10-15,37.21714782714844,37.637341521175166,36.67689813117918,37.15711982617717,4363200
2007-10-16,37.3972282409668,37.51728423881196,36.73692487836252,36.73692487836252,5402490
2007-10-17,38.777862548828125,39.078000209546396,37.39722560908902,37.697365582579195,16341800
2007-10-18,41.29903030395508,41.41908631036997,39.13803606512042,39.25808744599085,18598140
2007-10-19,41.29903030395508,42.019361716899965,40.9388622847104,42.019361716899965,18295140
2007-10-22,39.498199462890625,40.45864288876426,39.1980617595947,39.498199462890625,9373810
2007-10-23,39.498199462890625,39.978423488599674,38.41770234336196,39.73831147574515,7468950
2007-10-24,38.177589416503906,40.15850179126556,37.99750542208374,39.918389798705334,9135450
2007-10-25,38.95795440673828,39.258092145935514,38.29765091794988,38.29765091794988,6898300
2007-10-26,38.837894439697266,39.31811847405408,38.23761902229578,38.95795044828647,4996470
2007-10-29,40.33858108520508,40.33858108520508,39.19805612636973,39.858361754053696,11295840
2007-10-30,38.71784210205078,40.45864503657021,38.71784210205078,40.45864503657021,10976680
2007-10-31,39.258079528808594,39.67827315374797,38.717832234437786,39.258079528808594,10843360
2007-11-01,37.51729202270508,39.43817913567515,36.91701653448134,39.318123112921384,11873560
2007-11-02,36.9170036315918,37.397222929219964,36.61686367960952,36.9170036315918,7980010
2007-11-05,36.9170036315918,37.21714127080234,35.89653242039554,36.61686367960952,7370980
2007-11-06,37.93748474121094,38.11756877036517,36.97704352403916,37.097097230702836,5937790
2007-11-07,36.61687469482422,38.417705697363125,36.61687469482422,38.29764968045455,6231700
2007-11-08,35.296260833740234,36.01659452826785,34.816041454418,35.47634483556517,8605200
2007-11-09,35.65642166137695,36.49680656244575,35.05614408887449,35.47633769579472,8231500
2007-11-12,35.05615234375,35.71645806026589,34.575930635221766,34.81604264587199,6515510
2007-11-13,36.376766204833984,36.376766204833984,35.356294652121385,35.71646271503584,6022630
2007-11-14,36.076622009277344,37.81742243798562,35.89653801004609,37.337203065579814,9697010
2007-11-15,36.61687469482422,36.61687469482422,36.016599235826206,36.076627244280495,4304620
2007-11-16,35.71645736694336,36.25670475487474,35.11617966474252,36.016595061657696,7049800
2007-11-19,36.19667434692383,36.556840019190666,35.89653667216346,35.89653667216346,5840830
2007-11-20,35.47634506225586,35.7164570662234,34.395847982718344,35.23623537106046,6166050
2007-11-21,35.47634506225586,36.01659475841068,35.41631706126397,35.536373063247744,5380270
2007-11-22,33.97565460205078,34.99612369001258,33.915626600505,34.816041998147405,8704180
2007-11-23,33.6154899597168,34.455877382167635,33.43540594943209,34.03568367094222,6606410
2007-11-26,34.3358154296875,34.45587141575496,33.495428152758954,34.215759443620044,6108480
2007-11-27,34.21576690673828,34.33582291899227,32.17482626228215,33.375379446505036,6942740
2007-11-28,33.91562271118164,34.635954021581654,33.91562271118164,34.4558723503676,4674280
2007-11-29,34.996124267578125,34.996124267578125,34.3358208652214,34.996124267578125,4960110
2007-11-30,37.33720397949219,37.39722966793311,35.296261189336384,35.296261189336384,13583490
2007-12-03,36.7369270324707,38.23761784244158,36.61687102758593,37.337204744122374,8538540
2007-12-04,37.63733673095703,38.177586358167076,36.31672781598349,36.31672781598349,8269880
2007-12-05,37.57731246948242,37.93747815246707,37.15711878720498,37.51728447018963,5918600
2007-12-06,37.03705978393555,38.05753106358162,36.977034102284506,37.93747507473576,6039800
2007-12-07,35.89653396606445,37.45725253248832,35.77647798010205,37.217142873335355,7070000
2007-12-10,34.816043853759766,36.13665070706352,34.515906142806394,36.07662501509068,3631960
2007-12-11,36.0165901184082,36.0165901184082,34.275787564998964,34.81603719155366,6848810
2007-12-12,35.356285095214844,36.61686603635922,34.8160377724186,34.8160377724186,6335730
2007-12-13,33.19529724121094,36.13665099497908,33.07524123076414,35.53637556828969,8415320
2007-12-14,32.17481994628906,33.55545687787064,30.914241316166088,33.31534721326909,10579750
2007-12-17,29.923786163330078,31.87468578616191,29.923786163330078,31.814657785229404,11291800
2007-12-18,30.25394058227539,30.313968586323398,28.092944000408483,28.813277736212296,11453400
2007-12-19,32.35491180419922,32.35491180419922,30.434024768773536,31.214386572398002,7214430
2007-12-20,31.694597244262695,33.315346099010455,31.694597244262695,32.47495883185464,7861840
2007-12-21,32.53498458862305,33.13526220063242,32.11479326681985,32.17481894652615,5271190
2007-12-24,33.735538482666016,34.09570413525539,33.195291160167905,33.4954288185304,6921530
2007-12-25,33.49543762207031,33.7355473493135,33.07524386481537,33.61549364207816,2233110
2007-12-26,33.67551803588867,34.21576544236533,33.55546202877286,33.85559973379014,4909610
2007-12-27,34.275794982910156,34.876072732634476,33.97565726443417,34.15573897041082,9435420
2007-12-28,34.03568649291992,34.75601796823864,33.61549274685526,33.97565848451462,4736900
2007-12-31,34.21576690673828,34.57593263072791,34.03568520112964,34.33582291899227,1687710
2008-01-02,33.55546188354492,34.93609670831239,33.49543388024682,34.575931001296,4013740
2008-01-03,31.334434509277344,33.07523719738343,31.214380826242873,33.07523719738343,8413300
2008-01-04,32.114803314208984,32.114803314208984,30.854222016100373,30.914250027358765,8743570
2008-01-07,29.893770217895508,30.974267184267138,29.893770217895508,30.734157518219632,9716200
2008-01-08,30.854211807250977,31.094321460066016,30.01382455324067,30.313962197452415,4045050
2008-01-09,31.994731903076172,31.994731903076172,30.013820048177916,30.013820048177916,6316540
2008-01-10,31.81465721130371,32.414934897027834,31.274409838201315,31.814657211303714,4239980
2008-01-11,31.81465721130371,32.77510058335346,31.75462921145409,32.11479721055182,3663270
2008-01-14,30.794187545776367,32.414934258711966,30.133881873205386,32.294878261376866,5603480
2008-01-15,29.95380401611328,31.694604635972468,29.653666297209607,30.914247491931857,11808920
2008-01-16,27.882850646972656,28.693222954321346,27.882850646972653,28.33305722741389,18461790
2008-01-17,27.072467803955078,28.453104598394184,25.991970951419027,28.0329086797299,17251810
2008-01-18,26.23208236694336,26.71230399370676,25.78187589278681,26.71230399370676,11044350
2008-01-21,25.361682891845703,26.712304660817463,25.361682891845703,25.991973359068773,18093140
2008-01-22,23.590871810913086,23.590871810913086,23.590871810913086,23.590871810913086,6348860
2008-01-23,22.930564880371094,24.551311679351496,22.66044002841233,24.551311679351496,23510780
2008-01-24,24.221160888671875,24.521298582078344,23.71092403455429,23.71092403455429,15674190
2008-01-25,25.901927947998047,25.901927947998047,24.881459078502854,24.881459078502854,11595810
2008-01-28,26.17206382751465,26.712313641851246,25.601801162502753,26.712313641851246,10902950
2008-01-29,26.2921142578125,26.772335955780118,25.751864558502408,26.412170260497444,7092220
2008-01-30,26.112030029296875,26.472195721483164,25.3916986449243,26.412170033428897,7268970
2008-01-31,24.401241302490234,26.021987999939252,24.311200461735297,25.991975157278286,16749840
2008-02-01,25.151588439941406,25.211616439540002,24.6413515997394,25.03153244074422,4408650
2008-02-12,23.410783767700195,24.731392711400776,23.4107837677002,24.551308727489467,8360780
2008-02-13,23.710920333862305,23.710920333862305,22.870533073270263,23.470810679166775,5026770
2008-02-14,25.361682891845703,25.361682891845703,24.311198779807256,24.311198779807256,8671860
2008-02-15,27.132503509521484,27.132503509521484,24.971506877034393,25.331672596986856,12298770
2008-02-18,28.212993621826172,28.993352872252952,27.252552712793374,27.61271834277714,16544810
2008-02-19,27.882850646972656,28.78326380785512,27.0724760268516,28.78326380785512,13304730
2008-02-20,27.072467803955078,27.612717386608928,26.922398989389375,27.612717386608928,8157770
2008-02-21,28.483118057250977,28.51313089570986,27.432634019614415,27.432634019614415,11596820
2008-02-22,27.97288703918457,28.212996714570966,27.79280304806578,28.122955875397565,3292600
2008-02-25,27.76279640197754,28.51314075050287,27.31258748008983,28.333059031965796,5375220
2008-02-26,27.672748565673828,28.03291425481429,27.43263887717089,27.912860566948883,5845880
2008-02-27,28.81327247619629,28.993354142693182,27.912857205396314,27.912857205396314,17198280
2008-02-29,28.81327247619629,29.023369295623887,28.453106830430666,28.81327247619629,5552980
2008-03-03,27.282569885253906,27.912860416035013,26.832361041683342,27.732776416052364,6936680
2008-03-04,27.612720489501953,27.792802162108245,27.282567672694526,27.282567672694526,9109190
2008-03-05,27.462648391723633,27.912857183150738,26.922401079891678,27.912857183150738,6865980
2008-03-06,27.702756881713867,27.732769718076266,27.132494488655876,27.462644939728474,8841540
2008-03-07,26.682292938232422,27.43263948981606,26.442183244367186,27.252557797610176,9566720
2008-03-10,25.511754989624023,26.682292926776203,25.51175498962402,26.472196077444764,8020410
2008-03-11,25.481740951538086,25.511756110059178,24.43125665874532,25.271644092979532,20288880
2008-03-12,25.571781158447266,26.352140498208623,25.511753161116083,26.352140498208623,7404310
2008-03-13,25.541767120361328,25.961960807283067,25.481739120405067,25.51175427676925,6277150
2008-03-14,25.091564178466797,25.96196452038783,24.5513144143655,25.811895655420233,6302400
2008-03-17,24.46126937866211,24.611338217990017,24.01106054790634,24.491282221418874,6489250
2008-03-18,24.731401443481445,24.731401443481445,23.951041863216144,24.521304544457223,7009400
2008-03-19,25.39170265197754,25.541771521339783,24.911480882354862,25.21162093385185,5908500
2008-03-20,24.97150421142578,25.511753890071134,24.491282531826812,25.241629050748458,8029500
2008-03-21,25.721853256225586,25.721853256225582,25.06154751464565,25.151590678443466,6141810
2008-03-24,25.571781158447266,27.31258151719152,25.4517251637849,27.31258151719152,8842550
2008-03-25,26.17206382751465,26.32213270643645,25.75187004142455,25.8118980555478,9004150
2008-03-26,25.45172691345215,26.412170311232288,25.361686067651558,26.412170311232288,4177360
2008-03-27,25.091564178466797,25.451729916943513,24.851454457073128,25.451729916943513,2442180
2008-03-28,25.511754989624023,25.72185183895546,25.15158929259472,25.15158929259472,3669330
2008-03-31,25.211612701416016,25.721847153193504,25.091556720019515,25.511750342135507,3585500
2008-04-01,25.211612701416016,25.571778332833755,25.151584710717763,25.511750342135507,4352090
2008-04-02,26.2921142578125,26.53222395041023,25.511754865904678,25.751864558502408,9991930
2008-04-03,26.41217041015625,27.012445801437984,26.112030401743212,26.112030401743212,8025460
2008-04-07,26.532222747802734,27.19252841986855,26.53222274780273,26.712306743667607,7096260
2008-04-08,26.532222747802734,26.89238842676043,26.502209904877947,26.53222274780273,7958800
2008-04-09,25.841903686523438,26.772334176331576,25.84190368652344,26.71230617897892,7169990
2008-04-10,26.202072143554688,26.412171313011783,25.811893588438398,25.811893588438398,3605700
2008-04-11,26.41217041015625,26.592252102431903,26.1420455589706,26.41217041015625,4720740
2008-04-14,25.631811141967773,26.412172925383228,25.45172943254297,26.412172925383228,4449050
2008-04-15,25.69184112548828,25.871925161536875,25.571787414228456,25.631813113472084,4279370
2008-04-16,26.23208236694336,26.2620952067784,25.72184790034491,25.991972709947564,8098180
2008-04-17,27.792804718017578,27.792804718017575,26.6522796440519,26.77233564534475,24225860
2008-04-18,26.74231719970703,27.972885279685865,26.652276366197217,27.91285728642204,15756000
2008-04-21,27.2525634765625,27.312589177957978,26.95242340572186,27.012451419889988,6448850
2008-04-22,27.04245376586914,27.432634550008803,26.89238494512981,27.432634550008803,6234730
2008-04-23,27.312583923339844,27.372611925959298,26.682293364993928,27.042459067938424,9381890
2008-04-24,26.59225082397461,27.37261018278737,26.53222282517793,27.31258218399069,8305230
2008-04-25,26.2921142578125,26.892389645692905,26.262099100755183,26.772335955780118,4407640
2008-04-28,24.911483764648438,25.871927415018472,24.491289956708147,25.81189939777375,18968810
2008-04-29,25.091564178466797,25.361689060517442,24.971508161383742,25.211620195549845,8577930
2008-04-30,25.12157440185547,25.331671253415397,24.971505552565834,25.331671253415397,5903450
2008-05-02,25.421716690063477,25.481742384937686,25.21161981968655,25.331673522207364,4868200
2008-05-05,24.851449966430664,25.51175331552615,24.731393971041662,25.51175331552615,3729930
2008-05-06,25.211612701416016,25.211612701416012,24.641347946168526,24.85144706999827,3422890
2008-05-07,25.66182518005371,26.172059751478432,25.271644305405676,25.511756324503633,9777810
2008-05-08,25.69184112548828,25.991981185569273,25.361690528558047,25.66182827586647,4020810
2008-05-09,25.69184112548828,25.991981185569273,25.481744239817875,25.931953173553072,6811440
2008-05-12,25.841903686523438,25.96195968122875,25.511753170241846,25.691834849527805,2115950
2008-05-13,26.17206382751465,26.352147869884398,25.87192606967105,25.9319540837943,4955060
2008-05-14,26.74231719970703,27.19252599279981,26.472192386405737,26.77233235272487,13749130
2008-05-15,26.802345275878906,27.01244209656627,26.472192468292516,27.01244209656627,5853960
2008-05-16,27.312583923339844,27.612723936437096,26.8923902177759,27.072474225634252,12200800
2008-05-19,27.192527770996094,27.61272143854869,26.83235978786073,27.552693441359462,4376330
2008-05-20,26.652280807495117,27.73277792798095,26.652280807495117,27.552696230952762,12216960
2008-05-21,26.712305068969727,26.952414735630764,26.35213941259221,26.59224907925325,4289470
2008-05-22,26.142044067382812,26.44218174589871,25.931947229867276,26.292112906640764,7571970
2008-05-23,24.67136573791504,26.44218124553035,24.67136573791504,26.17205641486883,10573690
2008-05-26,24.61133575439453,25.00151423503581,24.28118295325821,24.61133575439453,5985260
2008-05-27,24.52130126953125,25.031535866796695,24.311204398566375,24.911479851167506,7110400
2008-05-28,24.851449966430664,24.851449966430668,24.461269137802415,24.61133797565266,5711550
2008-05-29,24.341215133666992,25.211617702283256,24.281187131061852,25.091561697072972,7979000
2008-05-30,25.06154441833496,25.06154441833496,23.200688058927575,24.431253913483037,11604900
2008-06-02,25.001516342163086,25.001516342163086,24.701378668255458,24.911475502545198,1787700
2008-06-03,24.43125343322754,24.88146224942726,24.311199753309985,24.641350264048217,2094740
2008-06-04,24.311203002929688,24.581327866202066,24.19114699419257,24.52129986183351,3409760
2008-06-05,24.851449966430664,24.91147565135315,24.251172302257665,24.461269137802415,2476520
2008-06-06,24.49128532409668,25.211619082006965,24.49128532409668,25.211619082006965,3851130
2008-06-09,24.61133575439453,24.731391738948066,23.680907656034147,23.680907656034147,2790630
2008-06-10,24.011064529418945,24.641355146774128,23.95103883395196,24.641355146774128,3702660
2008-06-11,23.710920333862305,24.371223618853854,23.590866662900435,24.131113964158324,5083330
2008-06-12,22.930564880371094,23.41078658243421,22.810508876662272,23.350758580579797,5068180
2008-06-13,22.930564880371094,23.41078658243421,22.930564880371094,22.930564880371094,4862140
2008-06-16,23.410783767700195,23.710921428113817,23.230699783788886,23.4107837677002,3174430
2008-06-17,23.410783767700195,23.95103340666223,23.14065894821918,23.891005412025127,3762250
2008-06-18,23.710920333862305,23.770948325729133,23.320741855885593,23.470810679166775,4065250
2008-06-19,23.26072120666504,23.44080292633963,23.170678034055225,23.410790077318037,3745080
2008-06-20,23.410783767700195,23.470811762337302,23.11064610728658,23.4107837677002,2939100
2008-06-23,23.050617218017578,23.290726874475048,22.8105052487883,23.17067088986041,2217960
2008-06-24,22.33028793334961,23.29072895786412,22.330287933349606,22.990591282251586,3053230
2008-06-25,22.33028793334961,22.75048160431596,21.609954273998703,22.210231937995786,6334720
2008-06-26,22.12018585205078,22.69044822558533,21.97011473706196,22.69044822558533,3634990
2008-06-27,21.189760208129883,21.309813875370963,20.61949545945494,20.949648248104282,6537730
2008-06-30,20.70954132080078,21.309816674160327,20.469429329239343,21.219775833710802,3780430
2008-07-01,20.64951515197754,21.129736864864874,20.64951515197754,20.679527997195148,3416830
2008-07-02,21.309816360473633,21.579941190617923,20.709541015950315,20.709541015950315,3585500
2008-07-03,21.33983039855957,21.790039244955533,20.76956786419385,20.76956786419385,3565300
2008-07-04,20.52945899963379,21.549930421362124,20.52945899963379,21.549930421362124,2398750
2008-07-07,20.52945899963379,20.769568697984578,20.19930614072577,20.58948700241454,4214730
2008-07-08,19.148822784423828,20.529458735944882,19.118808783418967,20.529458735944882,7951730
2008-07-09,19.118810653686523,19.719088419732827,19.118810653686523,19.50899154853248,9996980
2008-07-10,18.30843734741211,19.208852848681563,18.30843734741211,18.968741971250626,8546620
2008-07-11,18.75864601135254,18.75864601135254,18.338452244486906,18.608577139296603,10835280
2008-07-14,18.42848777770996,18.99875140816139,18.42848777770996,18.728626591441554,5057070
2008-07-15,17.798200607299805,18.21839314685969,17.798200607299805,18.21839314685969,6283210
2008-07-16,18.60857391357422,19.028767607600944,18.00829737301976,18.00829737301976,8854670
2008-07-17,19.298891067504883,19.508989068381965,19.02876737914932,19.32890506763018,15868110
2008-07-18,19.6590576171875,20.109264143143122,19.20884993484584,19.448960775853795,16337760
2008-07-21,19.809125900268555,20.409401251272925,19.569013909649193,20.3493755663901,14463200
2008-07-22,19.028766632080078,19.74909798126279,18.96873863418618,19.74909798126279,15163130
2008-07-23,19.899168014526367,19.98921117316018,19.328905469448983,19.44896147244596,13876390
2008-07-24,20.52945899963379,20.58948700241454,19.38893388511617,19.89916843959423,16380180
2008-07-25,20.409400939941406,20.499444091436125,19.92918159157213,19.95919443355572,17317460
2008-07-28,20.207334518432617,20.207334518432617,20.207334518432617,20.207334518432617,0
2008-07-29,19.6590576171875,20.049236143794623,19.26887793419434,20.049236143794623,6714480
2008-07-30,20.139278411865234,20.349377580841587,19.809127861238952,20.16929357004996,11245340
2008-07-31,19.98921012878418,20.52945748849994,19.62904213861095,20.40940149177553,9313210
2008-08-01,18.60857391357422,19.26887845509994,18.60857391357422,19.26887845509994,9654590
2008-08-04,17.408021926879883,18.128353358276893,17.317979919762188,18.128353358276893,23783480
2008-08-05,17.70815658569336,17.828211418105088,17.2879629376734,17.828211418105088,15151010
2008-08-06,18.9387264251709,18.9387264251709,18.06832499899031,18.248407853305928,9540460
2008-08-07,18.899795532226562,19.286109396609344,18.424328934319504,18.780929460942787,8987081
2008-08-08,20.409400939941406,20.409400939941406,19.32890393695257,19.32890393695257,14162220
2008-08-11,21.820049285888672,21.820049285888672,21.189758898921514,21.189758898921514,25087390
2008-08-12,22.57555389404297,22.70455755125981,21.80153441128205,21.898287769329702,20562000
2008-08-13,22.38205337524414,22.833565020614355,21.962792034427405,22.833565020614355,14551000
2008-08-14,22.672311782836914,23.027070065671648,21.60803447379211,22.253050428233664,24801000
2008-08-15,22.124046325683594,23.059319933995724,22.09179602068122,22.898065948443307,15986000
2008-08-18,21.059772491455078,22.511058429932483,21.027519724389713,22.511058429932483,6515000
2008-08-19,21.511280059814453,21.60803343253453,20.41475372826589,20.672759851555536,5069000
2008-08-20,21.188772201538086,21.57578323376657,20.96301761147684,21.317775878947582,5375000
2008-08-21,21.059772491455078,21.7370387706364,21.059772491455078,21.414530784308088,5766000
2008-08-22,20.414752960205078,21.285524670033205,20.18899714946887,21.221024064340167,3970000
2008-08-25,20.672758102416992,20.963015735477818,20.64050780108585,20.963015735477818,2995000
2008-08-26,20.995267868041992,21.12427154515869,20.318001638854927,20.511505924259733,2534000
2008-08-27,22.44655418395996,22.44655418395996,20.995268321283145,21.027518626123413,9689000
2008-08-28,22.44655418395996,23.1238204277677,22.414303879119693,23.059319818087168,14954000
2008-08-29,22.83356285095215,23.252821691390082,22.672308882966725,22.898063453930206,7703000
2008-09-01,21.285526275634766,22.57555817112778,21.253275970355556,22.57555817112778,6197000
2008-09-02,21.285526275634766,21.704787625886226,20.769514009545674,21.285526275634766,4454000
2008-09-03,21.253276824951172,21.704788498637157,20.866265764417186,21.672535731520487,7048000
2008-09-04,22.156299591064453,22.543310684424455,21.511283562672,21.737040648933885,11140000
2008-09-05,22.44655418395996,22.962566443025832,21.672534565090885,21.801538244992486,14184000
2008-09-08,22.8980655670166,23.57533180294702,22.672310975219965,23.28507414167955,15352000
2008-09-09,21.31777572631836,22.31754991313798,21.31777572631836,22.156295932665767,5900000
2008-09-10,19.866491317749023,21.09202264088504,19.834241011464528,20.640510971280158,13612000
2008-09-11,19.124719619750977,20.28574888264993,19.124719619750977,19.86648759783442,6555000
2008-09-12,19.414979934692383,20.253500160033774,18.47970633465984,19.70523636795505,10229000
2008-09-15,18.06044578552246,18.769963544579177,18.06044578552246,18.769963544579177,10756000
2008-09-16,17.73793601989746,18.31845004358554,16.802662537649372,16.802662537649372,11766000
2008-09-17,17.77018928527832,18.7699647659069,17.4154309978016,18.38295494212391,7641000
2008-09-18,17.28642463684082,17.318676168153917,16.54465664042129,16.54465664042129,10869000
2008-09-19,18.06044578552246,18.318451907833023,17.802439663211903,17.995943947377263,9156000
2008-09-22,17.866939544677734,18.382951732788314,17.092920032241764,18.382951732788314,10474000
2008-09-23,18.06044578552246,18.51195742226862,17.54443354090134,17.54443354090134,6945000
2008-09-24,18.415205001831055,18.931218503396085,18.060446719099716,18.189450402058547,8132000
2008-09-25,18.253948211669922,18.834463465617464,18.189447610360293,18.253948211669922,5303000
2008-09-26,17.415428161621094,18.44745378021563,17.415428161621094,18.382951948377823,7161000
2008-09-29,17.415428161621094,17.415428161621094,17.415428161621094,17.415428161621094,0
2008-09-30,16.222150802612305,16.41565632465519,16.222150802612305,16.222150802612305,5755000
2008-10-01,16.31890296936035,16.60916063766059,16.12539867734038,16.60916063766059,5121000
2008-10-02,16.31890296936035,16.641410942907157,16.12539867734038,16.31890296936035,3182000
2008-10-03,16.802663803100586,17.09292145193972,15.931893317123594,16.125397596169545,3346000
2008-10-06,15.867392539978027,16.41565634090344,15.867392539978026,16.060896831942156,4758000
2008-10-07,15.899641036987305,16.544656910538677,15.157873028457255,15.157873028457255,4422000
2008-10-08,14.803115844726562,15.480382068097747,14.803115844726562,15.190124412212821,5119000
2008-10-09,13.771090507507324,14.512858589353563,13.771090507507324,13.86784265204896,6496000
2008-10-13,13.31957721710205,13.31957721710205,13.31957721710205,13.31957721710205,639000
2008-10-14,14.222601890563965,14.222601890563965,13.738839904758791,13.738839904758791,7661000
2008-10-15,14.029096603393555,14.061346908074858,13.738838940180754,13.738838940180754,4758000
2008-10-16,13.54533576965332,13.54533576965332,13.54533576965332,13.54533576965332,1143000
2008-10-17,13.093822479248047,13.77108992282515,13.093822479248049,13.545334108299448,3680000
2008-10-20,13.416332244873047,13.448583782883787,12.642313786670975,12.642313786670975,4109000
2008-10-21,13.416332244873047,14.029097934102936,13.0293236309072,13.73884024335817,7513000
2008-10-22,12.964821815490723,13.22282796882842,12.964821815490723,12.964821815490723,5719000
2008-10-23,12.513307571411133,12.513307571411133,12.513307571411133,12.513307571411133,1256000
2008-10-24,12.094049453735352,12.094049453735353,12.094049453735353,12.094049453735353,1620000
2008-10-27,11.25552749633789,11.25552749633789,11.25552749633789,11.25552749633789,1651000
2008-10-28,12.029548645019531,12.029548645019533,10.48151042787916,10.48151042787916,12017000
2008-10-29,11.19102668762207,12.771314985877302,11.19102668762207,12.771314985877302,13593000
2008-10-30,11.932795524597168,11.965045831204161,11.09427525011199,11.223277706810297,12599000
2008-10-31,11.803790092468262,11.997295594311934,11.287777881425447,11.932793760364042,14814000
2008-11-03,12.610060691833496,12.610060691833496,11.578036208310213,11.803790795162039,9843000
2008-11-04,12.448805809020996,12.771313744283407,12.126297873758586,12.610059776652202,8727000
2008-11-05,12.448805809020996,12.997069545021123,12.384305206184626,12.706813141447036,8618000
2008-11-06,11.578036308288574,11.771540593052576,11.578036308288574,11.578036308288574,5314000
2008-11-07,11.610286712646484,11.70703885586449,10.771766497730116,10.771766497730116,6372000
2008-11-10,11.352279663085938,11.610285767418997,11.094273558752878,11.545783933768195,4779000
2008-11-11,10.771764755249023,11.352278750921176,10.61051079921398,10.965269010383057,7258000
2008-11-12,10.771764755249023,11.062021137950074,10.513757441376912,10.739513225879985,4236000
2008-11-13,10.029998779296875,10.25575400698068,10.029998779296875,10.159001854421218,4504000
2008-11-14,9.352730751037598,10.126749724648171,9.352730751037598,9.933244827461749,12137000
2008-11-17,8.707714080810547,8.901218961188905,8.707714080810547,8.707714080810547,8190000
2008-11-18,8.127201080322266,8.191702305163949,8.127201080322266,8.127201080322266,3705000
2008-11-19,8.127201080322266,8.191702305163949,7.578937285924722,7.61118820591313,14596000
2008-11-20,7.5789361000061035,7.836942189271445,7.5789361000061035,7.740190059580701,10721000
2008-11-21,8.094950675964355,8.094950675964355,7.127426705493759,7.127426705493759,11706000
2008-11-24,7.546684741973877,8.288453281546419,7.546684741973877,8.09494841839119,8819000
2008-11-25,8.062697410583496,8.062697410583496,7.611186478617819,7.6756876888214896,22440000
2008-11-26,8.54646110534668,8.578712024997655,7.933696092518661,8.127200995289385,12800000
2008-11-27,9.126974105834961,9.126974105834961,8.868968009786114,8.868968009786114,9551000
2008-11-28,9.610735893249512,9.707488639571853,9.094723706737227,9.191475837924518,32423000
2008-12-01,9.610735893249512,9.933243817387215,9.35272979999337,9.546234677503001,16058000
2008-12-02,9.255979537963867,9.320480766735795,8.965721855517096,8.965721855517096,10230000
2008-12-03,9.288228988647461,9.546235725359129,9.062473786051758,9.384981745590006,8033000
2008-12-04,9.03022289276123,9.481733914372269,9.03022289276123,9.417232691362187,7565000000
2008-12-05,8.64321231842041,8.901219032709639,8.546460185021363,8.707714150776482,6532000
2008-12-08,9.223727226257324,9.223727226257324,8.804466534302172,8.836717451396426,6384000
2008-12-09,9.546236038208008,9.707490023261741,9.223728068100542,9.384982053154275,11395000
2008-12-10,10.062249183654785,10.062249183654785,9.610737521269707,9.610737521269707,15429000
2008-12-11,10.159002304077148,10.642764318557013,9.80424337043154,10.062250147235261,25542000
2008-12-12,9.449483871459961,9.96549677906114,9.449483871459961,9.739741554891058,11611000
2008-12-15,9.417232513427734,9.93324474829903,9.15922578085698,9.610736793936917,15352000
2008-12-16,9.352730751037598,9.41723258847811,9.159225853851177,9.41723258847811,5020000
2008-12-17,9.320480346679688,9.804242308775192,9.255979120814708,9.610737400909962,12163000
2008-12-18,9.481734275817871,9.578487036723903,9.288229369140947,9.578487036723903,5115000
2008-12-19,9.610735893249512,9.610735893249512,9.610735893249512,9.610735893249512,9186000000
2008-12-22,9.126974105834961,9.73973966043732,9.126974105834961,9.64298691306771,8104000
2008-12-23,8.514211654663086,9.126976773212222,8.514211654663086,9.09472646313219,8693000
2008-12-24,8.288454055786133,8.514209237942936,8.062698258494269,8.191701307603166,10222000
2008-12-25,8.35295295715332,8.417454771393997,7.998194209099379,8.191699036686519,7465000
2008-12-26,8.385208129882812,8.57871305590715,8.352957206356223,8.352957206356223,8627000
2008-12-29,8.159451484680176,8.385207312216998,8.159451484680176,8.385207312216998,3933000
2008-12-30,8.449708938598633,8.546461082153872,8.19170219722612,8.19170219722612,10711000
2008-12-31,8.772217750549316,9.030223901686277,8.44970975406052,8.578712829629001,16808000
2009-01-02,8.772217750549316,8.772217750549316,8.772217750549316,8.772217750549316,0
2009-01-05,9.159225463867188,9.384981270161571,9.030222409614003,9.094724244308138,17316000
2009-01-06,9.320480346679688,9.35273126717975,9.126975438814457,9.35273126717975,13945000
2009-01-07,9.804243087768555,9.933246164883563,9.513986010475987,9.610738164528446,18922000
2009-01-08,9.126974105834961,9.546234780833156,9.126974105834961,9.546234780833156,9964000
2009-01-09,8.739965438842773,9.030222466525505,8.70771452129245,8.933470329009623,11064000
2009-01-12,8.80446720123291,8.997972103321187,8.6754641382191,8.997972103321187,5413000
2009-01-13,8.965720176696777,8.965720176696777,8.578711031126698,8.578711031126698,3766000
2009-01-14,8.707714080810547,9.030222009729457,8.675463164891646,8.965720177891653,11209000
2009-01-15,8.127201080322266,8.707715179573084,8.127201080322266,8.15945138517554,9249000
2009-01-16,8.223954200744629,8.288456048373181,7.998198349179909,8.127202044437011,11896000
2009-01-19,8.288454055786133,8.449708020956018,8.256203139725143,8.38520618883404,4208000
2009-01-20,8.030448913574219,8.223953832663936,7.998197991203402,8.223953832663936,4997000
2009-01-21,8.030448913574219,8.094950758315852,7.804693687248866,7.804693687248866,4752000
2009-02-02,8.127201080322266,8.15945138517554,7.933696175526949,8.15945138517554,2458000
2009-02-03,8.449708938598633,8.514210162590416,8.127200973234336,8.19170219722612,5692000
2009-02-04,8.772217750549316,8.836718980765964,8.481960061601251,8.610963752304919,8332000
2009-02-05,8.54646110534668,8.70771508846643,8.514210185695704,8.70771508846643,3961000
2009-02-06,8.933469772338867,9.062472819366512,8.643212147607853,8.7077139786892,11862000
2009-02-09,8.86896800994873,9.223726853373691,8.83671709415827,9.062472889556442,10318000
2009-02-10,9.159225463867188,9.28822851812037,8.868968438013754,8.868968438013754,7586000
2009-02-11,9.288228988647461,9.449482968416584,8.933470725263483,8.965721029109215,11911000
2009-02-12,9.223727226257324,9.804241273413592,9.159225392068816,9.288228445310754,41076000
2009-02-13,9.836493492126465,9.868744413488338,9.320480595741978,9.417233359827598,42799000
2009-02-16,10.513758659362793,10.513758659362795,9.900994293604828,9.900994293604828,38329000
2009-02-17,10.126749992370605,10.836267147298281,10.126749992370605,10.642762860131269,51730000
2009-02-18,9.868743896484375,10.126750023592608,9.610737154241015,9.99774696003849,29869000
2009-02-19,10.126749992370605,10.320254894672745,9.449483141880682,9.675238963755698,44282000
2009-02-20,9.675239562988281,10.191252462708023,9.675239562988281,9.93324570528057,18712000
2009-02-23,9.900994300842285,9.997746439688456,9.610736654033575,9.675238490021087,19972000
2009-02-24,9.675239562988281,9.804242634134425,9.481734648701483,9.642988641417954,14437000
2009-02-25,9.707489967346191,9.965496095891984,9.675239047494184,9.868743951471094,16612000
2009-02-26,9.804243087768555,9.965497087946115,9.707490933716098,9.868744933893657,14005000
2009-02-27,10.191250801086426,10.191250801086426,9.739739818123464,9.804241035612423,22425000
2009-03-02,9.642987251281738,9.997746107142856,9.642987251281738,9.997746107142856,20561000
2009-03-03,9.933245658874512,10.28800456422042,9.352731533861322,9.449483682985132,19163000
2009-03-04,10.610512733459473,10.610512733459473,9.99774709671405,9.99774709671405,31487000
2009-03-05,11.22327709197998,11.28777893193078,10.868518817655978,10.965270962447045,44558000
2009-03-06,11.352279663085938,11.7392894347206,10.965269891451275,10.965269891451275,39574000
2009-03-09,11.287776947021484,11.481281202576689,10.997519333418627,11.352278775629905,22079000
2009-03-10,11.4490327835083,11.674788605575191,11.158775122240833,11.158775122240833,23920000
2009-03-11,11.545783042907715,11.932792784681114,11.513532743705788,11.803789127333296,22314000
2009-03-12,11.416781425476074,11.803789964424979,11.28777775897968,11.739289361446923,20358000
2009-03-13,11.416781425476074,11.707037829687753,11.352279592227877,11.610285694950527,26430000
2009-03-16,11.513535499572754,11.674789494720073,11.352281504425433,11.513535499572754,16248000
2009-03-17,11.965045928955078,11.965045928955078,11.06202380360815,11.513535481416788,35890000
2009-03-18,11.610286712646484,11.965044981202583,11.545784873744399,11.965044981202583,28135000
2009-03-19,11.707039833068848,11.900545365927305,11.481283993202489,11.7392913703471,25954000
2009-03-20,11.513535499572754,12.061799329127712,11.513535499572754,11.674789494720073,35740000
2009-03-23,12.255303382873535,12.287553689141388,11.513535266279991,11.803791713501644,42975000
2009-03-24,11.997299194335938,12.642315266824207,11.997299194335938,12.384309083883004,43948000
2009-03-25,12.57780933380127,12.803565132000447,12.319803234546551,12.319803234546551,40356000
2009-03-26,13.029321670532227,13.222825948400747,12.481057909544498,12.706813720571233,32454000
2009-03-27,13.932339668273926,13.932339668273926,13.222822136829127,13.222822136829127,29256000
2009-03-30,12.964821815490723,14.190351966547572,12.964821815490723,14.061348274743533,40665000
2009-03-31,13.029321670532227,13.803340012276495,12.96481983448599,13.126073809466487,29459000
2009-04-02,13.771090507507324,13.86784265204896,13.158324874959844,13.86784265204896,20972000
2009-04-03,13.609838485717773,13.99684834996135,13.545336636632104,13.86784465179001,18592000
2009-04-06,14.416109085083008,14.545111558008221,13.867845191907005,13.99684889510271,24596000
2009-04-07,14.674114227294922,14.674114227294924,14.061348525695324,14.190352219801683,14369000
2009-04-08,13.996845245361328,14.48060716079635,13.674337301737982,14.448355628271912,21511000
2009-04-09,14.254851341247559,14.54510775208261,14.061345837087355,14.190349506527491,25116000
2009-04-10,14.351601600646973,14.641859203779296,14.125845823796277,14.51285555121604,20966000
2009-04-13,14.641863822937012,15.028872442178725,14.416107974865747,14.416107974865747,29380000
2009-04-14,14.73861312866211,14.932117400877129,14.545107626176932,14.706361596446168,19734000
2009-04-15,15.222376823425293,15.54488480175943,14.964370686812046,15.157874981704406,31612000
2009-04-16,15.3513765335083,15.867389944800312,15.286875933583124,15.867389944800312,29338000
2009-04-17,14.287102699279785,15.7383885515146,14.287102699279785,15.67388671202789,18219000
2009-04-20,13.642088890075684,14.38385708404756,13.319580872673088,14.287104924880873,16213000
2009-04-21,14.158099174499512,14.190349476656573,13.255075950859776,13.255075950859776,20462000
2009-04-22,15.12562084197998,15.12562084197998,13.996843203929831,14.02909350148041,32854000
2009-04-23,15.12562084197998,15.802886932702071,15.12562084197998,15.254623262452288,31763000
2009-04-24,15.448131561279297,15.609385539036824,14.99661993145013,15.480381864722716,17357000
2009-04-27,14.448356628417969,15.738388492210113,14.383854789174311,15.738388492210113,13452000
2009-04-28,14.093596458435059,14.835364434085305,13.900090966784935,14.641860172705272,17801000
2009-04-29,13.480834007263184,14.3193555363016,13.25507816366552,14.093599692703934,26414000
2009-04-30,14.416109085083008,14.41610908508301,13.99684889510271,14.319356922821477,12663000
2009-05-04,15.415882110595703,15.415882110595703,14.835367958282216,15.061123803701456,15786000
2009-05-05,15.157872200012207,15.706135908619856,14.835364280863011,15.706135908619856,17770000
2009-05-06,15.931896209716797,15.996396827596039,14.867618790923363,15.028872796162316,25266000
2009-05-07,17.028423309326172,17.028423309326172,15.996397393249032,16.1254010941101,40596000
2009-05-08,18.189451217651367,18.189451217651367,17.157425398516832,17.157425398516832,39610000
2009-05-11,19.44723129272461,19.44723129272461,18.286203036248942,18.447457029107802,33999000
2009-05-12,18.124948501586914,19.414980405895303,18.09269696581703,19.414980405895303,24926000
2009-05-13,18.705461502075195,19.027969459007526,18.060445588210534,18.640959664634686,23279000
2009-05-14,18.092697143554688,18.44745665888673,17.608935174686696,17.608935174686696,14889000
2009-05-15,18.479703903198242,18.834463359757816,18.157195977382322,18.382951771507486,17626000
2009-05-18,18.253948211669922,18.834463465617464,18.189447610360293,18.57645613929851,12023000
2009-05-19,18.76996421813965,19.09247219016861,18.18945011454157,18.802214523234433,21405000
2009-05-20,18.511959075927734,18.99572105982546,18.382955388113537,18.99572105982546,15694000
2009-05-21,18.511959075927734,18.93121921591836,18.06044739884839,18.511959075927734,18858000
2009-05-22,18.382959365844727,18.769969282758737,18.124953164658923,18.189455022523028,21468000
2009-05-25,17.544435501098633,18.57646010564648,17.544435501098633,18.38295579986135,23939000
2009-05-26,17.866939544677734,18.28619960130134,17.544431619541097,17.67343405143369,14694000
2009-05-27,18.76996421813965,19.09247219016861,18.124948274081724,18.15719857917651,33854000
2009-06-01,18.640960693359375,19.027970509089837,18.124948425898953,18.96346866808971,13571000
2009-06-02,18.3507022857666,18.96346663386024,18.253948919510094,18.96346663386024,12497000
2009-06-03,18.44745445251465,18.64095872481002,18.060444677653752,18.350702316366963,9646000
2009-06-04,17.96369171142578,18.834463357057967,17.802437748540935,18.44745360008032,16910000
2009-06-05,17.415428161621094,17.931440355783305,17.35092632978329,17.866939754215615,22184000
2009-06-08,16.447908401489258,17.60893673772151,16.28665439755309,17.60893673772151,21702000
2009-06-09,15.319124221801758,16.609155735216643,15.31912422180176,16.609155735216643,15679000
2009-06-10,15.706136703491211,15.835139139517523,15.157872967136502,15.48038090260749,9709000
2009-06-11,16.480152130126953,16.576905478074213,15.835136371918148,15.899638193793013,10447000
2009-06-12,15.577136039733887,16.673663723802267,15.415882040916205,16.641412185876504,12930000
2009-06-15,14.512858390808105,15.286877997092638,14.512858390808105,15.222376158190553,14304000
2009-06-16,14.448356628417969,14.867616738096364,14.19035050171359,14.319354180200907,20921000
2009-06-17,15.157872200012207,15.415878289277549,14.512856361713816,14.545106661520705,17065000
2009-06-18,14.448356628417969,15.222376238801358,14.25485234095725,15.157874399557699,8962000
2009-06-19,15.12562084197998,15.15787113953056,14.448353520987895,14.448353520987895,10952000
2009-06-22,15.48038101196289,15.48038101196289,14.899866970068311,15.383628876692152,6571000
2009-06-23,15.157872200012207,15.351376459393695,15.028868540244499,15.351376459393695,9935000
2009-06-24,15.96414566040039,16.125399656970092,15.222377522233838,15.415881826009334,20420000
2009-06-25,16.18990135192871,16.57691118617102,15.964145512764835,16.09314920093572,15794000
2009-06-26,16.125394821166992,16.512404542928998,16.125394821166992,16.44790271759033,7868000
2009-06-29,15.96414566040039,16.351155498221743,15.802891663830689,16.351155498221743,5723000
2009-06-30,16.25440216064453,16.286652465497806,15.996394800737262,16.125398480690897,5818000
2009-07-01,16.899417877197266,16.931668181625597,15.835140607278884,16.286652250897,12085000
2009-07-02,16.899417877197266,17.221925842561564,16.738163894515118,17.060671859879417,14870000
2009-07-03,16.447908401489258,16.867168565669214,16.41565809281019,16.641412714104497,12035000
2009-07-06,16.641408920288086,16.931666553310027,16.44790465178688,16.44790465178688,8634000
2009-07-07,17.189674377441406,17.479932039552246,16.64141058804885,16.770414266824837,12259000
2009-07-08,16.96392059326172,17.22192798181827,16.867168437688214,17.1896764431135,5673000
2009-07-09,17.576684951782227,17.60893525775077,17.15742482283965,17.28642727698412,9228000
2009-07-10,17.99594497680664,18.189450502311413,17.38318055505063,17.67343699790233,17931000
2009-07-13,17.09292221069336,18.28620193183355,16.99617006687556,18.28620193183355,9803000
2009-07-14,17.77018928527832,17.866942663926803,17.350929155459383,17.544434682486035,5338000
2009-07-15,18.576457977294922,18.76996349118001,17.770188078449305,17.963693592334394,20581000
2009-07-16,18.253948211669922,19.28597382613542,18.189447610360293,18.834463465617464,16721000
2009-07-17,18.705461502075195,18.802213643100853,18.157197729236188,18.544207523609032,15060000
2009-07-20,18.76996421813965,19.060220654803548,18.60871023212517,18.834466058599496,9169000
2009-07-21,19.092472076416016,19.156973916491562,18.640960426157456,19.02797023634047,15807000
2009-07-22,19.44723129272461,19.60848528558347,18.898967470950414,19.221475456668138,9608000
2009-07-23,19.73748779296875,19.73748779296875,19.22147430848203,19.47948166586052,10888000
2009-07-24,19.25372314453125,20.124494777953586,19.15697101421101,19.8664874567395,13109000
2009-07-27,20.156749725341797,20.414755875772098,19.47948342667846,19.73748957710876,8939000
2009-07-28,21.543529510498047,21.543529510498047,20.479252416450713,20.769510029421813,20064000
2009-07-29,22.769058227539062,23.027065542855922,21.93053814356943,22.22079575816587,34838000
2009-07-30,22.8970947265625,23.357668983145285,21.449576710128504,21.943048590054108,34929000
2009-07-31,24.476205825805664,24.476205825805664,23.291873812122507,23.39056668247156,32066000
2009-08-03,23.752443313598633,24.541998751348228,23.752443313598633,24.47620351067224,16113000
2009-08-04,22.140439987182617,24.14722518798442,22.10753985296514,24.015632180898038,23807000
2009-08-05,21.0548038482666,22.14044317566413,20.725822538137436,22.14044317566413,17571000
2009-08-06,21.778562545776367,21.877257946498812,20.660026802242136,21.120599900768884,15153000
2009-08-07,21.778562545776367,21.778562545776367,21.778562545776367,21.778562545776367,0
2009-08-10,21.712766647338867,21.77856190593527,21.186397048782965,21.646971388742468,6985000
2009-08-11,21.515377044677734,21.646970063744035,20.92320971384342,21.383784025611437,9953000
2009-08-12,22.304933547973633,22.337831176583872,21.3837848873179,21.449580144538377,12188000
2009-08-13,23.4234676361084,23.686653680979425,22.337830848353725,22.37072847648057,21876000
2009-08-14,22.962892532348633,23.6866502871516,22.962892532348633,23.6866502871516,10830000
2009-08-17,21.811458587646484,22.535216357190972,21.745660829552,21.745660829552,16500000
2009-08-18,21.877256393432617,22.568116619660653,21.38378444470857,21.38378444470857,12594000
2009-08-19,22.041746139526367,22.37072742519094,21.97595088636466,22.37072742519094,5662000
2009-08-20,21.0548038482666,21.877257123589516,20.660026025118782,21.712766468524933,11651000
2009-08-21,21.0548038482666,21.646971210470383,20.725822538137436,21.0548038482666,7433000
2009-08-24,22.074642181396484,22.27203043663937,21.383782033082465,21.581170288325353,6346000
2009-08-25,22.3707275390625,22.66681119965335,22.107541505219963,22.27203214888954,11695000
2009-08-26,21.581174850463867,22.699711879863084,21.48248195694322,22.63391661751599,6928000
2009-08-27,21.44957733154297,21.97594935998866,21.383782082951182,21.581170338654392,3974000
2009-08-28,21.910154342651367,22.2391356466249,21.712766062252882,22.008849737814693,5522000
2009-08-31,22.798404693603516,22.831302321040166,21.8443584383721,22.041746712920098,12556000
2009-09-01,24.344619750976562,24.377517383789478,22.469427071426793,22.79840841941296,20768000
2009-09-02,23.62085723876953,24.640698719066307,23.489264222941042,24.14722679215548,13725000
2009-09-03,24.27882194519043,24.67359851749912,23.094487208407884,23.686654576799157,15450000
2009-09-04,25.265758514404297,25.792127960552822,24.870979547347275,25.167063145158163,16901000
2009-09-07,25.331558227539062,25.66053950322139,24.87098393959822,25.66053950322139,11075000
2009-09-08,24.80518913269043,25.52894694818277,24.6735961180751,25.33155868122377,9059000
2009-09-09,23.62085723876953,25.002577630148647,23.42346646006279,25.002577630148647,12975000
2009-09-10,23.88404083251953,24.476208150569377,23.620857309996946,24.476208150569377,7742000
2009-09-11,24.476205825805664,24.574898696154722,23.884038564000196,23.884038564000196,6809000
2009-09-14,25.232864379882812,25.265764517400065,24.21302286505034,24.67359718108284,13791000
2009-09-15,25.035472869873047,25.265761253100422,24.739389239968006,25.134168249817318,7891000
2009-09-16,25.66053581237793,25.857924047410705,25.134166348981335,25.134166348981335,16083000
2009-09-17,25.726335525512695,25.989521557918522,25.430254376466166,25.989521557918522,11716000
2009-09-18,25.923725128173828,25.95662275324942,25.660539107713298,25.792132117943563,5906000
2009-09-21,25.528949737548828,25.95662645429584,25.29866381925629,25.660542766542388,6299000
2009-09-22,25.068376541137695,25.857932241394522,25.00258127858645,25.33156261119943,6738000
2009-09-23,25.035472869873047,25.331556499778085,24.54200099000724,25.134168249817318,5989000
2009-09-24,24.344619750976562,25.0025824469489,24.01563840299039,24.936787181323066,7530000
2009-09-25,24.673595428466797,24.706493053719168,24.21302114514983,24.34461415608724,4495000
2009-09-28,24.147226333618164,24.640698251158337,24.08142857198936,24.34461459864864,2857000
2009-09-29,24.706497192382812,24.9038854868901,24.1472299396241,24.1472299396241,3897000
2009-09-30,25.726335525512695,25.726335525512695,24.706494042314155,24.706494042314155,10740000
2009-10-01,25.331558227539062,25.989520778903714,25.068372203022026,25.923725527738426,8317000
2009-10-02,24.213024139404297,24.83808913620843,24.180126510083706,24.67359847967725,12252000
2009-10-05,24.476205825805664,24.50910344925535,24.147224571453243,24.213019818352617,4164000
2009-10-06,24.344619750976562,24.8051941401429,24.278824485350725,24.8051941401429,5775000
2009-10-07,24.344619750976562,24.936787181323066,24.24592434260931,24.67360109896273,8194000
2009-10-08,23.686649322509766,24.607797800133994,23.35766808191935,24.34461180369059,9571000
2009-10-09,23.91693687438965,23.982734633106638,22.831300209801785,23.982734633106638,9290000
2009-10-12,23.653757095336914,24.081431299690905,23.456368807948284,24.081431299690905,3731000
2009-10-13,25.29865837097168,25.29865837097168,23.653752137617577,23.653752137617577,22159000
2009-10-14,26.055313110351562,26.055313110351562,25.49604600833338,25.49604600833338,23063000
2009-10-15,27.206748962402344,27.864711476704,26.515888824371167,26.515888824371167,29070000
2009-10-16,27.07516098022461,27.96340945299561,26.647484302266403,27.23965162406576,13921000
2009-10-19,27.831819534301758,27.963412566009822,27.075163994354956,27.173856885689766,8230000
2009-10-20,27.568632125854492,28.193694546689905,27.568632125854492,27.963408655848223,10594000
2009-10-21,27.63443374633789,27.766026789972827,27.108064081726685,27.437045435849758,6998000
2009-10-22,26.877769470214844,27.502834401832672,26.482992939681463,27.30544613656598,15114000
2009-10-23,26.088214874267578,27.272546906116403,26.022417116431196,27.108056276417184,15775000
2009-10-26,27.404144287109375,27.831818486651596,26.285607324587485,26.38430021220728,14626000
2009-10-27,26.71327781677246,27.305445100021178,26.45009430971693,27.305445100021178,6205000
2009-10-28,25.496051788330078,26.384300330532863,25.232865733640537,26.318505071824596,22203000
2009-10-29,24.870988845825195,24.870988845825195,23.88404482408667,24.34461920288367,14821000
2009-10-30,25.002573013305664,25.430249608293757,24.443305936715902,25.13416600483489,8032000
2009-11-02,24.870988845825195,24.870988845825195,23.686656521724654,23.686656521724654,3862000
2009-11-03,25.101272583007812,25.29866084835409,24.739391168290332,25.199965460716967,3442000
2009-11-04,25.85793113708496,25.89082876695563,25.101275610346473,25.13417324021714,7241000
2009-11-05,25.002573013305664,25.79212845255346,25.002573013305664,25.79212845255346,5626000
2009-11-06,24.870988845825195,25.46315626283969,24.870988845825195,25.23286781847697,5773000
2009-11-09,25.265758514404297,25.52894198251481,25.00257253636628,25.068367775912034,5068000
2009-11-10,25.265758514404297,25.660534971533814,25.199960764931042,25.463146742969055,6156000
2009-11-11,25.002573013305664,25.167063625235308,24.7064894098468,25.068368254106502,6048000
2009-11-12,25.29865837097168,25.39735123901629,24.90387936901006,25.002574746982397,12751000
2009-11-13,25.068376541137695,25.29866497992381,25.00258127858645,25.199969576168563,4479000
2009-11-16,25.627641677856445,25.79213231441531,25.134169768179856,25.19996501883223,7393000
2009-11-17,25.923725128173828,26.54878753439375,25.496048472407445,25.69343673278889,16871000
2009-11-18,26.45009422302246,26.74617786367636,25.660538684588026,26.252705965895817,19803000
2009-11-19,26.647485733032227,27.042262295476252,26.351402056235123,26.58169047593428,9917000
2009-11-20,25.85793113708496,26.91067286244429,25.792135877343622,26.91067286244429,8125000
2009-11-23,25.627641677856445,26.055315826952736,25.463151041297582,25.98952057630036,5045000
2009-11-24,25.528949737548828,26.02242171382849,25.496052107782504,25.693440396308713,3536000
2009-11-25,25.594745635986328,26.186910458276614,25.594745635986328,25.66054089070922,6199000
2009-11-26,25.43025016784668,25.956619635617965,25.43025016784668,25.7263312678928,3717000
2009-11-27,25.19997215270996,25.660546567444698,24.87099078646067,25.134176883431557,5126000
2009-11-30,26.94356918334961,26.94356918334961,25.298662670445825,25.463153321736204,9663000
2009-12-01,25.594745635986328,26.746180163133538,25.463152616612458,26.746180163133538,24128000
2009-12-02,25.726335525512695,26.219807453827606,25.726335525512695,25.75923566200944,12666000
2009-12-03,25.43025016784668,25.923722014493684,25.397350036794798,25.7263312678928,6945000
2009-12-04,25.068376541137695,25.759239347567657,25.068376541137695,25.397357873750675,9446000
2009-12-07,25.134174346923828,25.594748715178003,25.06837657435701,25.594748715178003,11136000
2009-12-08,26.088214874267578,26.186907746130416,25.13416872002653,25.528945227333534,20055000
2009-12-09,27.305450439453125,27.831820066420768,26.482997112963574,26.779080812485486,45552000
2009-12-10,26.54878807067871,27.831815553967086,26.45009519345835,27.173852999452837,27226000
2009-12-11,27.963415145874023,28.32529413401139,26.844878038053352,27.20675702619072,27735000
2009-12-14,28.48977279663086,29.114837608863137,27.963403353145385,28.094996341498625,31922000
2009-12-15,28.621366500854492,29.47671718165314,28.621366500854492,28.950347725002246,20037000
2009-12-16,28.358184814453125,28.81875910003261,27.897613038801573,28.621370837620812,14921000
2009-12-17,27.63443374633789,29.542526604223113,27.63443374633789,28.752970852342038,23927000
2009-12-18,28.621366500854492,28.621366500854492,27.568627587552704,27.568627587552704,10337000
2009-12-21,28.621366500854492,28.98324534543151,28.226590035848208,28.55557125999596,12150000
2009-12-22,28.785865783691406,29.641216722135432,28.72007052301429,28.91745881497394,22877000
2009-12-23,28.95035171508789,29.345128234504294,28.785861080343075,28.95035171508789,9875000
2009-12-24,29.081947326660156,29.608316902949184,29.016149560918954,29.279335604027526,11890000
2009-12-25,28.95035171508789,29.476721244285727,28.720065830416306,29.279332984577525,6494000
2009-12-28,29.57541847229004,29.674111353330886,28.818760501336612,28.818760501336612,15896000
2009-12-29,29.34513282775879,29.60831888851692,29.2793375675334,29.60831888851692,7671000
2009-12-30,29.739913940429688,29.937302244451367,29.213544293062387,29.509625494130677,11940000
2009-12-31,30.52946662902832,30.52946662902832,29.80570623971875,29.871504007798645,15502000
2010-01-04,29.838605880737305,30.792652247834944,29.739912986855163,30.792652247834944,13517000
2010-01-05,29.476726531982422,30.068893927261154,28.950356908361517,29.83860549135127,12566000
2010-01-06,29.34513282775879,29.60831888851692,29.016151506775266,29.016151506775266,9646000
2010-01-07,28.884550094604492,29.80569594005781,28.687159368503387,29.27932652695201,14632000
2010-01-08,28.851654052734375,29.18063529625439,28.094998698594953,28.95034942976146,16620000
2010-01-11,28.884550094604492,29.08193831077825,28.752957113846204,28.85164996696941,8134000
2010-01-12,28.75296401977539,29.016147534576426,28.48977799504641,28.88455703213988,5483000
2010-01-13,28.160797119140625,28.423983147608325,28.029204104906775,28.32528775945094,20610000
2010-01-14,28.423980712890625,28.62136896236969,28.160794706966694,28.29238770992866,14737000
2010-01-15,28.226591110229492,28.75296058691545,28.193690978620406,28.489774593608647,11152000
2010-01-18,28.226591110229492,28.555572346899172,28.029200360285568,28.094998113576093,6438000
2010-01-19,29.279338836669922,29.805708471073814,28.818764465343367,28.818764465343367,32053000
2010-01-20,28.621366500854492,29.80569840580089,28.621366500854492,29.60831017329775,18904000
2010-01-21,27.963415145874023,28.621377855188708,27.76602683506533,28.32529413401139,11302000
2010-01-22,26.680381774902344,27.601530379062037,26.647484148309786,27.3712419730581,14038000
2010-01-25,26.515884399414062,27.206744422154873,26.121107960684277,26.121107960684277,8101000
2010-01-26,25.890823364257812,26.943564869939145,25.66053749328914,26.713276489042723,13722000
2010-01-27,25.66053581237793,26.318498269105568,25.39734982571584,26.055312282443477,7576000
2010-01-28,26.055313110351562,26.515887346681183,25.75923200335821,25.857924869046773,8733000
2010-01-29,25.693439483642578,25.923727903683222,25.36445817780867,25.660541855044823,5301000
2010-02-01,23.9498348236084,25.792129230825743,23.9498348236084,25.52894323982571,26359000
2010-02-02,23.62085723876953,24.4762080767627,23.357671207112553,24.34461506093421,16301000
2010-02-03,23.752443313598633,24.08142453683367,23.587952701981113,24.01562929615768,11422000
2010-02-04,24.081432342529297,24.410413672399525,23.555062716722606,24.015637080526595,13663000
2010-02-05,22.403627395629883,23.291878465809496,22.403627395629883,23.291878465809496,17182000
2010-02-08,22.502323150634766,22.89709973699061,21.679869837453147,21.712767467994745,15435000
2010-02-09,23.88404083251953,24.04853147531915,22.633913453199217,22.962894738798457,24620000
2010-02-10,23.88404083251953,24.574901030292338,23.81824557937089,24.04853147531915,17713000
2010-02-22,24.27882194519043,24.739393776241158,24.27882194519043,24.70649614687014,8084000
2010-02-23,24.476205825805664,24.60779882953219,24.048529191176407,24.048529191176407,15218000
2010-02-24,24.147226333618164,24.410409850349478,23.949838068587685,24.34461459864864,12518000
2010-02-25,23.489267349243164,24.47621133442205,23.35767431590031,24.47621133442205,9707000
2010-02-26,23.58795928955078,24.01563600316753,23.193182715387817,23.884042975137124,6573000
2010-03-01,23.9498348236084,24.245915926073902,23.587953458501445,23.686648832608366,11421000
2010-03-02,24.57489585876465,25.06836768331757,24.015628794908995,24.015628794908995,18527000
2010-03-03,24.41041374206543,24.936785879302715,24.24592307666087,24.936785879302715,8444000
2010-03-04,24.311721801757812,25.002582121551843,24.311721801757812,24.47621247361013,10624000
2010-03-05,25.496051788330078,25.66054244502898,24.936784559525098,24.936784559525098,21161000
2010-03-08,25.66053581237793,26.186905275774524,25.66053581237793,25.857924047410705,11068000
2010-03-09,25.989521026611328,26.219806917812647,25.561844360176917,25.923725774818944,11179000
2010-03-10,26.154014587402344,26.45009827339632,25.792135642266704,26.186912216973177,14156000
2010-03-11,25.496051788330078,26.28560744247046,25.463154158975943,26.154014415125694,8430000
2010-03-12,25.693439483642578,26.12111618519793,25.693439483642578,26.022420789476488,7297000
2010-03-15,24.838085174560547,25.79213133225771,24.805187550487094,25.660538326036065,7043000
2010-03-16,25.101272583007812,25.199965460716967,24.772291304121353,24.772291304121353,5889000
2010-03-17,26.45009422302246,26.45009422302246,25.331557419401,25.52894567652764,15232000
2010-03-18,26.45009422302246,26.811973112742617,26.219805831434822,26.417196598489333,13833000
2010-03-19,26.680381774902344,26.811974791200587,26.219807472822495,26.51589113201154,8358000
2010-03-22,26.21980857849121,26.680382899993113,26.186910950511386,26.61458764403347,4511000
2010-03-23,26.45009422302246,27.04225899440239,26.252705965895817,26.45009422302246,13210000
2010-03-24,26.318500518798828,26.943565408105858,26.318500518798828,26.779074779863365,7215000
2010-03-25,26.318500518798828,26.515888770704258,26.055314509639718,26.45009352337838,6666000
2010-03-26,26.121118545532227,26.61459054887379,26.022423140892556,26.31850684488317,8623000
2010-03-29,27.108062744140625,27.108062744140625,26.28560939941505,26.318507031218388,9497000
2010-03-30,27.07516098022461,27.535732775037403,26.84487257289018,27.305446877631006,8757000
2010-03-31,26.81197738647461,27.23965410335901,26.71328198721567,27.07516344454628,4717000
2010-04-01,27.239652633666992,27.272550261668922,26.746180683853662,26.84487356785945,7130000
2010-04-02,26.976470947265625,27.30545230028106,26.910675680633954,27.30545230028106,4260000
2010-04-06,27.371246337890625,27.66733004429549,27.17385803693019,27.305451074213288,9783000
2010-04-07,26.71327781677246,27.766019374778192,26.713277816772457,27.502833357794792,10643000
2010-04-08,26.318500518798828,26.976463031768798,26.055314509639718,26.713277022609688,13199000
2010-04-09,27.07516098022461,27.17385386057248,26.318503014584103,26.318503014584103,12800000
2010-04-12,26.71327781677246,27.40414048387192,26.515889558998843,27.305445100021178,6246000
2010-04-13,26.94356918334961,27.07516220636754,26.31850420646054,26.713280765586187,10546000
2010-04-14,27.173852920532227,27.30544593303848,26.943567031092236,27.30544593303848,8232000
2010-04-15,27.305450439453125,27.469941104751037,26.844876074633305,27.43704347367713,12609000
2010-04-16,26.81197738647461,27.23965410335901,26.71328198721567,27.17385633387696,7688000
2010-04-19,26.318500518798828,27.10805603634835,26.318500518798828,26.384295766124705,13207000
2010-04-20,27.63443374633789,27.700229013191088,26.811980361030216,26.811980361030216,17799000
2010-04-21,28.456886291503906,29.476727957190608,28.325293251754033,28.456886291503906,32719000
2010-04-22,29.378026962280273,29.476719832443344,28.62136907472449,28.75296207820303,37215000
2010-04-23,29.707012176513672,29.838602687607914,29.081947209103568,29.60831678326488,37897000
2010-04-26,30.463665008544922,30.924239287147593,29.97019310502661,30.13468373953271,32479000
2010-04-27,29.937299728393555,30.792650647219148,29.805706700129253,30.792650647219148,16596000
2010-04-28,30.20048713684082,30.397875433109196,28.9503570772605,28.9503570772605,19635000
2010-04-29,31.286113739013672,32.24015978567739,30.726846665069875,30.726846665069875,48627000
2010-04-30,31.286113739013672,31.944076183619334,30.792641905559428,31.84538332288501,20950000
2010-05-03,30.825550079345703,31.41771748619829,30.430773481396248,31.286124450239004,11126000
2010-05-04,30.792646408081055,31.187425438525832,30.364972262509095,30.924239418229316,13230000
2010-05-05,29.18064308166504,29.90440351646535,28.85166175037263,29.871505885321785,21470000
2010-05-06,28.687162399291992,29.93729208368046,28.522671783447592,28.950348388614074,16845000
2010-05-07,28.785865783691406,28.785865783691406,27.305449829101562,27.305449829101562,19585000
2010-05-10,30.332069396972656,30.529460149389486,29.01614443380807,29.2135351862249,15868000
2010-05-11,30.03599739074707,31.38482038477212,30.03599739074707,30.79265296791798,24659000
2010-05-12,29.081947326660156,30.529465543901075,28.884559049292786,30.167584107144755,22911000
2010-05-13,29.14774513244629,29.674114754784448,28.654273140892702,29.674114754784448,18399000
2010-05-14,29.904403686523438,29.97019894918473,28.81876428311342,28.81876428311342,16476000
2010-05-17,29.378026962280273,29.77280346278812,29.081943331935495,29.608312835921886,14710000
2010-05-18,30.990036010742188,31.31901729539944,29.608315619152922,30.06888991965868,30325000
2010-05-19,31.253219604492188,31.713793869070265,30.726850092086302,30.924238345497532,38095000
2010-05-20,31.516407012939453,32.10857179942678,31.38481400152185,31.450609252266688,42330000
2010-05-21,29.312236785888672,30.79265281052879,29.312236785888672,30.332078434210622,35649000
2010-05-24,29.57541847229004,29.838601998327018,28.917455892305515,29.081946537301647,19497000
2010-05-25,28.127899169921875,29.246436013167514,27.963408531501276,28.95035236202485,18975000
2010-05-26,29.18064308166504,29.54252455402938,28.489782787936658,28.489782787936658,13261000
2010-05-27,29.80570411682129,29.937297133680215,29.14774154245469,29.180639169187412,14190000
2010-05-28,29.80570411682129,30.59525970804681,29.67411109996236,30.101787777271863,9687000
2010-05-31,31.384817123413086,31.48351000934746,30.03599426955121,30.26628017999293,18439000
2010-06-01,30.924243927001953,31.74669722293286,30.891346297150374,30.957141556853536,21870000
2010-06-02,30.957141876220703,31.779595180636385,30.792651215337564,31.253225567796008,15437000
2010-06-03,31.911182403564453,32.108570658714335,31.41771051072583,31.746691772618245,23449000
2010-06-04,31.319011688232422,32.37175311661597,31.25321644705176,31.976974139749302,18822000
2010-06-07,29.937299728393555,30.39787407235449,29.542523153528897,30.26628104409019,18458000
2010-06-08,29.114845275878906,30.200484578272768,28.983252252872354,29.937298532259664,22682000
2010-06-09,28.818754196166992,29.805697850213313,28.68716120697532,29.279328403374112,13182000
2010-06-10,29.739913940429688,30.003097509149104,28.917460582065637,29.345134822457865,12846000
2010-06-11,30.430770874023438,30.562363898707552,30.06889193858825,30.397873245334452,13491000
2010-06-14,30.75974464416504,30.92423525723544,30.430763418024235,30.92423525723544,6635000
2010-06-15,30.990036010742188,31.286119668919316,30.792647741933436,30.92424075778194,14014000
2010-06-17,31.253219604492188,31.713793869070265,31.022933727167054,31.58220086348684,13125000
2010-06-18,30.792646408081055,31.77959021930114,30.792646408081055,31.680897344135875,11039000
2010-06-21,32.898128509521484,32.898128509521484,31.582203369140625,31.582203369140625,32308000
2010-06-22,32.569149017333984,33.424499903682374,32.53625138899908,32.89813032053937,18040000
2010-06-23,32.63494873046875,33.16132089541865,32.437560423576784,32.50335819915977,13038000
2010-06-24,32.569149017333984,33.09551860047698,32.40465836573129,32.89813032053937,9745000
2010-06-25,31.450605392456055,32.43754909207242,31.31901239718835,32.43754909207242,14305000
2010-06-28,31.450605392456055,31.94407724226424,31.384810149786013,31.845384378259176,6782000
2010-06-29,31.582202911376953,32.56914675235748,31.582202911376953,32.108572457914306,21677000
2010-06-30,31.187423706054688,31.483504825030987,30.52946120179132,30.792644697540005,19967000
2010-07-01,30.990036010742188,31.18742678947895,30.72685248897319,30.990036010742184,2591000
2010-07-02,31.286113739013672,31.351911489430762,30.529458433673685,30.595253674163235,11631000
2010-07-05,31.253219604492188,31.286117228406088,30.66105233433068,31.286117228406088,8529000
2010-07-06,32.50335693359375,32.79943812743909,30.85845025699343,30.891347888539755,17671000
2010-07-07,31.97697639465332,32.50334840092678,31.845385903012698,32.50334840092678,9694000
2010-07-08,32.76654052734375,33.2271148992196,32.371763928552106,32.50335696479212,23841000
2010-07-09,32.4704475402832,33.424493642859794,32.4704475402832,33.161310155549906,16426000
2010-07-12,32.898128509521484,33.16131454156886,32.40465658187866,32.634942477474105,9909000
2010-07-13,32.898128509521484,33.88507236480713,32.832333256473646,33.2271097946167,15486000
2010-07-14,34.01666259765625,34.14825560291327,33.490293086556,33.5560883342206,19673000
2010-07-15,34.214054107666016,34.543035397162804,33.7534798003849,33.950868072097364,16730000
2010-07-16,33.88507080078125,35.06940287047346,33.68768254082053,34.01666381073103,19295000
2010-07-19,33.81927490234375,33.88507015109318,33.16131237513806,33.55608888749033,8376000
2010-07-20,36.12214279174805,36.12214279174805,33.95086450148043,34.082457505425104,32812000
2010-07-21,35.52997589111328,36.385326660580446,35.4641806434342,36.12214315993629,17093000
2010-07-22,35.52997589111328,36.31953141290136,35.52997589111328,35.52997589111328,9991000
2010-07-23,36.977500915527344,37.43807526608025,35.85896392416409,35.85896392416409,21040000
2010-07-26,36.845909118652344,37.438076519173464,36.6485208217881,37.17489045006889,11607000
2010-07-27,36.31953048706055,36.97749298679017,35.99054923719574,36.91169523086055,9079000
2010-07-28,36.51691818237305,36.51691818237305,35.59576969272048,36.38532518243301,13803000
2010-07-29,35.46418762207031,36.977501205829135,34.674631944913614,36.51692685166037,25690000
2010-07-30,35.06940460205078,35.464183651392624,34.27984901329513,35.464183651392624,12714000
2010-08-02,37.17488479614258,37.17488479614258,35.20099710785182,35.20099710785182,19582000
2010-08-03,37.842140197753906,37.842140197753906,36.560500594945104,37.437412443855614,16838000
2010-08-04,36.89776611328125,37.77467776094987,36.69540228277245,37.23504002186116,8345000
2010-08-05,37.03268051147461,37.504861980013196,36.627950230046665,37.504861980013196,10176000
2010-08-06,36.89776611328125,37.36995009993227,36.56049220470134,37.10012994379005,5659000
2010-08-09,36.62795639038086,37.572324632680214,36.62795639038086,36.89777662337966,5469000
2010-08-10,35.41376495361328,36.96522461789427,35.21140109708898,36.76286076136998,11757000
2010-08-11,34.5368537902832,35.21140170582312,33.86230587474328,34.87412774805316,14671000
2010-08-12,34.19957733154297,35.00903528563549,34.132121001004315,34.19957733154297,10063000
2010-08-13,35.27885437011719,35.481218223841786,34.40194262184657,34.60430647557118,10311000
2010-08-16,35.27885437011719,35.27885437011719,34.40194262184657,35.07649051639259,9544000
2010-08-17,35.88595199584961,36.155769636001104,35.0764939290026,35.27885780241529,13650000
2010-08-18,37.43741226196289,37.774686246304896,36.2906802005608,36.62795418490281,21148000
2010-08-19,37.16758728027344,37.70722764459502,36.830313339170424,37.43740746243423,9871000
2010-08-20,36.76285934448242,37.10013328342263,36.62794925426715,37.10013328342263,3966000
2010-08-23,36.4930419921875,36.76286219352855,35.95340416270154,36.4930419921875,7449000
2010-08-24,36.290679931640625,36.76286402085973,35.211404219022334,36.35813627192694,11474000
2010-08-25,34.80667495727539,36.020863387456444,34.73922118813038,35.8184969336287,10884000
2010-08-26,34.26703643798828,35.211404627378585,33.99721879330269,34.73922053268343,11415000
2010-08-27,35.3463134765625,35.48122100749898,34.267035216697174,34.267035216697174,6762000
2010-08-30,34.6717643737793,35.88595012412259,34.6717643737793,35.88595012412259,8077000
2010-08-31,34.19957733154297,34.87412519775409,34.132121001004315,34.267031088885716,6794000
2010-09-01,34.80667495727539,35.21140529173453,34.40194719601261,35.21140529173453,8225000
2010-09-02,36.223228454589844,36.6279562291096,35.48122410370838,35.683590564164696,14388000
2010-09-03,36.35813903808594,36.897776935451205,36.15577257502706,36.830320590032755,11447000
2010-09-06,36.89776611328125,37.23504002186116,36.02085446561263,36.49303587906793,13461000
2010-09-07,36.69541931152344,37.63978514986894,36.69541931152344,37.10014716035767,14454000
2010-09-08,36.96522903442383,36.96522903442383,35.75104317701358,35.81849694618223,12296000
2010-09-09,36.290679931640625,37.16759176979252,36.15576982426427,37.16759176979252,9214000
2010-09-10,37.16758728027344,37.504861221376444,36.62794948914781,36.96522343025082,12158000
2010-09-13,37.43741226196289,37.57232237033895,37.032684510031,37.30250215358683,8990000
2010-09-14,37.639774322509766,37.639774322509766,37.302500354434954,37.504864220640606,10509000
2010-09-15,37.43741226196289,37.707232478715014,37.16759204521077,37.639776137928834,8557000
2010-09-16,36.76285934448242,37.8421349198127,36.76285934448242,37.43740722236283,5827000
2010-09-17,37.03268051147461,37.63977207382251,36.762860323855975,37.100134271781265,7211000
2010-09-20,37.639774322509766,37.90959452624808,37.032682723892805,37.032682723892805,6893000
2010-09-21,36.96522903442383,37.909597241963105,36.695411384552855,37.909597241963105,8207000
2010-09-23,37.03268051147461,37.504861980013196,36.49304013623735,37.100134271781265,6016000
2010-09-24,36.08831787109375,37.032686096999065,35.81849764277897,37.032686096999065,12601000
2010-09-27,36.56049728393555,36.83031490436696,35.818493038058016,36.22322332849924,10810000
2010-09-28,36.89776611328125,37.10012994379005,36.15576197048802,36.15576197048802,4545000
2010-09-29,37.43741226196289,37.50486602955277,36.897774401654935,36.897774401654935,9996000
2010-09-30,36.96522903442383,37.36995936902481,36.762865153721506,37.3025030266598,5999000
2010-10-01,35.75104522705078,37.36996151189395,35.75104522705078,37.10014127335459,15632000
2010-10-04,34.87413024902344,36.15576983654339,34.53685626706615,35.8184958545861,14053000
2010-10-05,34.5368537902832,34.87412774805316,34.2670335947888,34.87412774805316,10185000
2010-10-06,34.73921585083008,35.21139988188832,34.33448815174928,35.00903603234792,10424000
2010-10-07,34.19957733154297,34.806668867215436,33.99721348631881,34.536851264648526,12270000
2010-10-08,34.19957733154297,34.536851264648526,33.862303398437405,34.33448741942437,6420000
2010-10-11,34.5368537902832,35.07649160807592,34.2670335947888,34.401943692536,8061000
2010-10-12,34.334495544433594,34.9415872237699,33.99722153151459,34.9415872237699,8794000
2010-10-13,34.46939468383789,34.87412494454348,34.46939468383789,34.73921485764162,7869000
2010-10-14,32.44575119018555,34.94157879862964,32.37829743314485,34.73921495431166,32633000
2010-10-15,31.433935165405273,32.04102938299316,30.354659415467204,32.04102938299316,53753000
2010-10-18,31.06293296813965,31.703754043227104,30.793115328710783,31.703754043227104,12444000
2010-10-19,31.366485595703125,31.83866976447133,30.894301426934916,31.02921155703965,14655000
2010-10-20,32.95166778564453,33.15403423815199,31.366481062311617,31.366481062311617,25531000
2010-10-21,32.98539352416992,33.18775738066502,32.54693635743385,32.917937189874195,18343000
2010-10-22,32.51321792602539,33.25521978372854,32.51321792602539,33.18776600509979,11080000
2010-10-25,32.51321792602539,32.74930872442274,32.243397665116944,32.41203468488554,9398000
2010-10-26,32.749305725097656,33.052852847520306,32.648125066421095,33.052852847520306,13686000
2010-10-27,32.31084442138672,33.01911917943466,32.27711496889248,32.91793596834383,8818000
2010-10-28,34.5368537902832,34.5368537902832,32.513210043663435,32.783027665961754,26612000
2010-10-29,35.143951416015625,35.2114077630915,34.40194961055674,34.53685973151195,15486000
2010-11-01,35.41376495361328,35.41376495361328,34.67176328862551,35.2788548581984,14409000
2010-11-02,35.81850051879883,36.223230893768516,35.27886259203585,35.61613661791229,17029000
2010-11-03,35.21141052246094,36.6279604705084,35.21141052246094,36.22323264912248,16319000
2010-11-04,35.48121643066406,35.95340044762187,35.07648874366931,35.07648874366931,9904000
2010-11-05,35.953407287597656,36.15577116959386,35.278859298812726,36.15577116959386,9620000
2010-11-08,35.143951416015625,36.15577346338494,34.73922362634651,36.088319689505596,8138000
2010-11-09,35.07649612426758,35.616134011540105,34.87413223818993,35.413770125462456,10068000
2010-11-10,35.07649612426758,35.14394989522798,34.401948121877815,35.07649612426758,10113000
2010-11-11,36.223228454589844,36.35813857049524,35.2788602164485,35.4137703323539,17316000
2010-11-12,35.21141052246094,36.088322517594925,35.21141052246094,36.088322517594925,7254000
2010-11-15,35.21141052246094,35.683594696209006,34.87413648024042,34.941590259405835,5885000
2010-11-16,34.94158172607422,35.34631202181482,34.94158172607422,35.21140192323462,7682000
2010-11-17,34.94158172607422,35.278855685926665,34.671764102109925,34.671764102109925,7068000
2010-11-18,35.81850051879883,35.81850051879883,34.87413479026277,35.07649869114931,7565000
2010-11-19,36.02085876464844,36.62795032863032,35.95340243096422,36.15576628562484,12066000
2010-11-22,35.88595199584961,36.627953722761546,35.88595199584961,36.088315869262296,7440000
2010-11-23,35.81850051879883,36.4930485705517,35.81850051879883,36.425594794655055,6183000
2010-11-24,35.07649612426758,35.54868024057969,34.73922212307269,35.34631635450205,11807000
2010-11-25,34.94158172607422,35.61612964577911,34.87412796338217,35.07649182465442,9533000
2010-11-26,35.61613082885742,36.08831490297483,35.07649298980731,35.07649298980731,10432000
2010-11-29,36.08831787109375,36.493045640369516,35.616133758141096,36.29068175573163,10404000
2010-11-30,37.50486373901367,38.111957903030664,36.425588084312494,36.62795194791945,29814000
2010-12-01,38.44923782348633,38.44923782348633,37.504869549420334,37.97705368645333,21045000
2010-12-02,39.123775482177734,39.79832333531873,38.651591470339866,38.651591470339866,30182000
2010-12-03,38.44923782348633,39.123785855477315,37.97705368645333,39.123785855477315,16643000
2010-12-06,38.78650665283203,38.853960417732395,38.044504946143284,38.44923268193784,6142000
2010-12-07,39.59596252441406,39.59596252441406,38.31432047607989,38.78650452405543,9801000
2010-12-08,38.38178253173828,40.47288031893819,38.31432618728886,39.798332313622545,16522000
2010-12-09,38.719058990478516,39.123786790062596,37.97705459364558,38.44923874195807,14068000
2010-12-10,38.98887252807617,39.39360285790451,38.38178089312816,38.65159853981739,10194000
2010-12-13,39.86578369140625,40.877605638631756,39.123781959386065,39.191235726589255,22272000
2010-12-14,39.528507232666016,40.74269555182872,39.25868960756018,40.13560139224737,19760000
2010-12-15,37.774681091308594,39.73087096281545,37.639771001343306,39.663414631234836,19066000
2010-12-16,37.90959548950195,38.31432323219708,37.50486517361059,38.17941312689996,6943000
2010-12-17,38.24686813354492,38.853959726435264,37.97704793235179,38.38177823414149,9764000
2010-12-20,38.38178253173828,38.58414641869369,37.84214206892863,38.58414641869369,3886000
2010-12-21,38.65160369873047,38.719060049303565,37.977055632179514,38.38178601602809,9719000
2010-12-22,38.65160369873047,38.98887773200595,38.31432966545499,38.78651382667999,10190000
2010-12-23,38.85396194458008,39.05632839362596,38.516687960432,38.651598068730486,5576000
2010-12-24,38.921417236328125,40.00069292723512,38.8539608973988,39.056327340990556,13243000
2010-12-27,38.04450225830078,39.12377785963294,37.977045924970014,39.056324099498184,7615000
2010-12-28,38.24686813354492,38.31432189724514,37.90959416865157,38.044504269248144,5102000
2010-12-29,37.16758728027344,38.38177552680104,37.16758728027344,38.24686543572065,6108000
2010-12-30,38.31432342529297,38.31432342529297,37.16759138428251,37.16759138428251,7019000
2010-12-31,38.31432342529297,38.584143637247045,38.04450578653514,38.44923353127001,4181000
2011-01-03,37.572322845458984,38.51668846964078,37.504866503819784,38.31432459111585,4815000
2011-01-04,37.16758728027344,38.11195534464025,36.96522343025082,37.57231755351462,13401000
2011-01-05,36.4930419921875,37.23504625927732,36.02086049963487,37.100136158606794,12587000
2011-01-06,36.42558670043945,36.89777074638066,36.08831274950946,36.35813293953187,12222000
2011-01-07,36.223228454589844,37.032686576825796,36.08831833868445,36.42559234184972,13268000
2011-01-10,36.83031463623047,36.83031463623047,36.155766730268766,36.223223064782566,7075000
2011-01-11,38.11195755004883,38.651595372401445,36.76286170756922,36.96522556930194,17770000
2011-01-12,38.24686813354492,38.58414209843827,37.50486386686187,38.58414209843827,13496000
2011-01-13,40.203060150146484,40.54033415332958,38.516690134231006,38.516690134231006,48009000
2011-01-14,40.67523193359375,41.41723605948554,39.86577405680073,40.47286810769441,49098000
2011-01-17,40.13560104370117,41.282333016731855,40.13560104370117,40.87760272279368,15250000
2011-01-18,39.86578369140625,40.54033165622325,39.73087615699988,39.79832992420307,8362000
2011-01-19,40.607784271240234,40.8101481274811,39.79832627308075,40.40542041499938,16067000
2011-01-20,39.73087692260742,40.472878668925865,39.73087692260742,40.472878668925865,9611000
2011-01-21,39.123775482177734,39.5959594940156,38.651591470339866,38.98886539691036,13577000
2011-01-24,38.719058990478516,39.39360703858304,38.38178496642625,39.123786790062596,6709000
2011-01-25,38.58414077758789,39.39359878026099,38.58414077758789,39.05632482691353,4244000
2011-01-26,38.58414077758789,38.98886849232641,38.314320585631506,38.58414077758789,8852000
2011-01-27,40.87760925292969,40.87760925292969,38.71905763321846,38.988875299084114,22497000
2011-01-28,40.810150146484375,41.21487787898923,40.27051231207919,41.0125140127368,17092000
2011-02-08,37.977046966552734,39.73087308331406,37.977046966552734,39.73087308331406,38889000
2011-02-09,36.83031463623047,37.842136495173015,36.56049701776342,37.30249868504287,40608000
2011-02-10,36.76285934448242,37.36995346385317,36.76285934448242,36.830313102992086,19383000
2011-02-11,36.62795639038086,37.70723474917962,36.62795639038086,37.437414516180816,9946000
2011-02-14,36.96522903442383,37.43741313819346,36.830318922890164,37.43741313819346,8096000
2011-02-15,37.572322845458984,37.90959683406598,36.42559076955592,36.89777486824498,11674000
2011-02-16,36.89776611328125,37.70722400851218,36.89776611328125,37.57231393044107,7879000
2011-02-17,37.100135803222656,37.50486352816119,36.965225703844446,37.100135803222656,8732000
2011-02-18,37.70723342895508,38.1119611910863,37.43741320540336,37.70723342895508,8239000
2011-02-21,37.369956970214844,37.842138470478396,37.100136764467514,37.77468470563966,6923000
2011-02-22,37.16758728027344,37.909591494617636,36.96522343025082,37.100133521331216,9477000
2011-02-23,36.08831787109375,37.23504998163695,36.08831787109375,36.830319639164784,9903000
2011-02-24,36.42558670043945,36.89777074638066,36.22322284452066,36.22322284452066,4767000
2011-02-25,37.100135803222656,38.04450392567404,36.35813411643665,36.62795174199697,13335000
2011-03-01,38.65160369873047,39.12378785995547,37.50487147095451,37.84214550422999,14682000
2011-03-02,37.639774322509766,38.51668612486504,37.639774322509766,38.31432225865939,7047000
2011-03-03,38.24686813354492,38.651595862138485,37.84213783175522,38.11195803294835,11975000
2011-03-04,37.774681091308594,38.853956664639036,37.774681091308594,38.449228967939106,10719000
2011-03-07,37.572322845458984,38.31432459111585,37.43741273537692,37.77468672398392,4177000
2011-03-08,38.11195755004883,38.11195755004883,37.50486339165456,37.50486339165456,5552000
2011-03-09,37.50486373901367,38.38177810330403,37.437409975543396,38.111957903030664,8963000
2011-03-10,35.07649612426758,37.10014013143686,34.94158600915034,37.10014013143686,32316000
2011-03-11,34.73921585083008,35.2788536406698,33.92975787947252,34.199578060990355,15962000
2011-03-14,34.80667495727539,34.80667495727539,33.862309323263446,34.46940096515762,8571000
2011-03-15,32.378299713134766,33.5250316759475,32.378299713134766,33.5250316759475,23628000
2011-03-16,31.804941177368164,32.51321610611154,30.759389654769787,32.44575975806192,37313000
2011-03-17,31.804941177368164,32.51321610611154,30.759389654769787,30.759389654769787,23646000
2011-03-18,32.749305725097656,33.187762965618866,31.872393817251723,32.074757707801325,20531000
2011-03-21,33.491302490234375,33.86230330094315,32.74929829562093,33.08657222775544,12728000
2011-03-22,33.120304107666016,34.19958239739053,33.120304107666016,33.86230841432592,11883000
2011-03-23,33.288936614990234,33.35639294643418,32.41202489178648,32.715571950294375,7511000
2011-03-24,33.288936614990234,33.59248367349813,33.15402909849422,33.42384670468218,6174000
2011-03-25,33.322669982910156,33.86230783189247,33.25521364353972,33.28894052662682,9636000
2011-03-28,32.0410270690918,33.45757671023633,31.838663202242028,33.45757671023633,9885000
2011-03-29,31.299022674560547,32.04102431359704,30.759382311774782,31.36647643331079,22080000
2011-03-30,33.45758056640625,33.45758056640625,31.90612064414887,31.90612064414887,26458000
2011-03-31,33.72739791870117,34.67176608970331,33.65994415214227,33.92976179157413,22545000
2011-04-01,34.401947021484375,34.53685713228633,33.79485280947377,34.33449325268157,10436000
2011-04-06,33.72739791870117,34.94158372913517,33.72739791870117,34.73921985626221,20582000
2011-04-07,33.052852630615234,33.322672865041696,32.78303239618877,33.052852630615234,19401000
2011-04-08,33.052852630615234,33.5924905262717,32.917942513402004,33.39012663705009,12370000
2011-04-11,31.90611457824707,33.39012044604377,31.70375072654661,33.39012044604377,14774000
2011-04-12,31.231569290161133,31.703753365564094,31.164115525044796,31.670026483005923,21546000
2011-04-13,31.535120010375977,31.838667134740817,31.366483004972896,31.366483004972896,11659000
2011-04-14,31.299022674560547,31.838660464150358,31.164112583864107,31.50138652400723,11399000
2011-04-15,31.02920913696289,31.77121093487253,30.99548225036636,31.467666382307275,10670000
2011-04-18,30.523292541503906,31.062930348040457,30.422109327005035,31.02920346760618,11486000
2011-04-19,29.20792007446289,30.287198129755918,28.39846217629205,30.287198129755918,37634000
2011-04-20,30.523292541503906,30.523292541503906,28.870649668263933,29.376560594366207,24261000
2011-04-21,31.467662811279297,32.513211616299245,30.826841745881197,31.029205615692117,34420000
2011-04-22,31.16411018371582,32.17593192621831,31.062926980187267,31.568837851438513,13784000
2011-04-25,30.658205032348633,31.43393363574367,30.354657938326124,31.366479869603662,10576000
2011-04-26,31.467662811279297,31.467662811279297,30.388384550294017,30.65820475883939,8674000
2011-04-27,32.344573974609375,32.58066472241099,31.636299158008384,31.8386630237235,26271000
2011-04-28,32.108482360839844,32.68184967958116,32.108482360839844,32.64812279570139,16754000
2011-04-29,31.804941177368164,33.32267427033108,31.80494117736816,32.648126229014224,24394000
2011-05-03,31.02920913696289,31.90612105445515,30.08484087308107,31.90612105445515,16684000
2011-05-04,31.50139045715332,31.90611820657949,30.69193238510471,30.79311560905939,6759000
2011-05-05,31.838665008544922,32.17593899682782,31.366480910309598,31.703754898592496,7572000
2011-05-06,31.467662811279297,32.00730065517383,31.26529636827216,31.838663668132025,6982000
2011-05-09,32.20965576171875,32.24338263531181,31.231560988346825,31.400197929507655,6983000
2011-05-10,33.052852630615234,33.45758040905847,32.648124852172,32.648124852172,18244000
2011-05-11,33.45758056640625,34.06467481012267,33.390126794080636,33.727400802101656,23410000
2011-05-12,32.58066940307617,33.5924914502102,32.47948874228069,33.32267378155904,12617000
2011-05-13,33.120304107666016,33.55876131492852,32.580666249401894,32.580666249401894,10143000
2011-05-16,32.31084442138672,33.12029981732954,32.04102424060848,33.05284605873295,7529000
2011-05-17,32.17593765258789,32.68184861387639,31.737480456859373,32.24339141814787,7507000
2011-05-18,33.01912307739258,33.01912307739258,32.27711877925565,32.64812221492224,5102000
2011-05-19,32.749305725097656,33.35639996994295,32.749305725097656,33.187762965618866,6192000
2011-05-20,33.120304107666016,33.491307547594104,32.951667116133706,33.390124323396215,9317000
2011-05-23,33.22148132324219,33.49130149017121,32.58066035668262,33.0528443622105,6806000
2011-05-24,33.659942626953125,33.659942626953125,32.85048459894296,33.18775856284752,7107000
2011-05-25,33.72739791870117,34.26703577076114,33.0865768436066,33.0865768436066,14125000
2011-05-26,35.3463134765625,35.75104121576437,33.99721758162799,34.267035216697174,22138000
2011-05-27,35.21141052246094,35.75104847537441,34.941590259405835,35.75104847537441,9797000
2011-05-30,35.75104522705078,36.02086546559014,35.41377121547483,35.616135107781105,8324000
2011-05-31,35.75104522705078,36.02086546559014,35.27886109620515,36.02086546559014,12501000
2011-06-01,34.401947021484375,35.00904123349499,34.06467303107767,34.94158489149584,25383000
2011-06-02,35.009037017822266,35.009037017822266,33.92975883456611,34.06466892912263,6975000
2011-06-03,35.3463134765625,35.413767242030744,35.00903950282888,35.413767242030744,4694000
2011-06-07,35.54867172241211,35.54867172241211,34.7392137988673,35.07648771924465,3142000
2011-06-08,35.88595199584961,35.88595199584961,35.41376790908917,35.548678015763045,7883000
2011-06-09,35.81850051879883,36.15577454467526,35.41377271702574,35.88595686789208,8780000
2011-06-10,35.07649612426758,36.155771898812624,35.07649612426758,36.08831812785222,8109000
2011-06-13,33.69367218017578,34.94158491628749,33.62621583812878,34.60431092564148,7670000
2011-06-14,35.683589935302734,35.8859538189963,33.727399722140056,33.727399722140056,10889000
2011-06-15,34.87413024902344,35.54867821293803,34.46939992675692,35.54867821293803,9065000
2011-06-16,34.334495544433594,34.46940309104399,33.92976518501288,33.92976518501288,5131000
2011-06-17,33.8623046875,34.87412652533448,33.72739459448287,34.87412652533448,4582000
2011-06-20,32.41203308105469,34.064676307649265,32.3783061934092,33.72740228480126,8046000
2011-06-21,33.79484939575195,33.99721582811139,32.445753570401436,32.445753570401436,9314000
2011-06-22,33.72739791870117,34.4019458770752,33.32267017295526,34.06467189788819,5517000
2011-06-23,33.120304107666016,33.99721852219102,33.08657722399881,33.72739830646082,7496000
2011-06-24,33.154029846191406,33.92975837632162,33.05284663334155,33.39012057857973,7314000
2011-06-27,33.79484939575195,33.86230573093712,32.85048386192424,32.98539395909851,6004000
2011-06-28,33.052852630615234,34.06467464991978,33.052852630615234,33.79485441549332,5769000
2011-06-29,33.72739791870117,33.86230802501523,33.39012393951416,33.65994415214227,7052000
2011-06-30,34.46939468383789,34.46939468383789,33.45757289186775,33.59248297876961,6201000
2011-07-01,34.06467819213867,35.21141044789952,33.9972244131161,34.60431614390944,8223000
2011-07-04,34.94158172607422,35.88594984293951,34.19958004367728,34.671764102109925,13666000
2011-07-05,35.07649612426758,35.413770125462456,34.67176835211229,34.94158600915034,6358000
2011-07-06,34.6717643737793,35.2114021991323,34.536854274142016,35.07649209949502,3361000
2011-07-07,35.21141052246094,35.34632065398849,34.739226348712876,34.941590259405835,5301000
2011-07-08,35.48121643066406,35.68358284735732,35.009034986902144,35.61612651739428,7600000
2011-07-11,35.75104522705078,35.75104522705078,35.21140732316856,35.75104522705078,8071000
2011-07-12,35.009037017822266,35.7510386780891,34.60430673415269,35.7510386780891,8115000
2011-07-13,34.6717643737793,35.1439458627156,34.40194417450473,35.07649209949502,3159000
2011-07-14,34.401947021484375,35.143948771100604,33.929762920275714,34.806674780693896,4270000
2011-07-15,35.07649612426758,35.07649612426758,34.60431200795546,35.009042353307166,3975000
2011-07-18,34.5368537902832,35.34631180357032,34.401943692536,35.278855468098676,3704000
2011-07-19,35.61613082885742,35.61613082885742,34.53685515075721,35.00903922487462,8039000
2011-07-20,36.35813903808594,38.044509075600196,35.88595491294265,36.08831880280507,20965000
2011-07-21,35.75104522705078,36.76286726177863,35.07649720389888,36.76286726177863,13990000
2011-07-22,36.42558670043945,36.76286065136945,35.751038798579465,36.42558670043945,11836000
2011-07-25,36.08831787109375,36.89777598284168,35.88595398645587,36.42559186988902,7282000
2011-07-26,36.290679931640625,36.76286402085973,35.68358830824144,36.42559003901698,8301000
2011-07-27,37.100135803222656,37.100135803222656,36.088313917680225,36.4255878795277,12592000
2011-07-28,36.76285934448242,36.76285934448242,35.953401376386736,36.62794925426715,9911000
2011-07-29,34.604305267333984,35.751037162662335,34.199577574016175,35.413763227165525,24339000
2011-08-01,34.5368537902832,34.73921765030596,33.5587587981111,34.60430755255876,13978000
2011-08-02,34.345008850097656,35.01983378578444,34.131906951917,34.52259421687114,9551000
2011-08-03,32.711219787597656,33.9543171942579,32.67570326078339,33.599146506640686,12065000
2011-08-04,31.53915786743164,33.06639018493621,31.468122104689417,32.53363415818728,12937000
2011-08-05,29.7633056640625,30.544680118071703,29.33709919936325,29.33709919936325,19596000
2011-08-08,30.08295249938965,31.041914865194855,29.69226533246322,29.763301087191554,18169000
2011-08-09,29.266069412231445,30.544683529665242,28.058488358645977,28.839862899928384,18723000
2011-08-10,30.43812370300293,31.112948481766036,30.189505331228794,30.189505331228794,15916000
2011-08-11,29.976402282714844,30.331572919453794,29.479162849332926,29.51467937105944,7493000
2011-08-12,29.83434295654297,30.651236764248182,29.83434295654297,30.473651389506855,11333000
2011-08-15,30.189510345458984,30.615714113499887,29.834339635512407,30.473647997311236,4946000
2011-08-16,30.047435760498047,30.544675201067466,29.69226511862517,30.544675201067466,5222000
2011-08-17,29.479169845581055,30.0474424572833,29.479169845581055,29.834340566612152,6810000
2011-08-18,27.419172286987305,28.839854845064096,27.419172286987305,28.839854845064096,19136000
2011-08-19,25.501256942749023,25.74987534494319,25.501256942749027,25.643323052724345,15433000
2011-08-22,24.684364318847656,26.06953062832761,24.54229549305068,25.28815344131297,18731000
2011-08-23,25.78539276123047,26.140563467885812,24.861949465874066,24.861949465874066,10437000
2011-08-24,25.57228660583496,26.211594854875635,25.075047157662993,25.785388452269522,8530000
2011-08-25,27.348142623901367,27.348142623901367,25.714358022083285,26.140561758301125,11437000
2011-08-26,27.525726318359375,27.84538045626194,26.673316187198242,27.667795125175747,9087000
2011-08-29,28.022968292236328,28.022968292236328,27.34814343184084,27.561245306245375,7020000
2011-08-30,29.83434295654297,29.976411798283582,28.129522275131116,28.37814342561164,15443000
2011-08-31,29.79882049560547,30.118474648497997,29.26606447736367,29.692268208062217,7668000
2011-09-01,29.58572006225586,30.686748677966477,29.550200824864095,30.047440341237802,9773000
2011-09-02,30.260543823242188,30.473648419955694,29.62123816231419,29.692271221393685,4520000
2011-09-05,28.910898208618164,29.834341572485666,28.91089820861816,29.834341572485666,7218000
2011-09-06,27.38365936279297,29.26606508345992,27.348142836122083,28.7688255808557,7113000
2011-09-07,28.05847930908203,28.37813341277843,27.703308684916433,28.058479309082028,4161000
2011-09-08,28.129518508911133,28.76882685627896,28.129518508911133,28.76882685627896,12670000
2011-09-09,30.08295249938965,30.08295249938965,28.981924043601722,29.123992843321417,24980000
2011-09-13,30.757776260375977,31.681219363763944,29.763300114318508,30.08295151606816,24179000
2011-09-14,30.011920928955078,32.533632086363646,29.940887880473696,32.533632086363646,21021000
2011-09-15,31.681224822998047,31.965362462111756,30.793298087939384,31.04191919959822,16288000
2011-09-16,31.89432716369629,32.39156393256271,31.823291404045975,32.356047407606134,13929000
2011-09-19,30.43812370300293,31.96535858600696,30.225021854376955,31.894325539710643,10628000
2011-09-20,31.006399154663086,31.183984481528885,30.15398904375985,30.544676220917196,8624000
2011-09-21,31.965364456176758,32.67570588853624,30.757783479218133,31.255023023817277,13050000
2011-09-22,31.681224822998047,32.32053315613522,31.04191919959822,31.397089893621683,12778000
2011-09-23,30.260543823242188,31.681226682732195,29.976408877186692,31.610193623652698,17178000
2011-09-26,28.413654327392578,28.413654327392578,28.413654327392578,28.413654327392578,4855000
2011-09-27,29.7633056640625,30.26054247493887,29.266066143448736,29.834338719977012,8124000
2011-09-28,30.89984130859375,30.89984130859375,29.550191983634114,29.834329539331897,10928000
2011-09-29,30.864334106445312,31.43260667960942,30.473646881753577,30.899850634192315,9471000
2011-09-30,30.864334106445312,31.61019202808179,30.828817578698317,30.828817578698317,10967000
2011-10-03,30.011920928955078,30.011920928955078,29.408131887652008,29.47916493613339,11010000
2011-10-04,29.83434295654297,30.402615613767658,29.479172207060312,29.83434295654297,8322000
2011-10-05,28.129518508911133,30.153993135750987,28.022968924174766,30.11847660750553,16339000
2011-10-06,29.123994827270508,29.195027877100696,28.69779110881507,28.69779110881507,8934000
2011-10-07,28.768823623657227,28.768823623657227,28.768823623657227,28.768823623657227,3837000
2011-10-11,30.47364616394043,30.75778108896094,29.76330478678319,29.9764066579829,11758000
2011-10-12,30.544677734375,30.9353649308905,30.189507063045056,30.402608923895585,7137000
2011-10-13,30.402610778808594,30.970883345660305,30.11847585025141,30.970883345660305,6242000
2011-10-14,29.337099075317383,30.296061584532872,28.875378794350556,30.047440470408542,10086000
2011-10-17,29.83434295654297,30.1184806400242,29.62124104880093,29.692274114802352,6303000
2011-10-18,28.83985710144043,29.621234195358305,28.733307527090595,29.47916538648804,6545000
2011-10-19,28.200551986694336,28.484686899338136,27.703312502396198,28.484686899338136,13402000
2011-10-20,26.744352340698242,28.271584584766373,26.673316581371747,28.200551535177024,19070000
2011-10-21,27.419172286987305,27.419172286987305,26.211594280411582,26.637797963939843,17114000
2011-10-24,27.845378875732422,28.3426183164974,27.73882659923387,28.05848071899257,8852000
2011-10-25,28.05847930908203,28.236064621164825,27.703308684916433,27.774341725854825,9945000
2011-10-26,27.98744773864746,28.093997305653325,27.525724819077823,27.98744773864746,10229000
2011-10-27,28.05847930908203,28.555718724861226,27.845377476530036,28.058479309082028,16602000
2011-10-28,27.348142623901367,28.768825357610528,27.206073808582996,28.768825357610528,14815000
2011-10-31,28.05847930908203,28.058479309082028,27.206069269137238,27.525723372833635,11441000
2011-11-01,27.916412353515625,28.12951420008321,27.348139859423064,27.84537930790543,5451000
2011-11-02,27.951932907104492,28.271587077919815,27.135041925840206,27.241591509620388,9667000
2011-11-03,27.703310012817383,28.058480654007347,27.383655893799023,27.987447609664134,9435000
2011-11-04,28.129518508911133,28.69779379978805,28.129518508911133,28.129518508911133,16288000
2011-11-07,28.129518508911133,28.307103859875816,27.70331475049085,28.094001980665677,8070000
2011-11-08,28.022968292236328,28.34262245871181,27.880899472720856,28.200553639196333,10736000
2011-11-09,27.277114868164062,28.12952250613223,27.241595625133893,28.022972906255106,9851000
2011-11-10,25.96297836303711,26.92194090602677,25.785393008009855,26.637803254088173,12301000
2011-11-11,26.850908279418945,27.064010188434615,25.785396024602814,25.998497933618484,9156000
2011-11-14,27.135042190551758,27.49021289275862,26.992973367721532,27.31262754165519,7474000
2011-11-15,26.318145751953125,27.09952284131202,26.318145751953125,26.957454033270665,5684000
2011-11-16,26.14056396484375,26.77987233287223,26.1050474354505,26.637803505561735,8972000
2011-11-17,26.069528579711914,26.140561632159695,25.643322135813467,25.9274597650791,5816000
2011-11-18,25.075048446655273,25.714356728559828,24.861946589266136,25.46573563682489,9383000
2011-11-21,24.009538650512695,24.932981923659842,24.009538650512695,24.86194886793213,12739000
2011-11-22,24.009538650512695,24.2936762928983,23.512299131206575,24.009538650512695,10388000
2011-11-23,23.51230239868164,24.577814641094484,23.51230239868164,24.15161082802445,7461000
2011-11-24,22.340234756469727,23.547815526229154,22.091615026828844,23.441263245762684,24922000
2011-11-25,22.517824172973633,23.086096782597764,22.269204398187288,22.65989164794528,15849000
2011-11-28,22.73092269897461,23.01506031660665,22.37575203180313,22.73092269897461,9899000
2011-11-29,24.1160888671875,24.258157676146652,22.97954110525142,23.08609338940507,14404000
2011-11-30,22.766443252563477,24.116093110548103,22.44679040846355,24.116093110548103,18493000
2011-12-01,24.080575942993164,24.151609003225275,23.618852922271774,24.009540173023495,10502000
2011-12-02,24.613330841064453,25.004018073040292,24.151607842532826,24.293676665906975,9538000
2011-12-05,24.258159637451172,24.82643220949623,24.00953852423702,24.82643220949623,4551000
2011-12-06,23.33470916748047,24.2226357371675,23.228159604960133,24.080569653807053,6191000
2011-12-07,23.97402000427246,24.080572288186307,23.547816288091365,23.58333281281693,6215000
2011-12-08,22.872995376586914,23.796438725478872,22.517824649340962,23.689886423410044,7474000
2011-12-09,22.73092269897461,22.83747498302091,22.05609788940137,22.269201102625402,8463000
2011-12-12,23.2992000579834,23.441268896271982,23.08609815541938,23.08609815541938,4984000
2011-12-13,23.192649841308594,23.263682903684334,22.58885797216428,23.015064475631615,4797000
2011-12-14,23.51230239868164,23.547821641218942,22.97954627747522,23.334717024946166,3679000
2011-12-15,23.476783752441406,23.654369110190185,23.157129566546097,23.405750693236897,4792000
2011-12-16,23.760921478271484,23.97402336624617,23.583336120002997,23.583336120002997,3906000
2011-12-19,22.55333709716797,23.796434417484313,22.375751765694208,23.796434417484313,5790000
2011-12-20,22.872995376586914,23.22816610383287,22.766443074518087,22.872995376586914,4030000
2011-12-21,24.471261978149414,24.471261978149418,24.009538980363846,24.151607803508437,6700000
2011-12-22,24.82642936706543,25.35918535043706,24.648844039274884,24.79091284345473,8674000
2011-12-23,25.6788387298584,25.85642405244459,25.217115807239505,25.465734174965384,7432000
2011-12-26,25.501256942749023,25.71435881744936,25.252635830817507,25.71435881744936,3560000
2011-12-27,25.075048446655273,25.60780444499669,24.968498872829272,25.46573563682489,2675000
2011-12-28,25.11056900024414,25.430223192484796,24.82643404804833,25.07505246993686,4470000
2011-12-29,25.18160629272461,25.323675132278797,24.861952081162123,25.110570518078653,3827000
2011-12-30,25.28815269470215,25.430221516304666,24.790915883699423,25.181603110803305,5915000
2012-01-02,24.435747146606445,25.359190496563713,24.2581617827786,25.359190496563713,3490000
2012-01-03,25.11056900024414,25.14608824028899,24.64884868677436,24.71988174738892,3198000
2012-01-04,25.607805252075195,25.89194287737394,25.217118049592333,25.217118049592333,9659000
2012-01-05,25.96297836303711,25.96297836303711,25.53677459486669,25.927461833979155,10059000
2012-01-06,26.176076889038086,26.602283312268685,25.891941983288145,25.998491556792953,7997000
2012-01-09,26.105043411254883,26.176076459091355,25.714356228680117,25.714356228680117,4237000
2012-01-10,26.531246185302734,26.56676541770972,26.353660862215737,26.49572966263273,5283000
2012-01-11,26.708839416503906,27.028493634653046,26.35366866516881,26.708839416503906,7726000
2012-01-12,27.028484344482422,27.064000865460713,26.637797194247497,26.74434946691923,5949000
2012-01-13,27.064002990722656,27.52572592890886,26.992969943188044,27.348140600335253,10585000
2012-01-16,26.673320770263672,27.348145686288433,25.92746279349423,27.348145686288433,4997000
2012-01-17,26.566768646240234,27.06400544352102,26.247114483890222,26.637801700212542,5403000
2012-01-18,26.318145751953125,26.77986870065325,26.17607694391177,26.602283368035838,7143000
2012-01-30,28.022968292236328,28.022968292236328,26.992972737920827,27.34814343184084,13873000
2012-01-31,27.667802810668945,28.094006639770793,27.241596271829238,28.058490105635283,7954000
2012-02-01,27.561243057250977,27.845380673096326,27.348141200235528,27.66779534062726,5402000
2012-02-02,28.378131866455078,28.626750205929063,27.738823693898155,27.845375959236534,14440000
2012-02-03,27.63228416442871,28.3071063906362,27.34814649358729,27.34814649358729,12583000
2012-02-06,28.27158546447754,29.585718600668777,28.27158546447754,29.550199365031723,15087000
2012-02-07,27.98744773864746,28.76882206897166,27.703310140491226,27.845378939569343,22466000
2012-02-08,28.910898208618164,29.479170839479885,28.129520970162854,28.129520970162854,18333000
2012-02-09,28.875375747680664,29.47916478590681,28.591238135728894,28.910892271740362,15264000
2012-02-10,28.200551986694336,29.052962144100118,28.200551986694336,28.875376807546296,14431000
2012-02-13,28.094003677368164,28.48469093113806,27.809868724507137,28.200555978277034,10090000
2012-02-14,28.094003677368164,28.48469093113806,27.98745408619687,28.129520207758596,12140000
2012-02-15,27.951932907104492,28.342622843510657,27.632281446026557,28.09400172854879,18399000
2012-02-16,27.135042190551758,28.058485474342117,26.921940311175124,27.667798243862052,13307000
2012-02-17,27.028484344482422,27.916410917624006,27.028484344482422,27.632276040060813,13726000
2012-02-20,26.815387725830078,26.85090425371814,25.714359102875925,26.6378023766524,20713000
2012-02-21,26.460216522216797,27.277110196730504,26.424699995006925,26.815387213790178,11972000
2012-02-22,26.850908279418945,27.170562497811343,26.495737527813567,26.495737527813567,12375000
2012-02-23,27.348142623901367,28.058483990755946,26.992971940474074,27.064004993264625,15740000
2012-02-24,27.63228416442871,27.809869531270188,27.34814649358729,27.703317227270244,7063000
2012-02-29,27.348142623901367,28.129517043546496,27.099524229397172,27.774346360119207,11296000
2012-03-01,27.348142623901367,27.667796780933383,27.348142623901367,27.490211439219735,4366000
2012-03-02,27.63228416442871,28.129521023794723,27.632284164428714,27.845386062690952,8414000
2012-03-05,26.992969512939453,27.80986309525217,26.992969512939453,27.80986309525217,6006000
2012-03-06,27.490205764770508,27.56123880289862,26.74434802547846,27.27710394064945,9969000
2012-03-07,27.312623977661133,27.774344204438247,27.06400289271617,27.06400289271617,8834000
2012-03-08,27.490205764770508,27.703307588891562,27.13503515465651,27.490205764770508,8693000
2012-03-09,28.05847930908203,28.626751765799618,27.951927037937622,28.058479309082028,20429000
2012-03-12,27.348142623901367,28.129517043546496,27.348142623901367,28.022967464360672,8080000
2012-03-13,27.38365936279297,27.73883004897637,27.3126263094512,27.73883004897637,6263000
2012-03-14,28.129518508911133,28.27158733163036,27.596762456017075,27.845383573210082,12806000
2012-03-15,28.34261703491211,28.697787660864705,28.2005482425837,28.413650076207894,15723000
2012-03-16,27.98744773864746,28.555720225222963,27.95192850657521,28.41365142614485,7911000
2012-03-19,28.05847930908203,28.413649933247626,27.63227564397804,28.271581141634023,6514000
2012-03-20,27.561243057250977,28.307100911673608,27.561243057250973,28.307100911673608,6231000
2012-03-21,27.135042190551758,27.63228171558885,26.957456839448326,27.4191771264748,8240000
2012-03-22,27.916412353515625,28.058481154473014,27.13503801285548,27.454692137575353,8664000
2012-03-23,27.951932907104492,27.951932907104492,27.632281446026557,27.916416379177765,5109000
2012-03-26,27.24159049987793,27.95193187103237,27.24159049987793,27.95193187103237,6164000
2012-03-27,27.135042190551758,27.59676247757823,26.992973367721532,27.383660598201597,6866000
2012-03-28,27.24159049987793,27.41917584266654,26.566768365071038,26.99297210386879,11431000
2012-03-29,26.24711799621582,26.921942938205436,25.998496854568234,26.815390633251088,13550000
2012-03-30,25.998493194580078,26.42469964465975,25.927460141102113,25.927460141102113,11295000
2012-04-02,25.643320083618164,26.176076063552646,25.607803560236608,25.85642464338159,5887000
2012-04-03,24.080575942993164,25.891946076287546,23.86747134282172,25.64332494600005,14628000
2012-04-05,24.50678062438965,24.50678062438965,23.263683056485828,23.796439157016035,9630000
2012-04-06,25.21711540222168,25.28814844622049,24.577807167284668,24.71987596501922,5522000
2012-04-09,24.932979583740234,25.217117199459988,24.43574282083636,24.577808918959107,3763000
2012-04-10,25.28815269470215,25.572290337907184,25.075050817167067,25.075050817167067,7414000
2012-04-11,25.11056900024414,25.28815436151811,24.89746710866289,24.89746710866289,3331000
2012-04-12,24.719877243041992,25.110564424707913,24.613327671535142,25.110564424707913,6931000
2012-04-13,26.105043411254883,26.176076459091355,24.932979153793504,25.004014911367058,7986000
2012-04-16,25.607805252075195,25.820907116180642,25.50125567489108,25.572288726347157,3425000
2012-04-17,24.50678062438965,25.50125976260777,24.4712640929685,25.359190927185516,6529000
2012-04-18,24.790918350219727,25.146089084694292,24.50678067874501,25.146089084694292,4075000
2012-04-19,25.075048446655273,25.075048446655277,24.364707115533385,24.82643006465747,4573000
2012-04-20,24.542293548583984,25.181601859149747,24.542293548583984,25.146085332948818,2312000
2012-04-23,24.080575942993164,24.897466974612662,23.831954812705664,24.719881614294827,4380000
2012-04-24,23.68988609313965,24.364711007446473,23.15713000969809,23.90299069430633,10341000
2012-04-25,23.441265106201172,23.902988078551555,23.263679764487527,23.79643578962846,10984000
2012-04-26,23.72540283203125,24.045054280608532,23.583334016142857,23.618850542680637,9059000
2012-04-27,23.33470916748047,24.080569653807053,22.65988578743938,24.080569653807053,12505000
2012-04-30,23.618852615356445,23.618852615356445,21.73644809142209,21.73644809142209,15201000
2012-05-02,24.009538650512695,24.18712399956935,23.79643677359218,24.04505517837655,6726000
2012-05-03,23.86746597290039,24.08057052512562,23.796432928649946,24.009534771138227,4001000
2012-05-04,23.40574836730957,23.79643557358516,23.370231841236745,23.654366759556606,8062000
2012-05-07,22.94402503967285,23.299195714310937,22.588854365034766,23.299195714310937,7819000
2012-05-08,22.624374389648438,23.08609603946397,22.5533399770148,22.9440272141967,6326000
2012-05-09,21.87851333618164,22.446787236846426,21.842996810145113,22.446787236846426,14681000
2012-05-10,21.80748176574707,22.340237821703088,21.736447353979194,21.878514822646235,14221000
2012-05-11,21.345754623413086,21.87851057595952,21.16816930589761,21.73644313486821,11616000
2012-05-14,21.345754623413086,21.629892215332614,21.310238101857372,21.452306897817135,5704000
2012-05-15,21.27472496032715,21.31024148752556,20.884036386801313,21.31024148752556,10349000
2012-05-16,20.813003540039062,21.381277501956546,20.813003540039062,21.239208672759982,6599000
2012-05-17,21.026103973388672,21.239205833830578,20.706449827857227,20.813000758078182,10100000
2012-05-18,20.31576156616211,20.812999666060296,20.31576156616211,20.706448741429867,8851000
2012-05-21,20.31576156616211,20.741966619552354,20.31576156616211,20.422312490792542,5512000
2012-05-22,20.63541603088379,20.741968319113447,20.49334857135862,20.67093391191655,5854000
2012-05-23,20.493349075317383,20.599900011298644,20.173694912504942,20.45783119341119,4618000
2012-05-24,20.244731903076172,20.741971474222066,20.17369748507407,20.59990263821786,5902000
2012-05-25,19.925073623657227,20.422313093088544,19.8895570993558,20.315762165315707,5617000
2012-05-28,20.45783042907715,20.599899241656708,19.96059229478591,20.315762971366198,4711000
2012-05-29,21.87851333618164,21.87851333618164,20.59989943070596,20.741968244589312,22370000
2012-05-30,23.40574836730957,23.40574836730957,21.807480306397135,21.87851335854279,36032000
2012-05-31,22.90850830078125,23.583333118255574,22.87299177559569,23.405747782590602,21035000
2012-06-01,21.487825393676758,22.624371801175524,21.487825393676758,22.58885392148797,15719000
2012-06-04,21.914031982421875,22.198168265243254,20.81300202354461,20.81300202354461,16801000
2012-06-05,23.015064239501953,23.2636826650039,22.411272376552418,22.730926573438925,15170000
2012-06-06,22.83747673034668,23.583334646525937,22.73092443814792,23.405749299352905,12937000
2012-06-07,22.83747673034668,23.370232771865773,22.83747673034668,23.263680479667013,17448000
2012-06-08,22.73092269897461,22.87299150779063,22.30471762739512,22.73092269897461,9072000
2012-06-11,22.233684539794922,23.22816355066874,22.19816801292171,23.08609473343858,10573000
2012-06-12,22.375749588012695,22.41126610890344,21.878510166331708,22.02057895963154,5141000
2012-06-13,22.55333709716797,22.588853621515298,22.26920083778366,22.588853621515298,4696000
2012-06-14,22.09161949157715,22.55334116572854,22.09161949157715,22.55334116572854,3832000
2012-06-15,23.441265106201172,23.441265106201172,21.87851355717364,22.091616780151195,17035000
2012-06-18,22.94402503967285,23.334712239827304,22.90850851415648,23.334712239827304,8494000
2012-06-19,22.94402503967285,23.15712690250826,22.801956227870175,22.94402503967285,3312000
2012-06-20,23.68988609313965,23.68988609313965,22.94402811826898,23.15713000969809,9604000
2012-06-21,23.618852615356445,23.902990272067772,23.26368189933605,23.68988567466552,10559000
2012-06-22,24.080575942993164,24.08057594299316,23.299198731752167,23.299198731752167,15842000
2012-06-25,24.045055389404297,24.222640740019507,23.760920454262408,24.009538861228737,9562000
2012-06-26,23.79643440246582,24.08057201653936,23.760917878140905,24.00953625815242,7507000
2012-06-27,23.2992000579834,24.116093845839476,23.2992000579834,23.79643963712459,7550000
2012-06-28,23.476783752441406,23.796437938336716,23.299198394692624,23.796437938336716,5851000
2012-06-29,24.009538650512695,24.080574415977786,23.512299131206575,23.65436795239938,6770000
2012-07-02,23.938505172729492,24.293675864580855,23.86746940851682,24.293675864580855,4255000
2012-07-03,23.90298843383789,24.293675649467506,23.831952670254218,24.15160683203747,4907000
2012-07-04,24.86195182800293,25.039537198202954,24.08057728301792,24.116093815110386,15654000
2012-07-05,24.222640991210938,24.93298240103809,24.187124462667065,24.861949343950347,7680000
2012-07-06,23.938505172729492,24.293675864580855,23.90298864549182,24.151607045892845,6104000
2012-07-09,24.045055389404297,24.364709562459154,23.86747003878909,23.938505804877618,3585000
2012-07-10,23.72540283203125,24.187123096496922,23.441265200254463,24.151606569959146,4631000
2012-07-11,23.72540283203125,23.760919358569026,23.33471291090385,23.51229825333002,3345000
2012-07-12,23.583332061767578,24.258156849011048,23.583332061767578,23.974019240781043,6929000
2012-07-13,23.618852615356445,23.867471032675716,23.51230031665532,23.58333608570191,6709000
2012-07-16,23.760921478271484,24.009539895952365,23.72540494856529,23.831954537683874,3025000
2012-07-17,22.872995376586914,23.97402408910185,22.624375596540986,23.7609221947018,8516000
2012-07-18,23.33470916748047,23.72539902593224,22.944022018765544,23.08609081186284,5902000
2012-07-19,24.151609420776367,24.435747086092306,23.58333679988209,23.654369861342275,9435000
2012-07-20,24.577810287475586,24.68436257673771,24.009537734131236,24.435744181442455,8031000
2012-07-23,24.364709854125977,24.577811735467762,24.080574915582744,24.577811735467762,7226000
2012-07-24,24.719877243041992,25.110564424707913,24.329190061376067,24.36470658521168,10577000
2012-07-25,24.258159637451172,25.075050612973016,24.258159637451172,24.506778040927955,6071000
2012-07-26,24.009538650512695,24.755396574603182,23.97402212264884,24.542294697682667,5385000
2012-07-27,24.293672561645508,24.50677440583582,24.0805707174552,24.43574136101804,6817000
2012-07-30,23.97402000427246,24.506776004367406,23.37023095472638,24.506776004367406,3751000
2012-07-31,23.938505172729492,24.0450547544425,23.79643635404148,23.97402169996716,6269000
2012-08-01,24.151609420776367,24.22264248223655,23.72540563254006,23.938507526658213,7954000
2012-08-02,24.151609420776367,24.151609420776367,24.151609420776367,24.151609420776367,0
2012-08-03,24.105857849121094,24.700146521989527,24.105857849121094,24.254430725786182,9763000
2012-08-06,24.18014144897461,24.66300256130011,24.18014144897461,24.58871471043909,3835000
2012-08-07,24.848724365234375,24.88586688337644,24.217290221649332,24.440150998086693,6258000
2012-08-08,24.848724365234375,24.960151919660568,24.551578552512886,24.88586688337644,7592000
2012-08-09,24.737293243408203,25.071581564358127,24.588720341453527,24.77443576044877,9651000
2012-08-10,24.960147857666016,25.14586325194565,24.663004927093816,24.73728995128886,8790000
2012-08-13,24.588714599609375,25.18300606865186,24.440144566140496,25.18300606865186,8207000
2012-08-14,24.885860443115234,25.03443331102651,24.514429690232916,24.588714707292677,10284000
2012-08-15,24.81157684326172,25.10871976226495,24.774431498818387,24.81157684326172,11720000
2012-08-16,24.885860443115234,25.48014908096859,24.885860443115234,25.03443331102651,23813000
2012-08-17,25.14586067199707,25.33157604722243,24.440144513174094,24.96014529677171,12600000
2012-08-20,25.740154266357422,25.925869656926256,25.331578140072406,25.331578140072406,20184000
2012-08-21,25.777301788330078,26.26016019739236,25.777301788330078,25.92587469642329,12994000
2012-08-22,25.703012466430664,25.851585366136813,25.33158163406148,25.77730033317992,9159000
2012-08-23,25.740154266357422,25.925869656926256,25.591581387143957,25.703008921210078,5564000
2012-08-24,25.368724822998047,25.665867763302348,25.29443696257788,25.55444022336028,4575000
2012-08-27,25.331579208374023,25.66586749225417,25.10872129705129,25.628724979332393,4023000
2012-08-28,24.885860443115234,25.33157621305731,24.848717934585352,25.183006178937788,5228000
2012-08-29,24.960147857666016,25.071578227750607,24.848720321373452,24.885862833470973,3183000
2012-08-30,24.960147857666016,25.14586325194565,24.848720321373452,24.885862833470973,3217000
2012-08-31,25.294435501098633,25.40586586839452,24.848719699498993,24.88586221066697,3558000
2012-09-03,25.405864715576172,25.554437587298384,25.294434353336555,25.480149734541364,2171000
2012-09-04,25.405864715576172,25.77729547798579,25.33157686281915,25.554437587298384,4412000
2012-09-05,25.405864715576172,25.665865115746172,25.405864715576172,25.51729224402396,5027000
2012-09-06,24.29157257080078,25.62872275655851,24.29157257080078,25.48014988396502,13625000
2012-09-07,24.737293243408203,24.92300866240345,24.477292790331823,24.737293243408203,8193000
2012-09-10,24.66300392150879,25.034434694923704,24.58871606655066,24.737288942675008,4360000
2012-09-11,24.328720092773438,24.663008416531863,24.29157757542082,24.5887205480342,5332000
2012-09-12,24.514434814453125,24.625865197126668,24.40300443177958,24.44014978186566,6319000
2012-09-13,24.700145721435547,25.257291865528078,24.58871535910031,24.58871535910031,10522000
2012-09-14,25.257295608520508,25.405868502387904,24.997295169596757,25.1458652296719,15656000
2012-09-17,25.740154266357422,26.148727558850467,25.071577726792825,25.294435628717032,14918000
2012-09-18,26.074440002441406,26.705874037917873,26.000154978875706,26.000154978875706,24396000
2012-09-19,25.851579666137695,26.334440775268828,25.740152141270944,26.22301041661034,11294000
2012-09-20,26.223011016845703,26.297298868915696,25.740152730453854,25.85158025787114,11052000
2012-09-21,26.85444450378418,26.85444450378418,26.18586801665086,26.483013751774948,14617000
2012-09-24,26.89159393310547,27.07730935690621,26.52016308550399,26.965878969108775,7366000
2012-09-25,26.40872573852539,27.040159713329015,26.37158323031147,26.965871863109438,4841000
2012-09-26,25.628721237182617,26.185867351034414,25.368720850901784,25.851579115965,7279000
2012-09-27,25.888723373413086,25.963011227223156,25.405865075711038,25.405865075711038,3371000
2012-09-28,25.963010787963867,26.148726168659188,25.554437517192532,26.148726168659188,2956000
2012-10-01,26.074440002441406,26.14872785979911,25.703009217028896,25.703009217028896,3097000
2012-10-02,26.11157989501953,26.297295248942028,26.074434557201904,26.297295248942028,2368000
2012-10-03,26.00015640258789,26.29730218070576,25.925871374954504,26.18587180546352,2233000
2012-10-04,25.10871696472168,25.925866276967884,25.10871696472168,25.925866276967884,7295000
2012-10-05,25.257295608520508,25.44301101740669,25.034437684615543,25.257295608520508,2817000
2012-10-08,24.923004150390625,25.5544381609363,24.92300415039062,25.5544381609363,3057000
2012-10-09,24.81157684326172,25.22015012801111,24.51443109046657,24.737288988166974,4817000
2012-10-11,23.771568298339844,24.58871482507857,23.771568298339844,24.514429807662964,7832000
2012-10-12,23.92014503479004,24.291575849511027,23.62299924949636,23.845857171570508,5155000
2012-10-15,24.4772891998291,24.551574223013585,23.957285536161766,24.51443171142134,3114000
2012-10-16,24.105857849121094,24.737289032707817,23.957284972456005,24.514431134606145,3118000
2012-10-17,23.585857391357422,24.36586155722653,23.585857391357422,24.2915765257313,4941000
2012-10-18,23.62299346923828,23.882996676198697,23.325849173548296,23.62299346923828,4997000
2012-10-19,23.511566162109375,23.994425853124124,23.511566162109375,23.660139028681236,3046000
2012-10-22,23.21442413330078,23.25156664515566,22.84299334716797,23.140137692695017,3824000
2012-10-23,22.65727996826172,23.32585515935579,22.582993521052128,23.28871264419906,6472000
2012-10-24,23.02870750427246,23.251565397232856,22.322988481737998,22.36013240849535,5193000
2012-10-25,23.14013671875,23.400138541478956,23.02870777097929,23.25156566652071,2887000
2012-10-26,22.211563110351562,23.362999521033828,22.211563110351562,23.362999521033828,6316000
2012-10-29,21.431556701660156,22.28584722871503,21.320127748895782,22.21156078790678,7014000
2012-10-30,22.508705139160156,22.917279855246775,21.61727209995445,21.61727209995445,5789000
2012-10-31,22.211563110351562,22.65728038490934,21.80298976852969,22.65728038490934,7102000
2012-11-01,21.91441535949707,22.434419002582498,21.35726920628952,21.580127100814163,7126000
2012-11-02,22.434419631958008,22.47156214312213,22.100131363896974,22.137273875061098,4948000
2012-11-05,22.06298828125,22.43441905085424,21.72870002184781,22.285846176254164,4943000
2012-11-06,22.211563110351562,22.43442245607853,21.840132284369442,22.43442245607853,3015000
2012-11-07,22.36013412475586,22.657278477142455,22.211561240114545,22.285847682435204,5988000
2012-11-08,22.211563110351562,22.211563110351562,21.840132284369442,22.06299163009641,4615000
2012-11-09,22.248706817626953,22.545851192022266,21.840132063049282,21.988704958695006,11362000
2012-11-12,21.728700637817383,22.285846808017826,21.728700637817383,22.248704296762856,5364000
2012-11-13,20.948699951171875,21.728704148726656,20.911556017019233,21.728704148726656,8878000
2012-11-14,21.02298355102539,21.320129336383747,20.800125628902734,20.948698521581914,4678000
2012-11-15,20.87441062927246,21.060126023808877,20.80012418807869,20.87441062927246,3547000
2012-11-16,21.02298355102539,21.394414365827224,21.02298355102539,21.171556443704567,2780000
2012-11-19,21.097270965576172,21.17155741532497,20.985841999401064,21.17155741532497,2141000
2012-11-20,21.171554565429688,21.394412467781077,21.171554565429688,21.394412467781077,4068000
2012-11-21,20.985837936401367,21.357268696337673,20.911551501034925,21.320126187102403,2482000
2012-11-22,21.06012535095215,21.282983250517283,21.06012535095215,21.171554300734716,1293000
2012-11-23,21.84012794494629,21.877271870302053,21.09726644058148,21.09726644058148,7954000
2012-11-26,22.248706817626953,22.4715647441994,21.877275995408784,21.988704958695006,8869000
2012-11-27,22.805850982666016,22.805850982666016,22.21156087087609,22.21156087087609,9519000
2012-11-28,22.4715633392334,22.657278738731193,22.21156149655727,22.582992295552863,8187000
2012-11-29,23.02870750427246,23.140136450752657,22.54584779159432,22.620134228213093,7317000
2012-11-30,23.474428176879883,23.474428176879883,23.065853423532534,23.325855281681548,6082000
2012-12-03,23.362995147705078,23.47442409126205,23.102993334808207,23.47442409126205,3324000
2012-12-04,23.177284240722656,23.32585572182832,22.991568826668455,23.32585572182832,3826000
2012-12-05,23.14013671875,23.400138541478956,23.065850281270876,23.177280645937532,3870000
2012-12-06,22.880136489868164,23.36299765867095,22.880136489868164,23.325853728895943,4668000
2012-12-07,22.880136489868164,23.177282260484045,22.880136489868164,22.880136489868164,2988000
2012-12-10,22.545848846435547,23.14013753339857,22.545848846435547,23.028708581705,3004000
2012-12-11,22.991567611694336,22.991567611694336,22.47156391306336,22.508706427152962,4666000
2012-12-12,22.880136489868164,23.177282260484045,22.880136489868164,23.102995817830077,4209000
2012-12-13,23.02870750427246,23.288709323990204,22.805849611312066,22.880134631034913,3986000
2012-12-14,22.805850982666016,23.02870888902723,22.768707053675136,22.84299349476088,2327000
2012-12-17,22.694419860839844,22.805850227225346,22.434419450996245,22.582990911350304,3065000
2012-12-18,22.842994689941406,22.91728113491393,22.620136771919928,22.80585217590319,2102000
2012-12-19,22.731565475463867,22.991567321497644,22.47156362943009,22.954423390980775,4744000
2012-12-20,22.32299041748047,22.65727870280486,22.32299041748047,22.65727870280486,3530000
2012-12-21,22.06298828125,22.471561561056284,21.840128969349895,22.322988686456213,3295000
2012-12-24,21.95155906677246,22.21156090249467,21.914416554624726,21.988702995816215,3195000
2012-12-25,22.842994689941406,22.842994689941406,22.02584662903583,22.062990559970135,3895000
2012-12-26,22.805850982666016,23.17728177119871,22.768707053675136,23.02870888902723,6610000
2012-12-27,22.880136489868164,22.954422932522135,22.69442109168126,22.73156502145627,2419000
2012-12-28,22.880136489868164,23.102995817830077,22.880136489868164,22.99156686229714,3063000
2013-01-02,22.731565475463867,23.1029962792561,22.731565475463867,23.028709835118438,4049000
2013-01-03,23.14013671875,23.325852103999832,22.842992385729456,23.02870777097929,7580000
2013-01-04,22.768705368041992,23.102993619731496,22.768705368041992,23.102993619731496,3501000
2013-01-07,22.434419631958008,22.91727936157152,22.434419631958008,22.880135433511416,3137000
2013-01-08,22.13727569580078,22.434421477137246,22.10013318158177,22.434421477137246,3909000
2013-01-09,22.36013412475586,22.5829920348218,22.062989772369264,22.100132285081575,3930000
2013-01-10,22.285842895507812,22.58298718406877,22.025841111681075,22.58298718406877,6229000
2013-01-11,22.10013198852539,22.471562778248508,22.062989476311486,22.434420266034603,4518000
2013-01-14,22.13727569580078,22.17441962691589,21.91441777669453,21.95156029091354,2376000
2013-01-15,22.13727569580078,22.471563991356255,22.06299066736276,22.285848586469015,3739000
2013-01-16,21.98870086669922,22.28584518579734,21.98870086669922,22.28584518579734,5082000
2013-01-17,21.39441680908203,22.28585143316723,21.32013177115516,22.06299348559407,5859000
2013-01-18,21.542985916137695,21.728701311966468,21.394413032716265,21.617272357848407,4314000
2013-01-21,21.28298568725586,21.542987544447385,21.245843172041127,21.542987544447385,3576000
2013-01-22,21.468698501586914,21.691557816620335,21.24584060344946,21.24584060344946,4834000
2013-01-23,21.580127716064453,21.617271644141496,21.35726981518612,21.617271644141496,3072000
2013-01-24,21.28298568725586,21.61727399177298,21.245843172041127,21.542987544447385,5192000
2013-01-25,21.208698272705078,21.431557604518343,21.208698272705078,21.282984716642833,3974000
2013-01-28,21.171554565429688,21.357269956354507,21.06012561425399,21.245841005178814,3319000
2013-01-29,21.691558837890625,21.691558837890625,21.32012804557672,21.394413070522678,3858000
2013-01-30,21.728700637817383,21.914416027884197,21.691558126562413,21.691558126562413,4470000
2013-01-31,21.91441535949707,21.91441535949707,21.50584208056991,21.765842485216684,4899000
2013-02-01,21.39441680908203,21.654418692514906,21.357274290118596,21.505847199764887,8187000
2013-02-04,21.542985916137695,21.69155879955912,21.394413032716265,21.69155879955912,3159000
2013-02-05,21.39441680908203,21.54298971872832,21.208701380472306,21.54298971872832,3007000
2013-02-06,21.171554565429688,21.468698907530204,21.171554565429688,21.394412467781077,4320000
2013-02-18,21.02298355102539,21.394414365827224,21.02298355102539,21.394414365827224,4944000
2013-02-19,21.097270965576172,21.320130314822563,21.06012844914986,21.097270965576172,4100000
2013-02-20,21.431556701660156,21.431556701660156,21.134412355323157,21.24584130808753,5872000
2013-02-21,21.505842208862305,21.617271156789354,21.24584038576856,21.394411844039308,6390000
2013-02-22,21.39441680908203,21.505847199764887,21.208701380472306,21.468703263905176,5850000
2013-02-25,21.171554565429688,21.50584283585276,21.171554565429688,21.50584283585276,3591000
2013-02-26,21.02298355102539,21.24584289004416,20.948698521581914,21.060127482643242,4655000
2013-02-27,20.948699951171875,21.208700405759327,20.948699951171875,21.13441537124646,3510000
2013-03-01,20.948699951171875,21.245844339911972,20.948699951171875,21.171557888502896,3537000
2013-03-04,20.948699951171875,21.060128919837386,20.46583872546098,21.02298498568474,7224000
2013-03-05,20.800125122070312,21.022983038762636,20.688696163724153,21.022983038762636,2677000
2013-03-06,20.800125122070312,21.097269483292102,20.76298260825362,21.06012696947541,3675000
2013-03-07,21.06012535095215,21.06012535095215,20.800123523528843,20.800123523528843,2998000
2013-03-08,21.32012367248535,21.32012367248535,21.09726439267132,21.171550819275996,3826000
2013-03-11,21.580127716064453,21.617271644141496,21.17155442548885,21.39441232636718,4311000
2013-03-12,22.36013412475586,22.43442056707652,21.80298793269498,21.988703330048608,15632000
2013-03-13,22.4715633392334,22.88013665137013,22.2858479397356,22.36013438291393,12895000
2013-03-14,22.768705368041992,23.325851509593896,22.69441893245589,23.06584969349049,21265000
2013-03-15,21.98870086669922,22.880133823993585,21.914414432700717,22.880133823993585,8882000
2013-03-18,21.617273330688477,22.174419543247996,21.617273330688477,21.98870413906149,6239000
2013-03-19,22.434419631958008,22.582991093510486,21.654414145447586,21.654414145447586,11098000
2013-03-20,22.545848846435547,22.88013570151625,22.248704502954034,22.360133454647602,9120000
2013-03-21,22.397274017333984,22.768704768589593,22.397274017333984,22.657275826592084,4982000
2013-03-22,22.65727996826172,22.880137892994366,22.39727811147621,22.39727811147621,6262000
2013-03-25,22.4715633392334,22.88013665137013,22.397276896055068,22.731565181909524,4075000
2013-03-26,22.434419631958008,22.731563971958938,22.434419631958008,22.582991093510486,5052000
2013-03-27,23.14013671875,23.14013671875,22.50870412552138,22.694419510771212,16392000
2013-03-28,22.805850982666016,23.25156679538844,22.694420612589397,23.25156679538844,7369000
2013-03-29,23.14013671875,23.437281051770544,22.80584987543787,22.880134896021044,16464000
2013-04-01,22.842994689941406,23.177282983869716,22.768708244968884,23.14013905293541,5114000
2013-04-02,22.91727638244629,22.91727638244629,22.694417093744143,22.842989952878906,4525000
2013-04-03,22.91727638244629,23.177278177484233,22.91727638244629,23.177278177484233,4451000
2013-04-08,22.211563110351562,22.43442245607853,22.0258476973605,22.39727852334262,6744000
2013-04-09,22.17441749572754,22.508704342258532,22.17441749572754,22.24870393392197,4018000
2013-04-10,21.98870086669922,22.32298769434865,21.98870086669922,22.28584518579734,3297000
2013-04-11,22.211563110351562,22.360136007502874,22.0258476973605,22.137276661775907,3272000
2013-04-12,22.06298828125,22.471561561056284,21.988701843949965,22.471561561056284,2554000
2013-04-15,21.468698501586914,22.02584466382652,21.468698501586914,21.91441571475779,3841000
2013-04-16,21.98870086669922,21.98870086669922,21.171552926507474,21.171552926507474,2778000
2013-04-17,21.80298614501953,22.13727298270951,21.80298614501953,21.98870152714594,3535000
2013-04-18,22.65727996826172,22.73156641547131,21.580130025962955,21.69156040522541,8095000
2013-04-19,22.285842895507812,22.65727361043294,22.211556469143638,22.65727361043294,8420000
2013-04-22,22.025846481323242,22.434421217484037,21.91441752305978,22.28584832853537,8441000
2013-04-23,21.91441535949707,22.248703618179977,21.765842485216684,22.137273254021718,7987000
2013-04-24,21.91441535949707,22.137273254021718,21.877272849374943,22.025844306759396,11710000
2013-04-25,21.91441535949707,22.025844306759396,21.84012892235688,21.91441535949707,8401000
2013-04-26,22.397274017333984,22.73156226022238,22.06298719134146,22.06298719134146,16210000
2013-04-29,23.102994918823242,23.102994918823242,22.54584874594276,22.65727769713966,13448000
2013-04-30,23.102994918823242,23.69728360313736,22.954422039296716,23.32585282121704,19862000
2013-05-02,22.508705139160156,23.02870880803549,22.47156262719592,23.02870880803549,11263000
2013-05-03,22.248706817626953,22.805853050954212,22.174420369804093,22.657280155308488,8452000
2013-05-06,22.36013412475586,22.657278477142455,22.36013412475586,22.620135964430144,7297000
2013-05-07,22.582990646362305,22.917278907804356,22.582990646362305,22.69441959454434,8557000
2013-05-08,23.21442413330078,23.362997014512306,22.657277954101563,22.657277954101563,15771000
2013-05-09,23.065853118896484,23.474427866847687,22.95442415741747,23.474427866847687,9524000
2013-05-10,23.288711547851562,23.474426948684673,23.065852216714188,23.102996147018448,8365000
2013-05-13,22.65727996826172,23.36299909140865,22.582993521052128,23.28871264419906,11247000
2013-05-14,22.991567611694336,22.991567611694336,22.657279317303555,22.805852207454144,5410000
2013-05-15,23.102994918823242,23.102994918823242,22.80585057666618,23.02870847905998,4411000
2013-05-16,23.102994918823242,23.288710309783404,22.954422039296716,23.251566381453777,6481000
2013-05-17,23.02870750427246,23.251565397232856,23.02870750427246,23.21442288737143,3436000
2013-05-20,24.06871795654297,24.10586047130154,22.880137647723135,23.028710540549643,17642000
2013-05-21,23.5487117767334,24.514431228049695,23.5487117767334,24.365858350818282,11897000
2013-05-22,24.440147399902344,24.440147399902344,23.437282554957786,23.77157083660597,19986000
2013-05-23,23.771568298339844,24.737287693701546,23.771568298339844,24.29157192162438,15842000
2013-05-24,23.511566162109375,24.14299871969598,23.437279728823448,24.10585621150095,7848000
2013-05-27,24.21728515625,24.21728515625,23.69728292654595,23.771569364188228,10851000
2013-05-28,23.882999420166016,24.328715206462324,23.84585407648144,24.328715206462324,6626000
2013-05-29,23.95728302001953,24.291571256824653,23.585852275523102,24.068713376885135,4772000
2013-05-30,23.5487117767334,23.994427574635708,23.51156784897756,23.92014255291597,4457000
2013-05-31,24.14299774169922,24.14299774169922,23.437278779414303,23.92013986776493,10466000
2013-06-03,23.84585189819336,24.068712604775328,23.474422582508005,23.5115650890078,4625000
2013-06-04,23.511566162109375,23.994425853124124,23.511566162109375,23.92014083673406,3874000
2013-06-05,23.21442413330078,23.62299743128847,23.1772816214459,23.51156847882783,4536000
2013-06-06,23.21442413330078,23.437282038222065,22.917279787773733,23.10299518084014,3946000
2013-06-07,22.842994689941406,23.214425497907936,22.842994689941406,23.06585260796289,4125000
2013-06-10,23.02870750427246,23.32585183385163,22.91727855779226,23.065850014133883,3369000
2013-06-11,23.065853118896484,23.21442601213258,22.805852681077493,23.177283497271613,2876000
2013-06-13,22.285842895507812,22.880131472629728,22.285842895507812,22.805846463161288,6045000
2013-06-14,21.91441535949707,22.582990459966947,21.91441535949707,22.322988638424235,3924000
2013-06-17,21.84012794494629,22.062987246393256,21.654412568855086,21.69155649421085,5311000
2013-06-18,21.691558837890625,21.95155925899354,21.65441490852162,21.840130304678574,3340000
2013-06-19,21.84012794494629,22.174416188668804,21.84012794494629,21.9887008125776,3149000
2013-06-20,20.948699951171875,21.76584666598309,20.8744134997628,21.65441769731758,9442000
2013-06-21,20.42869758605957,20.911557427441718,20.42869758605957,20.725841994841176,16649000
2013-06-24,20.688697814941406,20.985842199879038,20.651553881264082,20.725840331722537,4852000
2013-06-25,21.06012535095215,21.282983250517283,20.688694573746275,20.725837084708473,6543000
2013-06-26,21.617273330688477,21.617273330688477,21.245842522315467,21.35727148144815,8392000
2013-06-27,21.28298568725586,21.802989401638907,21.171556724715533,21.61727399177298,8323000
2013-06-28,21.32012367248535,21.72869689346747,21.282979750735144,21.505839030549176,5529000
2013-07-01,21.691558837890625,21.840130304678574,21.245841603734732,21.3572705580497,2918000
2013-07-02,21.431556701660156,21.91441644156978,21.431556701660156,21.91441644156978,2776000
2013-07-03,21.542985916137695,21.69155879955912,21.431556962019634,21.431556962019634,2882000
2013-07-04,21.02298355102539,21.617273704845992,20.98584103630365,21.617273704845992,3296000
2013-07-05,21.39441680908203,21.43156074494174,21.134416342545435,21.17155886150887,4002000
2013-07-08,21.39441680908203,21.468703263905176,21.17155886150887,21.39441680908203,2409000
2013-07-09,21.097270965576172,21.580130763599083,21.097270965576172,21.35727283124887,3968000
2013-07-10,21.171554565429688,21.50584283585276,21.09726812568056,21.208697076856257,3785000
2013-07-11,21.6544132232666,21.6544132232666,21.32012638633758,21.46869784156295,4164000
2013-07-12,21.84012794494629,21.84012794494629,21.58012613503943,21.76584151113063,3189000
2013-07-15,22.211563110351562,22.211563110351562,21.765845835793787,21.914418732945098,4691000
2013-07-16,22.434419631958008,22.47156214312213,22.062988852732847,22.285846753509553,6178000
2013-07-17,22.285842895507812,22.360129321871984,21.988698606946855,22.360129321871984,3146000
2013-07-18,22.211563110351562,22.360136007502874,21.988705181520753,22.285849558927218,3612000
2013-07-19,22.06298828125,22.360132613554203,21.988701843949965,22.21155973895413,3051000
2013-07-22,22.10013198852539,22.28584738338695,22.025845547201566,22.28584738338695,4306000
2013-07-23,22.65727996826172,22.65727996826172,22.211562701900295,22.248706633953155,5825000
2013-07-24,22.211563110351562,22.65728038490934,22.174420594511812,22.65728038490934,5782000
2013-07-25,22.20501136779785,22.513415488095465,22.20501136779785,22.359213427946656,4671000
2013-07-26,22.0893611907959,22.551965913915264,22.050811409944234,22.28211303621398,3728000
2013-07-29,22.012256622314453,22.24355968200598,21.973706847655684,22.05080786755286,2031000
2013-07-30,22.16646385192871,22.320665927826294,21.935162208662316,22.050813030295515,2387000
2013-07-31,21.24125099182129,22.05080955689349,21.24125099182129,22.01225830870162,8289000
2013-08-01,19.85344123840332,20.740099485031553,19.776340201613916,20.62444866513743,17615000
2013-08-02,19.660686492919922,20.04619014964384,18.889679179472083,19.891988098722376,17038000
2013-08-05,19.46793556213379,19.622137620164793,19.390834533118287,19.429385782915944,4725000
2013-08-06,19.120981216430664,19.583585909046523,19.082431438120917,19.467935103537503,5987000
2013-08-07,18.311424255371094,19.04388181381785,18.157222199725524,19.04388181381785,12284000
2013-08-08,18.311424255371094,18.69692792390522,18.11867242110403,18.311424255371094,8791000
2013-08-09,18.427074432373047,18.619826260055987,18.349973407183924,18.349973407183924,5940000
2013-08-12,18.735475540161133,18.774026784913005,18.27287236777562,18.42707293504425,6026000
2013-08-13,18.9282283782959,19.120980200765633,18.889678602033833,19.120980200765633,5694000
2013-08-14,18.735475540161133,19.043879615857637,18.619824747064754,18.928227352181636,4432000
2013-08-15,18.427074432373047,18.619826260055987,18.427074432373047,18.54272523486686,3522000
2013-08-16,18.812576293945312,18.851127538153854,18.272872110242133,18.349971657500017,4567000
2013-08-19,18.966779708862305,19.08243050873872,18.812577661973947,19.005329485294542,6603000
2013-08-20,18.349973678588867,18.966780418644984,18.118672070180175,18.8896793923155,6079000
2013-08-22,18.234325408935547,18.6198291235878,18.118674588655864,18.157224371889104,6256000
2013-08-23,18.9282283782959,19.0438806482415,18.349972910886702,18.349972910886702,8284000
2013-08-26,19.198083877563477,19.429386978847315,19.082433062211507,19.120982843802196,8118000
2013-08-27,18.58127784729004,19.120982122088265,18.58127784729004,19.120982122088265,4944000
2013-08-28,18.38852310180664,18.50417389453154,18.31142208313017,18.3499718571786,4094000
2013-08-29,18.46562385559082,18.69692543772256,18.4270726115158,18.4270726115158,2800000
2013-08-30,18.735475540161133,18.735475540161133,18.504173953968376,18.504173953968376,2509000
2013-09-02,19.50648307800293,19.583584098072357,18.696926043723067,18.735475818467958,10608000
2013-09-03,19.31373405456543,19.660687959733853,19.236634493932318,19.660687959733853,8295000
2013-09-04,19.390832901000977,19.429384147553794,19.15953130400283,19.275182102501905,4311000
2013-09-05,19.50648307800293,19.583584098072357,19.35228250844372,19.583584098072357,4918000
2013-09-06,19.31373405456543,19.583586928520884,19.31373405456543,19.583586928520884,3600000
2013-09-09,19.50648307800293,19.545034323327464,19.236631713629404,19.39083228318861,4218000
2013-09-10,19.198083877563477,19.69923839114194,19.198083877563477,19.66068860955125,5220000
2013-09-11,19.583587646484375,19.583587646484375,19.12098291282665,19.275184980905863,4430000
2013-09-12,19.198083877563477,19.58358757578997,19.120982843802196,19.58358757578997,5104000
2013-09-13,19.352285385131836,19.50648597761273,19.275184353601457,19.50648597761273,3259000
2013-09-16,19.46793556213379,19.54503659114929,19.390834533118287,19.429385782915944,3387000
2013-09-17,19.275178909301758,19.467930698394774,19.005326110455645,19.429380928807948,5286000
2013-09-18,19.390832901000977,19.429384147553794,19.198081079975957,19.275182102501905,3473000
2013-09-23,20.740095138549805,20.740095138549805,19.3908324245288,19.467933445160217,25297000
2013-09-24,20.5087947845459,21.20270107093322,20.47024353661454,20.971399465664028,19774000
2013-09-25,20.123292922973633,20.58589764533921,20.08474167160491,20.508796613181634,8716000
2013-09-26,19.699234008789062,20.200389881458733,19.699234008789062,20.123288864849584,6944000
2013-09-27,19.545034408569336,19.891986794525454,19.545034408569336,19.699234978801062,5252000
2013-09-30,19.429384231567383,19.506483783847024,19.313731961988534,19.429384231567383,3560000
2013-10-01,19.429384231567383,19.891987427563997,19.429384231567383,19.506483783847024,3621000
2013-10-02,19.46793556213379,19.66068739938264,19.429385782915944,19.429385782915944,3599000
2013-10-03,19.85344123840332,20.12329413187625,19.69923916482451,19.69923916482451,9506000
2013-10-04,19.62213706970215,20.00764073338526,19.583585820985974,19.93053970653268,5514000
2013-10-07,19.50648307800293,19.7763359129561,19.429383528513146,19.62213534339689,3746000
2013-10-08,19.660686492919922,19.660686492919922,19.39083363909723,19.660686492919922,6035000
2013-10-09,19.23663330078125,19.583585713850116,19.23663330078125,19.583585713850116,6062000
2013-10-11,18.812576293945312,19.583583531160937,18.812576293945312,19.35228194822809,5333000
2013-10-14,18.427074432373047,18.85112933562336,18.349973407183924,18.812578087738924,5153000
2013-10-15,18.46562385559082,18.658375664227133,18.46562385559082,18.504173629086246,4134000
2013-10-16,18.58127784729004,19.00533131110149,18.504176816438907,18.58127784729004,5026000
2013-10-17,18.65838050842285,18.928231934110393,18.581279470834993,18.81258111301859,3721000
2013-10-18,18.696928024291992,18.774029052528746,18.42707516075326,18.774029052528746,5736000
2013-10-21,18.65838050842285,18.81258111301859,18.504178433247134,18.81258111301859,4134000
2013-10-22,18.46562385559082,18.619824420152113,18.46562385559082,18.58127464665669,4146000
2013-10-23,18.427074432373047,18.619826260055987,18.427074432373047,18.50417545756217,3385000
2013-10-24,18.58127784729004,18.774029689127943,18.465627036303264,18.465627036303264,4494000
2013-10-25,18.542726516723633,18.619827547242743,18.465626956784362,18.504176736753998,3405000
2013-10-28,18.46562385559082,18.69692543772256,18.46562385559082,18.58127464665669,3093000
2013-10-29,18.735475540161133,18.966778596933512,18.465624179796123,18.465624179796123,9450000
2013-10-30,18.504175186157227,18.851129059129562,18.504175186157227,18.81257781181057,4683000
2013-10-31,17.925920486450195,18.349973931231084,17.501867041669307,18.349973931231084,19040000
2013-11-01,17.463315963745117,17.8873708832596,17.463315963745117,17.8873708832596,7174000
2013-11-04,17.424766540527344,17.694619409255875,17.424766540527344,17.424766540527344,4351000
2013-11-05,17.039260864257812,17.617516313470773,17.039260864257812,17.463314272115454,5898000
2013-11-06,16.114051818847656,17.19346171411684,16.114051818847656,17.039261140838203,13221000
2013-11-07,15.959855079650879,16.2682577708763,15.497250307522732,16.114055689973572,11793000
2013-11-08,15.80565071105957,16.075503578291187,15.767100931703549,15.9598527696433,4986000
2013-11-11,15.304494857788086,15.959851342287969,15.304494857788086,15.844199073403523,7331000
2013-11-12,15.343047142028809,15.612900029242818,15.304497359818205,15.38159839481934,5809000
2013-11-13,15.304494857788086,15.574347700885648,15.304494857788086,15.381595880184488,5072000
2013-11-14,15.497247695922852,15.728549307717905,15.304495862567045,15.343045641006292,6224000
2013-11-15,15.844202041625977,15.9984041153067,15.458698328004129,15.53579936484449,10957000
2013-11-18,15.227395057678223,15.921301373785573,15.227395057678223,15.921301373785573,7309000
2013-11-19,15.343047142028809,15.420148177029944,15.265946107027673,15.265946107027673,4986000
2013-11-20,15.458695411682129,15.612897456272249,15.343044613529383,15.343044613529383,6377000
2013-11-21,15.728549003601074,15.882751055536085,15.42014637031081,15.458696148004686,10527000
2013-11-22,15.92130184173584,16.345356776128227,15.8827520616001,15.92130184173584,13314000
2013-11-25,15.998401641845703,16.19115346885589,15.882750839755538,16.152603691685748,5435000
2013-11-26,16.5766544342041,16.5766544342041,15.921298034549901,15.998399046964423,15364000
2013-11-27,16.499555587768555,16.65375763284047,16.422454565232595,16.576656610304514,6637000
2013-11-28,16.653757095336914,16.807957664852285,16.538106300555476,16.538106300555476,5956000
2013-11-29,16.92361068725586,17.193462063623908,16.8465096637594,16.962160463714234,11378000
2013-12-02,16.807958602905273,17.15491247719275,16.769408826019877,17.15491247719275,5474000
2013-12-03,16.5766544342041,16.885057013282697,16.5766544342041,16.807956000868174,3816000
2013-12-04,17.000709533691406,17.039260779127453,16.461005332803534,16.57665612795239,6931000
2013-12-05,16.88505744934082,17.039259478152147,16.653755876703364,17.00070823565955,7416000
2013-12-06,17.27056121826172,17.27056121826172,16.846507840787837,16.885057613074718,16048000
2013-12-09,17.039260864257812,17.88736915055275,17.039260864257812,17.578965067842116,18695000
2013-12-10,16.769407272338867,17.193460661108706,16.769407272338867,17.03926009727403,6393000
2013-12-11,16.191152572631836,16.923610062958947,16.152602797595527,16.769408021654403,10202000
2013-12-12,16.3839054107666,16.461006436227336,15.921300728581949,16.11405255694391,4029000
2013-12-13,16.345352172851562,16.499552720547484,16.268251163713884,16.345352172851562,4132000
2013-12-16,16.615209579467773,16.73086187078813,16.11405504253946,16.26825711724662,8421000
2013-12-17,16.499555587768555,16.73085865537643,16.422454565232595,16.65375763284047,4864000
2013-12-18,16.26825523376465,16.576657876893215,16.26825523376465,16.49955684846612,3529000
2013-12-19,16.229703903198242,16.49955676605532,16.11405309642515,16.49955676605532,4749000
2013-12-20,16.191152572631836,16.38390438897269,16.114051551979564,16.268253593284108,3513000
2013-12-23,16.229703903198242,16.34535618055113,16.152604345736044,16.306804931240237,3438000
2013-12-24,16.229703903198242,16.383905959282227,16.191154124467143,16.34535618055113,2811000
2013-12-25,16.229703903198242,16.34535618055113,16.229703903198242,16.229703903198242,2752000
2013-12-26,16.653757095336914,16.807957664852285,16.26825346567902,16.26825346567902,9726000
2013-12-27,16.730857849121094,16.885058416182442,16.57665581148013,16.653756830300612,7593000
2013-12-30,17.116363525390625,17.232014332201413,16.730859855634797,16.769409634378462,12589000
2013-12-31,17.424766540527344,17.578967129386626,17.116363892228946,17.309115731237924,14296000
2014-01-02,17.617517471313477,17.848819077968194,17.46331541982383,17.578966223151188,18003000
2014-01-03,17.232011795043945,17.501864618257166,17.193460551396583,17.501864618257166,9326000
2014-01-06,17.463315963745117,17.848819633896575,17.27056412866939,17.27056412866939,13229000
2014-01-07,18.38852310180664,18.38852310180664,17.65606563024959,17.73316664892606,26373000
2014-01-08,19.275178909301758,19.5064804679816,18.581272762682783,18.65837377243588,40167000
2014-01-09,18.774024963378906,19.660682918530053,18.61982294049198,19.275179331892208,28566000
2014-01-10,18.61982536315918,19.23663206438152,18.58127558771139,18.77402740610968,15111000
2014-01-13,18.46562385559082,18.96677826392932,18.4270726115158,18.735475211217985,10408000
2014-01-14,18.735475540161133,18.735475540161133,18.42707293504425,18.465624179796123,7741000
2014-01-15,18.9282283782959,19.1595314476074,18.735476555826168,18.966779625137665,16117000
2014-01-16,19.15953254699707,19.352284380527063,18.92822946441321,19.236633574525026,18458000
2014-01-17,19.005327224731445,19.35228105367244,18.88967643861096,19.275180039398936,16366000
2014-01-20,18.696928024291992,18.966780887830723,18.658378245463517,18.889679859593972,11467000
2014-01-21,18.61982536315918,19.19808081835406,18.61982536315918,18.889678203032727,11479000
2014-01-22,18.349973678588867,18.812578365986013,18.311423900714004,18.696927561781667,10319000
2014-01-23,18.46562385559082,18.735475211217985,18.272872046954504,18.388522838020375,11177000
2014-01-24,18.234325408935547,18.6198291235878,18.118674588655864,18.6198291235878,8139000
2014-01-27,17.887371063232422,18.11867267941861,17.733169005388426,18.003021871325515,11217000
2014-02-05,17.193462371826172,17.73316807539621,17.116362817527367,17.424765446461787,9302000
2014-02-06,17.617517471313477,17.81026930038566,17.270563590751646,17.270563590751646,8006000
2014-02-07,17.30911636352539,17.810270869139515,17.232015330989398,17.733169836603523,13842000
2014-02-10,17.27056121826172,17.61751505116184,17.232011445974837,17.501864263721647,7122000
2014-02-11,17.578968048095703,17.578968048095703,17.270565383679617,17.270565383679617,10860000
2014-02-12,17.540414810180664,17.69461684729322,17.347662999079777,17.578964584168993,11553000
2014-02-13,17.540414810180664,17.964468206370768,17.540414810180664,17.65606560272527,21917000
2014-02-14,17.386215209960938,17.733169106804255,17.34766543056938,17.656068077441315,10464000
2014-02-17,16.191152572631836,16.885058817342983,16.191152572631836,16.885058817342983,32533000
2014-02-18,16.422456741333008,16.422456741333008,16.036953048150732,16.036953048150732,9773000
2014-02-19,16.229703903198242,16.422455738013326,16.191154124467143,16.422455738013326,7012000
2014-02-20,16.03694725036621,16.345351269879654,16.03694725036621,16.191149260122934,9786000
2014-02-21,16.422456741333008,16.615208587924148,16.07550429981689,16.07550429981689,16551000
2014-02-24,16.345352172851562,16.461002951268362,16.268251163713884,16.422451711409806,4643000
2014-02-25,16.769407272338867,16.80795704565264,16.3839036568828,16.422453430196573,14711000
2014-02-26,16.769407272338867,16.88505806285977,16.576655464610834,16.88505806285977,9384000
2014-02-27,16.499555587768555,16.846509453890526,16.422454565232595,16.73085865537643,6755000
2014-03-03,16.653757095336914,16.885058684899793,16.26825346567902,16.4995550552419,8851000
2014-03-04,16.5766544342041,16.885057013282697,16.53810466328659,16.73085645903315,7709000
2014-03-05,16.807958602905273,16.807958602905273,16.538107223548042,16.73085904913448,8909000
2014-03-06,16.653757095336914,16.846508910165863,16.653757095336914,16.807957664852285,5849000
2014-03-07,16.692304611206055,16.88505639995111,16.615203601592142,16.846506630433876,8329000
2014-03-10,16.5766544342041,16.73085645903315,16.499553421789578,16.692305217536138,5794000
2014-03-11,16.962160110473633,17.193461705566403,16.885059088582818,16.962160110473633,18416000
2014-03-12,16.730857849121094,16.962159435002924,16.653756830300612,16.962159435002924,6892000
2014-03-13,16.499555587768555,16.846509453890526,16.499555587768555,16.846509453890526,7268000
2014-03-14,16.3839054107666,16.49955621366783,16.345355633326108,16.3839054107666,6962000
2014-03-17,16.615209579467773,16.615209579467773,16.3453581546002,16.3453581546002,3993000
2014-03-18,16.5766544342041,16.76940622995066,16.5766544342041,16.692305217536138,4614000
2014-03-19,16.46100616455078,16.692307766535777,16.46100616455078,16.57665696554328,3361000
2014-03-20,16.345352172851562,16.461002951268362,16.268251163713884,16.383901942130684,6236000
2014-03-21,16.88505744934082,16.962158463746484,16.46100407597897,16.576654862297698,13465000
2014-03-24,18.04157257080078,18.04157257080078,17.193464150556238,17.42476724912105,43414000
2014-03-25,18.080123901367188,18.658379444431212,18.080123901367188,18.349975311666487,44208000
2014-03-26,18.58127784729004,18.889680500114718,17.88737151078955,18.349974754736643,37694000
2014-03-27,18.504175186157227,19.043880883985366,18.42707416209896,18.658377234273757,32663000
2014-03-28,18.58127784729004,19.236634403654886,18.504176816438907,18.889680500114718,26826000
2014-03-31,18.889678955078125,19.08243078115035,18.58127632747851,18.96677997962296,15947000
2014-04-01,18.966779708862305,19.236632555627075,18.696926862097534,18.928228461850363,21081000
2014-04-02,18.774024963378906,19.236629561460216,18.774024963378906,19.159528550016752,18932000
2014-04-03,18.812576293945312,19.12097889471564,18.812576293945312,19.043879347457757,10868000
2014-04-07,19.043880462646484,19.043880462646484,18.658376821464003,18.812577395589184,10571000
2014-04-08,19.15953254699707,19.545036214057053,19.043881740995033,19.082431519469118,22048000
2014-04-09,19.352285385131836,19.390835165607093,19.08243251006544,19.352285385131836,13690000
2014-04-10,19.043880462646484,19.545034902067773,18.889678417941617,19.506483655601713,13617000
2014-04-11,18.889678955078125,19.005329756605516,18.658377352023347,18.889678955078125,9220000
2014-04-14,19.043880462646484,19.198081036771665,18.812577395589184,18.889678417941617,6785000
2014-04-15,20.123292922973633,20.200393955131208,19.159533697453632,19.313734291188908,31266000
2014-04-16,20.316043853759766,20.43169466150136,19.77633812352592,20.354593632813696,28300000
2014-04-17,20.85574722290039,21.125600076494948,20.470243566502383,20.470243566502383,37126000
2014-04-18,20.77864646911621,21.588203512607116,20.77864646911621,21.125598857506745,29115000
2014-04-21,21.39545249938965,21.665305347551946,20.894298050276642,21.048498627383875,29811000
2014-04-22,21.125598907470703,21.588203563665175,21.08704913219602,21.43400152140713,17776000
2014-04-23,21.24125099182129,21.81950647948154,21.048499162601203,21.356903265817138,22522000
2014-04-24,21.20269775390625,21.62675112075257,21.164147982585497,21.549651578111067,15597000
2014-04-25,20.161840438842773,21.43400217950243,19.93053883893364,21.43400217950243,26835000
2014-04-28,21.00994873046875,21.087049753870815,19.583584944559515,19.737786991363645,17410000
2014-04-29,21.24125099182129,21.58820487264934,20.585895948936805,21.048499162601203,25995000
2014-04-30,19.776336669921875,21.39545227103506,19.776336669921875,21.39545227103506,36759000
2014-05-02,20.77864646911621,20.81719624429972,19.969087955045648,20.200391017885664,25223000
2014-05-05,21.318349838256836,21.472551874100777,20.855745201304618,21.164149272992496,19578000
2014-05-06,21.81950569152832,21.896606714548007,21.164150672310235,21.511103070029275,26835000
2014-05-07,21.703855514526367,21.973708367541956,21.43400266151078,21.819506317081693,17157000
2014-05-08,21.93515968322754,22.243562328935766,21.742407845837416,21.973709462473636,19235000
2014-05-09,21.279800415039062,21.973706646605415,21.279800415039062,21.935156872299363,10868000
2014-05-12,21.39545249938965,21.703855124183825,21.279801698914294,21.356902722757766,14244000
2014-05-13,21.20269775390625,21.819502918515354,20.93284494292245,21.819502918515354,12641000
2014-05-14,21.896610260009766,22.012261077975428,21.39545573510527,21.549657806112776,17097000
2014-05-15,22.28211212158203,22.59051476747573,21.935159696419053,22.050810504806712,25214000
2014-05-16,22.243560791015625,22.243560791015625,21.858057142889113,22.205009543855144,11576000
2014-05-19,22.127910614013672,22.47486302475299,22.127910614013672,22.243561417593444,7386000
2014-05-20,22.050809860229492,22.436313523972736,21.85805802835787,22.359212497108135,7618000
2014-05-21,21.66530418395996,22.205008380718613,21.62675293881886,22.127908831595686,5738000
2014-05-22,22.16646385192871,22.205013635613113,21.858061170713526,21.973711992346722,6488000
2014-05-23,22.436309814453125,22.78326217211062,22.24355801445023,22.35920880033606,9993000
2014-05-26,22.20501136779785,22.783266887486125,22.166461588050566,22.783266887486125,5707000
2014-05-27,21.742406845092773,22.243561305124327,21.626754571518013,22.205010057072823,9237000
2014-05-28,21.973709106445312,22.012258885066807,21.74240749355675,21.780957272178245,7248000
2014-05-29,21.973709106445312,22.08935991288959,21.780957272178245,22.050810134268094,4010000
2014-05-30,21.24125099182129,22.243561386113573,21.24125099182129,21.973708531089507,11495000
2014-06-03,22.012256622314453,22.089357642211628,21.395451404296324,21.549653444090676,11915000
2014-06-04,21.626754760742188,22.050809669540516,21.626754760742188,22.012258421151707,5212000
2014-06-05,20.77864646911621,21.588203512607116,20.662994202406374,21.588203512607116,20498000
2014-06-06,20.81719970703125,21.395455254448784,20.39314622715702,20.81719970703125,17762000
2014-06-09,20.662994384765625,21.009948246797823,20.54734358761478,20.817196428019862,9114000
2014-06-10,21.087053298950195,21.16415433531421,20.740099370602113,20.817200406966126,8825000
2014-06-11,22.32066535949707,22.51341721417121,21.164154231452248,21.202704014155096,19400000
2014-06-12,22.32066535949707,23.053121524910825,21.935161650148796,22.32066535949707,17108000
2014-06-13,22.47486114501953,22.5905119389266,22.127908763298322,22.20500831218328,11143000
2014-06-16,21.39545249938965,22.47486242145913,21.318351475546173,22.47486242145913,13827000
2014-06-17,22.35921287536621,22.47486368232973,21.58820553483634,21.58820553483634,24152000
2014-06-18,22.16646385192871,22.744719430674678,22.012261776031128,22.436316749459493,20285000
2014-06-19,22.32066535949707,22.590516779576905,22.24356432351143,22.51341721417121,16845000
2014-06-20,22.436309814453125,22.898914428575985,22.35920880033606,22.51341082857019,16947000
2014-06-23,22.012256622314453,22.62906331091222,21.85805605309974,22.590512065673813,9360000
2014-06-24,22.513412475585938,22.706164289689994,22.166458621966775,22.359210436070835,9165000
2014-06-25,22.20501136779785,22.474864237768347,22.20501136779785,22.474864237768347,6833000
2014-06-26,22.32066535949707,22.436316178185564,22.166463287525783,22.20501307022863,4867000
2014-06-27,22.050809860229492,22.320662718965718,22.050809860229492,22.050809860229492,6433000
2014-06-30,22.28211212158203,22.359213150700413,22.16646131319437,22.205011092463653,3131000
2014-07-01,22.82181739807129,23.32297187144084,22.359212703199482,22.39776248169722,17216000
2014-07-02,22.35921287536621,23.130220215896077,22.127911261439166,23.130220215896077,11002000
2014-07-03,22.551965713500977,22.590515494010056,22.320664089286755,22.590515494010056,4096000
2014-07-04,22.436309814453125,22.706162628573086,22.397758572104827,22.55196060033896,3518000
2014-07-07,22.243560791015625,22.6676142157229,22.205009543855144,22.359211591337633,5096000
2014-07-08,22.436309814453125,22.66761138622479,22.20500677210193,22.24355801445023,6125000
2014-07-09,22.0893611907959,22.474864881632058,21.97371037766103,22.32066428764552,7748000
2014-07-10,22.127910614013672,22.436313247086318,22.089359365767244,22.282111195260118,4722000
2014-07-11,21.81950569152832,22.28211035906674,21.47255329380928,22.28211035906674,7906000
2014-07-14,21.742406845092773,22.050809476606055,21.511103768523,21.935158673611042,8147000
2014-07-15,22.667612075805664,22.667612075805664,21.935156095860023,21.935156095860023,11199000
2014-07-16,22.050809860229492,23.361521434608658,21.935159055222474,22.976017770865415,19644000
2014-07-17,21.93515968322754,22.243562328935766,21.819507404329613,22.050810491545647,11644000
2014-07-18,21.626754760742188,21.858057839335753,21.58820498293314,21.665306009130994,7843000
2014-07-21,22.050809860229492,22.08935963837191,21.85805802835787,21.97370883336489,3686000
2014-07-22,21.93515968322754,22.243562328935766,21.93515968322754,22.205011079109855,5821000
2014-07-23,21.93515968322754,21.93515968322754,21.93515968322754,21.93515968322754,0
2014-07-24,21.933401107788086,22.248422722007675,21.854645328697803,22.13028980444302,10483000
2014-07-25,21.57900047302246,22.16966655258772,21.224601726568217,21.933400721618224,8480000
2014-07-28,21.342731475830078,21.657753037769375,21.224598577870506,21.26397570980993,3762000
2014-07-29,21.067089080810547,21.657755129805235,20.870200397812315,21.421489311063937,9234000
2014-07-30,20.555179595947266,21.10646702825866,20.39766804263458,20.870201200431133,10925000
2014-07-31,19.96451187133789,20.594555028143184,19.53135588666055,20.555177894145867,18322000
2014-08-01,20.122020721435547,20.437043783380155,19.688866264473642,19.688866264473642,7948000
2014-08-04,19.885757446289062,20.240157684802288,19.728245895362853,20.122023270536896,6810000
2014-08-05,19.334468841552734,19.88575777681612,19.25571456692211,19.88575777681612,9532000
2014-08-06,19.01944923400879,19.491982442125,18.743804737429194,19.373849515631363,8281000
2014-08-07,18.861936569213867,19.2557139380731,18.507536336383975,19.13757952570217,8988000
2014-08-08,18.861936569213867,18.90131370524321,18.507536336383975,18.743802156842936,5112000
2014-08-11,19.21633529663086,19.41322398102696,18.980069476212122,18.980069476212122,9647000
2014-08-12,19.058828353881836,19.610115858676057,19.058828353881836,19.37384999978449,8517000
2014-08-13,19.1375789642334,19.216334736122956,19.05882469448525,19.05882469448525,5678000
2014-08-14,19.176958084106445,19.413223903582658,19.137579446099448,19.176958084106445,8124000
2014-08-15,19.8070011138916,19.8070011138916,19.137579294490276,19.25571370543396,10564000
2014-08-18,18.980072021484375,19.885759790732994,18.980072021484375,19.84638264942979,9888000
2014-08-19,19.09820556640625,19.295094283585694,19.05882842382704,19.295094283585694,5151000
2014-08-20,19.01944923400879,19.373849515631363,19.01944923400879,19.216337945545405,3876000
2014-08-21,18.90131378173828,19.09820246696472,18.5075364112854,19.019446692445854,5558000
2014-08-22,19.21633529663086,19.37384684500432,18.980069476212122,18.980069476212122,7871000
2014-08-25,19.09820556640625,19.334471426164903,19.01944977910613,19.334471426164903,4550000
2014-08-26,19.21633529663086,19.29509107081759,19.13757952244413,19.25571393479495,3349000
2014-08-27,19.45260238647461,19.491979522026167,19.25571370443394,19.33446797553706,6099000
2014-08-28,20.240161895751953,20.79144943440566,19.53136127126009,19.53136127126009,24276000
2014-08-29,19.885757446289062,20.122023270536896,19.84638030962825,20.043268997215268,7740000
2014-09-01,19.84638214111328,20.279536692920967,19.84638214111328,19.84638214111328,6817000
2014-09-02,19.295093536376953,19.885759665041554,19.295093536376953,19.846382523987238,7627000
2014-09-03,19.295093536376953,19.49198224593182,19.216337752126677,19.33447067743127,5412000
2014-09-04,19.413225173950195,19.570736732002583,19.137580698429293,19.295092256481677,4404000
2014-09-05,19.255714416503906,19.53135737984088,19.2163357773547,19.413224466676247,4472000
2014-09-09,19.1375789642334,19.452602051791626,19.098201829359322,19.413223414776144,6504000
2014-09-10,19.09820556640625,19.255717141006485,18.980072636526923,19.05882842382704,4356000
2014-09-11,19.334468841552734,19.37384748100955,19.137580150693168,19.137580150693168,3520000
2014-09-12,19.37384796142578,20.240158523118204,19.37384796142578,19.688869574184427,21299000
2014-09-15,19.295093536376953,19.728248096541,19.295093536376953,19.37384932062723,5372000
2014-09-16,19.176958084106445,19.531356813320766,19.137579446099448,19.295090993844553,5240000
2014-09-17,18.90131378173828,19.413224062898735,18.78318087103071,19.17695824148359,13773000
2014-09-18,18.94069480895996,19.13758353463373,18.822561873984053,18.980073455379777,6742000
2014-09-19,18.78318214416504,19.137580900309096,18.78318214416504,19.137580900309096,8143000
2014-09-22,18.231891632080078,18.743801904270818,18.192514496581342,18.743801904270818,12590000
2014-09-23,18.07438087463379,18.192513778609285,17.798736430596712,18.113758008578497,10184000
2014-09-24,18.11376190185547,18.428783547546356,18.074384759447245,18.11376190185547,5056000
2014-09-25,17.838117599487305,18.350027967268463,17.838117599487305,18.231895036571537,5567000
2014-09-26,17.798738479614258,17.995627176286668,17.562471142322437,17.719982700516983,3926000
2014-09-29,18.035001754760742,18.271269058515266,17.956245986842568,18.271269058515266,4113000
2014-09-30,17.877492904663086,18.07438158642307,17.60184844977082,17.99562581329079,5323000
2014-10-01,18.78318214416504,18.940692201737434,17.71998287144974,17.877494431163697,11154000
2014-10-02,19.058828353881836,19.413227142219185,18.783183850413877,18.822560992848572,19910000
2014-10-03,19.176958084106445,19.92513418054208,19.01944653636134,19.176958084106445,14295000
2014-10-06,19.058828353881836,19.452605786795576,19.058828353881836,19.37384999978449,5907000
2014-10-07,18.665048599243164,18.9406915662825,18.665048599243164,18.9406915662825,4623000
2014-10-08,18.428781509399414,18.743803120250213,18.428781509399414,18.507537287647494,4970000
2014-10-09,18.389406204223633,18.665050704494725,18.389406204223633,18.507539132299335,3056000
2014-10-13,17.995628356933594,18.271272850787604,17.877495431608057,17.956249713730653,4391000
2014-10-14,17.995628356933594,18.38940577611314,17.798739647343822,17.838116788405117,7578000
2014-10-15,17.050559997558594,17.838114745733506,16.814294173962708,17.838114745733506,16262000
2014-10-16,16.61740493774414,16.814293618281056,16.144871804027254,16.5780263003519,11089000
2014-10-17,15.829852104187012,16.932428546309048,15.82985210418701,16.932428546309048,12503000
2014-10-20,16.34176254272461,16.49927410784848,16.263006760162675,16.459895465496707,6141000
2014-10-21,16.4992733001709,16.696161995866774,16.302384604475023,16.42051752146424,5885000
2014-10-22,17.641223907470703,17.641223907470703,16.93242502097445,17.089936552258635,18887000
2014-10-23,17.404958724975586,17.798736064897472,17.365580089698593,17.64122452807218,8057000
2014-10-24,17.365581512451172,17.680604611911424,17.365581512451172,17.5230930621813,4739000
2014-10-27,17.326204299926758,17.64122589586077,17.326204299926758,17.5230929851532,4777000
2014-10-28,17.523096084594727,17.71998480464635,17.48371894144109,17.48371894144109,4216000
2014-10-29,18.11376190185547,18.153139044263693,17.68060732679821,17.68060732679821,5745000
2014-10-30,18.035001754760742,18.113757522678917,17.83811308603597,18.113757522678917,3256000
2014-10-31,18.389406204223633,18.507539132299335,18.15313884593055,18.27127327614793,6374000
2014-11-03,17.9168701171875,18.861936394555062,17.719981434581044,18.428780391535998,10916000
2014-11-04,18.11376190185547,18.153139044263693,17.75936161161466,17.916873185530953,4881000
2014-11-05,17.404958724975586,18.07438050327106,17.365580089698593,17.877491833310117,12323000
2014-11-06,17.168691635131836,17.562468979993955,17.12931450150217,17.365580307562894,6196000
2014-11-07,17.641223907470703,17.680602541362394,17.20806944965113,17.20806944965113,4239000
2014-11-10,18.035001754760742,18.271269058515266,17.99562462187232,18.113757522678917,8381000
2014-11-11,18.192514419555664,18.271270192361122,17.995625738612727,18.192514419555664,9231000
2014-11-12,17.719985961914062,18.035007634141948,17.68060881618876,17.798741755506487,5532000
2014-11-13,17.798738479614258,17.995627176286668,17.562471142322437,17.562471142322437,2888000
2014-11-14,17.877492904663086,17.95624717565393,17.719981358398524,17.838114267026228,3331000
2014-11-17,17.483718872070312,17.99562924174507,17.483718872070312,17.87749631061116,3643000
2014-11-18,17.4443416595459,17.68060904335887,17.247452924106007,17.48372030791898,3213000
2014-11-19,17.601848602294922,17.719981511946276,17.483715692643568,17.483715692643568,2882000
2014-11-20,17.523096084594727,17.759361947799988,17.523096084594727,17.641229016197357,4754000
2014-11-21,18.035001754760742,18.113757522678917,17.562468649393026,17.562468649393026,6686000
2014-11-24,17.9168701171875,18.231891708929542,17.87749298152278,18.15313593545867,3533000
2014-11-25,18.15313720703125,18.15313720703125,17.838115593222895,17.877494233787402,4367000
2014-11-26,18.07438087463379,18.310646682584785,18.07438087463379,18.113758008578497,5094000
2014-11-27,18.035001754760742,18.231890423485513,17.99562462187232,18.15313465556734,3081000
2014-11-28,17.956249237060547,18.192516583581263,17.87749495702858,18.03500501923412,3028000
2014-12-01,17.719985961914062,18.035007634141948,17.523097229003906,17.523097229003906,4094000
2014-12-02,17.641223907470703,17.680602541362394,17.48371387832781,17.641223907470703,4365000
2014-12-03,17.877492904663086,17.95624717565393,17.641225585266245,17.680604222903103,3101000
2014-12-04,19.09820556640625,19.09820556640625,18.0350061932089,18.113761980509018,17447000
2014-12-05,18.94069480895996,19.373850906727316,18.94069480895996,19.176962181053547,18271000
2014-12-08,18.94069480895996,19.3344722603075,18.861940520403866,18.980073455379777,9514000
2014-12-09,18.507537841796875,18.90131524268617,18.507537841796875,18.86193810345387,5108000
2014-12-10,18.546913146972656,18.82255760076571,18.350024465997823,18.350024465997823,6051000
2014-12-11,18.310649871826172,18.46816143932219,18.153138304330152,18.42878279637737,3422000
2014-12-12,18.310649871826172,18.625671504676575,18.310649871826172,18.35002701262936,3623000
2014-12-15,18.46816062927246,18.54691490742452,18.074383229945898,18.192516149315555,3531000
2014-12-16,18.271270751953125,18.625669487219685,18.271270751953125,18.46815943892615,3914000
2014-12-17,17.838117599487305,18.38940661226191,17.838117599487305,18.271273681564985,8047000
2014-12-18,18.035001754760742,18.428779092210284,18.035001754760742,18.271269058515266,5332000
2014-12-19,18.428781509399414,18.507537287647494,18.15313703660189,18.35002573115133,5935000
2014-12-22,18.546913146972656,18.586291784452477,18.310647330659428,18.50753601163426,3345000
2014-12-23,18.743804931640625,18.82256071749962,18.507539076205312,18.507539076205312,6898000
2014-12-24,18.743804931640625,18.980072289217613,18.6650506479233,18.743804931640625,6809000
2014-12-25,18.90131378173828,19.216335377672294,18.90131378173828,19.216335377672294,8012000
2014-12-26,19.058828353881836,19.137582638751226,18.861939637424964,19.137582638751226,3118000
2014-12-29,18.94069480895996,19.176962181053547,18.94069480895996,19.058829246077636,4110000
2014-12-30,18.94069480895996,19.13758353463373,18.94069480895996,19.098206390355685,2728000
2014-12-31,19.01944923400879,19.01944923400879,18.665050454527876,18.94069344896581,4126000
2015-01-05,19.176958084106445,19.216335219972,18.86193649075768,18.980069400495786,3990000
2015-01-06,18.665048599243164,18.980070205960626,18.665048599243164,18.980070205960626,3763000
2015-01-07,18.586292266845703,18.9406910005137,18.586292266845703,18.665048041707966,3396000
2015-01-08,18.822559356689453,19.098203836196895,18.704426437512424,18.822559356689453,3500000
2015-01-09,18.90131378173828,19.019446692445854,18.70442509651184,19.019446692445854,3195000
2015-01-12,18.310649871826172,18.901315996723792,18.231894088078164,18.901315996723792,6360000
2015-01-13,18.507537841796875,18.783182322847697,18.035004660301404,18.192516221513753,15196000
2015-01-14,18.507537841796875,18.783182322847697,18.507537841796875,18.66504940300922,12622000
2015-01-15,18.310649871826172,18.546915720928567,18.231894088078164,18.507538580125377,7993000
2015-01-16,17.877492904663086,18.271270268183052,17.838114267026228,18.192514495050773,9432000
2015-01-19,17.562469482421875,18.113758381856684,17.404959441255787,17.956246838549195,7082000
2015-01-20,17.838117599487305,17.995629175177683,17.64122888094519,17.64122888094519,4167000
2015-01-21,17.995628356933594,18.11376128225913,17.916872572669355,17.995628356933594,3384000
2015-01-22,18.46816062927246,18.46816062927246,17.99562744965227,17.99562744965227,14428000
2015-01-23,18.743804931640625,19.33447107237058,18.743804931640625,19.25571678865326,34057000
2015-01-26,18.704425811767578,18.74380294946206,18.507537119012127,18.74380294946206,7141000
2015-01-27,18.743804931640625,18.940693645217276,18.62567200392297,18.901316503358615,7865000
2015-01-28,18.743804931640625,18.783183575640958,18.546916218063974,18.62567200392297,4524000
2015-01-29,18.507537841796875,18.70442654224152,18.468160702564575,18.586293622403048,5296000
2015-01-30,17.247446060180664,17.52309048052732,17.247446060180664,17.247446060180664,38843000
2015-02-02,17.011180877685547,17.32620243979909,17.011180877685547,17.24744667373538,12953000
2015-02-03,17.08993911743164,17.247449170216548,16.971804700166068,17.01118333996843,8784000
2015-02-04,17.286828994750977,17.404961917971136,17.01118450580953,17.12931742902969,9475000
2015-02-05,17.08993911743164,17.168693392753337,17.01118333996843,17.08993911743164,6020000
2015-02-06,17.050559997558594,17.168692909356537,17.011182861006436,17.050559997558594,5303000
2015-02-09,16.77491569519043,17.089938799176803,16.735538558262874,17.05056016010776,6520000
2015-02-10,16.65678596496582,16.893053338100447,16.617408820514267,16.774918900462247,5314000
2015-02-11,16.73554039001465,16.853673315868775,16.57802882078138,16.696163248777157,6282000
2015-02-12,16.538650512695312,16.77491634773434,16.4205175951758,16.696162070815696,7434000
2015-02-13,16.69615936279297,16.77491362693812,16.49927069814749,16.538647830220068,6601000
2015-02-24,16.814294815063477,17.247449342218545,16.656783258566254,16.932427731365628,13164000
2015-02-25,16.69615936279297,16.932425159511023,16.61740359650652,16.85366939322457,9996000
2015-02-26,16.65678596496582,16.81429754705557,16.617408820514267,16.696164611559144,6216000
2015-03-02,16.4992733001709,16.81429491285599,16.4598946597468,16.77491627243189,8432000
2015-03-03,16.381135940551758,16.578024600905223,16.302381678123385,16.538647469691035,10232000
2015-03-04,16.538650512695312,16.617406291755504,16.38113895457493,16.38113895457493,8882000
2015-03-05,16.814294815063477,16.89305059331209,16.459894564015492,16.538650342264102,6075000
2015-03-06,16.73554039001465,16.853673315868775,16.696163248777157,16.81429617463128,5451000
2015-03-09,16.69615936279297,16.814292261151994,16.61740359650652,16.61740359650652,3601000
2015-03-10,17.011180877685547,17.16869090767167,16.774913579494417,16.853669345558128,13612000
2015-03-11,16.85367202758789,17.011183584781104,16.85367202758789,16.932427806184496,5230000
2015-03-12,16.93242645263672,16.93242645263672,16.814293545255907,16.853670680335707,4023000
2015-03-13,16.85367202758789,17.05056072300864,16.85367202758789,16.971804944412032,4821000
2015-03-16,16.77491569519043,16.97180438411117,16.77491569519043,16.85367147118702,2464000
2015-03-17,16.69615936279297,16.971802291583597,16.69615936279297,16.932425159511023,3151000
2015-03-18,16.61740493774414,16.814293618281056,16.61740493774414,16.69616071038719,4387000
2015-03-19,16.73554039001465,16.893051959247916,16.656784605398013,16.696163248777157,4611000
2015-03-20,17.011180877685547,17.089936643749258,16.774913579494417,16.81429221359692,6629000
2015-03-23,17.011180877685547,17.24744667373538,17.011180877685547,17.050558009646753,4318000
2015-03-24,16.93242645263672,17.089937997238742,16.814293545255907,17.089937997238742,3226000
2015-03-25,16.73554039001465,16.932429100485408,16.696163248777157,16.893051959247916,2880000
2015-03-26,16.814294815063477,16.814294815063477,16.538650342264102,16.538650342264102,4540000
2015-03-27,16.4992733001709,16.85367205113855,16.4992733001709,16.77491627243189,9495000
2015-03-30,16.223628997802734,16.617406393370075,16.18425035696107,16.617406393370075,6083000
2015-03-31,15.987359046936035,16.341759245896334,15.908604782403799,16.26300347922279,8329000
2015-04-01,15.908605575561523,16.06611561462031,15.790471168590708,15.790471168590708,4600000
2015-04-02,16.302387237548828,16.381141526833915,15.908609782556264,16.105498510052545,6467000
2015-04-07,16.34176254272461,16.538651248058642,16.30238540251445,16.30238540251445,3932000
2015-04-08,16.26300811767578,16.53865262858047,16.14487518504284,16.53865262858047,3418000
2015-04-09,16.066116333007812,16.38113792735278,15.987360558886207,16.144872107129416,4402000
2015-04-10,16.066116333007812,16.184249243119492,15.908606286906053,16.066116333007812,4374000
2015-04-13,15.908605575561523,16.10549425099104,15.86922693919079,16.06611561462031,3381000
2015-04-14,16.02674102783203,16.02674102783203,15.829852321107168,15.829852321107168,3989000
2015-04-15,15.790472030639648,15.987360716817905,15.790472030639647,15.987360716817905,6805000
2015-04-16,15.436073303222656,15.908606450675267,15.317940391894869,15.790472037206014,20995000
2015-04-17,15.514827728271484,15.751093530370508,15.436071960191365,15.632960629320996,18371000
2015-04-20,15.711718559265137,15.711718559265137,15.436074084127906,15.514829863044477,6011000
2015-04-21,15.396696090698242,15.672340577420385,15.357318950655767,15.672340577420385,7676000
2015-04-22,15.199809074401855,15.475453591739043,14.96354320362242,15.396697800765308,7327000
2015-04-23,15.317944526672363,15.475454616912335,15.121055787265993,15.199810081315043,6570000
2015-04-24,15.239187240600586,15.43607596075785,15.199808595284098,15.27856438377535,8020000
2015-04-27,15.199809074401855,15.475453591739043,15.199809074401854,15.239187720959608,11040000
2015-04-28,15.08167552947998,15.514831611258458,15.002919741689194,15.396697178501421,16553000
2015-04-29,14.845406532287598,15.199805249269959,14.766650761133274,15.081672343609172,10805000
2015-04-30,14.412254333496094,14.569765917241911,14.215365604884717,14.569765917241911,14794000
2015-05-04,13.900341033935547,14.412251320891755,13.860963897301021,14.333497047622705,14483000
2015-05-05,14.136608123779297,14.175985259755372,13.86096366552243,13.86096366552243,6926000
2015-05-06,14.097229957580566,14.097229957580566,13.821585490096227,13.900341266826253,6137000
2015-05-07,14.057852745056152,14.09722988213969,13.860964055355483,13.860964055355483,5885000
2015-05-08,13.860965728759766,14.057854442230383,13.860965728759766,13.979098656413802,5343000
2015-05-11,13.349054336547852,13.979097569824146,13.270298556852925,13.900341790129222,10640000
2015-05-12,13.034031867980957,13.30967635959316,12.87652180287515,13.23092057596944,11026000
2015-05-13,13.388431549072266,13.545943109329741,12.640253891061601,12.797765451319076,16829000
2015-05-14,12.837141990661621,13.230919370769543,12.837141990661621,13.07340932001127,13185000
2015-05-15,13.073410034179688,13.112787173484959,12.87652133337018,12.87652133337018,6845000
2015-05-18,12.679631233215332,12.955275684356376,12.679631233215332,12.758387005275832,8165000
2015-05-19,13.034031867980957,13.112787651604677,12.679633094886666,12.679633094886666,6548000
2015-05-20,12.79776382446289,13.112785402790625,12.75838669047494,13.034029632673347,8191000
2015-05-21,12.719008445739746,12.758387083080846,12.600875537999286,12.640252673198965,5429000
2015-05-22,13.073410034179688,13.073410034179688,12.75838841331279,12.75838841331279,6359000
2015-05-25,12.955275535583496,13.27029711806651,12.915896898934747,13.07340844124695,7242000
2015-05-26,13.545943260192871,13.703453320062994,12.915898514287633,12.95527715586135,19936000
2015-05-27,13.46718692779541,13.545942705576739,13.230919594451427,13.427808287833987,13717000
2015-05-28,13.860965728759766,13.979098656413802,13.545944087635114,13.545944087635114,18110000
2015-05-29,13.19154167175293,13.939719262947728,13.112785898657462,13.939719262947728,111052000
2015-06-01,13.545943260192871,13.703453320062994,13.349054558749032,13.427808837613302,19513000
2015-06-02,13.073410034179688,13.506564575103976,13.03403139273284,13.388431655046586,17603000
2015-06-03,12.79776382446289,13.230918306895854,12.75838669047494,13.191541172907902,14896000
2015-06-04,12.04958724975586,12.758386941547792,11.931453592255187,12.758386941547792,31337000
2015-06-05,11.655811309814453,12.167721634638852,11.537677637959813,12.128343744020638,24889000
2015-06-08,11.498299598693848,11.773943309311198,11.340788048545951,11.65581039777101,13978000
2015-06-09,11.616432189941406,12.088965325214765,11.577054303490174,11.734565098224389,19273000
2015-06-10,11.931456565856934,12.01021235715186,11.73456783869051,11.813323629985435,11125000
2015-06-11,11.773945808410645,12.16772326522084,11.695190767691143,12.049590328606138,10636000
2015-06-12,11.892078399658203,12.049589217645758,11.813322615129012,11.852700507393608,7917000
2015-06-15,12.010210990905762,12.128343913338808,11.970833099737812,11.970833099737812,5703000
2015-06-16,12.207098007202148,12.443364570458911,11.892076423573599,11.931453558224144,10899000
2015-06-17,12.28585433959961,12.28585433959961,11.97083199051688,12.16772067704206,12533000
2015-06-18,12.876520156860352,13.034030201831538,12.600875700483977,12.600875700483977,25068000
2015-06-22,12.758387565612793,12.994653390029466,12.719008926782363,12.994653390029466,10215000
2015-06-23,12.876520156860352,12.955275930416665,12.67963147404029,12.876520156860352,7070000
2015-06-24,12.876520156860352,13.191541748944163,12.837141519011475,12.876520156860352,14822000
2015-06-25,12.758387565612793,13.07340916554885,12.758387565612793,12.994653390029466,10511000
2015-06-26,12.679631233215332,12.83714127519492,12.561497575124582,12.758387005275832,8124000
2015-06-29,12.28585433959961,12.443365138605609,12.207098564561244,12.364609363567242,10619000
2015-06-30,12.482743263244629,12.67963195350987,12.285854572979387,12.325231710175835,7708000
2015-07-01,12.876520156860352,12.876520156860352,12.44336490444207,12.482742791220227,11296000
2015-07-02,12.876520156860352,12.994653066124101,12.797764383304038,12.915897292567788,9181000
2015-07-03,12.679631233215332,12.83714127519492,12.600875461154832,12.797764140235376,8405000
2015-07-06,12.719008445739746,12.837141353480204,12.522119765458507,12.561497651728896,3646000
2015-07-07,12.719008445739746,12.915897126020985,12.719008445739746,12.719008445739746,5877000
2015-07-08,12.28585433959961,12.797764624136788,12.28585433959961,12.679631712649973,8997000
2015-07-09,13.073410034179688,13.112787173484959,12.167721559813476,12.403988150999043,16229000
2015-07-10,13.073410034179688,13.073410034179688,13.073410034179688,13.073410034179688,0
2015-07-13,13.112785339355469,13.34905264856432,12.837140896349158,12.994652435821726,17069000
2015-07-14,12.915897369384766,13.230918963342159,12.876520233443134,13.230918963342159,10054000
2015-07-15,12.955275535583496,13.07340844124695,12.876519764427393,13.034029804598203,4783000
2015-07-16,13.46718692779541,13.585319843396643,13.152165318811619,13.152165318811619,26210000
2015-07-17,13.388431549072266,13.467187329201003,13.309675768943528,13.427808688065852,9059000
2015-07-20,13.388431549072266,13.664076028452067,13.388431549072266,13.50656446819459,11381000
2015-07-21,13.46718692779541,13.545942705576739,13.388431150014084,13.46718692779541,7011000
2015-07-22,13.309675216674805,13.427808130895349,13.073409388233717,13.388430993535668,9385000
2015-07-23,13.034031867980957,13.270299218852116,12.837143159992474,13.112787651604677,8742000
2015-07-24,12.99465274810791,13.073408519736844,12.837141204850042,12.955275613364146,5286000
2015-07-27,12.207098007202148,12.915896945901736,12.207098007202148,12.837141174459248,14146000
2015-07-28,12.533516883850098,12.533516883850098,12.085891890696953,12.289358078916349,6825000
2015-07-29,12.61490249633789,12.736981887450618,12.492823105225163,12.655595885429413,6133000
2015-07-30,12.655598640441895,12.818371456080355,12.614905242491778,12.777678058130236,7260000
2015-07-31,12.12658405303955,12.53351641423097,11.882425257254205,12.53351641423097,22234000
2015-08-03,12.045199394226074,12.167278805778114,11.882426586769364,12.126585409873444,7862000
2015-08-04,12.085891723632812,12.533516710598404,12.045198331319058,12.126584339784666,9949000
2015-08-05,12.167280197143555,12.330053023213832,12.085894172189445,12.167280197143555,7520000
2015-08-06,11.963811874389648,12.289358245654748,11.963811874389648,12.207971458797992,6426000
2015-08-07,11.516185760498047,11.923118130496732,11.475493144427698,11.801038729961887,11267000
2015-08-10,11.638267517089844,11.760346934196974,11.353414508957203,11.39410790671358,7622000
2015-08-11,11.475493431091309,11.923118428342242,11.475493431091309,11.80103902475779,7209000
2015-08-12,10.783708572387695,11.394107170824736,10.702321782131309,11.394107170824736,18482000
2015-08-13,10.905787467956543,10.987174254379678,10.620935267799407,10.94648086116811,8596000
2015-08-14,10.865094184875488,11.027866971581853,10.78370740344137,10.987173580864793,4381000
2015-08-17,10.865094184875488,10.946480190147735,10.78370740344137,10.905786799430677,2734000
2015-08-18,10.2546968460083,10.946481464058108,10.214003450555499,10.865095449314463,16220000
2015-08-19,9.84776496887207,10.376776809478734,9.807071571249557,10.254697392773197,11720000
2015-08-20,9.807071685791016,10.091923920151528,9.766378287693225,9.888457705824585,7096000
2015-08-21,9.237364768981934,9.60360373325024,9.196671378249484,9.522216951785342,12589000
2015-08-24,8.382807731628418,9.033899737454677,8.342114335733907,8.952512945665656,16099000
2015-08-25,9.196672439575195,9.196672439575195,8.179341434670018,8.179341434670018,13826000
2015-08-26,9.237364768981934,9.481523561052892,8.871125028551756,9.074591206052135,10735000
2015-08-27,9.807071685791016,9.888457705824585,9.44083265523492,9.4815252771707,14329000
2015-08-28,10.091922760009766,10.254696333688893,9.969843355912342,10.214002940269111,9641000
2015-08-31,10.2546968460083,10.417469651657552,10.010537249453444,10.091923264197089,11184000
2015-09-01,10.41746997833252,10.53954939235718,10.173310374121215,10.254697167578978,8220000
2015-09-02,10.376775741577148,10.498855145719169,10.132616157131183,10.21400294400048,6700000
2015-09-03,10.905787467956543,11.190640444275598,10.376775684691918,10.458162471115054,13240000
2015-09-04,10.580242156982422,11.149947348664472,10.580242156982422,10.905787759040182,9032000
2015-09-07,10.580242156982422,10.783708352309006,10.376775961655836,10.580242156982422,4433000
2015-09-08,10.580242156982422,10.82440174660671,10.498855368387012,10.620935551280127,5541000
2015-09-09,10.82440185546875,10.946481263427689,10.743015066054825,10.865095250175711,12209000
2015-09-10,11.109254837036133,11.19064163209801,10.702322414050752,10.824402606643567,10266000
2015-09-11,11.02786636352539,11.272025918203358,11.02786636352539,11.231332529730059,8947000
2015-09-14,11.353411674499512,11.556877836322663,11.190638900273353,11.190638900273353,11932000
2015-09-15,11.31272029876709,11.516186496774857,11.272027680095096,11.516186496774857,5545000
2015-09-16,11.31272029876709,11.516186496774857,11.272027680095096,11.475493878102863,5750000
2015-09-17,11.353411674499512,11.51618444872567,11.312718286902518,11.51618444872567,5457000
2015-09-18,11.516185760498047,11.556879152730296,11.312719575498704,11.353412967730954,6445000
2015-09-21,11.02786636352539,11.31271853051483,10.946479586578793,11.31271853051483,6919000
2015-09-22,11.109254837036133,11.19064163209801,11.027868818136257,11.068562215667196,3884000
2015-09-23,10.82440185546875,10.987174658134652,10.82440185546875,10.946481263427689,4269000
2015-09-24,10.132616996765137,10.946481828250883,9.847764771442318,10.824402413992816,17418000
2015-09-25,10.132616996765137,10.214003790378506,9.888457392087016,10.132616996765137,8807000
2015-09-29,10.132616996765137,10.132616996765137,10.132616996765137,10.132616996765137,0
2015-09-30,10.173308372497559,10.37677453994751,9.847762815042369,9.969842205047607,6311000
2015-10-01,10.865094184875488,10.946480190147735,10.214002261888163,10.417468439311586,10640000
2015-10-02,10.82440185546875,11.027868052841614,10.620935658095886,10.865095250175711,6404000
2015-10-05,11.19063949584961,11.312718888975954,10.987173323197798,11.027866712960531,8318000
2015-10-06,11.23133373260498,11.516185930102067,11.109253554110305,11.394106527769303,8469000
2015-10-07,11.272027015686035,11.39410641683017,11.068560829671211,11.23133362325069,5515000
2015-10-08,11.272027015686035,11.434799809265515,11.190640230815344,11.39410641683017,5202000
2015-10-12,11.801039695739746,11.923119106265371,11.516186702964001,11.59757349408906,16916000
2015-10-13,11.882425308227539,11.92311792359174,11.719651742123197,11.841731916701454,8428000
2015-10-14,12.085891723632812,12.289357909039682,11.76034536128468,11.923118154377796,10583000
2015-10-15,12.085891723632812,12.207971124412174,12.004504939005304,12.207971124412174,6103000
2015-10-16,11.882425308227539,12.20797088811245,11.882425308227539,12.20797088811245,7405000
2015-10-19,11.597572326660156,11.963811297532837,11.516185543727612,11.963811297532837,10864000
2015-10-20,11.882425308227539,11.963811315117825,11.434799553764373,11.597572343706828,13293000
2015-10-21,11.638267517089844,11.923119749060481,11.638267517089844,11.801040331953352,5413000
2015-10-22,11.516185760498047,11.71965194549739,11.475493144427698,11.556879152730296,8641000
2015-10-23,11.516185760498047,11.71965194549739,11.516185760498047,11.678959329427041,7057000
2015-10-26,11.801039695739746,11.882426486864805,11.678960285214119,11.678960285214119,5606000
2015-10-27,11.882425308227539,11.882425308227539,11.719651742123197,11.801038525175368,4814000
2015-10-28,12.004504203796387,12.126583597099065,11.801038030850684,11.923117424153364,7335000
2015-10-29,11.597572326660156,12.085891471931653,11.556878935193884,12.085891471931653,8442000
2015-10-30,11.638267517089844,11.882427127466107,11.51618732382071,11.801040331953352,8021000
2015-11-02,12.248665809631348,12.248665809631348,11.5975737923711,11.638267188980237,13612000
2015-11-03,12.77767562866211,12.859062409087965,12.370743278856553,12.533516063546404,19842000
2015-11-04,12.696290016174316,13.021835595599551,12.57420984176844,12.9404488126623,15496000
2015-11-05,12.89975643157959,12.940449047625195,12.655596854496455,12.736982862749567,7080000
2015-11-06,12.49282455444336,12.899756940240708,12.45213116063124,12.899756940240708,9003000
2015-11-09,12.12658405303955,12.696289979637044,12.12658405303955,12.452130407689815,7856000
2015-11-10,12.330053329467773,12.330053329467773,11.841734839128085,12.045201070810142,6688000
2015-11-11,11.719653129577637,12.533517951802805,11.719653129577637,12.330051746246514,8976000
2015-11-12,11.801039695739746,11.963812501827901,11.678960285214119,11.801039695739746,4803000
2015-11-13,11.638267517089844,11.882427127466107,11.638267517089844,11.760346934196974,4326000
2015-11-16,11.719653129577637,11.92311933513393,11.353414114808707,11.434800907496015,4257000
2015-11-17,11.963811874389648,12.167278065369615,11.882425863694815,11.923118480961271,6341000
2015-11-18,11.556880950927734,12.167279600900981,11.556880950927734,12.167279600900981,7293000
2015-11-19,11.882425308227539,11.882425308227539,11.597572343706828,11.678959126758999,4258000
2015-11-20,11.882425308227539,11.92311792359174,11.801038525175368,11.882425308227539,2904000
2015-11-23,11.882425308227539,12.045198098169996,11.678959126758999,12.045198098169996,3075000
2015-11-24,12.045199394226074,12.452131800948834,11.923119206512066,11.963812602416734,11593000
2015-11-25,11.719653129577637,12.248665729721184,11.638267113052308,12.167278937033876,7904000
2015-11-26,11.963811874389648,12.167278065369615,11.801039076838059,11.801039076838059,5865000
2015-11-27,12.085891723632812,12.126584339784666,11.801038753598434,11.96381154669155,8002000
2015-11-30,12.085891723632812,12.207971124412174,11.76034536128468,12.004504939005304,11451000
2015-12-01,12.045199394226074,12.492825196853504,12.045199394226074,12.167278805778114,10861000
2015-12-02,12.12658405303955,12.289357618445624,11.963811263795359,12.167277444391068,8675000
2015-12-03,12.411438941955566,12.452132339620608,12.045199915294196,12.045199915294196,16087000
2015-12-04,12.167280197143555,12.370746423771916,12.126586796585471,12.330053023213832,5455000
2015-12-07,12.411438941955566,12.452132339620608,12.207972729792361,12.330052146625484,6393000
2015-12-08,12.289359092712402,12.696291502720602,12.248665696479188,12.370745109016857,10387000
2015-12-09,12.085891723632812,12.411437309819043,11.96381154669155,12.330050525191535,5894000
2015-12-10,11.882425308227539,12.248664279638536,11.760345133649283,12.085891489696081,5294000
2015-12-11,11.678959846496582,12.167278246417476,11.678959846496582,12.045198840477736,10079000
2015-12-14,11.434800148010254,11.597572946411718,11.35341336072856,11.556879552770871,4832000
2015-12-15,11.678959846496582,11.71965246436854,11.47549365248906,11.55687966439491,3089000
2015-12-16,11.597572326660156,11.882425290762177,11.597572326660156,11.719651724897089,5146000
2015-12-17,11.760346412658691,11.801039808610433,11.638267000965442,11.678960396917182,3785000
2015-12-18,11.923118591308594,11.923118591308594,11.719652398445568,11.719652398445568,4763000
2015-12-21,11.963811874389648,12.085892054674781,11.760345683409682,11.841732470266438,3595000
2015-12-22,11.923118591308594,12.248664965586595,11.84173257986054,12.045198772723568,8796000
2015-12-23,11.882425308227539,12.045198098169996,11.801038525175368,12.00450470664391,4735000
2015-12-24,11.719653129577637,12.167278937033876,11.719653129577637,12.045199524164891,5039000
2015-12-25,11.801039695739746,11.841733091302276,11.678960285214119,11.760346300177217,2282000
2015-12-28,11.882425308227539,11.92311792359174,11.801038525175368,11.882425308227539,2429000
2015-12-29,11.556880950927734,11.71965376902153,11.556880950927734,11.678961146619596,6872000
2015-12-30,11.556880950927734,11.71965376902153,11.556880950927734,11.678961146619596,3927000
2015-12-31,11.353411674499512,11.597571223919656,11.272025675467338,11.556877836322663,4728000
2016-01-04,11.19063949584961,11.434799058264153,11.149946106086876,11.353412278738688,3709000
2016-01-05,11.149947166442871,11.353413358444243,11.149947166442871,11.190640560075531,3267000
2016-01-06,10.74301528930664,11.23133448361411,10.66162927436337,11.149947692508878,7558000
2016-01-07,10.498855590820312,10.824401975937178,10.417469576662562,10.70232179045762,5969000
2016-01-08,10.661628723144531,10.702321340431329,10.376775745165418,10.376775745165418,3805000
2016-01-11,10.74301528930664,10.94648149090776,10.66162927436337,10.74301528930664,6180000
2016-01-12,10.498855590820312,10.824401975937178,10.498855590820312,10.743015185617473,4888000
2016-01-13,10.41746997833252,10.702322203110723,10.41746997833252,10.53954939235718,3691000
2016-01-14,10.051229476928711,10.336081659673887,9.969842695480448,10.336081659673887,6811000
2016-01-15,9.969843864440918,10.214003461251455,9.888457073450086,10.214003461251455,6205000
2016-01-18,10.091922760009766,10.254696333688893,9.644297760877933,9.725683771555575,6266000
2016-01-19,10.132616996765137,10.25469718718519,10.01053758250707,10.051230979313754,4319000
2016-01-20,9.807071685791016,10.132617318249318,9.807071685791016,10.132617318249318,5198000
2016-01-21,9.969843864440918,9.969843864440918,9.766377663125798,9.888457073450086,4483000
2016-01-22,10.132616996765137,10.173310393571821,10.051230979313754,10.091923599958452,4026000
2016-01-25,10.214003562927246,10.254696958827747,10.091923375225743,10.214003562927246,2146000
2016-01-26,10.091922760009766,10.17330954684933,10.010536749332125,10.132616153429547,1999000
2016-01-27,10.173308372497559,10.295387762502795,10.132614983775202,10.214001761219915,3465000
2016-01-28,10.580242156982422,10.661628945577831,10.17330976632925,10.214003160626955,9411000
2016-01-29,10.783708572387695,11.272027761602109,10.783708572387695,10.987174771866709,35022000
2016-02-01,11.394107818603516,11.597574029650007,11.231335004998723,11.394107818603516,30405000
2016-02-02,11.638267517089844,11.719653536440596,11.434801304469959,11.638267517089844,34399000
2016-02-03,11.678959846496582,11.841732646470215,11.55687966439491,11.638266452462691,37600000
2016-02-15,12.574210166931152,12.614903559452088,11.59757262723821,11.638266019759147,28670000
2016-02-16,12.49282455444336,12.859063546428587,12.370744373006998,12.574210565905672,22665000
2016-02-17,12.655598640441895,12.89975825198059,12.492825824803434,12.533518446591543,18344000
2016-02-18,13.428768157958984,13.510154942108343,12.940449005386625,12.940449005386625,36105000
2016-02-19,13.51015567779541,13.835701279796432,13.428768889214185,13.591542466376634,20183000
2016-02-22,13.225300788879395,13.632233120844914,13.14391401202156,13.591540508577824,12477000
2016-02-23,13.469462394714355,13.632235982600369,13.265996186018826,13.428769773904842,13278000
2016-02-24,13.469462394714355,13.550849188657361,13.30669035915232,13.469462394714355,6656000
2016-02-25,13.30668830871582,13.632233882000333,13.225301527313757,13.51015448605911,8613000
2016-02-26,13.754314422607422,13.754314422607422,13.306689416129295,13.469461440155946,12170000
2016-03-01,13.754314422607422,13.957780616883639,13.632235016506467,13.754314422607422,8592000
2016-03-02,13.672926902770996,13.876393086159396,13.469460719382594,13.754313686591113,11654000
2016-03-03,13.51015567779541,13.876393897925105,13.51015567779541,13.754314491215206,7110000
2016-03-04,13.835701942443848,13.835701942443848,13.550848944928742,13.550848944928742,7457000
2016-03-07,13.591543197631836,13.917088817147937,13.591543197631836,13.83570202418792,5362000
2016-03-08,14.242634773254395,14.486793605580585,13.510156723951825,13.591543518835222,19316000
2016-03-09,14.07986068725586,14.283326891131372,13.957781275395341,14.242634271285846,10593000
2016-03-10,13.957781791687012,14.201942176763367,13.957781791687012,14.079861208063189,5692000
2016-03-11,13.91708755493164,14.079859573765031,13.91708755493164,13.957780171559033,4121000
2016-03-14,13.998475074768066,14.161247102139289,13.957780903682334,14.039167693529896,4728000
2016-03-15,13.265995025634766,14.079859789227667,13.265995025634766,14.079859789227667,11020000
2016-03-16,13.591543197631836,13.67292843826789,13.469462232029834,13.469462232029834,7905000
2016-03-17,13.30668830871582,13.876392673882783,13.30668830871582,13.835700059343623,10409000
2016-03-18,13.103221893310547,13.550846854403746,13.021835113387136,13.347380680757071,19239000
2016-03-21,13.143915176391602,13.265994576331082,13.021835776452122,13.103222560519706,7974000
2016-03-22,13.103221893310547,13.26599390083366,12.940448333463724,13.18460867323396,12151000
2016-03-23,13.143915176391602,13.347381360398666,13.103222560519706,13.103222560519706,8076000
2016-03-24,13.021835327148438,13.265994118602976,12.940448545889012,13.265994118602976,16847000
2016-03-25,12.533516883850098,13.143915448508288,12.533516883850098,13.103222831793937,15445000
2016-03-28,12.533516883850098,12.61490366960262,12.411437481383224,12.533516883850098,4346000
2016-03-29,12.330053329467773,12.696293167425138,12.289360704061025,12.53351956114983,6096000
2016-03-30,12.736982345581055,12.736982345581055,12.330049992352754,12.330049992352754,5341000
2016-03-31,12.696290016174316,12.859062805886934,12.57420984176844,12.777676022949683,4223000
2016-04-01,12.61490249633789,12.77767527654214,12.45212971613364,12.77767527654214,3648000
2016-04-06,12.696290016174316,12.777676022949683,12.492823834993073,12.614903233237065,4289000
2016-04-07,12.452130317687988,12.73698250276599,12.411436926630595,12.73698250276599,3331000
2016-04-08,12.61490249633789,12.696289274520936,12.370742937950597,12.411436327042118,2852000
2016-04-11,13.021835327148438,13.184608889667288,12.614902973175049,12.696289754434474,10311000
2016-04-12,12.77767562866211,12.94044841335196,12.655596234185188,12.899755799300893,5722000
2016-04-13,12.859062194824219,12.859062194824219,12.696289412846566,12.818368805289344,3098000
2016-04-14,12.940449714660645,13.062529121414034,12.777676913602146,12.940449714660645,3648000
2016-04-15,13.021835327148438,13.021835327148438,12.818369150161743,12.940448545889012,4177000
2016-04-18,12.859062194824219,13.0625275901749,12.859062194824219,13.0625275901749,2383000
2016-04-19,12.940449714660645,12.981143108965755,12.818370307907257,12.899757096517474,2871000
2016-04-20,12.696290016174316,13.062528210906292,12.696290016174316,13.021835595599551,2654000
2016-04-21,12.61490249633789,12.818368665633663,12.574209107246368,12.736981887450618,2177000
2016-04-22,12.452130317687988,12.696289887870474,12.411436926630595,12.614903105755687,2982000
2016-04-25,12.9811429977417,13.021836391698143,12.492824598750179,12.53351721654469,4613000
2016-04-26,12.859062194824219,13.0625275901749,12.818368805289344,13.021834976801873,3414000
2016-04-27,12.61490249633789,12.94044805674639,12.61490249633789,12.859062054725186,2432000
2016-04-28,12.574210166931152,12.736982960852991,12.533516774410216,12.69629034449396,1862000
2016-04-29,12.574210166931152,12.69629034449396,12.492824158051185,12.655596951973024,3926000
2016-05-03,11.353411674499512,12.207969709389111,11.353411674499512,12.207969709389111,19429000
2016-05-04,10.905787467956543,11.434800027383085,10.865094850906894,11.272027230698734,8561000
2016-05-05,10.783708572387695,10.987174771866709,10.661629163165069,10.82440196751589,5225000
2016-05-06,10.661628723144531,10.865094914226207,10.620935329695811,10.783708127328767,2700000
2016-05-09,10.946480751037598,11.068560929444073,10.702321170386554,10.702321170386554,2832000
2016-05-10,10.905787467956543,11.14994705106403,10.74301467127219,10.94648086116811,2595000
2016-05-11,10.82440185546875,11.068561447548577,10.82440185546875,11.068561447548577,2287000
2016-05-12,10.865094184875488,11.109252976854098,10.865094184875488,10.987173580864793,2262000
2016-05-13,10.70232105255127,10.946480630514053,10.661628436359058,10.865094621967726,2956000
2016-05-16,10.783708572387695,10.865095362644082,10.702321782131309,10.82440196751589,1303000
2016-05-17,10.987175941467285,11.10925536368544,10.824403119789066,10.824403119789066,2904000
2016-05-18,10.865094184875488,10.987173580864793,10.82440079415843,10.987173580864793,1925000
2016-05-19,10.661628723144531,10.946480924961723,10.620935329695811,10.865094914226207,2473000
2016-05-20,10.865094184875488,10.865094184875488,10.743014012724313,10.743014012724313,2032000
2016-05-23,11.272027015686035,11.272027015686035,10.865094643656386,10.905787259929829,4340000
2016-05-24,11.23133373260498,11.312719742106186,11.149946946941864,11.272027125436539,1775000
2016-05-25,11.23133373260498,11.434799920600861,11.190640339773422,11.312719742106186,4243000
2016-05-26,11.272027015686035,11.39410641683017,11.23133362325069,11.272027015686035,1731000
2016-05-27,11.394107818603516,11.434801216045214,11.312721023720119,11.312721023720119,2461000
2016-05-30,11.394107818603516,11.475494613486912,11.353414421161817,11.434801216045214,1087000
2016-05-31,11.31272029876709,11.475493878102863,11.231334285261152,11.43480048326892,2309000
2016-06-01,11.475493431091309,11.55687944142697,11.272027241009278,11.312719858096148,3630000
2016-06-02,11.272027015686035,11.516185817974302,11.272027015686035,11.47549320170086,2627000
2016-06-03,11.353411674499512,11.353411674499512,11.272025675467338,11.353411674499512,1354000
2016-06-06,11.31272029876709,11.43480048326892,11.231334285261152,11.394107088434977,1342000
2016-06-07,11.434800148010254,11.556879552770871,11.312719967087713,11.394106754369407,2746000
2016-06-08,11.394107818603516,11.51618723476661,11.353414421161817,11.475494613486912,2388000
2016-06-13,11.02786636352539,11.272025918203358,10.987172975052092,11.231332529730059,2573000
2016-06-14,11.23133373260498,11.272027125436539,10.987174151777541,11.0278675446091,1846000
2016-06-15,11.272027015686035,11.312719631959478,11.109253445944653,11.149946838379998,2057000
2016-06-16,11.149947166442871,11.27202734734085,11.109253772810211,11.23133395370819,1211000
2016-06-17,11.109254837036133,11.272028427159887,11.109254837036133,11.19064163209801,1248000
2016-06-20,11.272027015686035,11.312719631959478,11.190640230815344,11.272027015686035,1294000
2016-06-21,11.394107818603516,11.394107818603516,11.231335004998723,11.27202840244042,2534000
2016-06-22,12.167280197143555,12.207973597701638,11.63826831837464,11.63826831837464,14221000
2016-06-23,11.882425308227539,12.167277496586365,11.841731916701454,12.167277496586365,4799000
2016-06-24,11.272027015686035,11.882425573730508,11.190640230815344,11.882425573730508,7602000
2016-06-27,11.556880950927734,11.556880950927734,11.231335314740145,11.272028713304097,2989000
2016-06-28,11.516185760498047,11.556879152730296,11.312719575498704,11.353412967730954,1836000
2016-06-29,11.475493431091309,11.67895962117334,11.43480003784252,11.59757283467576,3775000
2016-06-30,11.475493431091309,11.59757283467576,11.475493431091309,11.55687944142697,1860000
2016-07-01,11.475493431091309,11.63826622792455,11.43480003784252,11.55687944142697,3313000
2016-07-04,11.556880950927734,11.597574349491689,11.434801531397893,11.51618755236378,2498000
2016-07-05,11.434800148010254,11.556879552770871,11.394106754369407,11.556879552770871,2852000
2016-07-06,11.31272029876709,11.475493878102863,11.231334285261152,11.43480048326892,3746000
2016-07-07,11.272027015686035,11.516185817974302,11.23133362325069,11.353413024394824,3024000
2016-07-08,11.272027015686035,11.272027015686035,11.272027015686035,11.272027015686035,0
2016-07-11,11.068562507629395,11.43480154274435,11.027869109025062,11.353414745535684,6088000
2016-07-12,10.946480751037598,11.190640331688641,10.905787358235438,11.068560929444073,5594000
2016-07-13,11.02786636352539,11.149945752783461,10.905786198105494,10.946479586578793,4658000
2016-07-14,11.109254837036133,11.19064163209801,10.987175420605318,11.027868818136257,3950000
2016-07-15,11.19063949584961,11.353412278738688,11.068560102723264,11.109252716324145,6666000
2016-07-18,11.394107818603516,11.475494613486912,11.231335004998723,11.27202840244042,5403000
2016-07-19,11.272027015686035,11.39410641683017,11.23133362325069,11.39410641683017,5169000
2016-07-20,11.353411674499512,11.394105062096504,11.231332287870345,11.231332287870345,3348000
2016-07-21,11.475493431091309,11.59757283467576,11.312719858096148,11.394106644593728,5429000
2016-07-22,11.394107818603516,11.556880632208308,11.353414421161817,11.51618723476661,3849000
2016-07-25,11.475493431091309,11.59757283467576,11.394106644593728,11.475493431091309,2862000
2016-07-26,11.394107818603516,11.475494613486912,11.394107818603516,11.434801216045214,3856000
2016-07-27,11.434800148010254,11.516186159130022,11.394106754369407,11.475493541651103,5687000
2016-07-28,11.167951583862305,11.41430282362056,11.167951583862305,11.373244805748511,6003000
2016-07-29,11.167951583862305,11.209009601734351,10.921599560972556,11.126892782858764,6917000
2016-08-01,11.085834503173828,11.167952109042542,11.003716897305114,11.085834503173828,5744000
2016-08-02,10.839482307434082,11.085834338243577,10.839482307434082,11.085834338243577,7557000
2016-08-03,10.716304779052734,10.880539176026865,10.675245984026358,10.798421585974111,9891000
2016-08-04,10.716304779052734,10.839480381000488,10.675245984026358,10.716304779052734,5706000
2016-08-05,10.798420906066895,10.839479698508063,10.757362896757055,10.757362896757055,3928000
2016-08-08,10.757363319396973,10.880538918428524,10.757363319396973,10.839480124374221,2730000
2016-08-09,10.675246238708496,10.839480639600808,10.593128646696641,10.757363830720351,4447000
2016-08-10,10.552071571350098,10.716305986834271,10.511012771696189,10.675247187180362,5843000
2016-08-11,10.552071571350098,10.593129587872541,10.469953972042278,10.511012771696189,3561000
2016-08-12,10.675246238708496,10.675246238708496,10.511011837816183,10.593128646696641,3106000
2016-08-15,10.716304779052734,10.716304779052734,10.593128393973604,10.675245984026358,2424000
2016-08-16,10.634187698364258,10.757364089343385,10.593128901371216,10.757364089343385,2749000
2016-08-17,10.552071571350098,10.675247187180362,10.552071571350098,10.634188387526452,2315000
2016-08-18,10.757363319396973,10.962656506537133,10.55207013225681,10.593128143179756,7150000
2016-08-19,10.716304779052734,10.880539176026865,10.675245984026358,10.839480381000488,2786000
2016-08-22,10.634187698364258,10.716305292350341,10.593128901371216,10.716305292350341,1396000
2016-08-23,10.716304779052734,10.839480381000488,10.675245984026358,10.675245984026358,2526000
2016-08-24,10.675246238708496,10.79842184359488,10.634187442702569,10.757363830720351,2460000
2016-08-25,10.798420906066895,10.839479698508063,10.716304104315887,10.757362896757055,2546000
2016-08-26,10.798420906066895,10.839479698508063,10.757362896757055,10.839479698508063,1215000
2016-08-29,10.757363319396973,10.921597712482829,10.757363319396973,10.798421330319917,1861000
2016-08-30,10.716304779052734,10.839480381000488,10.675245984026358,10.798421585974111,2246000
2016-08-31,10.634187698364258,10.716305292350341,10.634187698364258,10.716305292350341,1955000
2016-09-01,10.675246238708496,10.79842184359488,10.634187442702569,10.675246238708496,3007000
2016-09-02,10.552071571350098,10.757364786488182,10.552071571350098,10.716305986834271,3867000
2016-09-05,10.634187698364258,10.6752464953573,10.511012090516548,10.6752464953573,2935000
2016-09-06,10.96265697479248,11.04477378327724,10.593128595651189,10.634187391459264,12553000
2016-09-07,10.921598434448242,10.962657231216712,10.839480840911301,10.962657231216712,3480000
2016-09-08,11.085834503173828,11.250068931779728,10.962658877502287,10.962658877502287,7295000
2016-09-09,11.003714561462402,11.085832149899387,10.880538961938289,11.044773355680896,4283000
2016-09-12,10.716304779052734,10.880539176026865,10.716304779052734,10.839480381000488,2681000
2016-09-13,10.675246238708496,10.839480639600808,10.675246238708496,10.79842184359488,1989000
2016-09-14,10.59312915802002,10.757364349971255,10.552071143163646,10.675246753995637,2778000
2016-09-19,10.716304779052734,10.757363574079113,10.63418718899998,10.675245984026358,1824000
2016-09-20,10.716304779052734,10.757363574079113,10.63418718899998,10.757363574079113,1474000
2016-09-21,10.880539894104004,10.96265748957623,10.716305486290985,10.716305486290985,2893000
2016-09-22,10.921598434448242,10.962657231216712,10.839480840911301,10.962657231216712,1944000
2016-09-23,10.96265697479248,11.04477378327724,10.921598178984404,11.003714987469163,3370000
2016-09-26,10.921598434448242,11.085832838390711,10.880539637679773,11.00371524485377,1847000
2016-09-27,10.921598434448242,10.921598434448242,10.921598434448242,10.921598434448242,0
2016-09-28,10.921598434448242,10.921598434448242,10.921598434448242,10.921598434448242,0
2016-09-29,10.880539894104004,11.044774301917025,10.839481096367892,11.044774301917025,3988000
2016-09-30,10.880539894104004,10.921598691840117,10.716305486290985,10.839481096367892,2348000
2016-10-03,10.757363319396973,10.921597712482829,10.757363319396973,10.880538918428524,1117000
2016-10-04,11.003714561462402,11.085832149899387,10.757363362414173,10.757363362414173,4708000
2016-10-05,10.96265697479248,11.04477378327724,10.880539383176327,11.04477378327724,2209000
2016-10-06,10.96265697479248,11.04477378327724,10.880539383176327,11.04477378327724,2799000
2016-10-07,10.880539894104004,10.96265748957623,10.839481096367892,10.96265748957623,1935000
2016-10-11,10.552071571350098,10.839481602664536,10.469953972042278,10.798422803010626,6898000
2016-10-12,10.59312915802002,10.716305551983446,10.469953547188029,10.552071143163646,3383000
2016-10-13,10.59312915802002,10.675246753995637,10.552071143163646,10.634187956007828,1688000
2016-10-14,10.428894996643066,10.634188208321596,10.428894996643066,10.634188208321596,2468000
2016-10-17,10.428894996643066,10.428894996643066,10.30571938288853,10.428894996643066,1730000
2016-10-18,10.59312915802002,10.59312915802002,10.42889474920022,10.42889474920022,1599000
2016-10-19,10.51101303100586,10.6341886498749,10.469954230339017,10.6341886498749,1814000
2016-10-20,10.51101303100586,10.6341886498749,10.469954230339017,10.552071831672702,1951000
2016-10-21,10.552071571350098,10.716305986834271,10.511012771696189,10.552071571350098,3156000
2016-10-24,10.716304779052734,10.798421585974111,10.593128393973604,10.63418718899998,4047000
2016-10-25,10.716304779052734,10.798421585974111,10.675245984026358,10.798421585974111,1887000
2016-10-26,10.716304779052734,10.798421585974111,10.675245984026358,10.716304779052734,1483000
2016-10-27,10.716304779052734,10.839480381000488,10.716304779052734,10.716304779052734,1781000
2016-10-28,10.634187698364258,10.798422103205011,10.634187698364258,10.798422103205011,1315000
2016-10-31,10.716304779052734,10.716304779052734,10.46995279202585,10.511011587052229,4002000
2016-11-01,10.469952583312988,10.675245771221086,10.428893789105096,10.634186977013194,4024000
2016-11-02,10.305719375610352,10.4699537882109,10.305719375610352,10.387836190344899,2448000
2016-11-03,10.100425720214844,10.428894530981417,10.01830812595749,10.346777719855481,4077000
2016-11-04,10.01830768585205,10.141484071826927,9.977248890527093,10.100425276501968,2431000
2016-11-07,9.977249145507812,10.10042553463061,9.977249145507812,10.059366738256344,2096000
2016-11-08,9.93619155883789,10.059367170117365,9.895132760700921,10.018308371980394,1645000
2016-11-09,9.525605201721191,10.018308432970013,9.484546403334262,9.977249634583083,4977000
2016-11-10,9.771956443786621,9.81301524224921,9.689839629992889,9.730898428455477,2013000
2016-11-11,9.443488121032715,9.730898942316738,9.36137051977114,9.689840141685952,3030000
2016-11-14,9.402427673339844,9.52560405365489,9.320310869594493,9.443486466778193,1760000
2016-11-15,9.402427673339844,9.48454526021654,9.279252076156146,9.279252076156146,1981000
2016-11-16,9.525605201721191,9.525605201721191,9.443487604947332,9.484546403334262,2560000
2016-11-17,9.48454475402832,9.648779135885212,9.48454475402832,9.566661553391114,1818000
2016-11-18,9.730897903442383,9.771955916558316,9.525604705337113,9.60772151470038,2493000
2016-11-21,9.854073524475098,9.895132320786692,9.73089791867172,9.73089791867172,1708000
2016-11-22,9.93619155883789,10.059367170117365,9.813015164426979,9.85407396256395,4524000
2016-11-23,9.895133018493652,10.059367432188811,9.854074219286998,9.977249833775502,1710000
2016-11-24,9.895133018493652,9.936191817700307,9.854074219286998,9.936191817700307,818000
2016-11-25,9.730897903442383,9.977249114663588,9.689839107195048,9.977249114663588,2335000
2016-11-28,9.81301498413086,9.89513257889604,9.771956186748268,9.771956186748268,1200000
2016-11-29,9.854073524475098,9.936191117098286,9.771955931851911,9.771955931851911,1418000
2016-11-30,9.81301498413086,9.936191376278632,9.81301498413086,9.89513257889604,1820000
2016-12-01,10.01830768585205,10.141484071826927,9.854073287683601,9.854073287683601,3823000
2016-12-02,10.100425720214844,10.100425720214844,9.936191314831557,10.01830812595749,1799000
2016-12-05,9.977249145507812,10.141484331004875,9.93619113226495,10.141484331004875,1564000
2016-12-06,9.977249145507812,10.059366738256344,9.93619113226495,9.977249145507812,1414000
2016-12-07,10.01830768585205,10.05936648117701,9.89513208300856,10.05936648117701,1624000
2016-12-08,10.01830768585205,10.100425276501968,9.977248890527093,10.05936648117701,2136000
2016-12-09,10.01830768585205,10.05936648117701,9.977248890527093,10.01830768585205,1453000
2016-12-12,10.141484260559082,10.223601069605802,10.018307872291905,10.059366668380964,3096000
2016-12-13,10.141484260559082,10.30571866178392,10.100425464470023,10.182542273516743,2573000
2016-12-14,10.141484260559082,10.30571866178392,10.141484260559082,10.182542273516743,2182000
2016-12-15,10.26465892791748,10.26465892791748,10.141483334035001,10.141483334035001,1693000
2016-12-16,10.34677791595459,10.511012324450558,10.264660320140889,10.305719118047739,4118000
2016-12-19,10.100425720214844,10.346777719855481,10.100425720214844,10.346777719855481,2315000
2016-12-20,10.01830768585205,10.141484071826927,9.977248890527093,10.141484071826927,1530000
2016-12-21,10.059367179870605,10.182542791269508,10.018308381693826,10.059367179870605,1319000
2016-12-22,10.059367179870605,10.182542791269508,10.059367179870605,10.141484776224166,1013000
2016-12-23,10.059367179870605,10.182542791269508,10.059367179870605,10.100425978047387,879000
2016-12-26,10.141484260559082,10.182542273516743,10.100425464470023,10.100425464470023,983000
2016-12-27,10.100425720214844,10.182542531340777,10.059366923086166,10.100425720214844,889000
2016-12-28,10.223601341247559,10.223601341247559,10.100425732838996,10.14148453001899,1162000
2016-12-29,10.100425720214844,10.182542531340777,10.100425720214844,10.14148451734352,979000
2016-12-30,10.182541847229004,10.223600641599154,10.100425041620069,10.14148383599022,1505000
2017-01-03,10.141484260559082,10.223601069605802,10.100425464470023,10.182542273516743,1239000
2017-01-04,10.305719375610352,10.346778174543353,10.182542978811352,10.182542978811352,2089000
2017-01-05,10.387835502624512,10.469953095053967,10.305718693326458,10.346777489541186,2740000
2017-01-06,10.428894996643066,10.51101259456706,10.38783619768107,10.469953795605063,2089000
2017-01-09,10.26465892791748,10.46995210647583,10.26465892791748,10.46995210647583,1401000
2017-01-10,10.141484260559082,10.30571866178392,10.141484260559082,10.264659865694862,1255000
2017-01-11,10.223601341247559,10.223601341247559,10.14148453001899,10.182542544067566,1099000
2017-01-12,10.34677791595459,10.469953526543707,10.22360152223404,10.264660320140889,4680000
2017-01-13,10.305719375610352,10.346778174543353,10.264660576677352,10.346778174543353,960000
2017-01-16,10.100425720214844,10.305718922726806,10.059366923086166,10.305718922726806,2067000
2017-01-17,10.141484260559082,10.182542273516743,10.059366668380964,10.100425464470023,1399000
2017-01-18,10.100425720214844,10.182542531340777,10.059366923086166,10.14148451734352,1380000
2017-01-19,10.059367179870605,10.182542791269508,10.018308381693826,10.100425978047387,1976000
2017-01-20,10.059367179870605,10.141484776224166,10.059367179870605,10.059367179870605,1342000
2017-01-23,10.141484260559082,10.264659865694862,10.100425464470023,10.141484260559082,2101000
2017-01-24,10.100425720214844,10.182542531340777,10.01830812595749,10.182542531340777,1996000
2017-02-02,10.469952583312988,10.634186977013194,10.100425001704684,10.100425001704684,6630000
2017-02-03,10.96265697479248,10.96265697479248,10.552070582974505,10.593128595651189,11096000
2017-02-06,10.96265697479248,11.250066979186226,10.921598178984404,11.085832579085315,8287000
2017-02-07,10.880539894104004,10.96265748957623,10.839481096367892,10.96265748957623,2523000
2017-02-08,11.126890182495117,11.250065773588005,10.880538217178032,10.921597008586097,7550000
2017-02-09,11.04477310180664,11.20900749177417,10.962656298388548,11.126890688356077,4276000
2017-02-10,10.96265697479248,11.126891374893392,10.96265697479248,11.04477378327724,2742000
2017-02-13,10.921598434448242,11.04477404162224,10.839480840911301,10.962657231216712,2808000
2017-02-14,11.04477310180664,11.167949481630796,10.839479918564393,10.92159750511383,4584000
2017-02-15,11.250067710876465,11.414302121658976,11.085833300093954,11.126892098572442,13181000
2017-02-16,11.291123390197754,11.496416542746804,11.250064603061698,11.414298968474693,7311000
2017-02-17,11.291123390197754,11.373240964469865,11.167947811920815,11.291123390197754,3261000
2017-02-20,11.783829689025879,11.865946497027,11.373243299626111,11.455360107627232,17382000
2017-02-21,11.496420860290527,11.742772892494486,11.414303255178702,11.701714089938573,6772000
2017-02-22,11.455358505249023,11.701710461055393,11.414299715426083,11.578534874717848,7045000
2017-02-23,11.701711654663086,11.82488725356489,11.455359673728118,11.496418467739172,12760000
2017-02-24,11.783829689025879,11.783829689025879,11.578536494325995,11.660653302327116,4920000
2017-03-01,11.537476539611816,11.783828505127449,11.455358956729501,11.783828505127449,7287000
2017-03-02,11.496420860290527,11.742772892494486,11.414303255178702,11.619596484826745,5527000
2017-03-03,11.496420860290527,11.619596484826745,11.496420860290527,11.578538465402355,2981000
2017-03-06,11.414300918579102,11.578536095182487,11.414300918579102,11.537477301031641,3041000
2017-03-07,11.578536033630371,11.61959404443159,11.455359651832644,11.455359651832644,5593000
2017-03-08,11.701711654663086,11.865946047575946,11.660652860652032,11.660652860652032,7314000
2017-03-09,11.66065502166748,11.742772624908067,11.496420598317812,11.701713823287774,3922000
2017-03-10,11.61959457397461,11.66065336977837,11.291125773807318,11.66065336977837,6944000
2017-03-13,11.701711654663086,11.701711654663086,11.578536055761282,11.660652860652032,3291000
2017-03-14,11.824888229370117,11.907005824168678,11.7017126203037,11.742771417702981,7745000
2017-03-15,11.742772102355957,11.90700651839721,11.701713302562776,11.82488891881085,3271000
2017-03-16,11.98912239074707,11.98912239074707,11.742770410610637,11.783829204488601,7862000
2017-03-17,12.358651161193848,12.399709959031322,11.989123546919444,12.07124035946296,13442000
2017-03-20,12.440770149230957,12.563946564283002,12.317594517310479,12.522887759265654,11174000
2017-03-21,12.563942909240723,12.892411687559807,12.440766530022561,12.481825323095283,17852000
2017-03-22,12.851353645324707,12.89241244079628,12.276532858116857,12.399709244531573,9039000
2017-03-23,12.728178024291992,12.974530013646502,12.728178024291992,12.933471218232187,7532000
2017-03-24,13.220882415771484,13.918879610212937,12.646060828287274,12.81029601507214,37483000
2017-03-27,12.851353645324707,13.508292806607088,12.810295632984522,13.261940033777654,14453000
2017-03-28,13.09770679473877,13.220883192059947,12.646061570824028,13.138765593845829,13810000
2017-03-29,13.959939002990723,13.959939002990723,13.344059341094072,13.344059341094072,42075000
2017-03-30,13.795702934265137,14.165231334719492,13.795702934265137,14.165231334719492,15829000
2017-03-31,13.713586807250977,13.877820432532129,13.46723401993495,13.754644822005549,18127000
2017-04-05,14.165228843688965,14.247346425600552,13.754642500393633,13.795700508218125,21819000
2017-04-06,14.042055130004883,14.288406342390152,14.000995550432132,14.124172722887575,11538000
2017-04-07,14.698991775512695,14.698991775512695,14.083112218720856,14.124171795597936,33405000
2017-04-10,14.781110763549805,15.0685215638714,14.45264194872349,14.575817558500502,20797000
2017-04-11,14.32946491241455,14.904284889570205,14.288405335734554,14.781109292055614,18088000
2017-04-12,14.781110763549805,15.027461983103827,14.411582367955917,14.411582367955917,38073000
2017-04-13,15.438045501708984,15.561222654678188,14.863225574990468,15.027459168511802,43841000
2017-04-14,14.616875648498535,15.355932443503393,14.57581763378176,15.355932443503393,24290000
2017-04-17,14.165228843688965,14.822166366456457,13.631466910657554,14.657932768895884,22977000
2017-04-18,14.698991775512695,14.98640254860143,14.534758166792496,14.616874188021242,14773000
2017-04-19,14.534759521484375,14.69899314551174,14.20628914090394,14.20628914090394,10709000
2017-04-20,14.206290245056152,14.657936270326003,14.206290245056152,14.534760651166216,10683000
2017-04-21,14.781110763549805,14.904286373326816,14.411582367955917,14.575817558500502,16761000
2017-04-24,14.411579132080078,14.986400603656849,14.37052112679424,14.904283026822666,8741000
2017-04-25,14.534759521484375,14.61687555036663,14.32946631675303,14.534759521484375,5921000
2017-04-26,14.698991775512695,14.863226950495603,14.534758166792496,14.657933764898322,11119000
2017-04-27,14.65793514251709,14.822168766672704,14.534759532834665,14.822168766672704,5740000
2017-04-28,15.273818016052246,15.520169287979222,14.69899629320505,14.86323151866516,32661000
2017-05-02,15.150638580322266,15.643341000606895,15.150638580322266,15.479107382599617,16765000
2017-05-03,14.698991775512695,15.232753744813083,14.657933764898322,15.19169573419871,9184000
2017-05-04,15.027464866638184,15.109582477667555,14.740055577430118,14.822171622196333,8437000
2017-05-05,14.65793514251709,14.945345942617983,14.616875561781045,14.781110752199513,7595000
2017-05-08,14.32946491241455,14.945344466250202,14.32946491241455,14.945344466250202,6714000
2017-05-09,14.452642440795898,14.781111266805663,14.206289646591392,14.534760038864066,11486000
2017-05-10,14.945343971252441,15.027459989367308,14.49369804030743,14.575815624684946,10559000
2017-05-11,14.534759521484375,14.863228335801956,14.493699940780393,14.863228335801956,7542000
2017-05-12,14.288406372070312,14.904285970575609,14.288406372070312,14.698992771073843,13287000
2017-05-15,14.206290245056152,14.4526430496387,14.083114625896366,14.370525448111184,8311000
2017-05-16,14.411579132080078,14.657931862582625,14.37052112679424,14.452638703628422,7828000
2017-05-17,14.370525360107422,14.616876596918363,14.288407759082787,14.493700978512893,4499000
2017-05-18,14.165228843688965,14.247346425600552,14.000993679865791,14.083111261777379,4511000
2017-05-19,14.411579132080078,14.49369670891426,14.206285973125874,14.288403549960057,3939000
2017-05-22,14.32946491241455,14.534758097026435,14.20628774863726,14.534758097026435,2529000
2017-05-23,14.32946491241455,14.493698520346438,14.247347325317257,14.288405335734554,2996000
2017-05-24,14.247349739074707,14.49370097584022,14.247349739074707,14.411583374830727,2855000
2017-05-25,14.124173164367676,14.28840678900371,14.124173164367676,14.28840678900371,4240000
2017-05-26,13.877820014953613,14.20628882189528,13.754644408133341,14.124172794856976,6443000
2017-05-31,14.288406372070312,14.370523965123581,13.795702380013513,13.95993756612005,5867000
2017-06-01,14.042055130004883,14.24734832908021,13.91887952381225,14.206288749507458,5647000
2017-06-02,14.124173164367676,14.329466369859864,14.04205556891823,14.04205556891823,5901000
2017-06-05,14.452642440795898,14.575818054766696,14.042056016717963,14.124173614786132,7351000
2017-06-06,14.822166442871094,14.863226017169868,14.534757254092725,14.657932844463827,24571000
2017-06-07,14.411579132080078,14.781107444702645,14.411579132080078,14.740049439416806,8360000
2017-06-08,14.32946491241455,14.534758097026435,14.288405335734554,14.452640509929141,5431000
2017-06-09,14.370525360107422,14.575818579537529,14.288407759082787,14.452642961132058,4660000
2017-06-12,14.000994682312012,14.329465033476248,14.000994682312012,14.24734744568519,6029000
2017-06-13,14.206290245056152,14.247349828951398,13.95993900673658,14.083114625896366,4250000
2017-06-14,14.370525360107422,14.370525360107422,13.877821320222575,14.288407759082787,7871000
2017-06-15,14.452642440795898,14.452642440795898,14.24734922875693,14.411582858630359,5248000
2017-06-16,14.57581615447998,14.986402525028714,14.493698567117693,14.53475814393019,21253000
2017-06-19,14.452642440795898,14.781111266805663,14.452642440795898,14.740053250903035,6064000
2017-06-20,14.32946491241455,14.616874117861027,14.32946491241455,14.493698520346438,3644000
2017-06-21,14.740052223205566,14.781110236245572,14.288406248451494,14.3294658277543,8086000
2017-06-22,15.027464866638184,15.355935310755669,15.027464866638184,15.191700088696926,31489000
2017-06-23,14.781110763549805,15.109579578376119,14.781110763549805,15.027461983103827,7373000
2017-06-26,14.904284477233887,14.945344052777944,14.740050873845624,14.781108883127025,6108000
2017-06-27,14.822166442871094,15.027459615577134,14.657932844463827,14.945343599504806,7082000
2017-06-28,14.616875648498535,14.90428645030455,14.57581763378176,14.657935229478174,7747000
2017-06-29,14.452642440795898,14.822169282708293,14.452642440795898,14.781111266805663,4729000
2017-06-30,14.49370002746582,14.49370002746582,14.288406821506637,14.329466402456191,4476000
2017-07-03,14.616875648498535,14.657935229478174,14.493700038085347,14.616875648498535,2889000
2017-07-04,14.616875648498535,14.863228435587775,14.616875648498535,14.740052825174587,5392000
2017-07-05,14.49370002746582,14.698993233425005,14.370524417142883,14.657935218738313,3497000
2017-07-06,14.370525360107422,14.575818579537529,14.288407759082787,14.493700978512893,4136000
2017-07-07,14.247349739074707,14.452642958466956,14.247349739074707,14.3294673400842,4145000
2017-07-10,14.247349739074707,14.49370097584022,14.206290155438477,14.370525357457463,4515000
2017-07-11,14.452642440795898,14.452642440795898,14.206289646591392,14.28840724465956,3705000
2017-07-12,14.65793514251709,14.740052737726325,14.45264193762543,14.49369995209862,6241000
2017-07-13,14.65793514251709,14.822168766672704,14.616875561781045,14.740052737726325,5506000
2017-07-14,14.945343971252441,15.314870751557287,14.657933209062461,14.78110880249741,19513000
2017-07-17,15.068521499633789,15.355932298730142,15.027461919041253,15.068521499633789,15914000
2017-07-18,14.863227844238281,15.068521042180073,14.781110251809006,15.068521042180073,7911000
2017-07-19,14.740052223205566,14.904285841628392,14.69899264390276,14.781110236245572,5068000
2017-07-20,14.698991775512695,14.904284961109976,14.657933764898322,14.904284961109976,4239000
2017-07-21,14.698991775512695,14.904284961109976,14.657933764898322,14.740051352389777,2892000
2017-07-24,14.822166442871094,15.109577197912074,14.657932844463827,14.740050426798765,12612000
2017-07-25,14.904284477233887,14.945344052777944,14.698991298301566,14.781108883127025,5861000
2017-07-26,14.698991775512695,15.109578146707255,14.698991775512695,14.98640254860143,7722000
2017-07-27,15.438045501708984,15.438045501708983,14.740049988283825,14.78110799509852,32273000
2017-07-28,16.053926467895508,16.09498604472321,15.191695715928947,15.396988901279338,32937000
2017-07-31,16.136043548583984,16.341336727487757,15.602281596686707,16.094985539308293,27967000
2017-08-01,16.012868881225586,16.21816207201053,15.889693280007169,16.09498647079211,11499000
2017-08-02,15.76651668548584,16.25921905931887,15.76651668548584,15.889692278944096,24115000
2017-08-03,15.76651668548584,16.053925881467556,15.76651668548584,15.848632703616245,8848000
2017-08-04,15.684401512145996,15.889694721555596,15.561225899752815,15.766519109162415,9437000
2017-08-07,15.848637580871582,15.971814778499004,15.643344339843384,15.725461949507288,12330000
2017-08-08,15.51187515258789,15.97055898722917,15.428477657923594,15.887161492564873,12311000
2017-08-09,14.802998542785645,15.428477354452644,14.719601049761737,15.386779403278128,17553000
2017-08-10,14.511106491088867,15.011489802645318,14.46940854457362,14.88639437242488,8987000
2017-08-11,14.71960163116455,14.844697080304064,14.469410732885526,14.469410732885526,6049000
2017-08-14,14.094121932983398,14.761300272056628,14.01072444176489,14.761300272056628,14074000
2017-08-15,13.843929290771484,14.344312583820987,13.760531810150795,14.260915103200297,11554000
2017-08-16,13.843929290771484,14.05242219698589,13.760531810150795,13.843929290771484,9303000
2017-08-17,14.010724067687988,14.177519045671692,13.802231140545759,13.927328169370934,8290000
2017-08-18,13.51034164428711,13.885627940104978,13.51034164428711,13.885627940104978,11166000
2017-08-21,14.052422523498535,14.052422523498535,13.468641736264006,13.593737164764354,7893417
2017-08-22,14.010724067687988,14.302614483822072,14.010724067687988,14.052423607521314,7241677
2017-08-23,13.802231788635254,14.135821760266516,13.802231788635254,14.135821760266516,3718196
2017-08-24,14.094121932983398,14.094121932983398,13.927328541221222,13.927328541221222,4768582
2017-08-25,14.552807807922363,14.63620371115123,14.094122386789127,14.177519880692888,13975757
2017-08-28,14.177517890930176,14.55280576548937,14.135819945167896,14.427708746853193,9015676
2017-08-29,14.344313621520996,14.511107004153947,14.17751864821329,14.17751864821329,6231465
2017-08-30,14.46941089630127,14.552808393561138,14.344315445748943,14.427711352333857,5543573
2017-08-31,14.38601303100586,14.594505973484205,14.177520088527514,14.594505973484205,5988556
2017-09-01,14.302614212036133,14.46940918685031,14.260916263669973,14.302614212036133,4285416
2017-09-04,14.38601303100586,14.594505973484205,14.177520088527514,14.260917583653836,5069355
2017-09-05,14.344313621520996,14.55280654281825,14.260916134867143,14.511107004153947,4959728
2017-09-06,14.219216346740723,14.5111067495709,14.177518399482722,14.386011317122174,5572516
2017-09-07,14.344313621520996,14.511107004153947,14.21921659620284,14.344313621520996,6709101
2017-09-08,14.260915756225586,14.469408671987145,14.219216218668448,14.427709134430007,3883491
2017-09-11,14.38601303100586,14.552808021258503,14.344315078780157,14.427710983231563,4776833
2017-09-12,14.344313621520996,14.55280654281825,14.344313621520996,14.511107004153947,3795855
2017-09-13,14.636199951171875,14.92809030951216,14.344311183506072,14.427707065310884,13988211
2017-09-14,14.46941089630127,14.677903844113464,14.344315445748943,14.677903844113464,5164276
2017-09-15,14.71960163116455,14.761301174661014,14.51110868570705,14.594506182025038,9096746
2017-09-18,14.928092002868652,15.094886966747497,14.67790114772505,14.802996575296852,13030055
2017-09-19,14.636199951171875,15.136583195373154,14.594502010269471,15.094885254470748,7291418
2017-09-20,14.46941089630127,14.886396791925659,14.427711352333857,14.71960179740592,6715620
2017-09-21,14.552807807922363,14.761300747344317,14.386012820114843,14.511108265633036,3575018
2017-09-22,14.71960163116455,15.261682971219065,14.71960163116455,14.761301174661014,17022575
2017-09-25,13.969025611877441,14.761299342552325,13.760532692297181,14.761299342552325,12878164
2017-09-26,13.51034164428711,14.094120856895367,13.51034164428711,13.927327477867887,8873018
2017-09-27,13.55203914642334,13.760532056368314,13.55203914642334,13.593737092142469,5617531
2017-09-28,13.51034164428711,13.67713502331459,13.42694415943601,13.67713502331459,3877155
2017-09-29,13.635437965393066,13.635437965393066,13.385245494524721,13.59373842491093,4051423
2017-10-02,13.843929290771484,13.927326771392174,13.760531810150795,13.88562723574451,2669715
2017-10-03,13.677133560180664,13.885626454667182,13.677133560180664,13.843928512039698,1936030
2017-10-05,13.927328109741211,14.052423547355994,13.71883518349164,13.760533132471638,3992540
2017-10-06,13.635437965393066,14.010724285683349,13.635437965393066,14.010724285683349,4561028
2017-10-11,13.802231788635254,13.88562928154307,13.635438393494496,13.718835886402312,4356785
2017-10-12,13.885627746582031,14.09412066046667,13.885627746582031,14.010723176777875,3656240
2017-10-13,13.927328109741211,14.052423547355994,13.843930621106425,13.885628570086421,4220296
2017-10-16,14.052422523498535,14.135820006056994,13.927327094998187,14.052422523498535,3096410
2017-10-17,13.969025611877441,14.094121045490649,13.927327664231285,14.052423097844493,2694911
2017-10-18,13.677133560180664,14.052421406526216,13.677133560180664,14.010721873224183,4209322
2017-10-19,13.635437965393066,13.843930895779275,13.59373842491093,13.80223135529714,3328336
2017-10-20,13.760533332824707,13.760533332824707,13.552040403539484,13.593738353126604,3180747
2017-10-23,13.718835830688477,13.969026717720995,13.718835830688477,13.843931274204737,2850114
2017-10-24,14.135821342468262,14.135821342468262,13.718835480928488,13.802231380696583,7449911
2017-10-25,14.260915756225586,14.469408671987145,14.219216218668448,14.38601118754758,9440694
2017-10-26,14.135821342468262,14.34431427323815,14.09412180190939,14.302614732679276,3564285
2017-10-27,14.010724067687988,14.386011972813924,13.969026118529461,14.302614483822072,4321122
2017-10-30,13.969025611877441,14.30261396507091,13.885628125910388,14.260916017424753,3192665
2017-10-31,14.344313621520996,14.427709517500094,13.969025726916037,14.17751864821329,5766291
2017-11-01,14.511106491088867,14.594503974794058,14.260915630647991,14.344313114353183,10718153
2017-11-02,14.427708625793457,14.802996497203695,14.427708625793457,14.636201534204778,8067167
2017-11-03,15.053187370300293,15.345077760584784,14.511106125871757,14.594503607477991,30679437
2017-11-06,15.219983100891113,15.678666886839855,15.178285153322951,15.219983100891113,23350316
2017-11-07,15.428478240966797,15.47017619453726,14.844697346930499,15.136587793948648,18551727
2017-11-08,15.636968612670898,16.179049873108546,15.470173644532526,15.511873181904472,49846471
2017-11-09,14.969793319702148,15.762065515673871,14.67790289353368,15.636970073223058,23296287
2017-11-10,15.34507942199707,15.511874403268438,15.011491050129166,15.094888540764849,12743374
2017-11-13,14.552807807922363,14.928094144476946,14.511108265633036,14.844696650573185,16271588
2017-11-14,14.219216346740723,14.719599667210352,14.219216346740723,14.552806287503625,7319889
2017-11-15,13.760533332824707,13.927328312522812,13.760533332824707,13.927328312522812,11116623
2017-11-16,13.885627746582031,13.969025230270827,13.552039402501547,13.718834369879138,11294340
2017-11-17,13.677133560180664,14.010721873224183,13.552038141623663,13.969023930596698,13028410
2017-11-20,13.426944732666016,13.635437658357493,13.343547244254468,13.635437658357493,7458153
2017-11-21,13.468642234802246,13.760532639223758,13.426944287316916,13.468642234802246,12859285
2017-11-22,13.135053634643555,13.552039464314777,13.09335489260896,13.510341517617537,13247895
2017-11-23,12.884862899780273,13.218452064590426,12.759767460062346,13.135054574553536,13001031
2017-11-24,13.135053634643555,13.301847807444574,12.968259461842536,12.968259461842536,6723457
2017-11-27,12.759766578674316,13.218451151518504,12.759766578674316,13.176752409380422,9483530
2017-11-28,13.009958267211914,13.009958267211914,12.759766609123732,12.80146535136132,4931622
2017-11-29,12.884862899780273,13.09335582953509,12.843164154761828,13.00995913483561,5896830
2017-11-30,13.009958267211914,13.218451183062506,12.843163298261555,12.884862040499144,11149317
2017-12-01,12.676368713378906,13.135053272436208,12.592972026946788,13.051655790666759,9062889
2017-12-04,12.843162536621094,13.00995749567998,12.634669633134795,12.634669633134795,8875787
2017-12-05,12.551273345947266,12.801464997112003,12.551273345947266,12.759766256028325,5722835
2017-12-06,13.176753044128418,13.218451788275203,12.592973012085602,12.592973012085602,19705645
2017-12-07,13.718835830688477,13.927328766773865,12.801466593777796,13.218452465948571,46993215
2017-12-08,13.051655769348145,13.760531977218578,13.00995782386886,13.593737013952126,22346138
2017-12-11,13.051655769348145,13.176751991797984,12.801464915123123,13.051655769348145,10433900
2017-12-12,14.260915756225586,14.344313240665151,13.176752435198008,13.176752435198008,61501306
2017-12-13,14.844696044921875,15.345079397254317,14.76130014509549,14.886395585509893,82851514
2017-12-14,14.928092002868652,15.178284448686918,14.594503665785629,14.844694520929231,38289969
2017-12-15,14.636199951171875,14.886392368609757,14.26091371102678,14.886392368609757,32108675
2017-12-18,14.552807807922363,15.21998457780266,14.552807807922363,14.802998698958751,41719312
2017-12-19,14.219216346740723,14.719599667210352,14.094120914291997,14.636202182019625,22914780
2017-12-20,14.71960163116455,14.969794120118515,14.386013236567537,14.469410732885526,31392039
2017-12-21,14.427708625793457,14.636201534204778,14.386010680381055,14.511106107292916,13380003
2017-12-22,14.46941089630127,14.844697247958246,14.427711352333857,14.594506346853596,15818210
2017-12-25,14.38601303100586,14.886396411088873,14.38601303100586,14.511108478357885,18524640
2017-12-26,13.969025611877441,14.594504370618221,13.927327664231285,14.469408937005014,16706442
2017-12-27,13.969025611877441,14.38601145103796,13.969025611877441,14.135820583811546,13316622
2017-12-28,13.802231788635254,14.21921766249946,13.718835886402312,14.010724725567357,21192030
2017-12-29,13.59373950958252,13.927329497358125,13.426946106369668,13.843932000414224,13307039
2018-01-02,14.010724067687988,14.010724067687988,13.552040264245,13.677135702395379,12617986
2018-01-03,13.843929290771484,14.260915103200297,13.843929290771484,14.094120141958916,16706232
2018-01-04,13.885627746582031,14.052422713959622,13.760532316386186,13.885627746582031,10458316
2018-01-05,14.094121932983398,14.30261486569225,13.885629000274546,13.969026491493056,16038233
2018-01-08,14.302614212036133,14.344313751077062,13.927327904716389,14.135820827896724,28166089
2018-01-09,14.427708625793457,14.844694442616097,14.386010680381055,14.386010680381055,51816309
2018-01-10,14.052422523498535,14.46940834561615,14.01072298688197,14.386010863057692,17776044
2018-01-11,14.427708625793457,14.427708625793457,14.052422345057876,14.052422345057876,13041895
2018-01-12,14.594505310058594,14.7613002927292,14.46940986839306,14.51110781872329,24282452
2018-01-15,14.260915756225586,14.76129907218827,14.260915756225586,14.636202050191566,20121638
2018-01-16,14.636199951171875,14.636199951171875,14.302611651929185,14.386009124408478,14463124
2018-01-17,14.928092002868652,15.30337987625872,14.636201611418008,14.761298629664472,58307852
2018-01-18,14.886392593383789,15.136583423924892,14.761297178113237,15.094885482392876,29845974
2018-01-19,14.886392593383789,15.178282956131413,14.844693061177267,15.01148800865434,34752098
2018-01-22,14.302614212036133,14.886395033210983,14.302614212036133,14.886395033210983,23293318
2018-01-23,14.761300086975098,14.80299803672411,14.344314226785686,14.386012176534699,25373299
2018-01-24,14.427708625793457,14.802996497203695,14.344312734968653,14.719599015704237,24044279
2018-01-25,15.51187515258789,15.59527264725219,14.844696785948413,14.844696785948413,108253163
2018-01-26,15.470172882080078,16.095651595759993,15.470172882080078,15.970556171158936,75154436
2018-01-29,16.51264190673828,16.51264190673828,15.261684138328562,15.51187664641554,96469983
2018-01-30,16.345848083496094,17.01302490703674,16.095655581662086,16.762833995877752,95901927
2018-01-31,17.680198669433594,17.972087458762182,16.220748360092248,16.429241261426725,142636288
2018-02-01,17.596799850463867,18.05548356219317,17.388306965009733,17.846990676739036,70291847
2018-02-02,17.430007934570312,17.84699377793647,17.09641957801234,17.68020039499486,72217189
2018-02-05,17.513404846191406,17.59680233026059,16.596035702779773,16.596035702779773,55874104
2018-02-06,15.887158393859863,17.054719910083612,15.762062971600061,16.929622897149212,78326307
2018-02-07,16.137353897094727,16.76283271798464,16.137353897094727,16.59603772947737,40042961
2018-02-08,15.595269203186035,16.345843308057788,15.17828341262678,16.262445831811025,24694162
2018-02-09,15.845462799072266,15.970558239877343,14.469409768866747,14.51110771891016,40828387
2018-02-12,15.428478240966797,16.429245033407604,15.428478240966797,16.137354586389453,36161175
2018-02-21,16.59603500366211,16.762829964774145,15.803762915066532,15.887158804947912,41733864
2018-02-22,17.17981719970703,17.263214687170006,16.512638890678012,16.596036378140987,51131871
2018-02-23,16.84622573852539,17.47170439331211,16.762828266418932,17.263211508383204,33386721
2018-02-26,16.59603500366211,17.13811624126427,16.59603500366211,17.013020815767565,18968044
2018-02-27,16.84622573852539,16.887923679241382,16.47093790938357,16.762828266418932,22071802
2018-03-01,16.804527282714844,17.1798151358771,16.637733918500732,16.637733918500732,31152574
2018-03-02,16.30414581298828,16.59603622100765,16.26244786498898,16.512638734334296,18496977
2018-03-05,15.678665161132812,16.55433627975419,15.678665161132812,16.30414384985898,22433050
2018-03-06,16.053953170776367,16.09565111417089,15.803762329060074,16.012255227381846,11841379
2018-03-07,15.928860664367676,16.13735360083669,15.636970235176083,15.928860664367676,18347690
2018-03-08,16.51264190673828,16.76283441482526,16.1373555306204,16.1373555306204,43008437
2018-03-09,16.30414581298828,16.679433707681007,16.179050378315626,16.512638734334296,17604972
2018-03-12,16.554338455200195,16.762831378840815,16.345845531559576,16.470940967608993,20397622
2018-03-13,16.804527282714844,17.096417658432756,16.429241020227163,16.512636906996928,26742798
2018-03-14,16.554338455200195,16.762831378840815,16.554338455200195,16.679433891249612,12304016
2018-03-15,16.721134185791016,17.05472418296066,16.470943278588777,16.55434077788119,24900984
2018-03-16,16.470937728881836,17.013018905621536,16.470937728881836,16.929621434429016,20857597
2018-03-19,16.51264190673828,16.84623191752092,16.38754644803232,16.38754644803232,26071883
2018-03-20,16.721134185791016,16.84623123006713,16.42924532428007,16.55434077788119,17967338
2018-03-21,16.63773536682129,17.013021661977767,16.554337882117164,16.80452874555482,24393386
2018-03-22,16.012256622314453,16.76283080352535,16.012256622314453,16.679433318796423,21350628
2018-03-23,15.595269203186035,15.803762098465665,15.261679298198986,15.261679298198986,16900422
2018-03-26,15.762064933776855,16.01225740011684,15.59527154689166,15.59527154689166,12261636
2018-03-27,16.387542724609375,16.42924226182016,15.803763519730682,16.09565232683268,20182538
2018-03-28,16.012256622314453,16.304145432853616,16.012256622314453,16.22074953879941,19774933
2018-03-29,15.720366477966309,16.137352317749635,15.678666939583131,16.05395483165802,12535562
2018-03-30,15.720366477966309,15.928859397857972,15.636968991874696,15.928859397857972,7699275
2018-04-02,15.636968612670898,15.970556958272937,15.636968612670898,15.84546152750651,5484979
2018-04-03,15.470172882080078,15.595269897355761,15.34507745747902,15.428474937437933,7574494
2018-04-09,15.136590003967285,15.428480493602919,15.094892044308708,15.428480493602919,6632196
2018-04-10,15.094886779785156,15.386777167620503,15.094886779785156,15.219982205807549,8260353
2018-04-11,15.011489868164062,15.3450782137661,15.011489868164062,15.261680729696915,8516938
2018-04-12,15.553573608398438,15.803766100495638,15.053190214878992,15.094889758899338,16098154
2018-04-13,15.636968612670898,15.928859011575696,15.3450782137661,15.67866655936814,14386022
2018-04-16,15.303377151489258,15.678663367384873,15.303377151489258,15.595267490968768,7196317
2018-04-17,15.053187370300293,15.678666096335064,15.053187370300293,15.38677729672523,7342184
2018-04-18,15.053187370300293,15.595270205403487,14.969791479368716,15.219982333512762,12143173
2018-04-19,15.178284645080566,15.428475503461419,15.053187625215456,15.136585108233968,17691294
2018-04-20,15.219983100891113,15.470173967649565,14.844695210078697,15.136585615080051,14731678
2018-04-23,14.969793319702148,15.470175089505405,14.92809377843531,15.261682155195764,10543296
2018-04-24,14.094121932983398,15.094888646255823,13.885629000274546,15.053189105309148,18918461
2018-04-25,14.010724067687988,14.260916534663545,13.34354733710277,13.802231140545759,25688059
2018-04-26,13.843929290771484,14.386010528794012,13.843929290771484,14.302613048173322,10876874
2018-04-27,13.760533332824707,14.177519191395152,13.510342453952365,14.177519191395152,10368628
2018-04-30,14.010724067687988,14.302614483822072,13.88562862953761,14.260916534663545,13611629
2018-05-02,14.219216346740723,14.4694088023129,13.885627996652545,14.177518399482722,14555075
2018-05-03,14.38601303100586,14.594505973484205,14.260917583653836,14.260917583653836,15738072
2018-05-04,13.969025611877441,14.427709398684117,13.927327664231285,14.38601145103796,10487732
2018-05-07,14.052422523498535,14.3443129171158,14.052422523498535,14.135820006056994,7455034
2018-05-08,14.344313621520996,14.469409056164398,14.052423213569888,14.094121161559439,10473829
2018-05-09,14.302614212036133,14.594504622623559,14.302614212036133,14.427709647809381,9390611
2018-05-10,14.46941089630127,14.677903844113464,14.260917948489075,14.302615901781532,11967324
2018-05-11,14.302614212036133,14.636202570989719,14.260916263669973,14.594504622623559,8034784
2018-05-14,14.302614212036133,14.636202570989719,14.260916263669973,14.552806674257399,10997282
2018-05-15,14.46941089630127,14.761301341373333,14.344315445748943,14.386013399041401,18511163
2018-05-16,14.594505310058594,14.677902801393897,14.46940986839306,14.636203260388823,9669921
2018-05-17,14.594505310058594,14.802998243059431,14.594505310058594,14.719600751724126,6352566
2018-05-18,14.219216346740723,14.677901719952352,14.219216346740723,14.594504234761626,6844960
2018-05-21,14.71960163116455,14.80299912748254,14.344315283746013,14.344315283746013,11375636
2018-05-22,14.594505310058594,14.969793225730037,14.594505310058594,14.886395734394734,6927150
2018-05-23,14.511106491088867,14.719599405014497,14.46940854457362,14.636201921309306,3285553
2018-05-24,14.511106491088867,14.719599405014497,14.511106491088867,14.636201921309306,5184199
2018-05-25,14.344313621520996,14.594504490807799,14.344313621520996,14.55280654281825,5711584
2018-05-28,14.511106491088867,14.594503974794058,14.386011060868428,14.427709007383676,6827950
2018-05-29,14.219216346740723,14.4694088023129,14.177518399482722,14.4694088023129,10444196
2018-05-30,14.010724067687988,14.21921699483022,14.010724067687988,14.135821096513165,8224132
2018-05-31,14.010724067687988,14.260916534663545,14.010724067687988,14.135821096513165,9617929
2018-06-01,14.010724067687988,14.135821096513165,14.010724067687988,14.010724067687988,5324556
2018-06-04,14.677902221679688,14.719600170363027,14.094121396064246,14.135820935422366,25737270
2018-06-05,14.38601303100586,14.677903468610527,14.344315078780157,14.677903468610527,15337564
2018-06-06,14.38601303100586,14.552808021258503,14.344315078780157,14.38601303100586,9076864
2018-06-07,14.260915756225586,14.511106618869572,14.260915756225586,14.427709134430007,9350468
2018-06-08,14.302614212036133,14.46940918685031,14.260916263669973,14.302614212036133,7646877
2018-06-11,14.260915756225586,14.427709134430007,14.219216218668448,14.427709134430007,5807798
2018-06-12,14.219216346740723,14.5111067495709,14.219216346740723,14.260915884673448,9661312
2018-06-13,14.302614212036133,14.636202570989719,14.260916263669973,14.344313751077062,33918446
2018-06-14,14.761300086975098,14.761300086975098,14.219217196189007,14.302614686361853,35955669
2018-06-15,14.761300086975098,16.09565356704136,14.761300086975098,15.636969757102934,132561440
2018-06-19,14.511106491088867,15.011489802645318,14.511106491088867,14.76129894220444,35926019
2018-06-20,14.344313621520996,14.677901977461651,14.260916134867143,14.63620243879735,17715194
2018-06-21,14.260915756225586,14.469408671987145,14.219216218668448,14.427709134430007,9686054
2018-06-22,14.094121932983398,14.219217374473741,14.094121932983398,14.219217374473741,8905849
2018-06-25,14.094121932983398,14.30261486569225,14.094121932983398,14.177519424201908,5563007
2018-06-26,13.677133560180664,13.927325987969216,13.510340198996179,13.927325987969216,14922168
2018-06-27,13.51034164428711,13.843929993016788,13.51034164428711,13.802230455253879,8043901
2018-06-28,13.426944732666016,13.677135607225873,13.343547244254468,13.510342221077565,8422997
2018-06-29,13.59373950958252,13.67713700652642,13.510343603313569,13.59373950958252,4591384
2018-07-02,13.51034164428711,13.760532508165689,13.51034164428711,13.718834561077498,5114120
2018-07-03,13.176753044128418,13.718835127361842,13.176753044128418,13.552040150774701,9877060
2018-07-04,13.218450546264648,13.42694345207111,13.009957640458186,13.09335432557838,9693419
2018-07-05,13.468642234802246,13.51034177296231,13.260149316026128,13.343546801671522,8168203
2018-07-06,12.843162536621094,13.552038726609434,12.75976585242896,13.510340782182022,18875067
2018-07-09,12.926560401916504,13.135053311624834,12.843162919898239,12.926560401916504,8944013
2018-07-10,13.301848411560059,13.510342131201954,13.218451719040688,13.218451719040688,10615565
2018-07-11,13.260149955749512,13.301848700583925,13.093355771749263,13.218452006252503,4653352
2018-07-12,13.426944732666016,13.468642681534396,13.26014975584292,13.26014975584292,6800507
2018-07-13,13.51034164428711,13.5520395913753,13.3852446216731,13.51034164428711,8176368
2018-07-16,13.51034164428711,13.67713502331459,13.4686421065242,13.5520395913753,5109568
2018-07-17,13.426944732666016,13.593738118814326,13.385245193122849,13.510342221077565,4937042
2018-07-18,13.635437965393066,13.718835455682514,13.510342525296306,13.510342525296306,9029344
2018-07-19,13.718835830688477,13.843931274204737,13.718835830688477,13.760533781635608,7302147
2018-07-20,13.677133560180664,13.885626454667182,13.593736084251146,13.802228978737665,6138399
2018-07-23,13.677133560180664,13.760531036110182,13.468640665694146,13.718833093482697,4296115
2018-07-24,13.760533332824707,13.843930822673759,13.635437893388536,13.718835383237588,6312660
2018-07-25,13.802231788635254,13.927328823334415,13.677136344610968,13.8439313304266,8906158
2018-07-26,13.635437965393066,13.843930895779275,13.635437965393066,13.80223135529714,7469305
2018-07-27,13.927328109741211,13.927328109741211,13.635437694856854,13.677135643836852,13681264
2018-07-30,14.094371795654297,14.094371795654297,13.922490192302465,14.008430174378338,8482827
2018-07-31,13.965460777282715,14.18031402001014,13.965460777282715,14.094372395079139,5987839
2018-08-01,14.05140209197998,14.09437208389669,14.008430460863151,14.008430460863151,3584660
2018-08-02,13.707636833190918,14.094372509314782,13.664666020377137,14.051402516101085,10389375
2018-08-03,13.836549758911133,13.879519753638096,13.621696506875868,13.750608130256982,5791102
2018-08-06,13.879517555236816,13.965459170278523,13.793575940195108,13.879517555236816,5230868
2018-08-07,13.922492027282715,13.922492027282715,13.793578758778006,13.922492027282715,3884432
2018-08-08,13.836549758911133,14.00843137701921,13.836549758911133,13.922491387565284,4657505
2018-08-09,14.610020637512207,14.610020637512207,14.05140252921207,14.09437252246586,33102932
2018-08-10,14.309226036071777,14.524079284779162,14.309226036071777,14.481109290717765,20650905
2018-08-13,14.695962905883789,15.039727784547688,14.35219802721989,14.953786155081653,46552480
2018-08-14,14.953784942626953,14.996756573475947,14.781903336831308,14.867843320129076,25480354
2018-08-15,14.824873924255371,15.168638788861838,14.695962304927969,15.039727169534435,29238529
2018-08-16,15.340519905090332,15.469431506470935,14.781901872974426,14.91081347435503,32997537
2018-08-17,15.1256685256958,15.68428662561749,15.039726901277046,15.51240337677998,26178471
2018-08-20,14.610020637512207,15.29755036477389,14.481109018550663,15.211610378266307,15643177
2018-08-21,14.738930702209473,14.824872318854425,14.481107491474612,14.738930702209473,6875645
2018-08-22,14.781904220581055,14.781904220581055,14.524079337673124,14.695962592945078,6123475
2018-08-23,15.641315460205078,15.641315460205078,14.953784155607039,15.082695762969164,51121273
2018-08-24,15.469433784484863,15.555375411127596,15.125668917114126,15.383492157842133,27974163
2018-08-27,15.426464080810547,15.684287326386121,15.29755081882254,15.598345698127524,11514293
2018-08-28,15.469433784484863,15.770228658134329,15.469433784484863,15.641317037770326,19712303
2018-08-29,15.340519905090332,15.598343107851536,15.297548278496835,15.469431506470935,9931054
2018-08-30,15.297552108764648,15.469435379775632,15.211612112459514,15.469435379775632,8846058
2018-08-31,15.1256685256958,15.297550135333166,15.039726901277046,15.254580142723862,8782565
2018-09-03,15.254581451416016,15.555376343086811,15.082698187832623,15.254581451416016,14702580
2018-09-04,15.555374145507812,15.899138984909078,15.383490906207152,15.68428575538328,41611498
2018-09-05,15.641315460205078,15.81319705695457,15.598343831617687,15.727255438979812,20553077
2018-09-06,15.469433784484863,15.856170284777061,15.469433784484863,15.770228658134329,19162274
2018-09-07,15.1256685256958,15.469433384170676,15.039726901277046,15.426463391561372,15314013
2018-09-10,14.524079322814941,15.125669076451148,14.309226073544897,15.082697443077015,17483031
2018-09-11,15.211609840393066,15.211609840393066,14.695961743579721,14.867843349717429,14183721
2018-09-12,15.598349571228027,15.641321215627377,15.16864296243827,15.297554617235072,26865119
2018-09-13,15.598349571228027,15.985086174819058,15.4264679112325,15.598349571228027,32234054
2018-09-14,16.328847885131836,16.328847885131836,15.684288100192422,15.856171365189718,54478091
2018-09-17,17.231229782104492,17.57499628923092,16.672611666824334,16.715583299815233,144095373
2018-09-18,17.059349060058594,17.574997208519864,16.84449580146642,16.930437432743346,67753686
2018-09-19,16.930437088012695,17.703908475355355,16.930437088012695,17.446083586774307,44939767
2018-09-20,16.973405838012695,17.317170691702042,16.930435846001572,16.973405838012695,27976044
2018-09-21,16.4147891998291,17.145290603124167,15.985082684855566,17.01637733727189,56805452
2018-09-25,17.446083068847656,17.446083068847656,16.50073008971616,16.58667007749161,45713832
2018-09-26,17.188261032104492,17.360144298105663,17.016377766103325,17.188261032104492,23969088
2018-09-27,16.801523208618164,17.360142960479276,16.672611588650287,17.188259707721983,25926248
2018-09-28,17.231229782104492,17.660936276812336,17.05934816774147,17.188259788313786,63013202
2018-10-01,17.317169189453125,17.489052420987143,17.059345981352077,17.44608079350365,20764004
2018-10-02,16.801523208618164,17.188259707721983,16.7155832214397,17.188259707721983,30436564
2018-10-03,16.75855255126953,17.1452890350558,16.75855255126953,16.84449417424427,23337749
2018-10-04,16.457759857177734,16.672613123300682,16.37181822288849,16.62964312575623,15845273
2018-10-05,16.02805519104004,16.801526711296027,15.641320250512308,16.758556708748678,46646852
2018-10-08,16.500730514526367,16.543700509520352,15.985082378597374,15.985082378597374,22329923
2018-10-09,15.082695007324219,16.586667509333186,15.039725020089653,16.457755908429547,54646416
2018-10-11,13.578726768493652,14.008432487012891,13.578726768493652,13.664667584357428,46429571
2018-10-12,14.137344360351562,14.137344360351562,13.535754610855676,13.664666231690454,29272317
2018-10-15,14.008432388305664,14.09437402316405,13.664667488072462,14.008432388305664,15233794
2018-10-16,13.621695518493652,14.30922521943966,13.449812273657097,13.965460368966657,26208861
2018-10-17,13.793577194213867,14.051402062778683,13.750607202386457,13.879518817068806,16545225
2018-10-18,14.266254425048828,14.352196042631054,13.750606358755494,13.922489593919943,16699382
2018-10-19,13.922492027282715,13.922492027282715,13.621697132772228,13.922492027282715,20605880
2018-10-22,14.05140209197998,14.13734371501352,13.66466560792911,13.750607230962649,9841338
2018-10-23,13.750606536865234,14.008429753751443,13.750606536865234,13.793576526612924,7437020
2018-10-24,14.137344360351562,14.223284348107951,13.83654948560362,13.922491112560202,19859076
2018-10-25,13.750606536865234,13.922489774256064,13.492782500379008,13.707635727517527,15205945
2018-10-26,13.664665222167969,14.008430065397338,13.578724421160645,13.92249008399005,12395382
2018-10-29,12.547430038452148,13.793577896054463,12.461488411224353,13.621696280799075,28755799
2018-10-30,12.590399742126465,12.891194610887197,12.246634880342837,12.461488123857624,23822989
2018-10-31,12.934165954589844,13.234960016101166,12.848224325815115,12.848224325815115,16203173
2018-11-01,13.406842231750488,13.449812223198366,12.89119413837545,12.934164949423378,12629267
2018-11-02,13.406842231750488,13.750607080933813,13.234958987558775,13.36387142070256,17140829
2018-11-05,13.750606536865234,13.750606536865234,13.106046855449677,13.191988474145091,10342873
2018-11-06,13.277931213378906,14.008431800628797,13.191990401726052,13.879520173349446,12774299
2018-11-07,13.836549758911133,13.836549758911133,13.320901626186451,13.363872440513527,13070195
2018-11-08,13.578726768493652,14.051404124345048,13.492785133029697,14.008432487012891,11394129
2018-11-09,13.879517555236816,13.965459170278523,13.664664337232532,13.750605952274238,14671403
2018-11-12,14.35219669342041,14.695961540137048,13.793576973405774,13.793576973405774,30728805
2018-11-13,14.481108665466309,14.524078657672389,13.621695707743681,14.137343810217283,36792736
2018-11-14,14.610020637512207,14.738932256473753,14.180314148173613,14.438137386096702,29265783
2018-11-15,16.07102394104004,16.07102394104004,14.953786044633915,14.996757678649669,92277579
2018-11-16,16.887462615966797,17.446080655224737,16.328844576708857,16.328844576708857,122807008
2018-11-19,17.01637840270996,17.274203311357308,16.758555133262988,17.145291676633818,38698796
2018-11-20,17.145288467407227,17.274200078001254,16.758551996425084,16.844493616554455,36850325
2018-11-21,17.231229782104492,17.27420141509539,16.887464914178256,17.01637653475057,38589509
2018-11-22,16.02805519104004,17.31717493786686,16.02805519104004,17.27420493531951,43850843
2018-11-23,16.07102394104004,16.328847188333636,15.813199054546212,16.24290555950236,24380286
2018-11-26,16.113990783691406,16.500727218179964,15.899137573242188,16.242902382120956,17484495
2018-11-27,17.188261032104492,17.188261032104492,16.1569647144981,16.242906347498685,40188314
2018-11-28,17.145288467407227,17.317170068465906,16.88746360701911,17.059346847277855,29118573
2018-11-29,17.188261032104492,17.70390919090769,17.145291035204355,17.360144298105663,63360344
2018-11-30,18.176584243774414,18.778173986931083,17.102318016137627,17.31717126166498,84659444
2018-12-03,19.551647186279297,19.766500452062587,18.864117391452904,18.90708738892943,71276182
2018-12-04,19.3797607421875,19.8524388329726,18.864114300167483,19.33679075175252,50327397
2018-12-05,19.680557250976562,19.680557250976562,18.821144256268415,18.821144256268415,30871367
2018-12-06,18.262527465820312,20.19620684455423,17.96173256795497,19.766500315946693,64136162
2018-12-07,20.067291259765625,20.067291259765625,18.520347078067207,18.520347078067207,80219420
2018-12-10,21.012651443481445,21.57126964374241,20.110266683797935,20.110266683797935,150635094
2018-12-11,21.184528350830078,21.571264824173454,20.840763507413783,21.485323203519364,86969691
2018-12-12,20.79779624938965,21.786120918771324,20.368089728858457,21.743149283198033,76033508
2018-12-13,19.723527908325195,20.454027606322327,19.680556277195873,20.454027606322327,72843773
2018-12-14,19.4227352142334,20.239176626380193,19.33679358158629,19.85244173826865,71659819
2018-12-17,19.2938232421875,20.282147902074996,18.907086721744438,19.68055812343029,83049016
2018-12-18,19.852439880371094,19.93838150497533,19.164908522737374,19.50867502115431,61807884
2018-12-19,19.121938705444336,20.28214655024391,19.121938705444336,20.196204924851322,54280112
2018-12-20,19.723527908325195,19.723527908325195,18.90708494806942,18.90708494806942,54957080
2018-12-21,19.680557250976562,19.852440505598274,19.293822386878016,19.508675635555054,44384122
2018-12-24,20.153236389160156,20.153236389160156,19.594616603311145,19.72352987032263,29179463
2018-12-25,18.950054168701172,19.680555476165853,18.778172568780104,19.6375854859856,42304356
2018-12-26,18.219554901123047,19.164907819479357,18.13361327967245,18.99302621577825,42230086
2018-12-27,19.938383102416992,19.938383102416992,18.993028434429927,19.164910058209216,73287004
2018-12-28,19.16490936279297,20.02432236810566,19.078969373621877,19.93838237893457,42826004
2019-01-02,19.852439880371094,19.93838150497533,19.336791771945844,19.46570338925212,45391783
2019-01-03,20.79779624938965,20.926707877708946,19.551646684169086,19.63758831611538,85659562
2019-01-04,20.53997039794922,21.184530148758505,20.110263897409695,20.668882020271035,62875539
2019-01-07,20.71185302734375,21.528294370152636,20.625911401995403,21.270471133307762,59106814
2019-01-08,21.012651443481445,21.184533083992275,20.711856523586942,20.797798163442575,25441845
2019-01-09,18.950054168701172,20.62591001293191,18.950054168701172,20.62591001293191,119732566
2019-01-10,18.99302864074707,19.250851898816823,18.649263750253972,18.82114537590037,43668486
2019-01-11,18.219554901123047,19.250849440929954,18.04767165822185,19.121937828354103,78196672
2019-01-14,18.09064292907715,18.434409439197545,17.70390806399201,18.09064292907715,45603748
2019-01-15,18.13361358642578,18.43440844699116,18.04767196352137,18.305495193034485,23093308
2019-01-16,18.520349502563477,18.56332113610273,18.133614635911464,18.305496252467844,23137809
2019-01-17,18.434410095214844,18.82114497406255,18.30549682973201,18.73520334347408,22348696
2019-01-18,19.035995483398438,19.16490709107472,18.43440743450911,18.563319042185395,39467603
2019-01-21,18.99302864074707,19.379763527851697,18.99302864074707,19.293823534628643,22923132
2019-01-22,18.348466873168945,18.99302658787605,18.004702019831846,18.99302658787605,38512520
2019-01-23,18.176584243774414,18.43440912192735,17.961730998247056,18.391437489301772,26236032
2019-01-24,18.563318252563477,18.778171469284814,18.34846503584214,18.563318252563477,38845284
2019-01-25,18.649261474609375,18.864114709850497,18.563319852672908,18.69223146597756,23376261
2019-01-28,19.207881927490234,19.680558447640433,18.86411703654461,19.07897029828566,40607132
2019-01-29,19.637584686279297,19.680554674709672,19.078966640684477,19.207878245175593,45730775
2019-01-30,19.3367919921875,19.85244010648587,19.3367919921875,19.85244010648587,31600520
2019-02-11,19.981351852416992,20.110263472011905,19.594615354432076,19.80946860015699,30850748
2019-02-12,20.196205139160156,20.668881625034896,20.11026351285561,20.11026351285561,37030639
2019-02-13,20.71185302734375,20.88373463884028,20.325116532876272,20.325116532876272,37107322
2019-02-14,20.79779624938965,21.09858950240125,20.711854617443354,20.79779624938965,31284390
2019-02-15,20.79779624938965,20.883736242135654,20.325118093285166,20.79779624938965,26622701
2019-02-18,20.368085861206055,21.485321946757452,20.368085861206055,21.356410342916902,32366778
2019-02-19,20.53997039794922,20.75482364821898,20.28214715330559,20.411058775627403,22473415
2019-02-20,20.153236389160156,20.754824532012528,20.153236389160156,20.711854535808886,22630236
2019-02-21,20.153236389160156,20.36808964857892,19.938383129741393,20.239176381567436,16915434
2019-02-22,19.89541244506836,20.32511898444003,19.809470809353954,20.239177348725626,14342049
2019-02-25,21.098588943481445,21.14156057791638,19.93838268014233,20.11026430028134,38670853
2019-02-26,20.840763092041016,21.571264394241226,20.840763092041016,21.141557938735225,42075184
2019-02-27,20.71185302734375,21.22750114023367,20.668881395069498,21.055617889536975,18687171
2019-03-04,22.559589385986328,22.559589385986328,20.79779353723695,20.79779353723695,59864730
2019-03-05,21.14156150817871,22.043944561415476,21.055619874727515,21.91503293083884,58639045
2019-03-06,21.184528350830078,21.571264824173454,20.926705128067873,21.14155836010307,35136204
2019-03-07,21.700178146362305,22.12988464431007,21.270471648414535,21.48532489738842,53825567
2019-03-08,21.399383544921875,21.700178425190302,21.05561866998663,21.700178425190302,30366122
2019-03-11,20.969675064086914,21.52829313808102,20.969675064086914,21.31343990660636,20955204
2019-03-12,21.313440322875977,21.57126518920115,21.18452870931344,21.270470331421834,19816337
2019-03-13,21.399383544921875,21.700178425190302,21.270471921721185,21.485325173455745,18335097
2019-03-14,21.87206268310547,22.17285593793772,21.528296153239527,21.61423778570601,33887244
2019-03-15,22.25879669189453,22.774444827141554,22.08691507294568,22.215826696957375,48935392
2019-03-18,24.450300216674805,24.450300216674805,22.430679362706908,22.688502603979323,74809071
2019-03-19,23.891677856445312,24.665150774312977,23.80573787819336,24.622179145986987,55321938
2019-03-20,25.094860076904297,26.12615468603723,24.192475449812758,24.32138707105435,99496072
2019-03-21,25.911300659179688,26.169125533117885,25.223770940411463,25.223770940411463,52693754
2019-03-22,25.653478622436523,26.16912675519308,25.26674211306905,25.91130186921469,38125316
2019-03-25,26.040210723876953,26.040210723876953,24.70812135849053,24.922974587694796,33833739
2019-03-26,24.7510929107666,26.856655345536744,24.49326967512951,26.169125624371066,85197809
2019-03-27,25.48159408569336,25.567535710037717,24.751092737566537,24.794064369338788,47757434
2019-03-28,25.696449279785156,25.782390910660745,24.79406625359214,25.26674276460748,34228484
2019-03-29,25.438623428344727,26.341006362378533,24.922975334953936,26.0402115046339,62741751
2019-04-01,27.759035110473633,27.973888328477916,25.868327775555905,25.954269390597613,92016076
2019-04-02,28.317657470703125,28.360627462693824,27.54418450126956,27.802007731614,54308570
2019-04-03,30.981836318969727,31.067779581362576,28.44656745038491,28.489540720781456,102946428
2019-04-08,33.73196029663086,34.07572680846625,31.36857454336373,31.36857454336373,130534604
2019-04-09,31.239660263061523,34.07572569721483,31.06778029114947,34.07572569721483,90828151
2019-04-10,30.938867568969727,32.3998703042956,30.681044328241722,30.938867568969727,87208745
2019-04-11,31.153718948364258,32.14204513670692,30.809952462401547,31.540455425472263,66528169
2019-04-12,31.54045295715332,32.27095258465581,31.239656485875884,32.05609936734332,52429466
2019-04-15,31.884220123291016,32.14204663901385,31.36857364864601,32.14204663901385,33579698
2019-04-16,32.01313781738281,33.34522746014409,32.01313781738281,32.099077815599365,44493310
2019-04-17,32.27095031738281,33.08739314148911,32.14204036309215,32.485803519600275,27696539
2019-04-18,31.798280715942383,33.30225345250722,31.798280715942383,32.915516950281905,26677452
2019-04-19,32.313926696777344,33.517106178653236,31.927193478974694,32.39986996171153,54834750
2019-04-22,32.313926696777344,33.21631294738444,32.18501671697658,33.00145970264948,30584574
2019-04-23,31.153718948364258,32.39986836197886,30.85292573194702,32.3139251012881,38525703
2019-04-24,32.61472702026367,32.829580290122585,31.282637402818533,31.669370665844003,53014531
2019-04-25,32.61472702026367,32.70066701684695,31.669370665844003,32.22799047883748,47312145
2019-04-26,30.981836318969727,32.01313251888222,30.981836318969727,31.88421926449307,45479565
2019-04-29,27.93092155456543,29.606777503519417,27.887951561700003,29.520834239388257,77239698
2019-04-30,29.606781005859375,29.606781005859375,28.188748124751758,28.188748124751758,43646615
2019-05-02,29.56380844116211,29.86460167908772,28.79033543163852,29.2200419306182,23955823
2019-05-03,29.907569885253906,30.33727635854319,29.520833403613512,29.563806673662615,28535473
2019-05-06,28.403602600097656,28.747369155098266,27.5012194912221,28.274692600773054,48478296
2019-05-07,29.692716598510742,30.079453079498627,29.00518689808796,29.048156889664345,34676706
2019-05-08,30.595104217529297,30.681047492235145,28.79033806791576,28.876278064220894,46433902
2019-05-09,29.048158645629883,31.024807883234207,28.83330539635984,30.68104465144238,40662269
2019-05-10,29.56380844116211,30.766984671264964,29.048158675346247,30.07945492857756,65047471
2019-05-13,30.766984939575195,30.766984939575195,29.735688677350236,30.079455190892038,46155382
2019-05-14,30.079456329345703,31.110752630603383,29.73568980279295,30.165396321783604,43987056
2019-05-15,32.22798156738281,32.22798156738281,30.595095856608825,30.681039107828404,72899762
2019-05-16,29.821632385253906,32.313928170829286,29.821632385253906,32.14204818992101,84113683
2019-05-17,27.157453536987305,30.509164206478694,27.157453536987305,30.294310937418985,88255019
2019-05-20,26.169126510620117,27.844982516616557,25.69644837701076,27.41527437733523,66804234
2019-05-21,26.770713806152344,26.8996254243829,25.739419221107724,26.4269489444708,44404004
2019-05-22,26.169126510620117,27.630129266576,26.040213249235613,26.899626249397848,51895854
2019-05-23,24.321386337280273,25.481594171851626,23.63385661860103,25.352682554499285,69134044
2019-05-24,24.063566207885742,25.05189092072669,23.934654573897852,24.751096015288045,60061848
2019-05-27,24.192474365234375,24.88000571303365,23.977621126397125,24.7510924583712,37847405
2019-05-28,24.063566207885742,24.62218438130016,24.063566207885742,24.45030274904976,27706102
2019-05-29,24.62217903137207,24.62217903137207,23.118206470163653,23.5479129162232,34096608
2019-05-30,24.579212188720703,25.18080030669066,24.45030056624144,24.837035433679226,45923133
2019-05-31,25.739421844482422,25.91130347324137,24.36436061840918,24.36436061840918,39902277
2019-06-03,24.66515350341797,25.395653234586636,24.579211876456892,25.395653234586636,35294817
2019-06-04,25.309715270996094,25.61050853061582,24.83703710450735,24.922978738341698,31455955
2019-06-05,24.66515350341797,26.341007852758093,24.66515350341797,26.08318461107506,54412179
2019-06-06,24.62217903137207,24.880003882527802,24.278414202364434,24.493267425394208,26274427
2019-06-10,26.641799926757812,26.641799926757812,25.09485736088414,25.223768968173612,58145792
2019-06-11,28.790334701538086,29.005187945579415,26.72774388658136,27.071508749207453,102868984
2019-06-12,28.317657470703125,29.13410043212739,28.059834240358683,28.790333939401307,48815414
2019-06-13,28.016864776611328,28.919251123024218,27.759041511236514,28.317661318215855,45966939
2019-06-14,27.329330444335938,28.575479845142482,27.24339046292865,28.360626613224117,36582002
2019-06-17,27.50121307373047,28.188742744893716,27.24338985684426,27.50121307373047,43049632
2019-06-18,27.157453536987305,27.844984981498587,26.64180536340393,27.716071708702476,33572126
2019-06-19,29.864601135253906,29.864601135253906,28.231715157505782,28.360628416212343,81328987
2019-06-20,30.423219680786133,30.766982893061545,29.950539936507074,30.46618967252053,96138030
2019-06-21,29.692716598510742,30.895896033050775,29.47786336222861,30.68104279676864,53395243
2019-06-24,29.735687255859375,29.993513767890757,29.0911275325815,29.950540496952,23824900
2019-06-25,29.220041275024414,29.864601009032306,29.13410128851683,29.64974776436301,23082888
2019-06-26,29.649747848510742,29.864601093789805,29.005188112673554,29.348954616480192,32272214
2019-06-27,30.50916290283203,31.02480941518164,29.778663130603324,29.90757311949044,61087252
2019-06-28,30.2943058013916,31.196688722774297,30.2943058013916,30.76698225750633,42338882
2019-07-01,33.3022575378418,33.3022575378418,32.31393116406811,32.65769771452873,80371120
2019-07-02,33.087398529052734,33.688988248897374,32.65769205464945,33.1733385125733,42159605
2019-07-03,31.970163345336914,32.915516307058034,31.583426850669063,32.82957632086532,47228136
2019-07-04,32.05611038208008,32.614730250398786,31.669373802351824,32.227993670670536,35393053
2019-07-05,32.185020446777344,32.48581371290395,31.84125390400347,32.14205044853079,25665162
2019-07-08,31.92719268798828,32.14204592740031,31.669366177973632,31.884219417385665,23952210
2019-07-09,30.337282180786133,32.01313840391982,30.33728218078613,31.927198404128696,41500487
2019-07-10,30.766984939575195,31.368574699073125,30.63807495579735,30.938868196346096,44082142
2019-07-11,32.22798156738281,32.52877475065179,30.981832291097383,31.28262875276618,54363102
2019-07-12,31.54045295715332,32.78660227324574,31.54045295715332,32.35689583862076,41598759
2019-07-15,31.970163345336914,32.227986582315374,31.110750369808503,31.712340108358458,26177389
2019-07-16,31.669368743896484,32.399871784124535,31.583428752528725,32.185018527304614,23432751
2019-07-17,31.92719268798828,32.7436323750338,31.712339448576248,31.970162680190636,58539510
2019-07-18,33.94681167602539,35.10701785232692,32.44283900683439,32.743632229312496,135359048
2019-07-19,34.89216613769531,36.35316887868067,34.59137290208085,35.450785893436894,104094166
2019-07-22,35.880489349365234,35.880489349365234,34.72028322068593,34.89216318167537,51898153
2019-07-23,34.548404693603516,35.92346423947407,34.548404693603516,35.92346423947407,52486928
2019-07-24,33.94681167602539,35.493754337227514,33.90384168401427,34.89216461387107,43720593
2019-07-25,34.89216613769531,35.450785893436894,34.37651965424184,34.63434289596857,37538714
2019-07-26,35.36484909057617,35.536729081606374,34.806229284525976,35.06405254947196,27411867
2019-07-29,35.22802734375,36.06053113027399,35.22802734375,35.490922396628115,26354262
2019-07-30,33.913551330566406,35.79763547271929,33.51920704963926,35.49092511138275,34335002
2019-07-31,33.30012512207031,34.13262891870047,33.12486063705996,33.913549148160534,34446971
2019-08-01,32.64289093017578,33.3439456372789,32.46762641767687,32.599075637774185,24793337
2019-08-02,32.117095947265625,32.51143686298062,30.495903626968296,31.85419754626625,67483818
2019-08-05,31.459856033325195,32.68670072883335,31.372222120358348,32.3799903906793,30649276
2019-08-06,31.328407287597656,31.416037858937624,28.96234508960628,28.96234508960628,48534631
2019-08-07,31.85420036315918,32.818153451985296,31.7665697836715,32.07328015477071,56640269
2019-08-08,33.43157196044922,33.43157196044922,31.94182895741222,31.94182895741222,53612167
2019-08-12,33.34394073486328,33.825915566203214,33.037230390253875,33.650654422364724,38172619
2019-08-13,32.511436462402344,33.30012496989885,32.511436462402344,33.30012496989885,25908666
2019-08-14,34.17644119262695,35.14039076090334,33.913546159723545,34.17644119262695,89616066
2019-08-15,34.92131423950195,35.27184321105433,33.30012526757925,33.30012526757925,69927896
2019-08-16,34.39552307128906,35.79763222875809,34.307892502531715,35.44710661083679,45084242
2019-08-19,34.78986358642578,35.05275860740299,34.439334663195126,35.05275860740299,19123686
2019-08-20,34.96513366699219,35.666188283222496,34.702235260875234,35.00894895371432,44006092
2019-08-21,34.65842056274414,35.4471091087048,34.39552549505464,35.14039541065692,31235231
2019-08-22,36.0167121887207,36.19197667007708,34.965131986366295,35.09657784021463,74659792
2019-08-23,35.62237548828125,36.58632523516459,35.18421590462658,36.367245443337254,40050045
2019-08-26,34.00117874145508,34.6146027499052,33.95736345718548,34.43933826993489,32919858
2019-08-27,33.78209686279297,34.70223114643097,33.78209686279297,34.52697002032217,24491642
2019-08-28,34.04499816894531,34.30789659234104,33.6068385871422,34.08881680143948,14267628
2019-08-29,34.22026062011719,34.61460488869338,33.86973498140999,34.30789453696307,20547445
2019-08-30,34.22026062011719,35.008949157269576,34.22026062011719,34.70223546264715,22293317
2019-09-02,35.05276107788086,35.3156561173866,34.3517065249016,34.43933709043959,23584447
2019-09-03,34.87750244140625,36.89303587214851,34.74605657109901,36.148165911730395,77852043
2019-09-04,36.148162841796875,36.27961204383296,35.09657925418437,35.2718437426018,41826399
2019-09-05,39.127647399902344,39.60962221473964,36.980665032472295,37.19974479766124,137971926
2019-09-06,38.42658615112305,40.31067330583503,38.20750640489568,40.31067330583503,58384852
2019-09-10,37.72553253173828,38.64566681926522,37.59408668660112,38.55803625584045,50090071
2019-09-11,37.90080261230469,38.42659275647458,37.76935340481611,37.76935340481611,20694497
2019-09-12,39.39054489135742,39.39054489135742,38.38277657186028,38.68949026787304,44978782
2019-09-16,41.01173400878906,41.01173400878906,38.38277665767576,38.9085701336337,78393941
2019-09-17,40.39830780029297,41.27462687051965,40.04778217793748,40.48594171305081,46654349
2019-09-18,40.57357406616211,41.14318282400106,40.223048428400695,40.57357406616211,39305612
2019-09-19,40.74884033203125,41.099369327958314,40.398311336104186,40.79265562079907,28603602
2019-09-20,40.74884033203125,40.74884033203125,39.78489060757021,40.5297605452999,33962350
2019-09-23,41.75659942626953,42.413838640683686,40.529751555539825,40.74883129367788,40870691
2019-09-24,40.880287170410156,42.10713189922057,40.8364685412913,41.75660626651419,26348934
2019-09-25,39.872520446777344,41.055549936063315,39.43436088142814,40.83647015338871,33186117
2019-09-26,39.60962677001953,40.57357651055254,39.521992848130516,40.398312009666824,17593786
2019-09-27,38.25132751464844,40.135411448927236,38.16369360472663,39.43435688401206,33143717
2019-10-01,38.73331069946289,39.04002109331965,38.07607127586191,38.601861477585665,27193156
2019-10-02,39.259090423583984,39.346724329078285,38.076061113990235,38.29514086338846,20234087
2019-10-03,39.56581115722656,39.609626446366896,38.382778293083796,38.55804279253742,18851733
2019-10-04,39.69725036621094,40.485938810019064,39.653435084419755,39.74106564800211,28949791
2019-10-07,40.66120529174805,41.18699538503859,39.87251680892034,39.91633209287924,30375950
2019-10-08,39.960147857666016,41.09936531165652,39.960147857666016,40.96791611530626,22498806
2019-10-09,37.769351959228516,39.171464528170645,37.769351959228516,39.171464528170645,35449390
2019-10-14,40.617393493652344,40.92410721871431,38.5142294240061,39.171468822562886,45497213
2019-10-15,40.79265213012695,41.449891434080314,40.003966971118096,40.617387647160996,33243533
2019-10-16,41.888057708740234,42.19477143899585,41.01173849582562,41.537532029309894,54564047
2019-10-17,41.18699645996094,42.194764731776345,40.967916691556894,41.80042048007067,40804277
2019-10-18,40.485939025878906,41.53752250893259,40.485939025878906,41.44988860199127,25426308
2019-10-21,40.179229736328125,40.792653780074254,40.13541444953742,40.22304836601093,15660319
2019-10-22,42.28239822387695,42.58910858368084,40.79265502720337,40.96791952261653,75812051
2019-10-23,42.28239822387695,42.72055779096376,41.80042336865991,42.107133728463786,31659959
2019-10-24,42.19476318359375,43.509241745788046,41.712785036475694,42.72055327131473,49004001
2019-10-25,42.23857498168945,42.676734466265295,41.40607129241704,42.23857498168945,25431411
2019-10-28,41.62515640258789,42.6329246842284,41.62515640258789,42.2823957142077,20276268
2019-10-29,41.099369049072266,41.888054270218035,40.52976027027902,41.71278977344379,24956173
2019-10-30,42.28239822387695,42.63292721470328,41.23081459429017,41.31844851344286,38365503
2019-10-31,41.31844711303711,42.457661280272994,41.31844711303711,42.41384599362778,21531078
2019-11-01,41.36226272583008,41.49370858680218,40.880287883148156,41.09936766099377,13650832
2019-11-04,41.53752517700195,42.19476447826533,41.49370654927083,41.668971031519455,18679650
2019-11-05,41.62515640258789,42.326210999737285,41.58134111705831,41.844236173127825,18434825
2019-11-06,39.60962677001953,41.71279075197128,39.43436226913381,41.625160172974574,54719650
2019-11-07,40.22304916381836,40.22304916381836,39.215280833183044,39.259096120842806,27868423
2019-11-08,40.3106803894043,40.66120938212122,39.916336108320806,40.3106803894043,18857234
2019-11-11,41.27463150024414,42.28239988120174,40.92410583857062,41.362265422831776,56346380
2019-11-12,43.81595230102539,43.81595230102539,41.537524118528815,41.888049731201896,76339082
2019-11-13,42.326210021972656,42.98344931840978,41.800419921979724,41.97568440294134,47504136
2019-11-14,42.15094757080078,42.939636101661605,42.15094757080078,42.58910712285856,24604974
2019-11-15,42.50147247314453,44.078846040682876,42.413841908294756,42.85200141832717,49574499
2019-11-18,43.509239196777344,43.903580068019494,42.85199995418488,43.114894982643534,34119138
2019-11-19,42.5452880859375,43.55305630399418,42.50147280317238,43.509241021229066,32264534
2019-11-20,42.76436996459961,42.808185249538816,41.800420324369185,42.41384434219398,29114185
2019-11-21,42.063316345214844,42.32621140379403,41.800421286635654,42.063316345214844,18288428
2019-11-22,41.18699645996094,42.326210587083594,41.011731976659306,42.326210587083594,24512007
2019-11-25,40.617393493652344,41.6251619085964,40.57357820232705,41.44989740040276,24718869
2019-11-26,40.617393493652344,41.66897719992169,40.617393493652344,41.31845152642688,25580972
2019-11-27,41.18699645996094,41.4498915134674,40.836467493357674,41.011731976659306,20365948
2019-11-28,41.18699645996094,42.413844500180396,41.18699645996094,41.4498915134674,39545186
2019-11-29,40.4421272277832,41.58134137302526,40.31067802749327,41.44989217273532,26863740
2019-12-02,38.689483642578125,40.39830295004454,38.470403901324325,40.31067239069964,48809604
2019-12-03,39.259090423583984,39.346724329078285,38.076061113990235,38.29514086338846,24313538
2019-12-04,38.73331069946289,39.25910090118664,38.64567677058055,39.25910090118664,15499432
2019-12-05,39.08382797241211,39.521987493819836,39.04001268884971,39.04001268884971,17436302
2019-12-06,39.215274810791016,39.82869877249904,39.17145952986008,39.34672399647547,15208381
2019-12-09,38.864749908447266,39.56580784761957,38.820934622972,39.47817393377703,11486832
2019-12-10,38.55803680419922,38.82093184110404,38.07606201272508,38.733301276433025,21753444
2019-12-11,38.47040557861328,38.86474645574993,38.33895639097326,38.73330061100162,13018244
2019-12-12,39.215274810791016,39.565803744021785,38.95237978231376,38.95237978231376,23695863
2019-12-13,38.8209342956543,39.60962279912732,38.11987970528492,39.565807514021486,23069885
2019-12-16,39.78489303588867,39.78489303588867,38.73330932681507,39.12765363557923,81590
2019-12-17,40.09159469604492,40.573569482828866,40.00396413222665,40.310674448482324,25791024
2019-12-18,39.259090423583984,39.91632967177867,39.12764457968006,39.91632967177867,14966395
2019-12-19,38.47040557861328,39.65343489580663,38.38277167255603,39.43435514500107,27626346
2019-12-20,38.645668029785156,38.733301938846644,37.94461347175233,38.47040689744581,16565684
2019-12-23,36.36724090576172,38.60185383500725,36.10434585694905,38.60185383500725,51398855
2019-12-24,37.02448272705078,37.068298014362355,35.66618876303918,36.367243388700764,40537267
2019-12-25,36.36724090576172,36.89303100338705,36.1919764255893,36.8054004347468,26473205
2019-12-26,36.0167121887207,36.54250563278984,35.92908161948848,36.32342586681735,21180244
2019-12-27,36.498695373535156,36.58632595483289,36.23579694385717,36.27961557739843,12171295
2019-12-30,36.63013458251953,36.717768490769195,36.36723954355413,36.454870108912,9545122
2019-12-31,36.80540466308594,36.98066916339338,36.45487566247106,36.71777408437837,10162594
2020-01-02,38.20751190185547,38.426591679602105,36.98066715220961,37.068297726151414,39321623
2020-01-03,37.24356460571289,38.777123148301065,37.068300103695776,38.73330785851987,28586557
2020-01-06,36.23579025268555,36.80539895461608,35.79763074132107,36.76158367205799,25307713
2020-01-07,36.191978454589844,36.63013800813909,36.01671396459172,36.542507434586085,17381682
2020-01-08,35.44710159301758,35.929076338739456,35.31565241559732,35.53473214937012,15980292
2020-01-09,35.972900390625,36.411059965036735,35.88526981289956,35.929085101762276,16333142
2020-01-10,37.15592956542969,37.15592956542969,36.14816130698721,36.27961050344212,28099535
2020-01-13,38.47040557861328,38.47040557861328,37.375006824585476,37.68171713855658,33550483
2020-01-14,39.78489303588867,40.31068321897924,38.99620441836036,39.434364018566654,80918532
2020-01-15,39.215274810791016,39.96014461529183,38.90856450138283,39.60961902495272,36881631
2020-01-16,38.20751190185547,39.08383101284199,38.16369661488457,39.08383101284199,49209118
2020-01-17,37.90080261230469,38.95238624353667,37.81317203590711,38.338962180077,28452980
2020-01-20,39.259090423583984,39.259090423583984,38.25132558208715,38.33895614468977,31951515
2020-01-30,35.35947036743164,35.797629868108075,35.35947036743164,35.40328899181264,33662777
2020-01-31,33.86973190307617,35.75381581497955,32.511434730000104,35.140391824379364,53858220
2020-02-03,32.2047233581543,33.08104236109727,30.890244853739834,31.985643607418552,44675268
2020-02-04,35.271846771240234,39.17146776608005,35.271846771240234,39.12765247593648,57378206
2020-02-05,34.307891845703125,35.79763154340826,34.264073219271445,35.79763154340826,38062741
2020-02-06,35.22802734375,35.5347376816258,34.526972755111046,34.78986780798916,30604117
2020-02-07,34.08881378173828,34.877498953384126,34.04499515312572,34.614603896168845,20366369
2020-02-10,34.92131423950195,34.92131423950195,31.54748709560139,31.54748709560139,43809914
2020-02-11,35.31565475463867,35.70999897012638,34.78986469591618,35.31565475463867,25867623
2020-02-12,37.550270080566406,37.59408870752604,35.359472448260505,35.57855221149109,61654202
2020-02-13,36.849212646484375,37.76934691205149,36.805397365817676,37.6817163507181,33634885
2020-02-14,36.36724090576172,37.287375248052,36.36724090576172,36.67395123889451,29431551
2020-02-17,36.23579025268555,36.67394976405002,35.84144936677094,35.929079931887124,17283432
2020-02-18,36.0167121887207,36.454871720665686,35.7538171381321,35.92908161948848,13744110
2020-02-19,36.58631896972656,36.93684791377885,36.19197474339068,36.19197474339068,18911820
2020-02-20,36.80540466308594,37.55027461077719,36.71777408437837,36.93685387403959,22564169
2020-02-21,36.542510986328125,37.15593508949713,36.542510986328125,36.673956859433495,22592495
2020-02-24,37.199745178222656,37.199745178222656,35.753817376026696,35.753817376026696,21795786
2020-02-25,36.58631896972656,37.15592766808859,36.54250368744297,36.8492140063199,19099303
2020-02-26,36.148162841796875,37.24356171579072,35.97289835337945,36.191978128178214,23766415
2020-02-27,35.05276107788086,36.67394994057613,34.3517065249016,36.454870183839375,31297979
2020-03-02,34.39552307128906,35.18421156167284,33.606834580905286,34.001178826097174,27736693
2020-03-03,36.32342529296875,37.11211043227466,35.315657048259546,35.57855209469485,43747786
2020-03-04,36.27960968017578,36.93684896175221,35.92908072617828,36.367240247229226,28075976
2020-03-05,36.717769622802734,37.85698372203676,36.367240664780624,36.98066466987337,64813421
2020-03-06,36.45487594604492,36.89303552877571,36.19198086498491,36.19198086498491,14218395
2020-03-09,34.614601135253906,36.673949485890795,34.614601135253906,36.1043441311723,33469007
2020-03-10,34.13262939453125,34.8336840014538,32.9934152404206,33.957364907077604,49533282
2020-03-11,32.77433395385742,35.0527621568991,32.77433395385742,34.43933815057499,40124043
2020-03-12,29.531951904296875,32.24853955321515,29.531951904296875,32.24853955321515,67001624
2020-03-13,27.56023406982422,27.60404935259919,26.596282805761735,26.596282805761735,44992560
2020-03-16,24.887462615966797,27.91076424153055,24.887462615966797,27.42878772378119,36863881
2020-03-17,23.222455978393555,25.06272640908376,23.17864069229575,23.660615525155695,46154546
2020-03-18,22.95956039428711,24.536934058009315,22.95956039428711,24.011142279619918,40064336
2020-03-19,21.557451248168945,23.70443214526084,20.72494739389189,22.784297713856617,71791017
2020-03-20,23.704431533813477,23.704431533813477,22.828112413577177,23.397721178887632,27863501
2020-03-23,23.704431533813477,24.274040299123932,22.34613756602564,22.828112413577177,39054265
2020-03-24,25.062725067138672,25.807596591040518,24.536933304887608,24.712197782786607,36622823
2020-03-25,27.253524780273438,27.516419845900646,26.552468486190772,26.727732977572956,50104310
2020-03-26,27.165891647338867,27.735498718558382,26.333387847632334,27.691683432866885,39909754
2020-03-27,26.508651733398438,28.217474579832263,26.508651733398438,27.954577857294613,48965559
2020-03-30,27.078258514404297,27.078258514404297,25.413252641168647,25.588517121065433,26101033
2020-03-31,28.04220962524414,29.35668820142746,27.472602576520558,27.866945146507987,76347420
2020-04-01,27.779314041137695,28.173658274941666,27.604049565792398,27.866944607364434,32897012
2020-04-06,27.47260284423828,28.348920232120843,26.902995789963935,28.042209898512628,40463184
2020-04-07,29.049978256225586,29.531953071975643,28.129840566375925,28.480369528498837,64423605
2020-04-08,29.79484748840332,29.970111965737004,29.04997763834998,29.488137160238264,54416613
2020-04-09,30.408273696899414,31.41603866472522,29.838664939903705,30.671168760554316,61310691
2020-04-10,30.67116928100586,30.67116928100586,29.926299364195437,30.495904787964534,26329029
2020-04-13,31.153141021728516,32.24853981533987,30.977876546172336,31.37222078045079,60777566
2020-04-14,33.43157196044922,34.044992600324655,31.591300012147595,31.94182895741222,58954460
2020-04-15,32.77433395385742,34.96513158866362,32.77433395385742,34.00117862361375,57832612
2020-04-16,33.38775634765625,33.913549812994845,32.20472690070553,32.24854218709406,41182456
2020-04-17,33.38775634765625,34.702234996664636,33.03723071365592,34.439339935441375,46197153
2020-04-20,33.38775634765625,33.73828532454865,33.12486128643299,33.38775634765625,19489324
2020-04-21,32.117095947265625,33.6944696388017,31.810382260397034,33.03723032208733,39232616
2020-04-22,32.81814956665039,32.81814956665039,31.284591206927402,31.503670972602116,28364861
2020-04-23,32.9495964050293,33.60683572169524,32.511436860585334,32.81815054743132,25113234
2020-04-24,32.81814956665039,33.25630909799982,32.68670037008879,33.12485990143822,16167377
2020-04-27,33.563018798828125,33.91354775444343,33.124859275754936,33.25630846983364,27274692
2020-04-28,34.57078552246094,34.658416086074546,33.738281796564756,34.17644130041625,45808301
2020-04-29,36.80540466308594,37.76935440043841,35.00895105644235,35.00895105644235,94570689
2020-04-30,37.550270080566406,38.1198788021227,37.11211055410523,37.59408870752604,59548016
2020-05-04,37.68172073364258,37.9008005053498,35.97289784574782,36.27961153187315,33146683
2020-05-05,37.24356460571289,38.51422806672156,36.98066952413338,38.03225319334374,33732963
2020-05-06,37.72553253173828,38.07606147122079,37.15592718369385,37.55026806199702,31384192
2020-05-07,38.8209342956543,39.30290911760249,38.03224913507324,38.25132890349442,56397167
2020-05-08,39.17146682739258,39.69725698230029,38.90857174993872,39.083832906313106,46740838
2020-05-11,39.39054489135742,40.31067929361143,39.25909568693879,39.784889161721175,33192158
2020-05-12,39.434356689453125,39.91633149152363,38.820932694594376,39.08382773727903,28759424
2020-05-13,39.17146682739258,39.87252148156695,38.90857174993872,39.52199248303362,27425602
2020-05-14,37.5064582824707,39.43436104666382,37.3311937870182,38.996201479478664,32090494
2020-05-15,38.47040557861328,38.95238036180717,36.80539813533433,38.38277167255603,36075704
2020-05-18,34.65842056274414,37.243562637957254,34.65842056274414,36.58632329728742,75117001
2020-05-19,34.26408004760742,35.40329770402358,32.02946671283173,34.833688875815504,106180979
2020-05-20,34.70223617553711,35.44710944101459,34.08881545947495,34.61460559978314,51407637
2020-05-21,35.71000671386719,35.75382200444683,35.09658261707504,35.40329633691731,36597121
2020-05-22,34.307891845703125,35.62237040924896,34.04499345868047,35.578551782817286,36624310
2020-05-25,34.526973724365234,34.83368407085112,33.38775622509293,34.439339809017795,25319604
2020-05-26,35.05276107788086,35.62236978255314,34.70223212994533,35.00894579511186,30249257
2020-05-27,34.96513366699219,35.666188283222496,34.921315037377965,35.490923793441894,17384227
2020-05-28,35.403289794921875,36.49868857146164,35.14039141423891,35.359471169546865,35601608
2020-05-29,35.1403923034668,35.75381630243012,34.96513116909887,35.490921257986365,16562056
2020-06-01,38.645668029785156,38.645668029785156,36.148160122139515,36.367239880455514,78810399
2020-06-02,38.032249450683594,40.4421269233149,37.94461553685271,39.87251818353615,108498630
2020-06-03,38.38277053833008,38.73329946641739,37.55026684129141,38.295139977754054,36877948
2020-06-04,39.259090423583984,39.434354891680904,38.60185117538931,38.95238011158314,38065086
2020-06-05,39.259090423583984,39.82869910917605,39.12764457968006,39.609619359777824,36068941
2020-06-08,38.42658615112305,39.74106462848723,38.42658615112305,39.56580350581865,38413907
2020-06-09,37.94461441040039,38.73330289700475,37.90079912623168,38.68948761283604,23719035
2020-06-10,39.60962677001953,40.003971061289334,37.7693545250579,37.90080373644527,86257085
2020-06-11,39.127647399902344,41.3622603362512,38.820933722902666,39.74106806811785,110094353
2020-06-12,39.259090423583984,39.872514390477356,38.11987639529154,38.16369167659285,54434811
2020-06-15,38.55803680419922,39.6972508593813,38.55803680419922,39.21527606790716,35626701
2020-06-16,39.434356689453125,40.047780684311874,39.08382773727903,39.52198725605073,39415848
2020-06-17,39.434356689453125,40.00396540101307,39.215276930067276,39.609621165540176,36729089
2020-06-18,40.09159469604492,40.44212363710146,39.25909096820444,39.82869966169838,52488279
2020-06-19,40.26686096191406,40.66120520246199,39.65343695916082,40.44212544025669,32932773
2020-06-22,40.179229736328125,40.57357400322864,39.91633467269181,40.00396858916532,29204285
2020-06-23,40.39830780029297,41.055547102962976,40.13541274780336,40.92410124816415,40630695
2020-06-24,41.18699645996094,42.45765978528281,40.61738772495363,41.8880510502755,95545827
2020-06-29,40.57357406616211,41.58134237837191,40.52975877930345,40.57357406616211,35038061
2020-06-30,43.90357971191406,44.60463757263967,41.18699220172302,41.44988722804931,127815700
2020-07-01,43.33397674560547,45.39332513101727,43.290161462639816,44.86753504964586,85259506
2020-07-02,44.51700973510742,44.51700973510742,43.640690632672666,43.81595512173803,38332876
2020-07-03,46.8830680847168,47.49649207402977,44.078846521351636,44.779901076469976,81571571
2020-07-06,50.21308135986328,50.91413593775529,47.40885970540334,48.19754819483929,90386172
2020-07-07,48.98624038696289,51.001773704333544,47.75939227575006,50.5636141421707,69644911
2020-07-08,49.33675765991211,50.388341099257545,49.073862635798655,49.424391563210996,35132833
2020-07-09,49.51203155517578,50.38835069774527,49.33676705808344,49.950191126460524,38052305
2020-07-10,47.67176055908203,50.21308395304499,47.32123158058751,49.95018889062015,34044881
2020-07-13,47.23360061645508,49.24913386888568,47.14596670111075,48.197550284998215,26656058
2020-07-14,45.74385452270508,47.40885869173703,45.480959479478116,46.970699172061494,36883498
2020-07-15,46.355445861816406,48.50318992435994,46.176466620980264,46.892383584324826,35299010
2020-07-16,46.89238357543945,47.42931788410105,46.35544585303277,46.713404334637225,16069810
2020-07-17,45.46055603027344,47.697788151977306,45.28157677778807,47.160853808266495,34513338
2020-07-20,47.78728103637695,47.876768958651965,45.99749528091333,46.3554503837588,43497463
2020-07-21,50.650936126708984,51.187873908089195,48.861150349599185,48.95064168670195,83441611
2020-07-22,50.56144332885742,51.45633613113809,49.66655052657676,49.84552976978192,48939709
2020-07-23,50.38246536254883,51.635316682992155,50.11399819780961,50.91940310577249,30269082
2020-07-24,48.95063781738281,50.74042345301842,48.32421216216132,50.02450988151322,32778327
2020-07-27,50.56144332885742,51.18786897320291,49.398083368641586,50.20348484244711,44133017
2020-07-28,53.15663146972656,53.246119380498314,50.740420327694444,51.903780236452135,96564709
2020-07-29,52.798675537109375,54.498973233463495,51.098377840755255,54.05152683060663,66669512
2020-07-30,56.288761138916016,56.73620756000837,52.888165607617914,53.69357053108226,110404319
2020-07-31,57.5416145324707,58.25752473521696,55.66233744871653,56.37825106520818,76014822
2020-08-03,56.736202239990234,57.989053467070065,56.736202239990234,57.81007081892156,35102624
2020-08-04,59.95781707763672,61.12118043849738,57.27313870102612,57.631097183405565,74303657
2020-08-05,65.95359802246094,65.95359802246094,61.3001580951399,61.747604504593475,117264999
2020-08-06,68.1013412475586,69.0857219697657,66.2220677183468,66.75900203705157,106237604
2020-08-07,67.56441497802734,68.72777849672492,66.66952206441108,67.56441497802734,59214293
2020-08-10,68.01185607910156,70.42806402459973,66.75900473319895,67.56440965752853,61928468
2020-08-11,73.02326202392578,74.72355996344248,68.45930942758503,69.35420236127895,141534998
2020-08-12,79.64546966552734,80.18240405058323,73.91815362745187,73.91815362745187,179504364
2020-08-13,72.12836456298828,84.56737692607902,71.77040604648026,79.82444194420206,236260720
2020-08-14,76.0658950805664,77.76619292433607,70.69653778076172,72.93376998901367,163925031
2020-08-17,74.2761001586914,78.12414181357143,73.47069529749675,77.49771277598002,93665076
2020-08-18,75.2604751586914,77.2292432070664,74.27609454824866,74.54456509086464,81645985
2020-08-19,79.19801330566406,79.64545970852092,76.15537640073937,76.42384697344959,103063024
2020-08-20,71.32295989990234,79.82444227121398,71.32295989990234,79.64546642597217,122075751
2020-08-21,72.12836456298828,74.2761088345456,70.78602524670131,71.59143020197166,132515338
2020-08-24,70.87551879882812,73.02326324098775,68.28033470985541,72.48632883732068,100074833
2020-08-25,70.4280776977539,72.84429293983514,70.4280776977539,72.0388878591414,62674598
2020-08-26,71.23346710205078,72.3073425824779,69.53316937865894,69.98061578863098,44093946
2020-08-27,69.17521667480469,72.75478790087499,69.0857219321607,72.12835883981852,58963830
2020-08-28,66.66951751708984,69.53317191434442,66.22207109080065,69.17522023530557,69516854
2020-08-31,65.8641128540039,68.6382793428598,65.77462493387772,67.74338648661657,42298245
2020-09-01,69.26470947265625,70.07011442079578,64.61126245423385,66.13258442905091,98992170
2020-09-02,68.72777557373047,70.07011488706512,67.74338794862574,69.98062013751682,59733562
2020-09-03,70.33856964111328,71.41244505068528,69.80163535007226,70.24908173052144,57061507
2020-09-04,67.7433853149414,69.35419515931527,67.65389739636298,68.10134381674567,52343353
2020-09-07,64.52176666259766,68.45929617405432,62.821469052253875,67.83287397273868,69184563
2020-09-08,65.50615692138672,66.93799100966106,64.8797346283849,66.22207396552389,40526909
2020-09-09,66.13258361816406,66.22207153852881,63.35841712191302,63.98483939195689,30867722
2020-09-10,65.2376937866211,66.93799166240919,64.52177673550263,66.66952106136702,33925233
2020-09-11,64.70075988769531,65.86411656995183,63.0899499245819,64.79024781287026,39026470
2020-09-14,68.01185607910156,68.01185607910156,65.14820171203036,65.14820171203036,45467244
2020-09-15,68.28033447265625,71.32296502536362,67.11697091250954,67.7433932433631,86957206
2020-09-16,69.71215057373047,70.42806071814243,68.72776985798261,69.08572151644347,42684809
2020-09-17,71.77039337158203,71.77039337158203,69.71214421326371,69.980607932615,50868304
2020-09-18,69.98062896728516,71.7704149442233,69.98062896728516,71.7704149442233,36999143
2020-09-21,70.60704803466797,71.0544944647641,68.99623815532561,69.80164309499679,37567292
2020-09-22,69.26470947265625,71.59142956812207,68.63828036744073,70.24909026371978,50430278
2020-09-23,69.17521667480469,70.33857322678337,69.17521667480469,69.89112682352457,25427778
2020-09-24,66.04308319091797,68.63826652748709,65.95358846001058,67.74337383832825,42244014
2020-09-25,64.87972259521484,67.38542495747419,63.089937144312366,66.75899595316451,48059404
2020-09-28,69.35419464111328,70.07011163937258,65.32717688775833,65.5061527235779,57542891
2020-09-29,66.31156158447266,70.87551394427611,66.31156158447266,70.15960373091941,66726307
2020-09-30,66.58002471923828,67.56440541945416,65.23768553871933,67.47491750625092,39072727
2020-10-05,69.98062896728516,69.98062896728516,66.04310528001456,66.13259321336312,61783137
2020-10-06,69.53317260742188,71.50194099921256,69.08572617667272,70.78602397901764,55005148
2020-10-07,70.696533203125,70.96500378172797,69.08572338648801,69.26470604805347,35045484
2020-10-08,75.88690948486328,76.42384378035962,70.78601660892302,71.59142146591253,124914919
2020-10-12,76.244873046875,78.5716000701644,74.81304575926764,76.9607901044242,89574364
2020-10-13,76.51333618164062,77.40822900247852,74.36559204613158,76.69231201481205,41588142
2020-10-14,76.60283660888672,77.85568812817169,75.6184557106955,76.60283660888672,51037455
2020-10-15,76.51333618164062,79.28750256074004,76.2448656043931,76.87129467547386,58056675
2020-10-16,74.90251922607422,78.66107281145331,74.6340555019334,77.49770952437387,60837478
2020-10-19,76.51333618164062,78.48209765648785,76.06588977122168,76.3343603484692,60483477
2020-10-20,78.75056457519531,78.75056457519531,75.79741567262946,76.51333262703636,52960662
2020-10-21,77.31873321533203,80.09289931203878,76.42384048558858,79.64545294716706,62430211
2020-10-22,78.1241455078125,78.21363342384572,75.79741872600668,76.87129420087636,45854892
2020-10-23,76.1553726196289,78.21362870157427,76.06588470899867,78.12414079094401,33391066
2020-10-26,76.42384338378906,76.69230711639915,74.45507520719859,76.42384338378906,37305867
2020-10-27,73.02326202392578,75.97641143611223,72.93377409605463,75.17100643028945,62418304
2020-10-28,67.02747344970703,71.23346696431545,65.95359797135633,70.78602055520858,136035174
2020-10-29,60.763221740722656,63.35841219441143,60.40526325961211,60.40526325961211,184173405
2020-10-30,61.03168487548828,63.08994100083789,60.40526266037671,60.942196962970925,105374674
2020-11-02,58.347015380859375,62.19505764990766,58.16803952869062,61.65812326591028,84476847
2020-11-03,59.33139419555664,60.58423862874382,58.34700667306657,59.51037002101478,61589482
2020-11-04,61.56863021850586,61.56863021850585,58.973439612981906,59.95782037301084,67732803
2020-11-05,61.56863021850586,62.46352305989408,60.763225295758346,61.92658189306871,49636919
2020-11-06,61.56863021850586,63.71636757584515,61.56863021850585,62.016076639199966,64867728
2020-11-09,62.19505310058594,63.358416537060776,62.016077261508556,63.08994595095408,32836893
2020-11-10,63.984832763671875,65.41665982365464,62.016071409631806,62.19504723182091,86087599
2020-11-11,66.49053955078125,66.66951538457589,64.79024181977049,65.41666406554215,83964105
2020-11-12,64.96922302246094,67.65390171617825,64.96922302246094,67.02747941864061,53820360
2020-11-13,66.31156158447266,66.40104950770588,64.07432936618754,65.32718077392539,32748043
2020-11-16,66.7590103149414,67.2959447002242,66.0431000770614,67.11696884762698,31945370
2020-11-17,66.7590103149414,68.01186176559534,66.66952238864279,67.11696884762698,38823684
2020-11-18,67.56441497802734,67.74339082975416,66.49054621268428,67.11696852121922,25750158
2020-11-19,67.02747344970703,68.36981267702764,66.93798553338374,67.83287835159747,29295924
2020-11-20,67.7433853149414,67.83288006101039,66.75900455559763,67.02747513882345,22423134
2020-11-23,70.4280776977539,70.96501896987766,68.63829166398642,69.80165531693204,68619556
2020-11-24,73.38121032714844,75.08150802949505,71.4124488786357,71.5914247094131,100635827
2020-11-25,74.36558532714844,76.06588289861544,72.12835347718917,75.17099015863174,72226377
2020-11-26,80.18238830566406,80.45085885921968,74.63405603709298,74.9025197631588,149619042
2020-11-27,80.8983154296875,82.68810113907222,79.37699348021609,80.9878033496586,117183159
2020-11-30,80.45085906982422,83.67247158347614,80.45085906982422,82.3301324671637,170103177
2020-12-01,75.79742431640625,81.16678160429781,75.61844847113953,80.80882991376438,91271812
2020-12-02,76.244873046875,78.03465886325695,75.97640927091234,76.1553851215541,47057383
2020-12-03,74.90251922607422,76.87128734055557,74.45507285834978,76.78179943250863,40214530
2020-12-04,72.75479125976562,75.17099921791672,72.48632067441969,74.72355279400054,56137140
2020-12-07,73.38121032714844,74.99202011410635,72.75478809193719,73.38121032714844,32226711
2020-12-08,75.61845397949219,75.61845397949219,73.38122161323503,73.56019747153906,31754112
2020-12-09,74.45508575439453,76.6028300569713,74.18662198375426,76.1553836117466,35694255
2020-12-10,73.5601806640625,74.81303186840573,73.11273429304633,74.00762703507867,19467168
2020-12-11,73.02326202392578,75.79742875287869,72.93377409605463,74.18662556872438,53055170
2020-12-14,74.99202728271484,75.5289616538638,73.11274674245705,73.91815171292598,27019873
2020-12-15,76.78181457519531,76.96079042658629,74.99202875132121,75.43947520728975,69972594
2020-12-16,77.58721160888672,80.27189030576848,77.40823576009099,78.75057510853188,109253749
2020-12-17,76.96076965332031,80.18238190121727,76.3343475150448,78.8400428956361,85697539
2020-12-18,76.60283660888672,78.30313461166693,76.60283660888672,77.4977295758772,35388142
2020-12-21,75.52896118164062,76.96078843824941,73.02325836195708,76.60282991722448,45058766
2020-12-22,73.47071075439453,76.24487756881912,73.47071075439453,74.81305019629269,25081855
2020-12-23,77.13976287841797,78.303126343663,73.56019138842194,73.91814990291971,46438496
2020-12-24,75.61845397949219,77.40823987249792,75.52896605034017,77.13976925755051,24389359
2020-12-25,75.17100524902344,76.78181523535612,74.72355878920783,76.3343687755405,15357403
2020-12-28,76.33435821533203,76.78180461324725,74.90252428001118,75.43946541950159,16983338
2020-12-29,76.69231414794922,78.0346534165422,75.43946962592157,76.15537980601015,36597036
2020-12-30,77.76618957519531,78.57159450097798,77.0502725683906,77.67670165621736,32826448
2020-12-31,78.2136459350586,79.19802682386828,77.22926504624891,78.75058034463738,30582336
2021-01-04,80.98780059814453,83.40400849272837,78.5715927035607,79.46648552784958,85409749
2021-01-05,84.38839721679688,84.38839721679688,79.19801603386384,81.70371870717437,80967998
2021-01-06,81.52473449707031,87.6994963175818,80.9878001708281,85.4622642686639,114659520
2021-01-07,82.41963195800781,84.29890561942999,81.52473908804575,82.33014403650976,47140185
2021-01-08,80.71932983398438,83.22503246721939,79.73494909503147,82.77758605610532,40050889
2021-01-11,84.92533874511719,85.01482667085145,80.09291565306532,80.98780856539007,48790193
2021-01-12,88.95235443115234,89.39980087514456,83.58299710324566,85.01482435852259,97742444
2021-01-13,87.34153747558594,92.62140645545281,87.34153747558594,90.38417441546603,73924508
2021-01-14,86.5361328125,89.22081126783081,86.0886864032782,87.34153771459732,32627669
2021-01-15,89.4892807006836,89.93672710418701,86.35715587615967,87.2520486831665,62117218
2021-01-18,85.01482391357422,89.13132981125963,84.8358480679104,89.13132981125963,58617382
2021-01-19,86.26766204833984,86.98357214838407,85.1937866570388,85.73072776643423,26086988
2021-01-20,82.68810272216797,87.3415429246639,82.41963212962402,86.71512064538241,39543530
2021-01-21,85.5517578125,86.26767484624108,82.86707917720716,83.94095472781879,35528363
2021-01-22,90.3841781616211,91.27907101470645,84.83584520348813,85.8202259763839,73275738
2021-01-25,85.6412353515625,91.27906253313445,84.92532523211035,89.04183060830273,55853337
2021-01-26,84.11992645263672,88.14694420834806,84.11992645263672,86.17818270321871,44697215
2021-01-27,82.86708068847656,85.01482500137799,82.50912216507784,84.7463544019562,36147694
2021-01-28,78.8400650024414,81.2562799864893,78.75057707580804,78.92955292907477,39054529
2021-01-29,77.40823364257812,80.36138285936067,77.40823364257812,79.82444167267963,27760981
2021-02-01,76.78181457519531,78.30312979449187,75.17100460271219,77.4977248082503,29407933
2021-02-02,79.37699127197266,80.1823961842878,77.49771769489764,77.76618827483284,32677991
2021-02-03,77.22925567626953,80.54035648985626,77.0502730097977,80.09291006491262,28453343
2021-02-04,75.2604751586914,78.39259962759346,71.5914164320469,76.7817968543661,91129488
2021-02-05,80.27188873291016,80.27188873291016,73.64968687235091,75.2604899624231,82939855
2021-02-17,81.97218322753906,83.2250345759002,80.54035604119373,81.88269530854696,47222056
2021-02-18,81.97218322753906,82.77758815344912,80.62984396018584,81.25627304811168,21745838
2021-02-19,81.97218322753906,83.2250345759002,81.0772903826369,81.43524888609589,22406858
2021-02-22,85.37277221679688,86.80459929324937,82.50911123640184,83.13554027624922,45559770
2021-02-23,89.1313247680664,91.7265153482968,85.3727776018641,85.90971193596579,105538209
2021-02-24,86.80460357666016,92.62140690911676,86.35715716647118,89.31030620471454,108475043
2021-02-25,85.5517578125,90.83162716074072,85.0148234509396,89.2208172485687,64206987
2021-02-26,87.2520523071289,87.87847456705565,83.40401034617724,83.40401034617724,47565388
2021-03-02,84.38839721679688,89.93673007235384,84.2094145529944,89.13132515396899,43381655
2021-03-03,82.15116119384766,85.4622617995896,80.62983934804147,84.92532748885985,40434258
2021-03-04,82.95657348632812,83.94096119038224,81.43525820686672,82.33015115419492,38229399
2021-03-05,81.61421966552734,83.40400524439846,80.18239256792847,81.43524383863628,29807243
2021-03-08,80.71932983398438,83.58299096160874,80.62984191725964,82.77758605610532,21424661
2021-03-09,77.49771881103516,80.98780226300532,77.40823089226475,80.54035584166274,38089358
2021-03-10,79.37699127197266,80.27188410176937,78.39261052469436,78.48209844217594,22276616
2021-03-11,83.13555145263672,83.13555145263672,79.73495571484672,79.73495571484672,24594949
2021-03-12,81.8826904296875,84.38839297711117,81.43524403389686,83.76196392651016,26310538
2021-03-15,81.07728576660156,82.59860761281497,80.7193272835225,81.79320273275967,17868414
2021-03-16,81.16678619384766,82.5091255917227,80.98781033846082,81.70372741499067,13300533
2021-03-17,81.34575653076172,82.24064932685923,81.1667738750481,81.88269084292217,10606671
2021-03-18,82.41963195800781,83.94095393343778,82.06167344452484,82.2406561150117,24707595
2021-03-19,79.64546966552734,82.15117256577633,79.37699905925383,82.06167781202441,31430195
2021-03-22,78.48209381103516,79.46648132771631,77.94515951033911,79.19801076362326,21016391
2021-03-23,78.75056457519531,80.98779652335428,78.39260609799187,79.01903513997043,24631420
2021-03-24,78.66109466552734,80.27189794036401,78.39262403930874,78.66109466552734,20621732
2021-03-25,76.87129211425781,79.91392896922946,76.69230945955938,79.01903617820781,34377914
2021-03-26,80.45085906982422,81.34575181403252,77.4977102829409,77.85566874612219,39560509
2021-03-29,80.36138916015625,82.0616802929895,79.73496000240965,81.43525796273423,24238501
2021-03-30,81.61421966552734,83.85145163911625,80.71932687609177,80.71932687609177,58937622
2021-03-31,81.8826904296875,82.68809530760869,81.61421986121705,82.33013682547815,26096828
2021-04-01,81.97218322753906,83.94095158281814,81.43524888609589,82.68810023445701,30369844
2021-04-07,81.79320526123047,84.29890106526194,81.52473468374941,84.2094131485984,26120033
2021-04-08,83.13555145263672,83.40401522509953,80.80883128717088,81.97218795615831,21743825
2021-04-09,82.0616683959961,83.85145402581054,81.52473407254983,83.40400761835693,22992168
2021-04-12,80.18238830566406,82.7775786225724,80.18238830566406,82.59860280519518,20399866
2021-04-13,78.75056457519531,81.16677234821096,78.75056457519531,80.18239165651903,16810322
2021-04-14,78.3031234741211,79.82443857062209,75.70793287348069,79.28750423229765,21147759
2021-04-15,78.66109466552734,79.37700495629088,77.4977310552356,78.66109466552734,12808798
2021-04-16,80.62983703613281,80.98779550885226,78.3031172046914,78.66107567741085,19418271
2021-04-19,83.40401458740234,83.85146103224353,82.33014585077984,83.04606289352212,40881110
2021-04-20,83.49349975585938,84.11992197574654,82.59860696888335,83.67247558225853,20577819
2021-04-21,82.86708068847656,84.11993210662664,82.77759276449962,83.76197358322791,18030955
2021-04-22,81.25627899169922,84.74635588011098,80.80883253651913,83.49351126759963,28434751
2021-04-23,84.29890441894531,84.38839916665965,80.98780357823475,81.97218435567648,29003622
2021-04-26,89.31031036376953,89.93673263620953,84.65686338460556,87.69950048107994,90190571
2021-04-27,91.72650909423828,93.51629463754048,89.48927716511051,92.17395548006382,50225974
2021-04-28,100.67544555664062,100.67544555664062,94.4111956108941,95.75353488498264,52438459
2021-04-29,102.91268157958984,108.28203887939452,99.7805564880371,102.91268157958984,122681181
2021-05-03,97.99076843261719,106.49225062540133,97.09587557021885,104.2550184694055,47057648
2021-05-04,93.51630401611328,99.78055404590077,88.32592268900737,98.43821475380345,53352388
2021-05-05,88.59439086914062,95.75353356563683,88.14694445060961,93.51630147298177,34306740
2021-05-06,95.30609130859375,96.6484306227993,88.41541889333494,89.48928761370306,52409365
2021-05-07,95.30609130859375,97.99076993700484,93.9637519943882,95.30609130859375,39759998
2021-05-10,90.83161926269531,97.54331526732797,89.48928006176878,96.20097606640144,22573612
2021-05-11,86.26766204833984,91.27906005860864,85.0148108389002,86.80459633024546,30596788
2021-05-12,81.61421966552734,87.87846919157629,77.67669685400298,86.44664209397742,46784852
2021-05-13,84.6568603515625,86.35715809404172,76.24486638415775,78.30312262413109,41878498
2021-05-14,85.01482391357422,93.06885986328125,84.56737747192382,85.73074095121119,49255498
2021-05-17,83.31452178955078,89.13132523216966,79.01904026688038,79.10852818511488,55215834
2021-05-18,89.22081756591797,90.38418104301249,85.01482375332859,87.25205595736354,48231215
2021-05-19,87.78898620605469,90.83162322642822,86.89409336638545,88.95234962862092,25529681
2021-05-20,84.6568603515625,89.936729414002,84.20941393656747,87.34153884153271,28801042
2021-05-21,89.93673706054688,89.93673706054688,86.4466533613558,86.98358773950265,39619826
2021-05-24,92.62140655517578,93.06885296365489,88.5943888788638,89.48928169582202,33898195
2021-05-25,94.41119384765625,97.54331876203346,92.17396176595824,93.96374743131665,45655139
2021-05-26,92.17396545410156,96.64842979653368,91.27907258561514,96.64842979653368,20376512
2021-05-27,90.3841781616211,91.72651744124913,89.31030946891492,91.27907101470645,20954368
2021-05-28,93.51630401611328,95.3060897389097,90.83162543191864,91.72651829331686,23392392
2021-05-31,100.67544555664062,102.01778483072917,94.85864203559028,96.20098130967882,49034287
2021-06-01,101.12288665771484,103.3601186634165,99.33310105315353,102.91267226227617,31798126
2021-06-02,98.88565826416016,104.70246169146368,97.0958725942206,102.91267602152413,28632945
2021-06-03,108.72947692871094,108.72947692871094,100.22799519354423,101.1228880077723,62779390
2021-06-04,105.14990997314453,107.38714210023271,103.80757069689162,106.93969567481507,54174959
2021-06-07,114.09883880615234,115.44117808622472,102.9126781388825,107.38714240579044,105494053
2021-06-08,112.30905151367188,120.81053350076257,110.96671225255228,115.44117645628424,127215515
2021-06-09,113.6513900756836,117.67840783427081,111.8616044052004,113.6513900756836,70630208
2021-06-10,115.44117736816406,115.88862379207167,111.86160597690316,114.54628452034883,48020915
2021-06-11,111.41415405273438,116.33606447273469,110.96670765091616,115.44117166909827,38897275
2021-06-15,113.6513900756836,115.8886221637876,112.30905082282119,112.75649724044199,25467811
2021-06-16,112.75650787353516,118.57331185113816,112.30906141371955,112.75650787353516,39692597
2021-06-17,119.91563415527344,121.70541973968051,112.75649181764517,113.20393821374694,56261771
2021-06-18,116.33606719970703,125.28499544583835,116.33606719970703,120.81053132277269,65710140
2021-06-21,117.23095703125,121.2579746391937,115.44117142771947,117.23095703125,45718574
2021-06-22,120.36309814453125,126.1799021440811,117.67841937550826,120.8105446060351,87471645
2021-06-23,118.1258544921875,124.83755077015269,116.78351523659445,123.04776509602864,53712443
2021-06-24,117.23095703125,122.15286744095897,115.44117142771947,119.9156354365458,49504215
2021-06-25,114.09883880615234,119.46819592644187,113.65139237946154,118.57330307306027,33036932
2021-06-28,115.44117736816406,115.88862379207167,112.30905240081077,113.203945248626,23585734
2021-06-29,114.09883880615234,117.67841021967868,113.65139237946154,116.7835173662971,17484190
2021-06-30,115.44117736816406,116.33607021597929,114.09883809644123,114.99373094425644,13044597
2021-07-01,110.5192642211914,115.44117477355215,107.38713932423455,114.99372835970118,36103072
2021-07-02,113.20394134521484,115.44117338761039,110.07181648586108,110.51926289434019,22234894
2021-07-05,118.1258544921875,121.2579794219046,113.20394388834634,114.09883672540838,46361868
2021-07-06,118.57329559326172,122.60031317944797,116.78350999940116,118.57329559326172,35037585
2021-07-07,122.6003189086914,125.7324438443149,119.91564039244268,121.25797965056704,68059370
2021-07-08,126.17987823486328,133.78646663909262,123.49519997454703,124.39009272798579,109978033
2021-07-09,127.52222442626953,129.75945643374794,123.49520681280838,124.39009961579974,52916916
2021-07-12,125.73245239257812,132.4441491395129,125.28500594278248,131.99670268971724,51861124
2021-07-13,121.7054214477539,130.20690309300142,120.810528642991,127.96967108109418,39494673
2021-07-14,127.96966552734375,128.86455829326923,122.60030893179086,124.83754084660457,39234459
2021-07-15,128.41712951660156,130.20691529383643,126.17989729505797,128.41712951660156,36097034
2021-07-16,128.41712951660156,129.7594688495277,126.6273437393667,127.52223662798413,17619965
2021-07-19,127.07478332519531,129.75946184615015,125.28499764455876,127.96967616551359,18318552
2021-07-20,126.6273193359375,129.3119974844026,123.94264118747239,126.17987297785997,25208000
2021-07-21,123.04776000976562,131.10179521040482,121.70542080965909,128.86456321022726,41802492
2021-07-22,131.10179138183594,132.89157692971082,125.73243473821127,126.17988112517999,51447666
2021-07-23,124.83756256103516,135.57627762004893,123.49522317865843,135.1288311592567,50706410
2021-07-26,130.6543426513672,131.9966817881963,123.9426469672216,127.07477161982287,37689082
2021-07-27,127.07478332519531,132.44414036710498,123.4952119639222,131.5492475267867,35381404
2021-07-28,123.4952163696289,125.28500211411628,114.99373408331388,124.3901092418726,48857956
2021-07-29,135.57626342773438,135.57626342773438,127.96967439053476,128.86456721844058,102318523
2021-07-30,130.6543426513672,136.9185919565697,129.31200351453808,136.4711455776267,64787655
2021-08-02,130.2069091796875,132.89158771947487,128.86456990979383,132.44414129617698,18568973
2021-08-03,134.2339324951172,134.68137893676757,128.86457519531248,130.65436096191405,40733946
2021-08-04,131.5492401123047,134.68136487688338,130.65434732242505,133.78647208700374,24313817
2021-08-05,132.89158630371094,136.02371123342803,131.5492470481179,132.4441398851799,24306685
2021-08-06,130.6543426513672,132.44412816713933,129.31200351453808,131.9966817881963,16316812
2021-08-09,129.7594451904297,132.4441233667834,128.86455246497846,130.65433791588092,12038945
2021-08-10,126.17987823486328,130.654342002057,124.39009272798579,129.3120028718989,23891672
2021-08-11,123.94267272949219,127.07479803312556,120.8105474258588,125.28501214533506,20996645
2021-08-12,127.07478332519531,127.07478332519531,123.4952119639222,124.39010480424048,12065758
2021-08-13,120.810546875,127.96969039351852,119.46820746527777,127.5222439236111,27978783
2021-08-16,122.15287780761719,122.60032424647292,118.12585985791551,120.36309205219422,19328452
2021-08-17,122.15287780761719,122.15287780761719,122.15287780761719,122.15287780761719,0
2021-08-18,123.4952163696289,123.4952163696289,110.51926972209543,112.3090554665828,33580618
2021-08-19,117.23095703125,122.15286744095897,116.78351063036737,120.81052823831106,18051179
2021-08-20,119.91563415527344,121.25797334357874,116.33606298645931,119.46818775917167,19210536
2021-08-23,123.4952163696289,124.83755567799444,121.2579841890197,121.70543062514153,19549778
2021-08-24,122.15287780761719,126.62734219617458,122.15287780761719,126.62734219617458,16302133
2021-08-25,127.52222442626953,130.6543492367393,123.94265321430406,124.39009961579974,29794755
2021-08-26,124.83756256103516,129.7594736297498,124.39011610024292,129.31202716895757,19505470
2021-08-27,130.60606384277344,132.86568432448232,124.73105059033034,126.53874697569745,34104289
2021-08-30,133.76954650878906,135.1253189396214,131.05800164712443,132.41377407795676,27585663
2021-08-31,133.317626953125,134.22147527145128,131.05800615730934,133.76955111228813,15693955
2021-09-01,134.22146606445312,136.93301083343198,131.50992129547427,132.8656936799637,21268395
2021-09-02,133.317626953125,136.48109606726695,132.86570279396187,134.6733994306144,22747985
2021-09-03,140.0964813232422,141.00032958984374,133.76954345703123,135.12531585693358,44015376
2021-09-06,139.64456176757812,143.25995495249924,136.9330168788873,140.09648591569328,36320253
2021-09-07,134.22146606445312,141.00032798690026,129.25030065465856,140.09647973057398,40461980
2021-09-08,129.2502899169922,132.865682641943,125.1829731014225,132.41375855132415,41561343
2021-09-09,130.15414428710938,131.96184073554144,126.53875139024522,127.44259961446126,19295884
2021-09-10,131.50991821289062,131.50991821289062,127.89452527233006,130.60606997775048,13421111
2021-09-13,130.60606384277344,132.41376022814055,129.2502915537481,131.0579879391152,8426467
2021-09-14,128.79837036132812,131.96183910704497,128.34644625479714,130.60606678745202,9796923
2021-09-15,127.8945083618164,130.15412865089445,127.4425843040008,128.7983564774476,8233932
2021-09-16,131.50991821289062,133.31761468317092,128.79837350747022,129.25029762504028,22732061
2021-09-17,133.317626953125,133.76955111228813,129.25030952065677,131.05800615730934,15706224
2021-09-22,127.44258880615234,131.50990547017847,127.44258880615234,128.7983610274944,16682009
2021-09-23,128.34645080566406,131.9618437861053,128.34645080566406,130.15414729588468,16543977
2021-09-24,129.2502899169922,131.0579862794676,128.79836582637333,130.1541380982299,14049633
2021-09-27,124.73106384277344,128.7983811419943,123.82721555405769,128.34645699763644,25331522
2021-09-28,123.82720947265625,125.18298183914519,118.4041200067005,121.11566473967838,28424909
2021-09-29,118.40411376953125,120.6637342613162,117.50026557281727,118.85603786788823,23797807
2021-09-30,119.30796813964844,120.21181638313062,113.88487867875533,118.85604401790735,29662540
2021-10-01,115.24065399169922,119.30797119140625,113.43295745849609,116.59642639160155,20041051
2021-10-04,110.72140502929688,117.5002665617028,110.26948092713648,116.59641835738202,25658129
2021-10-05,113.43295288085938,115.6925734561753,105.29831880972205,107.10601526997479,30714100
2021-10-06,109.81755828857422,114.78872347859198,108.91371007220735,113.88487526222511,15697207
2021-10-07,114.33679962158203,116.14449605828689,110.26948263899611,110.72140674817233,25736614
2021-10-08,117.5002670288086,117.95219113276555,114.33679830110991,115.24064650902382,17301928
2021-10-12,112.07717895507812,117.50026825935609,111.17333073769846,115.69257182459677,14105380
2021-10-13,104.84639739990234,113.43295580765297,104.84639739990234,112.98103168092925,28916368
2021-10-14,105.75023651123047,108.00985694950462,103.94254016061114,104.8463883359208,25271363
2021-10-15,113.8848876953125,116.1445084829179,108.00987364753844,108.9137219625806,35455929
2021-10-18,116.59642028808594,118.85604083630466,114.33679973986722,117.50026850737343,36386324
2021-10-19,127.8945083618164,127.8945083618164,119.75987532113551,120.21179937895111,79418667
2021-10-20,131.50991821289062,136.4810835061614,127.44260115476,128.79837350747022,121334433
2021-10-21,128.34645080566406,133.31761615377076,126.53875431544344,131.50991966355014,50516962
2021-10-22,129.7022247314453,132.86569362733422,127.89452821950879,131.0579971153977,43925797
2021-10-25,136.02915954589844,138.28878013636188,128.79837365641546,129.25029777450814,56172474
2021-10-26,141.00033569335938,145.06765306912936,137.83686662331604,141.90418399908603,79403504
2021-10-27,155.0099639892578,155.0099639892578,150.94264714988952,154.55803989599468,52091661
2021-10-28,161.33692932128906,164.04847435189896,156.3657634318376,159.0773084624475,133637365
2021-10-29,171.73117065429688,172.63501892089843,159.5292190551758,162.24076385498046,97964129
2021-11-01,170.8273162841797,179.41387451010405,170.37539216702578,178.51002627579624,71510305
2021-11-02,177.1542510986328,181.22156808814225,170.82731355939592,173.99078232901437,91206002
2021-11-03,169.47154235839844,178.96194873046875,164.95230122884115,178.510024617513,71671735
2021-11-04,171.73117065429688,176.70233612060545,170.82732238769532,173.5388671875,48924664
2021-11-05,176.2504119873047,177.15426025390624,164.95230865478516,172.18309478759764,53835337
2021-11-08,171.73117065429688,173.5388671875,169.01962585449218,173.08694305419922,27793864
2021-11-09,173.99078369140625,179.86579716670047,173.99078369140625,174.4427078048904,48302254
2021-11-10,180.31771850585938,182.12541493198327,172.63500869483278,172.63500869483278,42151614
2021-11-11,176.2504119873047,183.48119812011717,175.34656372070313,177.15426025390624,44394350
2021-11-12,182.5773468017578,186.1927398077332,176.70233316704778,179.41387792152932,52024407
2021-11-15,177.1542510986328,186.64465740748815,176.25040287874182,185.28888507765166,53536902
2021-11-16,176.2504119873047,180.3177291870117,173.99079132080078,178.5100326538086,31252143
2021-11-17,178.96194458007812,178.96194458007812,174.44270355532868,177.15424817017833,18111896
2021-11-18,173.99078369140625,178.05810071276377,170.82731489701703,177.60617659927962,30320137
2021-11-19,176.70233154296875,178.05810390774855,174.4427109350024,175.7984832997822,17078090
2021-11-22,177.1542510986328,177.6061752085783,171.27923766934143,174.89463054890535,15859468
2021-11-23,178.05810546875,179.8658019709708,173.9907883387532,175.34656071541878,19943234
2021-11-24,179.41387939453125,183.93312068910384,175.7984863588732,177.60618287670223,37053099
2021-11-25,190.26004028320312,191.6158125417533,180.31771038716877,180.76963447335214,64969334
2021-11-26,187.54852294921875,192.0677644660674,182.12543312900036,189.80814370764307,60640745
2021-11-29,192.51968383789062,193.4235321188197,182.57735274767091,186.6446700118517,49000247
2021-11-30,206.077392578125,207.43316489771792,193.87544170178865,196.13506223444352,68510319
2021-12-01,202.0100860595703,204.7216308388934,199.75046541013438,203.36585844923184,33052434
2021-12-02,192.51968383789062,206.07740805182658,192.51968383789062,202.46201492811034,51475233
2021-12-03,196.5869903564453,197.03891447220727,191.61582508306392,194.3273697776356,28173500
2021-12-06,197.94276428222656,199.298536640324,193.87544720793423,197.49084016286074,21628093
2021-12-07,195.6831512451172,205.17355811843697,194.32737883464293,198.84662020289045,30964039
2021-12-08,199.75045776367188,203.3658506643718,197.9427613133219,200.65430598884686,26264678
2021-12-09,197.03890991210938,206.07739201816943,196.58698580680635,202.9139232810484,32251230
2021-12-10,202.91395568847656,203.36587986595646,194.3273963163584,196.135093026278,28251368
2021-12-13,199.2985382080078,205.1735518059763,197.94276583924585,204.26970356013499,22570419
2021-12-14,195.23121643066406,200.65430577596027,194.77929231855603,198.8466093275282,16681987
2021-12-15,200.20237731933594,202.46199783084086,195.23121219402512,197.03890860322906,18889777
2021-12-16,203.36585998535156,204.26970825195312,198.84661865234375,203.36585998535156,20793658
2021-12-17,200.65431213378906,209.24087053591066,197.03891912236944,203.81778101878123,55071635
2021-12-20,197.03890991210938,203.36584738635142,196.58698580680635,199.7504545439274,19745333
2021-12-21,201.10623168945312,201.10623168945312,194.327369947112,198.39468699251668,18149571
2021-12-22,205.62547302246094,206.9812453720596,200.65430774059925,202.46200420673077,28565718
2021-12-23,216.92356872558594,216.92356872558594,206.9812384923299,207.88508669535318,53166554
2021-12-24,216.01974487304688,219.63513809267945,213.7601241107765,217.82744148286318,26856773
2021-12-27,213.3081817626953,223.70243638248766,213.3081817626953,217.37549878783145,34344061
2021-12-28,216.01974487304688,216.923593177955,213.30819995832243,216.47166902550094,13156577
2021-12-29,210.5966339111328,216.9235714106089,210.5966339111328,216.01972319639805,15148319
2021-12-30,208.7889404296875,213.3081815645292,206.9812439757508,209.69278865665584,18200866
2022-01-03,208.7889404296875,217.37549858588676,208.7889404296875,212.40433333756087,30446560
2022-01-04,214.21205139160156,215.1158997097096,209.24088564200744,211.9524305963315,23851084
2022-01-05,207.88510131835938,216.01973571777344,207.88510131835938,214.2120391845703,20724101
2022-01-06,199.75045776367188,206.07739533989678,198.8466095384969,206.07739533989678,32264977
2022-01-07,196.5869903564453,202.01007974558863,192.06774919882588,200.6543073983028,33963720
2022-01-10,189.35621643066406,195.23123030560112,187.0965957095344,192.51968544024555,32928307
2022-01-11,188.45236206054688,191.61583096803807,186.19274141233888,186.6446655419805,25379112
2022-01-12,195.23121643066406,196.5869887669881,191.6158235337999,194.77929231855603,30963794
2022-01-13,197.03890991210938,198.84660633332138,192.06774475377634,194.77928938559435,22432085
2022-01-14,198.8466033935547,199.2985274921764,191.1638937169855,195.68313470320268,20663003
2022-01-17,200.20237731933594,203.81777013774382,199.75045321703496,201.10622552393792,23202110
2022-01-18,200.65431213378906,205.62547752449103,199.2985397545067,201.10623626021652,19186953
2022-01-19,194.779296875,198.39468985643853,192.97160038428075,196.13506924303945,20270900
2022-01-20,200.65431213378906,200.65431213378906,192.97160198452235,194.32737436380472,17606782
2022-01-21,181.6735076904297,195.23123214493936,181.22158354194602,194.32738384797204,44865714
2022-01-24,187.09658813476562,188.00043638662441,175.3465608606016,177.60618149024853,36073326
2022-01-25,181.22158813476562,185.74082973413633,179.8658156549544,182.57736061457683,27698022
2022-01-26,180.76963806152344,184.38503082275392,179.8657898712158,181.22156215667724,17495099
2022-02-07,183.48118591308594,186.19273053249114,178.9619448807439,184.38503411955432,19782278
2022-02-08,185.74081420898438,188.90428306412522,183.48119359816948,183.93311772033246,26486051
2022-02-09,200.20237731933594,200.65430142163692,188.45235065951036,188.90427476181134,44735362
2022-02-10,196.5869903564453,203.36585209287446,195.23121800915948,202.01007974558863,30847003
2022-02-11,200.65431213378906,202.91393276592632,194.32737436380472,194.32737436380472,27448718
2022-02-14,196.5869903564453,198.39468681949307,194.3273697776356,196.5869903564453,13638485
2022-02-15,201.10623168945312,205.17354873485777,198.39468699251668,198.84661110867273,22970357
2022-02-16,211.04855346679688,214.21202214831203,206.9812365905631,207.88508478528172,38266983
2022-02-17,211.95240783691406,215.11587661059934,208.78893906322875,211.95240783691406,27302883
2022-02-18,218.73126220703125,223.70242725719103,209.2408562021807,210.59662848858792,58281883
2022-02-21,214.66397094726562,220.99090903834292,212.85627434981495,216.47166754471627,32639179
2022-02-22,214.66397094726562,214.66397094726562,214.66397094726562,214.66397094726562,0
2022-02-23,217.37550354003906,217.82742766382293,210.14471755949722,210.5966416832811,37369598
2022-02-24,219.63511657714844,229.57744695718395,211.95240673803008,215.56779960349752,90652963
2022-02-25,229.57745361328125,235.90439131128505,228.22168124942328,229.57745361328125,66168873
2022-03-01,222.79859924316406,235.45247506224842,222.79859924316406,232.7409302438732,53446487
2022-03-02,225.96206665039062,226.86591491699218,217.82743225097656,224.60629425048828,31745256
2022-03-03,222.3466796875,230.9332384559197,222.3466796875,228.6736177273882,26069135
2022-03-04,221.44281005859375,228.67359569316008,220.08703775211256,222.34665826291453,30180557
2022-03-07,200.65431213378906,214.66396005304009,199.75046388093415,214.21203592661263,44820799
2022-03-08,195.23121643066406,207.43316745758057,192.51967175801593,193.42351998223197,41750880
2022-03-09,205.1735382080078,205.62546230097698,197.94275272050092,202.9139177431619,35305816
2022-03-10,217.82742309570312,218.27934721000958,211.95240960971944,215.56780252417093,38343315
2022-03-11,212.85626220703125,217.82742756643114,211.04856571270403,217.82742756643114,25050009
2022-03-14,203.36585998535156,216.4716598510742,200.65431518554686,213.30819091796874,38484894
2022-03-15,196.5869903564453,203.36585209287446,192.97159743034976,202.01007974558863,37214717
2022-03-16,192.0677490234375,203.36585190716912,189.80812844669117,202.91392779181984,30196044
2022-03-17,203.81777954101562,206.07740015676967,198.3946900632059,201.55815892526158,34014454
2022-03-18,198.39468383789062,201.10622849171145,196.13506329303993,200.65430438274132,23051156
2022-03-21,204.2696990966797,207.8850920010457,201.10623030535942,201.10623030535942,21441606
2022-03-22,209.6927947998047,209.6927947998047,202.0100846455015,202.46200877222523,19825204
2022-03-23,216.01974487304688,217.3755173304091,212.4043516534143,215.5678207205928,26805237
2022-03-24,215.5678253173828,217.82744612783753,212.8562803448371,213.760128669019,20166063
2022-03-25,222.3466796875,222.3466796875,214.66396921049287,217.827438230437,33704444
2022-03-28,217.82742309570312,219.63511955292887,215.56780252417093,217.82742309570312,19036214
2022-03-29,220.53897094726562,225.05821215520137,216.923577980917,221.89474330964634,23457290
2022-03-30,224.6062774658203,227.769746162522,222.34665696817626,224.1543533662915,30312642
2022-03-31,225.05819702148438,225.96204520229355,219.6351079366293,225.05819702148438,19284739
2022-04-01,220.0870361328125,222.34665662698922,217.82741563863578,222.34665662698922,22967691
2022-04-06,208.33702087402344,213.76011035447524,207.88509675065245,211.5004897376203,30957715
2022-04-07,205.1735382080078,213.30817188145303,205.1735382080078,206.07738639394617,29293817
2022-04-08,208.7889404296875,210.59663688362417,204.26969929484576,209.24086454317165,17145696
2022-04-11,192.9716033935547,205.62547902591893,192.51967926382738,205.62547902591893,29726323
2022-04-12,194.32737731933594,199.7504669189453,190.2600601196289,190.71198425292968,18240762
2022-04-13,195.6831512451172,198.84662020289045,192.51968228734393,197.94277192924093,18064179
2022-04-14,196.5869903564453,200.6543073983028,196.13506624068336,198.39468681949307,11005806
2022-04-15,185.28887939453125,192.97158902796303,185.28887939453125,192.51966493187882,20367319
2022-04-18,186.64466857910156,189.8081375380694,178.9619582501797,179.86580652417052,20032459
2022-04-19,190.26004028320312,192.51966071412005,188.904268024653,190.71196436938652,15272630
2022-04-20,198.8466033935547,198.8466033935547,193.42351421009408,193.42351421009408,23761541
2022-04-21,198.8466033935547,199.75045159079812,194.77928650595925,195.23121060458095,21688060
2022-04-22,189.80812072753906,195.68313398815337,188.9042725335984,192.51966530936105,24608909
2022-04-25,182.5773468017578,188.00043631072091,179.86580204727625,182.5773468017578,24052912
2022-04-26,180.31771850585938,188.00042831688597,178.0580979732045,187.548504210355,23955373
2022-04-27,195.6831512451172,197.94277192924093,173.53886854070439,176.2504133616529,63645646
2022-04-28,185.74081420898438,194.77929665224394,185.2888900868214,192.51967604142905,47041773
2022-04-29,192.51968383789062,195.23122868067782,187.54851829278078,190.26006313556798,39539508
2022-05-03,192.9716033935547,195.68314817191845,191.1639068746455,192.51967926382738,19692885
2022-05-04,196.5869903564453,200.6543073983028,193.87544566187364,195.23121800915948,26450419
2022-05-05,197.03890991210938,205.17354380756342,197.03890991210938,203.36584738635142,35395599
2022-05-06,188.0004425048828,192.51968391125018,187.09659422360934,190.2600632080665,24218162
2022-05-09,190.71197509765625,194.77929210210866,188.00043042802133,188.45235453962715,27985287
2022-05-10,195.6831512451172,195.6831512451172,183.4811995508489,185.28889609814792,27579873
2022-05-11,191.61582946777344,196.13507072880583,190.71198121556696,195.68314660270258,17391841
2022-05-12,188.45236206054688,194.77929987552926,188.45236206054688,189.80813444947168,18852261
2022-05-13,194.32737731933594,195.2312255859375,190.71198425292968,192.9716049194336,18682308
2022-05-16,193.8754425048828,202.01007645613663,193.42351839647984,198.8466076973157,23864772
2022-05-17,198.39468383789062,199.2985320558309,193.87544274818924,197.0389115109802,20767997
2022-05-18,201.10623168945312,206.07739696716993,200.65430757329705,204.26970050254565,25530723
2022-05-19,197.94276428222656,198.39468840159236,193.42352308856843,196.1350678047633,20193389
2022-05-20,196.13507080078125,200.20238793720299,196.13507080078125,199.7504638109339,12384161
2022-05-23,195.23121643066406,198.8466093275282,194.32736820644803,197.03891287909613,10990591
2022-05-24,184.38504028320312,196.13506736007392,184.38504028320312,195.68314324173272,27678069
2022-05-25,192.51968383789062,192.97160797835517,183.02927688813546,187.09659415231624,29140460
2022-05-26,182.12542724609375,192.51968239909664,181.67350310900667,191.61583412492246,37566794
2022-05-27,182.12542724609375,187.09659275405164,181.67350310900667,185.28889620570334,26728309
2022-05-30,192.51968383789062,195.23122868067782,185.74082173092265,186.1927458713872,37544825
2022-05-31,194.779296875,196.13506924303945,191.61582801624132,193.42352450696058,23155457
2022-06-01,185.74081420898438,191.16390367494012,185.2888900868214,189.80813130845118,38236032
2022-06-02,183.93310546875,186.64465002111487,182.57733319256755,183.0292572846284,26855418
2022-06-06,183.93310546875,187.54849820523648,183.0292572846284,185.74080183699323,16231152
2022-06-07,180.76963806152344,185.74080310821535,179.8657898712158,184.83695491790772,19295057
2022-06-08,184.8369598388672,186.19273216042367,181.67349108856874,183.4811875173107,19557083
2022-06-09,186.64466857910156,189.35621340107397,185.28889616811534,186.19274444210615,22368048
2022-06-10,186.64466857910156,187.54851685309237,183.48119962013374,184.83697203111996,12029305
2022-06-13,180.76963806152344,183.0292585372925,179.8657898712158,181.22156215667724,19769347
2022-06-14,182.12542724609375,183.02927552026793,178.05811001231004,180.31773069774545,18805093
2022-06-15,165.4042205810547,183.48118457898417,164.5003723811582,181.67348817919122,50658994
2022-06-16,149.58688354492188,166.76000008482228,149.58688354492188,164.95230360693802,125168549
2022-06-17,150.03880310058594,151.3945754177599,142.80801740899142,149.13495488913662,92068862
2022-06-20,142.3560791015625,150.94263625372022,141.45223098028274,150.49071219308036,38483676
2022-06-21,153.20228576660156,153.6542099134057,146.8753477113437,148.23112015175607,49468323
2022-06-22,142.80801391601562,151.84649580943434,142.35608982134468,151.84649580943434,42669471
2022-06-23,143.71185302734375,146.4233974240861,140.09646049835396,146.4233974240861,30035282
2022-06-24,145.06764221191406,148.68303516423592,143.25994573575315,145.97149044999452,27553633
2022-06-27,151.39459228515625,154.10613722160682,148.68304734870568,148.68304734870568,30036114
2022-06-28,145.5195770263672,150.03881854892518,141.9041838083208,149.58689439666938,32758994
2022-06-29,146.87535095214844,148.23112342247597,142.35610938439004,143.71188185471755,22695384
2022-06-30,143.2599334716797,145.9714779537935,141.4522371502705,145.5195538734412,22653086
2022-07-01,131.9618377685547,144.16378852112652,130.60606546271336,143.25994031723232,49466169
2022-07-04,134.6733856201172,139.19262674830904,133.31761328165965,136.48108207139393,38425490
2022-07-05,138.74070739746094,141.4522521674439,134.6733902424865,137.83685914079996,41993870
2022-07-06,133.317626953125,140.54841349973518,133.317626953125,137.38494438559323,30667956
2022-07-07,141.45225524902344,144.615724216254,133.31762076185916,137.83686214361708,41441896
2022-07-08,142.3560791015625,147.3272437686012,140.0964587983631,144.16377534412203,43839633
2022-07-11,138.28878784179688,144.61572584763073,137.83686369852302,144.16380170435687,26940880
2022-07-12,134.22146606445312,140.54840385873712,133.76954193628998,136.0291625771057,23260075
2022-07-13,135.12530517578125,144.16378712733854,135.12530517578125,141.45224254187136,24675446
2022-07-14,138.74070739746094,140.54840391078292,132.86569372916455,134.6733902424865,26201200
2022-07-15,144.63107299804688,147.4035536305973,139.08611173294602,142.78275257634658,35809612
2022-07-18,151.10018920898438,154.33474983425316,143.2448276904745,146.01730822641915,38756261
2022-07-19,151.56227111816406,154.79683178227123,150.1760308335467,150.63811092841914,30518184
2022-07-20,157.5692901611328,159.879690310123,153.87264992274845,156.18305007173868,46298613
2022-07-21,164.03842163085938,164.96258175272337,157.56930077781138,158.95554096060738,40565880
2022-07-22,163.57635498046875,166.81091567217294,161.72803458520923,164.03843507928363,30792238
2022-07-25,162.65219116210938,165.42467169328168,159.41763054240832,162.65219116210938,23628615
2022-07-26,157.1072235107422,163.11426440968233,153.8726630266975,162.6521843405331,36746385
2022-07-27,165.88674926757812,166.3488293491034,156.64514763707237,159.8797082077494,64634933
2022-07-28,149.71395874023438,160.34180149031275,149.71395874023438,160.34180149031275,84591890
2022-07-29,146.47938537597656,149.71394593632937,144.63106505577497,146.01730529592615,75242480
2022-08-01,143.2448272705078,146.94146797426285,140.93442683066093,145.09314762238535,58804239
2022-08-02,136.7757110595703,141.8585922138111,134.00323042998443,141.8585922138111,55363623
2022-08-03,136.31362915039062,139.5481898420948,134.4653087551311,138.62402964446505,44347943
2022-08-04,134.92738342285156,138.1619439843583,131.69282286134487,136.77570374371254,43937655
2022-08-05,139.0861053466797,142.32066593613735,136.31362484143025,137.23778500984673,40125850
2022-08-08,141.39651489257812,141.39651489257812,135.85155352424172,138.16195409438188,19388961
2022-08-09,142.32066345214844,144.1689837567218,139.54818299528839,140.93442322371843,27971317
2022-08-10,138.62403869628906,143.706920115153,138.62403869628906,141.39651947021486,22581547
2022-08-11,140.93441772460938,143.7068980732902,140.4723376664959,142.78273795706326,28824618
2022-08-12,146.01730346679688,146.9414636153209,142.32066287270075,142.32066287270075,33572871
2022-08-15,151.10018920898438,153.41058965560495,147.8656285837156,147.8656285837156,50943937
2022-08-16,150.17604064941406,152.02436114971454,148.7898002741887,151.56228102463942,20807305
2022-08-17,146.9414520263672,151.10017236673607,146.01729195072966,150.17601229109854,25562052
2022-08-18,147.86561584472656,148.32769589424132,141.39649515151976,144.1689754486084,32911053
2022-08-19,151.10018920898438,152.48642947695672,146.94146840506738,146.94146840506738,28203969
2022-08-22,152.02435302734375,155.2589137300532,148.32771222424725,148.32771222424725,28856000
2022-08-23,142.78274536132812,149.25186651038507,142.32066527925264,148.32770634623407,40421172
2022-08-24,142.78274536132812,144.16898560755462,139.54818478679965,142.32066527925264,27712255
2022-08-25,142.78274536132812,145.5552258537811,142.32066527925264,143.70690552547913,17409068
2022-08-26,144.63107299804688,146.47939341974714,144.16899289262182,145.09315310347193,15953602
2022-08-29,140.01026916503906,140.93442935754757,136.77570849125928,138.6240288762763,25753392
2022-08-30,141.39651489257812,142.32067512063418,139.548194436466,141.39651489257812,13766683
2022-08-31,140.01026916503906,140.93442935754757,138.6240288762763,139.08610897253055,15940427
2022-09-01,127.53410339355469,136.31362500398055,126.60994322403617,135.85154491922128,62553079
2022-09-02,127.9961929321289,130.7686736454602,126.14787245657469,129.38243328879454,40979387
2022-09-05,127.53410339355469,132.15490424114725,127.07202330879542,129.84450381735095,25087681
2022-09-06,128.45826721191406,131.23074779922158,127.5341070161449,129.38242740768322,16451516
2022-09-07,128.45826721191406,129.38242740768322,121.06498564576074,127.07202691826032,38924833
2022-09-08,128.92034912109375,131.69282974735384,126.14786849483367,130.30658943422378,23633846
2022-09-12,131.6928253173828,134.92738593921328,130.76866513971697,132.61698549504865,21497236
2022-09-13,128.45826721191406,134.46530848441364,127.5341070161449,133.54114828864448,30105660
2022-09-14,125.22370910644531,126.14786932125303,121.98914835461831,122.45122846202217,33805967
2022-09-15,122.91329956054688,126.609940148834,122.45121948701099,125.68578000176223,18794330
2022-09-16,120.14081573486328,123.83745621901292,120.14081573486328,121.9891359769381,23642749
2022-09-19,121.52706146240234,123.8374618704328,118.75458097276578,121.06498138079624,20988042
2022-09-20,119.21665954589844,123.8374603034914,118.75457947013915,123.37538022773211,26341502
2022-09-21,117.8304214477539,120.60290195240694,116.44418119542739,118.75458161597157,18396850
2022-09-22,114.59586334228516,116.90626381289574,112.7475429657967,115.05794343640729,25212338
2022-09-23,113.67170715332031,115.98210770521708,113.67170715332031,114.13378726369966,16707058
2022-09-26,109.05089569091797,113.67169635578738,108.12673555794409,111.82337608983961,32315695
2022-09-27,114.13378143310547,114.13378143310547,109.0509004785947,111.36130091246324,28923473
2022-09-28,106.2784194946289,114.13378093553625,105.81633940986964,113.671700850777,35978660
2022-09-29,104.43010711669922,110.43714867650935,103.50594687672843,109.51298843653856,28793302
2022-09-30,108.58882141113281,108.58882141113281,99.80929968001995,100.73345986224236,34906148
2022-10-03,108.58882141113281,110.89922186668883,104.43010059113199,105.81634086446559,25271846
2022-10-04,113.2096176147461,114.59585783043687,109.0508969676738,113.67169768664301,37482175
2022-10-05,112.28546142578125,116.44418221932871,110.89922116126543,115.52002204298482,36015716
2022-10-06,114.13378143310547,115.05794160665289,111.36130091246324,112.28546108601066,19808943
2022-10-07,110.89922332763672,114.5958641052246,109.97506313323974,112.28546361923217,26452204
2022-10-11,103.50595092773438,108.12675230843679,102.58179065159389,105.81635161808559,30089051
2022-10-12,104.43010711669922,105.81634747665541,102.58178663675764,103.96802699671383,29153933
2022-10-13,99.34722137451172,105.35426266692406,98.42306117567905,104.43010246809139,24996303
2022-10-14,109.05089569091797,109.05089569091797,103.96801495956163,104.89217509253551,24151840
2022-10-17,110.43714141845703,110.899221508074,103.96802016381939,108.12674097037217,54912768
2022-10-18,111.82337951660156,115.05794008113136,109.05089903271889,114.13377991983714,45670023
2022-10-19,113.2096176147461,116.44417811802455,110.89921725526149,111.36129732715841,45683911
2022-10-20,107.66465759277344,111.82337827232261,104.43009706423517,111.36129819681716,60958831
2022-10-21,107.66465759277344,110.89921812131169,106.7404974417625,107.66465759277344,37786396
2022-10-24,112.74754333496094,117.83042438694687,112.28546323932585,112.28546323932585,70721904
2022-10-25,112.28546142578125,114.133781778469,110.89922116126543,113.67170169029707,45790610
2022-10-26,109.51298522949219,114.59586640048127,106.74050459077087,114.13378629402771,67727301
2022-10-27,111.3613052368164,113.20962565568472,109.51298481794808,111.3613052368164,41963452
2022-10-28,113.2096176147461,115.05793790233379,109.51297703957071,109.51297703957071,46909132
2022-10-31,115.05793762207031,117.83041804669851,113.20961733898484,116.90625790515577,45163404
2022-11-01,115.52002716064453,116.4441873779297,114.1337868347168,114.59586694335938,23358151
2022-11-02,117.8304214477539,118.75458161597157,114.59586085899203,115.52002102720971,37348797
2022-11-03,117.8304214477539,118.75458161597157,115.05794094310087,115.52002102720971,28129742
2022-11-04,119.21665954589844,119.21665954589844,114.59585878830548,116.90625916710195,36662137
2022-11-07,118.29249572753906,121.06497609615326,115.98209542036057,120.60289603471756,34817979
2022-11-08,122.91329956054688,126.609940148834,120.14081911933154,120.60289919286743,62688198
2022-11-09,134.0032196044922,134.4652996720939,126.14785845526333,126.60993852286502,97158482
2022-11-10,135.85153198242188,135.85153198242188,131.2307315748565,131.69281161561304,53394156
2022-11-11,146.01730346679688,149.25186398663098,145.09314331827284,148.78978391236896,106046880
2022-11-14,146.47938537597656,151.10018617648055,144.63106505577497,147.40354553607736,67948835
2022-11-15,148.789794921875,149.71395513878105,144.63107394579774,146.47939437960986,45031147
2022-11-16,149.2518768310547,149.7139569450827,145.55523591883042,148.78979671702663,38634724
2022-11-17,146.47938537597656,151.10018617648055,146.01730529592615,149.25186585627895,36453779
2022-11-18,142.32066345214844,147.8656243658685,141.39650329986176,146.47938413743847,42438056
2022-11-21,145.0931396484375,146.47937983616143,141.39649914784036,142.7827393355643,21419328
2022-11-22,144.16897583007812,146.94145613450272,143.24481572860327,145.55521598229043,23277123
2022-11-23,141.85858154296875,146.01730217452157,141.39650147279622,145.55522210434904,24207762
2022-11-24,145.5552215576172,145.5552215576172,140.9344208732484,142.32066107855903,23035761
2022-11-25,144.63107299804688,148.7897939468725,144.16899289262182,145.55523320889702,31642440
2022-11-28,143.7069091796875,146.01730964881432,141.39650871056068,142.3206688982114,16457283
2022-11-29,139.54820251464844,143.24484364086427,138.62404223309446,142.7827635000873,32209067
2022-11-30,143.7069091796875,143.7069091796875,139.0861082414339,139.54818833525925,18864107
2022-12-01,147.40353393554688,154.79681463450848,146.94145389186178,148.78977406660218,91771932
2022-12-02,148.3277130126953,149.2518732183819,146.01731249847887,146.47939260132216,24042435
2022-12-05,153.41058349609375,155.72098384995058,149.7139429299228,149.7139429299228,53383237
2022-12-06,150.6381072998047,154.79682805348028,150.6381072998047,152.02434755102988,32299712
2022-12-07,138.62403869628906,149.25188166300455,138.16195856730144,149.25188166300455,66048034
2022-12-08,138.1619415283203,140.0102618163246,135.38946109631388,137.69986145631924,35072037
2022-12-09,138.1619415283203,140.93442196032674,136.31362124031602,140.0102618163246,27833184
2022-12-12,138.62403869628906,139.54819895426434,135.38947779337565,136.77571818033854,12922646
2022-12-13,134.92738342285156,140.47234438543452,134.00322326242107,140.01026430521927,31441554
2022-12-14,136.31362915039062,136.7757092492055,134.00322865631622,135.38946895276086,22616043
2022-12-15,137.6998748779297,137.6998748779297,135.38947429272952,135.38947429272952,12108304
2022-12-16,131.23074340820312,133.54114382031938,131.23074340820312,133.54114382031938,28037666
2022-12-19,129.84451293945312,132.61699364278664,128.45827258778635,129.84451293945312,19074288
2022-12-20,116.90625762939453,124.29953874429695,116.90625762939453,122.45121846557134,64362548
2022-12-21,111.3613052368164,116.44418638870428,110.89922513209932,113.6717057604018,67801526
2022-12-22,112.74754333496094,115.05794381313636,111.36130304805567,113.6717035262311,35266234
2022-12-23,115.52002716064453,115.52002716064453,109.05090563964845,110.89922607421876,35118429
2022-12-26,113.67170715332031,115.05794748445837,112.74754693256162,115.05794748445837,13675983
2022-12-27,113.2096176147461,115.52001797423071,112.74753754284917,114.13377775853995,12750796
2022-12-28,110.89922332763672,114.13378400802611,110.43714323043822,111.82338352203368,16105114
2022-12-29,112.28546142578125,112.7475415139532,109.51298089674961,109.51298089674961,16113534
2022-12-30,110.89922332763672,114.5958641052246,110.89922332763672,114.13378400802611,16644056
2023-01-03,112.74754333496094,113.20962343059601,109.97506276115041,110.4371428567855,11438897
2023-01-04,110.89922332763672,113.20962381362915,109.05090293884277,112.28546361923217,22963995
2023-01-05,109.97505950927734,112.74754000110786,108.58881926336208,111.3612997551926,23980896
2023-01-06,113.67170715332031,114.59586737407902,109.51298615990616,109.97506627028551,26546223
2023-01-09,117.8304214477539,117.8304214477539,114.59586085899203,115.52002102720971,31862038
2023-01-10,116.90625762939453,117.36833769907594,115.52001742035033,116.44417755971313,16566540
2023-01-11,118.29249572753906,118.75457578897476,116.44417548179626,117.36833560466766,13294199
2023-01-12,115.52002716064453,119.21666802978517,115.52002716064453,118.75458792114259,16962244
2023-01-13,116.44418334960938,120.14082409086683,115.9821032569522,117.36834353492374,29128189
2023-01-16,118.29249572753906,121.06497609615326,116.44417548179626,116.44417548179626,26131097
2023-01-17,117.36833953857422,118.75457976934479,116.44417938472718,118.29249969242126,18017833
2023-01-30,125.68578338623047,125.68578338623047,119.21666218252743,121.06498252644258,42652566
2023-01-31,126.14787292480469,127.53411328661574,124.76163256299365,125.22371268359734,24862829
2023-02-01,130.76866149902344,131.69282165096,127.53410096724548,128.45826111918203,35591005
2023-02-02,132.61697387695312,134.0032140220084,129.84449358684262,133.07905392530486,36121823
2023-02-03,126.60994720458984,132.15490839603174,126.14786710530302,132.15490839603174,32252250
2023-02-06,119.21665954589844,122.9133001519728,119.21665954589844,122.45122007621352,31900787
2023-02-07,120.14081573486328,121.5270559164194,118.75457555330716,118.75457555330716,21658604
2023-02-08,121.52706146240234,121.98914154400843,120.14082121758406,121.52706146240234,18008391
2023-02-09,122.45121765136719,122.91329771797612,120.14081731832253,120.60289738493147,16069729
2023-02-10,119.21665954589844,122.45122007621352,119.21665954589844,121.98914000045421,17178600
2023-02-13,118.75458526611328,120.60290565936018,118.29250516780155,119.216665364425,9167045
2023-02-14,121.52706146240234,122.91330170722061,120.14082121758406,120.60290129919015,15861803
2023-02-15,127.07201385498047,127.07201385498047,120.602893149636,121.06497320001776,28042027
2023-02-16,127.9961929321289,129.8445134076831,125.22371221879759,128.920353169906,34498640
2023-02-17,125.68578338623047,127.53410373014562,124.76162321427289,126.14786347220925,19401332
2023-02-20,126.14787292480469,127.99619340721941,125.68579280420101,126.60995304540837,11659093
2023-02-21,127.07201385498047,127.99617395574396,124.76161360307174,126.60993380459873,14806594
2023-02-22,123.37537384033203,125.68577409951428,123.37537384033203,124.76161399584139,26592422
2023-02-23,123.83746337890625,125.22370364061042,122.9133032044368,122.9133032044368,25356805
2023-02-24,118.29249572753906,123.37537640333176,118.29249572753906,122.91329634189606,49772061
2023-03-01,121.52706146240234,121.52706146240234,114.59586023831095,116.44418056473532,32779293
2023-03-02,123.83746337890625,124.7616235533757,119.216662506559,120.14082268102845,22887493
2023-03-03,126.14787292480469,128.92035364842678,125.22371268359734,125.68579280420101,43450620
2023-03-06,127.9961929321289,128.920353169906,126.60995257546324,128.45827305101744,21972673
2023-03-07,126.14787292480469,127.53411328661574,124.76163256299365,127.53411328661574,17500212
2023-03-08,126.60994720458984,127.99618750245031,123.8374666088689,124.76162680744255,20049982
2023-03-09,125.68578338623047,127.9961838161244,125.22370330025167,127.9961838161244,19885349
2023-03-10,121.52706146240234,125.22370211525107,121.06498138079624,123.8374618704328,20043076
2023-03-13,123.37537384033203,123.83745389216848,119.216653373804,120.14081347747688,17598316
2023-03-14,120.60289764404297,122.91329798205145,120.14081757644126,121.06497771164466,14075765
2023-03-15,121.06497192382812,122.91329210587129,121.06497192382812,122.4512120603605,9294454
2023-03-16,119.67874145507812,121.98914186926883,119.21666137224,120.60290162075441,11577668
2023-03-17,123.83746337890625,123.83746337890625,121.0649828554979,121.52706294273263,15323789
2023-03-20,125.22370910644531,125.68578921384918,123.37538867682989,124.2995488916376,14417265
2023-03-21,127.9961929321289,128.920353169906,125.68579233768614,126.60995257546324,30242716
2023-03-22,129.38243103027344,132.15491169520786,128.92035091945104,130.30659125191823,32382101
2023-03-23,134.92738342285156,134.92738342285156,128.45826229983814,129.38242246026863,42166373
2023-03-24,136.7757110595703,139.5481916891562,135.38947074477736,137.69987126943226,56082286
2023-03-27,134.46530151367188,138.161942105113,133.07906129188143,137.69986203118287,26945682
2023-03-28,127.9961929321289,134.46531459656862,127.53411281324036,134.00323447768008,43246989
2023-03-29,129.84451293945312,131.2307532911199,128.9203527050086,128.9203527050086,16382510
2023-03-30,136.31362915039062,137.23778934802039,132.15490826105668,132.61698835987156,44604489
2023-03-31,136.31362915039062,139.5481898420948,135.85154905157574,137.6998694468353,34677017
2023-04-06,133.07907104492188,134.92739147610135,131.2307506137424,134.4653113683065,20694599
2023-04-07,133.5411376953125,134.92737787900086,133.07905763408303,134.00321775654194,10931608
2023-04-10,133.5411376953125,134.46529781777141,132.15489751162414,133.5411376953125,7678711
2023-04-11,132.15489196777344,134.92737221884562,132.15489196777344,134.00321213515488,11111240
2023-04-12,131.23074340820312,133.07906373789612,130.3065832433566,133.07906373789612,13311903
2023-04-13,128.92034912109375,131.69282974735384,128.45826901671708,130.30658943422378,18009228
2023-04-14,128.45826721191406,130.3065876034524,127.99618711402948,130.3065876034524,11111010
2023-04-17,128.45826721191406,129.38242740768322,126.60994682037574,128.45826721191406,11686193
2023-04-18,126.14787292480469,129.38243376903046,125.68579280420101,128.92035364842678,15316234
2023-04-19,122.45121765136719,126.14785818423866,121.98913758475825,125.68577811762972,22118287
2023-04-20,125.22370910644531,127.07202953606074,121.52706824721446,121.52706824721446,21375126
2023-04-21,126.14787292480469,128.4582735278231,125.22371268359734,125.68579280420101,22799035
2023-04-24,128.92034912109375,128.92034912109375,125.22370828608031,125.68578839045699,17685981
2023-04-25,124.76163482666016,130.76867650349936,124.76163482666016,129.8445162455241,26304269
2023-04-26,128.45826721191406,129.84450750556783,123.37538613518366,123.37538613518366,37185760
2023-04-27,126.14787292480469,127.99619340721941,124.76163256299365,127.07203316601206,21793546
2023-04-28,134.0032196044922,134.92737973969557,129.3824189284752,129.8444989960769,59674162
2023-05-02,132.61697387695312,137.23777436047064,131.69281378024962,133.07905392530486,40196812
2023-05-03,135.85153198242188,136.77569206393494,130.76865153409997,132.15489165636959,32611426
2023-05-04,137.23777770996094,137.23777770996094,133.07905717329547,134.92737741181344,29258432
2023-05-05,140.93441772460938,141.39649778272286,135.85153708536117,136.31361714347463,42161459
2023-05-08,148.789794921875,149.71395513878105,145.09315405425076,146.01731427115683,65075144
2023-05-09,148.3277130126953,149.71395332122518,145.0931522927923,149.2518732183819,32410996
2023-05-10,146.01730346679688,147.40354368958293,143.7069030954868,146.9414636153209,21226640
2023-05-11,144.16897583007812,148.78977633745242,144.16897583007812,146.94145613450272,22594955
2023-05-12,147.86561584472656,148.32769589424132,142.32065525054932,143.7068953990936,26864384
2023-05-15,144.16897583007812,147.40353618524014,144.16897583007812,146.4793760837653,17681560
2023-05-16,148.789794921875,149.71395513878105,146.01731427115683,146.47939437960986,26190013
2023-05-17,152.48641967773438,153.87265985662287,148.3276991410689,148.7897792006984,43547639
2023-05-18,154.7968292236328,158.4934699215106,153.87266904916336,156.6451495725717,43143991
2023-05-19,157.1072235107422,157.1072235107422,153.41058295754826,156.64514344159295,25814608
2023-05-22,148.789794921875,155.72099654867043,148.32771481342198,155.72099654867043,40646145
2023-05-23,154.33474731445312,154.33474731445312,150.17602657843491,151.10018674199452,30229436
2023-05-24,154.7968292236328,155.72098939810226,151.56226861298975,153.41058896192865,18709284
2023-05-25,166.8109130859375,169.58339363584227,158.95555152787395,161.72803207777875,76799829
2023-05-26,171.4317169189453,178.36291841162503,168.19715622236143,175.59043781455316,55866060
2023-05-29,168.6592254638672,175.5904265103275,165.88674504528308,174.66626637079946,46768917
2023-05-30,166.3488311767578,168.19715152316624,164.50051083034938,167.73507143656414,26720234
2023-05-31,166.8109130859375,169.58339363584227,164.9625927193343,167.73507326923908,34147358
2023-06-01,167.27297973632812,168.65921989988885,164.50049940920667,164.9625794637269,20565571
2023-06-02,168.1971435546875,170.04546381353023,166.3488232958448,168.1971435546875,23907106
2023-06-05,167.27297973632812,170.50754011796982,165.8867395727674,168.1971398453686,20760783
2023-06-06,163.57635498046875,169.12131616624737,162.652194782839,169.12131616624737,20269521
2023-06-07,162.65219116210938,165.42467169328168,160.34179071946576,162.65219116210938,32111227
2023-06-08,154.33474731445312,160.8038684593703,152.94850706911373,160.8038684593703,53583657
2023-06-09,158.4934539794922,158.9555340202487,152.02433340890067,152.02433340890067,27767779
2023-06-12,159.41761779785156,161.26593800420346,155.2588973335598,158.4934576946756,19885409
2023-06-13,166.3488311767578,167.272991349962,161.26595022413466,161.26595022413466,36765488
2023-06-14,166.8109130859375,167.2729931775883,163.5763524443819,165.8867529026359,18591770
2023-06-15,172.3558807373047,172.3558807373047,166.81091942672117,167.73507964515176,28885793
2023-06-16,175.1283721923828,175.1283721923828,169.58341053985356,171.8938112284074,26489515
2023-06-19,171.4317169189453,176.05251791406513,170.96963681943333,174.6662776155292,16279916
2023-06-20,174.20419311523438,174.20419311523438,169.1213121490074,171.89379267604028,21222391
2023-06-21,172.8179473876953,175.5904278270701,172.3558673144662,174.20418760738272,14393809
2023-06-26,166.3488311767578,170.04547186957464,165.8867510901557,167.73507143656414,19744518
2023-06-27,163.57635498046875,167.27299577098782,160.80387438757944,164.96259527691342,21707734
2023-06-28,159.87973022460938,166.81093240197683,158.95556993429372,165.42469196650336,18092788
2023-06-29,160.8038787841797,163.11427934142364,158.95555833838452,161.26595889562847,15105243
2023-06-30,162.65219116210938,162.65219116210938,158.03139027682218,159.87971063093704,12098240
2023-07-03,165.88674926757812,167.27298951215397,160.34178828927466,164.03842894147698,16910614
2023-07-04,166.3488311767578,166.8109112633599,163.11427057054308,165.8867510901557,12991949
2023-07-05,164.50051879882812,170.50756021563927,163.57635858085717,166.34883923477,20842856
2023-07-06,156.18307495117188,162.19011629544772,155.2589147443602,161.72803619204188,33842797
2023-07-07,157.1072235107422,158.95554378733914,153.8726630266975,155.2589032341452,21079643
2023-07-10,154.33474731445312,158.95554813225112,154.33474731445312,158.4934680504713,12407248
2023-07-11,156.18307495117188,158.0313953647952,155.72099484776604,156.18307495117188,11082184
2023-07-12,158.03138732910156,158.49346740901123,155.7209869295533,157.56930724919192,23196781
2023-07-13,170.07862854003906,173.47051002089455,162.81031108106302,162.81031108106302,57459153
2023-07-14,181.223388671875,182.6770522173713,175.4087344898897,179.28517061121323,57044807
2023-07-17,176.37783813476562,185.09981914142986,176.37783813476562,183.1616011399489,37320927
2023-07-18,193.82180786132812,193.82180786132812,177.34695419311524,178.31606323242187,91118367
2023-07-19,196.7291259765625,201.57467095135468,190.91447200681188,199.6364529614378,96619653
2023-07-20,190.42991638183594,199.1518972848208,188.97625289800513,196.72912481176945,48234486
2023-07-21,184.61526489257812,187.52259189876045,182.19249238742617,183.64615589051735,40805537
2023-07-24,193.33724975585938,195.27546779852463,184.61526856386573,186.06893209586465,46720343
2023-07-25,189.46080017089844,201.57466207440856,188.97624569475803,196.2445628368641,73612389
2023-07-26,191.39901733398438,198.1827799736699,189.46079943693138,193.82178970530063,60539939
2023-07-27,184.61526489257812,190.42991890494278,183.64615589051735,184.13071039154772,49483079
2023-07-28,185.09982299804688,187.03804103991123,182.19249593525032,185.58437750851294,30178662
2023-07-31,178.80059814453125,188.0071330083418,177.83148921149856,187.03802407530912,32234168
2023-08-01,180.2542724609375,183.64615393197664,178.80060897334928,180.2542724609375,17625336
2023-08-02,174.43960571289062,185.0998038397895,171.53227895100912,180.25425923665364,43210587
2023-08-04,172.016845703125,173.95506368287852,168.62496423855634,171.53229120818662,25252681
2023-08-07,176.37783813476562,176.86239263513585,171.04773863069303,172.98595663217398,17344678
2023-08-08,172.98594665527344,177.8314913795108,171.53228323800224,177.34693690708704,17047591
2023-08-09,178.31605529785156,181.70793678449547,173.47051031693167,173.95506481502366,32142186
2023-08-10,171.53228759765625,176.8623869297868,169.59406965869968,175.89327796030852,22127869
2023-08-11,169.10952758789062,174.4396273112912,168.6249730675815,173.95507279098206,14396199
2023-08-14,165.2330780029297,168.14040488861173,162.32575111724765,167.65585040766473,16004189
2023-08-15,170.07862854003906,172.01684652909933,168.1404105509788,169.594074042774,15037677
2023-08-16,172.50140380859375,174.92417633399535,169.59407677811183,170.56318578827245,21751783
2023-08-17,174.92416381835938,175.40871828877033,170.56317358466066,172.50139146630454,18083193
2023-08-18,169.10952758789062,174.92418183160032,167.6558640269632,173.95507279098206,13221574
2023-08-21,167.17127990722656,171.53226981784985,167.17127990722656,169.10949764528135,8679210
2023-08-22,170.5631866455078,171.53229566053912,164.74853255532005,168.62496861544523,16720319
2023-08-23,171.53228759765625,172.01684208239539,169.10951517396052,170.56317862817795,12202297
2023-08-24,183.16160583496094,185.58437839891545,174.4396246047247,177.3469516814701,49980400
2023-08-25,173.95506286621094,179.76971677817343,173.4705083735474,179.28516228550987,30320675
2023-08-28,170.5631866455078,175.89328622817993,170.5631866455078,175.4087317206643,13987877
2023-08-29,178.31605529785156,180.73882778831148,173.47051031693167,173.95506481502366,28074218
2023-08-30,178.31605529785156,182.19249128258747,177.34694630166757,181.22338228640348,18024434
2023-08-31,179.76971435546875,180.73882332773542,176.86238743866872,178.80060538320208,14004937
2023-09-01,176.37783813476562,181.22338313846797,176.37783813476562,180.73882863809774,10918082
2023-09-04,179.28515625,179.28515625,175.40872043918918,178.3160472972973,10545825
2023-09-05,180.73883056640625,180.73883056640625,177.34694902762652,178.8006125442464,10087283
2023-09-06,181.223388671875,182.19249770220588,178.8006160960478,181.70794318704046,10624702
2023-09-07,178.80059814453125,180.73881601059665,178.31604367801492,179.76970707756394,7532682
2023-09-08,175.4087371826172,177.83150979563678,174.9241826600133,177.83150979563678,8786629
2023-09-11,173.95506286621094,177.83149880751927,173.95506286621094,176.37783532952864,9901243
2023-09-12,179.28515625,180.2542652027027,172.01683910472974,174.92416596283783,13531468
2023-09-13,175.89328002929688,180.7388249336852,175.40872553885805,180.25427044324638,12818394
2023-09-14,180.2542724609375,182.19249044438843,177.34694548576107,177.8314999816238,14516783
2023-09-15,184.61526489257812,185.5843738946389,180.73882888433502,180.73882888433502,34171374
2023-09-18,178.80059814453125,183.6461428096947,178.31604367801492,182.19247941014567,19223621
2023-09-19,182.6770477294922,185.09982024579844,178.3160572001409,178.80061170340218,25966486
2023-09-20,177.8314971923828,183.16159656327167,177.34694270412018,183.16159656327167,20948491
2023-09-21,174.92416381835938,176.86238170000323,174.4396093479484,176.86238170000323,14572507
2023-09-22,175.4087371826172,175.4087371826172,169.5940829113702,172.0168555243898,19886408
2023-09-25,172.98594665527344,174.92416454496836,171.53228323800224,173.95505560012091,13133580
2023-09-26,170.5631866455078,174.43962270563298,170.5631866455078,172.5014046755704,8565258
2023-09-27,168.1404266357422,170.0786448102176,167.17131754850448,168.62498117936104,14559906
2023-09-28,168.1404266357422,171.53230844107418,167.65587209212333,169.1095357229799,12027553
2023-10-02,172.98594665527344,174.92416454496836,169.59406534830728,170.07861982073103,16136424
2023-10-03,170.07862854003906,174.43961901542468,170.07862854003906,172.5014010263644,8966514
2023-10-04,168.62496948242188,169.10952399242885,166.68675144239404,168.14041497241493,10585738
2023-10-05,167.17127990722656,170.07860651430877,167.17127990722656,170.07860651430877,10121371
2023-10-06,167.17127990722656,168.62494321076767,165.71761660368546,168.62494321076767,8563579
2023-10-11,166.20217895507812,172.01683244621788,165.71762449748314,168.62495124305303,18869301
2023-10-12,166.20217895507812,167.65584232786307,165.23307003988816,167.1712878702681,10301169
2023-10-13,163.7794189453125,166.2021914149177,162.8103099574704,165.71763692099665,14021894
2023-10-16,159.41842651367188,162.8103079288564,156.99565407425436,162.32575344097287,20637486
2023-10-17,161.35665893554688,164.74854065491272,160.8721044042089,162.32576799822283,13328905
2023-10-18,155.05743408203125,160.87208786010743,154.5728796005249,160.3875333786011,20447610
2023-10-19,155.05743408203125,156.5110975265503,151.18099822998047,152.6346616744995,12717397
2023-10-20,156.02655029296875,156.02655029296875,150.696450748799,152.63466876486072,11533717
2023-10-23,153.60377502441406,157.4802109871753,153.60377502441406,153.60377502441406,8850178
2023-10-24,152.1501007080078,152.63465516886134,147.30455609947253,152.63465516886134,24061696
2023-10-25,152.1501007080078,156.51109085568956,151.66554624715428,154.0883185514219,13944665
2023-10-26,144.39723205566406,149.24277675551855,143.42812311569315,147.7891133455622,28571871
2023-10-27,142.45901489257812,147.30455961681548,141.9744604201544,145.85089619954428,22663913
2023-10-30,141.00535583496094,144.39723724679848,140.52080134755556,141.97446480977166,14567601
2023-10-31,138.5825958251953,143.42814113376858,138.5825958251953,142.45903207205393,12966701
2023-11-01,140.0362548828125,141.97447294347427,137.6134823069853,140.0362548828125,9565192
2023-11-02,146.33546447753906,146.33546447753906,142.4590283324387,142.4590283324387,16890107
2023-11-03,150.69644165039062,151.18099612515073,146.33545137754976,147.30456032706994,18173800
2023-11-06,153.1192169189453,154.08832588678675,150.21189001542103,152.1501079511039,9964229
2023-11-07,148.7582244873047,152.1501058274061,148.27367001014733,151.66555135024873,10470675
2023-11-08,149.7273406982422,151.18100420016685,148.2736771963175,148.75823169695906,9284504
2023-11-09,149.7273406982422,150.21189519888375,147.3045681950344,149.7273406982422,7818527
2023-11-10,146.33546447753906,147.78912803195172,144.88180092312643,147.78912803195172,13085128
2023-11-13,151.18099975585938,152.63466321505032,148.27367283747748,148.75822732387445,14255579
2023-11-14,148.273681640625,151.18100873161765,147.30457261029412,150.21189970128677,10609708
2023-11-15,149.7273406982422,152.63466770209155,149.24278619760062,151.66555870080842,15068770
2023-11-16,150.21188354492188,152.63465586016255,148.75822015577748,151.18099247101816,9314347
2023-11-17,154.0883331298828,154.57288763658056,150.6964515829986,151.18100608969635,15114929
2023-11-20,155.05743408203125,157.96476097106935,153.6037706375122,154.08832511901855,17420385
2023-11-21,163.29486083984375,164.2639698062523,157.48020704139233,157.9647615245966,35641736
2023-11-22,165.71762084960938,166.68672974346674,160.38752193339386,162.3257397211086,25348146
2023-11-23,162.81031799316406,166.20219961802164,161.84120895749047,165.71764510018485,14499458
2023-11-24,161.84120178222656,164.26397426399643,161.35664728587258,162.8103107749345,7859495
2023-11-27,159.41842651367188,163.29486241673987,159.41842651367188,162.8103079288564,7275845
2023-11-28,164.74851989746094,165.71762883803424,159.4184207243078,160.87208413516774,16055114
2023-11-29,169.59408569335938,170.07864022391183,164.74854038783482,166.2022039794922,21683881
2023-11-30,171.53228759765625,171.53228759765625,167.6558517197431,171.0477331129171,19394504
2023-12-01,170.5631866455078,172.5014046755704,168.62496861544523,169.10952312296087,12260306
2023-12-04,171.53228759765625,172.01684208239539,167.6558517197431,170.56317862817795,10778967
2023-12-05,166.20217895507812,170.56316907343293,166.20217895507812,169.59406015824297,14568822
2023-12-06,164.74851989746094,167.65584671918083,164.74851989746094,167.1712922488942,7149139
2023-12-07,163.29486083984375,167.17129670547803,163.29486083984375,164.7485242894566,5876969
2023-12-08,169.10952758789062,169.59408210819976,166.20220046603578,166.20220046603578,9567070
2023-12-11,172.50140380859375,176.3778398492363,171.04774029335277,175.89328534415597,27400648
2023-12-12,170.5631866455078,174.43962270563298,170.07863213799217,173.95506819811735,12804727
2023-12-13,171.53228759765625,172.50139656713452,169.59406965869968,171.0477331129171,7525887
2023-12-14,174.92416381835938,174.92416381835938,171.5322825254826,172.01683699589356,17095208
2023-12-15,176.37783813476562,177.3469471355061,173.4705111325442,177.3469471355061,23051309
2023-12-18,170.5631866455078,176.86239524321124,170.5631866455078,176.3778407356956,13991262
2023-12-19,169.10952758789062,172.50140923005463,168.14041854727233,171.0477456691272,10369336
2023-12-20,167.65585327148438,171.5322891852759,167.65585327148438,169.10951673915622,12339155
2023-12-21,173.4705047607422,174.439613725886,165.23307855701978,165.23307855701978,16442190
2023-12-22,169.59408569335938,173.470521937779,169.59408569335938,172.5014128766741,9108214
2023-12-25,169.59408569335938,172.01685834612164,169.10953116280692,170.07864022391183,4268165
2023-12-26,172.016845703125,172.98595469300176,169.5940732284331,170.56318221830986,7172908
2023-12-27,172.50140380859375,173.47051281875437,171.5322947984331,172.01684930351342,5512016
2023-12-28,170.07862854003906,173.47051002089455,170.07862854003906,172.98595552362949,4919349
2023-12-29,170.5631866455078,171.04774115302348,168.62496861544523,170.07863213799217,6706369
2024-01-02,167.65585327148438,171.5322891852759,166.6867442930365,170.56318020682804,7442862
2024-01-03,164.74851989746094,166.20218330832088,162.81030201631435,165.71762883803424,10989371
2024-01-04,159.41842651367188,164.7485258803904,158.93387202578836,164.26397139250687,12936304
2024-01-05,155.05743408203125,159.4184244155884,155.05743408203125,158.4493154525757,16273014
2024-01-08,156.02655029296875,158.4493228130459,155.5419957889533,155.5419957889533,5763771
2024-01-09,157.48020935058594,160.87209078275242,156.51110036996695,157.48020935058594,9817125
2024-01-10,157.48020935058594,158.44931833120492,155.05743689903846,156.99565486027646,11156265
2024-01-11,155.54200744628906,158.44933468827577,155.05745290595794,157.96478014794465,8912327
2024-01-12,154.0883331298828,156.51110566337152,153.60377862318506,155.54199664997606,8817466
2024-01-15,154.5728759765625,156.51109385714634,152.15010362583268,155.54198491685443,10091728
2024-01-16,156.99566650390625,157.9647755563995,153.60378482017987,154.0883393464265,7766265
2024-01-17,153.60377502441406,157.4802109871753,153.60377502441406,156.02654750113985,10004357
2024-01-18,152.1501007080078,155.05742747312897,150.69643732544722,154.57287301227544,9303098
2024-01-19,164.26397705078125,164.26397705078125,155.0574414638643,155.0574414638643,24585807
2024-01-22,169.59408569335938,169.59408569335938,166.2022039794922,167.17131304059708,22083644
2024-01-23,169.10952758789062,170.07863662850892,165.71764594572664,169.59408210819976,13503125
2024-01-24,164.26397705078125,167.65585858280326,163.77942254620666,167.65585858280326,18743322
2024-01-25,170.07862854003906,171.0477375345692,167.6558560537137,168.62496504824387,29620496
2024-01-26,166.20217895507812,170.07861461583795,166.20217895507812,169.59406015824297,16377804
2024-01-29,172.50140380859375,172.98595831367405,166.20219524254958,166.6867497476299,20568532
2024-01-30,172.50140380859375,174.92417633399535,171.5322947984331,174.43962182891502,14529836
2024-01-31,170.5631866455078,172.5014046755704,170.07863213799217,171.53229566053912,8119379
2024-02-01,172.016845703125,172.016845703125,169.10951873349472,169.5940732284331,7790819
2024-02-02,174.43960571289062,174.43960571289062,172.0168334113227,172.98594233194987,9917609
2024-02-05,171.04774475097656,173.95507185722545,170.56319023326841,173.4705173395173,8724711
2024-02-15,174.92416381835938,177.3469361704142,170.56317358466066,177.3469361704142,14680713
2024-02-16,176.37783813476562,177.3469471355061,174.43962013328468,176.37783813476562,10506826
2024-02-19,186.55348205566406,189.46080904873935,175.8932830810547,177.34694657759235,46342707
2024-02-20,184.61526489257812,187.52259189876045,182.19249238742617,187.52259189876045,22391151
2024-02-21,183.6461639404297,186.55349107405127,182.19250037361888,185.09982750724046,13992212
2024-02-22,183.16160583496094,187.52259645007905,180.25427875821552,186.55348742449726,15813184
2024-02-23,182.19248962402344,186.55348006715167,181.2233806366616,185.09981658610891,16115442
2024-02-26,189.94534301757812,190.42989746405152,182.6770263204769,183.16158076695032,37847856
2024-02-27,173.4705047607422,185.5843668250398,171.53228683045455,185.5843668250398,65740958
2024-02-29,173.95506286621094,173.95506286621094,167.17129996892137,169.59407243223907,29155346
2024-03-01,172.50140380859375,175.40873083907564,172.01684930351342,173.9550673238347,10791908
2024-03-04,174.92416381835938,176.37782722959227,173.95505487753744,174.4396093479484,9937457
2024-03-05,172.50140380859375,177.83150336447724,172.50140380859375,176.3778398492363,8670442
2024-03-06,168.62496948242188,170.5631875224497,167.65586046240796,169.5940785024358,16535165
2024-03-07,167.17127990722656,170.56316094882246,167.17127990722656,169.59405207979506,14745213
2024-03-08,168.1404266357422,171.53230844107418,166.2022084612668,167.65587209212333,16443209
2024-03-11,171.53228759765625,172.50139656713452,167.17129723500398,167.17129723500398,10198686
2024-03-12,176.37783813476562,176.37783813476562,171.53229313106328,171.53229313106328,15448302
2024-03-13,172.016845703125,178.31605413732393,171.53229120818662,177.83149964238555,11268451
2024-03-14,172.016845703125,175.40872716769366,170.56318221830986,172.016845703125,8690911
2024-03-15,166.68673706054688,172.01683621073877,166.68673706054688,170.56317280614098,16746296
2024-03-18,181.223388671875,181.70794318704046,169.10952579273896,169.10952579273896,35904647
2024-03-19,186.55348205566406,188.4917000510476,181.22338256835937,183.1616005637429,42104883
2024-03-20,190.42991638183594,192.85268885488728,187.03803491956404,188.49169840339485,38738341
2024-03-21,193.82180786132812,197.69824401855467,191.88358978271484,193.3372533416748,33826537
2024-03-22,193.82180786132812,194.30636238098145,188.97626266479492,193.82180786132812,18139126
2024-03-25,191.88357543945312,193.337238889752,188.97624853885534,193.337238889752,11565970
2024-03-26,184.13072204589844,196.7291398700915,183.6461675141987,193.8218126798931,24729562
2024-03-27,185.58438110351562,187.0380446630732,182.67705398440052,184.13071754395807,11892206
2024-03-28,184.13072204589844,187.03804923609684,182.67705845079925,185.58438564099762,9023211
2024-03-29,186.55348205566406,188.97625454989347,183.1616005637429,184.13070956143466,8236000
2024-04-01,187.0380401611328,192.85269425940635,186.55348565294335,186.55348565294335,13436352
2024-04-02,187.5225830078125,190.42990987615067,186.0689195736434,188.00713748586887,7894057
2024-04-03,186.0689239501953,188.00714190800983,183.1615970134735,185.58436946074167,7791644
2024-04-08,192.85269165039062,193.82180065365893,188.97625563731745,189.4608101389516,22212489
2024-04-09,187.5225830078125,193.82179122254522,186.0689195736434,193.82179122254522,11919242
2024-04-10,185.58438110351562,188.97626274248327,185.58438110351562,187.0380446630732,6822238
2024-04-11,186.55348205566406,187.03803655450994,183.1616005637429,184.61526406028054,6088688
2024-04-12,188.00714111328125,188.97625008809197,183.64615072663298,185.09981418884908,8138229
2024-04-15,176.86239624023438,184.13071389394264,176.37784172998715,184.13071389394264,21575678
2024-04-16,171.53228759765625,178.31605038400423,170.56317862817795,173.95506002135195,15657336
2024-04-17,173.4705047607422,174.9241682084579,168.62495993502313,170.56317786531073,16307470
2024-04-18,172.98594665527344,174.92416454496836,170.56317429315476,171.53228323800224,7781664
2024-04-19,164.74851989746094,172.985945892334,162.81030201631435,171.53228248147403,21156324
2024-04-22,162.3257598876953,166.2021959447149,161.3566508734404,164.74853242333256,11370130
2024-04-23,164.74851989746094,167.1712922488942,163.77941095688763,165.2330743677476,9440644
2024-04-24,181.223388671875,181.223388671875,172.01685288373162,172.50140739889707,21536729
2024-04-25,178.31605529785156,188.0071452596913,177.34694630166757,184.13070927495542,38617731
2024-04-26,176.86239624023438,181.22338683245934,174.4396236889983,180.73883232221212,17285261
2024-04-29,178.31605529785156,179.28516429403552,175.8932828073916,177.34694630166757,7224736
2024-04-30,176.37783813476562,181.22338313846797,176.37783813476562,177.3469471355061,7723910
2024-05-02,172.50140380859375,177.83150336447724,172.50140380859375,174.92417633399535,10397347
2024-05-03,170.5631866455078,175.89328622817993,170.5631866455078,174.92417721314865,8306177
2024-05-06,178.31605529785156,179.76971879212752,172.9859558188397,173.47051031693167,13363584
2024-05-07,176.37783813476562,180.73882863809774,174.92417463365493,180.2542741377275,7548943
2024-05-08,183.16160583496094,184.13071486054275,173.4705155791429,175.4087336303065,19836940
2024-05-09,184.61526489257812,188.00714639979086,181.2233833853654,182.67704688845657,18212088
2024-05-10,184.13072204589844,185.58438564099762,181.22339485570004,183.6461675141987,8660400
2024-05-13,180.73883056640625,184.130712105186,179.28516704978637,183.16160309410608,8875938
2024-05-14,177.8314971923828,180.25426963369594,177.34694270412018,179.28516065717068,7062026
2024-05-15,176.86239624023438,179.28516879147045,176.37784172998715,178.31605977097604,7981245
2024-05-16,177.34693908691406,182.6770383490891,177.34693908691406,180.25426595719134,9851593
2024-05-17,177.8314971923828,178.80060616890808,175.89327923933232,177.34694270412018,4910286
2024-05-20,174.92416381835938,177.3469361704142,173.47050040712645,176.37782722959227,10246413
2024-05-21,176.37783813476562,177.3469471355061,173.95506563291445,175.40872913402515,5657614
2024-05-22,176.86239624023438,178.31605977097604,174.92417819924552,175.4087327094927,5954601
2024-05-23,185.09982299804688,185.09982299804688,176.3778418096572,176.3778418096572,21009901
2024-05-24,183.16160583496094,184.13071486054275,181.22338778379734,182.67705132217003,6899177
2024-05-27,186.0689239501953,187.03803292910257,182.19248803456622,183.64615150292713,9531935
2024-05-28,186.0689239501953,187.03803292910257,182.19248803456622,185.09981497128803,7175660
2024-05-29,185.09982299804688,196.24457673876697,185.09982299804688,188.0071500608434,35515588
2024-05-30,181.7079315185547,184.61525842285155,180.25426806640624,184.61525842285155,10496555
2024-05-31,176.86239624023438,184.61526840418986,176.86239624023438,183.1616048734482,16688489
2024-06-03,182.6770477294922,187.03803825884347,181.22338421970844,181.22338421970844,12338454
2024-06-04,181.7079315185547,184.61525842285155,180.73882255045572,183.1615949707031,10117933
2024-06-05,179.76971435546875,183.16159575840211,178.31605089706875,182.19248678613545,5608143
2024-06-06,181.7079315185547,186.068921875,181.7079315185547,181.7079315185547,8486421
2024-06-07,178.31605529785156,185.09981827113938,177.83150079975957,184.13070927495542,11013613
2024-06-11,176.86239624023438,179.28516879147045,176.37784172998715,178.31605977097604,6472872
2024-06-12,179.76971435546875,183.64615024453548,177.8314964109354,177.8314964109354,10193404
2024-06-13,178.31605529785156,183.16160027877143,178.31605529785156,182.19249128258747,9199570
2024-06-14,176.86239624023438,179.76972330171768,176.37784172998715,179.28516879147045,10554192
2024-06-17,178.31605529785156,179.28516429403552,176.3778373054836,177.83150079975957,5031937
2024-06-18,184.13072204589844,185.58438564099762,179.28517672890112,180.25428579230058,14745002
2024-06-19,183.16160583496094,188.97625998845177,182.67705132217003,187.03804193728814,11958054
2024-06-20,184.61526489257812,187.03803739773008,182.67704688845657,184.61526489257812,5752487
2024-06-21,181.223388671875,183.16160673253677,179.28517061121323,182.6770522173713,11686077
2024-06-24,180.2542724609375,182.19249044438843,178.31605447748655,180.73882695680024,6889955
2024-06-25,174.43960571289062,178.80059585571288,173.95505125257705,178.80059585571288,23597486
2024-06-26,174.43960571289062,177.34693247477213,173.95505125257705,175.4087146335178,13786962
2024-06-27,172.98594665527344,174.92416454496836,170.07861982073103,172.98594665527344,11989663
2024-06-28,174.43960571289062,175.4087146335178,172.5013878716363,173.47049679226345,10446847
2024-07-01,173.95506286621094,175.8932808368651,172.5013993882203,175.40872634420157,5864365
2024-07-02,172.98594665527344,175.40871901739212,171.53228323800224,172.98594665527344,9523536
2024-07-03,177.34693908691406,177.34693908691406,173.4705032598777,173.95505773825724,8638101
2024-07-04,175.89328002929688,181.7079339145629,174.9241710484192,180.25427044324638,19102262
2024-07-05,172.98594665527344,177.8314913795108,172.98594665527344,176.86238243466332,14456262
2024-07-08,175.4087371826172,175.89329170522112,172.5014100469937,173.95507361480546,7578264
2024-07-09,171.53228759765625,176.37783244504766,171.53228759765625,175.4087234755694,12647057
2024-07-10,170.07862854003906,171.53229203183426,168.1404105509788,170.07862854003906,20736827
2024-07-11,186.81491088867188,186.81491088867188,172.52036625602943,173.01328158818953,67326661
2024-07-12,187.30783081054688,195.68739166259766,183.8574234008789,185.33616943359377,73163879
2024-07-15,188.2936553955078,191.25114736507078,184.84324809768438,190.75823203681028,25480397
2024-07-16,195.1944580078125,196.67320390181106,189.2794744318182,189.7723897298177,39259665
2024-07-17,212.44650268554688,213.92524864391495,193.7157205462179,195.194466504586,76218793
2024-07-18,202.09527587890625,214.91107386147104,199.63069934379763,205.5456830280583,58965119
2024-07-19,189.77239990234375,204.06694431057224,188.29365392907874,202.58819833730723,51344010
2024-07-22,187.8007354736328,194.2086345842817,185.336158892614,192.23697331946667,34634612
2024-07-23,191.74404907226562,199.630693764184,190.26530319253095,193.22279495200033,41806980
2024-07-26,188.2936553955078,190.75823203681028,182.8715867846424,183.8574174411634,25750400
2024-07-29,178.4353485107422,192.72989300469666,178.4353485107422,191.25114702256346,26245601
2024-07-30,180.89991760253906,182.3786635229958,173.01327269343656,178.43534106844453,23960598
2024-07-31,176.95660400390625,179.42118066134225,170.5487046945726,175.97077334093183,35713324
2024-08-01,180.40699768066406,187.80072709380605,177.94242120961675,181.392828269083,36491333
2024-08-02,163.64788818359375,173.99911002653192,163.15497285773955,171.04161807140673,54797326
2024-08-05,147.38168334960938,151.32500598103707,147.38168334960938,149.35334466532322,28571076
2024-08-06,138.5092010498047,150.83208370548127,133.58004798753404,148.860422480573,57369124
2024-08-07,146.39585876464844,148.36752016215212,139.49504387338555,140.4808745721374,40911544
2024-08-08,141.95960998535156,143.93127123514813,139.4950334231059,140.9737793604533,22005560
2024-08-09,145.90293884277344,149.35334618027144,144.42419284098855,148.36751551241488,47335890
2024-08-12,155.76123046875,159.2116374728046,147.8745858880538,147.8745858880538,30457420
2024-08-13,155.26832580566406,160.1974790058439,154.7754104856461,158.22581772577195,19451436
2024-08-14,157.23997497558594,159.70455138586158,154.7753985653103,158.2258055396962,19776608
2024-08-15,154.77540588378906,158.71872832668814,153.7895752730643,156.7470671052386,10600390
2024-08-16,157.23997497558594,161.18329723202697,156.74705969353082,158.71872082175133,15738205
2024-08-19,156.254150390625,157.73289629337538,154.2824891869578,157.23998099245858,12708874
2024-08-20,155.76123046875,158.7187221865111,155.76123046875,157.73289161392404,8841642
2024-08-21,150.83209228515625,155.76124562780842,149.8462616166258,154.77541495927798,19312828
2024-08-22,159.21165466308594,162.16914670017113,151.81792457037298,152.31083990988716,33347274
2024-08-23,160.19747924804688,161.1833098895733,154.77541071965143,158.7187332857572,18893077
2024-08-26,158.225830078125,161.6762375876168,157.73291471962617,160.69040687061917,10120318
2024-08-27,157.73289489746094,158.2258101940155,154.77540311813354,156.74706430435182,8164298
2024-08-28,156.7470703125,159.21164688974056,155.26832436615567,158.71873157429246,7095141
2024-08-29,162.1691436767578,163.64788966773128,153.29666773091697,154.28249839156592,22369854
2024-08-30,161.18331909179688,168.08413397646098,160.19748839398773,164.63372653412893,28597800
2024-09-02,160.19747924804688,163.64788649338942,158.22581796499398,162.16914053109974,13122196
2024-09-03,154.28248596191406,162.16913061172437,153.78957067130094,160.1974694492718,20362374
2024-09-04,140.97378540039062,145.41002340250083,139.987954733255,143.43836206822962,38491655
2024-09-05,139.98794555664062,143.43835266543107,139.98794555664062,141.95960676166374,20047656
2024-09-06,140.48086547851562,142.45252674838954,139.49503484357868,140.48086547851562,11198398
2024-09-09,139.98794555664062,141.46669146040796,137.03045374910596,137.03045374910596,9490440
2024-09-10,137.52337646484375,142.45252974315358,136.0446304813508,140.97378375966062,17345772
2024-09-11,136.0446319580078,138.50920862391376,135.55171662482664,138.50920862391376,9612047
2024-09-12,143.9312744140625,144.91710506073417,140.4808671507117,140.9737824740475,13969683
2024-09-13,145.41001892089844,147.87459551277806,142.9454423290188,145.41001892089844,12269759
2024-09-16,144.42417907714844,147.38167079886477,143.438348503243,145.9029249380066,8241418
2024-09-18,140.97378540039062,144.917108068933,139.987954733255,144.917108068933,11492425
2024-09-19,144.91709899902344,145.90292960445896,139.495030669128,141.95960718271684,14045469
2024-09-20,144.91709899902344,150.33916732891888,144.91709899902344,147.87459081533004,14736367
2024-09-23,147.38168334960938,147.38168334960938,144.42419137603864,146.8887680206809,7342464
2024-09-24,142.9454345703125,145.9029263200431,141.95960398706896,145.9029263200431,12147551
2024-09-25,144.42417907714844,147.38167079886477,144.42417907714844,145.9029249380066,13108687
2024-09-26,144.42417907714844,148.86041665972294,143.438348503243,146.39584022495933,18612961
2024-09-27,146.88876342773438,153.29666250344093,146.3958481142185,146.3958481142185,35696306
2024-09-30,141.95960998535156,147.38167842229208,141.95960998535156,144.9171018600464,18462114
2024-10-01,142.45252990722656,143.9312758924227,140.97378392203044,142.94544523562527,9126888
2024-10-04,138.5092010498047,141.95960819339413,138.0162857435776,141.95960819339413,16963420
2024-10-07,139.4950408935547,139.98795623240116,138.01629487701524,139.4950408935547,14369976
2024-10-08,135.05880737304688,139.00213021605555,135.05880737304688,138.01629950530338,18335342
2024-10-09,140.48086547851562,143.93127270079495,137.52337357370476,137.52337357370476,21472570
2024-10-11,139.0021209716797,141.95961290724733,138.50920564908506,140.4808669394635,13176355
2024-10-14,141.46669006347656,141.95960535986498,138.50919828514606,139.9879441743113,7946440
2024-10-15,142.9454345703125,143.43834986193426,140.97377340382542,142.45251927869072,11027302
2024-10-16,140.48086547851562,142.945442065858,139.49503484357868,140.48086547851562,13131335
2024-10-17,144.91709899902344,148.3675061180478,141.95960718271684,142.4525224854346,24831155
2024-10-18,142.45252990722656,147.87459851961236,141.46669925042914,147.38168319121365,16775660
2024-10-21,149.3533477783203,151.81792447433222,143.4383637078918,143.93127904709416,39420359
2024-10-22,161.18331909179688,163.64789583631978,153.29667350932363,154.2825042071328,77518814
2024-10-23,165.1266326904297,166.6053786548216,161.6762254401819,164.14080204750175,67611902
2024-10-24,159.21165466308594,165.61955407677053,158.71873932357175,165.61955407677053,33361597
2024-10-25,163.64788818359375,165.12663416115635,159.70456557676016,162.16914220603115,25563020
2024-10-28,163.64788818359375,165.12663416115635,159.21165025090596,164.63371883530215,29671000
2024-10-29,161.18331909179688,162.6620651385106,158.2258269983694,162.6620651385106,24332963
2024-10-30,159.21165466308594,164.14080805822792,153.78958592842977,157.73290864454336,44627573
2024-11-01,163.64788818359375,164.14080350944795,153.2966663406556,153.7895816665098,31978477
2024-11-04,161.18331909179688,165.1266418830335,160.19748839398773,164.63372653412893,19827540
2024-11-05,162.6620635986328,165.61955566406252,161.18331756591797,161.18331756591797,18332429
2024-11-06,163.64788818359375,165.61954948701054,162.16914220603115,163.15497285773955,11585119
2024-11-07,173.99911499023438,174.49203033015004,163.64789285200513,164.6337235318365,52842410
2024-11-08,171.53453063964844,176.46368381894868,170.54870000378838,176.46368381894868,35463620
2024-11-11,168.08412170410156,172.52035952033884,167.09829107827107,172.0274442074236,15862228
2024-11-12,165.1266326904297,169.06995526214143,164.14080204750175,165.1266326904297,18687777
2024-11-13,167.09829711914062,168.5770431113454,162.66205914252626,166.11246645767076,20745950
2024-11-14,163.64788818359375,167.59121079042734,161.67622688017696,166.11246481286474,14787496
2024-11-15,161.18331909179688,165.1266418830335,159.70457304508315,164.14081118522435,12009343
2024-11-18,156.7470703125,160.69039283608492,154.28249373525944,160.69039283608492,17904581
2024-11-19,157.23997497558594,160.19746666791673,156.74705969353082,158.71872082175133,9083822
2024-11-20,155.26832580566406,155.26832580566406,155.26832580566406,155.26832580566406,9946676
2024-11-21,158.225830078125,160.19749151212034,153.2966764931367,153.78959185163552,10732058
2024-11-22,158.71873474121094,160.690396042344,157.7329040906444,159.70456539177746,9522961
2024-11-25,156.7470703125,162.16913878242926,156.7470703125,159.7045622051887,12510785
2024-11-26,156.254150390625,160.19747279795936,155.2683197887914,156.254150390625,10565680
2024-11-27,147.87460327148438,156.74707946777343,147.87460327148438,156.74707946777343,21131579
2024-11-28,144.91709899902344,148.3675061180478,141.95960718271684,147.87459081533004,25643628
2024-11-29,146.88876342773438,148.86042468179792,141.95961029257552,142.94544091960728,10398919
2024-12-02,146.39585876464844,149.35335086090396,146.39585876464844,148.86043551152804,8827224
2024-12-03,146.88876342773438,150.83208593586147,146.3958481142185,148.86042468179792,11759628
2024-12-04,147.87460327148438,149.8462646484375,146.8887725830078,148.36751861572267,10543593
2024-12-05,151.3249969482422,153.78957344577057,146.8887592526911,148.8604204507138,20140699
2024-12-06,149.3533477783203,153.29667049193932,148.86043243911794,151.81792447433222,10933686
2024-12-09,146.39585876464844,148.86043551152804,144.91711271652068,147.8746048127762,12351171
2024-12-10,145.90293884277344,149.35334618027144,145.90293884277344,147.3816848445583,6737558
2024-12-11,145.90293884277344,148.36751551241488,144.42419284098855,145.41002350884514,6115420
2024-12-12,144.91709899902344,150.83208263163664,144.91709899902344,147.87459081533004,12084570
2024-12-13,139.4950408935547,145.41002495971247,138.01629487701524,144.4241942820195,22738827
2024-12-16,135.5517120361328,140.4808652010831,135.05879671963777,139.98794988458806,18277986
2024-12-17,139.4950408935547,141.4667022489406,136.5375488604758,136.5375488604758,12814625
2024-12-18,140.97378540039062,141.9596160675262,138.50920873255163,139.987954733255,9909926
2024-12-19,139.4950408935547,140.48087157124766,137.03046419932227,138.01629487701524,12135368
2024-12-20,139.0021209716797,141.95961290724733,138.50920564908506,139.49503629427429,9362611
2024-12-23,143.4383544921875,145.41001572232065,140.48086264698776,141.46669326205435,15260023
2024-12-24,143.4383544921875,149.35333818258698,142.94543918465422,145.41001572232065,20341272
2024-12-25,142.9454345703125,145.9029263200431,141.95960398706896,145.41001102842134,10031299
2024-12-26,143.4383544921875,145.41001572232065,142.94543918465422,144.91710041478737,8159672
2024-12-27,142.9454345703125,145.9029263200431,142.9454345703125,143.43834986193426,7186420
2024-12-30,139.4950408935547,142.45253292663358,139.0021255547082,142.45253292663358,8053647
2024-12-31,139.0021209716797,139.98795161686888,137.52337500389586,138.50920564908506,8138018
2025-01-02,144.91709899902344,147.38167551261228,139.00211536641024,139.98794597184576,23489969
2025-01-03,147.38168334960938,149.35334466532322,144.42419137603864,147.87459867853784,23418241
2025-01-06,149.3533477783203,151.32500913512982,147.3816864215108,149.3533477783203,17426020
2025-01-07,151.8179168701172,153.78957812817066,150.83208624109045,152.80374749914392,19259538
2025-01-08,150.83209228515625,152.3108382879519,150.33917695089104,150.83209228515625,9544499
2025-01-09,143.4383544921875,149.84625349012026,143.4383544921875,149.35333818258698,15289545
2025-01-10,142.9454345703125,145.9029263200431,142.45251927869072,143.43834986193426,6797381
2025-01-13,138.01629638671875,141.959619140625,135.55171966552734,141.959619140625,14504922
2025-01-14,138.5092010498047,139.4950316622588,137.52337043735056,138.0162857435776,7517247
2025-01-15,136.5375518798828,139.00212862861716,136.04463653013593,137.52338257937654,8230346
2025-01-16,139.98794555664062,141.46669146040796,139.49503025538485,139.49503025538485,6767117
2025-01-17,139.98794555664062,141.46669146040796,139.00211495412907,140.97377615915218,3827293
2025-01-20,139.0021209716797,141.95961290724733,138.50920564908506,141.46669758465274,9275628
2025-01-21,137.52337646484375,139.0021224483367,136.53754580918178,139.0021224483367,15443683
2025-01-22,137.03045654296875,138.01628716558002,135.05879529774617,137.03045654296875,21295743
2025-02-03,124.70758056640625,134.0729719923419,123.72174988999197,133.08714131592762,41494547
2025-02-04,119.7784194946289,125.69340317337601,119.7784194946289,125.20048786681375,31575640
2025-02-05,121.25716400146484,123.2288252047407,118.79258749737004,120.27133339982691,18349152
2025-02-06,121.75008392333984,123.22882988192292,121.25716860381216,121.75008392333984,11483724
2025-02-07,123.22883605957031,123.7217514038086,121.25717468261719,121.75009002685547,10229991
2025-02-10,121.75008392333984,124.2146605209783,121.75008392333984,123.72174520145062,10273089
2025-02-11,122.73590850830078,125.20048498437107,122.24299321308672,122.73590850830078,9509844
2025-02-12,120.2713394165039,125.20049267127865,120.2713394165039,123.72174669484623,14117344
2025-02-13,126.18632507324219,126.18632507324219,120.27134108543396,120.76425641775131,18345365
2025-02-14,124.70758056640625,126.67924191923481,123.72174988999197,126.67924191923481,12772943
2025-02-17,123.22883605957031,124.70758209228516,122.24300537109376,123.7217514038086,20799333
2025-02-18,126.18632507324219,126.67924040555954,123.22883307933807,123.72174841165543,13627117
2025-02-19,128.15797424316406,132.1012965275691,126.67922838651218,127.1721436720628,32438645
2025-02-20,125.69340515136719,130.12964298023897,125.20048983704811,129.6367276659199,20176203
2025-02-21,129.63671875,131.608379871673,125.20048122623574,125.693396506654,27304882
2025-02-24,128.65089416503906,130.12964007498204,126.67923295178176,127.17214825509609,15454111
2025-02-25,127.66506958007812,129.63673088633416,127.17215425351412,127.17215425351412,14499147
2025-02-26,123.72174835205078,125.20049434829043,122.24300235581113,124.70757901621054,24197708
2025-02-27,116.32801055908203,123.22882474479029,115.83509526010288,122.24299414683196,47457619
2025-03-03,112.38469696044922,115.34218898572419,111.39886628535756,112.38469696044922,22834189
2025-03-04,111.89177703857422,112.38469235592477,108.93428513447094,109.92011576917203,26965447
2025-03-05,114.35635375976562,114.84926907769565,111.8917771701155,113.37052312390557,15147698
2025-03-06,111.89177703857422,114.8492689426775,111.89177703857422,114.8492689426775,11621411
2025-03-07,110.41303253173828,112.8776091507503,109.92011720793587,110.41303253173828,14059922
2025-03-10,111.39886474609375,113.86344139976839,111.39886474609375,112.38469540756361,11637315
2025-03-11,107.94845581054688,107.94845581054688,104.49804854719606,107.45554048721105,19871968
2025-03-12,110.41303253173828,111.3988631793431,107.94845591272627,108.44137123652867,9361793
2025-03-13,105.97679901123047,112.8776138305664,105.97679901123047,111.89178314208985,18006466
2025-03-14,104.49805450439453,105.976800558702,102.03347774721541,105.48388520726618,30471649
2025-03-17,105.97679901123047,106.96262969970704,104.00513763427735,105.48388366699218,20811281
2025-03-18,106.46971130371094,107.45554196393049,105.97679597360116,105.97679597360116,7157584
2025-03-19,103.01930236816406,106.96262494684977,102.52638704582836,105.48387897984263,15308005
2025-03-20,107.94845581054688,107.94845581054688,104.49804854719606,104.9909638705319,11886948
2025-03-21,108.44136810302734,109.42719872214577,106.46970686479048,107.94845279346814,11977583
2025-03-24,104.990966796875,109.9201201676203,104.990966796875,109.42720483054578,8014067
2025-03-25,104.49805450439453,107.9484619644453,104.49805450439453,106.96263126157365,9082463
2025-03-26,105.48387908935547,106.96262505789784,105.48387908935547,105.48387908935547,5708997
2025-03-27,103.01930236816406,104.00513301283549,102.03347172349264,104.00513301283549,8305159
2025-03-28,97.59722900390625,102.03346668590198,96.61139840790719,102.03346668590198,31728084
2025-03-31,91.1893310546875,95.23123503501553,90.69641575168919,93.16099226668075,28781939
2025-04-01,94.04824829101562,94.44258206691646,90.8935856051002,93.25958073921397,19303006
2025-04-02,95.03407287597656,95.03407287597656,91.68224727769515,93.16099320152894,14371059
2025-04-07,85.57009887695312,85.57009887695312,85.57009887695312,85.57009887695312,1617496
2025-04-08,77.09195709228516,79.35937069200172,77.09195709228516,77.38770930834951,16374140
2025-04-09,69.40248107910156,73.34580378221766,69.40248107910156,70.48689331820026,27615561
2025-04-10,76.30329132080078,76.30329132080078,75.71179445438806,76.30329132080078,15604973
2025-04-11,77.19054412841797,79.65512079252721,72.35997236250563,74.92313058892103,36689800
2025-04-14,83.4998550415039,84.88001948873769,82.21827967865845,83.40127347840674,27343902
2025-04-15,87.54176330566406,89.0205092566294,85.47151295727991,85.76726515598932,29270490
2025-04-16,83.99276733398438,86.5559330093563,83.99276733398438,85.17576861214623,18003443
2025-04-17,83.4998550415039,83.89418881518372,81.528193694396,82.51402436794994,12470441
2025-04-18,83.99276733398438,85.17576861214623,83.10552577697658,83.49985201507299,8532107
2025-04-21,80.04944610595703,83.69702403897242,79.8522829836496,83.30269027306656,10414468
2025-04-22,79.85228729248047,82.3168640607669,78.17637809856225,78.27495966503542,11388599
2025-04-23,87.54176330566406,87.83750798308262,84.97859764029147,85.07718672072184,31792768
2025-04-24,85.27435302734375,88.03468191420197,84.58427456627476,87.5417665787838,23193570
2025-04-25,91.28791809082031,93.06241629664929,89.31625676047305,89.51342740628243,36960909
2025-04-28,93.94966125488281,94.63973968154444,91.48508470067593,92.17516312733756,28246686
2025-04-29,94.63973999023438,95.03407374445185,93.25957561111863,94.14682467778525,23078227
2025-04-30,92.56949615478516,95.3298173610893,92.2737439620819,93.85107144015436,17348545
2025-05-02,93.25957489013672,95.03407300975142,92.8652411389678,93.65390864130562,15933163
2025-05-05,91.1893310546875,94.83690128835875,89.31625139903579,94.14682287267736,24464386
2025-05-06,90.99217224121094,91.87941381149587,89.71058938434673,89.71058938434673,8854218
2025-05-07,89.61200714111328,91.87941311199953,89.21767337882713,91.28791622921575,9741831
2025-05-08,91.28791809082031,91.87941498566627,90.00634273886924,90.30208742564668,9176661
2025-05-09,92.56949615478516,93.06241146176347,90.59783492687191,92.2737439620819,9623422
2025-05-12,99.56889343261719,100.5547240606629,93.75249122288932,93.85107278143572,28707239
2025-05-13,98.38590240478516,104.4980494589628,97.99156863841766,102.52638814841633,31261779
2025-05-14,101.04763793945312,102.03346855349656,98.5830614043445,100.06180732540967,18937044
2025-05-15,99.56889343261719,100.5547240606629,98.58306280457147,100.5547240606629,10169702
2025-05-16,100.55472564697266,102.03347161236931,99.56889500337489,101.04764096877155,11942243
2025-05-19,97.59722900390625,101.04763608990294,97.59722900390625,100.5547207919034,9522647
2025-05-20,99.07598114013672,102.03347311446916,98.48448424952844,99.07598114013672,13144269
2025-05-21,101.04763793945312,101.54055324647484,98.5830614043445,99.56889201838796,9963716
2025-05-22,100.55472564697266,101.04764096877155,99.075979681576,100.06181032517378,8655873
2025-05-23,104.49805450439453,106.96263126157365,100.06181634147212,100.55473169290795,37532177
2025-05-26,102.52638244628906,104.99095894740178,102.03346714606653,104.49804364717924,17989829
2025-05-27,108.93428039550781,110.90594157913691,103.01929684462051,104.49804273234234,67964056
2025-05-28,107.94845581054688,113.37052436724102,104.00513322386023,110.41303242722603,74187017
2025-05-29,104.49805450439453,109.92012337018859,104.49805450439453,109.92012337018859,31858999
2025-06-02,99.56889343261719,103.0193006307772,99.07597811859434,102.52638531675433,18342918
2025-06-03,100.55472564697266,102.03347161236931,100.06181032517378,101.54055629057044,10919811
2025-06-04,101.54055786132812,104.00513450844774,100.06181187305636,102.03347319075205,22223704
2025-06-05,101.54055786132812,102.52638852017597,100.55472720248028,101.54055786132812,11648951
2025-06-06,101.54055786132812,103.0193038495999,100.55472720248028,101.0476425319042,6404705
2025-06-09,98.58306884765625,101.54056091308594,96.70998903529254,101.54056091308594,19265030
2025-06-10,105.48387908935547,105.97679441220293,100.06181053803347,100.06181053803347,25735944
2025-06-11,107.45553588867188,108.4413664931551,104.00512877298058,105.48387467970542,24114317
2025-06-12,105.48387908935547,106.96262505789784,104.99096376650802,106.96262505789784,10353464
2025-06-13,101.04763793945312,104.49804508860518,101.04763793945312,104.00512978158345,13991909
2025-06-16,101.54055786132812,101.54055786132812,99.56889654363243,100.55472720248028,8555554
2025-06-17,100.06181335449219,103.51222071154365,98.58306734432728,102.52639003810037,15751294
2025-06-18,102.0334701538086,102.52638546856129,99.5688935800451,100.06180889479779,11758926
2025-06-19,99.07598114013672,102.03347311446916,99.07598114013672,101.54055778541375,9687034
2025-06-20,98.58306884765625,101.54056091308594,98.58306884765625,100.0618148803711,37242322
2025-06-23,108.44136810302734,108.44136810302734,96.907152867858,97.59723129272462,60612825
2025-06-24,109.92011260986328,114.84926564169571,108.93428200349679,111.39885851941301,83540889
2025-06-25,112.38469696044922,114.35635831063253,110.90595094781173,112.38469696044922,36725874
2025-06-26,112.38469696044922,113.8634429730867,110.90595094781173,112.38469696044922,17951830
2025-06-27,111.39886474609375,113.37052606903346,108.93428809241911,112.38469540756361,21287692
2025-06-30,112.38469696044922,113.37052763554088,109.92012027272007,111.89178162290338,14440839
2025-07-01,110.41303253173828,114.35635512215751,110.41303253173828,112.3846938269479,22187360
2025-07-02,110.41303253173828,111.89177850314549,109.92011720793587,110.41303253173828,9324917
2025-07-03,115.3421859741211,117.80676259749976,111.89177870139098,112.38469402606671,72760101
2025-07-04,116.32801055908203,119.285502352957,114.35634936316538,116.82092585806119,55681950
2025-07-07,113.37052154541016,118.79258996714717,113.37052154541016,118.29967465608017,25053453
2025-07-08,114.35635375976562,114.84926907769565,111.39886185218548,112.38469248804553,11238726
2025-07-09,120.76425170898438,122.24299764827806,113.86343732561384,114.84926795180964,53534533
2025-07-10,125.24354553222656,127.73843687749005,121.7506976488577,123.74661072506848,67737106
2025-07-11,123.7466049194336,127.23945263893374,123.24762667379072,126.24149614764798,24452833
2025-07-14,119.7547836303711,123.74660975138347,119.25580536524456,123.24763148625692,24050059
2025-07-15,131.73025512695312,131.73025512695312,119.7547773881392,119.7547773881392,95332142
2025-07-16,135.22311401367188,141.21085337959093,129.73435292824607,133.22720089169886,177804981
2025-07-17,133.22718811035156,138.21697043658196,131.73025341248245,136.72003573871285,59364287
2025-07-18,132.72821044921875,134.72412338830475,131.23127574490425,134.22514515353325,33161888
2025-07-21,133.22718811035156,135.22310104084372,131.2312751798594,132.72820987772852,28236024
2025-07-22,128.23741149902344,134.72412881220362,127.2394549893034,133.72617230248358,45709835
2025-07-23,131.2312774658203,134.22514691370975,128.23740801793087,129.7343427418756,45639194
2025-07-24,132.22923278808594,133.22718926195827,130.73229807727742,132.7282110250221,26218277
2025-07-25,130.7322998046875,134.72412575292225,130.7322998046875,131.73025629174617,34298398
2025-07-28,132.72821044921875,134.22514515353325,131.23127574490425,132.22923221444725,22773363
2025-07-29,139.7139129638672,144.7036955697196,137.219021660941,137.71799992152623,113180260
2025-07-30,141.70982360839844,142.2088018605407,136.2210628348337,141.70982360839844,57824609
2025-07-31,137.21902465820312,139.21493774414063,136.22106811523437,138.71595947265627,44584921
2025-08-04,134.72413635253906,136.72004948368777,134.72413635253906,136.2210712009006,18879692
2025-08-05,135.22311401367188,138.71596197712466,135.22311401367188,136.2210705746584,17392365
2025-08-06,133.72616577148438,135.72207869344683,133.22718754099375,135.2231004629562,14801894
2025-08-07,135.7220916748047,138.71596134410186,135.2231133965885,136.2210699530209,20193710
2025-08-08,136.7200469970703,138.2169818182061,136.22106872335837,136.22106872335837,15381691
2025-08-11,142.20880126953125,142.70777951959977,137.21901876884593,137.71799701891447,38310700
2025-08-12,138.21697998046875,142.20880611708878,137.71800171339126,142.20880611708878,21226795
2025-08-13,137.71800231933594,141.7098284735196,135.72208924224412,140.21289366570073,27939517
2025-08-14,137.71800231933594,144.20471981988436,137.21902405006298,139.71391539642775,31616883
2025-08-15,135.22311401367188,141.70983166008418,134.72413573317863,139.2149402576179,29362445
2025-08-18,141.70982360839844,142.2088018605407,133.72617157412247,133.72617157412247,53529574
2025-08-19,138.71595764160156,145.20267508527357,138.2169793767037,143.70574029058002,32334219
2025-08-20,133.22718811035156,138.715948669205,132.72820987772852,136.72003573871285,28094461
2025-08-21,133.22718811035156,135.22310104084372,132.2292316451055,132.2292316451055,18029095
2025-08-22,134.72413635253906,135.22311463532625,132.22924493860316,133.7261797869647,12717522
2025-08-25,139.7139129638672,140.21289122445242,137.71799992152623,137.71799992152623,26016563
2025-08-26,141.70982360839844,145.70164962553642,139.71391059982943,140.71186710411394,55166242
2025-08-27,151.68939208984375,151.68939208984375,144.70369640149568,145.20267466494911,78003551
2025-08-28,149.6934814453125,153.18632934570314,146.69961181640625,151.19041625976564,55805110
2025-08-29,144.2047119140625,153.1863202685716,144.2047119140625,152.18836378473725,44634243
2025-09-01,134.22515869140625,143.70574610827137,132.72822383611177,143.2067678231732,44655903
2025-09-02,130.7322998046875,135.22310399645158,129.2353650740995,134.72412575292225,27050714
2025-09-03,132.22923278808594,132.7282110250221,130.73229807727742,131.73025455114976,15178176
2025-09-04,133.22718811035156,135.22310104084372,131.73025341248245,134.22514457559765,16441636
2025-09-05,133.72616577148438,137.21901338491867,132.72820931050316,135.72207869344683,15883011
2025-09-08,133.22718811035156,135.22310104084372,130.23331871461332,134.7241228082207,17973959
2025-09-09,134.72413635253906,135.72209291811342,133.22720150417751,134.72413635253906,9702003
2025-09-10,141.21084594726562,142.7077807099575,134.72412864226757,136.72004165919003,33748101
2025-09-11,142.20880126953125,146.20062727007948,141.21084476939419,144.20471426980538,36190634
2025-09-12,144.2047119140625,147.19858136556553,143.20675543022816,145.20266839789684,29173823
2025-09-15,141.70982360839844,145.20267137339417,141.2108453562562,145.20267137339417,12437048
2025-09-16,151.68939208984375,152.68734861675063,142.20880508422852,143.7057398745888,62937639
2025-09-17,147.19859313964844,151.6893976761123,146.6996148578191,151.6893976761123,22470522
2025-09-18,148.19654846191406,149.6934832948627,144.70370051836727,149.6934832948627,27726464
2025-09-19,157.1781463623047,161.1699723016648,154.1842769077846,154.68325515020462,76243057
2025-09-22,158.1761016845703,159.17405816207548,156.18018872955997,158.6750799233229,27757303
2025-09-23,158.67507934570312,164.6628181889372,158.67507934570312,159.67303581957546,48837313
2025-09-24,156.67916870117188,159.67303816679936,154.18427747981562,159.1740599225281,21999335
2025-09-25,156.67916870117188,159.1740599225281,154.68325572408688,156.18019045690062,18569910
2025-09-26,148.69552612304688,156.18020025675727,147.69756957188548,155.18224370559588,22334094
2025-09-30,151.19041442871094,152.6873492250348,150.19245789782835,152.1883709595935,12169842
2025-10-01,154.68325805664062,159.17406232280118,151.68938854586693,152.68734504945817,18912432
2025-10-02,152.68734741210938,157.17815174775967,150.6914343740426,156.67917348824295,19276634
2025-10-03,155.68121337890625,156.67916987492487,152.68734389085037,153.685300386869,18312219
2025-10-07,157.6771240234375,160.6709934669205,156.6791675422765,159.6730369857595,18670083
2025-10-08,159.67303466796875,160.17201290130615,153.6852958679199,155.68120880126952,15278712
2025-10-09,160.67100524902344,167.1577228522449,160.17202697185255,160.67100524902344,48631343
2025-10-13,153.1863250732422,154.18428158837733,150.1924555278368,150.69143378540437,30148211
2025-10-14,145.70164489746094,157.17814432431572,145.70164489746094,155.1822313805149,24063774
2025-10-15,158.1761016845703,159.17405816207548,148.19653690951856,148.19653690951856,40487394
2025-10-16,165.16180419921875,167.65669550132176,159.67304333459214,159.67304333459214,65595213
2025-10-17,160.17202758789062,165.66078865788063,160.17202758789062,165.16181037879065,23821748
2025-10-20,159.67303466796875,163.16588230133056,158.17609996795653,162.66690406799316,16746208
2025-10-21,159.67303466796875,162.66690406799316,159.17405643463135,160.67099113464354,17818356
2025-10-22,158.67507934570312,161.66894876732016,157.1781446348946,160.17201405651164,13272971
2025-10-23,155.68121337890625,159.67303936298077,154.6832568828876,157.1781481229342,13929317
2025-10-27,163.1658935546875,165.16180662569286,160.6710022159308,161.16998048368214,26740901
2025-10-28,162.16793823242188,163.16589477539063,157.6771337890625,162.66691650390626,17727954
2025-10-29,165.66078186035156,166.6587383775826,161.66895579142744,164.16384708450502,22323103
2025-10-30,159.67303466796875,168.65464286804198,158.67507820129393,167.65668640136718,23648665
2025-10-31,163.1658935546875,168.65465449995222,160.17202394817946,161.16998048368214,20359289
2025-11-03,178.13523864746094,179.13319516649435,166.6587386785769,167.6566951976103,89250715
2025-11-04,168.15567016601562,177.13727866152982,167.65669191626483,176.63830041177903,52367902
2025-11-05,162.40084838867188,164.38135099661392,159.43009447675882,161.90572273668636,31170967
2025-11-06,163.88623046875,165.8667179110073,160.42035079648608,165.8667179110073,20285702
2025-11-07,159.92523193359375,164.38136313039178,158.43987009560286,162.40086037625932,13543909
2025-11-10,162.89598083496094,164.8764835255087,156.45936231828873,160.91547814441319,23179233
2025-11-11,164.87648010253906,168.3423445114355,162.40085179075044,164.38135444018135,17067447
2025-11-12,165.86671447753906,171.31309670692707,165.37160404792945,166.36184013475616,16790306
2025-11-13,176.7594757080078,178.24485278049377,168.3423541915292,168.83747988235788,48480163
2025-11-14,171.1495361328125,175.1413620484466,168.1556666960869,172.14749261172102,23010697
2025-11-17,167.15771484375,176.63830165578358,167.15771484375,173.64443213619404,19492721
2025-11-18,169.65260314941406,178.63421155144187,167.15771192662856,167.15771192662856,49807769
2025-11-19,160.17202758789062,165.16181037879065,159.6730493088006,163.66487554152064,38149555
2025-11-20,171.1495361328125,174.64238380899235,166.15975373826987,166.15975373826987,28649658
2025-11-21,159.67303466796875,165.16179523468017,157.67712173461913,163.16588230133056,33455073
2025-11-24,163.6648712158203,163.6648712158203,157.17815375909572,162.66691468401655,24638525
2025-11-25,175.64035034179688,177.63626341386274,166.15976324948397,167.65669805353338,45090361
2025-11-26,178.13523864746094,182.62604298311123,173.64443431181067,174.64239083084408,50943119
2025-11-27,186.6178741455078,189.11276551108946,177.63626522941385,178.6342217756465,54580779
2025-11-28,186.118896484375,187.6158313086461,183.62400511058982,187.11685303388907,20712314
2025-12-01,196.59742736816406,200.58925330457348,189.61173197944757,189.61173197944757,70880853
2025-12-02,195.59947204589844,203.5831239661392,194.1025373108533,199.59129800601883,43577865
2025-12-03,196.09844970703125,202.5851668729127,194.60151497644324,196.5974279505606,30541390
2025-12-04,198.09437561035156,203.5831366474142,196.59744078206177,196.59744078206177,33730488
2025-12-05,214.56065368652344,217.554523272847,201.0882405480673,202.08619707684184,79844923
2025-12-08,220.04940795898438,223.54225570436506,211.56677772020265,215.05962546558337,53386567
2025-12-09,225.53817749023438,233.52182979077364,221.04737307118103,221.04737307118103,72177435
2025-12-10,227.0351104736328,229.53000179751888,222.04532782586065,227.0351104736328,36374898
2025-12-11,224.54022216796875,234.51978759765626,224.0412438964844,229.5300048828125,35820817
2025-12-12,224.54022216796875,229.03102661132814,221.5463525390625,227.534091796875,19584637
2025-12-15,221.04736328125,224.0412327613572,219.05145029451185,219.55042854119637,12119889
2025-12-16,213.5626983642578,220.54839410514475,211.06780702822678,219.55043757073233,23034970
2025-12-17,211.56678771972656,220.54839663235646,211.0678094468027,219.5504400865087,20874080
2025-12-18,206.57699584960938,212.56473485974297,204.08210459538702,208.57290885298724,18442793
2025-12-19,214.56065368652344,216.05758847968522,208.57291451387627,210.56882757142532,25900078
2025-12-22,220.04940795898438,220.54838620832447,212.56473421888285,219.05145146030415,24783309
2025-12-23,215.05963134765625,219.55043571454468,214.06167482168104,219.55043571454468,15378226
2025-12-24,216.5565643310547,220.04941214284588,214.56065129574543,218.05349910753662,13325125
2025-12-26,220.04940795898438,223.54225570436506,216.05758196426356,218.05349496162395,15968723
2025-12-29,220.04940795898438,222.04532095634477,217.05553846294376,222.04532095634477,10909813
2025-12-30,219.05145263671875,223.5422569048975,217.55451788065915,221.0473656447982,11001118
2025-12-31,219.55043029785156,223.0432780525901,218.55247379649768,219.55043029785156,12630436
2026-01-02,218.55247497558594,224.54021401601295,215.55860545537243,222.04532274916835,21094592
2026-01-05,229.52999877929688,232.52386832859204,220.54839013141134,222.5443031642748,48483738
2026-01-06,230.0289764404297,235.0187590096364,227.53408515582632,230.52795469735037,26037317
2026-01-07,225.53817749023438,244.00037343523144,225.03919922145067,232.02489498442253,58674260
2026-01-08,227.0351104736328,229.53000179751888,219.05145823719738,223.5422626201923,23498448
2026-01-09,225.03919982910156,229.03102599014994,221.0473736680532,228.53204772001888,19148599
2026-01-12,243.00241088867188,245.49730217089643,234.02080227266347,234.02080227266347,40888116
2026-01-13,253.48095703125,256.4748266024852,242.0044570081816,245.99628310316191,55866832
2026-01-14,249.4891357421875,255.476875,244.99833129882813,254.97789672851565,29859691
2026-01-15,248.99014282226562,256.97379469632625,244.9983168852353,249.48912106439442,30014413
2026-01-16,273.4400939941406,273.4400939941406,246.4952672136961,252.48300649823932,72713669
2026-01-19,300.3849182128906,300.3849182128906,273.9390699316893,277.4319178178857,75476349
2026-01-20,307.37060546875,317.35017058137174,294.89614907797284,296.39308384486606,116054872
2026-01-21,320.34405517578125,327.3297510830413,309.8655113148912,311.8614244312512,77785211
2026-01-22,326.331787109375,342.29909167741783,324.33587403836964,334.81441766114773,63173993
2026-01-23,338.3072509765625,339.3052074691187,326.83075131216583,326.83075131216583,44470771
2026-01-26,332.31951904296875,334.31543207025385,317.35017133833054,332.81849729979,42502720
2026-01-27,353.276611328125,362.25822009070447,328.32769809873764,332.81850248002735,67829255
2026-01-28,366.7490234375,369.2439147534014,354.2745668579932,355.771501647534,45332486
2026-01-29,343.7960205078125,364.25412913019323,333.81645532616335,364.25412913019323,57886632
2026-01-30,377.7265319824219,377.7265319824219,342.2990765388922,346.78988075004384,75821512
2026-02-02,364.2541198730469,376.22959778668127,354.27455494501817,374.2336848010755,87382905
2026-02-03,384.2132568359375,396.6877132267147,374.23369172331576,383.7142785803064,67977123
2026-02-04,387.2071228027344,400.1805573296301,369.24390576549416,370.241862267563,100536743
2026-02-05,364.75311279296875,384.21326518548005,360.76128666117154,379.7224607872082,70445419
2026-02-06,339.3052062988281,346.7898799671846,328.3276849185719,335.3133803423713,67050756
2026-02-09,346.7898864746094,357.2684298069357,331.8205388570003,354.2745602834139,79690167
2026-02-10,370.7408447265625,380.7204098605211,350.28273620194733,355.27251876892666,62580182
2026-02-11,368.2459411621094,378.7244842033076,365.7510499618241,370.74083236239466,46066925
2026-02-23,404.6713562011719,404.6713562011719,386.20916115870165,386.20916115870165,50836218
2026-02-24,445.0885925292969,445.0885925292969,407.1662460806124,409.66113729434164,84526078
2026-02-25,457.56304931640625,462.05385350817033,437.10494133170323,453.5712233681715,75908928
2026-02-26,480.51605224609375,483.5099217304931,435.1090317327038,457.06407461829895,83769164
2026-03-02,480.01708984375,502.9700899818087,462.55285060827055,462.55285060827055,75410182
2026-03-03,462.0538635253906,492.49153704056215,456.0661244732257,476.0252546471087,17477055
2026-03-04,416.1478576660156,439.1008570097047,416.1478576660156,439.1008570097047,25501973
2026-03-05,449.0804443359375,449.57942260742186,416.14787841796874,449.57942260742186,17820312
2026-03-06,431.1172180175781,449.57941369657163,429.62028323279486,441.5957615110609,13338280
2026-03-09,388.205078125,390.69996937259,388.205078125,388.205078125,15115299
2026-03-10,423.1335754394531,426.62642334992034,409.1621837975844,409.1621837975844,14989856
2026-03-11,465.0477294921875,465.0477294921875,444.09064297000737,445.5875777215917,14643583
2026-03-12,479.0191345214844,485.00687370300295,460.0579604466756,465.54672136306766,14702393
2026-03-13,506.9619140625,507.9598705862451,467.04365311269686,467.04365311269686,20175530
2026-03-16,547.8781127929688,548.8760692825734,503.96802725036287,517.9394181048284,16872740
2026-03-17,541.890380859375,592.7861624870511,522.9292073118094,569.8331629294717,60474213
2026-03-18,578.8147583007812,589.7922795788995,537.898542627795,548.8760639059133,49391183
2026-03-19,579.812744140625,588.7943529138877,562.8474831244621,562.8474831244621,9236900
2026-03-20,552.867919921875,575.8209202074403,531.9108327046198,575.8209202074403,8616318
2026-03-23,497.98028564453125,510.95371993987976,497.98028564453125,499.9761986130464,8196910
2026-03-24,459.05999755859375,508.95782338018006,448.58145413606064,508.95782338018006,9720628
2026-03-25,504.96600341796875,504.96600341796875,486.50380764082956,486.50380764082956,5006058
2026-03-26,500.97418212890625,536.9006175007004,498.9782690526955,508.9578344337494,7764979
2026-03-27,503.9680480957031,503.9680480957031,472.03343910746054,472.03343910746054,5507848
2026-03-30,492.4915466308594,494.9864379511778,472.5324160683119,484.00891614177664,4841331
2026-03-31,443.5916748046875,478.0211748738927,443.5916748046875,478.0211748738927,9163775
2026-04-01,487.50177001953125,487.50177001953125,476.02526980412773,483.0109655874168,7106429
2026-04-02,517.939453125,535.9026711524567,513.9476268966763,533.9067580382948,47779722
2026-04-07,562.8474731445312,568.835212220537,543.8862994038467,544.8842559165143,35331669
2026-04-08,618.7330322265625,618.7330322265625,595.7800326439642,604.7616411762854,38768758
2026-04-09,623.7228393554688,653.6615356445312,612.7453173828126,622.7248828125,42166568
2026-04-10,636.6962280273438,658.6512703731142,618.7330115626224,639.6900974381306,30324454
2026-04-13,624.7207641601562,646.6758069900659,622.7248511756189,633.7023725905738,57444695
2026-04-14,595.780029296875,628.7125937303706,590.7902468069514,628.7125937303706,10435722
2026-04-15,616.7371215820312,627.7146431635884,598.7739044485741,598.7739044485741,7844810
2026-04-16,643.6819458007812,644.6799023058987,604.7616421011992,618.733033172844,6733013
2026-04-17,641.68603515625,643.6819481738434,631.7064700682835,638.69216562986,4415240
2026-04-20,676.614501953125,705.5552402372557,642.6839812062132,642.6839812062132,8980704
2026-04-21,708.5491333007812,713.53891592966,698.5695680430238,708.5491333007812,7964970
2026-04-22,714.536865234375,728.5082564540415,709.5470826559226,716.532778265756,4451814
2026-04-23,726.5123291015625,747.4694155179537,658.6512873722957,724.5164161095253,7636670
2026-04-24,788.3856201171875,788.3856201171875,758.4469256823577,773.4162728997726,9512782
2026-04-27,837.2855224609375,837.2855224609375,788.3856528535646,833.2936963705397,7908161
2026-04-28,823.3141479492188,884.1894970703125,820.3202783203125,862.2344531250001,38017164
2026-04-29,801.3590698242188,830.2998083359278,780.4019833157398,803.3549828250264,31229061
2026-04-30,881.1956176757812,881.1956176757812,813.3345735059589,826.3080084207778,33290155
2026-05-04,909.1383666992188,918.1199751517906,860.2384984574386,910.136323193949,42009149
2026-05-05,901.1547241210938,946.0627668513808,891.1751590699189,897.1628981006238,25232084
2026-05-06,856.2467041015625,926.1036613126457,844.2712257225197,906.1445306809077,40640067
2026-05-07,894.1690673828125,903.1506763185773,860.2385447365897,873.2119798660278,25433902
2026-05-08,816.3284301757812,870.2180820455761,806.3488650147082,869.2201255294688,31729292
2026-05-11,859.2405395507812,887.1833213247904,820.3202363655543,828.3038883009855,26975631
2026-05-12,873.2119750976562,924.1077587890625,870.21810546875,902.15271484375,28764891
2026-05-13,890.1771850585938,901.1547063990024,851.2568821244175,851.2568821244175,25789633
2026-05-14,879.19970703125,916.1240988134932,877.2037939619396,908.1404465362515,28575023
2026-05-15,819.3223266601562,900.1568071223642,812.3366308177433,899.158850573448,28486986
2026-05-18,814.33251953125,816.3284325693169,774.4142587699142,789.3836065554152,20139190
2026-05-19,816.3284301757812,858.2426038522884,806.3488650147082,819.3222997241032,22774572
2026-05-20,821.3182373046875,828.303933126234,791.3795409266309,817.3264111209467,20618087
2026-05-21,903.150634765625,903.150634765625,866.2262441729972,868.2221571780042,29979413
2026-05-22,968.017822265625,983.9851265504187,929.09751807144,930.0954745892396,37591265
2026-05-25,987.9769287109375,1027.895188456834,976.0014507871686,1017.9156235203598,22262249
2026-05-26,1082.7828369140625,1082.7828369140625,986.9790098691317,989.9728794642857,29385677
2026-05-27,1077.7930908203125,1107.7317877875435,1042.8646110252098,1102.7420049596715,26192140
2026-05-28,1022.9054565429688,1127.6908935546876,997.95654296875,1122.7011108398438,23717822
2026-05-29,1052.8441162109375,1092.76237654121,1032.8849860458013,1087.772593999926,20365943
2026-06-01,1047.8543701171875,1097.752197265625,1022.9054565429688,1067.8135009765626,18015769
2026-06-02,973.0076293945312,1047.8543701171875,948.0587158203125,1047.8543701171875,25738274
2026-06-03,997.95654296875,1007.9361083984376,962.0301074218751,974.0055859375,18641649
2026-06-04,969.0157470703125,1002.9462675650506,968.0177905851731,975.0034859811486,12562046
2026-06-05,931.0934448242188,967.019879994285,888.1813139266395,948.05870587675,24084822
2026-06-08,909.1383666992188,923.1097576254417,838.283455573374,838.283455573374,24084885
2026-06-09,967.0198364257812,970.0137058883997,918.1199685363455,948.0586631625306,22572697
2026-06-10,882.1935424804688,958.0382361778846,873.211934016301,936.0831932654747,24499604
2026-06-11,852.2548828125,904.1486227495609,809.3427517106996,882.1935789300351,25382381
2026-06-12,900.1567993164062,928.0995824437449,888.1813208332612,920.1159301216481,15171400
2026-06-15,958.0382690429688,959.0362255732219,918.1200078328451,946.0627906799317,15473575
2026-06-16,978.995361328125,1002.9463181801892,963.0280567600822,983.9851440056384,18993088
2026-06-17,985.9810180664062,1007.936060978816,963.0280186579778,968.0178011380709,17456918
2026-06-18,966.0219116210938,1002.9463028710735,963.0280420602845,997.9565202697249,20033869
2026-06-22,1002.9462890625,1052.8441143889927,989.972854477612,996.958550023321,26146131
2026-06-23,972.0096435546875,1072.8032513565597,972.0096435546875,997.9565128898229,25057448
2026-06-24,929.0975341796875,950.0546214168232,914.1281861531619,936.0832299253995,25116351
2026-06-25,1017.9156494140625,1017.9156494140625,942.0709539675246,947.0607365626915,31912079
2026-06-26,973.0076293945312,1087.7726318359375,962.0301074218751,997.95654296875,75665887
2026-06-29,974.0055541992188,1007.9360755545194,948.0586849275182,996.9585539395692,27526227
2026-06-30,1067.8134765625,1067.8134765625,1007.9360853533879,1012.9258679541472,31629375
2026-07-01,1037.874755859375,1112.7214930607722,1032.8849733792817,1082.7827981802134,31051329
2026-07-02,976.9994506835938,1012.9258860509169,976.0014941456125,995.9606249052365,25870078
2026-07-03,967.0198364257812,979.9932707637948,924.1077074615825,943.0688807248331,17574418
2026-07-06,917.0,972.0,897.0,972.0,21829902
2026-07-07,840.0,901.0,836.0,880.0,40643886
2026-07-08,863.0,882.0,843.0,856.0,31614269
2026-07-09,875.0,925.0,867.0,890.0,32490723
2026-07-10,875.0,875.0,875.0,875.0,0
2026-07-13,903.0,948.0,892.0,921.0,32563121
2026-07-14,874.0,914.0,826.0,896.0,26823200
2026-07-15,936.0,960.0,870.0,882.0,36228318
2026-07-16,882.0,915.0,872.0,911.0,26226008
2026-07-17,794.0,842.0,794.0,809.0,27074146
2026-07-20,750.0,812.0,747.0,778.0,28925156
2026-07-21,825.0,825.0,775.0,785.0,17427389
2026-07-22,907.0,907.0,876.0,876.0,21515338
2026-07-23,896.0,918.0,872.0,915.0,26400220
2026-07-24,839.0,892.0,825.0,880.0,19038147
2026-07-27,848.0,854.0,804.0,850.0,15263968
2026-07-28,764.0,792.0,764.0,791.0,16512514
2026-07-29,688.0,786.0,688.0,785.0,29543216
2026-07-30,716.0,756.0,653.0,670.0,50036094
2026-07-31,787.0,787.0,787.0,787.0,2901173
2026-08-03,865.0,865.0,842.0,842.0,21656313
2026-08-04,924.0,948.0,873.0,878.0,52138521
2026-08-05,969.0,1010.0,962.0,1005.0,41065247
2026-08-06,973.0,995.0,928.0,958.0,25016990
2026-08-07,955.0,999.0,942.0,986.0,21029113
2026-08-10,992.0,995.0,976.0,979.0,7435190
