Date,Close,High,Low,Open,Volume
2007-12-31,47.54140090942383,47.54140090942382,46.46939025391728,46.609218081741325,366664
2008-01-02,46.14311981201172,48.00748939018737,46.14311981201171,47.07530661945774,343960
2008-01-03,45.16433334350586,45.397377039655154,44.744849846376994,44.93128561063979,189575
2008-01-04,44.65161895751953,45.30415002693235,44.37196336158772,45.21093014938315,163466
2008-01-07,41.66863250732422,42.92707868826496,41.57541262711102,42.92707868826496,407531
2008-01-08,39.61783218383789,41.76185739193671,39.61783218383789,40.55001495081144,805980
2008-01-09,41.01611328125,41.01611328124999,38.21956046995723,38.68565193238651,353042
2008-01-10,40.922889709472656,41.948292348532306,40.27035855549853,41.38898108418772,247470
2008-01-11,40.22374725341797,41.24914980642463,40.083919449066336,41.01610212026659,288336
2008-01-14,38.49920654296875,41.48219842386712,38.49920654296875,40.5500116950231,355312
2008-01-15,36.355186462402344,37.706852611158396,35.84248314307506,37.28736917808593,2952614
2008-01-16,33.83829116821289,34.956911746672354,33.83829116821289,34.49082034357048,1625583
2008-01-17,32.48662567138672,34.67725908792364,31.507832833121512,34.02473187465247,2592760
2008-01-18,33.04593276977539,33.0925406970982,31.368000963915797,31.740874474289242,1408763
2008-01-21,32.76627731323242,33.558634284033076,32.76627731323242,33.092540879725405,563051
2008-01-22,30.4824275970459,31.507830304698132,30.4824275970459,31.228174653818744,876362
2008-01-23,28.43161964416504,31.22817186664472,28.385009700392402,30.762080502350805,1130643
2008-01-24,28.338401794433594,29.59685220156689,26.47403418483321,28.897713086492836,1459847
2008-01-25,29.92311668395996,30.20277233847181,28.10535694799125,28.10535694799125,872956
2008-01-28,28.664669036865234,29.596853904479627,28.431623324551225,29.596853904479627,479047
2008-01-29,29.829898834228516,30.06294454042874,28.71127823345244,28.71127823345244,438181
2008-01-30,30.76207733154297,31.41460436695184,29.923110540260886,30.295983996933625,435910
2008-01-31,31.92731285095215,32.85949563558392,30.762082351804203,31.32139161891162,925175
2008-02-01,32.62644958496094,32.766277404808214,31.927312504082778,32.766277404808214,538077
2008-02-12,31.69426727294922,31.973922934533654,30.76208442547892,31.78748717238294,136222
2008-02-13,32.113746643066406,33.0925393146115,31.694263204536465,32.30018439964353,267903
2008-02-14,33.465415954589844,33.55863382683812,32.62644904928085,32.62644904928085,208873
2008-02-15,33.23236846923828,33.884899634425615,32.62644926802485,33.23236846923828,271309
2008-02-18,33.74507141113281,34.397600589163304,32.952716426285626,33.558635656471694,197522
2008-02-19,33.698463439941406,34.30438065101931,33.46541773772429,34.30438065101931,189575
2008-02-20,33.931495666503906,35.329773361207074,33.69845005683921,33.69845005683921,550564
2008-02-21,36.2619743347168,36.2619743347168,34.30438456153504,34.9569158315013,1153347
2008-02-22,35.889095306396484,35.889095306396484,34.95691248062081,35.65605161831088,609593
2008-02-25,35.65604782104492,36.54162262223565,35.56282793370835,36.49501066020926,309905
2008-02-26,35.422996520996094,36.44839903062116,34.95690520511484,36.44839903062116,299688
2008-02-27,35.749271392822266,36.122146985986326,35.42300777175188,35.42300777175188,242929
2008-02-29,35.889095306396484,36.075535100924924,34.95691248062081,35.236568135696835,207738
2008-03-03,34.9569091796875,35.18995688248336,34.304378033888845,34.304378033888845,170277
2008-03-04,35.65604782104492,36.028919296958804,34.956908757811135,34.956908757811135,279255
2008-03-05,35.65604782104492,36.12213918429538,35.42300012106159,35.65604782104492,162331
2008-03-06,36.44840621948242,36.821281767760595,35.702659159642664,35.98231481167215,404125
2008-03-07,37.75345993041992,38.35937908956785,36.44840172736434,36.44840172736434,527860
2008-03-10,37.054325103759766,37.70685629791185,36.867889349737695,37.70685629791185,245199
2008-03-11,36.40179443359375,37.287369225637356,36.168746736017575,36.168746736017575,263362
2008-03-12,35.889095306396484,38.21955640755231,35.889095306396484,38.21955640755231,514238
2008-03-13,35.00351333618164,36.44839924980338,35.00351333618164,35.749260253419344,150979
2008-03-14,34.72385787963867,35.65604455753504,34.72385787963867,35.003513479336,241794
2008-03-17,34.211158752441406,34.49081435307419,33.558629690417554,34.49081435307419,179359
2008-03-18,34.9569091796875,35.42300054856297,32.626448298593914,32.626448298593914,175953
2008-03-19,36.30856704711914,36.7746583092769,35.189948825283565,35.189948825283565,350771
2008-03-20,36.355186462402344,36.961105631268296,35.88909106784439,36.355186462402344,272444
2008-03-21,36.58823013305664,37.05432149102699,36.541622208274454,36.86788575518209,359853
2008-03-24,36.82128143310547,37.75346424025375,36.16875023872843,37.520416520108405,261092
2008-03-25,36.5416259765625,37.24076510397354,36.355190221491746,37.05432531218621,228172
2008-03-26,36.355186462402344,37.28736917808593,36.12213876512337,36.12213876512337,172548
2008-03-27,36.215362548828125,36.58823406054304,36.215362548828125,36.40179830468558,74922
2008-03-28,36.16875076293945,36.77467000003937,36.1221428329215,36.35519055644452,86274
2008-03-31,35.889095306396484,36.49501454682234,35.889095306396484,36.16875096147251,84003
2008-04-01,35.889095306396484,36.49501454682234,35.889095306396484,35.889095306396484,141898
2008-04-02,36.86789321899414,37.054328992582505,36.12214608792373,36.12214608792373,276984
2008-04-03,39.431392669677734,39.431392669677734,36.961104132873395,37.00771205575325,1590393
2008-04-07,42.181331634521484,42.181331634521484,40.363574250998795,40.68983777572607,1986572
2008-04-08,41.15592575073242,42.64742352479285,41.01609796056162,41.85506470158644,799169
2008-04-09,42.181331634521484,43.11351832380553,41.20254106033968,41.20254106033968,1005773
2008-04-10,43.579612731933594,44.04570409117852,42.18133461748265,42.18133461748265,1054586
2008-04-11,42.60081481933594,44.278748429358146,42.18133141683039,43.57960942518223,580079
2008-04-14,41.01611328125,42.13473602045393,40.3169781059646,41.48220878039634,762843
2008-04-15,41.10932540893555,42.08812012051286,40.64323403470892,41.0161055194037,660677
2008-04-16,41.34237289428711,41.761856339872494,41.15593311621608,41.388980820446726,383692
2008-04-17,43.25334548950195,43.812656687506866,41.715239694988455,41.99489529399091,1107939
2008-04-18,43.346561431884766,44.74483943013981,43.11351778998615,44.418575909452244,733329
2008-04-21,42.321163177490234,44.232140609896476,42.18133536357191,43.81266120485775,481318
2008-04-22,42.41439437866211,42.78726999413837,41.52881933321297,42.18134661439978,582349
2008-04-23,43.346561431884766,44.045700431012285,42.50759866964757,43.0202979111972,785547
2008-04-24,43.346561431884766,45.07110295082738,43.346561431884766,43.812656789113674,1165834
2008-04-25,42.647430419921875,43.952488660276046,42.22794698158844,43.57961314729648,417747
2008-04-28,42.321163177490234,42.973694321347814,41.99489962391956,42.647430767777145,325797
2008-04-29,42.55421829223633,43.066921711484895,41.94829900528216,41.94829900528216,438181
2008-04-30,40.50340270996094,42.227944278247136,39.61782796463277,42.227944278247136,1823106
2008-05-02,40.410179138183594,40.92288238429796,39.94408784689864,40.55000692924064,723112
2008-05-05,41.43559265136719,42.27455962159959,39.617834919246974,39.664442849798775,1321354
2008-05-06,43.066917419433594,43.29996110218939,41.528811351692575,41.94829482471285,903606
2008-05-07,43.71943664550781,44.74483915911184,43.439781047550724,43.81265652373211,1077289
2008-05-08,44.74484634399414,44.79145427223243,43.57961584430524,43.8126635589296,1132913
2008-05-09,45.95668411254883,47.30835034251405,45.25754501542323,45.25754501542323,2936721
2008-05-12,45.4439811706543,46.56259960002264,44.74484212935154,45.95668044313227,460884
2008-05-13,45.86347579956055,46.46939510447274,45.677035985189825,45.677035985189825,563051
2008-05-14,47.774444580078125,48.47357962314598,45.91007504622582,46.14311871500967,853658
2008-05-15,47.54140090942383,48.473583737106324,46.562606114655544,48.473583737106324,612999
2008-05-16,47.308345794677734,48.240532513471216,47.308345794677734,48.007484824593845,473371
2008-05-19,49.405765533447266,49.40576553344727,46.60921330055429,47.54139603261321,983069
2008-05-20,47.308345794677734,49.17271519554868,47.308345794677734,48.93967154338733,672029
2008-05-21,46.14311981201172,47.77444571586316,45.72364039088486,45.72364039088486,443857
2008-05-22,46.60921859741211,47.07531001641006,45.21094030370157,45.21094030370157,399584
2008-05-23,46.37617492675781,47.54140559455082,45.91008346698402,46.60922267500323,431370
2008-05-26,43.346561431884766,45.956677670816966,43.20673363205926,45.956677670816966,561916
2008-05-27,43.71943664550781,44.18552796319768,42.9270777723908,43.34656116932643,483588
2008-05-28,41.94828414916992,43.812653320330156,41.62202065431365,43.71943344892171,347366
2008-05-29,43.346561431884766,43.346561431884766,41.855067591556605,41.948287470345555,505157
2008-05-30,43.486392974853516,43.81266056034079,42.22794670481754,43.81266056034079,224766
2008-06-02,46.51600646972656,46.51600646972656,44.13893701003045,44.325372801431605,664082
2008-06-03,45.11772155761719,45.86347269112199,44.88467786052413,45.72364485817944,380286
2008-06-04,43.71943664550781,45.164322556047466,43.71943664550781,45.11771059857741,610729
2008-06-05,44.79145431518555,44.977894101750415,42.92708470655216,43.579615886096256,350771
2008-06-06,44.79145431518555,45.210937779881796,44.278754993923336,45.210937779881796,409801
2008-06-09,43.812660217285156,44.18553168818504,43.16012908813615,43.16012908813615,188440
2008-06-10,42.92708206176758,44.7448436301237,42.92708206176758,44.27875226586087,163466
2008-06-11,42.507606506347656,43.34656942325601,42.22795085513935,43.34656942325601,224766
2008-06-12,40.550010681152344,41.94828872109923,40.083919346742036,40.083919346742036,261092
2008-06-13,40.17714309692383,41.249153672961874,39.66443975400367,40.64323447621357,237253
2008-06-16,39.61783218383789,41.20254611706602,39.38478447373631,41.20254611706602,410936
2008-06-17,40.037322998046875,40.037322998046875,38.45260877358009,39.617839464801214,152114
2008-06-18,40.270355224609375,40.55001083365046,39.38478047488458,39.61782816132414,79462
2008-06-19,39.85087585449219,40.270359310616456,39.38478447103736,39.38478447103736,98761
2008-06-20,39.38478469848633,40.876282785558196,39.38478469848632,40.876282785558196,121464
2008-06-23,39.85087585449219,39.85087585449219,38.26616595808903,38.68564537749692,137357
2008-06-24,38.82547378540039,40.08392417287077,38.82547378540039,39.75766060317282,85138
2008-06-25,39.05852127075195,39.05852127075195,38.45260206293511,38.49920999070058,69246
2008-06-26,38.21955490112305,39.711048978263335,38.21955490112305,39.151741726873084,170277
2008-06-27,35.562828063964844,35.656047951642854,35.562828063964844,35.562828063964844,450668
2008-06-30,33.13914489746094,35.74925901756076,33.13914489746094,35.562823303875405,486994
2008-07-01,32.8594970703125,35.42300387669551,32.62645136397919,35.42300387669551,301959
2008-07-02,33.79167556762695,34.490814573680666,33.04592864007495,33.04592864007495,170277
2008-07-03,35.00351333618164,35.65604441171202,32.62644478519172,33.27897384236419,216820
2008-07-04,34.07133483886719,36.355187825663826,34.07133483886719,35.189957369006976,267903
2008-07-07,35.32978439331055,35.88909160912652,34.21116188824616,34.25776981371843,174818
2008-07-08,35.51621627807617,36.634834625043844,35.18995276174042,35.32978055970086,435910
2008-07-09,36.122135162353516,36.68144635066524,35.88908748831838,36.122135162353516,266768
2008-07-10,34.72385787963867,36.12213587812531,34.72385787963867,35.65604455753504,262227
2008-07-11,36.122135162353516,36.122135162353516,35.05012474256655,35.656043850999,141898
2008-07-14,36.355186462402344,36.86788574501347,36.12213876512337,36.355186462402344,320121
2008-07-15,35.889095306396484,36.72806227162457,35.469615860499076,36.72806227162457,217955
2008-07-16,34.53742599487305,36.2619677056489,34.02472669629217,35.93570414866868,224766
2008-07-17,35.00351333618164,35.88908805269615,34.537422017497555,35.32978089230474,427964
2008-07-18,33.55863571166992,35.656051074386255,32.57984295219339,35.656051074386255,518779
2008-07-21,34.72385787963867,34.72385787963867,33.465411717716535,33.465411717716535,197522
2008-07-22,34.72385787963867,35.09673335814039,34.02472291711119,34.257766559048406,136222
2008-07-23,36.681453704833984,36.774669563764036,35.14334762860588,35.14334762860588,409801
2008-07-24,36.2619743347168,36.82128569848302,35.88909874663364,36.82128569848302,211144
2008-07-25,35.65604782104492,35.88909148431205,35.42300012106159,35.88909148431205,190710
2008-07-28,35.65604782104492,35.65604782104492,35.65604782104492,35.65604782104492,0
2008-07-29,35.65604782104492,35.65604782104492,35.65604782104492,35.65604782104492,0
2008-07-30,35.65604782104492,35.65604782104492,35.65604782104492,35.65604782104492,0
2008-07-31,35.65604782104492,35.65604782104492,35.65604782104492,35.65604782104492,0
2008-08-01,35.65604782104492,35.65604782104492,35.65604782104492,35.65604782104492,0
2008-08-04,35.65604782104492,35.65604782104492,35.65604782104492,35.65604782104492,0
2008-08-05,35.65604782104492,35.65604782104492,35.65604782104492,35.65604782104492,0
2008-08-06,35.65604782104492,35.65604782104492,35.65604782104492,35.65604782104492,0
2008-08-07,35.65604782104492,35.65604782104492,35.65604782104492,35.65604782104492,0
2008-08-08,35.65604782104492,35.65604782104492,35.65604782104492,35.65604782104492,0
2008-08-11,35.65604782104492,35.65604782104492,35.65604782104492,35.65604782104492,0
2008-08-12,35.65604782104492,35.65604782104492,35.65604782104492,35.65604782104492,0
2008-08-13,35.65604782104492,35.65604782104492,35.65604782104492,35.65604782104492,0
2008-08-14,35.65604782104492,35.65604782104492,35.65604782104492,35.65604782104492,0
2008-08-15,35.65604782104492,35.65604782104492,35.65604782104492,35.65604782104492,0
2008-08-18,35.65038299560547,37.610356976415545,35.12066018558239,37.610356976415545,900228
2008-08-19,36.07416915893555,36.18011541417809,34.43202717920085,34.96175221128239,319303
2008-08-20,36.28605651855469,36.28605651855469,35.49147012391377,35.75632948029172,88580
2008-08-21,35.96821975708008,36.81577713851968,35.59741418321649,36.81577713851968,123601
2008-08-22,35.43849182128906,36.12713183457473,34.96174008222529,35.65038009551096,118451
2008-08-25,34.43202590942383,36.021196784309204,33.90230297825437,35.96822574001845,380073
2008-08-26,32.04826354980469,33.63743407321991,32.04826354980469,33.63743407321991,833278
2008-08-27,32.68393325805664,32.78987740674382,31.253679965961677,31.518541378367917,509854
2008-08-28,32.20718765258789,33.107718292825616,32.20718765258789,32.68393953530968,406853
2008-08-29,31.783403396606445,33.00176633317403,31.783403396606445,32.47204349826435,497494
2008-09-01,30.30018424987793,31.624493737089686,30.30018424987793,31.253688079731408,251322
2008-09-02,28.97587013244629,30.300177231535514,28.869923899417852,30.300177231535514,321363
2008-09-03,26.96292495727539,28.975874552611145,26.962924957275394,28.869928303420988,953789
2008-09-04,25.214834213256836,26.48617033960483,25.16186317551946,26.27428202590186,646846
2008-09-05,24.897001266479492,24.897001266479492,23.94349963058874,24.36727836669317,424364
2008-09-08,26.592111587524414,26.592111587524414,25.267804568306026,25.426721826887533,1400813
2008-09-09,24.738082885742188,26.48617087534587,24.738082885742188,26.48617087534587,466594
2008-09-10,24.1024169921875,25.161864876450746,23.864041062125004,24.367278442909093,287372
2008-09-11,24.367277145385742,25.373751853360556,24.261332987013855,24.367277145385742,398613
2008-09-12,24.84402847290039,25.241319579027927,23.519719235470703,24.685111197898692,352263
2008-09-15,23.122426986694336,24.102416195198334,23.122426986694336,24.102416195198334,298702
2008-09-16,21.50676727294922,21.55974038536836,21.50676727294922,21.50676727294922,197761
2008-09-17,20.12948989868164,22.46027177839249,20.023545740825863,21.718660592025298,1405963
2008-09-18,18.75221061706543,19.493823924936365,18.72572301513574,18.72572301513574,913618
2008-09-19,20.050031661987305,20.050031661987305,19.599767421039026,19.864628861677822,174071
2008-09-22,21.42731475830078,21.42731475830078,21.188940887846854,21.42731475830078,409943
2008-09-23,22.910537719726562,22.910537719726562,21.427311208319495,21.453798808385965,744697
2008-09-24,22.937023162841797,23.83755369047015,22.35432718395012,22.91053764423931,691136
2008-09-25,22.301355361938477,22.884051320324502,22.24838224522097,22.51324366605523,281192
2008-09-26,21.771629333496094,22.831074861759156,21.58622449281136,22.831074861759156,344023
2008-09-29,21.771629333496094,21.771629333496094,21.771629333496094,21.771629333496094,0
2008-09-30,20.818126678466797,21.18893429303101,20.261918378685095,20.261918378685095,315183
2008-10-01,21.347854614257812,21.983523774670907,21.03002211542818,21.69217471568927,211152
2008-10-02,21.241907119750977,21.61271268430868,20.659211174462737,20.659211174462737,144201
2008-10-03,22.0364933013916,22.0364933013916,20.34137859215968,21.18893594677564,202911
2008-10-06,20.844615936279297,21.45379953787118,20.712186256950858,20.924074576427074,189521
2008-10-07,20.553266525268555,21.056503825724466,20.023543708381236,20.023543708381236,230722
2008-10-08,19.123016357421875,20.97704859873441,19.123016357421875,20.23543528593402,413034
2008-10-09,17.957622528076172,19.652737314427004,17.957622528076172,19.123014464036537,416124
2008-10-13,17.348438262939453,17.480869995011137,17.348438262939453,17.348438262939453,276042
2008-10-14,18.540319442749023,18.540319442749023,18.540319442749023,18.540319442749023,342993
2008-10-15,18.063566207885742,18.43437173442758,17.904648958974562,18.43437173442758,201881
2008-10-16,17.454383850097656,17.454383850097656,17.454383850097656,17.454383850097656,106091
2008-10-17,17.61330223083496,18.672749998776023,17.48087256070273,17.48087256070273,268832
2008-10-20,18.063566207885742,18.063566207885742,17.004118575603336,17.480870322336873,139051
2008-10-21,18.248971939086914,18.96409759411565,18.169513301708534,18.96409759411565,253382
2008-10-22,17.98410987854004,18.540318239335416,17.798705010231608,17.851678127087823,172011
2008-10-23,17.374927520751953,17.5868168680698,17.374927520751953,17.374927520751953,147291
2008-10-24,16.792232513427734,16.89817771347484,16.792232513427734,16.89817771347484,124631
2008-10-27,15.626839637756348,15.918188661333136,15.626839637756346,15.626839637756346,276042
2008-10-28,15.838729858398438,15.838729858398438,14.540907228475831,14.56739274620205,447024
2008-10-29,14.752795219421387,16.871688477420555,14.752795219421388,16.84520192143748,368743
2008-10-30,15.759269714355469,15.75926971435547,14.832253787588193,14.832253787588193,317243
2008-10-31,15.785757064819336,16.368453036364667,15.361978365638796,15.679812910368373,428484
2008-11-03,16.103593826293945,16.315483205051912,15.679815068778014,15.785759237812755,445994
2008-11-04,15.759269714355469,16.050617666255604,15.36197657963337,16.050617666255604,473804
2008-11-05,15.891701698303223,16.421424533212903,15.36197782270524,15.94467377365653,628306
2008-11-06,14.779280662536621,14.832253774244055,14.77928066253662,14.832253774244055,260592
2008-11-07,13.958212852478027,14.302532947489926,13.74632348318698,13.74632348318698,869328
2008-11-10,13.772808074951172,14.196585712240203,13.057681425778409,13.772808074951172,675686
2008-11-11,13.243085861206055,13.560920429730949,12.978224414560923,13.560920429730949,395523
2008-11-12,13.216598510742188,13.666863775692015,13.110654354688322,13.110654354688322,173041
2008-11-13,12.316068649291992,12.342555207849111,12.316068649291992,12.316068649291992,276042
2008-11-14,11.494998931884766,12.71336201073008,11.468512370770918,12.71336201073008,569595
2008-11-17,10.70041275024414,10.965274178930963,10.70041275024414,10.70041275024414,304882
2008-11-18,9.9587984085083,10.064743592772718,9.9587984085083,9.9587984085083,456294
2008-11-19,9.9587984085083,10.170687736348903,9.296644909436566,9.296644909436566,327543
2008-11-20,9.376105308532715,9.720425401226924,9.27016010425611,9.27016010425611,420244
2008-11-21,9.137728691101074,9.21718732815097,8.740435505851595,8.740435505851595,957909
2008-11-24,9.031783103942871,9.45556069989237,9.005296548894945,9.1377272427582,386253
2008-11-25,9.640966415405273,9.640966415405273,9.217187694743247,9.429077055074261,515005
2008-11-26,9.9587984085083,10.064743592772718,9.482047681039004,9.640964937091514,384193
2008-11-27,10.647441864013672,10.647441864013672,10.32960728147549,10.541496656271455,441874
2008-11-28,11.150676727294922,11.362567114441793,10.32960590002618,10.647440440058162,544875
2008-12-01,11.759859085083008,11.918776352886692,11.15067657206499,11.15067657206499,854908
2008-12-02,10.938789367675781,10.965274887843764,10.938789367675781,10.938789367675781,284282
2008-12-03,10.435550689697266,10.991761168693657,10.409065170203982,10.779871809305448,628306
2008-12-04,10.75338363647461,10.991759520296053,10.435549124712683,10.515008793341396,651996
2008-12-05,10.223661422729492,10.859329441934463,10.223661422729492,10.859329441934463,191581
2008-12-08,10.832842826843262,10.885814901324418,10.382577592032716,10.594467971333914,200851
2008-12-09,10.859330177307129,11.336080963823418,10.806357058269926,11.230135766437375,329603
2008-12-10,11.600940704345703,11.600940704345701,10.85932859355542,10.85932859355542,621096
2008-12-11,11.494998931884766,12.051208389768155,11.309596126153112,11.653915176502574,724097
2008-12-12,11.150676727294922,11.70688717235089,11.018246015844372,11.150676727294922,872418
2008-12-15,11.600940704345703,11.918775209461689,11.49499656309918,11.918775209461689,456294
2008-12-16,11.309597969055176,11.600944985340444,11.124194092423485,11.600944985340444,175101
2008-12-17,12.0776948928833,12.0776948928833,11.468512315697595,11.468512315697595,1213351
2008-12-18,11.812829971313477,12.36903931193142,11.759857900942293,12.236608615659359,424364
2008-12-19,11.786345481872559,11.971748264645665,11.653913733390857,11.653913733390857,457324
2008-12-22,11.971749305725098,12.580930822687664,11.86580410586426,11.86580410586426,880658
2008-12-23,11.150676727294922,11.97174859525199,11.150676727294922,11.97174859525199,513974
2008-12-24,10.965272903442383,11.124190158444444,10.59446736268854,10.912300832004437,170981
2008-12-25,10.965272903442383,11.283107413446505,10.885814275941351,11.124190158444444,105061
2008-12-26,10.859330177307129,11.177163688088534,10.859330177307129,10.96527433400481,96820
2008-12-29,10.806356430053711,10.859329546011377,10.726898837493817,10.859329546011377,87550
2008-12-30,11.150676727294922,11.362567114441793,10.912301862959263,10.912301862959263,150381
2008-12-31,11.41554069519043,11.442027257246192,10.912303300950214,11.38905413313467,373893
2009-01-02,11.41554069519043,11.41554069519043,11.41554069519043,11.41554069519043,0
2009-01-05,11.759859085083008,12.1306656963955,11.653913892984448,11.653913892984448,345053
2009-01-06,11.971749305725098,12.024721385311324,11.653914746830969,11.653914746830969,463504
2009-01-07,12.422014236450195,12.60741703015994,12.077694167738752,12.263096961448497,778687
2009-01-08,11.574457168579102,12.077694527272836,11.574457168579102,12.024721406903103,370803
2009-01-09,11.283108711242676,11.547970139585294,11.203650074602221,11.547970139585294,273982
2009-01-12,10.885814666748047,11.230134704488306,10.859329150422342,10.965273297101685,150381
2009-01-13,10.99176025390625,11.071218887149946,10.594468128376072,11.01824577119528,155531
2009-01-14,11.044732093811035,11.309594545875276,10.938787945535962,11.230134873636553,194671
2009-01-15,10.59446907043457,10.885816030650245,10.59446907043457,10.700413230387834,187461
2009-01-16,10.70041275024414,10.70041275024414,10.70041275024414,10.59446859504475,185401
2009-01-19,10.75338363647461,10.859328820624661,10.594467421281879,10.647439493012788,100940
2009-01-20,10.515009880065918,10.726899229576519,10.488523321118965,10.488523321118965,67980
2009-01-21,10.541496276855469,10.70041356240471,10.515010756389545,10.515010756389545,96820
2009-02-02,10.647441864013672,10.806358114594298,10.48852457274458,10.541496656271455,41200
2009-02-03,11.018245697021484,11.256621595147848,10.700412206874628,10.700412206874628,134931
2009-02-04,11.786345481872559,11.786345481872557,11.018245711569538,11.018245711569538,962029
2009-02-05,11.70688533782959,11.70688533782959,11.177161534349153,11.600940160858237,625216
2009-02-06,12.13066577911377,12.501471352266451,11.865803317405446,11.865803317405446,1114470
2009-02-09,12.157151222229004,12.26309536464267,11.81283015766404,12.210123293435837,565475
2009-02-10,13.004711151123047,13.004711151123045,12.02472191206263,12.15715367786204,1418323
2009-02-11,13.613889694213867,13.746320390136574,12.686873782066714,12.845791033449244,2255721
2009-02-12,13.243085861206055,14.276047168223542,12.951737853621042,13.746323234244858,1460554
2009-02-13,13.878752708435059,14.170100689797815,13.243084669285857,13.296056745709542,2096070
2009-02-16,13.69334888458252,13.878751658382187,13.375514368710807,13.878751658382187,813707
2009-02-17,12.76633358001709,13.693349577286801,12.76633358001709,13.587404386407375,569595
2009-02-18,12.713360786437988,12.978223250005023,12.474985922122478,12.527957998560556,397583
2009-02-19,13.057682991027832,13.402003078072674,12.369041776249732,12.660389782369617,585045
2009-02-20,12.819305419921875,13.50794654628317,12.76633334579817,12.978222682981272,572685
2009-02-23,12.713360786437988,12.925251173566947,12.501471439997355,12.925251173566947,390373
2009-02-24,13.349027633666992,13.349027633666992,12.474984808083228,12.580928951498374,835338
2009-02-25,13.349027633666992,13.852265957297748,13.243083490251847,13.852265957297748,1143311
2009-02-26,13.110652923583984,13.613890211629455,13.057680851339262,13.349027769029357,716886
2009-02-27,13.64037799835205,13.772808711252202,13.243084818963268,13.243084818963268,569595
2009-03-02,13.137140274047852,13.666863109887553,13.03119508246693,13.534432400927628,401703
2009-03-03,13.243085861206055,13.507948348539607,12.766335049107134,12.978224414560923,322393
2009-03-04,13.746321678161621,13.984697577571145,13.322542995225776,13.45497370355719,1102110
2009-03-05,13.878752708435059,14.196586207665495,13.772808555587686,14.037669978394439,919798
2009-03-06,13.772808074951172,14.037669488514924,13.534432178330821,13.534432178330821,417154
2009-03-09,13.587401390075684,13.905235851935922,13.29605348026649,13.878749299884879,489254
2009-03-10,13.825779914855957,13.958210619390035,13.454973317747575,13.587404022281653,550025
2009-03-11,13.772808074951172,14.355504017342058,13.772808074951172,14.037669488514924,998079
2009-03-12,14.726309776306152,14.72630977630615,13.825780333775514,13.905238967041203,1757197
2009-03-13,15.732783317565918,15.732783317565918,15.203060520164252,15.520893990467606,1777797
2009-03-16,15.732783317565918,16.368451298860858,15.467921918865084,15.89170057306171,1852987
2009-03-17,15.944676399230957,15.997648483307058,15.414952436404505,15.732787022238071,1380213
2009-03-18,15.626839637756348,16.23602216222797,15.626839637756346,16.050619373430013,1091810
2009-03-19,15.2030611038208,15.997645330427968,15.203061103820803,15.838729109519496,721007
2009-03-20,14.779280662536621,15.15008724104757,14.726308591517403,14.832253774244055,627276
2009-03-23,15.309006690979004,15.361978769597439,14.779282782729535,14.779282782729535,399643
2009-03-24,15.309006690979004,15.785757479921667,15.309006690979002,15.414950848215875,523245
2009-03-25,15.573866844177246,16.050618634606717,15.361977506438022,15.361977506438022,798257
2009-03-26,16.103593826293945,16.209537995328688,15.679815068778014,16.050621741776578,1044430
2009-03-27,16.20953369140625,16.845201658898883,16.20953369140625,16.421423013903794,1469824
2009-03-30,15.123604774475098,16.20953713236659,15.123604774475098,16.103592968972098,659206
2009-03-31,15.097114562988281,15.361975948122767,14.938197315632321,15.123601117777001,361533
2009-04-02,15.653327941894531,16.15656532838976,15.626841380246407,16.15656532838976,419214
2009-04-03,15.944676399230957,16.315483069140623,15.679814938161968,15.865217752772564,876538
2009-04-06,16.924659729003906,16.871687660291524,16.050616952841,16.050616952841,1629475
2009-04-07,17.13654899597168,17.163035550596888,16.686284852160355,16.8981741670975,1021769
2009-04-08,16.606828689575195,17.136551535061997,16.209535514771765,16.68628732453588,1285452
2009-04-09,16.97763442993164,17.480872803130037,16.739259563424156,16.739259563424156,854908
2009-04-10,17.507360458374023,17.745736394668423,17.216012438688136,17.216012438688136,924948
2009-04-13,17.586816787719727,17.74573405765414,17.268983288539225,17.639789904823413,483074
2009-04-14,18.805179595947266,18.805179595947266,17.427899376206483,17.692760796819968,949669
2009-04-15,19.8646240234375,19.864624023437496,18.80517643754523,19.07003781367423,899198
2009-04-16,20.447322845458984,20.6062401104323,19.599765486519022,20.341378695935635,1220561
2009-04-17,19.01706886291504,21.665684994667668,19.01706886291504,20.659210406698836,1478064
2009-04-20,19.149499893188477,19.334904763202886,17.85167829134756,19.017070221894365,581955
2009-04-21,19.652738571166992,19.864628973699006,18.64626384223774,18.80518112379255,489254
2009-04-22,20.288408279418945,20.500296606652796,19.732197778020584,19.81165642107749,802377
2009-04-23,19.9175968170166,20.659209984802825,19.864625785916743,20.288404441597947,422304
2009-04-24,20.18246078491211,20.394349077176162,19.81165315138524,19.970570411271538,462474
2009-04-27,18.77869415283203,20.394350281950526,18.77869415283203,20.208947494922878,614915
2009-04-28,17.904653549194336,18.77869656090804,17.7457362595415,18.54032062642878,660236
2009-04-29,17.32195472717285,17.904650668352378,16.95114812454149,17.74573340426918,423334
2009-04-30,18.487350463867188,18.513835986277364,17.851681275006914,18.32843316665212,741607
2009-05-04,18.540319442749023,19.070042320187824,18.487348403831206,18.805180881468424,816797
2009-05-05,17.26898193359375,18.805178273237374,17.242494336431832,18.56680238703902,1204081
2009-05-06,17.639789581298828,17.904650999206247,16.845203246199965,16.977633955153674,852848
2009-05-07,17.904653549194336,17.904653549194336,17.374929597247693,17.63979209356524,600495
2009-05-08,18.301944732666016,18.301944732666016,17.745736299020585,17.90465358902697,719976
2009-05-11,19.123016357421875,19.573282698074006,18.540320331748486,18.69923761887549,1229831
2009-05-12,18.328433990478516,19.30842125885056,18.27546086190012,18.619780994216935,536635
2009-05-13,18.381404876708984,18.805183657493696,18.301946225225784,18.328433829971573,467624
2009-05-14,18.381404876708984,18.805183657493696,18.116543398890677,18.805183657493696,362563
2009-05-15,19.652738571166992,19.652738571166992,19.07004256592496,19.07004256592496,579895
2009-05-18,20.023542404174805,20.712182437549984,19.81165204239515,20.12948654437643,1285452
2009-05-19,21.40082550048828,21.40082550048828,20.394350822652335,20.632726732883484,3243501
2009-05-20,22.88405418395996,22.88405418395996,22.778107937267183,22.778107937267183,905378
2009-05-21,24.47321891784668,24.473218917846683,23.307829126617072,24.473218917846683,3966568
2009-05-22,25.1088924407959,26.168338272671285,24.473223276569126,24.473223276569126,2529704
2009-05-25,24.1553897857666,25.665101907549122,24.102416663793292,24.949974127105214,1486304
2009-05-26,24.049440383911133,25.824013719789004,24.049440383911133,24.36727491126277,2395803
2009-05-27,24.1024169921875,24.897001344352283,23.413776804035983,24.367278442909093,865208
2009-06-01,22.43378448486328,24.155386800388374,22.433784484863285,24.075928167937168,1462614
2009-06-02,21.00353240966797,22.8840521000023,21.00353240966797,22.460271314576975,1257642
2009-06-03,22.142436981201172,22.3543252746772,20.712183715420117,21.003530639293793,920828
2009-06-04,22.56621742248535,23.201884434232298,22.142438720861826,22.248382875923532,630366
2009-06-05,22.56621742248535,23.042967160951388,22.513244304266152,23.042967160951388,461444
2009-06-08,20.950559616088867,22.884050181470663,20.92407201835999,22.884050181470663,773537
2009-06-09,19.652738571166992,21.082992023783465,19.493823370988984,20.950562343405657,751907
2009-06-10,19.9175968170166,20.394348585174132,19.65273541738791,19.65273541738791,307972
2009-06-11,20.659210205078125,20.659210205078125,19.944084626593394,20.129487400172657,280162
2009-06-12,20.447322845458984,21.188936054875597,19.626251003555716,20.659211144505683,671566
2009-06-15,19.01706886291504,20.28840485592148,19.01706886291504,20.18246071018174,483074
2009-06-16,19.334903717041016,19.334903717041016,18.275455997128823,18.275455997128823,317243
2009-06-17,18.911123275756836,19.838139163418962,18.911123275756836,19.33490190779163,252352
2009-06-18,17.931137084960938,19.599766360183757,17.61330254084675,18.911126235520797,573715
2009-06-19,18.222482681274414,18.38139784204602,17.90464819697863,17.90464819697863,177161
2009-06-22,19.281932830810547,19.281932830810547,18.11654082864578,18.540319549307807,288402
2009-06-23,18.911123275756836,19.281928798271146,18.56680118593824,19.070038441565575,199821
2009-06-24,19.281932830810547,19.546794271052214,19.04355691018001,19.07004242979114,167891
2009-06-25,19.652738571166992,19.7586848131214,19.334906089434178,19.493823370988984,256472
2009-06-26,19.970571517944336,20.39435020733273,19.387875559863215,19.81165424925161,703496
2009-06-29,19.123016357421875,19.97057383451464,19.07004323458725,19.97057383451464,293552
2009-06-30,19.70570945739746,19.73219497419404,19.228957666799573,19.599765308834563,471744
2009-07-01,20.261920928955078,20.288406447123123,19.705710477789445,19.705710477789445,365653
2009-07-02,20.553266525268555,21.08298934215587,20.26191960039349,20.288405116824897,714826
2009-07-03,20.39435386657715,20.65921533479542,20.28840969556524,20.553271163783513,253382
2009-07-06,20.60624122619629,21.18893720219076,20.182462523780007,20.447323952618095,460414
2009-07-07,20.553266525268555,21.030018309293062,20.447322378166398,20.92407208081437,326513
2009-07-08,20.18246078491211,20.659210483194485,20.129487671157836,20.55326633706246,257502
2009-07-09,20.473812103271484,20.65921491915649,20.235436162257777,20.394353456266913,462474
2009-07-10,21.453794479370117,21.45379447937012,20.579749643831974,20.579749643831974,837398
2009-07-13,19.970571517944336,20.89758753106749,19.970571517944336,20.659211628028398,1101080
2009-07-14,19.8116512298584,20.12948571880431,19.652733985385442,19.970568474331355,444964
2009-07-15,20.12948989868164,20.765156927193054,19.917599501593337,19.917599501593337,819887
2009-07-16,19.175989151000977,20.76515783223092,19.096530508801795,20.659213669757623,1331802
2009-07-17,19.679224014282227,19.758682646346042,19.175986705003577,19.175986705003577,423334
2009-07-20,20.659210205078125,20.818127462825064,19.758681853014128,19.758681853014128,1242192
2009-07-21,20.500295639038086,21.030020594873395,20.39435148042173,20.924074354880275,484104
2009-07-22,20.553266525268555,20.92407208081437,20.500293411029208,20.818127933712212,578865
2009-07-23,20.18246078491211,20.60623945081673,20.18246078491211,20.18246078491211,290462
2009-07-24,19.758678436279297,20.606235610116304,19.758678436279297,20.606235610116304,940399
2009-07-27,21.13596534729004,21.13596534729004,19.758685002453372,21.13596534729004,2988059
2009-07-28,21.877578735351562,22.5927044309017,21.559744167828466,21.559744167828466,4067509
2009-07-29,21.18893814086914,22.566218464391945,21.18893814086914,22.566218464391945,1528534
2009-07-30,21.586231231689453,21.824607174378716,20.765159233996528,21.347855289000186,1043400
2009-07-31,21.13596534729004,22.19541112597153,21.082992225805235,22.089466964378744,1306052
2009-08-03,21.268396377563477,21.85109028693692,20.950561822358505,21.162450138243987,743667
2009-08-04,20.659210205078125,21.63919926739208,20.632724689245798,21.63919926739208,790017
2009-08-05,19.8116512298584,20.977042968409204,19.41435811867601,20.712181588079716,876538
2009-08-06,19.202472686767578,19.705710008228984,18.59329121378183,19.387875472279333,1146401
2009-08-10,19.01706886291504,19.070039895096656,18.646261230761173,19.070039895096656,463504
2009-08-11,19.440847396850586,19.652735686908827,18.752207332096564,18.752207332096564,855938
2009-08-12,19.520309448242188,19.864629540984957,19.33490664159252,19.440850805195634,317243
2009-08-13,20.023542404174805,20.07651343358742,19.758681012982535,20.07651343358742,388313
2009-08-14,20.07651710510254,20.659213104837264,19.864628785949975,20.129490225579072,572685
2009-08-17,19.175989151000977,20.076517654089244,19.070042907150842,20.076517654089244,369773
2009-08-18,18.01059341430664,19.175985205884878,17.878161677427855,18.80517759145012,855938
2009-08-19,18.381404876708984,18.381404876708984,17.957626095924272,18.010599224038767,719976
2009-08-20,17.914886474609375,18.32767188692542,17.336987317273945,18.32767188692542,643000
2009-08-21,17.942407608032227,18.630383392075416,17.942407608032227,17.969928319022333,585000
2009-08-24,18.492788314819336,18.712941406474403,18.245118711126736,18.712941406474403,222000
2009-08-25,18.327674865722656,18.76797895718203,18.21759831797393,18.49278863757798,246000
2009-08-26,17.667219161987305,18.3276764043917,17.336991590552955,18.3276764043917,298000
2009-08-27,17.667219161987305,18.08000467604809,17.392029869047963,17.667219161987305,236000
2009-08-28,17.942407608032227,17.997446930476965,17.88737038512296,17.997446930476965,199000
2009-08-31,17.914886474609375,18.107520926744634,17.72225412200929,17.77729133717069,178000
2009-09-01,18.905574798583984,18.933095511165003,17.887371419154068,17.887371419154068,395000
2009-09-02,18.547828674316406,18.82301900450052,18.43775212233564,18.43775212233564,285000
2009-09-03,19.070690155029297,19.593550087217732,18.27263780129645,18.57534673559911,464000
2009-09-04,19.263322830200195,19.56603176905337,19.070690441712422,19.09820905441988,382000
2009-09-07,19.37339973449707,19.758666618046604,19.263323182120686,19.70362729209061,339000
2009-09-08,18.657907485961914,19.37340201118725,18.575349537093825,19.37340201118725,597000
2009-09-09,18.4377498626709,18.905572526834977,18.300154714442012,18.71294015912867,310000
2009-09-10,18.547828674316406,18.933095556481288,18.410233509224348,18.60286590053899,434000
2009-09-11,18.60286521911621,18.68542315496159,18.465270059064263,18.60286521911621,187000
2009-09-14,18.492788314819336,18.712941406474403,18.327674545845777,18.712941406474403,122000
2009-09-15,18.795499801635742,18.850537026131402,18.492788768303015,18.602865316829867,206000
2009-09-16,20.088891983032227,20.088891983032227,18.795498407500467,18.905572848327136,1523000
2009-09-17,21.217178344726562,21.49236873077888,20.529202379595766,20.529202379595766,2536000
2009-09-18,21.684999465942383,21.96018980383741,20.639275342127018,21.354769800746954,1501000
2009-09-21,21.684999465942383,21.850113248772267,20.69431256989176,21.684999465942383,1249000
2009-09-22,21.189653396606445,21.795071225266756,21.189653396606445,21.712515393832383,778000
2009-09-23,20.52919578552246,21.54740114658535,20.254005487862546,21.464843217473234,766000
2009-09-24,19.923778533935547,20.529196366094624,19.868739213125824,20.47415914482031,520000
2009-09-25,19.648590087890625,20.06137558511717,19.538513535389757,19.92378041937499,463000
2009-09-28,20.17145347595215,20.226490706086384,19.64859139153392,19.64859139153392,416000
2009-09-29,20.501680374145508,21.16213761147478,20.25400864770507,20.25400864770507,799000
2009-09-30,20.77686882019043,21.07957774733246,20.419120570227257,20.584236439155177,566000
2009-10-01,21.74003791809082,21.74003791809082,20.859429627045756,20.859429627045756,1150000
2009-10-02,21.74003791809082,22.73072277040046,21.35477100343269,21.35477100343269,2577000
2009-10-05,22.5380859375,22.538085937500004,21.189653050728396,21.85011018909973,1115000
2009-10-06,22.5380859375,23.25358029592921,22.510567327471065,22.730718307237932,1510000
2009-10-07,24.10666847229004,24.10666847229004,22.840793585072586,22.840793585072586,3428000
2009-10-08,23.115991592407227,25.042324225107826,23.115991592407227,24.326829667154794,3721000
2009-10-09,23.473731994628906,23.666364353037206,22.97838864510008,23.556287819860216,1464000
2009-10-12,23.66636848449707,24.106672594534082,23.005911269673753,23.638849871282687,888000
2009-10-13,23.693885803222656,24.657051909853948,23.198544493819288,23.39117687533135,873000
2009-10-14,23.858999252319336,24.216747498359283,23.611329650714488,23.94155718587793,1028000
2009-10-15,23.115991592407227,24.13419514416316,23.115991592407227,23.941562720707484,656000
2009-10-16,23.115991592407227,23.55629577426017,23.00591502206,23.115991592407227,531000
2009-10-19,23.446212768554688,23.941556149390717,22.950871487254037,23.00590870755343,844000
2009-10-20,24.07915687561035,24.409384472947234,23.55629476354707,23.666371329171316,1236000
2009-10-21,24.07915687561035,24.712095553297882,23.859003744361853,24.27178929080089,1201000
2009-10-22,23.501256942749023,24.326828014980006,23.39118037987773,24.16171422044097,478000
2009-10-23,23.556293487548828,24.216750745982782,23.11598934843811,23.11598934843811,560000
2009-10-26,24.13419532775879,24.712096801593987,23.556295953459554,23.556295953459554,894000
2009-10-27,23.941560745239258,24.216751098632812,23.693889007277903,23.941560745239258,292000
2009-10-28,23.41869354248047,24.161708594192802,23.418693542480465,23.776441763623662,323000
2009-10-29,22.152816772460938,22.895829662903335,21.79506858104192,22.84079244862432,1160000
2009-10-30,21.76755714416504,22.5105723788928,21.740038527960863,22.29041925018772,408000
2009-11-02,21.16213607788086,21.68499810702269,20.914464369388888,21.18965469003874,530000
2009-11-03,21.16213607788086,21.932667715979136,21.16213607788086,21.60244017101352,754000
2009-11-04,22.62064552307129,22.62064552307129,21.409809684491872,21.57492347161309,648000
2009-11-05,23.66636848449707,24.161711920498465,22.840797490851827,23.11598782206691,1879000
2009-11-06,25.042320251464844,25.31751058389852,23.996596148402613,24.491939586597482,3369000
2009-11-09,26.77602195739746,26.77602195739746,25.15239846869544,25.20743569900978,3459000
2009-11-10,26.693462371826172,27.40895681961748,26.033005150966645,26.77602031175947,2541000
2009-11-11,28.509714126586914,28.50971412658691,26.418268305631486,26.96864889533214,4145000
2009-11-12,28.7849063873291,29.665516650713446,28.34460230540467,28.950020155608833,2608000
2009-11-13,29.885662078857422,29.885662078857425,28.454673554089734,28.674824504304336,1482000
2009-11-16,31.92207908630371,31.97711631387963,29.885670172959966,29.885670172959966,3657000
2009-11-17,31.977115631103516,32.63757284559069,31.426734968953465,31.977115631103512,2651000
2009-11-18,34.17863845825195,34.17863845825195,32.25230613066368,32.41742200979974,2620000
2009-11-19,35.05924606323242,36.54527416346885,34.894132296436254,35.11428328565266,4205000
2009-11-20,36.76543426513672,37.4258894583016,34.17864232725226,34.67398582166177,2788000
2009-11-23,36.76543426513672,37.9212329527111,36.435202469482576,37.9212329527111,2171000
2009-11-24,39.29718017578125,39.29718017578125,36.765429965939354,36.765429965939354,3347000
2009-11-25,40.56305694580078,41.11343765985003,38.3064968580132,39.07703069749646,2446000
2009-11-26,41.27854537963867,42.379306589762365,41.05839229779978,41.113429518491806,2390000
2009-11-27,38.41656494140625,40.673124407799754,38.41656494140625,40.508008559424674,3001000
2009-11-30,39.077022552490234,39.572365931702144,38.41656751292151,38.526641953159384,1981000
2009-12-01,39.077022552490234,41.003354650148204,39.077022552490234,39.35221285215566,3340000
2009-12-02,39.62740707397461,40.06771327664723,38.74679886770052,39.35221674707201,2152000
2009-12-03,38.96694564819336,40.39793427615143,38.96694564819336,39.902590928262356,986000
2009-12-04,38.58168411254883,39.297180662905895,37.370848318636696,38.96695310084543,2433000
2009-12-07,41.27854537963867,41.27854537963867,38.63671679571348,38.63671679571348,2634000
2009-12-08,44.14051818847656,44.14051818847656,42.92968266474023,42.92968266474023,2054000
2009-12-09,46.23198318481445,47.22267021840352,44.85603130431402,45.68160243261428,3317000
2009-12-10,46.34204864501953,47.88311613116833,45.73663077512932,46.01182109772225,5062000
2009-12-11,46.452125549316406,48.433494957774826,46.23197245969415,46.6172372172299,4551000
2009-12-14,46.011817932128906,46.782351622190916,45.13120980023124,46.45212409761314,1515000
2009-12-15,45.681583404541016,46.45211697647983,45.40639314306787,46.23196392748729,1115000
2009-12-16,48.433502197265625,48.873808442323934,45.18625518740737,45.57152420160128,5780000
2009-12-17,47.883121490478516,50.35983467102051,47.442815245420206,49.6993795025046,3150000
2009-12-18,47.552886962890625,48.26837925779991,47.00250633646613,47.77304005327461,1768000
2009-12-21,46.28700637817383,47.33273032992823,45.95677886684892,47.33273032992823,1131000
2009-12-22,47.99318313598633,48.87379539094202,46.452120087954725,46.452120087954725,2378000
2009-12-23,47.77304458618164,49.148996282798954,47.66296593100945,47.99319349838334,1238000
2009-12-24,48.37845993041992,49.36914258006815,47.3327358565653,48.433497155555195,2387000
2009-12-25,48.1583137512207,48.87381037801038,47.88312338692801,48.81876894589447,888000
2009-12-28,46.892425537109375,48.43349289991685,46.28700771567457,48.43349289991685,1974000
2009-12-29,46.34204864501953,47.38777271068685,46.34204864501953,47.38777271068685,1098000
2009-12-30,46.7823600769043,47.773047028749716,46.34205383184599,46.56220695437514,1527000
2009-12-31,47.33273696899414,47.773043178566766,46.61724042820644,47.773043178566766,1240000
2010-01-04,50.63501739501953,50.63501739501953,47.497849518652124,47.497849518652124,5151000
2010-01-05,48.433502197265625,51.900902329653036,48.433502197265625,51.29548019292997,2775000
2010-01-06,49.69936752319336,49.809441958390316,48.04822580081578,48.32341608787871,2299000
2010-01-07,53.16677474975586,53.16677474975585,50.745098831327596,51.185405070704185,2670000
2010-01-08,50.359832763671875,53.16677342216062,49.479224505979325,53.16677342216062,3597000
2010-01-11,52.23112106323242,53.38691951181845,48.708684296865286,48.708684296865286,2073000
2010-01-12,53.55204391479492,53.93730872606679,51.73578592092121,52.396241082836276,1835000
2010-01-13,54.26752853393555,56.964394423763665,53.221804511462906,53.552036244190724,2961000
2010-01-14,58.06515121459961,58.0651512145996,56.41400947390009,56.68919976401668,5631000
2010-01-15,61.917823791503906,61.917823791503906,57.51477854410807,58.065159200032554,4861000
2010-01-18,66.0456771850586,66.0456771850586,63.844154612223306,64.94491589864096,2510000
2010-01-19,65.49530792236328,70.44873457195378,63.293784966989726,70.44873457195378,4210000
2010-01-20,63.84415817260742,66.04568086821457,61.092254803098484,66.04568086821457,2794000
2010-01-21,64.39453125,65.49529246794872,63.29377003205128,63.29377003205128,2221000
2010-01-22,59.991493225097656,62.74339658404708,59.99149322509765,62.74339658404708,2142000
2010-01-25,58.06515121459961,60.817054115765465,55.86362889366692,58.0651512145996,3475000
2010-01-26,54.04738235473633,59.991495516759414,54.04738235473633,58.3403534383165,3204000
2010-01-27,50.3047981262207,53.937310000742066,50.304798126220696,52.616395446623855,3318000
2010-01-28,51.46058654785156,52.56134775743128,48.433493221507355,50.965243163726534,5135000
2010-01-29,55.03807067871094,55.03807067871094,47.883121490478516,49.589300841704244,4577000
2010-02-01,52.56134796142578,55.03806069259244,52.45127351966891,55.03806069259244,1626000
2010-02-02,51.62570571899414,53.717149631849914,48.928839742795155,53.111731767577744,2471000
2010-02-03,51.185401916503906,52.83654391381049,50.084640584966195,52.72646946028521,1386000
2010-02-04,53.386924743652344,54.432648851641225,51.075327619947444,51.18540207381101,2940000
2010-02-05,51.79081344604492,53.111727721417644,50.74508946974691,51.18539562789473,1579000
2010-02-08,52.3411979675293,53.93730266161581,51.57066423254915,52.176086295150654,2302000
2010-02-09,55.86363220214844,55.86363220214843,52.28615821875962,52.341195440228354,2680000
2010-02-10,59.716312408447266,59.71631240844726,58.34036050963511,58.890741269159975,1712000
2010-02-22,57.23957443237305,62.192999142866874,57.239574432373054,61.09223809609047,2581000
2010-02-23,61.09225082397461,61.09225082397461,57.23958635759783,57.23958635759783,3186000
2010-02-24,62.74340057373047,64.3945426940918,59.99149703979492,59.99149703979492,3458000
2010-02-25,62.74340057373047,64.9449234008789,61.917829513549805,63.56897163391113,2434000
2010-02-26,64.39453125,65.22010216346153,62.74338942307692,63.56896033653845,2639000
2010-03-01,63.84415817260742,65.77049053126368,63.84415817260742,64.6697291834601,1422000
2010-03-02,66.32089233398438,67.97203488171841,63.29379766313861,64.94494021087266,2717000
2010-03-03,66.59605407714844,67.14643468935627,64.94491224052491,66.59605407714844,1639000
2010-03-04,62.19300079345703,66.59604509741858,62.193000793457024,66.32085482842099,2770000
2010-03-05,61.64263153076172,63.0185831274305,60.26667993409293,61.36744121142796,2157000
2010-03-08,63.293766021728516,65.49528831813646,61.367434012371554,61.64262429942255,2373000
2010-03-09,63.293766021728516,65.22009803108547,63.29376602172851,64.11933688288148,1195000
2010-03-10,62.46819305419922,64.11933472083004,61.64262222088381,63.84414444305823,1359000
2010-03-11,61.64263153076172,63.568963766098015,61.64263153076171,63.0185831274305,1149000
2010-03-12,62.74340057373047,64.3945426940918,61.64263916015625,61.64263916015625,1815000
2010-03-15,61.64263153076172,63.29377344676426,61.64263153076171,62.74339280809674,636000
2010-03-16,63.56895446777344,64.39452530501725,61.64262251420455,62.468193351448356,1331000
2010-03-17,63.56895446777344,64.66971558409853,62.74338363052963,64.39452530501725,1182000
2010-03-18,67.97200775146484,67.97200775146484,63.5689627149327,64.11934334449921,3783000
2010-03-19,66.87125396728516,69.3479670771846,66.87125396728516,69.07277673164023,2073000
2010-03-22,66.87125396728516,66.87125396728516,66.87125396728516,66.87125396728516,0
2010-03-23,67.69680786132812,73.7509939302274,66.5960467578919,71.27428144749587,3446000
2010-03-24,67.14643859863281,69.62315149776272,66.59605795438173,68.79758053138609,1714000
2010-03-25,66.32089233398438,67.97203488171841,66.04570190936202,67.14646360785139,1077000
2010-03-26,66.0456771850586,67.69681911468506,65.22010622024537,66.59605782826742,1203000
2010-03-29,63.293766021728516,66.32085917928944,62.468195160575526,66.32085917928944,2584000
2010-03-30,62.19300079345703,63.56895213844501,60.541859179471444,63.56895213844501,2106000
2010-03-31,62.46819305419922,64.39452499860184,62.19300277642741,62.46819305419922,1437000
2010-04-01,63.01858139038086,63.56896201387764,62.1930104551357,63.01858139038086,893000
2010-04-02,66.0456771850586,67.14643847147624,63.018583647410075,63.29377396901449,3210000
2010-04-06,63.84415817260742,67.97201322687083,63.84415817260742,67.97201322687083,1516000
2010-04-07,64.39453125,65.49529246794872,63.844150641025635,64.39453125,1265000
2010-04-08,63.56895446777344,65.7704767004236,63.29376418869217,64.9449058631798,1066000
2010-04-09,59.44110870361328,63.84415379276982,59.165918385541,63.84415379276982,3579000
2010-04-12,57.23957443237305,59.716286787619964,55.31324260051434,59.716286787619964,2153000
2010-04-13,56.964393615722656,58.61553545965665,56.138822693755664,56.138822693755664,719000
2010-04-14,59.991493225097656,59.99149322509765,57.239589866148215,57.7899705379381,1023000
2010-04-15,58.3403434753418,60.817056170049696,57.78996287651781,60.54186587063771,1138000
2010-04-16,57.5147705078125,59.16591224487889,57.51477050781251,58.3403413763457,885000
2010-04-19,53.49699401855469,56.68920326042029,53.496994018554695,55.588442032062616,2171000
2010-04-20,53.93730163574219,54.487682264678334,49.91952136487995,53.55203687511528,2830000
2010-04-21,55.58843994140625,56.964391425104424,54.212488457708076,54.37760431538013,1961000
2010-04-22,54.872955322265625,56.41402299592941,54.652806396660736,55.58845192769629,1029000
2010-04-23,55.86363220214844,56.689203121392005,54.92798683996739,55.03806128290486,1196000
2010-04-26,59.716312408447266,59.71631240844726,56.4140278512981,56.689218231060536,3838000
2010-04-27,60.266693115234375,60.541883494756,58.89074121762629,59.716312356191146,2160000
2010-04-28,60.81707000732422,60.81707000732422,57.23959530101103,57.23959530101103,1525000
2010-04-29,60.81707000732422,63.84416398958922,60.81707000732422,61.09226036934831,1685000
2010-04-30,62.46819305419922,64.94490555414544,61.367431943112,61.64262222088381,5182000
2010-05-03,60.266693115234375,63.5689776694938,59.16593159714791,62.468216151407326,1587000
2010-05-04,64.39453125,64.39453125,60.2666766826923,61.36743790064102,5821000
2010-05-05,65.49530792236328,66.59606940005006,62.46821385872464,64.39454644467651,4863000
2010-05-06,64.94491577148438,65.77048673468121,62.468202881893866,65.49529641361559,1699000
2010-05-07,64.94491577148438,64.94491577148438,61.09225127656581,63.84415448722193,2546000
2010-05-10,67.69680786132812,68.52237868890529,64.39452455101943,64.94490510273755,3485000
2010-05-11,68.2471923828125,70.9990953014743,67.14643121534779,68.2471923828125,4484000
2010-05-12,67.69680786132812,69.89833006820058,67.42161758546906,69.34794951648247,1808000
2010-05-13,68.79757690429688,69.89833813476562,68.2471962890625,69.34795751953125,2001000
2010-05-14,72.65023803710938,72.65023803710938,68.2471933075876,69.07276419437292,3778000
2010-05-17,72.0998764038086,72.92544750766899,69.34797272427392,72.0998764038086,2325000
2010-05-18,67.14643859863281,72.6502450411437,67.14643859863281,71.82467407476707,3129000
2010-05-19,67.97200775146484,68.79757869581461,63.29377240014944,66.04567554798203,2466000
2010-05-20,64.94491577148438,67.69681898214048,64.11934480828754,67.69681898214048,1157000
2010-05-21,60.54187774658203,62.74340057373047,60.54187774658203,61.09225845336914,893000
2010-05-24,62.46819305419922,62.74338333197102,57.51476805430677,59.44109999870939,2504000
2010-05-25,58.3403434753418,61.64262706828566,58.34034347534179,60.817056170049696,1213000
2010-05-26,59.16590881347656,59.441099087027624,54.927980280418474,58.61552826637446,2032000
2010-05-27,62.19300079345703,63.01857160044982,58.34033702749066,58.89071756548586,1952000
2010-05-28,63.84415817260742,64.3945388465092,62.46820648785295,63.01858716175474,1486000
2010-05-31,64.11932373046875,64.94489442227736,63.29375303866014,63.84413349986588,633000
2010-06-01,63.84415817260742,65.49530019431279,63.84415817260742,64.11934850955832,1027000
2010-06-02,61.64263153076172,64.39453472409929,61.64263153076171,63.0185831274305,875000
2010-06-03,64.39453125,64.66972155448717,62.46819911858974,62.46819911858974,1166000
2010-06-04,63.01858139038086,64.3945329491228,63.01858139038086,64.3945329491228,689000
2010-06-07,63.84415817260742,64.11934850955832,59.441112781393116,59.441112781393116,980000
2010-06-08,63.84415817260742,65.49530019431279,63.56896783565653,63.84415817260742,929000
2010-06-09,59.44110870361328,64.1193441108421,59.44110870361328,64.1193441108421,1884000
2010-06-10,59.44110870361328,59.991489339757855,56.96439584096273,58.890728067468714,1016000
2010-06-11,60.54187774658203,62.19301986694336,60.54187774658203,61.09225845336914,1034000
2010-06-14,61.917823791503906,62.468204447428384,61.092252807617186,61.092252807617186,488000
2010-06-15,61.64263153076172,62.468202488762984,61.64263153076171,62.468202488762984,378000
2010-06-17,65.77050018310547,65.77050018310547,62.743406032418605,62.743406032418605,3400000
2010-06-18,64.94491577148438,66.59605769787804,64.66972545041877,66.32086737681243,760000
2010-06-21,67.14643859863281,67.14643859863281,65.22010634375401,65.7704869880051,848000
2010-06-22,67.14643859863281,67.97200956500946,66.04567731013064,66.04567731013064,823000
2010-06-23,67.14643859863281,67.14643859863281,64.94491602162846,65.7704869880051,622000
2010-06-24,64.94491577148438,67.14643834000927,64.94491577148438,67.14643834000927,345000
2010-06-25,64.39453125,65.7704827724359,63.56896033653845,64.94491185897435,689000
2010-06-28,64.39453125,64.39453125,64.39453125,64.39453125,0
2010-06-29,61.64263153076172,64.66972504343305,61.64263153076171,64.11934440476553,464000
2010-06-30,61.64263153076172,61.64263153076171,58.890728337424136,59.99148961475917,572000
2010-07-01,62.74340057373047,62.74340057373047,61.367448806762695,61.64263916015625,475000
2010-07-02,61.917823791503906,63.293775431315105,61.917823791503906,62.468204447428384,314000
2010-07-05,62.19300079345703,63.01857160044982,62.193000793457024,62.193000793457024,242000
2010-07-06,65.22010803222656,65.49529836147646,62.19301441047765,62.19301441047765,644000
2010-07-07,64.39453125,66.32086338141025,64.39453125,65.7704827724359,648000
2010-07-08,63.293766021728516,66.04566889223844,63.29376602172851,66.04566889223844,495000
2010-07-09,65.22010803222656,66.32086934922617,63.84415638597706,63.84415638597706,1111000
2010-07-12,64.66973114013672,66.59606355707696,64.66973114013672,66.0456828665226,996000
2010-07-13,63.293766021728516,65.49528831813646,63.29376602172851,64.94490774403447,720000
2010-07-14,61.64263153076172,64.39453472409929,61.64263153076171,64.11934440476553,1208000
2010-07-15,61.64263153076172,62.468202488762984,61.0922508920942,61.91782185009547,943000
2010-07-16,62.46819305419922,63.29376388751462,61.64262222088381,61.64262222088381,517000
2010-07-19,61.09225082397461,62.468202419109176,60.541870185920786,62.468202419109176,419000
2010-07-20,61.917823791503906,62.19301411946614,60.54187215169271,61.642633463541664,551000
2010-07-21,61.64263153076172,62.74339280809674,61.64263153076171,62.468202488762984,366000
2010-07-22,61.64263153076172,62.19301216942923,61.36744121142796,61.64263153076171,247000
2010-07-23,65.77050018310547,65.77050018310547,62.19302527774827,62.46821565508343,2181000
2010-07-26,64.39453125,66.32086338141025,63.844150641025635,66.04567307692307,853000
2010-07-27,63.293766021728516,64.66971745698348,63.29376602172851,63.568956308779505,547000
2010-07-28,66.59605407714844,67.69681530156411,63.01858009779748,63.01858009779748,2342000
2010-07-29,64.66973114013672,66.32087321179978,64.66973114013672,66.0456828665226,608000
2010-07-30,63.84415817260742,65.49530019431279,63.84415817260742,65.22010985736189,429000
2010-08-02,65.22010803222656,66.59605967847607,64.39453704447686,64.94491770297667,646000
2010-08-03,64.66973114013672,66.0456828665226,63.84416010430518,66.0456828665226,523000
2010-08-04,64.66973114013672,65.22011183069107,64.11935044958236,64.39454079485954,368000
2010-08-05,64.11932373046875,65.77046511408598,63.29375303866014,65.4952748834831,506000
2010-08-06,64.39453125,67.14643429487178,63.29377003205128,65.22010216346153,2058000
2010-08-09,62.74340057373047,64.3945426940918,62.19301986694336,64.3945426940918,805000
2010-08-10,61.917823791503906,63.293775431315105,61.642633463541664,62.74339477539063,569000
2010-08-11,61.09225082397461,62.19301210008226,60.541870185920786,62.19301210008226,908000
2010-08-12,59.16590881347656,61.09224072833394,57.23957689861919,61.09224072833394,1747000
2010-08-13,59.44110870361328,60.54186997590242,58.890728067468714,59.44110870361328,948000
2010-08-16,56.414024353027344,59.441118342701984,55.313262902236566,59.441118342701984,2967000
2010-08-17,56.414024353027344,57.789976166515814,53.662120726050404,56.414024353027344,3166000
2010-08-18,57.789955139160156,58.06514540172758,54.87293667631733,56.138813563755576,2351000
2010-08-19,55.86363220214844,58.615535266293676,55.58844189573391,58.615535266293676,1402000
2010-08-20,56.13882827758789,56.68920894697601,55.86363794289383,55.86363794289383,697000
2010-08-23,56.414024353027344,57.23959544112043,55.313262902236566,57.23959544112043,794000
2010-08-24,58.89072799682617,59.99148926779489,56.96439577263093,56.96439577263093,2659000
2010-08-25,58.61555099487305,59.165931755388286,57.51478947384257,59.165931755388286,1185000
2010-08-26,56.964393615722656,60.54186761091297,56.964393615722656,59.44110638162364,1186000
2010-08-27,56.13882827758789,58.0651606204463,56.13882827758789,57.23958961636413,702000
2010-08-30,55.03807067871094,56.96440315246582,55.03807067871094,56.689212799072266,556000
2010-08-31,51.185401916503906,54.48768591111707,51.185401916503906,54.48768591111707,2230000
2010-09-01,49.64432907104492,51.40554953286161,49.42418018750478,50.635015843258735,2260000
2010-09-02,49.424190521240234,50.91021679119232,46.782361375690236,50.74510089494357,2806000
2010-09-03,52.7815055847168,52.83654281032999,48.76372512888616,49.53425888468437,3205000
2010-09-06,53.22180938720703,53.3869252686975,51.73578325007799,52.836544595824336,1756000
2010-09-07,53.11174011230469,54.21250156540944,52.28616902247611,53.33189324273997,2414000
2010-09-08,52.94661331176758,53.882262873677575,52.616385783652035,53.111729175360765,1516000
2010-09-09,51.185401916503906,53.99234247211084,50.96524881038212,53.111734246694915,1615000
2010-09-10,53.662113189697266,53.99234073874271,51.1854002732497,51.790818146344876,2275000
2010-09-13,53.386924743652344,54.21249574484284,53.11173440992218,53.827230957249114,1028000
2010-09-14,53.99233627319336,54.92798581702025,53.386918450170526,53.386918450170526,1568000
2010-09-15,54.4876823425293,56.138824231696844,54.212492027668034,54.70783543423249,1214000
2010-09-16,53.662113189697266,56.138826106144826,53.66211318969726,56.138826106144826,975000
2010-09-17,53.331878662109375,54.3776025964783,52.83653530382193,54.10241230843756,820000
2010-09-20,53.00165939331055,54.04737929112518,53.00165939331054,53.331886950466284,464000
2010-09-21,55.03807067871094,55.58845138549805,53.38692855834961,53.93730926513672,1445000
2010-09-23,54.817909240722656,56.13882357645339,54.4876817065577,55.03806232985626,931000
2010-09-24,53.441959381103516,54.98302685494995,53.44195938110351,54.98302685494995,617000
2010-09-27,52.3411979675293,53.93730266161581,52.28616074340308,53.93730266161581,851000
2010-09-28,52.56134796142578,53.2768444300578,52.34119487884125,52.34119487884125,232000
2010-09-29,52.726463317871094,53.276843919522896,52.67142189844931,53.276843919522896,276000
2010-09-30,53.88226318359375,54.92798719453337,53.27684534538793,53.27684534538793,733000
2010-10-01,55.313255310058594,56.13882628483559,53.88226646025936,53.88226646025936,1792000
2010-10-04,54.26752853393555,57.51477504621549,54.21249131150455,56.13882349008593,1763000
2010-10-05,54.26752853393555,54.70783471152537,52.45127499928708,54.48768162273046,676000
2010-10-06,54.4876823425293,55.31325328711307,54.157454804509975,55.03806297225181,530000
2010-10-07,53.827239990234375,54.92800150987866,53.717161318826776,54.48769522239216,237000
2010-10-08,53.55204391479492,54.92799566801091,53.27685356415172,54.48768942735319,335000
2010-10-11,52.286163330078125,54.102421209593544,51.8458571171437,53.66211499665912,513000
2010-10-12,52.17607879638672,52.78149657290633,52.12103738110003,52.28615322881921,506000
2010-10-13,53.056697845458984,53.82723162933862,52.341201289198324,52.341201289198324,954000
2010-10-14,54.37760543823242,55.58844108926129,53.55203453096617,53.82722483338825,1230000
2010-10-15,53.662113189697266,54.707837260900455,53.60707596470154,54.377609711855,731000
2010-10-18,53.662113189697266,54.43264693685072,53.056695316602074,54.43264693685072,413000
2010-10-19,54.212501525878906,54.597766354555965,53.60708356692709,53.60708356692709,418000
2010-10-20,55.03807067871094,55.58845138549805,53.662118911743164,53.93730926513672,833000
2010-10-21,54.4876823425293,55.588443601974326,54.48768234252929,55.588443601974326,242000
2010-10-22,53.93730163574219,54.87294702530525,53.937301635742195,54.87294702530525,215000
2010-10-25,54.872955322265625,55.58845192769629,53.937309791230064,53.937309791230064,544000
2010-10-26,55.03807067871094,56.96440315246582,55.03807067871094,56.138832092285156,1870000
2010-10-27,53.662113189697266,55.863635782095095,53.66211318969726,55.863635782095095,952000
2010-10-28,53.662113189697266,54.21249383779672,52.56135189349834,53.93730351374699,1313000
2010-10-29,53.99233627319336,54.432642434884926,53.66210875146007,53.93729905274961,431000
2010-11-01,54.212501525878906,54.98303538230473,53.71715803252862,54.98303538230473,493000
2010-11-02,53.386924743652344,54.487686078573006,53.386924743652344,54.10242129097928,389000
2010-11-03,52.891578674316406,53.6621124102782,52.72646700172741,53.38692209022549,419000
2010-11-04,54.76288604736328,54.76288604736329,52.89159060894552,52.89159060894552,476000
2010-11-05,54.04738235473633,55.588449974244966,53.93730789580204,55.03806928143066,614000
2010-11-08,53.441959381103516,54.21249311802673,53.44195938110351,54.047377246160664,525
2010-11-09,53.386924743652344,53.77218953124608,53.22180886378574,53.386924743652344,291000
2010-11-10,52.94661331176758,54.21249040179311,52.94661331176757,53.38691948196885,313000
2010-11-11,53.827239990234375,54.15746760631327,53.16678055900463,53.331896466580055,269000
2010-11-12,52.616397857666016,53.88227523817554,52.50632338939206,53.05670412890545,670000
2010-11-15,52.616397857666016,53.05670412890545,52.616397857666016,52.616397857666016,161000
2010-11-16,53.331878662109375,53.55203173235608,52.67141945136927,52.7814980860279,242000
2010-11-17,52.8365364074707,53.22180113914692,52.7264619695834,53.11172670125961,111000
2010-11-18,53.00165939331055,53.38692417681371,52.836543515197064,53.27684972411886,87000
2010-11-19,53.331878662109375,53.55203173235608,52.726460868233865,53.55203173235608,250000
2010-11-22,52.3411979675293,53.55203789366126,52.28616074340308,53.55203789366126,396000
2010-11-23,49.8094482421875,52.726467332684365,49.47922069586566,52.28616113820787,1625000
2010-11-24,49.14898681640625,49.754404606496465,48.43349039234566,49.53425153762625,673000
2010-11-25,47.883121490478516,49.9195284259622,46.7823600769043,49.534263610839844,2379000
2010-11-26,48.818763732910156,49.25906994839019,47.93815550102134,48.21334583592855,966000
2010-11-29,48.708683013916016,49.204026392854736,48.158302414888716,49.14898917276615,727000
2010-11-30,50.029598236083984,50.35982576192177,48.76372115478987,48.76372115478987,771000
2010-12-01,50.249755859375,50.41486753767516,49.58929654896081,50.35983031157511,508000
2010-12-02,50.52494430541992,51.625705582670285,50.41486565825227,50.52494430541992,1107000
2010-12-03,51.62570571899414,51.62570571899414,50.96524643145728,51.57066429572945,556000
2010-12-06,55.03807067871094,55.03807067871094,52.010976791381836,52.010976791381836,1513000
2010-12-07,56.68920135498047,57.78996254633931,55.31324986578191,56.68920135498046,2810000
2010-12-08,56.68920135498047,57.23958195065989,55.863630461461334,57.23958195065989,1308000
2010-12-09,59.44110870361328,60.54186997590242,56.13882488674588,56.68920552289045,4456000
2010-12-10,58.89072799682617,59.99148926779489,58.34034736134182,58.89072799682618,1502000
2010-12-13,56.964393615722656,59.99148699626831,56.964393615722656,59.44110638162364,1444000
2010-12-14,57.23957443237305,58.34033547914946,56.41400364729075,57.239574432373054,1160000
2010-12-15,56.964393615722656,58.61553545965665,56.414013001078,57.23958392304499,1008000
2010-12-16,56.414024353027344,57.789976166515814,56.13883399032965,56.68921471572504,754000
2010-12-17,56.414024353027344,58.340356891911206,56.13883399032965,56.964405078422736,1423000
2010-12-20,55.313255310058594,57.23958758453824,54.98302775996202,56.96439725961258,1263000
2010-12-21,56.13882827758789,56.13882827758789,55.03806693881166,55.31325727350572,1007000
2010-12-22,57.23957443237305,58.06514521745535,56.68919390898485,56.68919390898485,1954
2010-12-23,56.964393615722656,58.340345152334315,56.68920330840033,57.789964537689656,1069000
2010-12-24,56.13882827758789,57.51477995105818,56.13882827758789,56.96439928167007,1066000
2010-12-27,57.5147705078125,57.51477050781251,55.86362877074612,56.138819060257184,896000
2010-12-28,56.414024353027344,58.340356891911206,56.414024353027344,58.06516652921351,879000
2010-12-29,55.58843994140625,57.5147720185837,55.31324964466662,56.68920112836479,868000
2010-12-30,58.89072799682617,59.44110863231053,55.86363450166221,56.13882481940439,3430000
2010-12-31,58.89072799682617,60.54186990327925,58.34034736134182,58.89072799682618,3347000
2011-01-03,58.3403434753418,59.99148527181373,57.239582277693835,59.99148527181373,1457000
2011-01-04,57.5147705078125,58.89072195536783,57.51477050781251,58.89072195536783,1946000
2011-01-05,61.3674430847168,61.3674430847168,57.51477849643861,57.51477849643861,6407000
2011-01-06,62.19300079345703,62.46819106245462,60.541859179471444,61.36742998646424,3721000
2011-01-07,60.81707000732422,64.3945447136374,60.54187964530012,62.743402541492856,3653000
2011-01-10,63.84415817260742,64.944919520411,60.2666837922458,61.092254803098484,3148000
2011-01-11,64.94491577148438,65.49529641361559,63.01858352402509,63.84415448722193,4081000
2011-01-12,65.49530792236328,67.69683087773683,65.49530792236328,67.14645013889344,6387000
2011-01-13,64.66973114013672,65.77049252124543,64.11935044958236,65.49530217596825,2054000
2011-01-14,67.42162322998047,68.79757472446985,64.66972024100167,65.22010083879742,3802000
2011-01-17,68.52238464355469,70.44871674196787,67.69681374423475,68.797574943328,3402000
2011-01-18,66.87125396728516,68.52239604055146,66.59606362174078,68.52239604055146,2174000
2011-01-19,67.69680786132812,68.24718841304625,66.5960467578919,67.69680786132812,2215000
2011-01-20,66.0456771850586,67.97200943628947,64.39453525543213,67.69681911468506,2491000
2011-01-21,65.22010803222656,67.42163066622577,64.39453704447686,64.39453704447686,1899000
2011-01-24,64.94491577148438,66.59605769787804,64.66972545041877,65.22010609254998,1339000
2011-01-25,65.49530792236328,66.04568866120667,64.39454644467651,66.04568866120667,1673000
2011-01-26,66.87125396728516,67.42163465837393,65.49530223956324,65.77049258510763,1914000
2011-01-27,65.49530792236328,67.69683087773683,65.49530792236328,67.69683087773683,1122000
2011-01-28,66.59605407714844,66.59605407714844,65.49529285273276,66.04567346494059,1052000
2011-02-08,64.94491577148438,67.42162866107488,64.94491577148438,67.14643834000927,814000
2011-02-09,63.293766021728516,65.77047860518745,63.01857573467752,65.22009803108547,1686000
2011-02-10,63.293766021728516,64.39452716993249,62.74338544762652,63.29376602172851,1101000
2011-02-11,60.81707000732422,63.56897362756513,59.71630855922785,63.29378326554104,1618000
2011-02-14,61.64263153076172,62.19301216942923,60.54187025342668,61.36744121142796,1339000
2011-02-15,62.46819305419922,63.01857360974282,59.71629027648119,61.917812498655614,1913000
2011-02-16,63.293766021728516,64.39452716993249,61.91781458647354,62.468195160575526,1899000
2011-02-17,63.84415817260742,64.3945388465092,62.743396824803845,64.3945388465092,1728000
2011-02-18,67.69680786132812,68.24718841304625,64.39452455101943,64.94490510273755,6929000
2011-02-21,70.44872283935547,71.5494841337204,66.59605830907822,68.24720025062561,5946000
2011-02-22,71.27429962158203,71.27429962158202,68.52239616128928,70.17353823746492,3178000
2011-02-23,66.32089233398438,70.72393912794183,66.32089233398438,70.4487487033195,3309000
2011-02-24,66.32089233398438,67.14646360785139,63.29379766313861,66.04570190936202,3171000
2011-02-25,64.94491577148438,67.69681898214048,64.94491577148438,66.87124801894366,2001000
2011-03-01,67.69680786132812,68.52237868890529,65.49528565445567,66.5960467578919,2347000
2011-03-02,65.49530792236328,67.69683087773683,64.9449271835199,66.87125976947175,1659000
2011-03-03,67.14643859863281,67.6968192428839,65.22010634375401,66.87124827650727,1644000
2011-03-04,66.32089233398438,68.24722530634077,66.32089233398438,67.97203488171841,1462000
2011-03-07,70.72391510009766,70.72391510009766,66.59606013316589,67.14644079542346,4361000
2011-03-08,74.85176086425781,75.40214145884795,70.72390640483184,71.54947729671703,10199000
2011-03-09,74.85176086425781,77.05328324261833,74.30138026966769,75.40214145884795,6235000
2011-03-10,75.95252990722656,77.8788621874823,74.85176860422328,76.5029105587282,4084000
2011-03-11,73.20062255859375,74.85176442081766,71.82467100674047,74.30138380007635,1944000
2011-03-14,69.89834594726562,73.20063000776636,68.24720391701526,72.65024933101624,3173000
2011-03-15,68.52238464355469,71.54947794106111,65.22010104627495,70.44871674196787,3661000
2011-03-16,69.07276153564453,70.17352267565481,67.14642954062656,69.89833239065224,2272000
2011-03-17,65.49530792236328,67.69683087773683,64.39454644467651,67.14645013889344,1742000
2011-03-18,69.89834594726562,69.89834594726562,66.32087154838983,66.32087154838983,2914000
2011-03-21,69.89834594726562,70.99910730076587,69.3479652705155,70.44872662401575,1555000
2011-03-22,70.72391510009766,72.92543774912794,70.17353443784009,70.44872476896887,3463000
2011-03-23,70.44872283935547,71.82467445731163,70.44872283935547,71.5494841337204,895000
2011-03-24,69.89834594726562,72.09986865426612,69.89834594726562,71.27429763914093,1328000
2011-03-25,67.14643859863281,70.99910310839044,67.14643859863281,70.44872246413935,1760000
2011-03-28,66.32089233398438,67.97203488171841,66.32089233398438,66.59608275860671,722000
2011-03-29,64.94491577148438,66.32086737681243,63.293773845090705,66.32086737681243,2070000
2011-03-30,65.77050018310547,66.04569056044063,64.39454829642962,64.94492905109996,1723000
2011-03-31,65.77050018310547,67.42164244711648,65.4953098057703,65.77050018310547,1109000
2011-04-01,66.32089233398438,66.87127318322905,66.04570190936202,66.59608275860671,639000
2011-04-06,67.14643859863281,68.52239020926054,66.59605795438173,66.87124827650727,1138000
2011-04-07,67.42162322998047,67.97200382777622,66.8712426321847,67.69681352887834,720000
2011-04-08,65.49530792236328,67.42164050831514,64.9449271835199,67.42164050831514,2133000
2011-04-11,62.19300079345703,65.7704742904258,61.09223971746664,65.49528402142819,3184000
2011-04-12,59.991493225097656,61.642635240467314,59.16592221741282,61.367444904572366,1944000
2011-04-13,56.414024353027344,59.99149906809737,55.86364362763196,59.99149906809737,4378000
2011-04-14,58.89072799682617,58.89072799682618,56.41401513714657,56.41401513714657,2378000
2011-04-15,57.5147705078125,59.71629282390102,57.51477050781251,59.441102534389955,1411000
2011-04-18,56.68920135498047,58.61553343985844,56.68920135498046,57.78996254633931,978000
2011-04-19,53.93730163574219,56.13882415148677,53.937301635742195,55.58844352255063,2585000
2011-04-20,55.03807067871094,56.41402244567871,54.76288032531738,55.58845138549805,2014000
2011-04-21,57.789955139160156,58.61552592686244,56.138813563755576,56.138813563755576,2731000
2011-04-22,57.789955139160156,58.34033566429501,56.964384351457866,58.34033566429501,1144000
2011-04-25,56.68920135498047,58.61553343985844,56.68920135498046,58.34034314201873,854000
2011-04-26,56.964393615722656,58.06515484501198,56.68920330840033,56.68920330840033,1028000
2011-04-27,60.81707000732422,60.81707000732422,58.890737473155575,59.165927835179666,1889000
2011-04-28,59.716312408447266,61.64264506678427,59.71631240844726,61.36745468702184,3356000
2011-04-29,57.23957443237305,60.54185757270227,56.964384170678954,59.991477049314064,1829000
2011-05-03,57.789955139160156,58.61552592686244,56.414003826323004,57.78995513916015,1183000
2011-05-04,61.64263153076172,61.64263153076171,57.51477674075535,57.789967060089104,4219000
2011-05-05,60.54187774658203,62.19301986694336,59.99149703979492,61.09225845336914,2348000
2011-05-06,62.19300079345703,63.01857160044982,60.541859179471444,60.541859179471444,2611000
2011-05-09,61.3674430847168,63.8441560343242,61.3674430847168,63.56896570659004,1525000
2011-05-10,60.81707000732422,62.743402541492856,60.81707000732422,61.64264109339649,1206000
2011-05-11,59.44110870361328,61.642631248191556,59.44110870361328,61.09225061204699,1296000
2011-05-12,62.74340057373047,63.29378128051758,58.8907356262207,59.44111633300781,2624000
2011-05-13,61.917823791503906,63.84415608723958,61.642633463541664,62.74339477539063,2132000
2011-05-16,60.54187774658203,63.01859092712402,60.54187774658203,63.01859092712402,812000
2011-05-17,59.716312408447266,61.36745468702184,59.1659316489224,59.99150278820969,993000
2011-05-18,60.54187774658203,60.817068099975586,59.71630668640137,59.71630668640137,580000
2011-05-19,59.716312408447266,61.9178354465467,59.44112202868483,61.36745468702184,1080000
2011-05-20,57.23957443237305,60.26666731100816,55.58843286220844,60.26666731100816,2777000
2011-05-23,56.13882827758789,56.68920894697601,54.21249593472948,56.13882827758789,1523000
2011-05-24,57.789955139160156,58.34033566429501,56.68919408889043,56.68919408889043,1578000
2011-05-25,56.68920135498047,58.06515284417902,56.68920135498046,58.06515284417902,1014000
2011-05-26,57.5147705078125,58.06515108683463,56.68919963927931,57.789960797323566,679000
2011-05-27,58.89072799682617,59.99148926779489,57.78996672585746,58.34034736134182,1665000
2011-05-30,58.61555099487305,59.991502896161144,58.61555099487305,58.890741375130666,731000
2011-05-31,59.991493225097656,60.54187389688754,59.16592221741282,59.44111255330776,1216000
2011-06-01,60.54187774658203,61.64263916015625,59.99149703979492,60.54187774658203,1812000
2011-06-02,58.89072799682617,59.99148926779489,58.615537679084,58.615537679084,1019000
2011-06-03,62.74340057373047,62.74340057373047,59.16592597961426,59.44111633300781,5031000
2011-06-07,63.56895446777344,64.39452530501725,63.0185739096109,63.84414474685471,3256000
2011-06-08,63.56895446777344,65.22009614226106,63.29376418869217,64.11933502593598,2264000
2011-06-09,61.917823791503906,63.01858510335286,60.81706247965494,62.468204447428384,1753000
2011-06-10,60.81707000732422,63.29378326554104,60.81707000732422,63.29378326554104,1494000
2011-06-13,61.64263153076172,61.91782185009547,59.99148961475917,59.99148961475917,1077000
2011-06-14,61.64263153076172,62.74339280809674,61.0922508920942,62.74339280809674,825000
2011-06-15,65.77050018310547,65.77050018310547,61.9178349004131,62.19302527774827,6729000
2011-06-16,66.59605407714844,67.14643468935627,64.94491224052491,65.49529285273276,4351000
2011-06-17,62.74340057373047,67.4216365814209,62.468210220336914,67.4216365814209,3152000
2011-06-20,59.44110870361328,63.29377315662526,59.44110870361328,62.74339252048069,2191000
2011-06-21,58.61555099487305,61.09226441719163,56.96440871332733,61.09226441719163,2987000
2011-06-22,60.54187774658203,61.09225845336914,58.61554527282715,59.44111633300781,2238000
2011-06-23,59.44110870361328,61.09225061204699,59.44110870361328,60.26667965783014,821000
2011-06-24,59.44110870361328,59.716299021685565,58.61553774939643,59.44110870361328,763000
2011-06-27,61.64263153076172,63.0185831274305,59.165918656757896,60.54187025342668,2470000
2011-06-28,61.3674430847168,63.293775378855884,61.3674430847168,63.293775378855884,1447000
2011-06-29,62.19300079345703,62.74338133145222,61.36742998646424,62.193000793457024,1096000
2011-06-30,62.19300079345703,62.74338133145222,61.917810524459426,62.74338133145222,638000
2011-07-01,63.84415817260742,64.3945388465092,62.46820648785295,63.01858716175474,1568000
2011-07-04,63.01858139038086,64.6697232608712,63.01858139038086,64.3945329491228,1113000
2011-07-05,63.01858139038086,63.29377170212925,62.1930104551357,63.01858139038086,675000
2011-07-06,63.293766021728516,64.66971745698348,62.74338544762652,63.568956308779505,1727000
2011-07-07,60.266693115234375,63.29378728997218,59.44112197666953,63.29378728997218,2385000
2011-07-08,59.716312408447266,60.81707392749698,59.44112202868483,60.81707392749698,894000
2011-07-11,58.06515121459961,59.71629295529912,57.239580344249845,59.71629295529912,1258000
2011-07-12,56.414024353027344,58.06516652921351,56.13883399032965,57.23959544112043,1733000
2011-07-13,52.506309509277344,57.51477207504093,52.506309509277344,56.41401088700187,4636000
2011-07-14,49.64432907104492,51.24043367113572,48.87379958051284,50.4148627606478,3975000
2011-07-15,49.64432907104492,50.5799786223737,48.543567857061035,49.09394846405298,3125000
2011-07-18,49.25906753540039,50.08463849968084,48.98387721397357,49.53425785682721,1215000
2011-07-19,49.31410598754883,49.75441219242161,48.87380398174722,49.259068761707525,724000
2011-07-20,50.52494430541992,51.24043661619004,49.974563666794744,50.41486565825227,2034000
2011-07-21,49.86448669433594,50.63502045410393,49.699375016645696,50.524946002310436,1074000
2011-07-22,51.68073654174805,52.836534902935654,49.91951619220787,49.91951619220787,2801000
2011-07-25,49.97455596923828,51.68073484636023,49.91951455459694,51.515619000576976,996000
2011-07-26,51.02029037475586,51.57067108731663,49.97457038014765,49.97457038014765,733000
2011-07-27,52.616397857666016,53.607084868418845,51.02029287326282,51.02029287326282,1991000
2011-07-28,51.955936431884766,52.561354333079805,51.73578332261258,52.01097365943499,733000
2011-07-29,52.06600570678711,53.331882809852914,51.46058786582685,52.0109684847127,1142000
2011-08-01,51.02029037475586,53.22181322499898,51.02029037475585,53.22181322499898,1012000
2011-08-02,50.63501739501953,51.40555110823619,50.52494294987612,50.52494294987612,556000
2011-08-03,48.818763732910156,49.5342602832974,48.15830860876137,49.5342602832974,1420000
2011-08-04,48.32342529296875,50.359832125519695,48.21334663773246,48.87380597193618,1218000
2011-08-05,44.96609878540039,45.40640499834619,44.96609878540039,44.96609878540039,1390000
2011-08-08,41.82892990112305,43.48007187090422,41.82892990112305,41.93900435281332,1305000
2011-08-09,40.72816467285156,41.27854527653874,38.911907001055546,38.911907001055546,2315000
2011-08-10,43.53511428833008,43.53511428833008,42.104125250354585,42.37931561146801,1704000
2011-08-11,42.65449523925781,42.929685531123994,41.11342792517896,42.10411465552546,1178000
2011-08-12,44.745941162109375,45.40639615380934,44.14051918746891,45.18624309021921,1886000
2011-08-15,45.98483657836914,46.69594502528905,45.62928461545344,46.28113063431365,1563000
2011-08-16,45.273719787597656,46.518153564729666,45.036683705980316,46.044081401494985,1089000
2011-08-17,45.03669357299805,45.866317779876184,44.68114163321834,45.33298760966251,863000
2011-08-18,44.14780807495117,45.510762347445215,44.14780807495117,44.56261788601222,690000
2011-08-19,41.06635284423828,42.13300860004794,41.06635284423828,41.48116266242738,1653000
2011-08-22,41.18486404418945,41.83670990901669,40.82931216529163,41.59967381605567,1194000
2011-08-23,43.55521774291992,43.55521774291992,41.48115975516183,41.48115975516183,756000
2011-08-24,43.61446762084961,44.97742157069266,43.31817367706518,43.8515036800945,770000
2011-08-25,42.784854888916016,44.14780919602029,42.784854888916016,43.97003097471522,560000
2011-08-26,42.310791015625,43.49596720922184,41.77746082428874,42.7848587804107,520000
2011-08-29,45.214473724365234,45.214473724365234,44.50336529350622,45.214473724365234,1097000
2011-08-30,48.35517883300781,48.35517883300781,46.81445097108824,47.8811111560797,2243000
2011-08-31,49.06629180908203,50.369983696316204,47.58482170036685,48.11814732263393,4202000
2011-09-01,48.29592514038086,49.5996170167167,47.88111532184344,49.066291398908,1399000
2011-09-02,50.666282653808594,50.96257670441567,47.99963619834499,48.11815201015244,3004000
2011-09-05,49.77739715576172,50.547763443988515,49.12555119246341,49.303324898223984,1215000
2011-09-06,47.9996337890625,49.65888219761352,47.70333975332755,49.18480993200232,1429000
2011-09-07,49.48110580444336,49.658884040918615,48.71073947450171,49.59962161470129,837000
2011-09-08,49.599613189697266,50.96256738159352,49.599613189697266,49.77739139597507,1290000
2011-09-09,48.53296661376953,49.24407053001623,48.47370870759704,49.06629681149877,1188000
2011-09-13,46.99222946166992,47.584817452252956,46.814451256059975,46.814451256059975,756000
2011-09-14,45.392242431640625,47.999630681521076,45.332984532547684,47.466300547508816,1079000
2011-09-15,48.53296661376953,48.53296661376953,46.281130010507574,46.81446020823682,1219000
2011-09-16,49.36258316040039,50.07368696567909,48.888510942822776,50.07368696567909,1138000
2011-09-19,47.88111114501953,48.592214920791214,47.762590834999216,48.592214920791214,741000
2011-09-20,49.00703048706055,49.48110274091775,47.28852873927639,47.46630244365677,842000
2011-09-21,48.888511657714844,49.77739368785512,48.47370185208451,48.88851165771485,747000
2011-09-22,47.88111114501953,48.23666303290537,47.40703894711338,47.58481715160007,577000
2011-09-23,46.04408645629883,46.162606770662485,44.56261643491099,44.74039464591262,1171000
2011-09-26,43.73299789428711,45.92557177037301,43.555219678998924,45.86631387230622,843000
2011-09-27,45.629268646240234,46.4588926167529,44.444092837246984,45.27371680775965,684000
2011-09-28,45.629268646240234,45.80704682602399,44.7403867894953,45.629268646240234,660000
2011-09-29,45.74779510498047,45.92557332629163,44.621881440303056,45.27372738329734,667000
2011-09-30,45.74779510498047,46.69593959052268,45.39224318344613,45.80705752614284,546000
2011-10-03,44.97743225097656,45.27372626511858,44.62188033822371,44.91817435236573,389000
2011-10-04,45.57002639770508,45.57002639770508,43.91077788729616,43.91077788729616,440000
2011-10-05,45.273719787597656,45.86630773109739,45.036683705980316,45.74778742974512,401000
2011-10-06,46.281131744384766,46.63668371582852,45.80706395615596,45.925579772941006,845000
2011-10-07,45.80705261230469,47.288522560683404,45.747790197499555,46.81445036876722,462000
2011-10-11,46.69594192504883,47.28852999759469,46.3996478887759,46.75519982808577,612000
2011-10-12,48.53296661376953,48.592224519942015,46.51816615628595,46.81446020823682,1456000
2011-10-13,49.244075775146484,50.66628828021233,49.244075775146484,50.369994196702315,2225000
2011-10-14,51.25885772705078,52.20699754379612,49.36257809356012,49.36257809356012,4239000
2011-10-17,51.25885772705078,52.08848176211068,50.66626977644904,52.08848176211068,1543000
2011-10-18,49.36258316040039,50.07368696567909,48.236665034469354,48.236665034469354,1480000
2011-10-19,51.19960403442383,52.02922813751044,49.836649827846706,50.25146413993383,4567000
2011-10-20,52.207008361816406,52.44404449539176,51.318126251725026,51.673678191543935,3543000
2011-10-21,51.8514518737793,52.2070037824105,51.08108563750517,52.2070037824105,1232000
2011-10-24,53.33293533325195,54.51811167399088,52.79960507570164,53.332935333251946,3246000
2011-10-25,52.79958724975586,53.3329173272458,52.20699927945313,53.3329173272458,1202000
2011-10-26,52.79958724975586,53.15513912772001,52.32551958616613,52.32551958616613,902000
2011-10-27,51.73293685913086,52.79959260113165,51.555158641586786,52.74033470231292,1868000
2011-10-28,51.25885772705078,52.85884338524058,51.25885772705079,52.740327603555144,1571000
2011-10-31,50.36997985839844,51.614413750682516,50.36997985839844,51.25886185589958,915000
2011-11-01,52.503299713134766,52.50329971313476,50.36998366224549,50.36998366224549,2827000
2011-11-02,52.68107223510742,53.15513990563504,51.25886018134958,51.25886018134958,1774000
2011-11-03,50.96257019042969,52.74033426684003,50.962570190429695,52.74033426684003,1102000
2011-11-04,52.503299713134766,53.09588775622,51.67367554859783,52.08848989141028,1979000
2011-11-07,53.27367401123047,54.34032993698243,52.20701356438986,52.85885960586416,3899000
2011-11-08,52.74033737182617,53.80699768890509,52.74033737182618,53.273667530365636,1520000
2011-11-09,50.54776382446289,52.56255963144341,50.36998559627607,52.56255963144341,2811000
2011-11-10,47.05149459838867,49.77739887040763,47.05149459838867,48.82925884376037,3304000
2011-11-11,47.05149459838867,48.236670761969805,45.74779810579646,48.236670761969805,1721000
2011-11-14,48.47370147705078,48.59221727171742,47.821851043120944,48.41443905862969,1458000
2011-11-15,47.46630096435547,48.59221914136069,47.46630096435547,48.355183021819386,621000
2011-11-16,46.57741928100586,48.23666761003425,46.22186735938205,47.881115688410446,1003000
2011-11-17,47.170005798339844,47.407041912118004,46.57741777443837,47.407041912118004,519000
2011-11-18,46.10334396362305,46.814447689715486,45.92556577155633,46.57741160732226,610000
2011-11-21,43.140403747558594,45.80704947181762,43.140403747558594,45.629271281765476,1041000
2011-11-22,41.95523452758789,43.85151442397319,41.481162292947616,42.90337447578054,1195000
2011-11-23,41.06635284423828,42.54782293932497,40.94783252397858,41.8367145810306,878000
2011-11-24,41.24412536621094,42.31078561267439,39.76265531339382,40.59227944718897,811000
2011-11-25,41.30338668823242,42.19226879361265,40.94783475029797,42.19226879361265,451000
2011-11-28,42.844120025634766,42.90337792946303,42.01449580877424,42.07375371260251,594000
2011-11-29,43.31819152832031,44.325594064986014,42.844123735555854,44.325594064986014,790000
2011-11-30,41.65894317626953,43.258929158633016,41.65894317626953,43.258929158633016,435000
2011-12-01,43.258934020996094,44.02930040788767,43.02189786186879,44.02930040788767,666000
2011-12-02,42.310791015625,43.258931066284795,42.13301277815012,43.140415255360466,370000
2011-12-05,41.83671569824219,42.31078794976477,41.65894199473726,42.31078794976477,222000
2011-12-06,41.18486404418945,42.31078209493874,41.18486404418945,41.83670990901669,330000
2011-12-07,40.59227752685547,41.836711408132786,40.29598353030908,41.36264372631112,436000
2011-12-08,39.17006301879883,40.592275018556975,39.17006301879883,40.592275018556975,597000
2011-12-09,36.562679290771484,37.33304322262159,36.444161241130594,36.444161241130594,1141000
2011-12-12,36.50342559814453,37.21453176133835,36.50342559814453,36.79971964442994,699000
2011-12-13,35.792320251464844,36.38490832012788,35.25899008545048,36.207130091093696,515000
2011-12-14,38.044151306152344,38.28118743226769,35.37750732034678,35.73305924897578,1479000
2011-12-15,37.629337310791016,37.747855360729034,36.91823127170668,37.333043316217854,647000
2011-12-16,37.45155715942383,38.22192100667446,37.09600304954726,37.51081504746483,721000
2011-12-19,34.844173431396484,36.97749155610063,34.844173431396484,36.91823140065275,695000
2011-12-20,35.199737548828125,36.08861978732838,34.784925385419115,34.784925385419115,585000
2011-12-21,37.629337310791016,37.629337310791016,36.74045532707154,37.214525266279836,886000
2011-12-22,36.97749710083008,37.74786115281734,36.91823693649621,37.62934308469373,515000
2011-12-23,39.5256233215332,39.5256233215332,37.33304922320864,37.62934326466267,1733000
2011-12-26,41.5404167175293,41.71819492092185,39.64413697975047,40.592276848639884,2716000
2011-12-27,40.88857650756836,41.54042247521051,40.29598844224128,41.48116457289544,838000
2011-12-28,40.11820983886719,41.18487015491165,40.11820983886719,40.592282095128745,687000
2011-12-29,39.9404296875,40.118203364090675,39.525615399947014,39.58487781323128,582000
2011-12-30,39.17006301879883,40.41449682317946,39.17006301879883,40.23672314888927,629000
2012-01-02,37.984893798828125,39.17006992060803,37.86637799508539,39.17006992060803,468000
2012-01-03,38.39970779418945,38.93303342712114,38.22192956915351,38.518223596821365,409000
2012-01-04,40.05895233154297,40.17747265731941,38.69600249327501,38.69600249327501,905000
2012-01-05,40.533023834228516,40.65153963669975,39.76265755490127,40.41450351066921,1156000
2012-01-06,41.18486404418945,41.95523021604092,40.59227607233061,40.710791858267406,1725000
2012-01-09,39.70339584350586,41.06635004656872,39.70339584350586,40.88857183883439,639000
2012-01-10,39.05155563354492,39.70340162162256,38.51822545381293,38.51822545381293,937000
2012-01-11,39.46635818481445,39.999688265910756,39.11080630444607,39.34784239838748,485000
2012-01-12,38.6367301940918,39.6441323607976,38.57747230689428,39.6441323607976,679000
2012-01-13,37.688602447509766,39.110814798962444,37.62934454142599,38.69600493528761,928000
2012-01-16,37.92563247680664,38.22192648053169,37.68859636960906,38.04414826986158,468000
2012-01-17,39.76266098022461,40.17747536678393,38.04415456982387,38.04415456982387,1330000
2012-01-18,40.59227752685547,41.18486551994825,39.94043163867093,39.999689533762684,1693000
2012-01-30,41.71820068359375,42.42930455321604,41.125612618545794,41.777458585880915,1716000
2012-01-31,42.96263885498047,44.147815099255794,41.89597842669725,41.89597842669725,2578000
2012-02-01,45.92557907104492,45.925579071044915,43.377448359312815,43.55522660286196,2685000
2012-02-02,47.9996337890625,48.59222186053241,46.28112747758213,47.05149377892829,4317000
2012-02-03,47.110740661621094,47.99962256089696,46.57741061783814,47.99962256089696,2126000
2012-02-06,45.80705261230469,47.11074435844296,45.807052612304695,47.11074435844296,1758000
2012-02-07,47.170005798339844,47.999629936019474,45.510762044068414,45.68853573858616,4388000
2012-02-08,47.703338623046875,48.82925683637989,47.64408072152158,47.762596524572174,4258000
2012-02-09,47.22926712036133,47.52556115379167,46.28112711760187,46.28112711760187,2307000
2012-02-10,47.762596130371094,48.94777223544774,47.52556000513815,47.52556000513815,3105000
2012-02-13,46.814456939697266,47.762596935524144,46.51816290843336,47.46630290426024,1753000
2012-02-14,46.22187423706055,47.34779259064257,45.92558017143836,46.7552044593982,1245000
2012-02-15,48.53296661376953,48.8292606657204,46.51816615628595,46.51816615628595,3681000
2012-02-16,47.110740661621094,50.13293821494162,46.93296247333107,48.59221049374754,3184000
2012-02-17,46.87371063232422,48.236664862175815,46.69593694218339,48.177406965462204,1573000
2012-02-20,47.28852081298828,47.76258846629632,46.81444863859292,47.76258846629632,776000
2012-02-21,47.9996337890625,48.71073766639112,46.93297345198139,47.407045717592595,1919000
2012-02-22,49.06629180908203,50.07368967457317,48.17740974385293,48.710735366120005,4341000
2012-02-23,47.9996337890625,49.65888219761352,47.9996337890625,49.24406783493167,1843000
2012-02-24,47.762596130371094,48.532962407106126,47.40704420306571,47.99963225560403,1039000
2012-02-29,47.22926712036133,48.59222148257617,47.11075131542446,48.17741164420895,1030000
2012-03-01,47.9996337890625,48.236669921868106,47.34778781466324,47.34778781466324,1025000
2012-03-02,48.77000045776367,49.599620147200014,48.29592818858156,48.59222222654832,2375000
2012-03-05,48.59221267700195,50.31071866369876,48.59221267700195,48.59221267700195,3106000
2012-03-06,48.35517883300781,49.30331870795158,47.52555474702418,48.71073072097578,2876000
2012-03-07,47.82184982299805,48.1181438231928,46.814452030770944,47.17000392678712,1288000
2012-03-08,46.39963912963867,47.999624815038345,45.807051168959184,47.94036692318787,2757000
2012-03-09,47.46630096435547,47.82185288312345,46.39964520805154,46.518161007278216,1841000
2012-03-12,46.814456939697266,47.88111726068258,46.814456939697266,47.762596935524144,871000
2012-03-13,46.57741928100586,47.34778554543075,46.45890348082725,47.11074942398555,705000
2012-03-14,47.110740661621094,47.94036467182933,46.992224883485825,47.40703462804638,1417000
2012-03-15,47.82184982299805,48.65147392776088,47.76259192717663,47.940370135728536,1796000
2012-03-16,48.47370147705078,49.481099294980545,48.177407469296405,48.5329593743841,2887000
2012-03-19,48.11814498901367,49.18480522399321,47.94037129724226,49.18480522399321,786000
2012-03-20,47.52556610107422,48.473710723621124,47.40705028380017,48.473710723621124,760000
2012-03-21,47.22926712036133,47.999633415715486,47.11075131542446,47.76259728475358,617000
2012-03-22,47.64407730102539,47.821850992838435,47.229262977952764,47.40704119085357,369000
2012-03-23,47.64407730102539,48.35518111045309,47.288525396311535,47.94037130846822,760000
2012-03-26,47.46630096435547,47.94037320343807,47.40704306474213,47.70333708389677,310000
2012-03-27,47.110740661621094,47.94036467182933,46.93296247333107,47.94036467182933,505000
2012-03-28,46.75520324707031,47.703343328258995,46.51816709650101,47.703343328258995,475000
2012-03-29,43.73299789428711,46.281123679861565,43.495961780932134,46.281123679861565,1956000
2012-03-30,43.85151290893555,44.32558512719697,42.37004287822827,43.73299711491406,816000
2012-04-02,43.85151290893555,44.029291121055515,43.25892489665264,43.25892489665264,348000
2012-04-03,42.1922607421875,44.44409678787475,41.540414893516136,43.85150883070309,868000
2012-04-05,41.18486404418945,41.18486404418945,39.70339411454235,40.23672419343279,733000
2012-04-06,42.66633605957031,42.84411426825358,41.18486605750189,41.18486605750189,613000
2012-04-09,42.66633605957031,42.66633605957031,41.59967584964599,42.07374805874294,395000
2012-04-10,42.96263885498047,44.56262497631673,41.77746261070514,44.56262497631673,435000
2012-04-11,42.54782485961914,42.90337679426934,41.777458566970246,41.777458566970246,237000
2012-04-12,42.784854888916016,43.318185031743255,42.192266846016416,42.54782328862655,283000
2012-04-13,43.91077423095703,44.503362289461414,43.25892827081983,43.25892827081983,716000
2012-04-16,43.258934020996094,43.91078006777967,43.19967611148644,43.91078006777967,286000
2012-04-17,41.7774543762207,43.85151239489832,41.48116037355247,43.85151239489832,477000
2012-04-18,41.7774543762207,42.666336384225396,41.48116037355247,42.37004238155716,420000
2012-04-19,42.310791015625,42.903379112423416,41.00709449001544,41.48116677588953,550000
2012-04-20,41.30338668823242,42.19226879361265,41.30338668823242,42.073752987997224,374000
2012-04-23,41.18486404418945,42.42929788087553,41.00708584419683,41.42190013715047,402000
2012-04-24,40.71079635620117,41.77745663183205,40.59228055717015,41.184868594501104,389000
2012-04-25,40.88857650756836,41.48116457289544,40.88857650756836,41.48116457289544,399000
2012-04-26,40.17747116088867,41.65894126975495,40.17747116088867,41.18486902648255,596000
2012-04-27,38.51822280883789,40.71079676029039,38.51822280883789,40.355244838580255,766000
2012-04-30,38.10341262817383,38.75525856535146,37.39230427036265,38.51822244608107,478000
2012-05-02,39.4071044921875,39.52562029124763,35.67380030819432,36.266388345670826,1377000
2012-05-03,39.76266098022461,39.99969712667444,38.63674267540423,39.40710902109408,603000
2012-05-04,40.35523986816406,40.77005415997462,39.40710002002016,39.46635791282526,611000
2012-05-07,41.06635284423828,41.12561074382416,39.70339854832335,39.99969256734069,552000
2012-05-08,40.295982360839844,41.48115831262925,40.295982360839844,41.30338011142585,368000
2012-05-09,40.41450119018555,40.59227940477296,39.110809353503875,39.110809353503875,835000
2012-05-10,39.88117980957031,40.88857774261984,39.70340157616709,40.414505467603426,619000
2012-05-11,39.28858947753906,39.88117752684681,38.63673900643012,39.88117752684681,409000
2012-05-14,38.34044647216797,39.64414294397587,38.10341486010126,39.64414294397587,453000
2012-05-15,38.34044647216797,38.34044647216797,37.57008469077476,38.10341486010126,374000
2012-05-16,37.03675079345703,38.695999037439,36.79971468416136,38.221926818847656,378000
2012-05-17,37.5700798034668,37.629337698774904,36.79971360119856,36.79971360119856,314000
2012-05-18,35.85157775878906,37.273790012115676,35.7330596942545,37.273790012115676,495000
2012-05-21,36.08861541748047,36.74046140923307,35.91083718287143,35.91083718287143,174000
2012-05-22,36.85898208618164,37.03675807282233,36.44416994365717,36.44416994365717,292000
2012-05-23,35.910831451416016,36.621937494725444,35.910831451416016,36.621937494725444,223000
2012-05-24,35.02194595336914,36.44415789748856,34.84417002549011,35.910827853307886,414000
2012-05-25,33.36270523071289,35.614539265188874,33.18492927598603,35.14046929906928,589000
2012-05-28,33.303443908691406,33.48121984514094,32.53308001038097,33.48121984514094,272000
2012-05-29,35.614540100097656,35.614540100097656,33.59974213172068,33.59974213172068,561000
2012-05-30,35.081214904785156,35.792321055259045,34.90343893230272,35.61454282223247,319000
2012-05-31,35.081214904785156,35.081214904785156,34.07381471332583,34.54788472679371,456000
2012-06-01,33.777523040771484,35.08121736462942,33.65900496395816,35.08121736462942,369000
2012-06-04,31.46642303466797,32.414565225311016,31.46642303466797,32.414565225311016,658000
2012-06-05,31.64420509338379,32.710863209449094,31.52568702258894,31.999757045224165,317000
2012-06-06,32.355308532714844,32.473826601808774,31.70346254351445,31.70346254351445,243000
2012-06-07,32.41456985473633,33.066415867207674,32.35530968780169,32.94789779388264,304000
2012-06-08,32.1182746887207,32.41456873149388,32.05901452383958,32.41456873149388,137000
2012-06-11,32.710853576660156,32.829371612553466,32.23678369363043,32.710853576660156,117000
2012-06-12,32.355308532714844,32.473826601808774,31.999756585977202,31.999756585977202,51000
2012-06-13,32.17753219604492,32.53308639931232,31.99975622468328,31.99975622468328,189000
2012-06-14,31.999757766723633,32.23679391365779,31.940499860262204,32.05901567318506,279000
2012-06-15,33.83677291870117,34.133066910145295,32.059008970036444,32.059008970036444,928000
2012-06-18,34.42936325073242,34.903435477824345,34.073811340957384,34.25158729584491,610000
2012-06-19,34.96269226074219,35.49602236893715,34.48862230931547,34.60714036230811,749000
2012-06-20,36.38490676879883,36.740458690619484,35.4960247037032,35.4960247037032,914000
2012-06-21,36.44416046142578,37.03674843640832,36.088608580653755,36.621936401811794,590000
2012-06-22,36.50342559814453,36.74046173939053,35.61454345928831,35.85157960053431,542000
2012-06-25,36.74045944213867,36.918235406685376,36.14787138662031,36.14787138662031,358000
2012-06-26,35.733055114746094,36.44416115027485,35.733055114746094,36.325643100929426,336000
2012-06-27,35.43675994873047,36.38490205156744,35.43675994873047,36.266384006144854,236000
2012-06-28,35.49602127075195,36.02934910190284,35.31824306649122,35.85157315818587,192000
2012-06-29,36.14786911010742,36.38490522160437,35.67379914765741,36.02935105435894,316000
2012-07-02,36.20712661743164,36.56268078084453,36.14786872046809,36.56268078084453,246000
2012-07-03,36.50342559814453,36.74046173939053,36.20713155185913,36.20713155185913,203000
2012-07-04,36.562679290771484,36.91823117915037,36.444161241130594,36.740455234960926,202000
2012-07-05,36.44416046142578,36.91823038930306,36.44416046142578,36.562678508531036,154000
2012-07-06,36.38490676879883,36.44416466892094,36.1478706472224,36.44416466892094,166000
2012-07-09,36.325645446777344,36.68119961777468,36.325645446777344,36.38490560554886,118000
2012-07-10,36.08861541748047,36.85897947879104,36.029355252429404,36.325649296052255,226000
2012-07-11,36.20712661743164,36.20712661743164,35.792316817599065,35.85157471456262,132000
2012-07-12,35.318241119384766,36.32564109230094,35.318241119384766,36.20712304950898,287000
2012-07-13,34.547882080078125,35.49602429492079,34.547882080078125,35.31824607551381,145000
2012-07-16,34.547882080078125,35.1404701166508,34.547882080078125,35.08121221721112,150000
2012-07-17,34.6663932800293,34.96268723968767,34.547875244057245,34.547875244057245,104000
2012-07-18,34.60714340209961,35.08121339516727,34.60714340209961,34.962695331764344,61000
2012-07-19,34.78491973876953,34.962695705502256,34.666401674099696,34.90343780343937,88000
2012-07-20,34.60714340209961,35.19973145857019,34.60714340209961,34.66640130352906,153000
2012-07-23,34.07381057739258,34.48862263653048,33.77751657237177,34.48862263653048,159000
2012-07-24,33.89603805541992,34.07381402430749,33.54048385710069,34.07381402430749,109000
2012-07-25,34.13306427001953,34.31084245957022,33.540476332966804,33.77751241200533,83000
2012-07-26,34.37010192871094,34.42935982092228,34.192325991533245,34.3108440364996,77000
2012-07-27,34.78491973876953,35.43676570363754,34.370107642697135,34.370107642697135,135000
2012-07-30,35.081214904785156,35.199732973288164,34.78492086379972,35.081214904785156,106000
2012-07-31,35.5552864074707,35.73306238739921,34.84418022721244,34.96269830067952,155000
2012-08-01,35.25898742675781,35.55528143874737,35.0219513129486,35.0219513129486,140000
2012-08-02,35.25898742675781,35.25898742675781,35.25898742675781,35.25898742675781,0
2012-08-03,35.02194595336914,35.55527599754981,34.96268806425732,34.96268806425732,86000
2012-08-06,35.081214904785156,35.85157895923848,35.02195474026159,35.436766849750036,189000
2012-08-07,34.844173431396484,35.14046742700452,34.844173431396484,35.14046742700452,108000
2012-08-08,35.199737548828125,35.555289540010456,34.84418329710136,34.84418329710136,240000
2012-08-09,34.903438568115234,35.25899050937023,34.6664024335825,35.1997326060091,795000
2012-08-10,37.333045959472656,37.333045959472656,35.19972995172037,35.19972995172037,1566000
2012-08-13,38.34044647216797,39.110812774649375,37.45156662419731,37.62934259379144,1899000
2012-08-14,38.281185150146484,38.75525737411552,38.10341145697394,38.340443047870664,776000
2012-08-15,38.34044647216797,38.75526083546111,38.16267276311794,38.39970889627285,400000
2012-08-16,38.34044647216797,38.75526083546111,38.34044647216797,38.75526083546111,298000
2012-08-17,38.69600296020508,39.34784893603256,38.518224729939305,38.577482632998496,635000
2012-08-20,38.044151306152344,39.05155371187058,37.866377602381874,38.696001783241584,488000
2012-08-21,38.16267395019531,38.63674171016315,38.10341604533537,38.34044766477512,398000
2012-08-22,38.34044647216797,38.75526083546111,37.92563662996303,38.16267276311794,269000
2012-08-23,38.458961486816406,38.57747727647875,38.22192538640414,38.340441176066484,468000
2012-08-24,38.69600296020508,38.992296996589225,38.28118859661435,38.45896682688012,1108000
2012-08-27,38.1866569519043,39.1413233757019,37.804791353522155,38.950390576510834,905000
2012-08-28,37.550209045410156,38.759454036653395,37.550209045410156,37.86843115596448,374000
2012-08-29,38.50487518310547,38.56851863375892,37.550208856251615,38.50487518310547,522000
2012-08-30,38.75945281982422,39.905051896286,38.504874168236285,38.95038559459419,1129000
2012-08-31,39.20496368408203,39.77776446349316,38.886741568374084,39.14132023207727,603000
2012-09-03,40.60513687133789,40.79606963352928,39.52318131513096,39.71411650516415,1000000
2012-09-04,40.3505744934082,40.923375404135854,39.96870641030889,40.923375404135854,311000
2012-09-05,39.39590072631836,40.2869212349968,39.332254843514214,40.2869212349968,364000
2012-09-06,39.20496368408203,39.58683167963681,38.82309811636932,39.395898895780455,210000
2012-09-07,39.14131546020508,39.9050489303628,39.14131546020508,39.6504702976963,247000
2012-09-10,38.95039367675781,39.39590519555886,38.69581497234508,39.14132649114613,267000
2012-09-11,39.52318572998047,39.586831609714885,38.695808716169616,38.95038737942314,297000
2012-09-12,40.98701477050781,41.30523692733522,40.159635220482635,40.159635220482635,1353000
2012-09-13,41.30523681640625,41.941681128351846,41.11430158054867,41.368880276463855,1104000
2012-09-14,40.79607391357422,42.005318914055046,40.79607391357422,41.814383703990245,620000
2012-09-17,40.73242950439453,41.55980892097614,40.54149672666108,41.305230265436876,286000
2012-09-18,40.66878890991211,41.305233165604996,40.286920899791085,40.41421023649809,257000
2012-09-19,42.00531768798828,42.95998399907892,42.00531768798828,42.64176189538205,1509000
2012-09-20,41.368873596191406,42.259896460169244,41.114294941385744,42.259896460169244,342000
2012-09-21,41.68709945678711,41.75074291230181,41.11429864578598,41.68709945678711,305000
2012-09-24,41.43252182006836,42.13260955968915,41.30523490584078,41.94167918834777,400000
2012-09-25,40.60513687133789,41.432513792728436,40.60513687133789,40.92336137877926,317000
2012-09-26,40.47785568237305,40.5415015677789,40.22327942427646,40.22327942427646,165000
2012-09-27,40.54150390625,41.050658879653966,40.35057109470381,40.35057109470381,146000
2012-09-28,39.84141159057617,40.85972148363639,39.777768132700764,40.41421242282398,421000
2012-10-01,38.695804595947266,39.45953807654554,38.50487183275815,38.95038323209396,693000
2012-10-02,39.45954895019531,39.45954895019531,38.632171796485515,38.632171796485515,453000
2012-10-03,39.777767181396484,40.22327865939658,39.26861224704306,39.968699978298744,362000
2012-10-04,39.14131546020508,39.58682685345057,39.01402614387183,39.58682685345057,211000
2012-10-05,39.14131546020508,39.45953753711731,38.632160622713855,39.14131546020508,244000
2012-10-08,38.50487518310547,39.14131940100804,38.50487518310547,38.695807962907836,142000
2012-10-09,36.91376876831055,38.82310163563696,36.40461382259196,38.504879491082555,729000
2012-10-11,36.21367645263672,36.91376411119501,36.086387125305585,36.91376411119501,207000
2012-10-12,35.19535827636719,36.786468527810925,35.00442553176225,36.27731373291724,332000
2012-10-15,35.70452880859375,36.02275099914393,35.0044409605204,35.38630661804356,224000
2012-10-16,35.70452880859375,36.277329722721134,35.70452880859375,36.277329722721134,250000
2012-10-17,35.640872955322266,36.21367367038381,35.640872955322266,35.83180571772885,202000
2012-10-18,35.640872955322266,35.76816227287392,34.495273953040986,34.495273953040986,307000
2012-10-19,35.004432678222656,35.704520360650285,34.87714334655162,35.57723345682131,222000
2012-10-22,33.22239303588867,34.04977014256956,32.5859487341584,32.5859487341584,356000
2012-10-23,32.458656311035156,33.22238988627499,32.458656311035156,33.22238988627499,391000
2012-10-24,32.458656311035156,32.84052188473402,31.82221206964231,32.14043419033873,315000
2012-10-25,31.5676326751709,32.967810459567474,31.5676326751709,32.77687767711386,153000
2012-10-26,29.40372657775879,31.758570927853313,29.40372657775879,31.631281584742908,643000
2012-10-29,27.36709976196289,29.403721625165712,27.36709976196289,29.403721625165712,596000
2012-10-30,26.73065757751465,27.239812474375086,25.775991235460552,25.775991235460552,611000
2012-10-31,27.36709976196289,27.685321852218273,26.794299028366453,27.04887767170751,415000
2012-11-01,28.703632354736328,28.862743404214562,26.921589086148515,27.367100510255955,437000
2012-11-02,28.76727867126465,29.531012206010818,28.767278671264645,29.021854897618717,284000
2012-11-05,27.908077239990234,28.639989042205606,26.857945765147868,26.857945765147868,196000
2012-11-06,28.099014282226562,28.162657735350397,27.04888031078852,27.04888031078852,195000
2012-11-07,28.63999366760254,28.63999366760254,28.035371093495794,28.09901698057365,177000
2012-11-08,28.63999366760254,28.76728301391591,28.00354936387804,28.44906086205366,106000
2012-11-09,29.14914894104004,29.14914894104004,28.226304205065837,28.226304205065837,221000
2012-11-12,29.340078353881836,29.78558980533991,29.24461317503931,29.40372423428561,308000
2012-11-13,28.321767807006836,29.2764341375801,28.321767807006836,29.2764341375801,198000
2012-11-14,28.321767807006836,28.544522313003785,28.194478477361994,28.25812435610543,85000
2012-11-15,27.46257209777832,28.32177091855255,27.46257209777832,28.003548773400272,144000
2012-11-16,28.51270866394043,29.08550959567033,27.462576859559235,27.462576859559235,200000
2012-11-19,28.194477081298828,28.67181022295008,28.194477081298828,28.639988499075045,152000
2012-11-20,27.685325622558594,28.512702684330986,27.685325622558594,28.099015367365894,148000
2012-11-21,27.176166534423828,28.06718691538612,27.176166534423828,27.239809980263338,165000
2012-11-22,26.603370666503906,27.494393637949457,26.34879440883537,26.73066000925931,183000
2012-11-23,27.62168312072754,27.876259379686598,26.794303602544314,26.921592945944987,145000
2012-11-26,28.44905662536621,28.449056625366207,27.939901743779387,28.067188643294607,320000
2012-11-27,29.340078353881836,29.56283529353192,28.449057878807782,28.767279997300392,487000
2012-11-28,29.27643394470215,29.594656052796736,28.830922507801322,29.371901548267328,171000
2012-11-29,29.753765106201172,29.91287614954984,29.371899573301107,29.4673647426052,271000
2012-11-30,30.740253448486328,31.376697629315615,29.944698222449713,30.040165820710858,575000
2012-12-03,31.631282806396484,31.758572154423018,30.931192606171724,31.503993458369948,580000
2012-12-04,33.795188903808594,33.795188903808594,31.63127989771135,31.63127989771135,1191000
2012-12-05,36.15003204345703,36.15003204345703,33.795187889624636,33.795187889624636,1976000
2012-12-06,37.74114227294922,38.63216516418595,36.150031701342236,36.150031701342236,2207000
2012-12-07,35.89546203613281,38.313950062035666,35.7045267903216,37.741149180287024,1171000
2012-12-10,34.558921813964844,36.277321750891275,34.36798902716016,35.89545617728189,1065000
2012-12-11,33.667903900146484,34.813503136170034,32.96781372469044,34.749857250487324,831000
2012-12-12,34.240699768066406,34.43163255528777,33.858834193623686,34.11341043397146,469000
2012-12-13,36.59553909301758,36.59553909301758,34.36798453952955,34.55891730140302,1442000
2012-12-14,34.68621063232422,36.59554332768152,34.68621063232422,36.59554332768152,699000
2012-12-17,33.92247772216797,34.6862113005935,33.41332281249832,34.49527851294765,450000
2012-12-18,34.49528121948242,35.004436169100885,33.986126269863966,34.367991875117234,427000
2012-12-19,33.986122131347656,35.322654014825886,33.986122131347656,34.749853248854066,337000
2012-12-20,33.92247772216797,34.431632631837616,33.85883426890006,33.85883426890006,251000
2012-12-21,33.986122131347656,34.558920469477464,33.73154347361751,34.43163114061239,238000
2012-12-24,33.73154067993164,34.49527416202675,33.73154067993164,34.24069552538111,185000
2012-12-25,34.558921813964844,34.8771439345867,33.73154478591645,33.73154478591645,388000
2012-12-26,34.11341094970703,34.87714453798092,34.04976749561843,34.55892241185364,174000
2012-12-27,34.30434799194336,34.558924249678114,33.92247996357781,33.92247996357781,175000
2012-12-28,34.43163299560547,34.8135010027737,34.43163299560547,34.49527887738791,211000
2013-01-02,34.62256622314453,34.877142452115855,34.177054787642206,34.877142452115855,258000
2013-01-03,36.53190231323242,36.97741136293541,35.00443508388945,35.25901376472735,1041000
2013-01-04,35.06806945800781,36.65917973156247,35.06806945800781,36.531892851951376,522000
2013-01-07,34.87714767456055,35.513591984051956,34.87714767456055,35.32265917677301,314000
2013-01-08,35.06806945800781,35.51358082017144,34.686203963491344,34.686203963491344,249000
2013-01-09,35.640872955322266,36.15002779768709,35.32265087536403,35.32265087536403,452000
2013-01-10,35.640872955322266,36.531895750342045,35.640872955322266,36.531895750342045,341000
2013-01-11,35.89546203613281,36.15003831747693,35.7045267903216,35.83181614491491,242000
2013-01-14,35.89546203613281,36.15003831747693,35.89546203613281,35.95910549950822,212000
2013-01-15,36.27731704711914,36.91376120584053,36.21367360238372,36.21367360238372,521000
2013-01-16,35.70452880859375,36.659195380244306,35.70452880859375,36.59555191327132,284000
2013-01-17,33.92247772216797,36.150032576334524,33.73154493452212,35.70452111993279,509000
2013-01-18,34.62256622314453,35.00443178052252,34.11340890951787,35.00443178052252,148000
2013-01-21,35.06806945800781,35.64087012762413,34.6225605236858,34.6225605236858,183000
2013-01-22,35.38630294799805,35.640881645171945,35.13172667866653,35.640881645171945,145000
2013-01-23,35.83181381225586,36.15003596410155,35.449948201177975,35.449948201177975,245000
2013-01-24,35.89546203613281,36.277327672070236,35.577239863570796,36.277327672070236,168000
2013-01-25,35.51358413696289,36.15002830582546,35.51358413696289,36.15002830582546,139000
2013-01-28,36.15003204345703,36.65918694562137,35.6408771412927,35.7681664737943,448000
2013-01-29,36.78647994995117,37.04105864036505,36.46825780085498,36.46825780085498,453000
2013-01-30,36.59553909301758,36.977404616764524,36.59553909301758,36.91376117208729,220000
2013-01-31,38.695804595947266,38.695804595947266,36.59553934518336,36.59553934518336,1213000
2013-02-01,39.84141159057617,40.41421242282398,38.823101697515945,38.823101697515945,1908000
2013-02-04,37.9957275390625,40.60514835886898,37.9957275390625,40.35057207987267,894000
2013-02-05,37.23198699951172,38.50487544393947,37.168343548427146,37.67749844062984,456000
2013-02-06,36.59553909301758,37.55020533022673,36.59553909301758,36.659182537694804,523000
2013-02-18,37.67749786376953,37.67749786376953,36.913764323237594,37.42291920764489,354000
2013-02-19,37.550209045410156,37.80478770499043,37.23198693485583,37.74114182617434,212000
2013-02-20,37.359283447265625,38.18666060820831,37.295637556213116,38.05937125394578,371000
2013-02-21,36.91376876831055,37.16834745509099,36.722835967146366,36.91376876831055,380000
2013-02-22,36.59553909301758,36.91376117208729,35.89545149020091,36.91376117208729,691000
2013-02-25,37.93207550048828,38.69580906937801,37.29563126438719,37.55020992996446,800000
2013-02-26,38.1866569519043,38.4412356360539,37.295633985222956,37.550212669372556,554000
2013-02-27,40.859718322753906,40.859718322753906,38.18665445329681,38.18665445329681,2553000
2013-03-01,42.832706451416016,43.59643772475821,41.75074814921539,41.75074814921539,3378000
2013-03-04,41.368873596191406,43.15091932414708,41.177938391166165,42.832697219561,1082000
2013-03-05,41.7507438659668,42.641766830578476,41.68710040899836,41.68710040899836,857000
2013-03-06,41.24159240722656,42.64176791900974,40.85972194429966,42.64176791900974,710000
2013-03-07,42.25990295410156,42.38718987322215,41.24159303408273,41.36887995320332,814000
2013-03-08,41.43252182006836,42.57812347085476,41.36887836295457,41.36887836295457,640000
2013-03-11,42.32354736328125,42.76905644588396,41.17794564275309,41.432524342391,971000
2013-03-12,41.559814453125,42.95998996144644,41.559814453125,42.95998996144644,495793
2013-03-13,41.7507438659668,42.13260946346194,41.55981349506149,41.55981349506149,643000
2013-03-14,42.00531768798828,42.323539791685164,41.49616037979969,42.323539791685164,334060
2013-03-15,42.51447296142578,42.57811640798238,41.878028784492365,42.32353776607227,726574
2013-03-18,41.7507438659668,42.57812337361004,41.7507438659668,42.45083160398865,357374
2013-03-19,42.13261032104492,44.232878433544634,42.005323404517206,42.005323404517206,1545150
2013-03-20,42.641761779785156,42.641761779785156,42.005317574116724,42.005317574116724,396000
2013-03-21,42.00531768798828,42.89634054947634,42.00531768798828,42.832697099873755,353000
2013-03-22,42.00531768798828,42.51447499617687,42.00531768798828,42.38718324128775,276446
2013-03-25,43.78736877441406,44.04194260400677,42.00532283315779,42.00532283315779,1190375
2013-03-26,43.15092468261719,43.78736897082284,43.023632911565315,43.78736897082284,508060
2013-03-27,43.53279113769531,44.614744506578596,43.15092552842384,43.278212446286105,1834228
2013-03-28,43.341854095458984,43.914654913290974,42.8963450458588,43.532789319964465,741090
2013-03-29,43.341854095458984,43.66007623251181,42.959988502132475,43.66007623251181,494567
2013-04-01,43.91465759277344,44.55110190571219,43.34185673999161,43.34185673999161,1157296
2013-04-02,45.951271057128906,46.26949316931314,43.723716271839315,43.723716271839315,2725268
2013-04-03,48.05154037475586,48.87891983341608,46.396786313119655,46.396786313119655,3113000
2013-04-08,45.31483459472656,47.09688067047807,45.25119113252506,46.14221417040082,1689220
2013-04-09,47.669673919677734,48.43340505535133,45.82398467683505,45.82398467683505,2404043
2013-04-10,48.1788330078125,48.751633866070705,47.03323614698091,48.24248132426271,1600082
2013-04-11,46.587711334228516,48.17882176033856,46.333137550597854,48.17882176033856,1352425
2013-04-12,44.55109405517578,46.58771355542454,44.48745060623374,46.58771355542454,1151589
2013-04-15,45.187538146972656,45.50576024659922,42.95998344958668,44.55109394771952,723500
2013-04-16,44.86932373046875,44.86932373046875,43.978300727804765,44.423814656979125,728878
2013-04-17,43.341854095458984,45.06025654895496,43.15092372663796,44.86932132444947,1391495
2013-04-18,43.40549850463867,43.91465587737481,42.38718861485095,43.023632902928846,878570
2013-04-19,45.123905181884766,45.50577081901925,43.78737302407155,43.85101648764646,1419075
2013-04-22,44.16924285888672,45.69671040827452,44.16924285888672,45.50577514371899,548006
2013-04-23,44.61474609375,45.378482195147555,44.23288047089364,44.23288047089364,887310
2013-04-24,44.67838668823242,45.378479283514466,44.678386688232415,45.31483097071826,541152
2013-04-25,43.97829055786133,45.442114070564514,43.97829055786133,44.55109127394881,870370
2013-04-26,43.97829055786133,44.74202646453918,43.9146471128924,43.97829055786133,1054100
2013-04-29,43.40549850463867,44.55110016545271,42.83270252991622,44.04194279271657,492262
2013-04-30,43.341854095458984,44.04194182583832,43.15092372663796,43.66007623251181,519420
2013-05-02,43.66007995605469,43.78737173514256,43.15092740675784,43.341857791862324,467754
2013-05-03,43.91465759277344,44.29652320939973,43.66007889646099,43.85101413261651,388614
2013-05-06,43.27821731567383,44.16924040801592,43.08728206171295,43.97830515405504,331289
2013-05-07,44.10558319091797,44.4874487240985,43.27820382262374,43.27820382262374,722290
2013-05-08,43.46914291381836,44.36016095255308,43.27820770226999,44.23287404864359,769693
2013-05-09,42.00531768798828,43.34184955237839,41.55980868508623,42.95998399907892,1616577
2013-05-10,40.095985412597656,41.6870959448436,39.905052634296545,41.623452494690554,1573301
2013-05-13,40.414207458496094,40.732429564468504,39.01402970664909,40.095985352523684,823250
2013-05-14,40.3505744934082,40.605150787631786,39.77777358268055,40.47786142659868,393212
2013-05-15,40.79607391357422,40.92336567217878,39.9050534539207,40.47785180058895,518442
2013-05-16,41.0506477355957,41.68709188653517,40.66878221616873,41.36886981106544,927195
2013-05-17,40.28691864013672,41.241587397971756,40.09598585970652,41.11429564056226,452000
2013-05-20,40.73242950439453,40.73242950439453,40.35056394892763,40.6051401766249,388000
2013-05-21,40.73242950439453,41.05065160989761,40.54149672666108,40.987008159933794,268196
2013-05-22,40.414207458496094,41.30523032635564,40.35056400843841,40.85971646458387,338800
2013-05-23,40.3505744934082,40.732440148664885,40.223285132375096,40.732440148664885,262470
2013-05-24,39.65047836303711,40.605144787963404,39.4595455636203,40.414211988546604,246010
2013-05-27,39.332252502441406,39.65047461399488,39.332252502441406,39.65047461399488,309406
2013-05-28,39.45954895019531,39.65048176599873,39.20497024389577,39.65048176599873,277602
2013-05-29,41.11430740356445,41.49617307367846,39.523196398351544,39.65048576433712,1183000
2013-05-30,41.177940368652344,41.177940368652344,40.4142092232427,41.05065346297881,359300
2013-05-31,41.43252182006836,42.45083170094264,41.43252182006836,41.75074396132186,1074000
2013-06-03,40.859718322753906,41.11429699024606,40.732431416849934,40.732431416849934,598930
2013-06-04,41.49616241455078,41.94167629498242,40.47785260392506,40.85971817594918,862176
2013-06-05,43.66007995605469,43.66007995605469,41.687103509199034,41.8780387499884,2397705
2013-06-06,43.66007995605469,44.48745952522877,43.341857791862324,43.91465865854555,2342300
2013-06-07,42.38719177246094,44.423816559438166,40.859724396149254,44.423816559438166,1496620
2013-06-10,42.832706451416016,43.46915079776285,42.70541466873564,42.959993378411376,1078100
2013-06-11,43.27821731567383,44.23288387410781,43.08728206171295,43.08728206171295,1077000
2013-06-13,41.559814453125,43.21456865087342,41.36887922213361,43.21456865087342,737010
2013-06-14,40.73242950439453,42.25989658194612,40.73242950439453,41.7507392708676,552100
2013-06-17,41.7507438659668,41.7507438659668,40.73243398741825,40.73243398741825,255100
2013-06-18,42.00531768798828,42.323539791685164,41.6870955842914,41.750739033893986,441030
2013-06-19,43.40549850463867,43.91465587737481,42.19625824183832,42.769054216560775,1859130
2013-06-20,42.45083236694336,43.27821188945682,42.323545450718804,42.705411055077086,719245
2013-06-21,42.19626235961914,42.32354928738236,41.05066058700996,41.81439186495938,439000
2013-06-24,41.368873596191406,42.387183359730095,41.368873596191406,42.323539909949666,463248
2013-06-25,40.54150390625,41.814390125838706,39.841413693457426,41.241594119042574,381080
2013-06-26,40.60513687133789,41.305226903162044,40.4778475539297,41.305226903162044,552405
2013-06-27,42.32354736328125,42.76905644588396,40.605147210331424,40.85972348212692,836221
2013-06-28,42.959983825683594,43.21456247875036,42.45082651955006,43.15091902940465,985015
2013-07-01,43.596431732177734,44.232875991041645,43.53278827742822,43.53278827742822,1812165
2013-07-02,43.596431732177734,44.232875991041645,43.27820960274578,44.232875991041645,889000
2013-07-03,42.959983825683594,43.596428030508534,42.76904862196254,43.469141131817125,470107
2013-07-04,43.596431732177734,44.232875991041645,43.3418530574953,43.85101040686017,1521015
2013-07-05,45.8239860534668,45.8239860534668,43.914653301239014,44.4238106441068,3718808
2013-07-08,45.31483459472656,46.14221417040082,44.80568204142964,46.14221417040082,1178250
2013-07-09,45.06025314331055,45.63304906216628,44.296517158696076,45.314826949164605,1011299
2013-07-10,44.42381286621094,45.1875440630306,44.42381286621094,45.1875440630306,525304
2013-07-11,44.55109405517578,44.80567270662786,44.041936752271646,44.80567270662786,814000
2013-07-12,44.86932373046875,44.86932373046875,43.278212959884755,44.423814656979125,1020000
2013-07-15,44.86932373046875,45.50576803870235,44.551101576351954,44.86932373046875,676984
2013-07-16,43.91465759277344,45.06025929833709,43.91465759277344,44.869324062181555,558841
2013-07-17,44.42381286621094,44.48745632333182,43.59643335658586,43.914655497874804,602430
2013-07-18,43.66007995605469,44.48745952522877,43.66007995605469,44.423816063527276,536372
2013-07-19,43.53279113769531,44.551101047647464,43.46914767876417,43.66007805555758,691000
2013-07-22,45.187538146972656,45.25118159576119,43.723714546416886,44.04193664604345,1133216
2013-07-23,44.67838668823242,45.56940965484951,44.48745631689738,45.378479283514466,631000
2013-07-24,43.91465759277344,44.93296752233848,43.91465759277344,44.869324062181555,546286
2013-07-25,42.38719177246094,44.04194607359654,42.38719177246094,43.78737222394871,1581296
2013-07-26,42.76905059814453,42.896342358401505,42.38718502874191,42.38718502874191,323692
2013-07-29,40.923370361328125,42.95999017552353,40.541502325284746,42.76905494358068,991436
2013-07-30,40.66878890991211,41.305233165604996,40.5414995732051,41.114297946623395,626700
2013-07-31,40.859718322753906,41.17794044319805,40.66878796389795,40.859718322753906,293180
2013-08-01,40.032344818115234,41.114298114949015,39.905055480887086,41.114298114949015,527100
2013-08-02,41.0506477355957,41.0506477355957,40.223270824942745,40.223270824942745,437121
2013-08-05,40.73242950439453,41.62345237093996,40.41420739889145,41.05065160989761,441052
2013-08-06,40.414207458496094,41.17793857055628,40.095985352523684,40.22327468048105,540179
2013-08-07,39.07768630981445,40.35057508306127,38.82310758402802,40.35057508306127,630000
2013-08-08,38.37758255004883,39.65047087627162,37.23198354201668,39.14131603135087,982000
2013-08-09,38.25029754638672,38.69580899638552,38.18665409403349,38.37758687893525,334000
2013-08-12,36.34096908569336,36.78648058772035,35.577237856895515,36.21368216612196,1518200
2013-08-13,36.53190231323242,36.72283510993974,35.95910149526825,36.34096708868287,792700
2013-08-14,36.46826171875,36.659194543151735,36.086396069946524,36.5319076121123,709300
2013-08-15,37.16835021972656,38.25030364941496,36.277327177561745,36.277327177561745,1045478
2013-08-16,36.97740936279297,37.7411429361534,36.913765909947145,37.0410552434809,330196
2013-08-19,36.91376876831055,37.61385651519332,36.85012531053658,37.04105811170077,232100
2013-08-20,36.46826171875,37.23199544419953,36.27732889434826,36.913773260915775,282181
2013-08-22,36.40460968017578,36.786475239052336,35.83180891401893,35.83180891401893,281657
2013-08-23,35.06806945800781,37.04104765392054,36.46824698430423,36.78646903901516,848573
2013-08-26,37.33479309082031,37.46813214621943,37.00144672393799,37.00144672393799,530085
2013-08-27,36.80143356323242,37.468126191032894,36.80143356323242,37.33478715682669,203020
2013-08-28,35.7347297668457,36.334754248797125,35.401383397590685,35.401383397590685,358000
2013-08-29,35.93473815917969,36.06807466686545,35.734728311189315,36.00140641302257,380515
2013-08-30,35.66805648803711,36.068071057526595,35.468049203292374,36.068071057526595,369155
2013-09-02,36.06806945800781,36.468086552988254,35.668054906257865,35.86806218213284,716006
2013-09-03,36.53476333618164,37.00144878445157,36.33475601356055,36.53476333618164,526015
2013-09-04,36.40142059326172,36.66809869195006,36.13474503780422,36.534759642605884,162000
2013-09-05,37.26811599731445,37.80146954920537,36.6680916619182,36.6680916619182,614848
2013-09-06,37.33479309082031,37.801478513101756,37.00144672393799,37.33479309082031,370418
2013-09-09,36.60142517089844,37.66813232566035,36.53475438420678,37.66813232566035,221445
2013-09-10,35.93473815917969,36.86810642913435,35.86806736210595,36.734767378217725,290000
2013-09-11,35.7347297668457,36.20141519244892,35.401383397590685,36.00140787954211,217974
2013-09-12,36.201412200927734,36.201412200927734,35.801397608169495,36.001404904548615,193000
2013-09-13,35.13470458984375,36.201411855851575,34.6680192072538,36.201411855851575,374077
2013-09-16,34.40134811401367,34.668026256355056,34.20134077887325,34.33467985004395,445485
2013-09-17,34.0013313293457,34.534685037630396,33.86799226646676,34.40134597475145,382100
2013-09-18,33.46797561645508,34.268007402578775,33.40130481739339,34.268007402578775,566120
2013-09-23,33.734642028808594,33.801312809778565,33.53463477235918,33.53463477235918,347386
2013-09-24,35.468048095703125,35.468048095703125,34.00132381465992,34.00132381465992,670100
2013-09-25,35.40138626098633,35.4680570661685,34.934703340867024,35.4680570661685,328196
2013-09-26,34.9346923828125,35.40137515654622,34.801353357504134,35.40137515654622,194182
2013-09-27,34.66802215576172,35.40138314561045,34.5346831003626,35.40138314561045,230248
2013-09-30,34.0013313293457,34.46801677780647,34.0013313293457,34.46801677780647,361000
2013-10-01,34.13467025756836,34.66802396374905,33.93466293565448,34.2680093199213,335397
2013-10-02,34.601348876953125,35.001363441853506,34.334670804865816,34.334670804865816,352250
2013-10-03,34.734683990478516,35.00136205197624,34.66801574671932,34.93469380821705,298230
2013-10-04,34.13467025756836,34.801363026101996,34.001331195215414,34.801363026101996,475080
2013-10-07,33.734642028808594,34.668012616546164,33.667973791068874,34.668012616546164,390020
2013-10-08,33.53464126586914,33.66798031039805,33.20129492616223,33.66798031039805,385111
2013-10-09,32.83460998535156,33.53463669466729,32.83460998535156,33.334629426752855,321270
2013-10-11,32.83460998535156,33.4012976683142,32.83460998535156,33.26796118519151,233713
2013-10-14,31.00121307373047,32.73461321754987,31.00121307373047,32.73461321754987,704512
2013-10-15,31.934587478637695,31.967921611391585,31.167889709141686,31.167889709141686,277006
2013-10-16,32.53460693359375,32.901287451448184,32.00125322187538,32.00125322187538,604788
2013-10-17,32.96794509887695,33.26795723675662,32.73460119464606,33.00127921570134,306040
2013-10-18,32.86794662475586,33.33463198113791,32.53460030494448,33.00128566132653,312282
2013-10-21,33.86798858642578,34.13466668320686,32.66794223737254,32.86794953834295,587000
2013-10-22,33.86798858642578,34.334673984177265,33.801320333845915,33.86798858642578,297210
2013-10-23,33.66798400878906,34.13466944428977,33.66798400878906,34.00133038511371,214471
2013-10-24,33.734642028808594,33.867981047518285,33.601305553329155,33.667973791068874,178544
2013-10-25,33.86798858642578,34.2680057315974,33.667981285455376,33.73464953803524,229052
2013-10-28,33.86798858642578,34.06799588739619,33.801320333845915,34.00132763481632,126300
2013-10-29,33.734642028808594,34.00132006622797,33.667973791068874,33.867981047518285,227100
2013-10-30,34.33467102050781,34.734685587920524,33.46797109562655,33.93465645309511,624540
2013-10-31,34.201332092285156,34.66801745123638,33.93465656090632,34.60134920419932,231060
2013-11-01,33.734642028808594,34.46800536009676,33.734642028808594,34.20132732267738,230046
2013-11-04,33.53464126586914,33.80131935492697,33.46797301522005,33.80131935492697,161100
2013-11-05,33.53464126586914,34.001326650104964,33.334633970691144,33.66798031039805,239100
2013-11-06,33.93465805053711,34.00132630050071,33.60131171425769,33.8679872573428,142040
2013-11-07,34.201332092285156,34.66801745123638,33.93465656090632,34.00132480794338,230110
2013-11-08,33.53464126586914,34.001326650104964,33.53464126586914,34.001326650104964,364160
2013-11-11,33.66798400878906,34.06799864308623,33.46797669164048,33.80132306796513,319000
2013-11-12,33.66798400878906,34.06799864308623,33.201298573288355,34.06799864308623,225000
2013-11-13,33.6013069152832,33.734643396167144,33.46796789116892,33.66797515572517,160675
2013-11-14,33.401302337646484,33.734648678514134,33.13462679089081,33.60131217675168,177430
2013-11-15,35.7347297668457,35.7347297668457,33.667983294756965,33.667983294756965,1404231
2013-11-18,38.20149230957031,38.20149230957031,36.534760511218806,36.534760511218806,3500792
2013-11-19,38.13481521606445,38.46816149847196,37.66812991204789,38.33482247686289,1432678
2013-11-20,39.46820068359375,40.80158582463928,38.40149104481913,38.40149104481913,3169252
2013-11-21,38.40149688720703,40.46824569620011,38.00148230132745,39.20152860219691,1968140
2013-11-22,37.46812438964844,39.00151685122131,37.40145360413545,38.66817055334762,1074550
2013-11-25,38.66818618774414,39.2015399713426,36.868114942771825,37.93482505320019,2125408
2013-11-26,38.601505279541016,40.068227068392574,38.20148816539281,38.668173526950405,2963797
2013-11-27,38.40149688720703,39.134860352293884,38.13482134436421,38.80151401631733,1444800
2013-11-28,39.46820068359375,39.86821520861528,38.868176352831135,38.934847135821606,1633771
2013-11-29,39.33487319946289,40.201573286737045,39.00152681641659,40.201573286737045,1080396
2013-12-02,39.134864807128906,39.66821849675845,39.00152574891377,39.33487212283611,528300
2013-12-03,41.86830139160156,41.86830139160156,39.001523266950514,39.001523266950514,3551494
2013-12-04,42.26831817626953,43.06834738128697,41.80163277785548,42.2016473803642,4038316
2013-12-05,41.134944915771484,43.068352446245505,41.06827411202548,42.53499873243305,1680353
2013-12-06,41.33494567871094,41.734960264761014,40.7349212564051,41.33494567871094,834255
2013-12-09,42.33498764038086,42.80167050891845,41.46828761465703,41.86830222861237,1371124
2013-12-10,41.26827621459961,42.3349834415027,40.80159084911802,42.3349834415027,1181451
2013-12-11,39.53487777709961,41.001602269365364,39.53487777709961,41.001602269365364,1234738
2013-12-12,40.801597595214844,41.00160491542436,39.6682193897195,39.6682193897195,683815
2013-12-13,40.401573181152344,41.20160486204489,40.401573181152344,40.86825854027555,582300
2013-12-16,38.86818313598633,40.53491485316611,38.80151488459144,40.53491485316611,1015000
2013-12-17,38.66818618774414,39.40154732228808,38.53484710603666,39.00153262039711,569100
2013-12-18,38.40149688720703,39.66821398121023,38.40149688720703,38.66817497328056,880000
2013-12-19,38.53483963012695,39.06819331025271,38.40150057428777,38.86818599810942,384000
2013-12-20,38.86818313598633,39.1348612280274,38.66817583857091,38.73484408996579,268287
2013-12-23,38.3348274230957,39.134859112745566,38.3348274230957,38.93485182614076,423992
2013-12-24,38.73484420776367,39.06819055221337,38.20149056529029,38.40149786331396,368135
2013-12-25,40.334903717041016,40.334903717041016,39.00151847019668,39.06818671524669,1405237
2013-12-26,40.13490295410156,40.80159568575365,40.00156389912496,40.668256630777044,759218
2013-12-27,39.868221282958984,40.46824570514165,39.668213989975,40.134899369091436,444148
2013-12-30,39.93489074707031,40.534912606053474,39.868219956140656,40.46824435835445,522355
2013-12-31,40.00156021118164,40.53491383868459,39.86822116849823,40.13489925386506,683778
2014-01-02,42.801666259765625,42.801666259765625,40.068227401562005,40.068227401562005,4179709
2014-01-03,43.40169906616211,43.601708935232985,42.66833802367269,42.66833802367269,3497004
2014-01-06,43.26835632324219,45.068424540214814,43.068346482928995,44.33506360316898,2781243
2014-01-07,45.80178451538086,46.26847243749026,43.60170175044715,44.00171633621133,5009444
2014-01-08,46.00179672241211,46.60182117521417,45.335104016290195,45.668450369351156,3456377
2014-01-09,45.6684455871582,47.00183085977596,45.40176751534242,46.13512839798996,2314880
2014-01-10,44.535064697265625,46.00178628330865,44.4017231344232,45.668440005893366,1577122
2014-01-13,44.00171661376953,45.00175562771884,43.66837027578643,44.401731202056965,1001728
2014-01-14,44.3350715637207,44.66841796645545,43.73504702150568,43.935056897731506,856131
2014-01-15,45.33510971069336,46.06847076225034,44.60174865913637,44.60174865913637,2235350
2014-01-16,45.33510971069336,46.26848063379422,45.20177318730566,45.935134238862645,1652840
2014-01-17,45.20176315307617,45.335099646864826,44.7350752518935,45.335099646864826,491030
2014-01-20,45.20176315307617,45.40176789375916,44.80174349878782,45.335099646864826,552881
2014-01-21,47.33517837524414,47.86853453236661,45.26843216770179,45.26843216770179,5030116
2014-01-22,48.601905822753906,49.66861327855798,47.20185196910716,47.735203153778016,5563842
2014-01-23,48.935245513916016,50.135289329803626,47.735196611566735,48.801903921176276,3078403
2014-01-24,52.33538055419922,52.33538055419922,49.33526319758907,49.33526319758907,7515612
2014-01-27,52.26871109008789,52.93540382060824,51.53535010380788,52.202042834328225,3822800
2014-02-05,53.66876983642578,54.00211623292532,50.66865226792993,51.86870132991321,2294742
2014-02-06,53.13540267944336,55.068812400257336,52.46871002305656,54.00210516733072,2222019
2014-02-07,52.00203323364258,53.80210158022237,52.00203323364258,53.40208695725596,2191455
2014-02-10,52.1353759765625,52.868742140518464,51.468683163120716,52.46872238328339,798190
2014-02-11,51.335330963134766,51.80201375548798,50.535301865826135,51.80201375548798,1391346
2014-02-12,52.00203323364258,53.00207233428955,51.93536497755849,52.86873582212138,2147364
2014-02-13,52.068702697753906,52.86873704870993,51.46867820615239,52.068702697753906,1149678
2014-02-14,52.068702697753906,52.73539544698625,51.40200994852156,52.335380814739246,1094602
2014-02-17,52.46871566772461,52.60205726522385,51.66868642857655,51.80202293961394,674330
2014-02-18,53.66876983642578,53.80210636044065,51.86870132991321,52.668730646927166,1778346
2014-02-19,55.202152252197266,55.60216681619208,53.53542066350123,53.868766981240434,2221463
2014-02-20,53.60209655761719,56.068857626256346,53.3354184480844,55.535506493652626,1858063
2014-02-21,54.668800354003906,54.93547844619379,53.73542957457006,54.33545401038193,722470
2014-02-24,58.46894073486328,58.46894073486328,55.335487455691656,55.6688337656657,3649824
2014-02-25,61.869075775146484,62.26909032083208,58.46893942066669,59.40231008490701,4795368
2014-02-26,60.93571472167969,63.335807460796474,60.469026772723105,62.335768395626,2048699
2014-02-27,62.00242614746094,65.13588005796285,61.40240165132213,61.40240165132213,3772276
2014-03-03,63.3358039855957,63.3358039855957,61.46906246511988,62.20242847517488,2195221
2014-03-04,61.535736083984375,63.135794438634925,60.33568723153501,62.73577984997229,1702379
2014-03-05,61.669063568115234,63.2691267752828,61.202380797319194,62.40242438784933,1301386
2014-03-06,65.9358901977539,65.9358901977539,62.202413162360536,62.469086096955635,3788485
2014-03-07,62.00242614746094,67.00262180451423,61.33573339318716,66.2692607921055,2614602
2014-03-10,63.66914749145508,63.80248398564851,60.06900619715909,61.202386743648105,1521136
2014-03-11,62.1357421875,63.8024735239293,61.735727684049046,63.46912725664344,931339
2014-03-12,60.869049072265625,63.20247365749983,60.73570747266079,62.00242469336603,878907
2014-03-13,61.60240936279297,62.335770349613696,61.135721399207505,61.202394741478194,844231
2014-03-14,62.60244369506836,63.06912653667592,60.66903390498,60.66903390498,961255
2014-03-17,61.669063568115234,63.06911696696409,61.669063568115234,62.80243891802604,809385
2014-03-18,65.9358901977539,65.9358901977539,62.069071608602805,62.069071608602805,4681867
2014-03-19,64.20249938964844,66.33591367423548,63.06911891821211,65.93589913168302,3415354
2014-03-20,61.669063568115234,64.0024875950169,61.53572708687657,63.53580482422085,1539363
2014-03-21,63.20247268676758,63.66915556206182,61.66907737686616,62.002423741065435,1634081
2014-03-24,64.13582611083984,64.20249944003497,60.60235838131566,62.66910442484277,1457367
2014-03-25,64.80252838134766,66.00257727548662,63.46914298184287,64.00249917622943,1764583
2014-03-26,64.13582611083984,65.40254306863416,63.6691433252392,65.40254306863416,786142
2014-03-27,65.80256652832031,67.00261540599743,64.13583480180296,64.13583480180296,2492295
2014-03-28,66.66927337646484,70.00273704528809,66.0025806427002,66.33592700958252,4485999
2014-03-31,65.73589324951172,67.33595660189857,64.06916165045482,65.60255675617164,1725637
2014-04-01,64.93585968017578,67.33595200155283,64.6691816252537,67.33595200155283,1371428
2014-04-02,63.86917495727539,65.93592170679227,63.66916507428944,65.06921899580328,1197238
2014-04-03,62.402435302734375,63.86916228521025,62.069088954870985,63.86916228521025,1604520
2014-04-07,63.069114685058594,63.1357829232658,61.00236878187198,61.335715059368546,803500
2014-04-08,64.53585815429688,65.40255564948201,62.80245299100289,63.33580920839517,1554518
2014-04-09,65.00253295898438,66.60259632603623,64.73585488339886,65.60255735743648,1550477
2014-04-10,64.20249938964844,65.66922107449442,63.469133460764574,65.00252847475336,809792
2014-04-11,59.735679626464844,63.469158649407106,59.73567962646485,63.33582211112674,2297018
2014-04-14,55.6021614074707,58.66894621505653,55.6021614074707,57.335561073805245,2300514
2014-04-15,55.00214767456055,56.26886482011548,52.73539148037724,52.73539148037724,1951869
2014-04-16,55.735511779785156,56.26886800381564,55.06881904297801,55.20216064221659,1705311
2014-04-17,56.00218200683594,56.66887464977446,55.2688211168958,56.66887464977446,1201840
2014-04-18,54.40212631225586,56.46887277929681,53.335418950537495,56.135526410855945,1280320
2014-04-21,54.53546142578125,55.86884674096944,54.00210526512145,54.66879792271555,726275
2014-04-22,54.93547439575195,55.60216703384006,54.735464569741055,54.735464569741055,747280
2014-04-23,54.33545684814453,55.60217403735683,54.33545684814454,55.268827676325266,1162999
2014-04-24,53.06874084472656,55.068819055606674,52.66872621984293,54.40212631864664,909125
2014-04-25,53.868770599365234,54.53546327962242,51.93536080932709,53.335414420574885,977300
2014-04-28,52.735389709472656,54.00210681249003,52.535384958340316,53.66876047414132,1361203
2014-04-29,53.0020751953125,53.46875809955428,52.73539707011912,53.0020751953125,520000
2014-04-30,49.33526611328125,53.73543747906523,49.33526611328125,53.33542282516892,1524035
2014-05-02,52.735389709472656,52.735389709472656,48.535228898155864,49.20192157485327,2242000
2014-05-05,56.402198791503906,56.402198791503906,54.66879886904595,54.80213536828833,1645065
2014-05-06,57.73558044433594,59.535653587972355,56.6022050137383,57.86892202152813,3026784
2014-05-07,58.86896514892578,59.935672410036055,57.86892613792338,58.4022772252478,2773312
2014-05-08,58.002262115478516,59.86900362044629,57.33556944748451,59.86900362044629,1007635
2014-05-09,56.335533142089844,58.202274736412384,55.735508694881766,58.002264891855816,1084935
2014-05-12,54.668800354003906,56.93555650792564,53.802097826002154,56.668878415735755,878113
2014-05-13,54.602134704589844,56.668881116242815,54.00211024018433,55.46883218743178,492000
2014-05-14,54.86880874633789,55.26882333083239,53.2020770722263,54.535462411515574,806135
2014-05-15,54.7354736328125,55.135488264607346,53.668766252538916,53.935444369222814,877000
2014-05-16,56.86888122558594,57.26889577118474,54.4687837790713,54.668793595101164,1715414
2014-05-19,58.602294921875,59.73567058510346,56.935563013326004,57.00223127237554,2278112
2014-05-20,58.668941497802734,59.8689900630237,58.06891721519224,59.73564850774346,1155696
2014-05-21,58.93563461303711,59.00230286451827,58.00226383291626,58.66895652065094,762440
2014-05-22,60.669029235839844,61.202385373596506,58.66895134894403,59.53565380118332,1506291
2014-05-23,60.269020080566406,61.53573720648947,59.93567373618989,61.53573720648947,1541483
2014-05-26,60.869049072265625,61.535741810903964,60.069014734022446,60.86904907226562,822646
2014-05-27,60.3356819152832,61.20238435307057,58.86896019060105,61.00237453313163,918085
2014-05-28,61.40239334106445,61.73573967308594,60.33568609588799,60.33568609588799,1353799
2014-05-29,61.2023811340332,61.60239566641066,60.135668932412344,61.00237132461411,529655
2014-05-30,62.66910934448242,63.002455670782865,60.60236313871196,61.33572403928067,1646238
2014-06-03,63.3358039855957,64.40251124595555,62.46910147541876,63.3358039855957,1440455
2014-06-04,63.269126892089844,64.00248771317786,62.935780601917045,63.33579513283226,769086
2014-06-05,65.33588409423828,66.26925488430544,63.0024596623012,63.73582060933197,2685516
2014-06-06,64.00249481201172,65.86923627861324,63.66914848486582,65.0025337934494,1115034
2014-06-09,63.13579177856445,64.33584058045274,61.86907981557946,64.33584058045274,1290272
2014-06-10,60.93571472167969,63.26913920707745,60.93571472167969,62.80245125812087,1081538
2014-06-11,61.2023811340332,61.735732148382894,60.73569327420889,61.60239566641066,806701
2014-06-12,62.402435302734375,63.20246958948347,60.669035311137065,61.20239150230313,1979966
2014-06-13,66.66927337646484,66.66927337646484,62.66911697387695,62.73578522996104,4798239
2014-06-16,68.66934204101562,70.00272732336545,65.46921532879159,66.33591779690344,6614307
2014-06-17,70.00273132324219,72.00280936104912,68.33599962506976,70.00273132324219,4751710
2014-06-18,67.33596801757812,74.00289554407101,66.66927526492884,73.00285641509709,4538251
2014-06-19,66.66927337646484,69.00269794464111,66.60260512038076,68.66935157775879,1930646
2014-06-20,67.33596801757812,68.6693535228767,66.66927526492884,66.66927526492884,2053140
2014-06-23,64.40251159667969,68.33599940923528,63.935828757249986,68.00265307065365,1897302
2014-06-24,64.46916961669922,64.73584766253855,62.869111514584596,64.40250137685456,1169250
2014-06-25,66.20259094238281,66.53593731150566,63.33581013334153,64.33584924071008,1331335
2014-06-26,70.66942596435547,70.66942596435547,68.66934787102466,68.66934787102466,1930430
2014-06-27,75.33628845214844,75.33628845214844,72.33617077042571,74.66959563398784,6801874
2014-06-30,78.66974639892578,79.66978554806467,76.00297533455542,77.0030144836943,5446000
2014-07-01,76.00297546386719,79.33643930000171,75.33628269664028,79.33643930000171,3371091
2014-07-02,74.66958618164062,77.33635711669922,71.6694688796997,76.00297164916992,2979130
2014-07-03,74.66958618164062,75.00293254852295,72.66950798034668,73.33620071411133,2115137
2014-07-04,73.3362045288086,77.33636113947088,73.3362045288086,74.66959006569603,2800089
2014-07-07,69.00269317626953,72.00281027088994,68.66934683242282,72.00281027088994,3147455
2014-07-08,68.33600616455078,71.66946987989472,67.00262067841321,70.00273802222276,3702833
2014-07-09,68.66934204101562,70.00272732336545,67.00261043807835,68.33599572042817,1873845
2014-07-10,69.66938781738281,71.0027732301557,68.66934875780315,68.66934875780315,2266850
2014-07-11,68.0026626586914,70.66943374334598,64.80253532252105,70.66943374334598,2551576
2014-07-14,68.33600616455078,68.33600616455078,66.53593779284984,67.00262067841321,850176
2014-07-15,69.66938781738281,70.66942687696248,68.66934875780315,69.00269511099637,2471680
2014-07-16,69.00269317626953,70.66942489550308,68.66934683242282,70.66942489550308,1231488
2014-07-17,66.66927337646484,70.33608341217041,65.66923427581787,69.00269794464111,1529600
2014-07-18,67.00261688232422,68.00265594026935,65.6692314717307,66.66927052967584,839746
2014-07-21,66.4692611694336,68.00265643741088,66.33592466198414,67.66931008232552,430401
2014-07-22,66.60260009765625,67.00261469045623,66.13591216733836,66.46925850908193,375000
2014-07-23,66.60260009765625,66.60260009765625,66.60260009765625,66.60260009765625,0
2014-07-24,66.66927337646484,68.00265884399414,66.0025806427002,66.60260512038076,869520
2014-07-25,65.66921997070312,67.33595144204077,65.26920543487425,67.00260514777324,752048
2014-07-28,64.26918029785156,66.53593660097279,64.26918029785156,65.40255590618125,813000
2014-07-29,59.80232620239258,66.40258418229429,59.80232620239258,64.26916982492412,3045150
2014-07-30,61.2023811340332,61.60239566641066,58.66894728487477,59.60231791806265,2357050
2014-07-31,63.069114685058594,63.069114685058594,61.069037020079186,61.66906133686512,838005
2014-08-01,61.40239334106445,61.73573967308594,60.33568609588799,61.40239334106446,1031927
2014-08-04,61.13571548461914,61.13571548461914,58.66895465310714,61.06904723526016,1224000
2014-08-05,60.3356819152832,62.00241345990428,60.3356819152832,60.669028224207416,338330
2014-08-06,57.46891403198242,61.335734084967385,56.13552850839618,60.40236320116459,2182660
2014-08-07,55.33549499511719,57.7355877366492,54.66880228433264,57.66891948286309,1586000
2014-08-08,58.002262115478516,58.002262115478516,54.80213527452273,55.20215494448825,1135000
2014-08-11,62.00242614746094,62.00242614746094,62.00242614746094,62.00242614746094,925513
2014-08-12,64.669189453125,65.20254562752918,61.26905782906742,61.66907241663982,2826035
2014-08-13,67.33596801757812,69.00269989920135,61.402401501707054,63.00246512535775,3508988
2014-08-14,68.08489990234375,72.85084289550781,68.08489990234375,70.46787139892578,3339482
2014-08-15,68.01681518554688,69.44659702661346,66.72320106478547,68.08489904569946,1585269
2014-08-18,68.76573944091797,70.46786170430703,68.01680668391977,68.76573944091797,1280650
2014-08-19,70.12744903564453,70.80829805540807,69.10617550599923,70.4678735455263,778548
2014-08-20,70.12744903564453,72.51042060481693,69.78702452576276,71.48914707517162,1815500
2014-08-21,68.08489990234375,70.46787139892578,65.22533618423157,70.12744689941407,2738048
2014-08-22,68.42532348632812,68.76574798128497,67.0636255065007,68.08489899137126,590085
2014-08-25,67.19978332519531,68.42531340425141,66.92744792492934,68.42531340425141,381012
2014-08-26,67.54022216796875,69.1061770256466,67.54022216796875,67.74447895617574,614022
2014-08-27,69.78701782226562,70.12744229944741,67.19978971789796,68.76574439072027,992275
2014-08-28,70.12744903564453,70.4678735455263,68.76575099611746,70.12744903564453,602333
2014-08-29,72.16999053955078,74.21253744161353,69.44659467013376,70.12744363748801,2056003
2014-09-01,70.12744903564453,73.19126962458046,70.12744903564453,72.16999609493516,1353790
2014-09-02,66.92745971679688,69.44659897435484,66.72320293614484,68.76574996480234,1973500
2014-09-03,64.61255645751953,67.9487168383647,63.38702645820026,67.9487168383647,2826612
2014-09-04,64.88491821289062,66.31470021579926,63.6593878135597,64.27215301322516,1681100
2014-09-05,66.38277435302734,66.51894206878586,64.47639516561578,65.02107641758063,1437000
2014-09-09,67.60830688476562,67.74447460518076,66.11043598787123,67.40405010967734,762000
2014-09-10,67.81255340576172,69.10616743104877,66.79127999545065,67.60830184037862,941113
2014-09-11,67.94872283935547,68.76573944808136,67.47212548887794,68.42531499536808,1094000
2014-09-12,66.72319793701172,68.42532033336406,66.38277345774125,68.42532033336406,653130
2014-09-15,68.42532348632812,68.76574798128497,66.72320101154384,66.72320101154384,799040
2014-09-16,67.1317138671875,69.44660162698001,67.1317138671875,68.76575259142139,497000
2014-09-17,69.10616302490234,69.7870119216994,67.74446523130821,68.08488967970673,1385638
2014-09-18,70.12744903564453,71.82957158505339,69.44660001588099,69.44660001588099,1534402
2014-09-19,69.78701782226562,71.48914020817455,69.10616886790206,71.48914020817455,580182
2014-09-22,68.76573944091797,69.78701279895141,67.74446608288454,69.4465883462736,1057500
2014-09-23,68.08489990234375,68.76574890136719,66.72320190429689,68.08489990234375,1462103
2014-09-24,67.60830688476562,67.94873138026904,67.06362561417392,67.94873138026904,550030
2014-09-25,66.24659729003906,68.08488716572785,65.70191611492737,67.74446272989921,882026
2014-09-26,67.0636215209961,67.60830275834358,64.88490696053664,65.02107467264088,581145
2014-09-29,68.08489990234375,68.08489990234375,67.19979412582704,67.6083076808136,375000
2014-09-30,68.76573944091797,69.4465883462736,67.81254993452711,68.08489053556235,733947
2014-10-01,69.44658660888672,69.78701105304793,68.7657377205643,69.44658660888672,458010
2014-10-02,74.21253967285156,74.21253967285156,68.42532327634478,69.10617226416912,3021174
2014-10-03,72.85084533691406,75.23381691335518,72.85084533691406,74.55296789151487,1799989
2014-10-06,72.16999053955078,74.89338640896779,71.82956605587366,73.19126399058216,1492135
2014-10-07,73.87210845947266,75.57423077420705,72.16998614473826,72.16998614473826,2169202
2014-10-08,70.12744903564453,74.21254315422577,69.10617550599923,74.21254315422577,1902415
2014-10-09,71.14871978759766,72.16999327737179,69.44659730464078,71.48914428418904,869053
2014-10-13,66.38277435302734,68.08489677233574,66.17851758492418,66.17851758492418,1514035
2014-10-14,67.1317138671875,67.1317138671875,65.42959127829093,65.70193193140757,876116
2014-10-15,64.88491821289062,68.08490675247026,63.523220077841216,67.13171701904245,1271089
2014-10-16,65.36150360107422,65.56576037761381,62.02534248254293,63.72746497215424,974402
2014-10-17,62.29766845703125,65.97425320814237,62.02532788389999,65.83808032434455,842000
2014-10-20,63.45512771606445,64.68065805167195,63.250876123107126,64.68065805167195,437470
2014-10-21,64.3402328491211,65.42959025000141,63.65938382426267,64.13597606387724,381080
2014-10-22,63.99981689453125,65.29343125363317,63.99981689453126,65.29343125363317,284261
2014-10-23,62.63810729980469,63.795548509080064,62.09342602810711,63.59129692804266,863300
2014-10-24,60.595558166503906,63.0466134129975,59.914709198340944,62.6381050709928,1090011
2014-10-27,57.055145263671875,61.14023904786417,56.85088849667612,60.59555779885239,1284314
2014-10-28,58.07642364501953,58.484932019260484,55.82961979499558,57.872166860666155,1365300
2014-10-29,61.61683654785156,62.09342878590497,58.07642370797127,58.07642370797127,2045240
2014-10-30,60.323219299316406,61.54874955553126,59.77854322558301,60.731727653232845,1022018
2014-10-31,61.82109451293945,62.501943548568896,60.459396441680575,60.93598868883482,882200
2014-11-03,62.29766845703125,64.54447169228371,61.821076349899826,62.29766845703125,1139000
2014-11-04,65.36150360107422,65.36150360107422,62.63810761769612,62.978532115618385,1398000
2014-11-05,67.88064575195312,68.08490253735151,66.38277997391772,67.06362899929124,2279023
2014-11-06,66.8593521118164,69.44657970814069,66.8593521118164,68.42530647713862,1848055
2014-11-07,69.44658660888672,69.44658660888672,65.36149327895221,67.40403994391947,1981150
2014-11-10,69.44658660888672,70.12743549720915,67.94872113236332,69.44658660888672,1268016
2014-11-11,72.16999053955078,72.85083950690503,69.44659467013376,70.46786812116514,2500180
2014-11-12,73.1912612915039,73.1912612915039,70.808289993641,71.82956340701081,1902782
2014-11-13,70.12744903564453,74.21254315422577,68.76575099611746,74.21254315422577,2739748
2014-11-14,70.4678726196289,71.82957064126424,69.78702360881124,70.12744811422007,1368482
2014-11-17,68.76573944091797,71.82955951501827,68.76573944091797,71.14871060966266,1097761
2014-11-18,66.72319793701172,69.78701825044593,66.04234897847078,69.44659377117546,1851695
2014-11-19,67.1317138671875,68.76575259142139,66.7232054847455,66.7232054847455,905150
2014-11-20,71.8295669555664,71.8295669555664,67.19979184178163,67.19979184178163,2580230
2014-11-21,71.14871978759766,73.87211576032867,70.4678707944149,72.16999327737179,2132839
2014-11-24,71.14871978759766,71.8295687807804,70.4678707944149,71.48914428418904,583190
2014-11-25,75.91466522216797,75.91466522216797,71.48914662177252,71.48914662177252,3973832
2014-11-26,78.6380615234375,80.68060857599433,76.59551447088069,76.93593897964016,6730129
2014-11-27,79.31890869140625,80.6806066946922,78.2976351889418,80.6806066946922,3097139
2014-11-28,82.72315216064453,84.08485013859752,79.31890721576204,79.99975620473853,5191393
2014-12-01,88.51034545898438,88.51034545898438,80.68058412992038,81.02100853553185,4787201
2014-12-02,85.10612487792969,85.10612487792969,85.10612487792969,85.10612487792969,8831472
2014-12-03,87.14866638183594,87.14866638183594,87.14866638183594,87.14866638183594,7382636
2014-12-04,81.3614501953125,81.3614501953125,81.3614501953125,81.3614501953125,11001434
2014-12-05,82.72315216064453,84.42527463308576,79.31890721576204,80.68060519371502,2507467
2014-12-08,84.42527770996094,86.12740024443595,82.72315517548591,83.74442869617093,1780887
2014-12-09,84.0848388671875,85.78696111146255,84.0848388671875,84.4252633160425,1438054
2014-12-10,84.42527770996094,87.14867376512096,82.72315517548591,85.78697573754094,1767114
2014-12-11,85.10612487792969,85.78697387695313,83.4040023803711,84.08485137939454,1252645
2014-12-12,83.74441528320312,85.7869619974276,82.72314192609089,85.7869619974276,1090620
2014-12-15,84.76569366455078,85.10611813709917,81.02102446651841,83.06357130180879,1374300
2014-12-16,82.72315216064453,86.80824609450352,82.72315216064453,84.76569912757402,1593344
2014-12-17,83.74441528320312,84.08483973557388,81.36144411660791,83.74441528320312,1359630
2014-12-18,89.53164672851562,89.53164672851562,85.1061280689312,86.4678261180341,5550679
2014-12-19,83.74441528320312,91.2337532353595,83.40399083083238,90.21247987824727,3950939
2014-12-22,84.0848388671875,85.10611221375252,82.72314107176746,84.4252633160425,1011102
2014-12-23,85.10612487792969,86.80824737548829,84.42527587890625,85.10612487792969,969393
2014-12-24,83.74441528320312,85.7869619974276,83.06356637846164,85.1061130926861,833354
2014-12-25,81.0210189819336,85.10611237598066,80.34017008292574,84.76568792647674,1834315
2014-12-26,78.29762268066406,81.70186714504077,76.25507600203804,81.02101825216542,2701513
2014-12-29,77.95719909667969,79.65932134769889,77.95719909667969,79.65932134769889,625073
2014-12-30,79.65933227539062,80.34018126919737,77.27636079706697,78.2976342877771,1110200
2014-12-31,79.65933227539062,79.999756772294,78.2976342877771,79.65933227539062,694608
2015-01-05,81.0210189819336,81.0210189819336,78.97847228491005,79.6593211839179,787000
2015-01-06,78.97847747802734,81.02102430935564,78.6380530061393,79.9997508936915,895000
2015-01-07,82.72315216064453,83.06357665513278,78.29763373229729,78.97848272127379,1175790
2015-01-08,80.68059539794922,83.06356657004054,80.34017094479331,82.72314211688465,1627238
2015-01-09,79.31890869140625,81.70188019715665,79.31890869140625,81.36145569633517,982631
2015-01-12,75.57422637939453,77.95719748144751,73.8721041636424,77.95719748144751,2482140
2015-01-13,76.93592834472656,77.95720172983356,75.23380603621492,75.23380603621492,1652139
2015-01-14,76.59551239013672,76.93593688964845,75.57423889160157,76.93593688964845,498100
2015-01-15,75.91466522216797,76.93593874533614,75.91466522216797,76.93593874533614,427010
2015-01-16,73.87210845947266,77.27635308894145,73.53168399652579,76.25507970010081,1073008
2015-01-19,73.53168487548828,75.57423167758517,72.85083594145598,74.21253380952058,558173
2015-01-20,74.89338684082031,76.25508478338068,74.21253786954013,74.21253786954013,727315
2015-01-21,76.93592834472656,77.61677726813123,74.89338157451259,75.57423049791724,817405
2015-01-22,75.57422637939453,77.27634859514666,75.2338019362441,76.93592415199623,573397
2015-01-23,74.89338684082031,76.93593375466087,74.89338684082031,75.5742358121005,643105
2015-01-26,74.5529556274414,75.57422899220087,73.53168226268193,75.23380453728105,977100
2015-01-27,73.87210845947266,75.23380631126017,73.53168399652579,75.23380631126017,583222
2015-01-28,74.21253967285156,75.23381315458805,73.53169068502723,73.53169068502723,745144
2015-01-29,74.21253967285156,78.29763359979752,73.53169068502723,75.23381315458805,2489000
2015-01-30,73.87210845947266,75.23380631126017,73.53168399652579,75.23380631126017,947846
2015-02-02,70.80828857421875,74.55295768150916,70.46786410991962,73.8721087529109,1682180
2015-02-03,73.87210845947266,73.87210845947266,71.14871275589763,72.16998614473826,1161217
2015-02-04,75.23381042480469,76.2550838694853,73.87211249856388,74.89338594324448,1632213
2015-02-05,74.5529556274414,76.59550235696035,73.87210671760175,75.57422899220087,948954
2015-02-06,74.21253967285156,75.57423764850022,73.53169068502723,74.89338866067588,704001
2015-02-09,73.53168487548828,74.89338274355288,72.85083594145598,74.55295827653673,275144
2015-02-10,72.16999053955078,73.87211295793641,71.48914157219652,73.53168847425928,678000
2015-02-11,71.8295669555664,73.53168939527177,71.48914246762533,73.19126490733069,353111
2015-02-12,74.21253967285156,74.21253967285156,72.16999270937858,73.19126619111508,696120
2015-02-13,74.89338684082031,75.91466029774058,74.21253786954013,74.21253786954013,578060
2015-02-24,74.89338684082031,75.91466029774058,74.55296235518021,75.91466029774058,443510
2015-02-25,78.6380615234375,78.97848603219697,74.2125429095644,75.57424094460228,1934948
2015-02-26,77.95719909667969,78.97847244729121,77.276350196272,78.97847244729121,688124
2015-03-02,77.2763671875,78.63806528772027,76.2550936123348,78.63806528772027,770083
2015-03-03,77.61678314208984,78.97848109195107,77.27635865462454,77.95720762955516,1272000
2015-03-04,75.23381042480469,78.29763075884651,74.89338594324448,77.61678179572611,1253320
2015-03-05,75.57422637939453,76.93592415199623,74.89337749309368,74.89337749309368,1138513
2015-03-06,75.57422637939453,76.25507526569538,74.55295304994326,75.91465082254496,796010
2015-03-09,76.25508117675781,76.93593011583602,75.23380776814052,75.23380776814052,867400
2015-03-10,78.6380615234375,79.65933504971592,76.25508996212122,76.25508996212122,2442241
2015-03-11,76.93592834472656,78.97847511494054,76.59550388302424,78.63805065323821,1147613
2015-03-12,79.99974060058594,79.99974060058594,76.93592074779754,77.61676960397273,1846507
2015-03-13,85.44654846191406,85.44654846191406,80.68060551981526,81.02103001567946,5183574
2015-03-16,85.44654846191406,85.44654846191406,85.44654846191406,85.44654846191406,0
2015-03-17,80.68059539794922,84.42526438266415,80.68059539794922,83.74441547635234,1978434
2015-03-18,81.3614501953125,82.0422991509218,79.99975228409387,81.3614501953125,1221040
2015-03-19,81.3614501953125,82.0422991509218,78.63805437287526,81.70187467311715,2176016
2015-03-20,79.31890869140625,82.04230469797814,79.31890869140625,80.34018219387072,1425555
2015-03-23,76.59551239013672,79.99975738525391,75.23381439208985,78.63805938720704,3688698
2015-03-24,72.85084533691406,76.59551495703582,72.16999631507375,76.25509044611566,2938746
2015-03-25,69.10616302490234,72.51040750888768,68.42531412810527,71.48913416369207,5233354
2015-03-26,67.26787567138672,68.76574122422744,66.2466022868685,68.76574122422744,3372580
2015-03-27,66.72319793701172,68.42532033336406,66.72319793701172,67.47213075251368,2148285
2015-03-30,62.09342956542969,67.1997972992468,62.09342956542969,67.1997972992468,3683474
2015-03-31,63.318946838378906,63.5232035833854,60.05087008506375,62.638097947643644,4627101
2015-04-01,61.3444938659668,63.046616366101645,60.73172872702512,62.57002414385014,2337704
2015-04-02,63.93171691894531,63.93171691894532,61.48066175796415,61.48066175796415,2147405
2015-04-07,64.54448699951172,65.49767143982969,63.25087286619583,64.13597344570046,1635231
2015-04-08,64.27214050292969,64.95298943793007,63.999799890036506,64.6806488250369,801389
2015-04-09,63.795536041259766,65.63383107812446,63.727452194219865,64.2721333594682,1203525
2015-04-10,62.910438537597656,64.4763878694796,61.276400161076,63.999795723790484,1227975
2015-04-13,63.99981689453125,64.06790076722788,63.318967778631986,63.79556008197486,505442
2015-04-14,67.26787567138672,67.88063554652561,63.999798763142365,64.27213937124024,2697158
2015-04-15,67.47213745117188,68.7657516397232,67.40405358745146,67.8125619642398,2517464
2015-04-16,66.04235076904297,68.01681384123735,65.83809399815665,68.01681384123735,1500032
2015-04-17,63.99981689453125,66.6551294854317,63.727476209278244,66.24662105478545,1604300
2015-04-20,62.50193405151367,63.31895069233845,62.09342053663617,62.70618561448731,1398032
2015-04-21,63.318946838378906,63.86362802875303,61.41256786653426,62.093416757269516,1103211
2015-04-22,62.70619201660156,63.387041018289885,62.297683654481695,63.18278943446278,972365
2015-04-23,63.25087356567383,63.863638708701544,62.9785329249431,63.38704128880635,700151
2015-04-24,62.29766845703125,63.31894171042521,62.09341172856671,63.25085786575849,867201
2015-04-27,62.63810729980469,63.31895629219387,62.433850524301704,63.31895629219387,494938
2015-04-28,61.3444938659668,62.77427572718694,61.00406936593983,62.63810800496241,949024
2015-04-29,61.68491744995117,62.43385029999546,61.20832523477723,61.34449295497962,698135
2015-04-30,62.63810729980469,63.72746464873426,61.684917671566716,61.684917671566716,992128
2015-05-04,62.22960662841797,63.318964111879644,62.16152275966403,63.318964111879644,374285
2015-05-05,62.50193405151367,63.45511840098754,62.09342053663617,62.29767729407492,474405
2015-05-06,62.50193405151367,63.45511840098754,61.548744507574696,62.29767729407492,468169
2015-05-07,63.65937805175781,64.06788639073699,62.50193689223927,62.50193689223927,1256571
2015-05-08,61.957252502441406,63.93171543426937,61.480660330208664,63.65937482393705,1079003
2015-05-11,57.66790008544922,63.18278036288897,57.66790008544922,62.91043976242227,3399575
2015-05-12,57.19131088256836,57.73599211161699,53.65089847714782,56.98705412305883,3424006
2015-05-13,58.416839599609375,58.82534791401583,56.170036078676304,57.191309461924966,1078030
2015-05-14,59.301944732666016,60.39130205467412,58.893436386221154,60.39130205467412,1433104
2015-05-15,58.62109375,58.961518226125975,57.872160941415906,58.89343436979384,891203
2015-05-18,57.12322998046875,58.62109564608504,56.5104648647292,58.62109564608504,1202286
2015-05-19,57.53173065185547,58.21257953530938,56.78279791894912,56.850881768401564,1008081
2015-05-20,59.02960205078125,59.301942670428936,57.667904147008066,58.076417673712236,999012
2015-05-21,58.75726318359375,59.165771491902206,58.28066582851309,58.825347035901004,488130
2015-05-22,58.55301284790039,59.50620246803839,58.34875607413313,58.689180567434875,706201
2015-05-25,58.68918991088867,59.16578739406585,58.34876536339056,58.484938299069626,231000
2015-05-26,62.025333404541016,62.57001459928356,58.75726181948026,59.23385396903136,1890443
2015-05-27,61.889163970947266,62.365756107159605,60.93597450405789,61.75299107884038,782190
2015-05-28,62.4338493347168,64.27214469582093,62.09342484500849,62.09342484500849,1213900
2015-05-29,61.548744201660156,63.0466097672158,61.54874420166016,62.638101448833815,583115
2015-06-01,60.86789321899414,62.02533428109824,60.86789321899414,61.548742124811824,319215
2015-06-02,60.7998161315918,62.36576567251331,60.45939164080901,60.52747550007246,408429
2015-06-03,60.7998161315918,61.480665113157364,60.66364321859938,61.2764083409015,473001
2015-06-04,57.872154235839844,61.276398602653956,57.87215423583985,60.867890317529195,735000
2015-06-05,58.68918991088867,58.893446717174086,57.59983239778798,57.87217307467974,435003
2015-06-08,58.68918991088867,58.68918991088867,56.51047488468728,58.68918991088867,522200
2015-06-09,54.74024963378906,58.41683453353321,53.787060186527306,58.41683453353321,1309120
2015-06-10,56.714717864990234,57.53173450202587,54.740254931944854,54.740254931944854,1053502
2015-06-11,56.4423828125,57.59982402802053,55.89770153786351,57.39557244588105,281282
2015-06-12,56.1700439453125,57.32748519730839,56.17004394531251,56.442384591213234,365001
2015-06-15,56.238121032714844,56.85088611355033,56.17003717805871,56.17003717805871,244000
2015-06-16,54.46791076660156,56.238116827623166,53.855145731584344,56.238116827623166,868497
2015-06-17,52.01686477661133,54.33175242163328,51.47218349738299,54.33175242163328,3022050
2015-06-18,53.1062126159668,53.44663705581274,51.88068255473552,51.88068255473552,893197
2015-06-22,55.55727767944336,56.10195896035057,53.923239031187386,54.26366353313798,1075850
2015-06-23,55.96578598022461,56.78280790067059,55.6253614786552,56.714724039249845,534660
2015-06-24,55.35301971435547,56.30620405437009,55.012595251645934,55.965779591660564,373501
2015-06-25,55.55727767944336,56.10195896035057,55.21685317749277,55.693450596903,283179
2015-06-26,55.28493118286133,55.9657801146427,55.1487634742911,55.5572717944669,225080
2015-06-29,53.44664001464844,54.808337849416546,53.44664001464844,54.808337849416546,466205
2015-06-30,54.39982604980469,54.39982604980469,52.42536327709894,52.42536327709894,320467
2015-07-01,55.14876937866211,56.23812674724872,54.672177153175994,54.672177153175994,353000
2015-07-02,55.012603759765625,55.761536654661775,54.94451470112117,55.761536654661775,285060
2015-07-03,55.28493118286133,55.5572717944669,54.60408225107996,54.87642286268553,208456
2015-07-06,54.80833435058594,55.829607661466426,54.19556932516471,55.28492648454429,163134
2015-07-07,54.5359992980957,55.69344561793189,54.46791544268539,55.421105001825424,252001
2015-07-08,52.9019660949707,55.080686047593794,52.289206140434125,55.080686047593794,546031
2015-07-09,50.45090103149414,52.35727997563744,49.770052150652205,51.812598793178,1562500
2015-07-10,50.45090103149414,50.45090103149414,50.45090103149414,50.45090103149414,0
2015-07-13,50.65517044067383,52.22112014152238,50.450913647557655,51.33601949177303,1680170
2015-07-14,51.88069152832031,53.17430566237882,51.06367480916,51.06367480916,1257020
2015-07-15,54.059410095214844,54.80834293493578,52.15303087186567,52.357287643819326,1216353
2015-07-16,52.69771957397461,54.74026680401652,52.69771957397461,54.74026680401652,796007
2015-07-17,52.8338737487793,53.10621434843347,52.084940995578975,52.97004664583883,405100
2015-07-20,51.40409851074219,53.17430483778192,51.40409851074219,52.97005325839207,438000
2015-07-21,50.45090103149414,51.948771686025225,50.45090103149414,51.948771686025225,411002
2015-07-22,49.90622329711914,50.99558042945315,49.633882715419496,50.51898311286264,504000
2015-07-23,48.2041130065918,51.063676831361725,47.11475041195009,50.314743943394916,1134010
2015-07-24,47.18283462524414,48.680700247377324,46.43389661971226,48.680700247377324,1207001
2015-07-27,42.48497009277344,47.182828286662755,42.48497009277344,47.182828286662755,2061524
2015-07-28,41.46370315551758,42.07646566786699,39.08073176950467,40.850938045935465,2206476
2015-07-29,40.78285217285156,42.553058361809825,40.78285217285156,42.28071774940121,1041500
2015-07-30,42.68922424316406,44.11900841425953,40.919015640459996,41.395610364158486,1574500
2015-07-31,42.280723571777344,43.43816743805388,41.8722151941423,43.43816743805388,494158
2015-08-03,41.19136047363281,42.21263387380552,40.51051154018433,42.21263387380552,678011
2015-08-04,37.514774322509766,42.212632893048486,37.3786066167698,41.73603813126111,1468095
2015-08-05,40.17009353637695,40.442434192465925,37.719038020508165,38.12754640740864,1263093
2015-08-06,40.5105094909668,41.05518809072658,39.21689554395891,41.05518809072658,803030
2015-08-07,42.21263885498047,42.89348786877047,40.10200795112459,40.17009181361044,982004
2015-08-10,42.41688919067383,42.484975644214245,40.17008816849279,41.5317860725095,919385
2015-08-11,42.21263885498047,43.71050460753219,41.872214348085464,42.689233684080044,772001
2015-08-12,41.46370315551758,42.89348494823224,41.25944638750174,42.41689015158312,618006
2015-08-13,41.53178405761719,42.14454912358979,41.19135959812852,41.872208517105854,541074
2015-08-14,41.53178405761719,42.34880327983648,41.46370020461246,41.53178405761719,380140
2015-08-17,41.46370315551758,41.804127639233705,40.91902190378561,41.804127639233705,152816
2015-08-18,41.6679573059082,42.21263596014091,41.46370313522503,42.14455210232408,378000
2015-08-19,40.91902160644531,41.87221119281715,40.91902160644531,41.66795702351823,424000
2015-08-20,42.21263885498047,42.416893039670896,40.85094082740045,40.85094082740045,698002
2015-08-21,38.46796417236328,41.87220878938658,38.19562356410841,41.19135986598192,1261010
2015-08-24,34.65522003173828,37.44670028696415,34.65522003173828,37.44670028696415,1632011
2015-08-25,35.063724517822266,35.19989484122156,31.99990392888634,31.99990392888634,1134452
2015-08-26,35.744564056396484,35.81264790142055,34.246696090777235,35.06371521722703,571000
2015-08-27,37.17435073852539,37.85519967217775,36.425417950400835,36.425417950400835,982033
2015-08-28,36.970096588134766,38.604135068246855,36.7658424274289,37.65094552197604,1100003
2015-08-31,37.582862854003906,37.99137118831256,36.765843588153956,37.10626806582205,539308
2015-09-01,37.99137496948242,38.46796980509836,37.446696270449735,37.58286659451613,872011
2015-09-02,38.0594596862793,38.1956274068737,37.10627005872177,37.65094873279774,467129
2015-09-03,38.80839157104492,39.284986372942896,38.33179676914695,38.74030771244495,1445871
2015-09-04,36.62967300415039,40.64668284953455,38.74030630827343,38.80839016440565,1438810
2015-09-07,38.61952209472656,39.50225458954616,38.17815725038139,39.50225458954616,1158501
2015-09-08,38.98732376098633,39.502251239810064,38.61951881984495,38.61951881984495,532924
2015-09-09,39.72293472290039,40.09073967403835,38.98732482062446,39.72293472290039,1658100
2015-09-10,39.94361877441406,40.75279138385961,39.13444897109771,39.57581380815587,960181
2015-09-11,41.56196212768555,41.6355220001501,39.87005980583747,40.458547203941684,1661189
2015-09-14,40.75279235839844,42.29757213117215,40.67922967971015,42.29757213117215,1468050
2015-09-15,40.45854949951172,41.561964485862035,39.502257072567325,40.826354494961826,1224000
2015-09-16,40.09074783325195,40.75279800249146,39.94362526162877,40.45855285924509,748354
2015-09-17,44.06303787231445,44.06303787231445,40.458547933930724,40.67923036143539,3648474
2015-09-18,45.092891693115234,45.460696687033185,43.768794276236484,44.2837218289475,5672491
2015-09-21,43.10673522949219,44.50439503912278,42.88605284011073,44.50439503912278,1627214
2015-09-22,43.47454071044922,44.798640676151315,43.40098084841193,44.13659069330027,2217001
2015-09-23,41.4884033203125,43.03318313075984,41.41484063983018,42.88606057592454,1504001
2015-09-24,39.5758171081543,42.37113452357608,39.13445223429328,41.92976964971506,2148100
2015-09-25,40.09074783325195,40.384992976498324,39.42869766401245,39.649382924512054,1008060
2015-09-29,40.09074783325195,40.09074783325195,40.09074783325195,40.09074783325195,0
2015-09-30,39.208011627197266,40.23786672833181,38.47240164242385,39.42869406140341,1452113
2015-10-01,40.311431884765625,41.19416454334906,39.50226191797317,39.72294438108659,1325270
2015-10-02,41.26771926879883,42.22401449959587,40.3114268441312,40.45854940318685,1679428
2015-10-05,41.709083557128906,42.297570939407876,41.26771591582279,41.92976597471738,1185201
2015-10-06,41.12059783935547,43.18030516377058,41.12059783935547,42.4446952046131,1238000
2015-10-07,42.51824951171875,42.73893190934908,41.120592455974055,41.56195725123471,1370227
2015-10-08,43.10673522949219,45.09288234618293,42.66537045072928,43.474540147170885,3109178
2015-10-12,42.003326416015625,43.03318145359611,41.4148390257393,42.959621582110024,1332565
2015-10-13,42.29756546020508,42.66537037725034,41.929760543159816,42.3711253211626,867257
2015-10-14,43.69523620605469,45.01933367766523,42.003330919193374,42.07689360469534,2233000
2015-10-15,43.69523620605469,44.651528668543996,43.54811364118029,43.69523620605469,1454096
2015-10-16,42.95962142944336,44.79864627135225,42.8124988808648,44.06303633458869,1418139
2015-10-19,44.21016311645508,45.019335859414035,42.88606558067548,43.327433296688454,2247891
2015-10-20,45.31357192993164,46.34342698539206,43.69523228010708,44.13659712894482,3615044
2015-10-21,44.43084716796875,45.82850454863673,43.84235689597214,45.534262218768006,1929323
2015-10-22,45.68138122558594,46.637676498709354,44.651528878873116,45.166456455294295,3182402
2015-10-23,50.24216079711914,50.24216079711914,47.15259570327352,47.81464576711604,5128092
2015-10-26,53.625972747802734,54.21445740925766,50.75709248490003,51.272017265205484,9318199
2015-10-27,53.846649169921875,54.43513940843006,52.30186930916144,54.06733441242716,3444261
2015-10-28,52.154754638671875,53.69953464998674,51.63982422672733,53.69953464998674,3379986
2015-10-29,51.49270248413086,54.21445737053125,51.49270248413086,52.96392255510603,4063379
2015-10-30,49.727230072021484,51.8604999883189,48.69737504909256,51.49269502386274,2711399
2015-11-02,50.904205322265625,51.93406035503576,49.432985450382134,49.72723054721052,2248010
2015-11-03,50.68352127075195,51.860495942745665,50.315716334987805,51.272005800619844,1061457
2015-11-04,52.522552490234375,53.258162453368584,50.75708745626054,51.345577671671364,2476561
2015-11-05,52.669673919677734,52.8167992843574,51.71338430442452,52.30186892636677,1430105
2015-11-06,50.68352127075195,54.214445286733074,50.38927619968905,53.258155821101035,3096155
2015-11-09,49.065181732177734,51.419136954505284,48.55025700880595,50.83064674585876,1518033
2015-11-10,50.46284103393555,50.609966390084764,48.550256302063524,48.550256302063524,1094620
2015-11-11,49.065181732177734,51.49269682752146,48.6973767548383,51.49269682752146,1620501
2015-11-12,47.22615432739258,50.24215947057011,46.63766976238248,49.506549555113786,1789290
2015-11-13,46.12274169921875,47.520398837904715,45.60781420343798,46.34342410994505,1048100
2015-11-16,46.12274169921875,46.63766919499951,44.87220429693092,45.387131792711685,583504
2015-11-17,47.299720764160156,48.10889056505502,46.71123057500478,46.71123057500478,697205
2015-11-18,47.52040481567383,48.0353351823587,47.22615969360517,47.81464993774248,535203
2015-11-19,51.051334381103516,51.19845413406353,48.108894423832524,48.18245430031253,2343954
2015-11-20,49.947914123535156,51.05132899101123,49.87435425482173,50.90420364132614,906350
2015-11-23,49.947914123535156,50.609964166472444,49.43298381802472,50.46283881678736,721104
2015-11-24,48.18245315551758,49.50655334973299,48.18245315551758,49.50655334973299,722085
2015-11-25,48.18245315551758,48.697377890902075,47.8146481695976,48.03533340605306,412124
2015-11-26,48.770938873291016,49.21230369317773,48.476693789280475,49.21230369317773,347200
2015-11-27,47.81464767456055,49.138747855067216,47.59396244038989,49.138747855067216,369011
2015-11-30,46.7847900390625,47.74108518506596,46.637670299181195,47.446840093045026,402109
2015-12-01,48.99162673950195,49.06518661984585,46.931919222447526,47.07904178926489,688008
2015-12-02,48.99162673950195,51.124896943029846,48.77094709847025,48.99162673950195,1576009
2015-12-03,49.35942840576172,50.60996873582878,48.55025855234111,48.55025855234111,1062016
2015-12-04,49.87436294555664,50.60997298538928,48.77094788580768,49.35943255031826,907009
2015-12-07,50.24216079711914,52.081185634315915,50.24216079711914,50.75708550663087,1717009
2015-12-08,48.844505310058594,50.53640494920166,48.844505310058594,50.389285193540154,726425
2015-12-09,47.07903289794922,49.28586256504059,46.93191035891732,48.99161748697679,1057228
2015-12-10,47.07903289794922,47.74108292052824,45.68137298633974,46.93191035891732,721260
2015-12-11,45.53425598144531,47.74108578075034,45.09288833790679,47.520400555916474,841215
2015-12-14,45.16645050048828,45.24001037050898,43.84235039108224,44.872205408147124,499006
2015-12-15,45.82849884033203,46.711231332245994,45.46069386921199,45.534256547113536,326006
2015-12-16,46.04917526245117,46.711225246666494,45.828492869755685,46.711225246666494,228009
2015-12-17,46.63766860961914,47.079033425531875,46.34342352825794,46.56410593621431,352249
2015-12-18,46.63766860961914,46.63766860961914,45.82849603894037,46.63766860961914,262020
2015-12-21,46.71123504638672,46.93191748537998,45.82850248428423,46.12274760702821,269032
2015-12-22,45.75494384765625,47.59396609323211,45.681381161910316,47.44684633399931,411005
2015-12-23,45.60781478881836,46.63766979359817,45.60781478881836,45.9756197467927,310048
2015-12-24,44.79864501953125,46.26986485194766,44.79864501953125,45.90205989384356,357108
2015-12-25,44.79864501953125,45.16644997763535,43.91591255885558,44.651522475063786,450005
2015-12-28,45.092891693115234,45.53425936949442,44.87220925799034,44.87220925799034,182748
2015-12-29,44.72508239746094,45.240009900645326,44.50439998356166,45.240009900645326,113192
2015-12-30,45.460693359375,45.82849832637015,45.0193285214325,45.0193285214325,303039
2015-12-31,44.79864501953125,45.60781480490862,44.72508234423295,45.46069226044116,220018
2016-01-04,44.577964782714844,45.607819902975756,44.28372246701848,44.87220990454066,224018
2016-01-05,43.621673583984375,44.35728360329652,43.621673583984375,44.35728360329652,459075
2016-01-06,40.97347640991211,43.989476202713746,40.23786643058202,43.4745486559568,994063
2016-01-07,38.03104019165039,40.67923525236155,37.148307569370125,40.384992915687896,1437129
2016-01-08,39.13445281982422,39.20801269785852,37.14830524547398,37.14830524547398,756608
2016-01-11,38.178157806396484,38.61952265716956,37.73679014949412,38.10459512718145,309200
2016-01-12,37.81035614013672,38.84020848417805,37.5896708892933,38.32528090909262,409004
2016-01-13,38.54596710205078,38.69308686470283,37.883916945598195,38.39884453326914,260279
2016-01-14,38.25171661376953,38.39883916197141,37.36898413068747,37.883911646329445,279113
2016-01-15,38.03104019165039,39.13445526796832,37.66323516621109,38.693087553763355,295013
2016-01-18,39.7964973449707,40.017182575830255,37.516107612542385,37.88391258913594,395300
2016-01-19,39.42869186401367,40.16430180779101,39.208009442106324,40.01718206393894,261207
2016-01-20,38.61952209472656,39.87005956187689,38.61952209472656,39.06088693907174,323001
2016-01-21,38.76664733886719,39.355134774265835,38.32527965772112,38.619524778485165,223015
2016-01-22,39.28157043457031,39.72293525944584,39.06088521600343,39.06088521600343,116003
2016-01-25,40.01717758178711,40.23785997897677,39.64937265109469,39.64937265109469,209004
2016-01-26,39.5758171081543,39.79649954508481,39.35513467122379,39.72293966815111,65660
2016-01-27,39.355133056640625,40.31142544819294,39.355133056640625,40.31142544819294,111006
2016-01-28,39.72293472290039,39.94361713235735,38.98732482062446,38.98732482062446,209207
2016-01-29,42.66537857055664,42.959623683150156,39.8700612254357,40.09074365681615,1119075
2016-02-01,46.19630813598633,47.81465072163686,46.12274825732792,47.29972595876899,1679639
2016-02-02,46.34342575073242,47.07903568328373,45.60781581818111,46.19630320299632,681112
2016-02-03,45.60781478881836,46.56410711832582,45.60781478881836,46.34342470476704,507540
2016-02-15,45.53425598144531,45.82849827100846,44.283718533946626,44.283718533946626,216627
2016-02-16,46.63766860961914,47.59395810872038,45.09288614166643,45.534253763708236,998266
2016-02-17,46.04917526245117,47.446835093070696,46.04917526245117,47.446835093070696,675450
2016-02-18,46.49055480957031,47.152602157910124,46.19630967288845,46.34343224122938,644054
2016-02-19,47.22615432739258,48.55025442011726,46.41698454284227,46.49054721806539,1022097
2016-02-22,48.40313720703125,48.55025695289417,46.85835462030705,47.226156791093636,1040205
2016-02-23,53.18460464477539,53.18460464477539,52.22830941066254,52.22830941066254,2111216
2016-02-24,54.06733703613281,56.200607238921855,53.625972141963146,54.72938718351688,7940915
2016-02-25,56.78907775878906,58.9959072926113,56.27415311246696,57.377567879378084,7086871
2016-02-26,57.3775749206543,58.55454969401091,56.56840511473778,57.96606511346181,3555941
2016-03-01,58.92235565185547,59.58440572682748,57.451135757365904,57.52469562963868,2328045
2016-03-02,60.172889709472656,62.5268390524255,59.21659463200297,61.27630451628016,3230823
2016-03-03,59.8786506652832,60.614260610526834,58.99591536363575,60.17289576583236,1260250
2016-03-04,59.437286376953125,60.025770971301455,58.92235604310746,59.87865122577901,1210621
2016-03-07,58.99591827392578,59.80509374341749,58.62811328316001,59.584408504054515,1010446
2016-03-08,61.34987258911133,62.011922684224864,58.62811233414652,58.99591731895863,2186076
2016-03-09,59.73152542114258,61.05562556997311,59.58440567672075,60.90850582555127,1164450
2016-03-10,58.92235565185547,60.099330444995424,58.92235565185547,59.43728598228193,724073
2016-03-11,60.68783187866211,61.20275669212269,58.775246784331934,59.06949194013494,1701081
2016-03-14,66.71981811523438,66.71981811523438,60.17289425658212,61.129183794058186,5786474
2016-03-15,62.5268440246582,67.2347486972018,62.5268440246582,66.71981837905547,3275283
2016-03-16,63.336021423339844,64.29231669158294,62.89465653501959,63.26246154399631,1295107
2016-03-17,63.703819274902344,66.20489417738871,63.33601430725019,64.14518411363325,2106440
2016-03-18,64.73367309570312,65.68996823861116,62.232598240008386,64.07162304386358,1688287
2016-03-21,64.58655548095703,66.42558034530936,64.36587025233135,65.9106500159356,1473279
2016-03-22,62.96821594238281,64.88080085227412,61.79124104493117,64.58656133710546,1244156
2016-03-23,61.71767044067383,63.262450075889284,60.614255613768776,63.262450075889284,1534160
2016-03-24,60.02577590942383,61.86480094103767,59.584411024288315,61.79124106222491,1218726
2016-03-25,59.73152542114258,62.085480617701464,59.43728593229891,60.24645575113601,1358089
2016-03-28,58.554561614990234,61.57056183956738,58.40744184296581,59.805102126236065,1147143
2016-03-29,53.9937744140625,58.92235910449673,53.77308917205429,58.8487992279136,2302350
2016-03-30,57.30400466918945,59.14302917325678,54.435125320392935,54.435125320392935,2114244
2016-03-31,57.89249801635742,58.701673411975804,56.71552327581012,58.113183235573025,1179128
2016-04-01,57.45113754272461,57.818942527776954,57.00977268311353,57.52469741728334,505053
2016-04-06,57.52470016479492,58.62811517265359,55.68567515169714,57.4511402867228,687229
2016-04-07,59.437286376953125,59.95221109854023,57.966066472694465,58.77523629758502,1059465
2016-04-08,58.26030349731445,59.95220856048925,58.186743627667354,58.70167393971366,734030
2016-04-11,56.2741584777832,57.966063526593715,56.2741584777832,57.81893817629031,665207
2016-04-12,54.58225631713867,57.598261616977496,54.50869644422375,56.27416145547467,718182
2016-04-13,55.02362060546875,55.832790341260775,54.655815669903475,54.655815669903475,354068
2016-04-14,53.405277252197266,56.12703723093231,53.258157518106984,55.90635201753878,875408
2016-04-15,55.391422271728516,55.832787045905086,53.405272369547546,53.405272369547546,884893
2016-04-18,57.89249801635742,58.77523328096159,54.5086935326871,55.39142879729126,1567150
2016-04-19,57.81893539428711,58.922350213308846,57.377570589130016,58.77523048234247,1124060
2016-04-20,55.97991943359375,59.069484776446984,55.97991943359375,57.81894441900917,1185831
2016-04-21,56.05347442626953,56.93620970970602,55.53854972012536,55.979914555714416,495148
2016-04-22,54.95005798339844,56.274158065128276,54.43513329175807,55.464988287297025,586295
2016-04-25,51.198448181152344,54.508692748195706,50.68352349340443,54.140887796302,2125265
2016-04-26,52.96391296386719,53.40527778278111,50.90420299259131,50.90420299259131,905006
2016-04-27,51.860504150390625,53.25816424994511,51.860504150390625,53.184604373602,442002
2016-04-28,51.71337890625,52.743228290211356,51.566253556928224,51.93405851184534,256250
2016-04-29,51.49270248413086,52.22831251961845,51.272017228580914,51.41914260303394,304060
2016-05-03,51.198448181152344,52.007617952866866,50.53639814529204,52.007617952866866,278002
2016-05-04,52.0811882019043,53.25816303328308,51.051333119850845,51.051333119850845,503200
2016-05-05,52.59611511230469,52.96392011309003,51.639819865359215,52.08119035610877,425000
2016-05-06,52.890357971191406,54.0673328008674,52.228307875667824,52.66967273526399,602054
2016-05-09,53.33172607421875,54.06733608903556,52.15475117296366,52.890361187780464,542100
2016-05-10,53.0374755859375,53.920210881864925,52.59611074410301,53.40528055617598,304107
2016-05-11,51.63982009887695,54.28802060631388,51.63982009887695,54.21445511601701,425221
2016-05-12,51.93406295776367,52.52255318091322,50.38928313731949,51.124893110127076,575000
2016-05-13,53.33172607421875,53.33172607421875,50.977776271708564,52.522556180372064,506100
2016-05-16,55.53854751586914,55.53854751586914,53.184598077980596,53.33171781325182,695200
2016-05-17,55.53854751586914,56.200597549105964,54.655817879725475,55.90635246630536,546005
2016-05-18,55.464996337890625,56.42128599149105,54.802946200930926,55.538556217050804,483636
2016-05-19,53.625972747802734,56.274167754997855,53.625972747802734,55.53855771898481,702507
2016-05-20,52.669673919677734,54.21445376913201,51.860504056845386,53.62596914718976,754300
2016-05-23,54.21445083618164,54.50869593736379,52.44899145360576,52.44899145360576,437250
2016-05-24,53.92021560668945,54.95006512379225,53.18460560175376,54.95006512379225,229000
2016-05-25,59.29016876220703,59.29016876220703,54.655828825923,55.09719373238921,2540453
2016-05-26,58.480987548828125,60.98206235261329,58.333867812476484,60.393572182690356,3522515
2016-05-27,59.805084228515625,60.172889160764164,58.48098422751774,58.48098422751774,1289356
2016-05-30,61.05562973022461,61.791239726974304,59.21660473835037,59.878654857876874,3152827
2016-05-31,59.95221710205078,61.05563214073884,59.80509734179602,60.7613870079702,884284
2016-06-01,59.657962799072266,61.57054744969043,59.65796279907226,60.09932762425211,973163
2016-06-02,59.73152542114258,60.39357549555785,58.554550628992395,59.657965548931664,1190081
2016-06-03,60.68783187866211,62.23261193130341,60.6878318786621,60.90851714857924,2491110
2016-06-06,60.099334716796875,60.982070083589676,59.363724717265654,60.982070083589676,889000
2016-06-07,60.099334716796875,60.099334716796875,60.099334716796875,60.099334716796875,0
2016-06-08,60.68783187866211,62.74754235702355,60.54071210689038,60.6878318786621,1894178
2016-06-13,58.92235565185547,60.246455801799485,58.62811055050586,60.17289592952671,988075
2016-06-14,58.77523422241211,59.952208981811964,58.48098912949756,58.848794092576156,646021
2016-06-15,58.03962707519531,59.4372871242657,57.37757698750317,58.99591665763186,720095
2016-06-16,57.0097770690918,58.186751989356715,56.42128680282979,58.11319210913874,762218
2016-06-17,56.6419677734375,57.81894260471953,56.56840789878088,57.52469749383435,1035375
2016-06-20,58.62811279296875,58.84879803048656,56.71552797942969,57.00977309203386,879100
2016-06-21,58.333866119384766,59.14303587034967,58.26030064108593,58.922350659969226,559100
2016-06-22,58.26030349731445,58.92235354865495,58.186743627667354,58.848793679007855,258004
2016-06-23,58.333866119384766,59.06947600430887,58.11318090900432,58.99591052601003,238002
2016-06-24,60.68783187866211,63.041781900566995,59.58441675359552,60.54071210689038,5935694
2016-06-27,64.3658676147461,65.02791766123514,62.08547799884674,62.6004026948614,4037166
2016-06-28,64.66011810302734,64.66011810302734,63.115338273724724,64.43943286501609,2056197
2016-06-29,62.96821594238281,65.83709611334928,62.747536306006324,65.02792622211746,2479281
2016-06-30,62.085479736328125,63.924504576786546,62.011919865161474,63.11533476943652,1667200
2016-07-01,62.5268440246582,63.409573695397086,62.306158800844294,62.5268440246582,1107241
2016-07-04,62.74752426147461,63.041763720163324,61.57054397768803,62.600398919872326,583000
2016-07-05,64.3658676147461,64.95435779212708,62.894647783551896,63.04176752176801,2130168
2016-07-06,63.11533737182617,64.29231219579724,63.11533737182617,64.21875232159755,708323
2016-07-07,63.336021423339844,64.58656182121614,63.33602142333985,63.63026655297303,955181
2016-07-08,63.336021423339844,63.33602142333985,63.33602142333985,63.33602142333985,0
2016-07-11,61.42343521118164,63.33602009530557,59.21660520359428,62.82109533843876,2133628
2016-07-12,61.27631378173828,62.15904351575676,61.12918841789601,61.42343353332176,561006
2016-07-13,60.76137924194336,61.79123426887631,60.02576931017102,61.79123426887631,835185
2016-07-14,60.83494186401367,61.49699195500259,60.320017133388205,60.76138198996127,530000
2016-07-15,61.05562973022461,61.42343472859945,60.4671394879213,61.05562973022461,470101
2016-07-18,63.11533737182617,63.630262103482686,61.05562722068281,61.42343220393993,1138555
2016-07-19,63.336021423339844,64.51299632961356,63.26246154399631,63.85095180326269,1018243
2016-07-20,62.085479736328125,63.630259479861515,61.644114897069784,63.630259479861515,654050
2016-07-21,62.085479736328125,62.82108967251149,61.644114897069784,62.52684457558646,508100
2016-07-22,60.90850830078125,62.23260289116248,60.90850830078124,62.23260289116248,607391
2016-07-25,62.23259353637695,62.30615340051974,61.05561887331877,61.05561887331877,754186
2016-07-26,62.8946533203125,63.48314354949963,62.52684833013524,62.52684833013524,771177
2016-07-27,62.67395782470703,63.40956768467898,62.60039796116141,63.04176275469301,581321
2016-07-28,63.9980583190918,64.80722804895058,63.041763248730945,63.63025338622345,1864272
2016-07-29,64.3658676147461,64.95435779212708,63.3360126104585,64.73367257254465,1108644
2016-08-01,66.79338836669922,67.23475323183642,64.2923133145767,64.8807979306734,2389454
2016-08-02,66.79338836669922,67.74967797245337,66.27845801382351,67.23475323183642,1253037
2016-08-03,65.32215881347656,66.20488841409465,65.24859333654345,65.91064334313599,725446
2016-08-04,65.83709716796875,66.49914731222137,64.88080189157506,64.88080189157506,726017
2016-08-05,65.54283905029297,67.67610882034231,65.39571931949976,66.94049894186033,1161325
2016-08-08,64.14519500732422,66.94051548110946,63.77738997720823,66.57271045099347,1218422
2016-08-09,64.66011810302734,65.02792309154029,63.40957777472809,63.9980680012523,802244
2016-08-10,63.9980583190918,64.95435338945265,63.63025338622345,64.95435338945265,679152
2016-08-11,64.4394302368164,65.24860005609067,62.96821034276918,64.73367533807755,1121043
2016-08-12,65.83709716796875,66.42558743225088,64.80724201160457,65.46929215585719,1741713
2016-08-15,65.24859619140625,65.39572153945183,64.14518133622627,65.32216167155812,881661
2016-08-16,63.850948333740234,65.46928804039712,63.33601798179759,64.80723793776157,1099200
2016-08-17,60.76137924194336,64.29230915935393,62.52684420064865,63.85094432274221,1174435
2016-08-18,63.509376525878906,64.50171290000449,63.2040476327098,63.967381513183234,1228009
2016-08-19,63.58572006225586,64.34905400862735,63.58572006225586,64.12005149520557,732824
2016-08-22,61.67738723754883,63.58572216663418,61.448384716548176,63.58572216663418,1092167
2016-08-23,62.44071578979492,63.280381920960515,61.601043834853805,62.059048837103695,1051131
2016-08-24,62.1353759765625,62.59337511754563,61.83004127464873,62.440710678476265,400270
2016-08-25,62.74604797363281,62.97505048673126,62.211716541437546,62.82238602718285,385377
2016-08-26,62.44071578979492,62.89871496826929,62.36437774023626,62.89871496826929,288013
2016-08-29,63.35671615600586,63.66205089259717,61.83004829682499,62.28804748982411,647053
2016-08-30,62.44071578979492,63.5857166478686,62.36437774023626,63.356714146743656,506080
2016-08-31,61.98271560668945,63.204054609280675,61.98271560668945,63.12771655378674,541190
2016-09-01,62.059051513671875,62.97504991012705,61.524714262593214,61.9827134608208,427023
2016-09-02,61.066707611083984,62.3643728183095,61.066707611083984,62.21170837879181,653133
2016-09-05,61.524715423583984,62.05905268474576,60.3797144945206,61.06671621671381,612000
2016-09-06,62.8223876953125,63.280386909894865,61.448384227789425,61.52471645959049,680198
2016-09-07,65.26505279541016,66.18105120688803,62.975050942939625,62.975050942939625,2372647
2016-09-08,65.79939270019531,66.18105972472958,64.95972641097528,65.95206300427499,1447500
2016-09-09,65.188720703125,65.64671990983378,64.95971818788267,65.64671990983378,394125
2016-09-12,63.73838806152344,64.42538981616336,63.509385535384745,63.96739058766213,461475
2016-09-13,62.74604797363281,64.57805060709289,62.211716541437546,64.57805060709289,497269
2016-09-14,62.44071578979492,64.57804723060048,62.44071578979492,62.97504719405243,1485014
2016-09-19,63.662052154541016,63.96738689718484,62.89871820981936,62.89871820981936,570160
2016-09-20,67.24972534179688,68.24206188763564,63.738390048775294,63.738390048775294,2520039
2016-09-21,67.78404998779297,69.08171523732658,67.24971278450982,67.24971278450982,2439650
2016-09-22,67.24972534179688,68.0893915908578,66.79172609901603,67.55506011157621,975017
2016-09-23,67.55506134033203,68.16573089099815,66.9443917896659,66.9443917896659,668001
2016-09-26,66.18104553222656,67.63138107918809,65.95204886088024,67.63138107918809,580382
2016-09-27,66.18104553222656,66.18104553222656,66.18104553222656,66.18104553222656,0
2016-09-28,66.18104553222656,66.18104553222656,66.18104553222656,66.18104553222656,0
2016-09-29,66.5627212524414,67.32605523847296,65.87572532403391,66.5627212524414,736380
2016-09-30,66.4100570678711,67.5550580517999,66.4100570678711,66.5627215362178,847275
2016-10-03,65.64671325683594,67.09704878424202,65.64671325683594,67.09704878424202,681440
2016-10-04,66.5627212524414,66.94438824545718,64.88338881268243,65.646722798714,1675900
2016-10-05,65.41771697998047,66.63905595516434,65.34138474997545,66.63905595516434,590300
2016-10-06,64.1963882446289,65.64672400959616,63.814721244573114,65.34138924479628,1297210
2016-10-07,63.127723693847656,64.73072986011265,62.975059213144625,64.50172731528146,1034150
2016-10-11,62.66971969604492,63.58572398242952,61.982717937200526,63.20405698571332,1207415
2016-10-12,62.8223876953125,63.280386909894865,62.21171819335203,62.8223876953125,452000
2016-10-13,61.906375885009766,62.822380026127185,61.83004366252714,62.822380026127185,758114
2016-10-14,60.37971496582031,62.059053169153714,60.15071827248571,61.21938115559905,1042118
2016-10-17,60.9140510559082,60.9140510559082,59.540047627306194,60.30338157124602,635625
2016-10-18,61.066707611083984,61.90637367598138,60.68504068851471,60.76137290827356,334030
2016-10-19,60.9140510559082,62.05905197181794,60.837713002493565,61.143047744824656,346114
2016-10-20,59.540042877197266,61.524709808348774,58.929373441254334,61.143042866828274,1046232
2016-10-21,60.074378967285156,60.76138068054242,58.929378053114974,58.929378053114974,382001
2016-10-24,59.76905059814453,60.60871677815945,59.54004808369689,60.45604649393573,396155
2016-10-25,61.066707611083984,61.83004145622254,59.998039063135,59.998039063135,486001
2016-10-26,60.76138687133789,61.372056417291596,60.60872239673766,60.837719108638005,304000
2016-10-27,60.99037551879883,61.14303995863559,60.15070945214648,60.15070945214648,166122
2016-10-28,60.99037551879883,61.37204244216581,60.68504081535023,61.066707738717206,202002
2016-10-31,60.837711334228516,61.066713840641185,60.30337991763317,61.066713840641185,147005
2016-11-01,61.295719146728516,62.28804979769813,61.06671662985619,61.06671662985619,447100
2016-11-02,59.692718505859375,60.914057606524935,59.31105149284551,60.914057606524935,557315
2016-11-03,59.3110466003418,60.22705085028077,58.85304738726029,59.692713581872376,409059
2016-11-04,59.38738250732422,59.84538170383755,59.311044454758864,59.311044454758864,218700
2016-11-07,59.3110466003418,60.15071861872984,59.3110466003418,59.463716887219604,302561
2016-11-08,59.3110466003418,59.99804833185203,58.92937961881122,59.99804833185203,196090
2016-11-09,57.326385498046875,61.06672347568809,57.32638549804688,61.06672347568809,681130
2016-11-10,61.75371551513672,62.3643791590704,58.9293765067006,59.84538070826461,969503
2016-11-11,61.75371551513672,61.75371551513672,59.61637820192969,60.83771131357271,498002
2016-11-14,61.830055236816406,62.211722244451074,61.06672122154706,61.44838822918173,419523
2016-11-15,62.21171951293945,63.28038825215008,62.13538727951929,63.28038825215008,552753
2016-11-16,62.593379974365234,63.05137915088598,61.83004607223883,63.05137915088598,385202
2016-11-17,62.97504425048828,63.20404674090925,62.135378158570155,62.97504425048829,737250
2016-11-18,64.57804870605469,65.11238594629604,62.66971389899766,63.127713087936215,1739825
2016-11-21,64.1963882446289,67.02072753930752,63.89105347982902,65.11239253902855,1391652
2016-11-22,64.34905242919922,64.88338384903393,64.19638214940667,64.8070516210255,637180
2016-11-23,65.11238861083984,65.87572256489997,64.65438357938304,64.73072163380978,975102
2016-11-24,64.73072814941406,65.49406218030916,64.65439008730337,65.49406218030916,430046
2016-11-25,64.88337707519531,65.79937536321745,64.65437459130223,65.11237955908838,638333
2016-11-28,65.64671325683594,66.18104463988146,64.88337938175646,64.95971160450934,693725
2016-11-29,65.79939270019531,66.02839524442652,65.0360586511268,65.64672821989225,463002
2016-11-30,67.70772552490234,68.318395072942,66.18105747857962,66.56272449016029,2349753
2016-12-01,67.93672180175781,69.38705747688759,67.17338784892908,68.31838877817219,2561466
2016-12-02,67.17339324951172,67.47872801994659,66.41005923531273,66.7153940057476,1039162
2016-12-05,66.71537780761719,67.24970915831321,66.25737867505275,67.17337694018163,415106
2016-12-06,65.64671325683594,67.24971322974781,65.49404881133016,67.17338100699492,859504
2016-12-07,66.71537780761719,66.79171002574877,65.49404484618705,66.18104063314624,462322
2016-12-08,67.40238952636719,68.39472015844274,66.79172004218545,67.02072255469756,1128867
2016-12-09,66.63905334472656,67.86038644829155,65.7230491492211,67.40238726242663,1250100
2016-12-12,66.10472106933594,66.63905834609422,65.87572437110472,66.25739135859948,350100
2016-12-13,66.10472106933594,66.7917228115817,65.79938631458492,65.87572437110472,183100
2016-12-14,66.10472106933594,66.86805504432544,66.10472106933594,66.86805504432544,353013
2016-12-15,65.34138488769531,65.95205437657435,64.88338568292396,65.79938409246667,601832
2016-12-16,65.34138488769531,65.64671963213483,64.95971791308988,65.41771711786123,343007
2016-12-19,64.73072814941406,65.64672665697758,64.57805784896915,65.64672665697758,287012
2016-12-20,65.26505279541016,65.26505279541016,64.50171884458665,64.73072135934405,172174
2016-12-21,65.64671325683594,65.64671325683594,64.95971160450934,65.41771076480198,192002
2016-12-22,64.80706024169922,65.72305874719844,64.73072800353702,65.64672650903624,201500
2016-12-23,64.34905242919922,65.26505081285178,64.19638214940667,64.95971607704236,229327
2016-12-26,64.73072814941406,64.73072814941406,64.34906113396652,64.50172561063495,92150
2016-12-27,65.49406433105469,65.64672881273643,64.6543922104751,64.73073027509264,238402
2016-12-28,66.10472106933594,66.56272028957443,65.11239039611522,65.72305408184118,599500
2016-12-29,66.10472106933594,66.41005582408695,65.64672184909745,66.25739135859948,367009
2016-12-30,65.64671325683594,66.41004713191543,65.34137854204909,66.33371490916254,392015
2017-01-03,65.34138488769531,66.1810510670721,65.34138488769531,65.87572214640844,186009
2017-01-04,65.64671325683594,65.87571574886991,65.34137854204909,65.49404881133016,272119
2017-01-05,68.08939361572266,68.16573167826992,65.95206181125927,66.25739659011876,1465108
2017-01-06,67.86038970947266,68.85272035590602,67.40239050159757,68.85272035590602,1135885
2017-01-09,68.31839752197266,68.62373230693792,66.02839537039816,67.78406601611593,815135
2017-01-10,68.31839752197266,69.08173157249749,67.86039825641308,68.47106200256697,584327
2017-01-11,69.46339416503906,70.15039593142657,68.01305839683795,68.92906269328003,1233385
2017-01-12,76.33338928222656,76.33338928222656,68.77638257853104,69.31071979777188,6603506
2017-01-13,75.570068359375,79.00507146661931,75.49373612174708,78.24173744278725,5461760
2017-01-16,73.7380599975586,75.72272714566071,73.50906330187911,75.57006268187439,1508513
2017-01-17,75.570068359375,78.24173744278725,74.34873508599897,74.50139956125481,4094960
2017-01-18,80.15006256103516,82.82173131306966,75.57005898611887,76.25706068711145,8153165
2017-01-19,77.86006927490234,82.4400733498966,77.47840226865281,80.9134053248985,3725206
2017-01-20,78.62339782714844,78.62339782714844,76.3333959486878,77.86006386766155,1735150
2017-01-23,77.86006927490234,79.0050702936509,77.47840226865281,78.24173628115186,1797522
2017-01-24,78.62339782714844,83.2034015840697,77.86006386766155,78.241730847405,4543479
2017-02-02,80.15006256103516,82.44006434849331,79.38672863188245,80.53172952561152,2482755
2017-02-03,78.62339782714844,80.91339970560907,77.47839688791811,80.53173272586562,2170050
2017-02-06,72.89839935302734,78.62340453782006,72.3640678652906,78.62340453782006,4988990
2017-02-07,70.68473052978516,73.43273189311134,69.61606171522038,72.51673337992811,5256025
2017-02-08,69.84504699707031,70.45571640415035,68.54738178674407,70.07404948066909,4860801
2017-02-09,70.30307006835938,71.60074154412719,69.92140301497656,69.99773526089771,3946269
2017-02-10,68.92906188964844,70.99006134100588,68.70005936226376,70.22672734809184,2233474
2017-02-13,69.46339416503906,69.9977256367981,68.85272463407767,69.08172716413226,1526400
2017-02-14,69.76873016357422,71.90606191216062,69.4633953926972,70.07406493445124,3259544
2017-02-15,69.38705444335938,70.76105200411585,69.31072221616884,69.76872140308767,1622480
2017-02-16,69.84504699707031,70.83738332763161,69.46338007358905,70.30304614049281,1088018
2017-02-17,70.07405853271484,71.44805614047297,69.99772047913731,70.60838996510259,1646012
2017-02-20,68.01305389404297,70.6083904931406,68.01305389404297,70.30305574787455,2189377
2017-02-21,68.31839752197266,69.00539933220034,67.32606092677972,68.16573304137835,888149
2017-02-22,67.93672180175781,69.08172273100092,67.93672180175781,68.92905826994553,790405
2017-02-23,69.31071472167969,69.99771051588604,68.31837840417607,68.54738088476152,1608029
2017-02-24,69.31071472167969,70.60837991493058,69.31071472167969,69.61604359742695,1073089
2017-03-01,68.01305389404297,70.91372523840666,67.86038943329787,69.53972179659736,1822037
2017-03-02,67.24972534179688,69.08172813669658,66.79172609901603,68.85272560341798,1498314
2017-03-03,66.25739288330078,67.70772281013468,66.25739288330078,67.02072687585597,1200041
2017-03-06,66.25739288330078,66.79172434857894,66.02839035602375,66.33372511780107,842750
2017-03-07,67.55506134033203,68.16573089099815,66.86805955177675,66.86805955177675,949727
2017-03-08,66.94438171386719,68.3183850841765,66.56271475808965,68.08938258119974,847101
2017-03-09,71.1427230834961,71.60072812071219,68.70005672929811,68.92905924790615,5588166
2017-03-10,70.60839080810547,72.51672569481103,70.22672383076436,71.82972397084184,3669434
2017-03-13,72.21138763427734,73.05105378113888,70.30305283514858,70.60838756776431,2857886
2017-03-14,71.44805908203125,73.05105926896677,71.29539461614256,72.66939228046897,1196121
2017-03-15,70.53205871582031,71.67705965009085,70.45572648495747,71.67705965009085,961100
2017-03-16,70.60839080810547,71.3717247627877,70.37938829219044,70.99005778544658,602140
2017-03-17,71.21906280517578,72.28772572028063,70.99006028120982,71.37172727196901,1316026
2017-03-20,70.60839080810547,71.52438922421378,70.22672383076436,71.52438922421378,905120
2017-03-21,70.99005889892578,71.2190614184327,70.76105637941885,70.91372666701547,781221
2017-03-22,71.37171936035156,71.60072185893239,70.22671851499832,70.30305073993345,725022
2017-03-23,74.1197280883789,75.18839682218035,70.83739547771688,71.37172693272956,3812275
2017-03-24,75.11205291748047,76.0280512191012,74.73038598784264,74.95938265136023,3644777
2017-03-27,72.66940307617188,76.18074455101421,72.66940307617188,75.4174104606184,2206228
2017-03-28,70.60839080810547,73.66172662683435,68.31838894405881,73.58539439612132,2352318
2017-03-29,72.74571990966797,73.356383509465,70.22671581715136,71.2190521745125,1689425
2017-03-30,72.66940307617188,73.66173972319721,71.90606898577605,72.74574114423301,802385
2017-03-31,72.66940307617188,73.05107012136979,71.44806969629394,72.3640740990351,730300
2017-04-05,77.09673309326172,77.86006708428411,73.12739866945574,73.50906566496694,3239638
2017-04-06,78.24174499511719,79.76841319014386,75.3410730950557,77.47841089760384,4610060
2017-04-07,81.67672729492188,83.20339509482696,77.09672389520662,79.00505864508798,7170244
2017-04-10,83.96675109863281,86.2567534013228,81.67674879594283,83.20341699773616,3768856
2017-04-11,78.24174499511719,84.73008482398056,77.09674384884717,84.3484177752239,4512218
2017-04-12,79.38673400878906,80.91340197049654,77.09673206622783,77.86006604708157,1957000
2017-04-13,80.91339111328125,84.34839356620357,79.76839029564047,79.76839029564047,4960318
2017-04-14,77.47840118408203,82.44007219587054,77.47840118408203,80.15007019042969,3175813
2017-04-17,85.11174011230469,85.11174011230469,77.86006718793791,78.24173418395722,5945055
2017-04-18,83.58506774902344,88.54673843732164,82.05839984493169,86.63840355720694,11341411
2017-04-19,87.02007293701172,87.7834069101434,83.2034030713533,84.34840403105083,5954643
2017-04-20,80.15006256103516,87.40173488798597,79.00506166730608,86.63840095883324,5694378
2017-04-21,82.82174682617188,83.5850808983025,79.7684105376494,82.05841275404126,3376652
2017-04-24,78.62339782714844,82.44006762458282,78.241730847405,82.44006762458282,2687378
2017-04-25,78.62339782714844,80.1500657461222,77.47839688791811,79.38673178663531,2266049
2017-04-26,80.91339111328125,81.67672499170843,78.62338947799971,79.0050564172133,3673570
2017-04-27,82.4400634765625,83.20339739764178,80.91339563440394,81.67672955548322,3556733
2017-04-28,82.4400634765625,84.73006523980035,81.67672955548322,82.82173043710215,3695104
2017-05-02,87.02007293701172,87.40173992357755,82.05840211165578,83.58507005791915,5134475
2017-05-03,87.02007293701172,92.36341074893349,85.49340499074836,87.02007293701172,8352711
2017-05-04,86.2567367553711,88.54673861613315,85.87506977857741,87.7834046625458,2709106
2017-05-05,86.2567367553711,88.54673861613315,86.2567367553711,87.02007070895844,2233696
2017-05-08,83.20340728759766,88.165078364381,83.20340728759766,86.63841034075536,2817025
2017-05-09,77.86006927490234,80.15007131239946,77.0967352624033,79.38673729990042,5516503
2017-05-10,82.82174682617188,82.82174682617188,79.00507646551878,79.00507646551878,2923960
2017-05-11,82.05839538574219,84.34839711743732,81.29506147517715,82.82172929630724,1911883
2017-05-12,81.67672729492188,83.20339509482696,80.15005949501679,82.05839424489814,1747430
2017-05-15,80.53173828125,82.82174031768365,79.76840426910545,81.67673929946683,1117420
2017-05-16,80.91339111328125,81.67672499170843,80.15005723485406,81.29505805249484,775049
2017-05-17,80.53173828125,82.44007331161137,80.53173828125,80.91340528732228,901104
2017-05-18,79.38673400878906,79.76840099921593,78.24173303750844,78.62340002793532,1026625
2017-05-19,78.62339782714844,80.53173272586562,78.62339782714844,80.1500657461222,688071
2017-05-22,79.38673400878906,80.53173498006967,78.62340002793532,79.38673400878906,526060
2017-05-23,79.38673400878906,81.29506896092342,79.38673400878906,79.38673400878906,554406
2017-05-24,80.91339111328125,82.8217258093492,79.76839029564047,79.76839029564047,1503480
2017-05-25,79.38673400878906,82.05840294177715,79.00506701836218,81.29506896092342,1142250
2017-05-26,79.38673400878906,79.76840099921593,79.00506701836218,79.76840099921593,469143
2017-05-31,77.86006927490234,79.38673729990042,77.47840226865281,79.38673729990042,553145
2017-06-01,78.62339782714844,79.38673178663531,77.47839688791811,77.86006386766155,818083
2017-06-02,79.38673400878906,80.91340197049654,79.00506701836218,79.76840099921593,813366
2017-06-05,79.38673400878906,79.76840099921593,78.62340002793532,79.38673400878906,831110
2017-06-06,82.05839538574219,82.82172929630724,78.6233927881995,79.00505974348202,2825714
2017-06-07,80.53173828125,82.44007331161137,80.53173828125,81.29507229339455,1167181
2017-06-08,79.76840209960938,81.29507008237701,79.00506810822554,80.53173609099319,1051662
2017-06-09,78.62339782714844,80.1500657461222,78.62339782714844,80.1500657461222,1582345
2017-06-12,79.38673400878906,79.38673400878906,77.09673206622783,77.86006604708157,1132375
2017-06-13,79.38673400878906,80.15006798964279,79.00506701836218,79.38673400878906,627311
2017-06-14,75.26473999023438,79.76841227886845,74.88307294583787,79.76841227886845,1868669
2017-06-15,71.82972717285156,76.10439634487207,71.52439241261234,75.26473012204636,2774683
2017-06-16,72.44038391113281,73.05104750008272,70.37937901101715,71.4480475713984,1637815
2017-06-19,72.2877197265625,73.28005614976752,71.9823908182923,72.89838919065414,824419
2017-06-20,74.34872436523438,74.88305577535797,72.89838876433028,72.89838876433028,1332441
2017-06-21,72.89839935302734,74.04340038998589,72.4404001029992,74.04340038998589,1386512
2017-06-22,72.13507080078125,73.58540672237773,71.98240631378242,73.20373968110376,914100
2017-06-23,71.21906280517578,72.66939271103982,70.91372804781321,72.1350612534874,1056611
2017-06-26,71.5243911743164,71.90605816206362,70.99005972098074,71.29539447593372,622534
2017-06-27,71.37171936035156,72.36405575583454,70.99005241190048,71.67705408386752,965885
2017-06-28,69.69239044189453,71.06638802761037,69.5397201609645,71.06638802761037,1827174
2017-06-29,69.99772644042969,72.28772847216165,69.61605943514103,70.22672897311342,2174271
2017-06-30,69.46339416503906,70.60839516775948,68.92906269328003,69.76872893051976,1177358
2017-07-03,68.4710464477539,70.15038447167328,68.16571755592794,69.845049756072,1404190
2017-07-04,67.86038970947266,69.76872459543209,67.78405747878945,68.47105337871413,1810261
2017-07-05,67.93672180175781,68.47105323922757,66.56271835715573,68.2420565476445,1452109
2017-07-06,68.85271453857422,69.38705175576251,67.47871703103733,68.31838314516133,710300
2017-07-07,69.84504699707031,70.53204862409159,68.39471152308651,69.08171315010779,1132444
2017-07-10,69.84504699707031,69.84504699707031,68.70004622662654,69.46338007358905,661175
2017-07-11,69.31071472167969,70.45571547705694,69.23437667896788,69.8450460780124,752012
2017-07-12,69.61605834960938,69.99772534894666,69.15805911515989,69.38706164427275,375165
2017-07-13,70.9137191772461,71.37171834411099,69.99771501974094,70.22671751506108,1132605
2017-07-14,70.45573425292969,71.37173277182754,70.07406723275948,71.06639799093607,935188
2017-07-17,69.53972625732422,70.83739755200199,69.31072955151726,70.76105949295676,616145
2017-07-18,68.70006561279297,69.53973191663843,68.39473082309188,69.53973191663843,1220710
2017-07-19,70.22672271728516,71.60072614343802,68.70005483212678,68.92905734441086,1726126
2017-07-20,70.22672271728516,70.83739220085883,69.69239128699006,70.22672271728516,598012
2017-07-21,70.07405853271484,70.91372470808523,69.9213882493356,70.22672299231824,516265
2017-07-24,69.61605834960938,70.37939234828393,69.61605834960938,70.0740634078351,352002
2017-07-25,69.61605834960938,70.0740634078351,68.54739541048598,69.76872864361003,1024100
2017-07-26,69.61605834960938,70.1503956429473,69.53972611449717,69.53972611449717,688613
2017-07-27,72.51673126220703,72.66939573535377,69.84506221570467,69.84506221570467,3221272
2017-07-28,70.68473052978516,72.0587341233365,70.4557338133776,72.0587341233365,1186015
2017-07-31,70.22672271728516,71.37172363115394,70.07405825827965,71.21905917214842,771606
2017-08-01,70.45573425292969,71.60073531344028,70.22673171131694,70.22673171131694,943060
2017-08-02,69.69239044189453,71.29539053711756,69.69239044189453,70.76105328952606,1345123
2017-08-03,68.7763900756836,69.69239434118704,68.70005784283566,69.69239434118704,1341328
2017-08-04,68.62372589111328,69.61605656975381,68.4710556010159,68.8527225905952,1089146
2017-08-07,69.46339416503906,70.45573069690727,69.08172716413226,69.31072969418685,1292508
2017-08-08,68.85271453857422,69.84505092494148,68.7763823143403,69.6160484284643,603300
2017-08-09,64.80706024169922,66.94439202912288,64.19639068884875,66.7917275527985,3155665
2017-08-10,64.27271270751953,65.1887168911487,63.66204907554229,64.95971438929752,1057911
2017-08-11,64.501708984375,65.11237838119268,63.35670823317308,63.891039587557316,705329
2017-08-14,62.8223876953125,64.50172009003984,62.74604963973546,64.50172009003984,809313
2017-08-15,63.35671615600586,64.04371785739238,62.74604668282323,64.04371785739238,433124
2017-08-16,63.58572006225586,63.967387035441604,62.89871834576635,63.35671754883408,417100
2017-08-17,64.959716796875,65.41771599377647,63.81471589273346,63.81471589273346,703000
2017-08-18,63.96738052368164,64.65437634646042,63.96738052368164,64.19637719001615,520001
2017-08-21,63.280391693115234,63.967393478805675,63.204059455544396,63.891055417458404,332211
2017-08-22,63.509376525878906,64.12004595976778,63.2040476327098,63.2040476327098,466399
2017-08-23,63.35671615600586,64.3490525939837,63.35671615600586,63.89104757720887,410006
2017-08-24,64.12004089355469,64.50170780363537,63.509371507915645,63.509371507915645,306130
2017-08-25,65.64671325683594,66.63904962394939,64.34904799871093,64.5780446669696,1423301
2017-08-28,64.959716796875,65.87572101445369,64.959716796875,65.87572101445369,363060
2017-08-29,65.41771697998047,65.64671949377141,64.95971777617444,65.64671949377141,311185
2017-08-30,65.11238861083984,65.57038781852074,65.03605055641312,65.41771753344318,316065
2017-08-31,64.88337707519531,65.41770843924571,64.88337707519531,65.11237955908838,319010
2017-09-01,65.57037353515625,66.79170643085116,65.03603638944466,65.03603638944466,708000
2017-09-04,64.88337707519531,66.10471006714985,64.88337707519531,65.95204562707119,527015
2017-09-05,65.57037353515625,66.10470485709321,65.03603638944466,65.26503885528886,679400
2017-09-06,61.67738723754883,66.10472077876122,64.8833875889018,65.34138680712708,1925614
2017-09-07,65.28746032714844,65.93148213338685,64.8044470433932,65.1264579465124,806600
2017-09-08,65.93148803710938,66.09249043216211,65.44847471010353,65.44847471010353,328820
2017-09-11,63.596923828125,65.2874737394903,63.59692382812501,65.2874737394903,977517
2017-09-12,63.194393157958984,64.40192933295182,63.194393157958984,64.24092696635809,453810
2017-09-13,61.66485595703125,63.757917766286305,61.66485595703125,63.59691537397729,876010
2017-09-14,61.986873626708984,62.46988699802798,61.584361460301785,61.745363870125374,429121
2017-09-15,62.0673713684082,63.03340419899208,62.0673713684082,62.30888111151615,395128
2017-09-18,63.194393157958984,64.07991845791776,62.067358166263006,62.067358166263006,1296111
2017-09-19,62.0673713684082,63.27490780025213,62.0673713684082,62.952896856724166,489345
2017-09-20,61.18184280395508,61.98686705137554,61.18184280395508,61.98686705137554,545989
2017-09-21,61.584354400634766,62.06736771658396,61.181842280369175,61.181842280369175,432876
2017-09-22,59.330284118652344,61.664855646460595,58.92777199805946,61.58435445071152,847170
2017-09-25,57.07622146606445,59.491294254683424,56.91521292838123,59.491294254683424,757111
2017-09-26,57.15672302246094,58.44476062276656,56.51270115138425,57.076221824038285,611500
2017-09-27,57.88124465942383,58.28375678342281,57.559233731855116,58.28375678342281,177090
2017-09-28,57.63973617553711,58.36425924278257,57.076221646483816,58.04224830824595,349000
2017-09-29,57.15672302246094,57.63973635484458,56.673709690077295,57.63973635484458,219015
2017-10-02,59.169281005859375,59.24978220062711,57.8812434640333,57.8812434640333,462030
2017-10-03,58.76677322387695,59.49129631391078,58.686272023172734,59.49129631391078,245701
2017-10-05,58.3642578125,59.41079178863558,58.2032554201011,58.766769935344826,283871
2017-10-06,57.55923843383789,58.52526515361062,57.23722747996428,58.52526515361062,383450
2017-10-11,57.31772232055664,58.60576599307492,57.31772232055664,58.36425626901589,339102
2017-10-12,57.72023391723633,58.12274602584146,57.398229143830115,57.398229143830115,962006
2017-10-13,57.39822769165039,58.36425427112321,57.156717975858584,57.72023245690986,465632
2017-10-16,57.55923843383789,57.8812493877115,57.156726276957905,57.55923843383789,368002
2017-10-17,56.75421142578125,57.55923570132425,56.593209027411774,57.55923570132425,459120
2017-10-18,57.15672302246094,57.96174729038292,56.59320849165464,56.75421088849994,471002
2017-10-19,56.91521072387695,57.398230176370056,56.754208334277564,57.1567204501235,415100
2017-10-20,59.81330871582031,60.61833302617134,56.7542138797472,56.7542138797472,1884665
2017-10-23,59.249786376953125,60.77933375274272,58.927775433337224,59.410794919685024,903011
2017-10-24,59.008277893066406,59.73279477894313,58.364256059123335,59.24978147440952,467103
2017-10-25,59.41079330444336,60.29631876892577,58.92777383122774,59.24978476608891,537015
2017-10-26,59.249786376953125,59.652298521011026,58.927775433337224,59.410794919685024,360002
2017-10-27,58.44475555419922,60.21581247514296,58.36425436275796,59.81330037608946,528952
2017-10-30,59.330284118652344,59.41079145624896,57.478732049033596,58.2032550944703,666001
2017-10-31,58.68627166748047,59.81330689605245,58.60577046726416,59.65229835377195,340670
2017-11-01,58.84726333618164,59.16927422017097,58.44475126665667,59.16927422017097,261358
2017-11-02,58.84726333618164,59.41078391862466,58.766762150645995,59.249775405706615,281000
2017-11-03,58.68627166748047,58.927775268129395,58.36426072476735,58.84727406791309,257500
2017-11-06,57.96174240112305,58.76676660113864,57.96174240112305,58.76676660113864,227010
2017-11-07,58.283756256103516,58.44475864750741,57.961745331448185,57.961745331448185,196000
2017-11-08,60.61832046508789,60.859824023040964,58.12274070664521,58.28374922046073,1743217
2017-11-09,57.96174240112305,59.49128960952213,56.834707292731764,59.49128960952213,1381939
2017-11-10,57.55923843383789,57.63973963684427,56.75421412007792,57.55923843383789,478003
2017-11-13,57.80073928833008,57.96174166956222,56.915207766011825,57.31771986093934,292095
2017-11-14,57.15672302246094,58.36425942434391,56.99572062561564,58.203257027498616,314700
2017-11-15,57.478729248046875,57.478729248046875,56.91520862156914,57.15671833889492,173009
2017-11-16,57.39822769165039,57.881240981386796,57.39822769165039,57.47872888296526,96007
2017-11-17,56.9957160949707,57.88124149092406,56.9957160949707,57.55923058098268,254500
2017-11-20,57.15672302246094,57.720237553267225,56.75421088849994,56.99572062561564,170000
2017-11-21,56.9957160949707,57.478729388959145,56.9957160949707,57.237219671041295,255103
2017-11-22,56.9957160949707,57.55923058098268,56.9957160949707,57.237219671041295,256321
2017-11-23,56.91521072387695,57.398230176370056,56.67370713947787,57.1567204501235,265500
2017-11-24,55.22465896606445,56.91520855997359,54.74164567378287,56.91520855997359,892300
2017-11-27,54.419639587402344,55.06366146207959,54.097628650063726,54.90265292248639,593362
2017-11-28,54.580650329589844,54.90265513807514,54.01712963104451,54.33914058137784,258008
2017-11-29,54.097625732421875,54.8221487668962,54.097625732421875,54.33913545786246,295596
2017-11-30,52.970603942871094,54.097633103565485,52.56809177352359,53.9366306925658,508252
2017-12-01,51.9240608215332,53.77561893547405,51.9240608215332,53.131597119708395,557004
2017-12-04,50.716522216796875,51.84355727220619,50.47501558233015,51.52154637896825,597002
2017-12-05,51.843563079833984,52.970598261496214,50.71652789817175,50.71652789817175,909270
2017-12-06,50.95803451538086,52.2460751605782,50.95803451538086,52.2460751605782,271110
2017-12-07,51.11903762817383,51.76305945660629,50.95803217106571,50.95803217106571,199030
2017-12-08,51.28004837036133,51.52155504545209,51.119042896659494,51.119042896659494,112000
2017-12-11,53.2926025390625,53.5341122691964,52.0045649759927,52.0045649759927,458200
2017-12-12,53.6146125793457,54.33913561592756,53.53411138458049,54.17813322639714,365101
2017-12-13,53.936622619628906,54.419635922181484,53.61461170397806,53.61461170397806,195003
2017-12-14,54.017127990722656,54.339138931277574,53.93662679104589,53.93662679104589,156001
2017-12-15,53.936622619628906,54.661145644381456,53.936622619628906,54.01712381307978,163252
2017-12-18,54.17813491821289,54.33913731277093,53.614614253564454,53.85612398724916,91001
2017-12-19,53.936622619628906,54.50013711563235,53.77562023272717,54.17813234182888,67003
2017-12-20,53.69511032104492,54.41963331103361,53.61460913145664,53.936620031656844,87002
2017-12-21,54.097625732421875,54.258634263331416,53.614612423388145,53.69511361791919,168151
2017-12-22,53.6146125793457,54.33913561592756,53.53411138458049,54.33913561592756,137107
2017-12-25,54.097625732421875,54.17813306880037,53.614612423388145,53.614612423388145,103132
2017-12-26,52.89008712768555,54.097623419567384,52.64858355441749,54.097623419567384,168002
2017-12-27,52.89008712768555,53.61461013118409,52.568082363328145,52.729084745506846,154752
2017-12-28,53.453609466552734,53.53411066022871,52.89008882712611,52.89008882712611,83300
2017-12-29,54.580650329589844,54.74165273383249,53.45361507434721,53.45361507434721,304464
2018-01-02,56.27118682861328,56.59319770276368,54.74163978278383,54.74163978278383,647590
2018-01-03,56.02968215942383,56.67370396544766,55.78817858855024,56.27119187214454,250011
2018-01-04,58.52525329589844,58.605760624441444,56.190688172475674,56.190688172475674,752950
2018-01-05,57.63973617553711,59.33028590454471,57.55923497736488,58.28375804461035,571562
2018-01-08,57.237220764160156,58.04224498346437,57.15671957059921,57.639732873812264,138248
2018-01-09,56.593204498291016,57.63973228763523,56.59320449829102,57.31772137481882,185256
2018-01-10,54.258636474609375,55.949186196048494,54.0171267393262,55.949186196048494,478023
2018-01-11,54.50013732910156,54.741647052247494,53.93662283089091,54.741647052247494,146100
2018-01-12,54.74164962768555,54.98315936219382,54.17813510296315,54.50013989317727,111002
2018-01-15,57.478729248046875,57.96174254085118,54.580643349373766,54.66114454119994,257507
2018-01-16,56.91521072387695,58.04224587661508,56.83470952907726,57.72023495556883,301055
2018-01-17,56.19069290161133,56.75420739775792,56.02968437282132,56.75420739775792,179003
2018-01-18,56.3516960144043,57.07621904867327,55.54667178562709,56.19069362538784,305002
2018-01-19,56.3516960144043,58.52525897536377,56.3516960144043,57.1567202431815,576030
2018-01-22,56.3516960144043,57.23722143768973,56.19069362538784,57.23722143768973,128105
2018-01-23,56.9957160949707,57.15671847901776,56.110184557170086,57.15671847901776,144038
2018-01-24,56.27118682861328,57.07621094306599,56.19068564553733,57.07621094306599,139028
2018-01-25,55.707672119140625,57.156718134211644,55.546669736064835,56.351693935138236,131106
2018-01-26,55.707672119140625,56.432195126676135,55.707672119140625,55.949181835601536,103001
2018-01-29,55.38567352294922,56.19069781170227,55.305166180595585,56.19069781170227,96691
2018-01-30,55.30516815185547,56.190699814525445,55.22466694848042,55.4661767004537,126033
2018-01-31,55.62717819213867,55.86868794013914,54.983162433884154,55.3051672420874,107010
2018-02-01,55.78818130493164,56.35169580625522,55.78818130493164,55.78818130493164,122157
2018-02-02,55.144161224365234,56.35169760154111,55.144161224365234,55.707675743641595,110001
2018-02-05,54.74164962768555,54.82215082523908,53.61461443639307,54.41963869562374,165105
2018-02-06,50.555519104003906,53.93662135539233,50.072505812772825,53.6146104472892,685513
2018-02-07,51.36054611206055,52.64858674398774,51.11903945323788,52.08506608852855,254354
2018-02-08,50.87753677368164,51.36055012910472,50.79703250049511,51.36055012910472,127103
2018-02-09,50.87753677368164,50.87753677368164,50.87753677368164,50.87753677368164,0
2018-02-12,49.83100128173828,50.716526710213785,49.75049701583449,49.91150247671833,175103
2018-02-21,51.038536071777344,51.441048176220626,50.71652515985326,51.441048176220626,159019
2018-02-22,51.68255615234375,51.76306349356201,51.0385404155324,51.0385404155324,131008
2018-02-23,51.843563079833984,52.004565473565314,51.60205334738935,51.68255454425502,124262
2018-02-26,51.11903762817383,52.326573950099196,50.79702671395759,52.326573950099196,164049
2018-02-27,50.95803451538086,51.52155210572196,50.95803451538086,51.11903997989601,97037
2018-03-01,50.716522216796875,51.03853311003481,50.5555167701779,51.03853311003481,110006
2018-03-02,50.31401824951172,50.63602919467818,50.072511576098854,50.072511576098854,130015
2018-03-05,50.39451217651367,50.958029713756176,50.153005537959324,50.153005537959324,99031
2018-03-06,50.716522216796875,51.280039744501536,50.5555167701779,50.5555167701779,57201
2018-03-07,50.31401824951172,51.280048014087136,50.31401824951172,50.71653039550781,105030
2018-03-08,50.555519104003906,51.11903665772258,50.31401245838837,50.31401245838837,109009
2018-03-09,49.91150665283203,50.716530953684156,49.91150665283203,50.63602975196854,175040
2018-03-12,50.716522216796875,51.119034297882564,49.9114980546255,49.9114980546255,117967
2018-03-13,50.87753677368164,51.11904345139318,50.31401914507203,50.31401914507203,95022
2018-03-14,52.24607467651367,52.97059772465714,50.877532847200335,50.877532847200335,412697
2018-03-15,52.16556930541992,53.05109467479046,51.52154750487021,52.4875740638477,300017
2018-03-16,52.08506774902344,52.80959081951333,51.602054415979424,52.1655750894039,126090
2018-03-19,51.68255615234375,52.487580429743794,51.602054952973305,52.08506829104377,74066
2018-03-20,50.95803451538086,51.52155210572196,50.87753331858519,51.52155210572196,117026
2018-03-21,50.072505950927734,50.636023506201205,49.75049504193614,50.3945137889957,396250
2018-03-22,50.23351287841797,50.79702737929173,49.91150195998407,49.91150195998407,282060
2018-03-23,49.7504997253418,50.314017333663614,49.18698211701999,50.072510664646806,213919
2018-03-26,49.50899124145508,49.75049790161888,49.186980313954145,49.589492437868415,183240
2018-03-27,49.5894889831543,50.233510793289575,49.50898779234918,49.83099869741682,197194
2018-03-28,49.7504997253418,49.831003995630006,49.4284918569607,49.589494255689296,110133
2018-03-29,48.78446578979492,49.42848761311026,48.70396459734233,48.78446578979492,257550
2018-03-30,48.70396423339844,49.42848724375233,48.70396423339844,49.106476334500904,213628
2018-04-02,49.428489685058594,49.83100180604141,49.18697995572989,49.50899088088565,63402
2018-04-03,48.62346267700195,49.18697715758166,47.496427573995334,49.18697715758166,222070
2018-04-09,47.49643325805664,48.54296422413412,47.41593205717529,48.54296422413412,312244
2018-04-10,47.657432556152344,48.14044584070826,47.496427104325846,47.496427104325846,92683
2018-04-11,47.737937927246094,48.462460988453536,47.65743672974475,48.462460988453536,166259
2018-04-12,47.09391403198242,47.49642611772586,47.09391403198242,47.49642611772586,176063
2018-04-13,47.335426330566406,47.737938464450345,47.093919664420824,47.093919664420824,128207
2018-04-16,47.09391403198242,47.65743156620794,46.93290858350034,47.33542066924378,117644
2018-04-17,45.725372314453125,46.852407382612896,45.64487112569464,46.852407382612896,347180
2018-04-18,45.0008544921875,46.04738534925435,44.83984903627176,45.48386778901108,386070
2018-04-19,44.920345306396484,45.08135074466925,44.67883868444899,44.67883868444899,250170
2018-04-20,43.55181121826172,44.75934760772469,43.22980335695923,44.75934760772469,425183
2018-04-23,42.10276412963867,43.47130585404326,42.10276412963867,43.149294952680926,461082
2018-04-24,41.217247009277344,41.70026038710017,40.653729354534605,41.70026038710017,487080
2018-04-25,43.149295806884766,43.79331762235879,41.056234119365016,41.056234119365016,556645
2018-04-26,41.700252532958984,43.71281301303348,41.700252532958984,43.47130636960926,249120
2018-04-27,41.86125946044922,42.50527822257908,41.780758266779365,42.263771570645844,149181
2018-04-30,42.9882926940918,43.471305976573184,42.18326850934044,42.18326850934044,134200
2018-05-02,43.71281814575195,44.034829088743535,43.47131147397024,43.873823617247744,196101
2018-05-03,42.74678421020508,43.95432052202922,42.3442721062637,43.95432052202922,235004
2018-05-04,43.149295806884766,43.149295806884766,42.666282516202855,42.666282516202855,100250
2018-05-07,42.424774169921875,43.4713049717231,42.34426991075348,43.4713049717231,202203
2018-05-08,42.66628646850586,43.0687986050012,42.50528099972294,42.66628646850586,106113
2018-05-09,42.02227020263672,42.90779572804672,41.941765927920486,42.66628904574618,225659
2018-05-10,42.02227020263672,42.34427808872941,41.941765927920486,42.34427808872941,102392
2018-05-11,42.18326950073242,42.50527733964667,41.941759782892206,42.42477614764901,90250
2018-05-14,42.505279541015625,43.14929832312178,42.344274077758136,42.344274077758136,132674
2018-05-15,42.18326950073242,42.50527733964667,42.022264045813486,42.50527733964667,185550
2018-05-16,42.10276412963867,42.50527622087981,41.861257489078696,42.10276412963867,194654
2018-05-17,42.344276428222656,42.5052819004173,41.86126308256267,42.26377522758731,121050
2018-05-18,46.530399322509766,46.530399322509766,42.50527822071959,42.66628367897593,1713088
2018-05-21,48.5429573059082,49.428485744019575,46.69140231120048,47.093914400090135,1729016
2018-05-22,47.89894104003906,48.94547191076274,47.013415627332186,48.54295980118258,745778
2018-05-23,48.14044952392578,48.46246045221577,47.335425274124596,47.898942863170184,334000
2018-05-24,47.657432556152344,48.78446457709068,47.57692829477731,48.462456744361255,322590
2018-05-25,47.818443298339844,48.220955436975956,47.49643235906139,48.220955436975956,210100
2018-05-28,48.301456451416016,49.42849166365195,47.97944551337035,48.301456451416016,488100
2018-05-29,48.14044952392578,48.94547377372696,48.14044952392578,48.70396711297136,254500
2018-05-30,47.335426330566406,47.979445130595934,47.17442086282806,47.8989439321887,361576
2018-05-31,46.771907806396484,47.898942987410976,46.771907806396484,47.57693205828575,255620
2018-06-01,47.49643325805664,47.73793993162468,46.77191016642857,46.77191016642857,189100
2018-06-04,47.737937927246094,48.059948859099144,47.496431263818224,47.818442195671274,174100
2018-06-05,47.09391403198242,47.8989382034693,47.09391403198242,47.8989382034693,134024
2018-06-06,47.737937927246094,47.818442195671274,47.3354257978917,47.3354257978917,200268
2018-06-07,47.89894104003906,49.106477368779544,47.89894104003906,49.02597617523299,396000
2018-06-08,48.0599479675293,48.301454626476925,47.33542491976263,47.89894250458962,218090
2018-06-11,49.26748275756836,50.79702692926952,48.70396519076322,49.02597610634435,980202
2018-06-12,49.18697738647461,49.66999374897815,49.02597500323038,49.42848710318819,393000
2018-06-13,54.097625732421875,54.097625732421875,49.347984623844425,49.347984623844425,2254852
2018-06-14,54.33913040161133,56.35169078685619,52.809583280455854,53.775615950481516,2100126
2018-06-15,54.017127990722656,55.144163211740945,53.37311225146067,54.339138931277574,477378
2018-06-19,54.419639587402344,56.11018933112038,54.097628650063726,54.58064812699555,672234
2018-06-20,52.16556930541992,54.339132134042806,50.877528775244045,54.339132134042806,583496
2018-06-21,52.24607467651367,53.13160011675677,52.24607467651367,52.5680856025605,244038
2018-06-22,51.28004837036133,53.373113386637215,51.19954409804842,53.373113386637215,232100
2018-06-25,49.7504997253418,51.60205494903584,49.18698211701999,51.28004708065474,318200
2018-06-26,48.462459564208984,48.78446741567483,47.33542440676916,48.70396622053931,423068
2018-06-27,48.462459564208984,49.589491650725066,48.462459564208984,48.462459564208984,213000
2018-06-28,47.737937927246094,48.62346645438006,47.496431263818224,48.462460988453536,283000
2018-06-29,48.864967346191406,49.50898606290631,47.89893773565732,47.89893773565732,179001
2018-07-02,48.3819580078125,49.42849202872862,48.220955608524406,49.1064810883046,151000
2018-07-03,47.657432556152344,48.94547002891717,47.57692829477731,48.94547002891717,206186
2018-07-04,46.93291473388672,47.73793901086908,46.530402595395536,47.657437811540404,183269
2018-07-05,46.85240936279297,48.05994567074679,46.047385157490424,46.93291055495377,228110
2018-07-06,47.49643325805664,49.106481843075514,46.852414438233886,47.89894540431136,247008
2018-07-09,48.864967346191406,49.83099695672549,48.54295645237222,49.10647398109406,450020
2018-07-10,48.78446578979492,49.58948999801546,48.4624579490609,49.18697789390519,261020
2018-07-11,48.220951080322266,48.78446556676144,48.14044681731407,48.46245772749957,162021
2018-07-12,48.0599479675293,48.301454626476925,47.89894250458962,48.22095343046898,112221
2018-07-13,48.70396423339844,49.50898843560337,48.70396423339844,49.50898843560337,231072
2018-07-16,49.26748275756836,49.428488215358925,48.864970648553786,49.106477299777794,139312
2018-07-17,51.36054611206055,51.36054611206055,49.50899096652173,49.91150308820077,357400
2018-07-18,50.072505950927734,51.92406100032032,49.83099930464585,51.92406100032032,400004
2018-07-19,49.26748275756836,50.39451482025495,49.106477299777794,50.072506975597506,280397
2018-07-20,48.864967346191406,50.23350903853774,48.78446308727487,49.267479428003654,293040
2018-07-23,48.5429573059082,48.94546939479786,48.46245611649968,48.94546939479786,137022
2018-07-24,49.50899124145508,49.50899124145508,48.30145486971227,48.62346579721321,195762
2018-07-25,49.347991943359375,49.50899742722625,48.70397307881606,49.50899742722625,147150
2018-07-26,48.94547653198242,49.42849295163714,48.78447105876418,49.2674874784189,219070
2018-07-27,49.10647964477539,49.34798630753214,48.62346631926189,48.62346631926189,361020
2018-07-30,50.23351287841797,51.68255279859938,49.10647773482304,49.10647773482304,589097
2018-07-31,49.91150665283203,51.763065001531125,49.589495704121575,51.119043104110226,906050
2018-08-01,50.39451217651367,50.71652307520183,49.91149889940497,50.07250434874905,191261
2018-08-02,49.66999435424805,51.52154942243197,49.589490090721306,51.03853612496613,672795
2018-08-03,54.580650329589844,54.580650329589844,51.44105431207396,51.521555514195285,3237550
2018-08-06,57.39822769165039,58.444755462438074,54.90264776795908,54.90264776795908,5401459
2018-08-07,57.15672302246094,57.15672302246094,56.02968781900061,56.99572062561564,1247701
2018-08-08,56.51270294189453,58.36426127351771,56.51270294189453,57.15672483337597,1500851
2018-08-09,57.15672302246094,57.15672302246094,52.32657741492903,56.59320849165464,1373858
2018-08-10,54.419639587402344,56.75421120579762,54.25863718965692,55.38567239941821,1466600
2018-08-13,51.602046966552734,53.131594085255216,50.71652162683453,53.131594085255216,1579221
2018-08-14,52.48758316040039,52.97060266544767,51.119044274361464,52.56809050580703,519524
2018-08-15,52.08506774902344,52.970599358426504,51.11904108293541,52.970599358426504,598001
2018-08-16,51.9240608215332,52.40707411243384,51.28004207669116,51.36054326820006,253100
2018-08-17,50.87753677368164,52.809593266297995,50.87753677368164,52.32657991087491,246220
2018-08-20,50.39451217651367,51.602048440208954,50.39451217651367,51.52154725099868,238085
2018-08-21,50.636024475097656,51.199538970230094,50.55552021084754,50.55552021084754,320010
2018-08-22,50.716522216796875,51.763056084358446,50.5555167701779,50.716522216796875,298246
2018-08-23,55.707672119140625,55.788179452525746,51.52154874069782,51.52154874069782,2648693
2018-08-24,55.38567352294922,56.83471355759597,53.93662734645456,56.593209956078795,3061066
2018-08-27,54.983158111572266,57.9617453462371,54.983158111572266,57.15672110531714,1469001
2018-08-28,54.50013732910156,55.78818099675001,54.339134941569206,55.78818099675001,680102
2018-08-29,54.580650329589844,55.06366368416582,54.17813817713519,55.06366368416582,427098
2018-08-30,55.797157287597656,57.25696285799863,54.90504666473904,55.06725140865802,1239010
2018-08-31,56.202659606933594,57.013664760352675,55.716051564899516,55.79715703022406,715020
2018-09-03,53.850746154785156,56.52705958427172,53.52634283947444,56.202662456439604,794210
2018-09-04,54.580650329589844,54.905047447093594,53.769645160873665,54.41844558335956,190010
2018-09-05,54.09403991699219,54.661747222798226,54.09403991699218,54.58064794696254,170011
2018-09-06,54.012935638427734,54.82394069662478,54.012935638427734,54.09403490675193,447082
2018-09-07,52.47203063964844,54.33734495642755,51.17442363937865,54.09404093685523,639021
2018-09-10,51.8232307434082,53.93184291303888,51.49882744327772,53.201937034614865,460570
2018-09-11,52.553131103515625,53.28303071781856,51.579921305315615,51.98542384102954,269116
2018-09-12,51.742122650146484,52.71532934918693,51.417722479625546,52.71532934918693,277070
2018-09-13,52.14762878417969,52.7153298615437,51.74212315304435,51.74212315304435,173060
2018-09-14,53.039737701416016,53.688538104695695,52.228732556707754,52.228732556707754,287007
2018-09-17,52.390926361083984,53.60743396786214,52.309827091460974,53.201931432269426,295210
2018-09-18,52.22873306274414,52.715334916788066,51.9043297642221,52.39093161826602,148005
2018-09-19,52.066524505615234,52.71533105513105,51.98542523379521,52.2287292367331,178003
2018-09-20,49.4713134765625,52.06652744624336,49.06581090708248,52.06652744624336,889606
2018-09-21,50.68782043457031,50.76891970977001,49.79571603241749,49.79571603241749,214000
2018-09-25,50.20121765136719,51.7421255073428,50.20121765136719,50.68781948088812,159022
2018-09-26,50.03901290893555,50.68781633933123,50.03901290893555,50.28231380861658,216012
2018-09-27,50.03901290893555,50.28231380861658,50.03901290893555,50.03901290893555,174000
2018-09-28,50.03901290893555,50.28231380861658,49.795712009254515,49.795712009254515,159137
2018-10-01,50.20121765136719,51.0122227630614,50.03901601028055,50.282316925041016,206011
2018-10-02,49.79571533203125,50.28231716386336,49.79571533203125,50.28231716386336,105001
2018-10-03,48.33590316772461,50.03901574965528,47.93040061398954,49.71461246917164,410213
2018-10-04,46.957191467285156,48.254798249956615,45.82178321214368,48.254798249956615,865022
2018-10-05,43.79427719116211,46.38949423605286,42.73997113678936,46.38949423605286,1597771
2018-10-08,42.25336456298828,43.95647713287879,41.604561100346686,43.713176221105556,996200
2018-10-09,42.091163635253906,42.983267959175244,41.92896200533945,42.41556380134404,661500
2018-10-11,40.14475631713867,41.361264084324695,38.522745960890646,41.361264084324695,1491233
2018-10-12,41.2801628112793,41.36126208768108,40.22585365562165,40.22585365562165,935012
2018-10-15,40.22585678100586,41.03686198299178,40.10420785695157,40.95576270028892,619014
2018-10-16,40.306949615478516,40.79355138397983,39.982546373985244,40.2258472582359,503051
2018-10-17,41.2801628112793,42.33446887319786,40.87466024179223,41.36126208768108,575043
2018-10-18,41.2801628112793,42.01006558011257,41.19906044113843,42.01006558011257,214013
2018-10-19,41.036865234375,41.11796761724299,39.495957084757976,40.63136260125375,232101
2018-10-22,41.847862243652344,41.847862243652344,40.55025531118985,40.55025531118985,148017
2018-10-23,40.95575714111328,41.766762233016514,40.87465786941852,41.766762233016514,142501
2018-10-24,41.036865234375,41.28016928923941,40.509713667561115,41.28016928923941,162500
2018-10-25,39.61759948730469,40.18530369883367,38.60384307162403,38.60384307162403,311031
2018-10-26,39.17155075073242,40.469160933915326,38.64439922415693,39.61760299436994,308100
2018-10-29,39.252647399902344,39.739249214006875,38.96879376355896,38.96879376355896,204005
2018-10-30,40.02309799194336,40.388050883299975,39.49594656552936,39.49594656552936,140140
2018-10-31,41.117958068847656,41.60455987809886,40.388052261232,40.388052261232,287010
2018-11-01,41.685665130615234,42.01006532801475,41.60456276096106,41.60456276096106,210010
2018-11-02,42.01006317138672,42.98326990110287,42.01006317138672,42.17226480862923,382012
2018-11-05,42.25336456298828,42.49666856850046,41.84786201211991,42.01006365121505,152298
2018-11-06,41.117958068847656,42.983269129295735,41.117958068847656,42.49666732004454,193500
2018-11-07,41.92896270751953,41.92896270751953,41.36125854018105,41.442357809627055,93003
2018-11-08,42.17226791381836,43.226573992915995,42.091168636095134,42.902173788283946,168161
2018-11-09,42.25336456298828,43.30767367023719,42.172265290310186,43.145472031142056,353112
2018-11-12,42.41556167602539,42.902166541386414,42.334462412001194,42.4966640337882,180021
2018-11-13,42.33447265625,42.33447265625,40.63135985596894,40.63135985596894,122026
2018-11-14,42.01006317138672,42.98326990110287,42.01006317138672,42.98326990110287,82000
2018-11-15,41.60456085205078,42.334466676753344,41.117959031408354,42.334466676753344,222013
2018-11-16,42.091163635253906,42.57776543125849,41.84785964351284,42.0100612734273,126002
2018-11-19,42.49666976928711,42.739970687935056,41.847863194573875,42.49666976928711,117010
2018-11-20,42.25336456298828,42.739969480273686,42.09116601763209,42.739969480273686,61501
2018-11-21,41.76676559448242,42.17226817306963,41.60456394429971,42.010066522886916,188060
2018-11-22,41.19905471801758,42.17226136834244,41.19905471801758,41.7667588551853,196249
2018-11-23,40.550254821777344,41.92896410446556,40.550254821777344,41.36125991821289,197004
2018-11-26,40.712467193603516,41.36127082306044,40.42861347877004,41.36127082306044,161010
2018-11-27,41.847862243652344,42.09116625051065,40.874658591174956,40.95575786430175,178102
2018-11-28,42.49666976928711,42.821069962904694,41.847863194573875,41.847863194573875,309007
2018-11-29,44.037574768066406,44.36197803419409,42.98326879375969,43.14547042682353,584398
2018-11-30,44.76747512817383,45.74068171451774,44.44307190147971,44.524174255022466,455402
2018-12-03,45.98398971557617,46.551693903420606,45.6595864385968,45.82178807708649,589010
2018-12-04,46.22728729248047,46.389488919272004,45.65958314557946,46.22728729248047,337025
2018-12-05,44.68638229370117,45.82179073525626,44.44308136872197,45.82179073525626,556011
2018-12-06,43.713172912597656,45.09187900620917,43.22656803214179,45.09187900620917,244111
2018-12-07,44.84858322143555,45.010784866730134,43.71317789185156,44.1186804582185,157246
2018-12-10,44.605281829833984,45.74069024117991,43.79427670565518,45.659587872518614,288000
2018-12-11,44.52418518066406,45.41628963237576,44.36198352751488,44.60528446036905,207011
2018-12-12,44.76747512817383,45.74068171451774,44.524174255022466,45.0107760013252,347007
2018-12-13,46.14619445800781,46.22729373583819,45.01078600594771,45.1729876553476,531500
2018-12-14,45.41628646850586,47.84930181503296,45.41628646850586,46.551694867714104,958031
2018-12-17,44.76747512817383,46.14618420101617,44.60527351482677,45.41627848782362,260143
2018-12-18,43.79427719116211,44.767483969713524,43.55097626995902,44.68638160015312,303013
2018-12-19,42.57776641845703,44.11867729776339,42.334465514813616,43.875373300381135,602021
2018-12-20,41.19905471801758,42.49666461636362,40.79355220486044,42.49666461636362,598567
2018-12-21,42.821067810058594,42.821067810058594,41.28016000693199,41.28016000693199,235019
2018-12-24,42.821067810058594,43.06436871647449,42.5777669036427,42.73996853916625,97009
2018-12-25,42.90217208862305,42.90217208862305,41.84786295755498,42.17226624307423,102120
2018-12-26,42.98326873779297,43.46987054261208,42.821067104940326,42.98326873779297,210067
2018-12-27,42.90217208862305,44.11867976871172,42.90217208862305,43.469873197673216,297100
2018-12-28,42.658870697021484,43.22657493466975,42.253368112092616,42.90217472297017,141001
2019-01-02,42.821067810058594,43.145471081105704,42.49666763275035,42.658866174535035,113006
2019-01-03,42.821067810058594,43.145471081105704,42.821067810058594,42.821067810058594,226002
2019-01-04,42.98326873779297,43.06436800734988,42.57776620253077,42.98326873779297,739162
2019-01-07,42.98326873779297,43.14547037064561,42.73996783538342,43.14547037064561,295002
2019-01-08,45.902889251708984,46.876096029238525,42.739971091911826,42.983272012859445,3262085
2019-01-09,46.71389389038086,47.60600138274692,45.65958784825645,45.65958784825645,2099576
2019-01-10,48.822505950927734,50.1201128285732,46.71389090758032,46.71389090758032,4950383
2019-01-11,49.55241012573242,50.525616859633615,48.417004847630125,49.47131085363187,3092035
2019-01-14,50.1201171875,51.33662490124387,49.714614616252035,50.282318834747,2785017
2019-01-15,52.30982971191406,52.30982971191406,50.20121765869684,50.85002112939914,2424122
2019-01-16,52.553131103515625,52.553131103515625,50.60671769459326,52.309827107096204,2920864
2019-01-17,52.066524505615234,52.95863505806894,51.98542523379521,52.2287292367331,1535110
2019-01-18,52.30982971191406,52.87753081519171,51.49882460010144,52.30982971191406,1117900
2019-01-21,52.95863342285156,52.95863342285156,51.661023457625475,52.30982689336911,1183215
2019-01-22,52.63423538208008,53.769643827625316,52.553136104715044,52.87753321417519,623151
2019-01-23,52.30982971191406,53.12083482372668,51.57992387378711,52.30982971191406,865031
2019-01-24,53.52633285522461,54.17513936482437,52.39092455716375,52.715327811963625,1778484
2019-01-25,53.52633285522461,53.850736110024485,52.30982529033314,53.36413432156339,1296348
2019-01-28,53.93183898925781,55.634948456686175,53.5263364404664,53.5263364404664,1712337
2019-01-29,52.553131103515625,53.68853325353248,51.98542384102954,53.68853325353248,989225
2019-01-30,51.90432357788086,53.364135153499774,51.90432357788086,52.63422936569032,881100
2019-02-11,52.79643249511719,53.120835783197215,52.2287313815857,52.7153332199667,1211103
2019-02-12,51.98542404174805,53.03973311366605,51.25552133088809,53.03973311366605,1100100
2019-02-13,53.1208381652832,53.28303672285762,51.57992711841291,51.82323114225287,1380111
2019-02-14,53.1208381652832,53.607440025484784,51.985429699827286,53.1208381652832,1030008
2019-02-15,52.30982971191406,53.76964138816797,52.06652570337909,53.201934097412355,955929
2019-02-18,50.68782043457031,52.715333251953126,50.44451951523218,52.715333251953126,881220
2019-02-19,52.715328216552734,52.715328216552734,50.68781559283917,50.68781559283917,1181180
2019-02-20,50.68782043457031,53.526338378906246,50.52561879043188,53.526338378906246,1289439
2019-02-21,51.66102981567383,51.66102981567383,50.444522063783886,51.09332557937735,956061
2019-02-22,49.95791244506836,51.0933208117131,49.95791244506836,51.0933208117131,815411
2019-02-25,50.1201171875,50.52561975874796,49.876816263499045,49.876816263499045,285024
2019-02-26,50.03901290893555,51.01221960139846,49.87681127790193,49.87681127790193,353322
2019-02-27,49.63351058959961,50.282314022758406,49.552408226868,50.282314022758406,360015
2019-03-04,49.228004455566406,49.87680784125782,48.90360121585142,49.63350695834086,336114
2019-03-05,50.03901290893555,50.606717070683814,49.30910711615366,49.30910711615366,591076
2019-03-06,49.71461868286133,50.20122366440617,49.55241702234638,50.039022003891226,313034
2019-03-07,48.66031265258789,49.633519524387516,48.498110991664724,49.47131786346436,441361
2019-03-08,49.30910873413086,49.63351200684272,48.33590200973416,48.660305282446025,484094
2019-03-11,49.30910873413086,49.30910873413086,48.822506918801956,49.30910873413086,220076
2019-03-12,50.03901290893555,50.28231380861658,49.47130874718728,49.47130874718728,268023
2019-03-13,49.79571533203125,50.85002136349349,49.47131204831718,50.12011552200633,393058
2019-03-14,51.01222229003906,51.01222229003906,49.6335129941955,49.79571463377809,408804
2019-03-15,50.768917083740234,51.093320355237296,50.444516905982056,50.931118719488765,327150
2019-03-18,52.22873306274414,53.931842645637026,51.823230486461156,51.9043297642221,2023385
2019-03-19,56.44594955444336,57.419159315066686,51.74212094052953,51.74212094052953,4551953
2019-03-20,58.554569244384766,60.176579541320386,57.41916698651242,58.7978732639164,4579693
2019-03-21,58.63567352294922,59.36557319182097,57.824668390888945,58.63567352294922,1509068
2019-03-22,59.6088752746582,60.01437782754703,57.58136251021404,59.20337272176937,2831799
2019-03-25,55.9593505859375,58.63566982808213,55.9593505859375,58.55456437000438,1652571
2019-03-26,57.500267028808594,57.98686888686706,56.36485856835329,56.52705712521334,1018092
2019-03-27,56.68925094604492,57.90575845052023,56.36484770735608,57.90575845052023,584142
2019-03-28,55.39164733886719,57.0947567047998,55.31054188396005,56.85145271503336,871489
2019-03-29,57.17586135864258,57.58136392146983,55.14834854450632,55.71604965747324,1165721
2019-04-01,58.79787063598633,59.44667720075392,57.17586041154533,57.25695968527178,1260110
2019-04-02,63.66389465332031,64.63709821124638,59.85217349938633,59.93327276463395,10668013
2019-04-03,63.42060089111328,64.39381079336147,62.852899755410576,63.66390491354491,2861353
2019-04-08,63.339500427246094,65.20481473103258,63.339500427246094,64.31271031127834,3028542
2019-04-09,63.501712799072266,64.47491661257234,62.93400541829809,63.258408751957774,791230
2019-04-10,62.28520202636719,63.42060435987289,61.79859395488914,63.25840579436598,979274
2019-04-11,59.12227249145508,62.77179540836616,58.87896848866988,62.20408813102663,2611925
2019-04-12,58.79787063598633,60.419880860427334,58.79787063598633,59.284472465823036,749334
2019-04-15,59.2033805847168,61.39309218614633,58.87897726182534,59.852187230499716,2631063
2019-04-16,59.527774810791016,59.52777481079102,57.6624606298247,58.878968264156356,1052707
2019-04-17,59.28446960449219,60.58207648392115,59.203370334679946,59.5277736014066,741401
2019-04-18,57.82466506958008,60.2576803260144,57.338057068311,59.933277054327604,666937
2019-04-19,57.90576171875,58.554562045269165,57.8246624513698,58.06796025351042,511200
2019-04-22,57.17586135864258,58.797871609951585,56.770358795815326,58.14906503443676,494347
2019-04-23,59.527774810791016,59.52777481079102,56.6892569973505,57.33805735650737,791957
2019-04-24,58.3112678527832,59.68997404602556,57.98686457570328,59.28447149654512,740302
2019-04-25,58.392364501953125,58.79786703321669,58.14906050820395,58.23016596443874,254160
2019-04-26,56.85145950317383,58.14906649941671,56.608161671834786,58.0679672223037,834256
2019-04-29,56.932559967041016,58.31127245661428,56.36485882793802,57.338062548536975,821246
2019-04-30,57.0136604309082,57.33805751765948,56.28375461076221,56.36485388245003,424161
2019-05-02,57.09476089477539,57.66246199592194,56.77035761377253,56.77035761377253,243013
2019-05-03,59.12227249145508,59.203371763224204,57.09475975983781,57.09475975983781,755963
2019-05-06,57.256954193115234,58.149058493490465,57.0947556612206,57.98685996159583,697161
2019-05-07,58.06796646118164,58.230171200759806,57.25696132572525,57.419166065303415,458152
2019-05-08,57.500267028808594,58.067968165297074,57.01366517075013,57.17586372761017,326115
2019-05-09,55.7160530090332,58.149068532353056,55.553854449136594,57.50026810528816,818381
2019-05-10,56.60816192626953,56.770360481224586,55.310548736716086,55.797156776537754,589166
2019-05-13,54.17514419555664,56.608159542288625,53.68853617622785,56.608159542288625,614255
2019-05-14,52.390926361083984,53.120832162646415,51.09331948468281,53.120832162646415,1273222
2019-05-15,54.661746978759766,55.31054737002678,52.79643270547613,52.79643270547613,737681
2019-05-16,54.661746978759766,55.22944809455317,54.01294040001465,54.41844296486082,427680
2019-05-17,53.1208381652832,55.71605221134387,53.1208381652832,55.06725179356788,568200
2019-05-20,51.57992172241211,53.2830311486871,51.417723181806,53.2830311486871,511132
2019-05-21,52.553131103515625,52.553131103515625,51.09331949995443,51.25552113298777,310004
2019-05-22,51.90432357788086,53.283029697927304,51.90432357788086,52.22872683773812,273101
2019-05-23,48.98471450805664,51.90433194231622,48.25480860262211,51.90433194231622,1917120
2019-05-24,48.98471450805664,49.87681897581949,48.25480860262211,49.0658137892208,618001
2019-05-27,48.25480270385742,49.47131033504711,47.768200888877104,49.22800942755695,605048
2019-05-28,46.957191467285156,48.254798249956615,46.551688960983,48.254798249956615,1277200
2019-05-29,45.8217887878418,46.227291343486414,45.01078367655256,46.146192069853086,1213001
2019-05-30,47.1193962097168,47.36270022058002,45.983990898557494,45.983990898557494,942503
2019-05-31,47.7681999206543,48.092600092819545,46.71389085333545,47.443796654750216,557004
2019-06-03,47.84930419921875,47.84930419921875,46.47059481540868,47.36270234316303,296100
2019-06-04,47.36270523071289,48.1737104360762,47.28160285393296,47.84930711643514,224330
2019-06-05,46.79499435424805,48.2548028988261,46.71389198893105,47.93039962503591,544400
2019-06-06,45.98398971557617,47.11939499752611,45.902887349461864,47.03829572515073,405480
2019-06-10,47.36270523071289,47.36270523071289,46.30839598874912,46.55170002534958,256507
2019-06-11,48.09260559082031,48.82251147567874,47.36270279970107,47.76820538156927,705250
2019-06-12,48.25480270385742,48.98470852006679,48.01150179636726,48.335901975107845,343496
2019-06-13,48.1737060546875,48.822509541221734,47.849302764550856,48.254805330352134,364274
2019-06-14,48.25480270385742,48.98470852006679,48.173703432607,48.335901975107845,202355
2019-06-17,48.25480270385742,48.41700434009716,47.84930016012753,48.335901975107845,159252
2019-06-18,47.44379806518555,48.57920643586504,47.36269879316798,48.33590243233449,282066
2019-06-19,48.66031265258789,48.66031265258789,47.849307441711424,48.254810047149654,436700
2019-06-20,50.1201171875,50.20121955799305,48.498106902508155,48.90360947375612,577028
2019-06-21,49.4713134765625,51.336624677422776,49.390214200162134,50.525619538462735,773180
2019-06-24,49.228004455566406,49.63350695834086,48.74139959599392,49.63350695834086,295116
2019-06-25,48.66031265258789,49.47131786346436,48.66031265258789,49.06581525802612,221131
2019-06-26,49.146907806396484,49.22801017261327,48.335902706662296,48.66030598405155,226153
2019-06-27,49.4713134765625,49.87681604604252,49.4713134765625,49.4713134765625,353135
2019-06-28,50.768917083740234,52.47202652475259,50.282315270233525,50.444516905982056,2109277
2019-07-01,53.850746154785156,54.58065206736462,51.255528913517324,51.66103151078607,2246266
2019-07-02,54.4184455871582,54.4184455871582,53.03973927523583,53.769645164627015,1017192
2019-07-03,52.95863342285156,54.25624029433884,52.87752796605803,54.25624029433884,557000
2019-07-04,53.28302764892578,53.76963561373791,53.12082911897327,53.44523236635559,294000
2019-07-05,52.95863342285156,53.68853303417228,52.87752796605803,53.68853303417228,213000
2019-07-08,52.22873306274414,52.95863893754917,51.823230486461156,52.95863893754917,360000
2019-07-09,52.390926361083984,52.63423035743068,52.06652309511428,52.309827091460974,207000
2019-07-10,52.63423538208008,53.12083723374854,52.47203063987176,52.87753321417519,197000
2019-07-11,53.36414337158203,54.01294380373434,52.715336751951234,53.039740061766636,442761
2019-07-12,52.877532958984375,54.418443971396485,52.63423512806344,53.931842122076404,479150
2019-07-15,52.715328216552734,53.44523399858512,52.553129681646645,52.87752675145883,197214
2019-07-16,53.039737701416016,53.120836978391196,52.4720303876333,53.120836978391196,246200
2019-07-17,52.715328216552734,53.76963725587479,52.715328216552734,53.607432533491206,506000
2019-07-18,51.90432357788086,53.12083116173744,51.6610226798573,52.63422936569032,490300
2019-07-19,52.22873306274414,52.472030896026965,51.823230486461156,51.98542904198304,290047
2019-07-22,53.1208381652832,53.607440025484784,52.309833002454454,52.309833002454454,486101
2019-07-23,53.52633285522461,54.337337898485586,53.36413432156339,53.36413432156339,826000
2019-07-24,55.634952545166016,55.634952545166016,53.9318429525802,53.9318429525802,2106930
2019-07-25,55.47275161743164,56.85145785071368,54.82394504442947,56.20265746518956,1135103
2019-07-26,54.580650329589844,55.47275477768195,54.499544862735505,55.47275477768195,328000
2019-07-29,55.067237854003906,55.067237854003906,54.17513363821267,54.580636116979306,381005
2019-07-30,53.68853759765625,55.47275261165107,53.60743832144698,55.47275261165107,642100
2019-07-31,54.09403991699219,54.25624465614168,53.44523952282859,53.52633879866427,241200
2019-08-01,53.68853759765625,54.17514562986821,53.5263390452377,53.60743832144698,272281
2019-08-02,50.606719970703125,53.120834567709835,50.606719970703125,52.71533201375785,1364200
2019-08-05,49.71461868286133,50.60672626882387,49.633519399473535,50.363422231181765,394423
2019-08-06,49.71461868286133,49.71461868286133,47.606006377385064,47.606006377385064,538102
2019-08-07,49.146907806396484,50.120114544825306,49.146907806396484,49.63351272248036,376802
2019-08-08,50.20121765136719,50.282316925041016,48.98470998382587,49.63351345443345,395257
2019-08-12,50.768917083740234,51.093320355237296,49.795713456726816,49.95791199873647,467135
2019-08-13,49.63351058959961,51.09331908764161,49.39020968888241,51.09331908764161,646010
2019-08-14,49.30910873413086,50.444517094883494,49.30910873413086,50.28231545852756,335019
2019-08-15,48.822505950927734,49.065806853768905,48.01150087896461,48.66030431778734,378003
2019-08-16,49.63351058959961,49.63351058959961,49.14690569442641,49.30910732615081,179065
2019-08-19,49.79571533203125,50.52561807977942,49.71461296423323,49.87681460609027,271160
2019-08-20,49.95791244506836,50.52561662839073,49.633512264411934,50.44451735666135,419000
2019-08-21,52.30982971191406,52.390928985599736,49.95791365016187,49.95791365016187,1098296
2019-08-22,53.44524002075195,56.28375801379288,53.12083672690878,53.93184186777762,4341287
2019-08-23,53.44524002075195,54.661747732055204,52.877532709656855,53.607438573934445,1439506
2019-08-26,51.49882888793945,52.472032628153215,51.01222701783257,52.472032628153215,1013127
2019-08-27,54.09403991699219,54.49954248364873,51.98542780787376,52.066527083709445,1892662
2019-08-28,52.877532958984375,54.418443971396485,52.63423512806344,53.85074284510276,1304118
2019-08-29,52.715328216552734,53.364134731132076,52.14762715690394,53.12083074129545,533697
2019-08-30,52.63423538208008,53.607439085417,52.30983208514169,53.607439085417,721792
2019-09-02,52.47203063964844,53.201936510887144,52.228732807554366,53.201936510887144,617302
2019-09-03,53.7696418762207,54.256243710229434,52.715332746303424,52.958636757046804,1989268
2019-09-04,53.60209655761719,54.103830986787976,53.26760800148656,54.103830986787976,1493700
2019-09-05,55.77628707885742,57.86685265722389,54.60557545889207,54.77281815320145,7513199
2019-09-06,56.02715301513672,56.02715301513672,54.772813768529176,55.6090399329342,2423791
2019-09-10,55.60904312133789,55.60904312133789,54.18746111230116,55.52542177608274,724300
2019-09-11,54.6891975402832,56.36165002543009,54.52194846382856,56.278028677152726,1097200
2019-09-12,54.521949768066406,55.2745546803658,54.521949768066406,55.19093333008811,516208
2019-09-16,54.438323974609375,55.60904192264497,53.685719123736526,54.6055730414142,791064
2019-09-17,54.438323974609375,55.190928825482224,54.438323974609375,54.689194384866845,319000
2019-09-18,54.438323974609375,55.10730748202959,54.438323974609375,54.77281572831948,323054
2019-09-19,55.35817337036133,56.69614043010763,54.68919622038794,54.68919622038794,2507260
2019-09-20,54.94005584716797,55.85990972184903,54.94005584716797,55.692660662861904,847842
2019-09-23,54.6891975402832,56.44527137370745,54.60557619200584,55.27455335812464,1567145
2019-09-24,54.35470199584961,55.2745495228764,54.35470199584961,55.19092818040114,875300
2019-09-25,53.769344329833984,54.354700086498106,53.68571661039689,54.354700086498106,527108
2019-09-26,54.10383605957031,55.525424518725174,53.85297201141358,54.10383605957031,1214271
2019-09-27,52.4313850402832,54.35470472327049,52.18051781031963,54.27108337659926,1161269
2019-10-01,52.598628997802734,52.933117562191036,52.43138312063369,52.43138312063369,362090
2019-10-02,52.598628997802734,52.933117562191036,52.18051589985502,52.347758587074274,293302
2019-10-03,53.26761245727539,53.51847969284561,52.18051897650446,52.43138621207468,374020
2019-10-04,52.93312072753906,53.769350163389966,52.76587484036888,53.43485838904961,322104
2019-10-07,52.4313850402832,53.183986730173935,52.4313850402832,53.100365383502705,257021
2019-10-08,51.84602355957031,52.598628403350425,51.427910466347974,52.598628403350425,480030
2019-10-09,51.76240539550781,52.18051851440545,51.59515950995877,51.67878085775832,223262
2019-10-14,51.34429168701172,51.929647494786686,51.1770458033832,51.929647494786686,570000
2019-10-15,52.682247161865234,52.682247161865234,51.427907943725586,51.427907943725586,464136
2019-10-16,51.92964553833008,53.016742145984,51.5115324399862,52.76587173501784,590001
2019-10-17,51.92964553833008,52.180515949296236,51.595156973624846,51.92964553833008,236003
2019-10-18,51.84602355957031,52.431382528071545,51.84602355957031,52.0132694348492,287003
2019-10-21,50.92617416381836,51.846021659211615,50.842549634269204,51.67877579006294,1122293
2019-10-22,51.177040100097656,51.59515316759854,51.09341557262775,51.427907302608276,341002
2019-10-23,52.682247161865234,52.84949302894044,51.17704073808757,51.17704073808757,636059
2019-10-24,53.100364685058594,53.685720483957624,52.43138435063838,52.933118803966074,1016300
2019-10-25,52.598628997802734,53.10036343936008,52.51500446424332,53.10036343936008,330002
2019-10-28,52.682247161865234,53.18398157314125,52.34775542771482,53.18398157314125,293102
2019-10-29,52.347755432128906,53.10036023905599,52.26413409355904,53.10036023905599,380000
2019-10-30,52.4313850402832,53.01674403683148,52.26413915699085,52.515006386954425,323001
2019-10-31,51.76240539550781,52.5150070955536,51.67878085775832,52.5150070955536,399003
2019-11-01,51.92964553833008,51.92964553833008,51.009797997953456,51.84602419464122,352100
2019-11-04,52.096893310546875,52.43138507736816,51.92964742713623,52.180517847227144,287000
2019-11-05,52.93312072753906,52.93312072753906,52.09689448163813,52.26414036880831,468000
2019-11-06,52.347755432128906,53.93658638455294,52.26413409355904,53.51847331180446,937000
2019-11-07,51.67877960205078,52.43138447375947,51.427912374797835,52.34775993804192,415000
2019-11-08,51.76240539550781,52.18051851440545,51.511534972209276,51.67878085775832,168001
2019-11-11,51.59515380859375,52.93311436523897,51.26066207445765,51.678775147152976,389000
2019-11-12,51.59515380859375,52.18051274835713,51.34428660296647,51.929642352780256,420000
2019-11-13,52.4313850402832,53.85297026334333,52.34776050366208,53.51847849675863,1300000
2019-11-14,52.26414108276367,52.933121450633045,51.84602795410156,52.68225421142578,359000
2019-11-15,53.43486022949219,53.68572428396294,52.09689627599757,52.598633954789335,1088222
2019-11-18,55.19092559814453,56.44526481628418,54.18745677559248,54.18745677559248,4660000
2019-11-19,55.10730743408203,56.36164672447889,54.85643702404284,55.60904187426086,1721000
2019-11-20,54.10383605957031,55.27455409066843,54.10383605957031,55.27455409066843,916000
2019-11-21,53.68571853637695,53.936588943889724,52.93311688368787,53.68571853637695,731000
2019-11-22,53.936588287353516,54.187458691812594,53.434853858334755,53.936588287353516,333060
2019-11-25,56.52888870239258,56.863380451617275,54.10383149538783,54.43832324461253,4700000
2019-11-26,56.61250686645508,56.69613458399093,55.60903805501594,56.528885528818336,2262000
2019-11-27,56.52888870239258,58.201341068616614,56.11077561083657,56.863380451617275,3657000
2019-11-28,56.11077880859375,57.030626386459254,55.94353611439996,56.52889192397806,1009000
2019-11-29,56.863380432128906,57.61598527265168,55.692662500193414,56.52888868301884,2422748
2019-12-02,56.11077880859375,57.44873950184356,55.85991476730307,56.94700503936236,1335000
2019-12-03,57.281494140625,57.281494140625,55.69266310016061,55.9435335096706,1499000
2019-12-04,57.4487419128418,58.03410412688609,56.61251564697859,56.947007429303895,1822000
2019-12-05,60.208282470703125,61.54624302740558,57.783225372986635,58.11771710713704,11075000
2019-12-06,61.964351654052734,63.21869078219105,59.62292244280046,60.626391193351616,9340480
2019-12-09,65.39289093017578,65.6437613599445,62.04798589272638,63.4695743615824,9730000
2019-12-10,63.8040657043457,65.56013956100017,63.30232484824442,64.55666422869761,5843000
2019-12-11,65.05840301513672,65.56013747537664,63.38595056107047,63.804063674587034,6116000
2019-12-12,68.1524429321289,70.3266300196278,65.22565090436876,65.64376405119164,16574000
2019-12-13,66.89808654785156,69.406764793396,65.97823913379834,69.15589441688208,6535915
2019-12-16,66.89808654785156,68.15242567062377,65.97823913379834,66.56359483913256,3638000
2019-12-17,67.31620788574219,69.40677334803232,67.31620788574219,68.15243407065824,5744000
2019-12-18,65.64374542236328,67.48344019434273,65.47650276305552,67.1489548757272,2905000
2019-12-19,65.64374542236328,67.56706790389511,65.30925372384925,66.39635014904523,2849000
2019-12-20,65.56013488769531,66.31273973829951,64.5566596269232,66.31273973829951,2114154
2019-12-23,63.469566345214844,66.22910882463334,63.38594500582021,66.1454874852387,2843000
2019-12-24,64.054931640625,64.72391521521281,63.385954445937394,63.88768893692815,1471000
2019-12-25,65.64374542236328,66.56359280835301,64.5566489971673,64.64027670671967,2496000
2019-12-26,64.80754089355469,65.89463767985843,64.4730490839304,65.72738858509598,1399000
2019-12-27,65.81099700927734,66.2291100941645,64.38941507262079,65.14201990139753,1599259
2019-12-30,67.14897155761719,67.31621425847324,65.81100443116846,66.73085842557698,3082000
2019-12-31,66.06187438964844,66.89810064774525,65.97825303981875,66.89810064774525,1457501
2020-01-02,65.72737121582031,66.73084637951234,65.56012854515444,66.73084637951234,1173000
2020-01-03,62.96783447265625,66.31273922275965,62.88420674998406,66.31273922275965,3127898
2020-01-06,61.12813186645508,62.71696286843532,60.87726784292097,62.71696286843532,1932000
2020-01-07,59.79017639160156,61.880741999699524,58.61945837508672,61.37900752973599,2273000
2020-01-08,61.964351654052734,63.13506944962823,58.95393902250054,59.20480940008769,5642000
2020-01-09,63.636810302734375,63.63681030273437,61.54624487636399,61.79711527948819,2327000
2020-01-10,62.80059051513672,64.55666437579247,62.71696916556264,63.38595272195531,1814000
2020-01-13,65.72737121582031,66.4799759936146,63.05145020577276,63.46956326233637,2793000
2020-01-14,66.89808654785156,67.81793396190479,66.06186046600341,66.06186046600341,3946000
2020-01-15,67.65071105957031,68.82142919212677,66.31275021374888,66.73086337681187,3113000
2020-01-16,67.23257446289062,68.57053484237187,67.06532542801901,67.56706615273552,2008000
2020-01-17,67.39983367919922,68.4033089953056,66.89809921109598,67.14896963509754,1694235
2020-01-20,66.98172760009766,69.57402794104439,66.98172760009766,67.90157528496256,3964279
2020-01-30,61.46262741088867,62.5497240531092,60.37553076866815,60.62640118761128,3875000
2020-01-31,61.713497161865234,62.884208757862375,60.20828742429791,62.466095650749196,1834003
2020-02-03,60.710018157958984,61.211752579780274,58.117718328632925,59.204814892495136,1839000
2020-02-04,62.298851013183594,63.21869854410976,60.45915595133127,60.71001997982049,1361000
2020-02-05,61.12813186645508,62.54972018607924,61.128131866455085,62.54972018607924,1401000
2020-02-06,64.1385498046875,64.305798879972,61.62987109451876,61.62987109451876,3011000
2020-02-07,61.12813186645508,63.38594635765838,61.04451052527705,63.38594635765838,1447600
2020-02-10,60.375526428222656,61.54624433262711,59.53930026506224,60.208283747550304,659205
2020-02-11,61.54624557495117,61.54624557495117,60.79364073693544,61.04451114290717,579000
2020-02-12,62.0479850769043,62.80058997641499,61.8807423791908,61.8807423791908,791000
2020-02-13,61.6298713684082,62.63334668487517,61.54625002034427,62.382476260783456,1097000
2020-02-14,65.56013488769531,66.14549067155438,61.629867947828764,61.79711701457389,4175259
2020-02-17,66.39636993408203,66.64723399779709,64.97478138676178,65.72738633770776,3050000
2020-02-18,63.55318832397461,66.64722257199786,63.218696583131724,65.7273750696044,2641000
2020-02-19,64.30579376220703,64.72390684729304,63.3859462509977,63.46956759203503,1383000
2020-02-20,65.22563934326172,66.06186548868814,64.5566558749609,64.64028359342288,2980000
2020-02-21,64.38941955566406,65.56013755083792,64.38941955566406,65.05840309002049,1136001
2020-02-24,62.96783447265625,63.88768200295478,62.71696406443869,63.72043293750991,1501000
2020-02-25,62.131614685058594,62.54972782188967,61.880744250999875,61.96436560238606,1373000
2020-02-26,61.79711151123047,63.13507202654162,61.713490175254584,61.79711151123047,796000
2020-02-27,59.12118911743164,62.466093879490565,59.12118911743164,62.0479807842332,2391000
2020-03-02,59.12118911743164,59.45568086961744,57.19787270718748,58.368590649888006,969000
2020-03-03,59.95741653442383,61.12813450107234,59.79017384485961,60.62640005248002,1025000
2020-03-04,59.455684661865234,59.95741913219618,58.53583706960851,59.873797783791005,871000
2020-03-05,59.2884407043457,60.45915869682372,58.870327591310684,60.12466693041574,991000
2020-03-06,59.12118911743164,59.79017262180324,58.70307602217428,59.288438183474305,805000
2020-03-09,59.12118911743164,59.12118911743164,59.12118911743164,59.12118911743164,0
2020-03-10,56.863380432128906,57.28149352354161,55.02368538187275,55.441798473285466,1597000
2020-03-11,55.19092559814453,57.783225372986635,55.19092559814453,57.69960403442383,1410000
2020-03-12,50.6753044128418,54.35470082134337,50.17356998893234,54.35470082134337,2555000
2020-03-13,50.6753044128418,50.6753044128418,50.6753044128418,50.6753044128418,0
2020-03-16,45.156219482421875,48.33387873393561,45.156219482421875,48.08301148591218,1611000
2020-03-17,42.64753723144531,44.988970010083705,42.39667000336796,43.90187656178194,1918000
2020-03-18,40.97507858276367,43.316511006646,40.97507858276367,43.14926514995097,1513000
2020-03-19,36.87757110595703,39.80436256484091,36.87757110595703,39.386249499286066,2158000
2020-03-20,39.72074508666992,40.1388581928454,38.13191400722319,39.21901063523929,1823000
2020-03-23,36.96120071411133,37.462935185770995,35.95772858084202,37.421124511457684,896000
2020-03-24,38.884521484375,39.720747752856184,38.173730432146016,38.46640835013441,1654000
2020-03-25,42.73115539550781,42.73115539550781,41.05870307959832,41.05870307959832,1400000
2020-03-26,43.90187454223633,44.48723350745609,41.644063213502804,43.31651557701657,2692000
2020-03-27,43.81825256347656,45.90881798749835,43.81825256347656,44.98896728695895,2260000
2020-03-30,42.814788818359375,43.065656079863665,41.81131658239191,42.0621838438962,1558000
2020-03-31,42.98202896118164,44.15274375459075,42.73115854335481,43.400142070959866,1094000
2020-04-01,43.14927291870117,43.483764692314345,42.31304667461821,42.81478433503796,495000
2020-04-06,44.90534591674805,44.98896725767462,43.232893578619255,43.567382132275206,1155000
2020-04-07,47.414024353027344,47.414024353027344,45.32345893349307,45.741572017399925,2721000
2020-04-08,49.922706604003906,50.17357383518988,46.912290259922564,47.414027912244414,3208000
2020-04-09,49.170101165771484,50.842553608076294,48.16662906239862,50.17357326914434,2117000
2020-04-10,48.75198745727539,49.58821366817188,48.08300712654817,49.58821366817188,788000
2020-04-13,47.414024353027344,49.00285215790359,46.91228673836932,48.50111773319524,1105000
2020-04-14,49.420963287353516,49.75545501723068,47.99938141024942,47.99938141024942,1554000
2020-04-15,49.25372314453125,50.17357066405912,48.83561005566409,49.588211701655155,1218000
2020-04-16,51.511531829833984,52.01326945587345,48.584740176094556,49.25372367748051,2332000
2020-04-17,52.347755432128906,54.68919119148002,51.344286609492244,54.35469945730141,3754000
2020-04-20,52.93312072753906,53.852971512000074,52.01327313302802,53.01674526609914,1756000
2020-04-21,51.59515380859375,54.354699450393014,51.427907941525696,52.68224715961169,2248000
2020-04-22,52.4313850402832,52.4313850402832,50.59168670396714,50.758932587259494,1000000
2020-04-23,52.682247161865234,53.267606101653655,52.34775542771482,53.01673889601564,166000
2020-04-24,52.765869140625,53.434852617042445,52.264134723261535,52.84949367015199,503000
2020-04-27,53.852970123291016,53.852970123291016,52.93311936255024,53.351232474718806,976000
2020-04-28,53.60209655761719,54.35470139132308,53.01674078690116,54.27108004977785,653000
2020-04-29,53.26761245727539,54.18746324096615,52.84949933467503,53.93659281544596,1051000
2020-04-30,55.52542495727539,56.27802986748983,53.35123476662814,53.93659378680048,2077000
2020-05-04,54.18745803833008,54.856435142320976,53.35122868346729,54.020208977407854,1202000
2020-05-05,58.870323181152344,59.539300283953345,54.6055710236609,54.77281370438632,5512000
2020-05-06,60.208282470703125,61.21175129325517,58.95394325256348,59.37205632527669,3831000
2020-05-07,60.291908264160156,61.46262623023989,59.87379516055308,60.291908264160156,1695000
2020-05-08,60.54277801513672,61.62986824466802,59.62293047325652,60.96089111416404,1478000
2020-05-11,63.13507843017578,63.97130463454897,60.793642505971,61.46262602142941,4846000
2020-05-12,62.80059051513672,63.80406584972573,61.21175935362913,63.135082293333056,2570000
2020-05-13,65.47651672363281,68.31968081746118,63.72043652698607,63.97130694933556,10875000
2020-05-14,66.2291030883789,68.15242562736842,64.3894082614401,65.6437473834162,7254000
2020-05-15,67.31620788574219,70.07575684792495,66.73085210826075,68.90503891306258,9454000
2020-05-18,65.9782485961914,67.81794368814114,65.72737818369843,66.7308534537707,2927000
2020-05-19,66.81446838378906,67.06533239229951,65.56012920153982,66.89808971995922,2307000
2020-05-20,68.82142639160156,69.23953953765042,65.89463436925958,66.7308606613573,5002000
2020-05-21,67.65071105957031,69.57402778171969,67.48346196640479,68.57055874232876,3913000
2020-05-22,65.9782485961914,68.8214189582134,65.72737818369843,67.48345193145039,2821000
2020-05-25,68.1524429321289,68.57055607895178,64.80753775754589,66.73086078489125,2932000
2020-05-26,67.98519134521484,68.57054712234827,67.31620784571994,68.15243403013882,1737000
2020-05-27,66.73085021972656,68.73778790280763,66.56360115953694,68.06881080174705,2112000
2020-05-28,65.9782485961914,67.98519275643632,65.56013549530287,67.14896655465924,1858000
2020-05-29,66.81446838378906,67.5670731691184,65.72737187388013,66.31273398686916,1517000
2020-06-01,73.42066192626953,73.42066192626953,67.39982953916092,67.7343212906502,12141000
2020-06-02,69.90851593017578,73.42067014407111,68.57055515436336,73.42067014407111,9367000
2020-06-03,70.6611099243164,71.5809574165821,70.32661818715636,70.82835260294681,4084000
2020-06-04,71.16284942626953,73.83877713490497,70.82835766520263,71.16284942626953,4871000
2020-06-05,71.0792236328125,71.49733671300551,70.493867872502,71.0792236328125,1631000
2020-06-08,70.4938735961914,72.50081144015003,70.24300317574667,71.83183428546376,2076000
2020-06-09,69.74126434326172,72.24994287086179,69.23952991372158,70.82835454394876,2575000
2020-06-10,68.1524429321289,70.66112181306616,67.48345934525217,70.07576595947425,3472000
2020-06-11,65.30927276611328,68.82142705470385,64.72391690796503,67.81795166657781,3688000
2020-06-12,64.38941955566406,64.80753266966188,63.135080213670605,63.553193327668424,2656000
2020-06-15,65.9782485961914,67.23258789885702,63.9713044359465,64.640287949328,3040000
2020-06-16,68.3196792602539,68.9886627846712,66.31274144680143,66.73085455458731,3271000
2020-06-17,67.56708526611328,68.4869328884695,67.4834575350717,68.23606245514502,1079000
2020-06-18,67.14897155761719,68.06881917212563,66.64723069524888,67.48345695932929,1303000
2020-06-19,68.1524429321289,69.82489551942041,68.06882157874439,68.57055607895178,2844000
2020-06-22,68.73780059814453,69.82489736050783,67.81795292686044,68.15244472911843,1709000
2020-06-23,70.32662200927734,70.49387107689665,68.73779095634156,69.23953177929991,3193000
2020-06-24,72.41718292236328,73.33703040640859,70.91197968844347,71.91544851105667,7599000
2020-06-29,72.08270263671875,72.58444350761347,70.24300737643877,71.41372544202612,2794000
2020-06-30,76.93280792236328,79.27424375891671,73.16979014355204,73.25341148487908,12298000
2020-07-01,84.45884704589844,84.45884704589844,77.26730292985138,77.26730292985138,19844000
2020-07-02,92.82110595703125,92.82110595703125,86.54940960858319,86.96752269847973,16835000
2020-07-03,94.91168212890625,100.34715291161893,91.98489016898402,97.00224781456498,21179000
2020-07-06,98.25657653808594,98.67468962973737,94.49355871322307,97.42035035478308,9710000
2020-07-07,98.25657653808594,100.34714199634308,95.32978489652592,100.34714199634308,4060000
2020-07-08,107.87317657470703,107.87317657470703,107.87317657470703,107.87317657470703,1812000
2020-07-09,118.32600402832031,118.32600402832031,114.56298623236667,118.32600402832031,9476000
2020-07-10,113.72676086425781,116.23543941273408,108.70940376730526,116.23543941273408,3358000
2020-07-13,117.07167053222656,119.58034918648856,114.56299187796456,119.58034918648856,1614000
2020-07-14,110.38185119628906,115.39920806884766,110.38185119628906,115.39920806884766,1727000
2020-07-15,107.87317657470703,115.39921214968659,107.87317657470703,111.6361943621968,1368000
2020-07-16,102.85581970214844,108.70940293723007,101.60148043748809,108.70940293723007,2430000
2020-07-17,102.01959991455078,105.36450482978195,100.34714745693519,105.36450482978195,1607000
2020-07-20,106.70574188232422,108.41303375244141,102.43751220703125,103.29115814208984,1993000
2020-07-21,115.2421875,115.2421875,110.1203125,110.1203125,2395000
2020-07-22,116.52266693115234,117.80313579852765,113.53490624060997,117.80313579852765,2287000
2020-07-23,123.7786636352539,123.7786636352539,116.5226730083597,116.5226730083597,3103000
2020-07-24,136.15652465820312,136.15652465820312,127.19324247067252,128.04688839329447,28386000
2020-07-27,131.88827514648438,142.5588475693391,129.75416066191343,140.85155598168234,26839000
2020-07-28,119.08361053466797,136.5833525845654,119.08361053466797,131.88829983947096,17803000
2020-07-29,130.60781860351562,130.60781860351562,120.7908910614213,122.92500574448529,24890000
2020-07-30,128.04690551757812,131.46148966471355,123.77867533365885,129.75419759114584,13843000
2020-07-31,128.4737091064453,130.18100092181336,124.20547956802521,126.33959433723527,8046000
2020-08-03,127.19324493408203,133.59558947774389,127.19324493408203,128.90053681239186,9431000
2020-08-04,123.7786636352539,129.3273623499377,122.0713717230435,128.0468934157799,7886000
2020-08-05,127.19324493408203,128.90053681239186,125.05913008619474,125.05913008619474,6545000
2020-08-06,124.63230895996094,128.04689276708316,121.21772515283872,127.1932468153026,6135000
2020-08-07,112.25443267822266,123.77865200260293,112.25443267822266,123.77865200260293,13348000
2020-08-10,110.97396087646484,114.38854428804838,108.4130233177772,110.97396087646484,9799000
2020-08-11,108.41303253173828,114.38855400986559,106.70574068084477,110.97397030807855,6895000
2020-08-12,111.8276138305664,112.25443678411818,103.2911547595308,108.41303020215217,9644000
2020-08-13,110.97396087646484,114.38854428804838,108.83984624422514,112.68125258225662,5289000
2020-08-14,113.53490447998047,113.96172742915333,109.69349793742474,110.54714383577046,4217000
2020-08-17,108.41303253173828,113.10808512169545,107.55938660629153,113.10808512169545,5141000
2020-08-18,104.14480590820312,105.8520978083376,97.74246128269884,105.8520978083376,17791000
2020-08-19,99.02293395996094,105.42527882806186,98.5961109687542,104.14480985444168,8062000
2020-08-20,90.05964660644531,100.73022084891514,89.20600066704773,97.3156370913248,10699000
2020-08-21,99.02293395996094,99.02293395996094,92.19376610065329,93.47423507427347,8869000
2020-08-24,98.59610748291016,100.73022236349263,96.03516962621119,99.44975343514314,7133000
2020-08-25,100.30339813232422,102.01069001542761,97.31563733689329,97.74246030766913,5299000
2020-08-26,100.73021697998047,103.71797765311548,99.02292516676046,99.44974812006546,4837000
2020-08-27,96.8888168334961,102.8643385765311,96.46199385185074,101.15704664994966,5799000
2020-08-28,99.02293395996094,99.44975695116767,93.9010580654802,94.75470404789365,4387000
2020-08-31,96.46198272705078,99.02292032157425,96.46198272705078,98.16927445673309,2646000
2020-09-01,99.02293395996094,99.87657994237439,96.03517302151384,96.8888190039273,3292000
2020-09-02,98.59610748291016,102.01069129184211,98.59610748291016,99.87657641125963,3790000
2020-09-03,97.7424545288086,100.73021514759313,97.31563158326794,99.87656925651183,3048000
2020-09-04,92.6205825805664,96.03516627017254,91.34011369696411,94.75469738657024,7442000
2020-09-07,87.92552947998047,93.47422794230933,87.92552947998047,92.19375906638729,4858000
2020-09-08,90.48646545410156,95.18151790690872,88.77917365308078,90.05964250384638,7805000
2020-09-09,92.6205825805664,93.04740554176718,85.79141520135414,86.64506112375567,4887000
2020-09-10,89.20600128173828,93.90105398077715,89.20600128173828,93.47423100813725,3113000
2020-09-11,90.48646545410156,92.62058020537755,88.35235070282559,88.77917365308078,3056000
2020-09-14,93.90105438232422,94.75470033125444,90.05964761213822,90.91329356106844,4276000
2020-09-15,92.19376373291016,94.75470161437988,91.76694075266519,94.32787863413492,3493000
2020-09-16,96.03517150878906,98.16928643120659,92.620587632921,93.04741061740451,7929000
2020-09-17,94.32787322998047,97.7424568763146,94.32787322998047,95.60834209735577,4650000
2020-09-18,95.18152618408203,96.03517215882717,93.90105722196434,95.18152618408203,2918000
2020-09-21,89.63282012939453,95.18151851835705,89.63282012939453,94.75469556535994,3334000
2020-09-22,89.63282012939453,91.76693489438011,87.49870536440895,89.20599717639742,2682000
2020-09-23,88.7791748046875,91.3401125394381,87.92552889310396,90.48646662785457,1747000
2020-09-24,86.2182388305664,89.63282254662845,85.36459290155089,87.07188475958192,2764000
2020-09-25,81.95000457763672,88.35234868526459,79.64516330401118,87.49870280424754,5824000
2020-09-28,85.02312469482422,85.19385777117422,83.23046972635521,83.74265592980336,2431000
2020-09-29,86.64505767822266,87.92552651090574,85.36458884553956,86.21823473399495,1877000
2020-09-30,87.92552947998047,88.35235243862115,85.27922843896853,85.36459172813638,1607000
2020-10-05,86.2182388305664,88.77917661761293,85.79141586605866,87.49870772408967,1496000
2020-10-06,87.92552947998047,90.48646723182456,87.0718835626991,87.49870652133978,3070000
2020-10-07,86.64505767822266,87.07188062245035,85.79141178976725,86.21823473399495,1581000
2020-10-08,86.64505767822266,88.35234945513344,85.36458884553956,87.92552651090574,1560000
2020-10-12,83.48657989501953,87.92553640960705,83.401210086322,87.49871341732741,2684000
2020-10-13,84.25484466552734,84.42557774700873,82.88901257768194,84.25484466552734,1723000
2020-10-14,85.79141235351562,86.64505824758045,83.91339399169351,84.42558022557215,2031000
2020-10-15,84.93775939941406,86.2182281340786,83.91338701680274,86.2182281340786,1252000
2020-10-16,81.09635925292969,85.02312902998497,81.09635925292969,84.59630608654851,1987000
2020-10-19,82.46219635009766,82.46219635009766,80.41344479529738,81.09636415116469,1848000
2020-10-20,80.9256362915039,83.31584097371615,80.84026648876647,81.9500087963375,1134000
2020-10-21,81.52317810058594,83.23046978855632,81.35245153690927,81.35245153690927,1760000
2020-10-22,82.63292694091797,82.63292694091797,79.64516624695835,81.43782136077382,2314000
2020-10-23,82.97438049316406,85.19386508669271,82.80365391495485,83.48657325339467,5024000
2020-10-26,80.07199096679688,83.57193798281729,80.07199096679688,83.0597517265609,3025000
2020-10-27,79.04761505126953,79.7305344283456,78.36470218699532,79.38907473980757,2127000
2020-10-28,76.82813262939453,80.41344288031235,76.82813262939453,78.9622474246555,3619000
2020-10-29,77.25495147705078,77.25495147705078,74.60865057431977,74.77937714373422,3867000
2020-10-30,75.20620727539062,77.85250843130527,75.1208439825163,77.51105525980799,2862000
2020-11-02,76.05985260009766,76.8281352552101,74.4379239977051,75.12084336064987,1688000
2020-11-03,78.79151916503906,78.79151916503906,76.57203461508196,76.65740441531213,1966000
2020-11-04,78.70614624023438,79.4744288221961,77.76713709019275,79.38906553815616,1652000
2020-11-05,86.2182388305664,86.2182388305664,78.7061520501093,79.21834481775987,10962000
2020-11-06,91.34011840820312,93.90105630749854,85.19387005501487,85.36459664318049,22527000
2020-11-09,96.46198272705078,99.02292032157425,94.32786806494789,95.60833686220963,14029000
2020-11-10,91.34011840820312,95.18152525714625,90.05964945855541,94.75470227393035,8013000
2020-11-11,96.46198272705078,97.31562859189194,91.76693047042441,92.19375340284499,9400000
2020-11-12,94.75469207763672,99.44974438778989,92.62057739120345,97.31562970135663,9468000
2020-11-13,98.59610748291016,98.59610748291016,92.19376284116274,93.90105474562871,7685000
2020-11-16,106.27891540527344,106.27891540527344,99.02292519688127,101.58386291749026,21301000
2020-11-17,103.71797943115234,110.12032384048274,102.01068758866424,106.70574015550653,19583000
2020-11-18,103.71797943115234,105.85209423426248,102.01068758866424,104.99844831301843,6424000
2020-11-19,100.73021697998047,104.99844651303049,100.73021697998047,102.86433174650547,5297000
2020-11-20,105.4252700805664,107.13256190373347,100.73021756685696,101.5838634784405,11281000
2020-11-23,102.86433410644531,107.13256373741815,100.7302192909589,106.27891781122358,8092000
2020-11-24,101.58385467529297,103.29114635050797,99.02291716247045,103.29114635050797,7402000
2020-11-25,99.87657165527344,104.57162416898286,99.44974869948167,103.29115530160757,5721000
2020-11-26,99.87657165527344,102.01068643423227,99.44974869948167,100.3033946110652,3521000
2020-11-27,101.58385467529297,102.43750051290047,99.87656300007795,100.3033859188817,3069000
2020-11-30,98.59610748291016,102.86433724407509,98.16928450679366,102.01069129184211,4315000
2020-12-01,100.30339813232422,100.73022110310006,96.03516842456574,99.02292921999668,4408000
2020-12-02,102.43751525878906,102.43751525878906,99.02293141682942,101.1570463180542,3954000
2020-12-03,100.73021697998047,103.29115469981048,100.73021697998047,102.43750879320048,4005000
2020-12-04,97.7424545288086,101.15703809313378,97.7424545288086,100.73021514759313,3365000
2020-12-07,93.90105438232422,98.59610710144042,93.90105438232422,97.7424611525102,4583000
2020-12-08,100.30339813232422,101.58386704465177,94.7546995122382,95.6083454537899,6253000
2020-12-09,100.30339813232422,102.01069001542761,98.59610624922082,100.30339813232422,3421000
2020-12-10,95.60834503173828,98.16928284508842,94.7546990939549,98.16928284508842,3893000
2020-12-11,94.32787322998047,96.4619880089393,90.91328958364633,95.60834209735577,3242000
2020-12-14,93.47422790527344,95.60834269763127,92.6205819883303,95.18151973915971,1126000
2020-12-15,90.48646545410156,94.75469495665352,90.05964250384638,93.47422610588794,1784000
2020-12-16,93.90105438232422,95.18152330571955,91.34011653553355,92.19376248446378,1802000
2020-12-17,92.6205825805664,93.9010514641687,91.76693665816487,93.04740554176718,962000
2020-12-18,90.91329193115234,93.04740676521695,90.91329193115234,92.62058379840403,865000
2020-12-21,90.05964660644531,91.76693848524049,88.35235472765014,90.9132925458429,1059000
2020-12-22,90.48646545410156,94.75469495665352,89.20599660333598,89.63281955359118,2009000
2020-12-23,92.19376373291016,93.90105565388997,90.48647181193033,91.76694075266519,1162000
2020-12-24,92.6205825805664,94.75469738657024,92.19375961936564,93.04740554176718,1300000
2020-12-25,92.19376373291016,94.75470161437988,91.76694075266519,94.32787863413492,1136000
2020-12-28,93.47422790527344,94.32787382221657,90.48646719597247,92.19375902985873,1540000
2020-12-29,92.19376373291016,94.32787863413492,91.34011777242024,94.32787863413492,1271000
2020-12-30,93.47422790527344,93.47422790527344,91.76693607138716,93.04740494680186,983000
2020-12-31,96.03517150878906,99.0229324001736,93.90105658637152,93.90105658637152,5435000
2021-01-04,95.18152618408203,97.31564112094486,93.90105722196434,96.8888181335723,2263000
2021-01-05,92.6205825805664,95.18152034777101,92.19375961936564,95.18152034777101,1970000
2021-01-06,90.48646545410156,96.03516380741911,90.05964250384638,93.90104905614314,3768000
2021-01-07,90.91329193115234,92.1937608315911,89.63282303071358,91.34011489796526,1453000
2021-01-08,95.60834503173828,97.31563690730503,92.19376128060478,93.04740721838814,5063000
2021-01-11,104.99844360351562,104.99844360351562,98.16927653987233,98.59609948135004,16983000
2021-01-12,99.87657165527344,106.70573894794171,99.44974869948167,104.99844712477464,15537000
2021-01-13,103.71797943115234,104.99844831301843,100.73021870679817,102.01068758866424,8007000
2021-01-14,102.86433410644531,106.70574077432086,101.15704225405618,102.86433410644531,7501000
2021-01-15,97.31563568115234,104.5716260608874,96.4619897541247,104.14480309737357,7397000
2021-01-18,101.15702819824219,101.58385110203224,94.32786173760137,97.31562206413173,5192000
2021-01-19,109.26667022705078,110.97396194934845,100.73021161556244,100.73021161556244,24290000
2021-01-20,105.85209655761719,112.68126407746345,103.71798170766523,110.9739721975019,22228000
2021-01-21,105.85209655761719,109.69350328753072,103.29115873767483,107.13256546758836,9705000
2021-01-22,110.97396087646484,115.24219014094427,104.99843990619367,106.27890868553749,18791000
2021-01-25,110.54714965820312,113.10808748812289,107.55938885663006,111.82761857316301,7490000
2021-01-26,101.15702819824219,110.54713208162332,99.87655948687204,109.26666337025317,12556000
2021-01-27,99.87657165527344,103.29115530160757,99.87657165527344,102.43750939002403,3816000
2021-01-28,95.60834503173828,99.02292878287179,95.60834503173828,97.31563690730503,4629000
2021-01-29,92.19376373291016,98.16928545633951,90.48647181193033,97.31563949584961,4157000
2021-02-01,90.48646545410156,92.62058020537755,89.63281955359118,92.19375725512235,3105000
2021-02-02,93.47422790527344,94.32787382221657,92.19375902985873,92.19375902985873,2622000
2021-02-03,91.34011840820312,93.90105630749854,90.48647244177133,93.04741034106674,2040000
2021-02-04,90.91329193115234,91.76693786477819,89.63282303071358,90.0596459975265,1736000
2021-02-05,91.76693725585938,92.62058318382086,90.9132913278979,90.9132913278979,1389000
2021-02-17,97.7424545288086,98.5961004198899,93.4742250734021,94.3278709644834,4400000
2021-02-18,99.87657165527344,99.87657165527344,96.4619880089393,96.88881096473106,2762000
2021-02-19,102.43751525878906,102.86433823903401,98.59610843658447,99.87657737731934,3723000
2021-02-22,104.99844360351562,105.85208948647103,100.30339124726086,103.71797477908251,5123000
2021-02-23,104.99844360351562,106.70573536942645,103.2911518376048,103.2911518376048,3446000
2021-02-24,101.58385467529297,106.27890678213423,101.58385467529297,104.57161510691923,3669000
2021-02-25,103.71797943115234,104.14480239177438,100.73021870679817,103.29115647053032,2634000
2021-02-26,100.73021697998047,102.86433174650547,100.73021697998047,101.58386288659047,2013000
2021-03-02,97.7424545288086,102.86432987529638,97.31563158326794,102.86432987529638,2060000
2021-03-03,95.60834503173828,98.5961058139801,93.47423018727983,98.16928284508842,5041000
2021-03-04,94.75469207763672,97.31562970135663,93.47422326577676,94.32786914035006,2932000
2021-03-05,95.18152618408203,96.03517215882717,93.47423423459178,93.90105722196434,1327000
2021-03-08,93.04740905761719,96.03516989891682,92.62058608028866,95.6083469215883,1547000
2021-03-09,93.47422790527344,93.901050863745,90.48646719597247,92.19375902985873,1703000
2021-03-10,95.60834503173828,96.88881393841335,94.32787612506321,94.7546990939549,1712000
2021-03-11,96.8888168334961,97.31563981514145,95.60834788856002,96.03517087020538,1645000
2021-03-12,97.7424545288086,99.02292336543054,96.8888086377273,98.16927747434924,1320000
2021-03-15,100.73021697998047,101.58386288659047,96.46198744693045,97.31563335354045,3222000
2021-03-16,99.44974517822266,101.15703694093892,99.02292223754358,100.73021400025985,2141000
2021-03-17,100.30339813232422,102.43751298620346,99.87657516154837,99.87657516154837,2943000
2021-03-18,100.73021697998047,101.58386288659047,99.87657107337046,100.73021697998047,1508000
2021-03-19,100.73021697998047,100.73021697998047,99.02292516676046,99.87657107337046,1077000
2021-03-22,99.87657165527344,102.01068643423227,99.87657165527344,101.15704052264874,1600000
2021-03-23,100.30339813232422,103.29115892775515,100.30339813232422,101.15704407387591,2904000
2021-03-24,99.87657165527344,101.15704052264874,99.87657165527344,99.87657165527344,1187000
2021-03-25,99.02293395996094,101.15704891599458,97.74246498634075,101.15704891599458,1690000
2021-03-26,99.87657165527344,100.73021756685696,99.0229257436899,100.3033946110652,1107000
2021-03-29,99.87657165527344,100.73021756685696,99.87657165527344,100.73021756685696,1319000
2021-03-30,104.14480590820312,106.27892078337122,100.30339913290055,101.1570450829678,10754000
2021-03-31,105.85209655761719,105.85209655761719,103.29115873767483,104.14480467765561,4925000
2021-04-01,103.71797943115234,107.9862090373726,102.86433350990829,107.13256311612855,7779000
2021-04-07,108.83985137939453,109.26667432598039,102.43750718060662,103.29115307377833,7940000
2021-04-08,119.51042938232422,119.51042938232422,109.26667829241072,110.12032421657018,26683000
2021-04-09,121.21772003173828,130.60782510461942,120.36407411602181,123.77865777888768,28073000
2021-04-12,109.26667022705078,123.77864986658096,109.26667022705078,122.92500400543213,16939000
2021-04-13,108.41303253173828,115.66902289803572,107.55938660629153,112.68126215897207,11163000
2021-04-14,103.71797943115234,111.82761568297084,98.16928094306601,110.97396976172679,8929000
2021-04-15,108.41303253173828,111.8276162335253,103.29115697905773,104.57162586722787,8279000
2021-04-16,107.13256072998047,112.68125909448145,107.13256072998047,108.83985253444231,3683000
2021-04-19,111.40079498291016,112.68126389075971,107.13256529007836,107.13256529007836,5494000
2021-04-20,116.94949340820312,118.65678528277545,110.97397184720005,111.40079481584313,13214000
2021-04-21,119.51042938232422,123.77865900312152,115.24219976152693,116.09584568568638,14244000
2021-04-22,112.25443267822266,125.05912081642296,107.98620329882255,122.9250061267229,15503000
2021-04-23,118.22994995117188,118.22994995117188,111.82760609100012,114.81536655908027,8296000
2021-04-26,116.94949340820312,119.08360825141851,115.6690245022739,116.94949340820312,5201000
2021-04-27,117.37631225585938,122.49818769975143,116.09584339488637,117.80313520951705,7837000
2021-04-28,118.22994995117188,120.79088749524058,116.94948117913752,116.94948117913752,3974000
2021-04-29,116.52266693115234,119.51042762169472,113.1080832848182,118.22995875431941,5704000
2021-05-03,107.9862060546875,115.66901913367712,107.55938310585474,115.66901913367712,4227000
2021-05-04,103.29115295410156,110.54714303765415,97.31563170882296,109.26667419938016,6227000
2021-05-05,97.7424545288086,104.57162165745898,97.31563158326794,102.01068398421508,3679000
2021-05-06,97.31563568115234,101.58386531629061,95.60834382709704,99.02292753520766,2807000
2021-05-07,106.70574188232422,106.70574188232422,98.59610549926758,99.44975143432617,3842000
2021-05-10,101.58385467529297,106.705729700938,101.58385467529297,104.99843802572298,2885000
2021-05-11,93.04740905761719,100.30339967220202,91.76694012563163,98.59610776288794,5985000
2021-05-12,85.27923583984375,94.75470504142594,83.74267045026737,94.32788204574383,6826000
2021-05-13,84.51094818115234,87.07188600482363,79.38907253380978,83.65730223992858,3980000
2021-05-14,82.97438049316406,88.77917533149798,81.86464470920123,86.21823758155094,3024000
2021-05-17,75.12084197998047,82.80365536429665,74.77938230478387,75.20620527057922,3426000
2021-05-18,82.63292694091797,82.63292694091797,77.42568166406147,81.01099840449388,2373000
2021-05-19,84.42558288574219,86.21823801720294,82.03537170192685,82.80365433335332,2915000
2021-05-20,82.54754638671875,86.21822593770153,82.46218310914253,84.08411143429308,1476000
2021-05-21,85.10850524902344,85.79142466741732,83.74267292503795,85.79142466741732,1136000
2021-05-24,89.20600128173828,89.20600128173828,83.74266592938727,83.82802922135491,2259000
2021-05-25,91.76693725585938,93.47422911178234,89.63282243595566,90.0596453999364,2993000
2021-05-26,92.19376373291016,93.47423267364502,89.63282585144043,92.19376373291016,1719000
2021-05-27,91.76693725585938,95.60834393168605,91.34011429187863,92.19376021984012,3260000
2021-05-28,93.47422790527344,94.75469678068814,92.19375902985873,93.04740494680186,1785000
2021-05-31,94.75469207763672,95.60833795221002,92.62057739120345,93.47422326577676,1676000
2021-06-01,96.46198272705078,98.16927445673309,95.18151392978905,95.18151392978905,1905000
2021-06-02,94.75469207763672,97.74245263864329,92.62057739120345,97.74245263864329,2264000
2021-06-03,95.18152618408203,95.6083491714546,93.04741124721922,95.18152618408203,1457000
2021-06-04,92.6205825805664,94.75469738657024,92.6205825805664,93.9010514641687,1130000
2021-06-07,94.32787322998047,94.32787322998047,87.92552889310396,92.6205814068134,2384000
2021-06-08,94.32787322998047,94.32787322998047,92.6205814068134,93.04740436260516,864000
2021-06-09,103.71797943115234,103.71797943115234,95.18152021871182,95.60834317933386,7317000
2021-06-10,100.73021697998047,104.14480060642047,99.44974812006546,103.71797765311548,10294000
2021-06-11,106.70574188232422,109.69350265502929,100.73022033691406,102.43751220703125,10905000
2021-06-15,113.10807037353516,117.37629944423459,107.55937258162588,108.83984130283571,18940000
2021-06-16,113.10807037353516,116.52265363009471,110.12031002404554,113.10807037353516,6929000
2021-06-17,115.2421875,115.2421875,110.1203125,112.25442708333333,4771000
2021-06-18,116.94949340820312,119.51043122006159,114.38855559634467,117.80313934548929,8170000
2021-06-21,109.26667022705078,117.3763059079647,107.98620143532753,115.66901418566704,6900000
2021-06-22,108.83985137939453,113.534903791839,107.9862054862228,110.97396611232384,4295000
2021-06-23,114.81536102294922,115.24218392638026,109.69348618177676,110.12030908520781,6564000
2021-06-24,116.0958480834961,117.80313996707692,111.40079540364881,116.5226710543913,6905000
2021-06-25,113.10807037353516,119.08359107251437,112.25442455939526,117.37629944423459,4507000
2021-06-28,113.53490447998047,113.96172742915333,110.1203208865976,113.53490447998047,3456000
2021-06-29,110.12032318115234,115.24219867795013,110.12032318115234,115.24219867795013,3127000
2021-06-30,112.68124389648438,113.10806679003167,108.41301496101148,110.97395232229522,3068000
2021-07-01,107.13256072998047,112.254436143366,105.42526892551862,110.97396729001962,4629000
2021-07-02,109.6935043334961,111.40079622973727,106.27892054101372,106.27892054101372,2646000
2021-07-05,113.53490447998047,115.2421962766719,109.26667498825188,110.54714383577046,5549000
2021-07-06,113.53490447998047,116.52266512419048,111.82761268328903,115.2421962766719,4661000
2021-07-07,119.51042938232422,123.77865900312152,112.68126198904855,113.53490791320802,14552000
2021-07-08,114.38854217529297,119.08359427950275,113.10807341959938,117.80312552380917,8777000
2021-07-09,111.8276138305664,114.38855155187709,110.12032201635928,112.68125973766996,4291000
2021-07-12,122.84870910644531,122.84870910644531,116.66208346799122,117.54588713062752,11440000
2021-07-13,128.1515350341797,132.57055348363417,123.73251658472522,125.50012396450701,21092000
2021-07-14,135.22195434570312,135.22195434570312,124.17440905602149,131.686739853005,13087000
2021-07-15,131.68673706054688,134.78004967606307,130.36103165389707,133.8962460716299,7592000
2021-07-16,130.8029327392578,136.54765613659006,128.59342374028387,129.47722733987342,7726000
2021-07-19,125.94203186035156,131.6867561206483,125.05822812799822,130.80295238829495,7701000
2021-07-20,121.96489715576172,129.0353259763856,121.08109355318375,124.61630796349567,6889000
2021-07-21,125.50010681152344,127.70961573426153,122.40679431969012,124.17440145788059,6215000
2021-07-22,127.26771545410156,129.0353226131863,123.73250113593208,126.82581366433038,5527000
2021-07-23,129.03533935546875,131.2448485910076,125.94202642571436,127.26773196703768,6962000
2021-07-26,138.3152618408203,141.85047620096907,129.0353241454298,129.0353241454298,20238000
2021-07-27,129.03533935546875,138.3152781447319,128.1515356612532,137.87337629762413,9670000
2021-07-28,125.94203186035156,129.03534492358827,116.22019080446478,129.03534492358827,7925000
2021-07-29,133.454345703125,137.8733637727649,127.70962221259313,131.68673847526904,12857000
2021-07-30,137.43148803710938,140.9667031634659,130.80295967519092,130.80295967519092,12341000
2021-08-02,149.36280822753906,151.13041542549811,140.0828704382541,140.96667403723362,29514000
2021-08-03,148.47900390625,152.8980218796503,144.0599859328497,150.24661109561012,19456000
2021-08-04,146.26950073242188,149.36281343673292,143.17618802811083,149.36281343673292,6378000
2021-08-05,141.85049438476562,151.13043326975028,141.4085925330997,147.5952184564228,9560000
2021-08-06,135.22195434570312,142.73428514268662,134.78005253411587,141.40857970792484,9010000
2021-08-09,128.59341430664062,137.43144965417605,127.70961077188707,135.2219408172922,7373000
2021-08-10,129.47723388671875,129.47723388671875,121.52300108821726,126.82582295388491,8305000
2021-08-11,121.52300262451172,127.26772638494317,119.31349348588422,125.50011907404118,6341000
2021-08-12,127.70962524414062,131.68674160122458,125.50011615687175,131.68674160122458,8716000
2021-08-13,122.84870910644531,132.57054939544457,121.0811017811727,129.91913840753568,8971000
2021-08-16,120.63919067382812,123.2906014578683,116.22017270042782,120.63919067382812,6485000
2021-08-17,120.63919067382812,120.63919067382812,120.63919067382812,120.63919067382812,0
2021-08-18,129.03533935546875,129.03533935546875,115.33638209512789,116.6620876364512,14573000
2021-08-19,136.1057586669922,141.85048224709251,131.68674052845347,132.57054415616122,34429000
2021-08-20,139.19906616210938,147.1532985142299,136.98955717540923,138.75716436476935,31224000
2021-08-23,141.4085693359375,143.17617645263672,139.19906044006348,139.64096221923828,11521000
2021-08-24,141.4085693359375,150.2466049194336,140.08286399841307,142.2923728942871,14872000
2021-08-25,136.9895782470703,140.52479316957536,134.33816705519152,138.3152838430097,9010000
2021-08-26,129.47723388671875,138.75717215163715,123.73251019891211,135.66385939666435,21047000
2021-08-27,128.1515350341797,130.36104425890693,124.61632027461611,128.1515350341797,8845000
2021-08-30,134.78004455566406,136.5476516973777,126.38391063252433,128.59341955966636,11620000
2021-08-31,131.2448272705078,137.43145212500988,130.36102371986468,135.66384502372358,9308000
2021-09-01,132.570556640625,133.45436035156249,126.3839306640625,129.9191455078125,7544000
2021-09-02,127.70962524414062,135.2219561408548,127.70962524414062,130.80293796631705,10392000
2021-09-03,126.82582092285156,131.24483907347357,125.94201729272716,128.15152636803816,6007000
2021-09-06,122.84870910644531,128.59343291358124,121.52300361249087,126.3839237569905,4833000
2021-09-07,120.19730377197266,124.17442044089823,116.66208895514994,122.84871488458971,4689000
2021-09-08,115.33638000488281,121.52300575227116,114.0106744875853,121.52300575227116,4967000
2021-09-09,116.22017669677734,119.75539119705954,114.45256944663623,115.33637307170679,3949000
2021-09-10,117.98780059814453,117.98780059814453,114.89448747384861,116.22019309854686,2539000
2021-09-13,114.01066589355469,117.98778214565543,114.01066589355469,117.98778214565543,2074000
2021-09-14,110.47545623779297,114.89447448730468,109.59165258789062,114.45257266235352,6104000
2021-09-15,106.94023895263672,111.35925709117542,103.84692625565962,110.91735527732155,7040000
2021-09-16,102.52123260498047,108.70785871045342,101.6374288756272,106.05644752239358,7710000
2021-09-17,107.82404327392578,108.70784690731863,103.40502510696162,103.84692692365803,13218000
2021-09-22,107.38214111328125,110.4754538202482,103.40502477575232,103.84692659103331,5714000
2021-09-23,105.61453247070312,110.47545237521247,105.61453247070312,110.03355056571162,5553000
2021-09-24,109.5916519165039,109.5916519165039,106.05643733855216,106.9402409830401,3832000
2021-09-27,107.82404327392578,108.70784690731863,106.49833782383654,108.70784690731863,1959000
2021-09-28,105.61453247070312,107.38213970870652,104.73072885170143,107.38213970870652,2135000
2021-09-29,102.52123260498047,105.61454565771695,101.6374288756272,103.40503633433374,3202000
2021-09-30,106.94023895263672,109.59164983575994,104.28882806951349,104.73072988336736,6746000
2021-10-01,103.40502166748047,106.49833428146493,103.40502166748047,104.28882527147603,2748000
2021-10-04,94.12509155273438,105.61453934790383,93.24128787618288,104.73073567135233,7412000
2021-10-05,97.6603012084961,98.54410483934221,87.05465763834268,90.14797034630408,4839000
2021-10-06,95.89269256591797,99.42790703839421,95.45079075685844,98.10220161121562,2003000
2021-10-07,102.52123260498047,103.40503633433374,96.3346064995075,96.3346064995075,2886000
2021-10-08,104.28883361816406,104.28883361816406,100.31171708187814,102.07932443133855,2456000
2021-10-12,100.75361633300781,106.49834007129334,99.42791085494193,104.28883094118352,3320000
2021-10-13,96.77649688720703,102.07931863445125,96.33459507493669,102.07931863445125,2147000
2021-10-14,98.98600006103516,101.63741077695575,98.5440982750484,98.98600006103516,2043000
2021-10-15,101.63740539550781,103.40501244586447,101.19550363291864,102.07930715809698,1996000
2021-10-18,99.86980438232422,103.8469204860451,99.86980438232422,102.96311690744045,1384000
2021-10-19,104.73072814941406,107.82404079517734,99.86980827750033,100.31171008403794,5681000
2021-10-20,110.47545623779297,112.68496536254882,104.28883068847657,104.28883068847657,10547000
2021-10-21,106.05644226074219,110.91736253102621,104.73073673248291,110.47546068827312,6002000
2021-10-22,105.1726303100586,106.49833573413495,102.0793176538804,104.73072850203313,3809000
2021-10-25,105.61453247070312,106.94023789920567,101.63741618519548,104.73072885170143,2871000
2021-10-26,107.38214111328125,112.68496289665316,106.05643566743828,106.94023929800026,10926000
2021-10-27,109.14974975585938,110.03355339760722,106.49833883061582,107.38214247236368,3628000
2021-10-28,112.24305725097656,114.01066445177935,109.1497446495717,110.47545005017379,7854000
2021-10-29,113.12686157226562,114.89446878433228,110.91735255718231,113.12686157226562,7103000
2021-11-01,113.56877136230469,115.77828053277754,112.68496769411556,114.8944768645884,7799000
2021-11-02,106.94023895263672,114.45256978815252,106.05643532492897,114.01066797429864,6077000
2021-11-03,109.5916519165039,111.35925920547977,106.49833916079614,107.38214280528406,4008000
2021-11-04,112.6849594116211,112.6849594116211,108.70784319709328,110.03354860193589,4047000
2021-11-05,110.47545623779297,115.77827813720702,109.59165258789062,113.1268671875,5396000
2021-11-08,107.38214111328125,109.59165018968622,106.49833748271926,109.14974837440522,2067000
2021-11-09,106.94023895263672,109.59164983575994,106.49833713878284,108.7078462080522,1978000
2021-11-10,108.26594543457031,109.1497490707709,106.49833816216916,107.38214179836974,1084000
2021-11-11,105.1726303100586,107.82404115821133,105.1726303100586,107.38213935018587,1889000
2021-11-12,101.63740539550781,106.94022654657779,101.63740539550781,105.6145212588103,2766000
2021-11-15,109.14974975585938,110.03355339760722,102.96312426362444,103.40502608449836,3927000
2021-11-16,106.05644226074219,109.59165700276694,105.17263857523601,108.26595147450766,1794000
2021-11-17,106.94023895263672,108.7078462080522,105.17263169722123,106.94023895263672,2048000
2021-11-18,104.73072814941406,110.0335498278654,104.28882634287645,107.82404079517734,3727000
2021-11-19,103.846923828125,106.94023645279255,102.52121841755319,105.61453104222075,2212000
2021-11-22,105.61453247070312,106.94023789920567,103.40502342319887,104.28882704220058,1550000
2021-11-23,102.96311950683594,106.0564321100456,102.52121770637741,105.17262850912856,1567000
2021-11-24,102.52123260498047,104.28884006368703,101.6374288756272,103.40503633433374,1213000
2021-11-25,101.63740539550781,105.17261949622113,100.75360187032949,103.40501244586447,1786000
2021-11-26,97.6603012084961,102.07931936272668,97.6603012084961,102.07931936272668,2276000
2021-11-29,98.54411315917969,98.98601501191143,93.24129092639872,95.0088983373257,1764000
2021-11-30,98.1021957397461,101.19550821802638,97.66029395713463,99.86980287019198,1498000
2021-12-01,98.98600006103516,99.42790184702193,95.00888398715428,97.21839291708811,1594000
2021-12-02,96.33460235595703,100.31171896698278,96.33460235595703,98.9860134299742,1347000
2021-12-03,99.86980438232422,100.75360796092886,97.21839364651031,97.66029543581261,1383000
2021-12-06,98.98600006103516,100.31170541899546,98.10219648906163,100.31170541899546,742000
2021-12-07,97.6603012084961,100.75361391645751,97.21839939307303,98.98600665476526,975000
2021-12-08,101.19551086425781,101.19551086425781,98.54410009925543,99.42790368758956,1522000
2021-12-09,98.1021957397461,100.75360643541491,98.1021957397461,100.31170465280344,1823000
2021-12-10,98.1021957397461,98.98599930496903,97.21839217452316,98.1021957397461,657000
2021-12-13,98.1021957397461,98.98599930496903,97.21839217452316,98.54409752235756,596000
2021-12-14,95.45079040527344,98.986004864728,95.45079040527344,98.10220124986436,996000
2021-12-15,98.54411315917969,98.54411315917969,95.45080019005745,95.8927020427892,644000
2021-12-16,101.63740539550781,102.52120892068615,98.1021912947945,98.98599481997283,3118000
2021-12-17,102.0793228149414,102.96312647567683,100.31171549347056,101.19551915420598,2360000
2021-12-20,101.19551086425781,102.52121624675901,100.3117072759237,101.19551086425781,827000
2021-12-21,101.19551086425781,102.96311804092608,101.19551086425781,102.96311804092608,1213000
2021-12-22,103.40502166748047,104.28882527147603,101.19551265749158,102.07931626148714,2567000
2021-12-23,102.52123260498047,104.73074192836367,102.52123260498047,104.73074192836367,1518000
2021-12-24,101.63740539550781,103.40501244586447,101.63740539550781,103.40501244586447,736000
2021-12-27,102.96311950683594,104.73072670867003,102.07931590591889,102.07931590591889,2220000
2021-12-28,102.0793228149414,104.28883196677995,102.0793228149414,103.84693013641224,1077000
2021-12-29,102.0793228149414,102.96312647567683,101.19551915420598,102.52122464530912,767000
2021-12-30,102.96311950683594,103.84692310775299,102.52121770637741,102.52121770637741,1168000
2022-01-03,102.96311950683594,104.28882490821151,102.52121770637741,104.28882490821151,875000
2022-01-04,104.73072814941406,106.94023718210212,103.84692453633883,104.28882634287645,3870000
2022-01-05,102.0793228149414,104.28883196677995,101.6374209845737,103.84693013641224,1790000
2022-01-06,99.86980438232422,101.6374115395335,99.4279025930219,101.6374115395335,1335000
2022-01-07,98.1021957397461,100.75360643541491,95.89268682668875,100.75360643541491,2212000
2022-01-10,102.96311950683594,103.84692310775299,98.54410150225071,99.86980690362627,2751000
2022-01-11,101.19551086425781,105.61452880592847,100.75360907009076,103.84692162926021,3965000
2022-01-12,101.63740539550781,104.73071773363196,101.19550363291864,103.84691420845364,2223000
2022-01-13,105.61453247070312,106.49833608970482,101.63741618519548,102.96312161369802,8433000
2022-01-14,104.73072814941406,107.82404079517734,103.84692453633883,106.49833537556451,12680000
2022-01-17,107.38214111328125,110.4754538202482,106.49833748271926,106.94023929800026,11564000
2022-01-18,105.1726303100586,108.70784477426224,104.28882669400768,107.38213935018587,5208000
2022-01-19,101.63740539550781,103.40501244586447,101.63740539550781,102.52120892068615,3709000
2022-01-20,98.98600006103516,101.19550899096897,98.10219648906163,100.31170541899546,4014000
2022-01-21,97.6603012084961,99.42790847018833,97.21839939307303,97.21839939307303,2006000
2022-01-24,97.21839904785156,97.66030086170544,93.24128272316672,96.33459542014381,1901000
2022-01-25,94.12509155273438,97.21840442066461,93.68318971445863,95.89269890583736,1232000
2022-01-26,94.12509155273438,95.89269890583736,93.68318971445863,95.00889522928587,1216000
2022-02-07,96.33460235595703,97.21840604729609,94.56699497327892,96.33460235595703,697000
2022-02-08,98.1021957397461,98.98599930496903,96.33458860930023,96.7764903919117,718000
2022-02-09,99.86980438232422,99.86980438232422,98.10219722511494,98.98600080371958,834000
2022-02-10,98.98600006103516,100.31170541899546,98.10219648906163,99.86980363300869,512000
2022-02-11,100.75361633300781,102.07932181107371,97.66030355085407,97.66030355085407,1443000
2022-02-14,97.6603012084961,98.98600665476526,97.6603012084961,98.54410483934221,753000
2022-02-15,96.77649688720703,98.98600594855878,96.77649688720703,97.66030051174774,693000
2022-02-16,98.1021957397461,99.42790108758051,97.21839217452316,98.98599930496903,659000
2022-02-17,96.33460235595703,98.9860134299742,96.33460235595703,98.10220973863514,764000
2022-02-18,97.21839904785156,97.66030086170544,95.45079179243608,95.45079179243608,465000
2022-02-21,96.77649688720703,97.66030051174774,95.89269326266633,96.33459507493669,361000
2022-02-22,95.0088882446289,96.77649546778478,94.56698643883993,96.33459366199583,839000
2022-02-23,96.33460235595703,96.77650420162657,95.00889681894844,95.00889681894844,319000
2022-02-24,93.24127960205078,95.8926903964219,92.79937780298893,95.45078859736005,1157000
2022-02-25,93.68318176269531,95.45078896576504,92.79937816116046,95.45078896576504,547000
2022-03-01,95.0088882446289,95.45079005041788,93.68318282726199,94.56698643883993,582000
2022-03-02,94.5669937133789,94.5669937133789,93.24128819403248,94.12509187359676,523000
2022-03-03,95.0088882446289,96.33459366199583,95.0088882446289,95.89269185620685,346000
2022-03-04,93.68318176269531,95.0088871649976,93.68318176269531,94.56698536423018,369000
2022-03-07,89.26416778564453,93.24128417213365,88.3803641442025,93.24128417213365,1202000
2022-03-08,85.55218505859375,89.70605898436054,85.55218505859375,87.58492914748321,1884000
2022-03-09,87.05465698242188,88.29198340486101,86.52437615648697,87.23141501010466,581000
2022-03-10,90.1479721069336,91.47367757909439,88.82226663477282,88.82226663477282,882000
2022-03-11,89.26416778564453,91.47367688924959,88.82226596492352,90.14797142708656,514000
2022-03-14,88.822265625,91.03177472014926,88.822265625,89.7060692630597,260000
2022-03-15,86.34761047363281,89.26416509979045,86.34761047363281,88.82226329236575,634000
2022-03-16,86.52438354492188,88.20361192284614,86.43600452353368,87.49656626596631,387000
2022-03-17,90.58987426757812,90.58987426757812,87.93846331340511,87.93846331340511,661000
2022-03-18,91.91557312011719,91.91557312011719,89.7060641508836,91.03176953242375,533000
2022-03-21,91.03176879882812,93.24127775025599,91.03176879882812,92.35747416968485,312000
2022-03-22,92.79937744140625,92.79937744140625,91.47367204938617,91.47367204938617,458000
2022-03-23,91.91557312011719,94.12508208935077,91.91557312011719,93.68318029550406,425000
2022-03-24,92.79937744140625,92.79937744140625,91.47367204938617,91.91557384672619,178000
2022-03-25,91.91557312011719,94.12508208935077,91.91557312011719,93.68318029550406,432000
2022-03-28,90.58987426757812,91.03177609327363,88.82226696479611,91.03177609327363,459000
2022-03-29,91.47367858886719,92.35748224673064,91.03177675993545,91.47367858886719,493000
2022-03-30,92.35748291015625,93.68318840647427,92.35748291015625,92.79938474226226,588000
2022-03-31,90.1479721069336,93.24128487530876,89.70607028288,93.24128487530876,591000
2022-04-01,90.1479721069336,91.91557940314799,88.82226663477282,89.2641684588264,317000
2022-04-06,90.1479721069336,90.1479721069336,88.82226663477282,89.70607028288,267000
2022-04-07,87.49656677246094,89.70607603439177,87.49656677246094,89.70607603439177,571000
2022-04-08,86.87789916992188,88.38036263760657,85.81733077253867,88.38036263760657,1235000
2022-04-11,84.49162292480469,87.93845831800738,84.2264858901807,87.40817750587304,1144000
2022-04-12,84.13810729980469,85.11029673819675,83.34268938531945,84.49163011895753,425000
2022-04-13,85.28705596923828,85.64057879333585,84.66839608423282,84.84515412483809,242000
2022-04-14,83.1659164428711,85.90570622238619,83.07753743247763,85.90570622238619,1008000
2022-04-15,80.5145034790039,82.90077715189767,80.42612447101956,82.90077715189767,1263000
2022-04-18,81.13317108154297,81.57507287012896,79.36556392719899,79.63070095461889,537000
2022-04-19,83.25428771972656,83.51943146916388,81.5750664495757,81.5750664495757,560000
2022-04-20,84.58000946044922,85.0219113003531,83.96134958173856,84.13810762054533,552000
2022-04-21,85.02190399169922,85.37542678181019,84.40324416616981,84.5800021897821,486000
2022-04-22,82.72401428222656,84.40324244382226,81.92858970643005,84.3148634338196,662000
2022-04-25,79.63070678710938,81.22155603969397,79.27718398176984,79.98422959244891,748000
2022-04-26,79.45394897460938,80.86803345697365,79.45394897460938,80.86803345697365,508000
2022-04-27,77.33282470703125,78.65853027343749,76.44902099609375,77.33282470703125,882000
2022-04-28,79.10042572021484,80.33775216385699,78.21662208088284,79.80747132883512,396000
2022-04-29,79.71907806396484,81.5750709261046,79.63069905693105,80.77964637702841,444000
2022-05-03,79.45394897460938,80.77965444111715,78.7469033619839,79.71908602217891,483000
2022-05-04,79.01204681396484,80.33775227479349,78.65852400916654,79.7190856806748,544000
2022-05-05,83.87295532226562,84.40323608521865,80.07259749247845,80.160976495823,1722000
2022-05-06,82.81239318847656,83.34268073360069,81.75183158400077,82.19373337634673,1397000
2022-05-09,79.63070678710938,82.45888248693902,79.63070678710938,82.37049672843914,1247000
2022-05-10,82.4588851928711,82.72402224841136,77.95148107693078,78.39338291238478,1014000
2022-05-11,82.63562774658203,84.13809100845654,81.751824241271,81.751824241271,856000
2022-05-12,88.29198455810547,90.58987266242877,84.58000524230324,85.28705084804271,7470000
2022-05-13,89.70606231689453,92.35747302576826,87.31979537606261,91.0317676713314,9132000
2022-05-16,86.25923156738281,91.03177244204807,86.25923156738281,90.58987063407696,3788000
2022-05-17,86.70112609863281,87.14302786951563,85.28704178038495,86.61274709303343,2254000
2022-05-18,88.822265625,89.7060692630597,87.0546583488806,88.20360577551287,2232000
2022-05-19,89.70606231689453,90.14796410170682,86.17084803839622,86.17084803839622,1417000
2022-05-20,89.26416778564453,90.14797142708656,88.3803641442025,89.70606960636555,1045000
2022-05-23,88.822265625,90.5898729011194,88.11522001739759,90.14797108208955,1072000
2022-05-24,86.78951263427734,89.26416546308174,86.78951263427734,89.26416546308174,863000
2022-05-25,88.822265625,90.14797108208955,86.87790031842331,87.5849391831391,1089000
2022-05-26,91.03176879882812,91.91557237939926,89.7060634279714,90.14796521825697,2381000
2022-05-27,91.91557312011719,92.79937670781062,91.03176953242375,92.3574749139639,2608000
2022-05-30,93.68318176269531,93.68318176269531,91.9155745596256,92.79937816116046,1924000
2022-05-31,93.24127960205078,94.12508320017449,92.35747600392708,93.68318140111263,1033000
2022-06-01,92.79937744140625,94.56698463076637,91.91557384672619,92.79937744140625,1598000
2022-06-02,91.03176879882812,93.68317954054156,91.03176879882812,92.79937595997042,1147000
2022-06-06,92.35748291015625,92.79938474226226,90.14797374962619,91.47367924594423,1061000
2022-06-07,92.79937744140625,93.68318103608631,91.47367204938617,91.47367204938617,885000
2022-06-08,95.0088882446289,95.89269185620685,93.24128102147301,93.24128102147301,3351000
2022-06-09,93.68318176269531,94.56698536423018,92.35747636039302,93.68318176269531,2064000
2022-06-10,90.1479721069336,92.35748122720157,89.2641684588264,92.35748122720157,2200000
2022-06-13,88.38035583496094,88.82225761413574,87.49655227661133,87.58493128386908,1446000
2022-06-14,92.79937744140625,92.79937744140625,88.38035946800595,89.26416306268601,2253000
2022-06-15,91.47367858886719,93.24128590459408,91.03177675993545,92.79938407566236,940000
2022-06-16,88.822265625,93.68318563432837,88.822265625,93.68318563432837,1120000
2022-06-17,88.29198455810547,89.26416720883226,86.78951433163078,88.1152197852273,1661000
2022-06-20,82.0169677734375,88.38035029771902,82.0169677734375,88.38035029771902,2482000
2022-06-21,83.34268188476562,83.96134170544066,82.28211352275459,82.72401532120426,1096000
2022-06-22,78.57014465332031,83.34268564020599,77.50957624351982,83.34268564020599,2749000
2022-06-23,76.89091491699219,79.27718199312355,76.00711129725664,78.57014314306701,2337000
2022-06-24,77.95147705078125,79.54232627340394,77.59796099498647,77.95147705078125,1029000
2022-06-27,81.2215576171875,81.75183846405264,79.10042748684012,79.18880650416985,1102000
2022-06-28,79.98422241210938,81.3099277559565,78.65851706826226,81.3099277559565,874000
2022-06-29,78.74690246582031,79.4539480703994,77.95147784639049,78.83528148067104,688000
2022-06-30,75.21168518066406,77.95147499825187,75.12330616904246,77.77471697500867,1492000
2022-07-01,69.73211669921875,75.7419781082944,69.73211669921875,75.12331818510148,2654000
2022-07-04,68.49478912353516,70.61591942561564,68.14126628270718,69.2018348051911,1423000
2022-07-05,71.23457336425781,71.49971715835856,68.4064043606548,69.82048886245632,982000
2022-07-06,68.0528793334961,70.96943400208626,67.87612130510917,70.3507674169589,1078000
2022-07-07,69.82048797607422,70.2623897987076,66.90393324953922,68.75992629890878,881000
2022-07-08,72.6486587524414,73.44408340156181,71.58809704887213,72.47190071614216,1527000
2022-07-11,71.41133880615234,73.26732515347715,71.14619500958301,73.00218135690781,562000
2022-07-12,68.3180160522461,70.26238113492617,68.3180160522461,70.26238113492617,829000
2022-07-13,70.35077667236328,71.23458041634494,69.02507105639077,71.0578223647036,1588000
2022-07-14,73.04940795898438,73.4216356615085,69.42020028376668,69.8854831370086,1252000
2022-07-15,76.21333312988281,76.95778143868644,72.67718058919357,73.04940829342185,1616000
2022-07-18,77.88835144042969,78.91197945836407,76.39944764114333,76.86473052214865,1464000
2022-07-19,78.7258529663086,79.28419093918829,77.2369493387452,77.51612187501132,881000
2022-07-20,80.95922088623047,82.26201436639931,79.93559997311684,80.21476544051875,1595000
2022-07-21,82.82035064697266,83.4717438234359,80.58699145678659,81.0522743255898,1354000
2022-07-22,84.495361328125,85.51898209252374,82.7272852261714,83.3786783217927,1526000
2022-07-25,84.495361328125,85.33286470830889,83.47173346407399,84.40229908619145,904000
2022-07-26,82.63423156738281,84.30924545747358,82.35505903587483,84.12313516956985,1066000
2022-07-27,84.03009033203125,84.12314548739647,81.79673110499974,82.07589657109538,816000
2022-07-28,84.30924987792969,85.51898811168945,84.12313958026792,85.23981556554403,668000
2022-07-29,85.14675903320312,86.2634350003349,84.68147619695611,85.14675903320312,1054000
2022-08-01,85.61204528808594,85.89121784084304,84.309251874641,84.49536927636338,718000
2022-08-02,85.14675903320312,85.51898672213126,83.37868283553395,84.68147619695611,812000
2022-08-03,81.7967300415039,85.33287559697911,81.7967300415039,84.68148241823855,1261000
2022-08-04,83.93701934814453,84.4023021762377,81.42449491630249,81.88977774439566,992000
2022-08-05,85.7051010131836,85.89121841615261,84.77453529729745,85.05370785192449,891000
2022-08-08,87.10094451904297,87.19399966528657,85.518985733944,85.518985733944,1040000
2022-08-09,86.63566589355469,88.03151445392233,85.33287248394764,87.93845930316174,867000
2022-08-10,87.00788879394531,87.19399908519433,85.2398126284694,85.2398126284694,512000
2022-08-11,87.75234985351562,92.77739903989858,87.75234985351562,89.98570189206228,3890000
2022-08-12,89.61347961425781,90.63710046277829,86.82178251848222,87.47317566763539,1280000
2022-08-15,91.1954345703125,91.66071739975287,89.61347579007627,89.7995860819914,1353000
2022-08-16,90.5440444946289,91.66072048298693,90.07876164953761,90.91626509097972,821000
2022-08-17,88.86902618408203,90.3579299148795,88.58985362845932,90.2648747628896,1319000
2022-08-18,90.26487731933594,90.45098762858669,87.47318008265545,88.12457326468628,868000
2022-08-19,91.10238647460938,92.5912902241117,90.82321391547946,90.9162690686384,1178000
2022-08-22,90.26487731933594,91.19544306489611,90.07876701008519,90.26487731933594,315000
2022-08-23,88.68291473388672,89.2412527382627,87.84540417749629,88.49679733265945,504000
2022-08-24,88.2176284790039,89.98569757474984,87.6592833965024,89.70653213315174,492000
2022-08-25,88.96207427978516,89.89263992517968,88.40373631247894,89.33430195787345,581000
2022-08-26,89.89265441894531,91.28850311209555,89.5204266808412,90.26488215704943,923000
2022-08-29,86.82178497314453,87.38012298815465,86.07732955336233,86.91484012570405,767000
2022-08-30,86.82178497314453,87.93846100316476,85.61204669091173,87.47317814071415,1239000
2022-08-31,90.5440444946289,91.19543763789562,86.91483688298618,87.10094718116159,1902000
2022-09-01,89.14820098876953,90.5440496027921,88.7759732717662,90.26487704012631,883000
2022-09-02,87.93846893310547,91.10239410301037,87.93846893310547,89.42737280728022,1077000
2022-09-05,84.77452850341797,88.68290845671176,84.77452850341797,88.40373592445778,1443000
2022-09-06,82.91339874267578,85.5189854260306,81.88977793837658,85.14675774274383,1062000
2022-09-07,82.35507202148438,83.37869296566252,80.49394045037738,81.88978912870763,601000
2022-09-08,83.56480407714844,83.65785922875158,81.88978294968015,83.28563152268607,602000
2022-09-12,85.42593383789062,86.35649953503692,85.1467612888856,86.35649953503692,526000
2022-09-13,86.54261779785156,88.12457678870358,86.26344522315839,86.35650748115845,1006000
2022-09-14,87.28707122802734,88.03151957708964,83.93702880846035,84.21620137664205,807000
2022-09-15,86.91484069824219,89.14819987264762,86.91484069824219,87.38012356375778,934000
2022-09-16,86.63566589355469,88.31068700585703,86.5426107427941,86.91483844548938,575000
2022-09-19,85.42593383789062,87.2870652321832,84.96065098931747,87.2870652321832,439000
2022-09-20,86.54261779785156,86.7287281145447,85.61205201507897,86.449562639505,269000
2022-09-21,85.51898956298828,86.82178296768797,85.1467618616951,86.728720717625,278000
2022-09-22,85.79814910888672,85.89121135254437,83.564797254151,85.2398111452028,341000
2022-09-23,83.75091552734375,86.82178526987425,83.28563266330295,86.35650240583345,713000
2022-09-26,78.35363006591797,82.72729316961903,77.42306435444792,82.63423801840261,1363000
2022-09-27,79.37725830078125,79.47031345231716,76.30638860252573,78.16752003185563,936000
2022-09-28,74.44525146484375,79.56336250305176,74.44525146484375,79.56336250305176,1067000
2022-09-29,75.28277587890625,76.58556944027787,74.72443780964805,75.46888620210773,635000
2022-09-30,76.95777893066406,77.05084117842797,72.86329561654934,73.04940591277175,619000
2022-10-03,77.60918426513672,78.44669485246168,75.74805278203826,75.84110793626255,398000
2022-10-04,79.28419494628906,79.37725719618291,78.16751894409177,78.91197434532522,604000
2022-10-05,79.4703140258789,81.14532806457312,79.37725887367141,80.8661626079506,569000
2022-10-06,79.37725830078125,80.21476176425733,79.19114089805647,80.02865146118553,431000
2022-10-07,79.74948120117188,80.21476407188969,78.72586030552333,79.09808802202821,342000
2022-10-11,76.02721405029297,77.88834543071289,75.84110375211209,76.95777974050293,576000
2022-10-12,75.56193542480469,76.95778403806823,74.631369682629,76.30639085840652,505000
2022-10-13,72.21189880371094,76.49249971662506,72.1188436511884,76.49249971662506,956000
2022-10-14,75.93416595458984,76.21333852744579,74.44526213188287,74.6313724473512,935000
2022-10-17,75.65499877929688,75.74805393493747,72.86330151215903,74.53831561264975,673000
2022-10-18,76.30638885498047,77.14389942088037,75.65499569242111,76.492499158668,586000
2022-10-19,76.02721405029297,77.60917998344158,75.93415890120252,76.77166944232205,581000
2022-10-20,75.37581634521484,75.74804401870193,74.4452507113233,75.37581634521484,510000
2022-10-21,74.44525146484375,76.49249304026598,74.44525146484375,75.46887225255487,325000
2022-10-24,75.93416595458984,77.4230697772968,75.93416595458984,75.93416595458984,626000
2022-10-25,74.6313705444336,76.58556430529111,74.6313705444336,76.39944689491487,372000
2022-10-26,74.6313705444336,75.46888114199349,74.25914992298765,74.6313705444336,401000
2022-10-27,77.60918426513672,77.60918426513672,75.09665250316189,75.09665250316189,689000
2022-10-28,75.65499877929688,77.05084741286579,75.37582621272178,76.4925022797156,431000
2022-10-31,78.81890869140625,79.09808122972514,76.4924945375908,76.4924945375908,1025000
2022-11-01,80.49394226074219,81.14533548541851,78.91198322958329,78.91198322958329,965000
2022-11-02,80.40087890625,81.33144461789722,80.30782375501586,80.49393405748413,489000
2022-11-03,81.51754760742188,82.07588556439109,78.81890586580965,78.81890586580965,850000
2022-11-04,83.6578598022461,83.84397010672818,81.05227294157861,81.23839034571374,1435000
2022-11-07,84.58843231201172,86.82179164328451,83.19258361742293,83.93703199474479,1711000
2022-11-08,87.00788879394531,88.86902010504575,85.89121284714605,86.5426059661702,3689000
2022-11-09,87.28707122802734,89.14820275016308,86.1703880549539,87.00789865984565,2362000
2022-11-10,87.47317504882812,88.03151304410285,85.51898851554017,86.54260935681931,1574000
2022-11-11,87.00788879394531,91.19543424392128,86.82177850269628,90.4509788796201,2968000
2022-11-14,87.84540557861328,89.79959217492456,87.28706756533192,89.70653702265317,1980000
2022-11-15,88.40374755859375,89.61348589136216,87.84540952025962,88.6829201275875,1894000
2022-11-16,95.38299560546875,97.24412722703887,89.79960074075838,89.79960074075838,9779000
2022-11-17,97.70939636230469,99.57052772158669,94.9176993233817,96.31354784284319,7991000
2022-11-18,95.8482666015625,99.5705293822057,94.9177009064017,98.1746808394645,3645000
2022-11-21,100.03581237792969,102.82750946754632,96.31354959177416,97.24411528831304,8735000
2022-11-22,100.96638488769531,102.3622335266957,99.10525336902812,100.03581912836171,5328000
2022-11-23,101.4316635131836,102.36222923348802,99.57053207257472,100.96638065303138,3065000
2022-11-24,101.4316635131836,101.89694637333581,99.1052492124225,101.4316635131836,2483000
2022-11-25,104.68865203857422,107.0150665283203,101.43167175292969,101.8969546508789,8829000
2022-11-28,103.29279327392578,107.48033894719305,102.36222756875527,105.15392468426678,4598000
2022-11-29,101.89694213867188,102.82750782030358,99.5705279345926,102.82750782030358,2920000
2022-11-30,111.20260620117188,111.6678890723065,102.36223164961429,102.36223164961429,11630000
2022-12-01,117.71656036376953,120.50825744749528,112.133166196318,113.99429758546852,18165000
2022-12-02,120.50826263427734,121.90411123621878,118.18184829770829,119.57769689964972,7273000
2022-12-05,121.4388198852539,121.9041027200633,119.11240571120689,120.97353705044449,3593000
2022-12-06,120.9735336303711,123.76523056030274,120.50825080871583,121.90409927368165,3724000
2022-12-07,116.78599548339844,120.97354113818166,113.52901552967816,120.97354113818166,5112000
2022-12-08,120.04297637939453,121.43882494194564,116.32071354592493,117.71656210847604,3848000
2022-12-09,108.41090393066406,118.64712661939629,108.41090393066406,118.18184376990847,7119000
2022-12-12,109.80675506591797,110.73732078681557,107.01505790322514,107.01505790322514,4175000
2022-12-13,108.87619018554688,110.73732164171007,107.01505872938368,110.27203877766927,2744000
2022-12-14,110.27203369140625,111.66788221914557,107.01505379334783,108.87618516366693,3709000
2022-12-15,110.27203369140625,111.2025993765658,108.87618516366693,109.3414680062467,1196000
2022-12-16,108.87619018554688,110.27203877766927,107.94562445746527,108.41090732150607,1061000
2022-12-19,109.80675506591797,111.66788650771319,107.01505790322514,107.94562362412275,1960000
2022-12-20,105.15392303466797,110.73731717810166,104.68864018938183,109.80675148752938,2621000
2022-12-21,105.15392303466797,110.27203433281552,104.22335734409569,106.08448872524025,2986000
2022-12-22,107.48033905029297,109.34147046241925,106.54977334422983,107.0150561972614,1676000
2022-12-23,103.7580795288086,107.01505960370393,100.96638232175545,106.54977673586174,3027000
2022-12-26,106.08448791503906,107.48033644023694,103.75807370637592,104.68863938984119,1625000
2022-12-27,110.73731994628906,111.20260280320623,106.08449137711725,106.08449137711725,3280000
2022-12-28,107.01505279541016,112.1331640160602,107.01505279541016,110.73731550133746,2991000
2022-12-29,107.01505279541016,108.4109013101329,104.22335576596467,105.61920428068741,1312000
2022-12-30,104.68865203857422,108.87619812011718,104.223369140625,108.41091522216796,1919000
2023-01-03,109.80675506591797,110.27203792636678,104.68864360098111,105.15392646142992,2409000
2023-01-04,109.80675506591797,110.27203792636678,107.94562362412275,108.87618934502036,1608000
2023-01-05,109.34146881103516,111.66788304105718,107.94562027302193,109.80675165703956,2217000
2023-01-06,110.27203369140625,110.73731653398602,108.41090232108715,108.87618516366693,1013000
2023-01-09,109.34146881103516,112.59844873306598,108.87618596503074,111.66788304105718,1753000
2023-01-10,108.41090393066406,114.92486382349367,107.4803382316884,112.59844957605452,8496000
2023-01-11,106.08448791503906,108.87618496543483,105.61920507330643,108.4109021237022,2031000
2023-01-12,105.61920928955078,107.48034073077635,105.61920928955078,106.54977501016356,930000
2023-01-13,106.08448791503906,107.94561928196957,105.61920507330643,106.5497707567717,1303000
2023-01-16,105.15392303466797,106.54977157052639,104.68864018938183,106.08448872524025,840000
2023-01-17,108.41090393066406,108.8761867801519,105.15392398424926,105.15392398424926,1259000
2023-01-30,112.13317108154297,113.99430255177604,109.80675674375162,110.27203961130989,3574000
2023-01-31,115.39015197753906,116.32071771929341,112.59845475227601,113.52902049403036,3432000
2023-02-01,115.85543060302734,117.25127916450961,115.39014774919993,116.32071345685476,2205000
2023-02-02,115.85543060302734,119.11241057981928,113.52901633389025,117.71656201833703,2875000
2023-02-03,115.85543060302734,118.18184487216445,114.45958204154509,116.7859963106822,2276000
2023-02-06,110.27203369140625,115.39014495978375,107.94561947850738,115.39014495978375,4981000
2023-02-07,114.45957946777344,115.39014515450332,109.80675103412412,110.27203387748905,4146000
2023-02-08,117.25127410888672,120.97353677901012,116.32070844135588,117.25127410888672,7228000
2023-02-09,115.85543060302734,118.64712772599187,115.39014774919993,116.7859963106822,2540000
2023-02-10,112.13317108154297,116.78599975712567,111.6678882139847,116.3207168895674,2724000
2023-02-13,112.13317108154297,113.06373681665951,111.6678882139847,112.59845394910124,781000
2023-02-14,112.59844970703125,114.92486395717651,112.59844970703125,113.52901540708936,1375000
2023-02-15,111.20260620117188,113.52902055684493,110.27204045890265,112.5984548145757,1041000
2023-02-16,113.99430084228516,113.99430084228516,111.66788653938139,113.5290179817044,966000
2023-02-17,113.06373596191406,113.52901882595486,112.59845309787326,112.59845309787326,524000
2023-02-20,114.92486572265625,115.85543143700974,113.06373429394927,113.52901715112601,1146000
2023-02-21,116.32071685791016,116.7859997253418,114.45958538818358,114.45958538818358,1685000
2023-02-22,112.13317108154297,116.3207168895674,110.73732247886817,115.85543402200912,3127000
2023-02-23,116.78599548339844,117.71656118446138,112.13316697808376,112.59844982861523,2552000
2023-02-24,114.92486572265625,118.64712858007022,114.92486572265625,117.71656286571672,2623000
2023-03-01,116.32071685791016,116.7859997253418,114.45958538818358,114.45958538818358,1165000
2023-03-02,113.99430084228516,116.32071514518894,113.5290179817044,116.32071514518894,1110000
2023-03-03,112.59844970703125,114.92486395717651,112.59844970703125,114.92486395717651,2036000
2023-03-06,113.99430084228516,114.45958370286591,112.59845226054289,113.99430084228516,1516000
2023-03-07,115.85543060302734,116.32071345685476,113.52901633389025,113.99429918771767,1382000
2023-03-08,117.71656036376953,117.71656036376953,114.45958043275614,114.92486328004377,1727000
2023-03-09,115.39015197753906,120.50826355718797,114.45958623578471,118.64713207367927,4324000
2023-03-10,111.66788482666016,114.92486480077108,110.73731911977133,114.45958194732667,3285000
2023-03-13,112.59844970703125,112.59844970703125,109.34146975682786,111.66788400697314,1528000
2023-03-14,111.20260620117188,111.6678890723065,109.80675758776805,111.20260620117188,996000
2023-03-15,110.73731994628906,113.52901708779214,110.73731994628906,112.59845137395779,939000
2023-03-16,109.34146881103516,112.13316588706158,108.41090311902634,112.13316588706158,1275000
2023-03-17,109.80675506591797,111.66788650771319,109.34147220546916,111.66788650771319,837000
2023-03-20,111.20260620117188,112.5984548145757,110.27204045890265,110.27204045890265,810000
2023-03-21,120.9735336303711,121.90409927368165,112.59844284057618,112.59844284057618,8765000
2023-03-22,133.07089233398438,133.07089233398438,123.29995268708343,123.76523552741205,19071000
2023-03-23,134.00146484375,138.1890106201172,133.0708991156684,135.86259629991318,34580000
2023-03-24,135.8625946044922,136.32787746272675,131.20976602214657,135.39731174625763,10158000
2023-03-27,133.07089233398438,135.39730653562748,131.20976097266993,135.39730653562748,4942000
2023-03-28,126.55694580078125,133.53618913538315,124.23053135591395,132.60562335743623,6693000
2023-03-29,125.16107940673828,128.8833419913253,123.76523093751814,128.41805916825192,3434000
2023-03-30,127.48750305175781,127.95278590961095,125.6263716203453,126.55693733605156,2171000
2023-03-31,125.6263656616211,128.41806267632379,124.69579999005353,128.41806267632379,2583000
2023-04-06,122.83466339111328,124.23051183873956,121.90409775936241,123.76522902286413,2515000
2023-04-07,125.16107940673828,126.09164505288503,123.76523093751814,124.23051376059152,2244000
2023-04-10,123.76524353027344,126.09165788234624,122.83467778944431,125.62637501193169,2156000
2023-04-11,126.0916519165039,127.48750046170505,124.23052052290237,124.69580337130276,3947000
2023-04-12,131.675048828125,134.00146311837455,126.09165453152606,127.4875031056758,11226000
2023-04-13,127.02222442626953,131.2097702864762,126.55694155291323,131.2097702864762,4789000
2023-04-14,130.27920532226562,134.0014683314732,127.95279094151088,128.41807381766182,8353000
2023-04-17,132.60562133789062,133.5361871016653,129.8139240465666,130.7444898103413,5470000
2023-04-18,128.41806030273438,132.60560574738875,127.95277747555055,132.60560574738875,4343000
2023-04-19,128.41806030273438,130.27919161146966,127.0222118211829,129.348625957102,2468000
2023-04-20,125.6263656616211,130.2791940194589,125.16108282583731,129.34862834789135,2970000
2023-04-21,119.57769012451172,126.55693273878283,119.57769012451172,125.16108421592861,3934000
2023-04-24,120.50826263427734,122.36939410353258,119.1124140323359,120.50826263427734,1441000
2023-04-25,115.39015197753906,120.97354642806515,114.45958623578471,120.50826355718797,3191000
2023-04-26,117.71656036376953,118.64712605834478,114.92486328004377,115.39014612733139,2161000
2023-04-27,117.71656036376953,118.64712605834478,113.99429758546852,116.78599466919427,1571000
2023-04-28,119.57769012451172,120.50825580641454,118.64712444260891,119.11240728356032,1514000
2023-05-02,122.36939239501953,122.8346752558371,119.11241236929658,120.04297809093171,1385000
2023-05-03,121.90410614013672,122.36938898799984,119.57769190082114,121.4388232922736,965000
2023-05-04,121.4388198852539,122.36938555487271,119.57768854601629,122.36938555487271,789000
2023-05-05,125.16107940673828,126.09164505288503,120.5082511760045,120.5082511760045,2361000
2023-05-08,125.16107940673828,127.95277634517853,125.16107940673827,127.02221069903177,1930000
2023-05-09,126.55694580078125,130.7444918015424,124.69581424488742,128.88336024564856,4264000
2023-05-10,125.16107940673828,127.02221069903177,124.6957965836649,125.62636222981165,1103000
2023-05-11,124.23052978515625,127.02222708369908,123.76524690206577,126.55694420060861,1592000
2023-05-12,126.55694580078125,128.4180773566751,124.69581424488742,126.55694580078125,3467000
2023-05-15,125.16107940673828,127.95277634517853,124.6957965836649,126.55692787595841,1503000
2023-05-16,132.14031982421875,132.14031982421875,126.55692602882922,127.02220884511168,6439000
2023-05-17,131.2097625732422,135.86259103328624,130.27919688123336,134.0014596492686,7484000
2023-05-18,132.14031982421875,134.0014510893486,129.34862292652397,132.14031982421875,4950000
2023-05-19,136.79315185546875,137.7237175143495,132.60560639050541,134.93202053770727,9657000
2023-05-22,136.79315185546875,146.09880844427616,135.862586196588,141.44598014987247,16790000
2023-05-23,143.77239990234375,144.23768274992415,136.32787434105734,136.32787434105734,9810000
2023-05-24,144.70297241210938,145.633538151094,141.9112751951555,142.3765580646478,5340000
2023-05-25,148.42523193359375,150.28636336849775,141.91127191142976,147.02938335741575,9760000
2023-05-26,151.6822052001953,156.33503358056942,147.49465965785865,152.61277087627013,14930000
2023-05-29,151.21693420410156,156.80032869779149,149.35580270620494,153.54334857647237,7915000
2023-05-30,155.4044647216797,155.8697475501877,149.35578795107537,150.28635360809142,6721000
2023-05-31,151.6822052001953,157.2655992566442,150.7516395241205,156.80031641860683,5216000
2023-06-01,152.14747619628906,153.5433246017596,150.286344988995,151.68219339446554,2488000
2023-06-02,152.61277770996094,154.47390914544826,151.21692913334545,153.5433434277046,2036000
2023-06-05,156.3350372314453,159.5920171737671,152.61277444022042,154.00862298692977,6117000
2023-06-06,153.5433349609375,156.80031479344223,151.68220362807764,156.33503196022727,2907000
2023-06-07,164.71014404296875,166.105992721299,153.5433546163268,154.4739204018803,9036000
2023-06-08,158.19618225097656,165.64070847455193,156.3350506950827,164.710142696605,6497000
2023-06-09,157.73089599609375,160.05731039131635,151.2169356894704,156.33504735896017,8798000
2023-06-12,157.26560974121094,160.98787269366562,154.47391252686992,160.05730695555195,4507000
2023-06-13,159.59201049804688,162.84899030412947,158.66144483916614,159.12672766860652,5086000
2023-06-14,159.1267547607422,162.8490180299993,157.2656231261136,161.45316930402788,3468000
2023-06-15,160.5225830078125,164.24484580219655,159.12673445991848,160.0573001585145,4033000
2023-06-16,157.73089599609375,167.03655357698423,157.73089599609375,164.24485630271707,8601000
2023-06-19,158.6614532470703,160.05730180936126,155.86975612248844,156.80032183068238,2090000
2023-06-20,160.98788452148438,162.8490161344495,154.93920677934767,159.59203581176052,3543000
2023-06-21,163.31427001953125,164.71011848123663,160.52257309612045,160.98785591668891,5163000
2023-06-26,160.5225830078125,162.84899725430253,160.0573001585145,162.38371440500453,2053000
2023-06-27,157.73089599609375,162.8490076655835,157.2656131170492,160.5225932703609,2620000
2023-06-28,155.8697509765625,160.52257936392257,155.8697509765625,160.05729652518656,1985000
2023-06-29,159.1267547607422,160.05732057805648,157.2656231261136,157.2656231261136,2058000
2023-06-30,161.45315551757812,161.91843838650485,158.19617543509096,159.12674117294443,2150000
2023-07-03,173.08523559570312,175.41165005263463,161.91844620243197,162.38372909381826,8028000
2023-07-04,168.89767456054688,171.6893716607212,162.84899751016914,171.6893716607212,9934000
2023-07-05,167.03652954101562,170.2935092256594,164.7101154805558,167.5018123531076,5165000
2023-07-06,164.24485778808594,167.96712085410488,164.24485778808594,167.03655508760016,3779000
2023-07-07,162.3837127685547,166.57125837003605,161.91842992394567,165.17540983620893,3947000
2023-07-10,161.45315551757812,165.17541846899204,161.45315551757812,163.77956986221182,2007000
2023-07-11,164.71014404296875,166.105992721299,160.98788090075476,163.3142953646385,3002000
2023-07-12,162.8489990234375,167.0365447126116,162.8489990234375,166.10597900390624,3260000
2023-07-13,172.5424041748047,176.4197615719913,167.6957074283214,169.63438612691473,8810000
2023-07-14,180.78179931640625,184.17448723923425,171.57307495444454,176.41977198705598,11203000
2023-07-17,177.38909912109375,187.08249251568904,176.90442945136397,181.75112614866163,5838000
2023-07-18,176.9044189453125,180.781776072881,174.4810707405822,180.29710643193494,3809000
2023-07-19,181.26644897460938,187.08248477058615,178.358431076621,183.2051275732683,7645000
2023-07-20,179.81243896484375,183.68979613928784,178.35843002442724,181.2664479052603,2945000
2023-07-21,181.75111389160156,183.2051228027344,174.96573897298177,175.45040861002605,3701000
2023-07-24,180.78179931640625,186.1131660522788,179.32779020662284,184.17448723923425,3765000
2023-07-25,191.92918395996094,198.22988949400008,181.75112117420545,182.23579083067,10244000
2023-07-26,192.41384887695312,199.19922390032173,189.0211613652688,190.95983994337413,7645000
2023-07-27,195.80653381347656,196.7758730897809,191.44450707010705,194.83719453717222,4370000
2023-07-28,205.4999237060547,209.37728075711232,193.86785255288177,199.19921849808603,11030000
2023-07-31,198.71456909179688,216.16267759741805,195.80655100752668,209.37730206745425,9548000
2023-08-01,196.77587890625,206.46927195581898,192.8985216864224,200.6532361260776,5552000
2023-08-02,181.75111389160156,197.26054227701823,179.81243534342448,196.77587263997395,6591000
2023-08-04,184.6591339111328,188.0518214108124,181.26644641145322,184.17446426832143,3442000
2023-08-07,188.0518341064453,189.50584313304154,181.26645864899626,184.6591463777208,2737000
2023-08-08,185.14381408691406,188.5365017796062,183.2051354053757,188.0518321092216,2120000
2023-08-09,191.4445037841797,196.77586971234672,189.50582526484624,189.99049489467959,6700000
2023-08-10,181.26644897460938,190.47517231823926,176.41975247796208,189.02116336924507,5565000
2023-08-11,190.47518920898438,198.22990429128402,189.0211801310532,189.99051951634067,10231000
2023-08-14,183.68978881835938,188.53648509325012,182.23577993589217,188.05181546576105,4733000
2023-08-15,186.11314392089844,189.99050108591715,185.14380462964374,188.53649214903513,3313000
2023-08-16,192.41384887695312,192.89851852147945,183.20512563095284,184.1744649200055,3679000
2023-08-17,195.80653381347656,197.74521236608524,189.50582851749837,189.99049815565053,4574000
2023-08-18,190.9598388671875,198.7145531359058,190.47516922539262,195.80653528513642,3893000
2023-08-21,189.99050903320312,194.35253602631238,188.53650003550004,192.8985270286093,2279000
2023-08-22,187.08248901367188,193.86786426287242,187.08248901367188,193.86786426287242,2515000
2023-08-23,185.14381408691406,189.0211714499908,183.2051354053757,188.5365017796062,2756000
2023-08-24,187.08248901367188,190.47517663827216,185.62848003170035,188.05182833498625,2618000
2023-08-25,185.14381408691406,191.92918947229836,185.14381408691406,186.11315342768324,2967000
2023-08-28,186.11314392089844,193.38318860530853,186.11314392089844,188.05182250340778,4749000
2023-08-29,185.14381408691406,188.0518321092216,182.7204657349911,187.56716243883702,2356000
2023-08-30,188.53648376464844,189.9904926368694,186.59780526835385,187.56714451650114,2292000
2023-08-31,190.9598388671875,191.44450850898238,187.56715137462325,188.53649065821304,2235000
2023-09-01,185.6284942626953,192.89853972990272,184.65915486706768,191.92920033427507,2924000
2023-09-04,193.3831787109375,193.3831787109375,186.59780401932565,187.08247364015506,3696000
2023-09-05,203.56126403808594,205.49994274321057,194.35254018874394,194.35254018874394,8036000
2023-09-06,202.10723876953125,205.9845958682273,200.16856022018322,203.56124768154228,4941000
2023-09-07,206.9539337158203,208.407942617805,202.10723737587134,203.56124627785604,4187000
2023-09-08,207.43861389160156,207.9232835502268,200.168569012223,205.98460491572587,4056000
2023-09-11,198.71456909179688,207.92329302531917,196.7758903689501,207.43862334460746,4740000
2023-09-12,203.56126403808594,205.98461241949173,199.68390662783668,199.68390662783668,3573000
2023-09-13,202.10723876953125,205.0152565935533,201.13789949485724,203.56124768154228,1515000
2023-09-14,212.28530883789062,212.28530883789062,203.07658539515108,203.07658539515108,5689000
2023-09-15,210.831298828125,220.04002222521552,208.40795056573276,213.7393167429957,9706000
2023-09-18,205.98460388183594,209.37729147518382,205.4999342256434,207.92328250660614,2781000
2023-09-19,209.37730407714844,213.2546615600586,206.46928596496582,206.9539556503296,4142000
2023-09-20,205.98460388183594,213.7393183809168,205.01526456945084,208.89262181899127,4240000
2023-09-21,200.65322875976562,206.46926437599072,195.8065324129114,204.0459162025636,4627000
2023-09-22,205.4999237060547,205.4999237060547,197.2605399725572,197.7452096039394,1995000
2023-09-25,204.5305938720703,207.43861179442203,204.04592421834502,205.98460283324616,1342000
2023-09-26,198.22987365722656,205.98458754112784,198.22987365722656,205.01524830564017,2556000
2023-09-27,199.19923400878906,199.68390367791022,193.86786764845652,196.2912159940622,3312000
2023-09-28,198.71456909179688,202.10725685677878,195.80655100752668,200.16857813393196,2481000
2023-10-02,206.46926879882812,206.9539384438958,200.16856341294837,200.65323305801604,3363000
2023-10-03,202.59190368652344,207.43859994696658,202.10723406047913,206.46926069487796,2143000
2023-10-04,199.19923400878906,201.13791268527365,197.2605553323045,201.13791268527365,2128000
2023-10-05,200.16856384277344,202.59191207331548,199.68389419666502,200.65323348888182,1257000
2023-10-06,199.19923400878906,204.04593070000047,198.71456433966793,202.1072520235159,1854000
2023-10-11,191.92918395996094,201.13790743278736,191.92918395996094,201.13790743278736,3567000
2023-10-12,205.0152587890625,206.4692677166445,197.26054450862514,197.74521415115248,5637000
2023-10-13,207.92327880859375,210.83129669402862,206.9539395134488,207.43860916102128,4915000
2023-10-16,200.65322875976562,205.49992510661988,199.19921985570937,205.49992510661988,2637000
2023-10-17,200.65322875976562,204.0459162025636,199.6838894903948,203.07657693319274,1231000
2023-10-18,194.8372039794922,200.168570257538,191.92918600964902,200.168570257538,3657000
2023-10-19,188.0518341064453,193.86787021283024,186.113155404317,192.41386118623402,4182000
2023-10-20,187.56715393066406,188.05182357906372,183.20512709506724,186.59781463386477,2300000
2023-10-23,187.56715393066406,190.95984146946162,184.6591360402662,185.62847533706548,1548000
2023-10-24,192.41384887695312,192.41384887695312,188.05182207621615,190.4751702988478,1664000
2023-10-25,191.92918395996094,195.3218715552128,191.92918395996094,193.86786258581913,923000
2023-10-26,186.11314392089844,188.53649214903513,186.11314392089844,187.56715285778046,1352000
2023-10-27,186.59780883789062,189.50582663796163,184.65913030450994,187.56714810458095,1362000
2023-10-30,190.47518920898438,190.9598589016281,187.0825013604783,187.56717105312202,852000
2023-10-31,183.20513916015625,191.92919340587798,182.2357997995205,191.4445237255601,1750000
2023-11-01,180.29710388183594,186.1131394909274,177.3890860772902,186.1131394909274,2521000
2023-11-02,190.47518920898438,190.9598589016281,182.72047412668476,183.2051438193285,2372000
2023-11-03,196.77587890625,198.7145575161638,192.8985216864224,194.35253064385776,4980000
2023-11-06,205.0152587890625,206.95393735917185,199.68389272126183,200.6532320063165,6390000
2023-11-07,206.9539337158203,207.92327298381008,203.07657664386113,203.07657664386113,2722000
2023-11-08,208.407958984375,209.86196800054506,202.59192291969475,207.9232893123183,3181000
2023-11-09,207.43861389160156,209.86196218472776,205.49993525710062,207.43861389160156,2133000
2023-11-10,211.3159637451172,213.25464231158614,205.98459768732752,206.46926732894477,7146000
2023-11-13,219.5553436279297,221.00935252612788,213.73930803513684,214.22397766786958,6951000
2023-11-14,216.1626739501953,221.00937067553602,212.76998624245684,221.00937067553602,4141000
2023-11-15,216.6473388671875,220.5246961623497,214.22399055771112,219.55535683855913,2846000
2023-11-16,219.0706787109375,221.00935728360065,214.2239822792796,219.55534835410327,2477000
2023-11-17,217.61666870117188,226.34072223484912,215.1933204973726,220.0400169049711,5763000
2023-11-20,216.1626739501953,219.07069198539975,214.22399526005904,219.07069198539975,1562000
2023-11-21,216.1626739501953,219.55536165793382,214.7086649325931,218.1013526403316,1667000
2023-11-22,219.0706787109375,220.04001799726908,215.19332156561117,216.16266085194275,1701000
2023-11-23,210.34661865234375,224.40203787104875,209.86194902411253,220.04001121696788,4704000
2023-11-24,207.92327880859375,211.80063598917357,206.9539395134488,210.34662704645615,1808000
2023-11-27,202.10723876953125,208.89261369224934,202.10723876953125,208.89261369224934,1622000
2023-11-28,208.407958984375,208.8926286564317,203.56126226380815,203.56126226380815,1479000
2023-11-29,209.37730407714844,211.31598281860352,206.9539556503296,206.9539556503296,1160000
2023-11-30,212.28530883789062,213.2546481476527,209.37729090860444,211.8006391830096,4016000
2023-12-01,209.37730407714844,212.28532218933105,208.89263439178467,212.28532218933105,1180000
2023-12-04,205.0152587890625,210.8312944993905,205.0152587890625,210.34662485686317,1531000
2023-12-05,201.13790893554688,204.0459268960608,199.19923029520425,203.56125723597515,1685000
2023-12-06,202.10723876953125,205.49992623089028,202.10723876953125,202.59190840686827,865000
2023-12-07,200.16856384277344,204.0459210116407,199.68389419666502,202.10724242720707,1089000
2023-12-08,202.10723876953125,208.40794405491232,202.10723876953125,203.07657804420526,1492000
2023-12-11,203.0765838623047,205.9846017696408,201.13790525741396,203.5612535135274,944000
2023-12-12,203.56126403808594,208.4079608008975,203.56126403808594,206.95395177205404,1022000
2023-12-13,204.5305938720703,205.49993317952087,203.07658491089444,205.49993317952087,820000
2023-12-14,209.86195373535156,215.67798940469157,206.95393590068156,207.43860553979323,4203000
2023-12-15,208.8926239013672,213.25465085058366,208.40795424034312,212.76998118955962,1625000
2023-12-18,207.43861389160156,210.83130150197823,206.4692745743511,209.3772925261025,1185000
2023-12-19,209.37730407714844,210.34664344787598,205.0152769088745,207.43862533569336,1744000
2023-12-20,206.9539337158203,214.70864785973862,206.9539337158203,212.28529968976414,3302000
2023-12-21,205.4999237060547,206.4692629688191,202.59190591776144,203.56124518052584,939000
2023-12-22,206.46926879882812,207.92327773403113,205.0152598636251,206.9539384438958,557000
2023-12-25,200.65322875976562,207.923273280047,200.65322875976562,207.923273280047,1965000
2023-12-26,203.0765838623047,203.5612535135274,199.1992266525232,201.62257490863664,986000
2023-12-27,204.5305938720703,205.49993317952087,203.07658491089444,203.07658491089444,764000
2023-12-28,209.37730407714844,210.34664344787598,204.53060722351074,205.98461627960205,1932000
2023-12-29,210.831298828125,212.28530778556035,208.40795056573276,210.831298828125,1664000
2024-01-02,226.8253936767578,229.24874189980008,216.16266149537176,216.16266149537176,12372000
2024-01-03,231.67208862304688,234.58010647187174,221.9786957936307,222.4633654351015,6849000
2024-01-04,224.40203857421875,234.58010079896732,218.58600301721955,232.6414222799676,5868000
2024-01-05,218.5860137939453,223.43271033039642,217.13200483300997,223.43271033039642,2539000
2024-01-08,223.91737365722656,227.7947307768322,219.5553468976702,221.0093558175223,2640000
2024-01-09,246.21217346191406,246.21217346191406,231.67208447794275,234.58010227473702,12268000
2024-01-10,249.60488891601562,249.60488891601562,241.36550423335103,243.78885266942885,10917000
2024-01-11,244.2735137939453,247.6662014855279,238.94214742145843,247.6662014855279,5417000
2024-01-12,243.78883361816406,249.6048694102475,241.36548537146263,242.3348246701432,7200000
2024-01-15,256.87493896484375,260.2676268379643,245.24286625700177,247.1815450416421,7366576
2024-01-16,256.87493896484375,261.2369662302845,253.96692078788325,256.87493896484375,4665000
2024-01-17,253.48220825195312,258.8135740086864,250.08952095221377,255.9055563231955,3605000
2024-01-18,247.1815185546875,255.42090250651043,246.69684891046262,252.99755428538603,3996000
2024-01-19,255.4208984375,267.5376393500949,253.96688952798863,257.3595769835152,7979000
2024-01-22,263.6602783203125,267.53763535443477,257.84424276912915,257.84424276912915,4508000
2024-01-23,258.8135681152344,263.66026414735484,255.90555049596207,262.69092494093076,2008000
2024-01-24,255.4208984375,263.17561262156073,255.4208984375,258.8135858930266,2081000
2024-01-25,251.5435333251953,258.8135776409524,249.12018521994295,257.359568777801,2731000
2024-01-26,252.51290893554688,254.4515876989676,249.12022109956064,251.54356955383653,1699000
2024-01-29,257.3595886230469,257.8442582814707,252.0282223803849,253.48223135565635,1771000
2024-01-30,260.75225830078125,261.23692792587565,256.8749013000261,256.8749013000261,1374000
2024-01-31,268.0223083496094,273.83834397383237,260.75226381933066,260.75226381933066,5229000
2024-02-01,269.96099853515625,273.35368612895536,261.721614378787,267.53765025387116,2889000
2024-02-02,269.96099853515625,275.2923647539834,268.0223199101282,274.3230254414694,2761000
2024-02-05,266.5683288574219,272.8690348122337,263.66031072443184,269.47634699041197,2079000
2024-02-15,288.86309814453125,293.2251247943648,265.5989560120858,271.41499154519715,6134000
2024-02-16,296.1331481933594,301.4645142001138,288.8631036386942,289.3477732756719,4302000
2024-02-19,286.9244079589844,295.1637912956444,284.50105991879025,293.70978247152794,2436000
2024-02-20,288.86309814453125,288.86309814453125,283.0470626114199,284.5010714946977,1778000
2024-02-21,317.4586181640625,317.4586181640625,291.77112692330627,291.77112692330627,7932000
2024-02-22,329.0906982421875,335.87607346367594,313.096599505822,320.8513140446659,8652000
2024-02-23,329.5753479003906,338.2994012271657,322.7899730906767,329.5753479003906,4003000
2024-02-26,310.1885681152344,327.6366750717163,308.24988956451415,327.6366750717163,4063000
2024-02-27,312.12725830078125,322.3053210714589,305.826552776076,312.6119279565278,3916000
2024-02-29,313.0965881347656,319.39729346874697,309.21923100616175,311.64257921153916,2284000
2024-03-01,316.00457763671875,319.39726481993506,311.15788166069547,316.00457763671875,2261000
2024-03-04,322.78997802734375,328.6060136674761,316.4892727505337,322.78997802734375,3029000
2024-03-05,321.33599853515625,335.3914192855628,310.6732655520892,333.4527405613688,4436000
2024-03-06,313.5812683105469,319.8819738561993,312.61192899583114,316.973955912052,1992000
2024-03-07,311.15789794921875,322.30529927761756,310.18855870327104,314.5505853100358,2415000
2024-03-08,280.1390380859375,306.3111973534818,280.1390380859375,303.8878492731536,7702000
2024-03-11,292.740478515625,294.1944875148748,276.2617098574607,281.10840652162665,4792000
2024-03-12,310.1885681152344,316.97394304275514,289.83244333267214,289.83244333267214,4529000
2024-03-13,310.1885681152344,310.1885681152344,310.1885681152344,310.1885681152344,0
2024-03-14,291.28643798828125,304.37251756512586,284.98573300683756,304.37251756512586,2292000
2024-03-15,302.91851806640625,308.73455361328126,291.2864469726562,292.25578623046874,3450000
2024-03-18,302.91851806640625,302.91851806640625,302.91851806640625,302.91851806640625,0
2024-03-19,314.5506286621094,322.7900133882355,312.12728021324875,312.12728021324875,2993000
2024-03-20,314.5506286621094,314.5506286621094,314.5506286621094,314.5506286621094,0
2024-03-21,301.4645080566406,313.5812487341583,300.4951688024392,311.1579005986548,1839000
2024-03-22,303.4031982421875,305.3418768252047,297.10249284738165,303.4031982421875,1229000
2024-03-25,303.4031982421875,303.4031982421875,303.4031982421875,303.4031982421875,0
2024-03-26,297.587158203125,306.7958813397038,295.6484796480558,303.40319386833266,1648000
2024-03-27,299.52587890625,304.85724568289845,294.67918183656957,296.61786066444176,986000
2024-03-28,295.1638488769531,303.88790352356256,295.1638488769531,302.91856411838376,954000
2024-03-29,302.91851806640625,303.4031876953125,295.6484736328125,296.1331432617187,737000
2024-04-01,311.15789794921875,315.03525493300964,305.82653209650624,306.795871342454,2128000
2024-04-02,316.9739685058594,322.79000462523294,309.7039233566424,310.1885930332569,2995000
2024-04-03,314.0659484863281,320.85132391658834,312.1272697919681,317.9433058750482,1325000
2024-04-08,314.0659484863281,318.42797554863824,308.249912403248,318.42797554863824,1049000
2024-04-09,315.0352478027344,333.4526930588942,315.0352478027344,317.4585958627554,3271000
2024-04-10,327.1520080566406,337.8147401710793,319.39729379159434,319.39729379159434,5799000
2024-04-11,359.6248779296875,359.6248779296875,318.91262759802476,325.6980026533019,5706000
2024-04-12,395.49041748046875,395.49041748046875,368.34891824161303,368.34891824161303,6997000
2024-04-15,378.5270080566406,405.6685092745303,374.164981075194,399.36780363466306,6563000
2024-04-16,364.95623779296875,381.43500550208023,358.6555324924261,376.10363947854415,4142000
2024-04-17,401.30645751953125,401.30645751953125,368.3489223609224,368.3489223609224,4482000
2024-04-18,381.43499755859375,402.7604612086295,379.98098867336404,398.8831041813503,5059000
2024-04-19,385.3123779296875,397.4291193740173,364.95625230321343,372.22629716981135,5991000
2024-04-22,357.2015686035156,387.73575967817163,355.74755950472246,387.73575967817163,5362000
2024-04-23,374.16497802734375,380.9503532765443,363.98691515354295,368.3489420994576,4898000
2024-04-24,390.1590881347656,397.91380292999077,379.01168561662945,381.4350339901373,5880000
2024-04-25,369.3182678222656,387.7357142490978,367.37958925102015,381.9196785353613,3335000
2024-04-26,389.6744079589844,404.69916746984075,376.1036574330496,377.07299675633067,7211000
2024-04-29,417.7852478027344,424.57062305707115,397.91379170074816,402.27581864996466,7269000
2024-04-30,429.41729736328125,440.5646989878359,409.0611726575726,423.1165920972286,6940000
2024-05-02,414.3925476074219,426.5092887655336,414.3925476074219,426.5092887655336,3059000
2024-05-03,394.03643798828125,426.0246359061491,392.5824289920145,420.69326958650447,4848000
2024-05-06,385.79705810546875,411.9692203387543,380.950361395601,397.91379988013796,4824000
2024-05-07,399.3677978515625,405.1838337426047,385.31237778154394,392.58242264534664,4248000
2024-05-08,411.9692077636719,411.9692077636719,399.36779670266543,399.36779670266543,3455000
2024-05-09,433.7793273925781,448.8040862184663,413.90787217124216,424.57060424122733,9327000
2024-05-10,417.3005676269531,438.1413625258602,414.87721938289417,432.32532674011867,5653000
2024-05-13,415.8465576171875,424.57061127349215,410.03052184631775,423.60127197834714,2758000
2024-05-14,422.6319274902344,429.41730247287575,402.27580254231026,416.8158917908275,4019000
2024-05-15,410.9998474121094,434.26398971845515,410.9998474121094,430.8713022987797,3798000
2024-05-16,421.1779479980469,428.4479931303492,412.9385635147709,416.33125124317866,2838000
2024-05-17,426.5093078613281,426.5093078613281,417.78525383689185,423.6012898531827,1464000
2024-05-20,413.4232177734375,432.3253344125513,413.4232177734375,429.4173164680722,3846000
2024-05-21,429.9019775390625,434.2640043686584,417.3005666980077,417.78523634574054,4036000
2024-05-22,462.3748474121094,471.0989011368662,431.84065937546063,435.23334693508826,7082000
2024-05-23,455.5894775390625,472.55291553253824,449.7734416555851,465.2828706781915,4534000
2024-05-24,493.3937072753906,501.1484217315854,460.436170836563,465.2828673716847,9880000
2024-05-27,482.2463073730469,504.0564418773555,479.33828943913903,500.1790846321451,4332000
2024-05-28,480.3076171875,501.1484118787841,476.91492967961653,484.66964398335017,4205000
2024-05-29,476.9149475097656,485.6390014276272,466.25221494349034,480.30763514448955,3367000
2024-05-30,478.3689270019531,489.51632854303205,466.2521861964325,468.67553435753666,3086000
2024-05-31,467.2215270996094,490.4856695278057,466.7368574656886,483.21562501899433,2854000
2024-06-03,474.97625732421875,484.66965033083545,467.2215429189254,473.03757872289543,1659000
2024-06-04,469.1602478027344,479.3383110298598,468.19090844777,471.098926512663,1217000
2024-06-05,482.73095703125,489.51633192927966,465.2828501506024,471.09888577748495,3005000
2024-06-06,475.9455871582031,498.24039062997235,474.97624787682184,487.5776585347784,2953000
2024-06-07,481.2769775390625,484.1849955302351,472.55292356554475,476.91495055230365,1205000
2024-06-11,490.4856872558594,492.42436586161375,473.0375798040699,483.700312135719,2168000
2024-06-12,520.5352172851562,529.2592712061365,488.5470195748952,492.4243768731087,5633000
2024-06-13,542.8300170898438,548.646052987235,521.5045521327428,528.2899273463659,5381000
2024-06-14,520.5352172851562,548.6460576972038,513.7498420132827,540.8913431007769,4413000
2024-06-17,502.11773681640625,518.5965042408828,502.11773681640625,513.7498079395663,2739000
2024-06-18,507.9337463378906,526.351191338692,506.96440712732215,510.8417639695961,2920000
2024-06-19,508.90313720703125,520.5352089146205,497.271065499442,511.8111551339286,2481000
2024-06-20,512.7804565429688,515.6884742549327,500.17904645779186,507.93376035636226,1513000
2024-06-21,511.8111267089844,525.3818762808135,505.9950911782005,505.9950911782005,2104000
2024-06-24,502.11773681640625,521.5045220216729,500.1790582958796,517.6271649806196,1785000
2024-06-25,519.5658569335938,521.5045355042415,490.4856783738777,505.99510693905955,2890000
2024-06-26,522.473876953125,527.3205733998145,513.749823349084,513.749823349084,1474000
2024-06-27,522.473876953125,528.2899126891524,514.7191626384218,522.473876953125,2114000
2024-06-28,513.7498779296875,535.0753445607311,513.7498779296875,522.473932460569,2062000
2024-07-01,531.1979370117188,533.1366156139513,508.9031330860444,513.7498295916258,2752000
2024-07-02,522.473876953125,536.0446270038556,516.6578412170976,531.197930557166,1667000
2024-07-03,518.5965576171875,530.228629937573,516.6578788971233,526.3512724974445,936000
2024-07-04,518.5965576171875,526.3512724974445,513.7498608170268,525.3819331374124,1141000
2024-07-05,564.1554565429688,569.9714921774323,521.5045285569024,522.473867829313,4017000
2024-07-08,532.1672973632812,567.0635135838243,523.4432433081455,567.0635135838243,3532000
2024-07-09,555.431396484375,579.6648780063808,543.7993253538122,543.7993253538122,4091000
2024-07-10,581.6036376953125,587.4196740722656,548.6460982259114,556.4008133951822,3267000
2024-07-11,608.5978393554688,626.2668088851436,588.9656509891632,595.8369169173702,3736000
2024-07-12,584.0576171875,602.708196559874,584.0576171875,591.9104927127102,1768000
2024-07-15,623.3219604492188,635.1012730876291,588.9656319205217,594.8552882397269,4136000
2024-07-16,605.6530151367188,640.0093450067109,590.928873763865,626.2668130587141,3552000
2024-07-17,611.5426635742188,621.3587576925851,594.855303572996,603.6897882795257,2608000
2024-07-18,598.78173828125,605.653004130379,583.0759877689549,592.8920818391393,2286000
2024-07-19,579.1495361328125,601.7265519481595,568.351832916777,601.7265519481595,3624000
2024-07-22,521.234619140625,586.0208429886122,521.234619140625,574.2415295617055,4088000
2024-07-23,544.793212890625,549.7012598536037,512.4001029349663,525.1610250387106,4139000
2024-07-26,563.44384765625,575.2231615445339,502.58405923344947,509.4553256682818,3808000
2024-07-29,516.3265380859375,576.2047107536984,513.3817099219492,573.2598825897101,4136000
2024-07-30,544.793212890625,545.7748222832207,505.5288371867962,511.4184935423705,3249000
2024-07-31,531.0507202148438,545.7748621801352,525.1610634287272,536.9403770009603,2123000
2024-08-01,542.8299560546875,553.627658616354,534.9770814643846,547.7380026736269,2066000
2024-08-02,525.1610717773438,546.7564803364121,518.2898054176402,521.2346338575131,2478000
2024-08-05,472.6449279785156,503.56562420140915,472.6449279785156,497.6759677780009,2873000
2024-08-06,466.26446533203125,494.7311379523026,430.43572220651726,490.3138956491571,4037000
2024-08-07,512.4000854492188,512.4000854492188,478.04375788078454,480.00697659898077,1968000
2024-08-08,548.7196655273438,560.49897856192,502.5840228085868,502.5840228085868,5103000
2024-08-09,562.462158203125,577.1862984702225,556.5725020962859,557.5541114474258,4505000
2024-08-12,549.7012939453125,572.2783113752093,549.7012939453125,555.5909506661552,2486000
2024-08-13,580.1311645507812,585.039211628199,551.6644915017581,551.6644915017581,5146000
2024-08-14,636.0829467773438,637.0645562631113,594.8553483751085,594.8553483751085,4878000
2024-08-15,652.770263671875,657.6783107671523,630.1932470335996,636.0829035479323,4480000
2024-08-16,653.7518310546875,667.4943620378191,642.9541281393699,662.5863152581293,3692000
2024-08-19,680.2553100585938,687.1265758167614,654.7334658139712,659.6415127840909,3441000
2024-08-20,675.3472900390625,693.9978692697924,669.4576334398846,683.200165504633,2994000
2024-08-21,701.8507080078125,706.7587549169581,665.5311608801355,679.273692225743,3512000
2024-08-22,728.3541870117188,761.7289071712853,709.7036080990197,709.7036080990197,5497000
2024-08-23,792.1588134765625,799.0300795166319,712.6484492986176,713.6300587329132,6426000
2024-08-26,783.3242797851562,844.1840609213464,756.8208267097186,794.1219828899642,7402000
2024-08-27,799.030029296875,818.6622167488866,773.5081856092598,791.1771543160703,4815000
2024-08-28,759.7656860351562,808.846156709262,748.967982486853,797.0668437474766,5680000
2024-08-29,753.8760375976562,780.3794920444489,745.0415527820587,745.0415527820587,3658000
2024-08-30,753.8760375976562,768.6001789569855,736.2070679664612,766.636960109075,3226000
2024-09-02,739.1519165039062,770.5634189316951,737.1886976021694,761.7289338738794,2061000
2024-09-03,741.1151123046875,757.8024724492964,733.2622369425187,746.0231594060431,1845000
2024-09-04,748.9679565429688,767.618534753082,687.1265656357511,706.7587532253441,5187000
2024-09-05,732.2806396484375,769.5817982364276,727.3725924658072,764.6737510537973,4024000
2024-09-06,719.5197143554688,748.9679973440964,717.5564954895602,736.2070747156911,2658000
2024-09-09,730.3173828125,735.2254297400033,709.7035857169859,716.5748514154906,2365000
2024-09-10,707.7403564453125,747.0047312827778,692.0346065103264,744.0599031699679,3596000
2024-09-11,736.20703125,739.151859375,701.850703125,715.593234375,2635000
2024-09-12,765.6553344726562,777.4346473106972,743.0783181997447,754.8576310377855,4468000
2024-09-13,772.526611328125,779.3978772484513,751.9128135671458,766.636954824988,3043000
2024-09-16,774.4898071289062,799.0300418288082,772.5265883529141,780.3794634568827,3822000
2024-09-18,752.8944091796875,786.2691287521899,750.931190381305,779.3978629578512,1842000
2024-09-19,799.030029296875,804.9196855324785,757.8024356476506,758.7840450202511,3658000
2024-09-20,783.3242797851562,822.5886547117306,770.5633579340197,820.6254359654018,3872000
2024-09-23,760.7472534179688,789.2139248361896,760.7472534179688,789.2139248361896,1891000
2024-09-24,736.20703125,769.58175,729.335765625,758.7840468750001,2593000
2024-09-25,746.0231323242188,778.416242017244,742.0966947856703,747.986351093493,3553000
2024-09-26,750.93115234375,771.544948682598,746.0231055964052,755.8391990910948,2316000
2024-09-27,745.04150390625,776.4530034121789,739.1518477488884,759.7656442996542,3561000
2024-09-30,733.2622680664062,748.9680194573868,729.3358302186612,745.0415816096418,1571000
2024-10-01,749.9495849609375,760.7472884093279,733.2622250861522,743.0783191301435,1990000
2024-10-04,716.5748291015625,763.6920781383776,708.7219542620934,763.6920781383776,3026000
2024-10-07,738.1702880859375,749.9496011936918,729.3358032551217,729.3358032551217,1862000
2024-10-08,780.3794555664062,780.3794555664062,729.3357679067168,738.1702523093553,3954000
2024-10-09,753.8760375976562,800.0116805235546,744.0599433581035,799.0300710995992,4011000
2024-10-11,770.5633544921875,778.4162294424264,752.8943858541501,761.7288701731688,2221000
2024-10-14,780.3794555664062,782.3426743225482,755.8392211146324,765.655314895342,1849000
2024-10-15,834.3680419921875,850.073793370864,783.324350011489,786.2691783949908,7099000
2024-10-16,823.5702514648438,841.2392199110502,817.6805953161083,824.5518608229663,2952000
2024-10-17,823.5702514648438,838.2943918366825,805.9012830186374,834.3679544041921,2723000
2024-10-18,811.7909545898438,843.2024546465245,802.9564701989023,841.2392358929819,2730000
2024-10-21,813.754150390625,828.4782906268848,810.8093223433731,817.680587786961,1551000
2024-10-22,818.6622314453125,839.2760286399787,812.7725751039793,815.7174032746459,2563000
2024-10-23,844.18408203125,844.18408203125,819.6438470884812,823.5702846793241,2654000
2024-10-24,844.18408203125,858.9082229969114,829.4599410655887,845.1656914289608,2967000
2024-10-25,798.0484619140625,844.1841048537439,789.2139770958256,844.1841048537439,3986000
2024-10-28,791.1771850585938,805.9013262197338,769.581778022255,803.9381073982485,2432000
2024-10-29,783.3242797851562,793.1403735167999,758.7840454560474,785.287498531485,2988000
2024-10-30,790.1956176757812,796.085274453489,770.5634284167556,790.1956176757812,1815000
2024-11-01,774.4898071289062,789.2139479488475,762.7104944729533,772.5265883529141,2314000
2024-11-04,802.9564819335938,808.8461382802949,760.7472781155686,777.4346377645553,2242000
2024-11-05,805.9013671875,821.6071185577802,798.0484915023599,798.0484915023599,2156000
2024-11-06,816.6990356445312,822.5886921515831,810.8093791374793,817.6806450623732,1255000
2024-11-07,814.73583984375,819.6438870717244,804.9197453878012,816.6990587349397,1403000
2024-11-08,825.5335083007812,834.367992931824,809.827757845594,819.643851880086,2570000
2024-11-11,803.9381103515625,834.3680021963714,803.9381103515625,829.459955124628,1625000
2024-11-12,747.9863891601562,799.0300797590121,747.9863891601562,796.085251455232,3750000
2024-11-13,799.030029296875,822.588654239289,754.8576075298488,755.8392169024494,5792000
2024-11-14,782.3427124023438,795.103634938392,773.5082275696949,787.2507595315931,2443000
2024-11-15,776.4530639648438,803.9381281759887,775.4714545287314,795.1036432509778,2246000
2024-11-18,736.20703125,780.379453125,733.262203125,777.434625,2353000
2024-11-19,748.9679565429688,768.6001441325617,746.0231284045299,750.9311753019281,2037000
2024-11-20,731.2990112304688,760.747293561897,717.5564794758022,756.8208559177066,2851533
2024-11-21,733.2622680664062,751.9128478431958,722.4645639851071,727.3726112947885,1876000
2024-11-22,731.2990112304688,751.9128088624685,726.3909641752307,744.0599335740876,1900000
2024-11-25,738.1702880859375,753.8760388962766,733.2622409577065,743.0783352141684,1678000
2024-11-26,748.9679565429688,748.9679565429688,720.501284538059,735.2254252302538,2516000
2024-11-27,746.0231323242188,759.7656637091386,731.2989915546618,746.0231323242188,2641000
2024-11-28,701.8507080078125,751.912786481097,688.108176662205,746.0231301901224,5104000
2024-11-29,765.6553344726562,765.6553344726562,702.8323326697716,706.7587702824519,5055000
2024-12-02,763.692138671875,767.6185764028357,746.0231688825514,760.7473103736544,2639000
2024-12-03,794.1220092773438,795.1036186831253,750.9311954229518,775.4714305674927,4013000
2024-12-04,814.73583984375,818.6622776261295,785.2875564759036,785.2875564759036,4071000
2024-12-05,878.5404052734375,888.3564991871071,815.7174042259514,831.4231544878229,7394000
2024-12-06,857.9266357421875,885.4116995874749,846.1473226656357,881.485261895291,3591000
2024-12-09,849.0921630859375,868.724351827809,845.1657253375632,863.816304642341,1914000
2024-12-10,834.3680419921875,863.8163258272059,833.3864325310202,848.1105744485294,2096000
2024-12-11,847.12890625,856.9450001810545,828.4783277809966,829.459937174102,1846000
2024-12-12,847.12890625,861.8530471465817,845.1656874637891,855.963390787949,1207000
2024-12-13,845.1657104492188,857.9266329066402,840.2576633502106,847.1289292888221,1126000
2024-12-16,832.40478515625,868.7243335651901,832.40478515625,858.9082394006117,2060000
2024-12-17,896.2093505859375,907.9886629704185,835.3495699327851,844.1840542211459,4988000
2024-12-18,901.117431640625,912.8967444725287,879.5220247821351,883.4484623927697,2358000
2024-12-19,876.5772094726562,885.41169422658,859.8898493819114,874.613990638451,2123000
2024-12-20,855.96337890625,883.4484415316801,854.0001601472908,880.5036133932412,1275000
2024-12-23,861.85302734375,873.6323397903616,857.9265898615461,868.7242929376067,1021000
2024-12-24,848.1105346679688,873.6323794612177,847.1289252528437,872.6507700460928,1485000
2024-12-25,880.5036010742188,891.3013040974255,855.9633669305672,857.9265856620593,3245000
2024-12-26,872.6508178710938,892.283007249521,871.6692084021723,883.4485220292287,1413000
2024-12-27,907.9887084960938,907.9887084960938,872.6507695708405,875.5955978146116,2578000
2024-12-30,904.062255859375,907.9886934526838,886.393286689485,907.0070840543567,1528000
2024-12-31,908.9703369140625,908.9703369140625,888.3565387767026,899.1542425629387,1284000
2025-01-02,861.85302734375,908.9702771301965,854.0001523793422,906.0254490185436,2859000
2025-01-03,877.558837890625,888.3565417125454,863.8163057536353,871.6691812604865,2007000
2025-01-06,884.4300537109375,906.0254601278527,878.5403974154152,891.301319389047,1632000
2025-01-07,966.88525390625,972.774910275222,885.4116741354695,899.154205663071,5899000
2025-01-08,974.7381591796875,981.609425155778,948.2347047004815,964.9220649281298,5221000
2025-01-09,934.4921264648438,1020.8737516002494,932.5289077117664,981.6093765387014,5533000
2025-01-10,930.5657348632812,960.0140176121192,927.6209065883975,941.3634385378551,2391000
2025-01-13,872.6508178710938,926.6393386617688,867.7427705264869,926.6393386617688,2800000
2025-01-14,909.951904296875,909.951904296875,864.7978723684432,873.6323568761799,2365000
2025-01-15,846.1472778320312,914.85993380447,836.3311841216829,902.099011981017,4053000
2025-01-16,864.7979125976562,893.2645862245938,862.8346937268329,873.632397516361,3221000
2025-01-17,882.4668579101562,887.3749049508134,850.073747441819,871.6691544207105,2455000
2025-01-20,892.282958984375,893.2645684001994,876.5772083311847,884.4300836577798,1449000
2025-01-21,865.7794799804688,897.1909803879234,854.0001673276732,897.1909803879234,2508000
2025-01-22,864.7979125976562,885.4117107413007,856.9450371143631,873.632397516361,2657000
2025-02-03,778.416259765625,807.8645419761782,778.416259765625,787.250744428791,2291759
2025-02-04,732.2806396484375,796.085253022631,724.427764156229,795.103643586105,5112911
2025-02-05,804.9197387695312,804.9197387695312,742.0967347680069,747.9863913931498,3538012
2025-02-06,807.8645629882812,845.1657214251642,805.9013441231821,816.6990478812272,3832950
2025-02-07,833.3863525390625,834.3679619060108,798.0484153289256,809.8277277323045,2261878
2025-02-10,805.9013671875,825.5335564003501,805.9013671875,822.5887280184227,1452094
2025-02-11,834.3680419921875,849.0921839096967,824.5519473805148,825.533556841682,2505282
2025-02-12,827.4967041015625,842.2208447439391,823.5702665969287,834.3679697346715,1509355
2025-02-13,825.5335083007812,837.3128211421716,819.643851880086,832.4047741249257,1368430
2025-02-14,850.07373046875,879.5220121247113,832.4047614751731,832.4047614751731,4666434
2025-02-17,844.18408203125,869.7059263717297,839.2760350426962,856.9450042014898,2346694
2025-02-18,858.9082641601562,868.7243586077009,847.1289508231027,855.9634358258929,1791286
2025-02-19,874.614013671875,888.3565458732288,847.1289492691674,858.9082625846135,2583395
2025-02-20,861.85302734375,896.2093553130338,855.9633711204442,877.5587772725655,3269804
2025-02-21,848.1105346679688,878.5404265368426,846.1473158377188,861.8530664797182,2341621
2025-02-24,796.0852661132812,838.2944725779805,785.2875621339396,834.3680347673109,4770591
2025-02-25,768.6001586914062,802.9564876239723,766.6369398952596,787.2507372547993,3478117
2025-02-26,763.692138671875,777.4346707302377,760.7473103736544,764.6737481046151,2203148
2025-02-27,766.636962890625,792.1588080060619,761.728915753041,776.453057165793,3334751
2025-03-03,711.6668090820312,747.0047471881735,706.7587621228448,741.1150908371498,4828306
2025-03-04,716.5748291015625,724.4277039410317,672.4024081295485,672.4024081295485,3633037
2025-03-05,764.6737060546875,768.6001435697308,721.482893389211,731.2989871768192,3392635
2025-03-06,741.1151123046875,771.5450043330919,739.1518934641454,767.6185666520075,2328595
2025-03-07,722.4645385742188,754.8576496787693,719.5197102919868,732.280632848325,2209609
2025-03-10,722.4645385742188,722.4645385742188,722.4645385742188,722.4645385742188,0
2025-03-11,705.7771606445312,707.7403794502184,660.6231281137267,687.1265819905033,3674571
2025-03-12,699.8875122070312,720.5013099017685,696.9426839649259,720.5013099017685,2021449
2025-03-13,702.8323364257812,735.2254469035058,702.8323364257812,722.4645245940992,2340046
2025-03-14,687.1265869140625,713.6300409807477,677.3104928152901,711.6668221609933,2400229
2025-03-17,691.0530395507812,716.5748847614635,690.0714301196011,704.7955715873024,1954892
2025-03-18,709.70361328125,714.6116603993776,697.9243001977437,702.8323473158713,1599494
2025-03-19,691.0530395507812,709.7036187432029,689.0898206884211,709.7036187432029,1372897
2025-03-20,711.6668090820312,711.6668090820312,687.1265742860991,704.7955433391702,1602387
2025-03-21,706.7587890625,710.685226779514,693.0162570529515,710.685226779514,1656246
2025-03-24,704.7955932617188,728.3542203345339,703.8139838003515,713.6300784140244,2744579
2025-03-25,710.6851806640625,727.3725398785501,703.8139151051558,720.5012743196435,2005627
2025-03-26,751.912841796875,755.8392796130466,709.7036352730296,711.6668541811154,4184126
2025-03-27,723.4461669921875,730.3174331644335,713.6300724604075,722.4645575390095,3136396
2025-03-28,712.6483764648438,722.4644698045798,698.9058457892131,706.758720461002,2113533
2025-03-31,641.9725341796875,683.2001281178326,641.9725341796875,654.7334561129229,3473630
2025-04-01,677.3104858398438,677.3104858398438,649.8254226463429,660.6231260437896,2449598
2025-04-02,663.5679321289062,677.3104632676706,655.7150571924694,670.4391976982884,1715373
2025-04-07,597.8001708984375,597.8001708984375,597.8001708984375,597.8001708984375,39321
2025-04-08,538.9036254882812,538.9036254882812,538.9036254882812,538.9036254882812,333340
2025-04-09,485.4058532714844,501.60240853736804,485.4058532714844,485.4058532714844,2150382
2025-04-10,533.013916015625,533.013916015625,533.013916015625,533.013916015625,450416
2025-04-11,566.3886108398438,570.3150483499986,482.95181374905223,494.7311262795169,2980959
2025-04-14,587.9840698242188,622.3404011161181,584.0576319622875,588.9656792897016,2799032
2025-04-15,634.1196899414062,643.935784212945,584.0576091565584,593.8737034280972,3525501
2025-04-16,608.5978393554688,633.1380748133505,608.5978393554688,616.4507147019909,2270308
2025-04-17,610.56103515625,618.4139102064912,598.7817225808883,605.6529882498493,1897270
2025-04-18,611.5426635742188,626.2668047517682,605.653007103199,614.4874918097287,2298425
2025-04-21,585.0391845703125,614.487465672845,585.0391845703125,611.5426375625917,1544929
2025-04-22,547.738037109375,588.9656313004032,530.0690681703629,572.2782717468917,4192480
2025-04-23,601.7266235351562,601.7266235351562,588.9657000344107,588.9657000344107,1538185
2025-04-24,611.5426635742188,642.9541647529908,602.7081788676891,602.7081788676891,6235074
2025-04-25,636.0829467773438,645.8990416350189,628.2300708912037,640.9909942061813,3688748
2025-04-28,642.9541625976562,655.7150849087548,630.1932402865577,636.082896737834,2641337
2025-04-29,656.6967163085938,656.6967163085938,640.9909652459069,649.8254502186683,2140872
2025-04-30,639.0277099609375,659.6415070564516,638.0461005754368,652.7702413579469,1750136
2025-05-02,663.5679321289062,668.4759789641791,649.8254009901419,657.6782759265786,2544304
2025-05-05,645.8989868164062,667.4943936704502,623.3219705599057,665.5311748655372,2411747
2025-05-06,644.9173583984375,657.6782802541144,636.0828740368152,639.0277021573559,1561263
2025-05-07,640.990966796875,658.6599367851503,629.2116534713582,645.8990140158404,2629291
2025-05-08,655.715087890625,662.5863537816945,642.9541655214961,647.8622125865456,2044311
2025-05-09,657.6782836914062,662.5863305846258,637.0644867398846,659.641502448694,2744408
2025-05-12,688.108154296875,692.0345916965719,664.5495298986939,669.4575766483149,3503646
2025-05-13,659.6414794921875,703.8138999938965,653.751823425293,693.0161972045898,5821524
2025-05-14,662.5863647460938,674.3656778971355,650.8070515950521,670.4392401801216,2839371
2025-05-15,668.4760131835938,680.2553261912342,662.5863566797735,666.5127943489871,1822513
2025-05-16,674.36572265625,677.3105511394651,666.5128467010098,668.4760656898198,1338225
2025-05-19,647.8621826171875,679.273682380445,647.8621826171875,679.273682380445,1833661
2025-05-20,656.6967163085938,667.494420164191,652.770278542922,660.6231540742655,1349050
2025-05-21,655.715087890625,665.5311820207241,654.7334784776151,659.6415255426647,973227
2025-05-22,660.6231689453125,665.5312162628854,644.9174175290792,652.7702932371958,1191950
2025-05-23,694.9794921875,701.8507583531956,667.4944275247175,667.4944275247175,1218018
2025-05-26,738.1702880859375,761.7289143014461,712.6484430191365,713.6300524447827,7842475
2025-05-27,731.2990112304688,741.1151053409448,727.3725735862782,734.2438394636115,2528630
2025-05-28,737.188720703125,749.9496439642976,735.2255017398677,748.9680344826689,2857653
2025-05-29,780.3794555664062,787.2507212129029,733.2622054190006,747.9863460900649,5152713
2025-06-02,748.9679565429688,772.5265816504802,742.0966908866113,766.6369253736024,2591938
2025-06-03,759.7656860351562,764.6737331025669,748.967982486853,756.8208577947099,2149518
2025-06-04,779.3978271484375,785.2874832729849,762.7104681288865,774.4897803779813,2906648
2025-06-05,800.01171875,816.6990797546013,775.4714819785277,775.4714819785277,5012093
2025-06-06,807.8645629882812,813.7542195835786,787.2507649047407,800.0116875278848,2177169
2025-06-09,816.6990356445312,824.5519109872671,803.9381132125854,809.8277697196373,1859788
2025-06-10,862.834716796875,870.6875924901344,841.2393086404118,844.184137025384,5250045
2025-06-11,866.7611083984375,880.5036401284241,859.8898425334443,862.8346707612985,2224767
2025-06-12,859.8898315429688,888.3565040483867,852.0369563690604,872.6507537005699,3098709
2025-06-13,870.6875610351562,877.5588270185227,854.9818102160328,855.963419642228,2401985
2025-06-16,877.558837890625,877.558837890625,855.9634302467841,866.7611340687046,1495098
2025-06-17,894.2461547851562,915.841561377114,881.4852327080904,883.4484514891774,4187042
2025-06-18,876.5772094726562,913.8783673225565,874.613990638451,895.2277883976064,2901785
2025-06-19,864.7979125976562,886.3933201767123,862.8346937268329,876.5772258225959,2929352
2025-06-20,851.0553588867188,886.3932976640219,841.2392647819123,879.5220317906574,3173788
2025-06-23,880.5036010742188,880.5036010742188,834.3679608841538,834.3679608841538,2905248
2025-06-24,907.9887084960938,908.9703179106841,893.2645672772383,893.2645672772383,2530273
2025-06-25,907.9887084960938,928.6025062024916,899.1542237647805,920.7496308857686,1944821
2025-06-26,894.2461547851562,921.7312177203751,874.6139669742856,917.804780158201,2465646
2025-06-27,900.1358032226562,907.0070688961116,887.3748812576677,904.062240750345,1700722
2025-06-30,927.6209106445312,928.6025200737847,902.099065483941,910.9335503472223,2809210
2025-07-01,922.7128295898438,936.4553610943733,915.841563837579,925.6576577693858,1598739
2025-07-02,916.8231811523438,930.5657127756123,914.8599623490196,923.694446963978,1310422
2025-07-03,1001.2415771484375,1001.2415771484375,940.3817950080422,940.3817950080422,5451798
2025-07-04,1025.7818603515625,1060.1381906025717,1011.0577188154157,1011.0577188154157,4504163
2025-07-07,996.3335571289062,1040.505980843981,981.6094158905481,1030.6898866850754,1817086
2025-07-08,1006.149658203125,1025.7818466558688,986.5174697503811,986.5174697503811,1727043
2025-07-09,1045.4140625,1060.1382042253522,1011.0577318075118,1011.0577318075118,1933747
2025-07-10,1066.3560791015625,1101.2368854273145,1041.441217440311,1046.4241897725615,2568756
2025-07-11,1021.50927734375,1066.356026105183,1011.5433331745427,1066.356026105183,1811564
2025-07-14,1056.39013671875,1071.339053747789,1011.5433856316333,1016.5263579746463,2015300
2025-07-15,1071.3389892578125,1071.3389892578125,1036.4581849563954,1066.356017214753,1652473
2025-07-16,1116.185791015625,1146.0836247035436,1081.3049850463867,1086.2879573277064,2876667
2025-07-17,1111.2027587890625,1136.1176188515974,1101.2368147640484,1121.1687028140764,1154539
2025-07-18,1121.168701171875,1136.1176171875,1101.2368131510416,1126.1516731770832,956945
2025-07-21,1091.2708740234375,1116.1857341609589,1046.424125775899,1106.2197901059503,2872762
2025-07-22,1041.441162109375,1106.2197989869917,1031.475217974357,1086.2879107169558,2457912
2025-07-23,1051.4071044921875,1081.3049368474155,1041.441160373778,1056.3900765513922,1540915
2025-07-24,1046.4241943359375,1066.35608375186,1036.458249627976,1056.390139043899,1225676
2025-07-25,1006.5603637695312,1036.458196356745,982.6420976997603,1036.458196356745,4314788
2025-07-28,1001.577392578125,1026.4922530900187,991.6114483733676,1016.5263088852612,1618103
2025-07-29,1006.5603637695312,1016.5263079652692,987.6250697976292,1006.5603637695312,1279390
2025-07-30,1006.5603637695312,1031.475224258876,996.5944195737934,1011.5433358674003,1102562
2025-07-31,1046.4241943359375,1081.305000813802,1021.5093325660342,1021.5093325660342,2160873
2025-08-04,990.6148681640625,1011.5433512942892,980.6489238163356,1006.5603791204258,2463367
2025-08-05,994.6012573242188,1026.4922796031517,993.604662878002,1006.5603906788185,1687086
2025-08-06,1091.2708740234375,1091.2708740234375,1016.5262936108734,1021.5092656383777,3389786
2025-08-07,1126.1517333984375,1136.1176779417865,1096.2538997683905,1121.168761126763,3531371
2025-08-08,1151.0665283203125,1166.0154442725245,1126.1516683999594,1126.1516683999594,1774714
2025-08-11,1146.0836181640625,1151.0665904169498,1101.2368678880775,1141.1006459111752,1352612
2025-08-12,1151.0665283203125,1151.0665283203125,1126.1516683999594,1141.1005843521714,1282740
2025-08-13,1215.84521484375,1240.7600758036629,1161.0325207319415,1161.0325207319415,4006780
2025-08-14,1260.69189453125,1270.6578383615365,1225.811091125247,1265.6748664463933,2782214
2025-08-15,1250.7259521484375,1280.6237836738983,1240.7600083066172,1265.674867911168,1330492
2025-08-18,1265.6749267578125,1270.6578989104023,1220.8281773845042,1250.726010300043,937452
2025-08-19,1235.777099609375,1305.5387100711946,1230.7941274335308,1285.6068213678175,1891880
2025-08-20,1116.185791015625,1230.7941534859795,1116.185791015625,1205.8792920793805,2917574
2025-08-21,1195.913330078125,1225.811163330078,1156.0495524088542,1166.0154968261718,2673675
2025-08-22,1175.9814453125,1205.8792786679026,1161.0325286347988,1185.9473897643009,1730752
2025-08-25,1250.7259521484375,1275.6408117529882,1225.811092543887,1225.811092543887,2608509
2025-08-26,1280.6239013671875,1300.5557908826302,1230.794177578581,1240.7601223363022,1766743
2025-08-27,1310.521728515625,1320.4876732191658,1290.5898391085432,1305.5387561638545,1741157
2025-08-28,1280.6239013671875,1300.5557908826302,1280.6239013671875,1300.5557908826302,823837
2025-08-29,1385.2662353515625,1405.1981236300023,1290.5897660289738,1305.5386822378036,3351300
2025-09-01,1385.2662353515625,1440.0789281172717,1355.3684029339029,1365.334347073123,3146282
2025-09-02,1390.249267578125,1464.9938518565189,1365.3344061519936,1415.1641290042562,3214487
2025-09-03,1385.2662353515625,1400.2151515603923,1345.402458794683,1400.2151515603923,1269218
2025-09-04,1380.2833251953125,1415.1641312471795,1360.351436022817,1395.232242074684,1406476
2025-09-05,1514.823486328125,1514.823486328125,1425.1299904271177,1430.112962421618,2956331
2025-09-08,1519.8065185546875,1569.6362404745134,1519.8065185546875,1559.6702960905482,2673613
2025-09-09,1504.8575439453125,1569.6361799429583,1499.8745719454935,1554.6872639435016,2233046
2025-09-10,1514.823486328125,1539.7383463006272,1494.8915983501233,1529.7724023116264,1211430
2025-09-11,1499.8746337890625,1524.789494815459,1484.9257171732247,1514.8235504049003,1216897
2025-09-12,1484.9256591796875,1524.7894352650483,1445.0618830943267,1504.8575472223679,1159599
2025-09-15,1420.1470947265625,1469.9768173485472,1405.198177939967,1469.9768173485472,1669116
2025-09-16,1489.90869140625,1499.8746358303722,1425.1300526494565,1425.1300526494565,1655659
2025-09-17,1489.90869140625,1509.8405802544942,1464.9938303459448,1499.8746358303722,866879
2025-09-18,1549.704345703125,1594.5510952572347,1484.9257074582997,1499.8746239763364,2485669
2025-09-19,1594.551025390625,1614.4829132080079,1529.7723899841308,1564.6531936645508,2152208
2025-09-22,1684.24462890625,1694.2105734559912,1564.6532943093566,1584.585183408839,2825236
2025-09-23,1674.2786865234375,1744.040298461914,1654.3467973981585,1734.0743538992747,1783908
2025-09-24,1634.4149169921875,1699.1935569949267,1619.4660000684785,1654.3468062237996,1571817
2025-09-25,1689.2275390625,1744.0402320704277,1614.4829576880531,1614.4829576880531,2634327
2025-09-26,1654.3468017578125,1714.1424692912274,1629.4319402855563,1684.24463552452,1947076
2025-09-30,1709.159423828125,1744.040228396046,1629.43187053002,1664.3126750979409,2462631
2025-10-01,1699.1934814453125,1754.0061743951612,1674.278621013563,1719.125369790712,1447276
2025-10-02,1719.1253662109375,1734.0742824388587,1674.2786175271738,1719.1253662109375,1301559
2025-10-03,1709.159423828125,1724.1083400715197,1699.1934796658618,1709.159423828125,670014
2025-10-07,1629.431884765625,1763.9721321315942,1624.4489126409596,1729.0913272589355,2029933
2025-10-08,1679.2615966796875,1694.2105129706044,1619.465931516019,1619.465931516019,1198520
2025-10-09,1704.176513671875,1729.0913749828674,1674.2786800986844,1674.2786800986844,1025340
2025-10-13,1679.2615966796875,1709.1594292615216,1634.4148478069362,1634.4148478069362,983482
2025-10-14,1734.0743408203125,1843.6997301825163,1724.1083963328394,1823.7678412075702,3188586
2025-10-15,1903.495361328125,1903.495361328125,1783.904029726358,1788.8870018764317,2665168
2025-10-16,1953.3250732421875,1968.2739896190408,1893.5294077347735,1963.291017493423,2936514
2025-10-17,1843.69970703125,1928.410234111064,1843.69970703125,1928.410234111064,1859462
2025-10-20,1818.7847900390625,1858.648566259097,1808.818845984054,1848.6826222040884,1000159
2025-10-21,1848.6826171875,1868.61450524343,1813.8018130896226,1843.6996451735174,956630
2025-10-22,1813.8018798828125,1853.6656574626545,1793.8699910928915,1823.7678242777731,968743
2025-10-23,1818.7847900390625,1883.5634263966183,1793.8699299015411,1793.8699299015411,1349027
2025-10-27,1943.359130859375,1953.3250751201922,1878.5804931640625,1878.5804931640625,2106635
2025-10-28,2003.15478515625,2008.1377572586289,1943.3591199277053,1943.3591199277053,1966940
2025-10-29,1998.171875,2137.69509819202,1993.1889027431423,2023.0867362842894,1867913
2025-10-30,1998.171875,2013.1207917705735,1903.4954021197009,2013.1207917705735,1423183
2025-10-31,2092.848388671875,2092.848388671875,1988.2059692382813,2008.137858654204,1171231
2025-11-03,2013.1207275390625,2117.763141594311,1988.2058670497177,2092.848281104966,1346126
2025-11-04,1993.1888427734375,2067.9334243774415,1978.2399264526366,2043.0185638427733,1091498
2025-11-05,2023.086669921875,2023.086669921875,1898.5123675867842,1938.3761443340134,1415586
2025-11-06,2013.1207275390625,2048.001532224145,1993.1888391475868,2048.001532224145,1174135
2025-11-07,2062.950439453125,2087.8652998329935,2003.1547745414402,2003.1547745414402,1651505
2025-11-10,1983.222900390625,2048.00153784057,1968.2739840560223,2048.00153784057,1239835
2025-11-11,1788.886962890625,1993.1888165912258,1788.886962890625,1978.2399004667916,2441113
2025-11-12,1714.1424560546875,1788.8870398942815,1699.1935392867688,1778.9210953823356,2645327
2025-11-13,1793.8699951171875,1848.682689412435,1724.1083841959635,1729.0913564046223,2067362
2025-11-14,1893.5294189453125,1913.4613075657894,1773.9380872224508,1773.9380872224508,3257166
2025-11-17,1873.5975341796875,1943.3591444948886,1833.7337568567154,1943.3591444948886,1455475
2025-11-18,1818.7847900390625,1943.3590907266696,1803.8358739565497,1843.6996501765839,1779312
2025-11-19,1773.9381103515625,1843.6997214328037,1734.0743325908534,1843.6997214328037,1240732
2025-11-20,1903.495361328125,1933.3931942285667,1843.6996955272416,1873.5975284276833,1822559
2025-11-21,1833.7337646484375,1873.5975421407948,1778.921070596446,1833.7337646484375,1489771
2025-11-24,1928.4102783203125,1953.3251397973193,1848.6827215938913,1873.597583070898,1935738
2025-11-25,2052.984619140625,2082.8824533999546,1993.188950621966,1993.188950621966,2579367
2025-11-26,2092.848388671875,2107.7973057338168,2033.052720424107,2082.882443963914,1586013
2025-11-27,2137.695068359375,2157.626957108647,2072.9164299242425,2092.848318673514,960898
2025-11-28,2262.269287109375,2287.1841470995664,2167.592819146648,2167.592819146648,1734703
2025-12-01,2147.660888671875,2252.30329856076,2107.7971134761096,2252.30329856076,1327594
2025-12-02,2152.64404296875,2227.3886277940537,2147.6610706470633,2182.5418768988716,886249
2025-12-03,2162.60986328125,2187.524723457301,2122.746086999568,2157.6268912460396,617412
2025-12-04,2172.575927734375,2197.490789290962,2117.763232309884,2162.6099831117403,642351
2025-12-05,2222.405517578125,2247.32037764066,2192.507685503083,2192.507685503083,848395
2025-12-08,2247.320556640625,2282.201363506444,2197.4908325465976,2232.3716394124167,704394
2025-12-09,2337.013916015625,2366.9117486298974,2247.320418172808,2247.320418172808,1253577
2025-12-10,2371.894775390625,2371.894775390625,2277.2183032636885,2341.9969420873817,756559
2025-12-11,2307.1162109375,2396.809713738526,2287.184321426161,2391.8267413606914,984923
2025-12-12,2366.911865234375,2416.7415887129932,2312.099169407895,2312.099169407895,1555390
2025-12-15,2361.9287109375,2376.8776268295096,2307.116019333465,2327.047907189478,768153
2025-12-16,2287.184326171875,2436.6734978170957,2247.320547066483,2351.9629672181372,1500313
2025-12-17,2232.37158203125,2327.0480553763255,2192.507803780692,2322.065083095006,1214798
2025-12-18,2197.49072265625,2277.218277219742,2197.49072265625,2202.473694816468,846462
2025-12-19,2297.150146484375,2312.0990628389372,2202.473676238815,2237.3544810661265,1022992
2025-12-22,2247.320556640625,2361.9289220568876,2227.3886670030142,2356.9459496474847,997718
2025-12-23,2237.3544921875,2307.116102188892,2212.4396314727173,2257.286380759326,843573
2025-12-24,2297.150146484375,2302.1331186025623,2247.3204253025015,2262.2693416570633,613719
2025-12-26,2351.962890625,2441.656390691208,2322.0650572695977,2327.0480294954978,2135570
2025-12-29,2222.405517578125,2381.860621978349,2222.405517578125,2376.877649965842,1803369
2025-12-30,2257.286376953125,2282.2012376258967,2222.4055720112447,2222.4055720112447,815392
2025-12-31,2242.33740234375,2282.2011783854164,2232.371458333333,2282.2011783854164,427717
2026-01-02,2252.303466796875,2267.2523836118985,2182.541854993432,2257.2864390685495,815367
2026-01-05,2142.677978515625,2257.286335505996,2122.7460903433866,2252.303363462936,1418422
2026-01-06,2142.677978515625,2182.5417548601017,2092.848258085029,2132.712034429506,1715389
2026-01-07,2147.660888671875,2237.354382862348,2137.694944872934,2167.592776269758,1164560
2026-01-08,2112.7802734375,2232.3716096698113,2112.7802734375,2192.507830925708,1449981
2026-01-09,2222.405517578125,2222.405517578125,2018.1036650653377,2157.6268814155337,2345136
2026-01-12,2192.5078125,2312.099147727273,2147.6610617897727,2297.1502308238637,1999158
2026-01-13,2267.25244140625,2292.1673033997254,2207.4567726219093,2292.1673033997254,1931301
2026-01-14,2337.013916015625,2356.94580442514,2242.337446070429,2277.2182507870803,1778648
2026-01-15,2222.405517578125,2327.047929840772,2192.507685503083,2327.047929840772,1701169
2026-01-16,2292.167236328125,2312.099125339674,2237.3545415463655,2257.2864305579146,1415296
2026-01-19,2307.1162109375,2317.0821556931696,2237.354597647813,2302.133238559665,886471
2026-01-20,2441.65625,2466.5711096938776,2267.252232142857,2282.201147959184,2186220
2026-01-21,2451.622314453125,2486.50311974006,2361.9288151438645,2376.877731695408,1933679
2026-01-22,2406.775634765625,2576.196693941673,2356.945911478552,2531.3499429833073,1594516
2026-01-23,2536.332763671875,2541.3157357026644,2361.928742594241,2426.7073789945052,1297721
2026-01-26,2576.196533203125,2601.1113932921303,2486.503036882707,2541.315729078518,1218407
2026-01-27,2725.685791015625,2795.447401754599,2690.804985646138,2700.77093003742,1614296
2026-01-28,2645.958251953125,2760.5666131488347,2601.111501920021,2730.6687797934323,1396238
2026-01-29,2586.16259765625,2710.736903901734,2576.1966531566113,2685.8220426526373,1074909
2026-01-30,2506.43505859375,2675.8561162322935,2506.43505859375,2566.2307259955887,1676265
2026-02-02,2621.04345703125,2660.9072358454137,2476.5372588299074,2491.4861758852185,1786811
2026-02-03,2835.31103515625,2865.2088668099186,2740.6345682529654,2740.6345682529654,1928074
2026-02-04,2740.634765625,2845.2771839488637,2685.8220703125,2830.3282670454546,1660884
2026-02-05,2740.634765625,2840.294211647727,2690.8050426136365,2720.7028764204547,1545725
2026-02-06,2660.9072265625,2750.6007285814608,2631.00939255618,2740.6347839126875,1061575
2026-02-09,2765.549560546875,2885.1408928948476,2760.5665883657093,2795.447393633868,1287455
2026-02-10,2775.515380859375,2810.396184568559,2680.8389136487317,2740.6345771501906,1024388
2026-02-11,2780.49853515625,2840.294202578965,2780.49853515625,2795.447452011929,764516
2026-02-23,2795.447265625,2855.242929060829,2670.8729668003566,2830.3280692959,1185568
2026-02-24,2640.975341796875,2795.447484430277,2635.992369453862,2795.447484430277,1779371
2026-02-25,2670.873046875,2675.856018977379,2521.383883803638,2640.9752142607276,3238218
2026-02-26,2934.970703125,2934.970703125,2655.9242525732175,2700.771003554754,3036845
2026-03-02,2790.46435546875,2959.88540562221,2790.46435546875,2820.362187848772,1777571
2026-03-03,2845.277099609375,2929.98762621771,2815.379266688786,2915.0387097574157,1710869
2026-03-04,2650.941162109375,2835.3111301508166,2631.0092736724623,2760.5665485123945,1368591
2026-03-05,2835.31103515625,2875.1748106944747,2780.4983437911906,2875.1748106944747,1048274
2026-03-06,2954.902587890625,2984.800421832183,2790.4645012120573,2800.4304458592433,1369415
2026-03-09,2710.73681640625,2775.515453563017,2660.9070955164293,2705.753844317268,1153506
2026-03-10,2979.8173828125,2979.8173828125,2860.2260497230354,2890.1238829954013,1159747
2026-03-11,3273.812744140625,3273.812744140625,3119.340605528206,3119.340605528206,909521
2026-03-12,3597.705810546875,3597.705810546875,3288.7615442672263,3288.7615442672263,2461432
2026-03-13,3537.91015625,3622.6206811179577,3508.012323943662,3587.739876760563,1125541
2026-03-16,3552.859130859375,3667.467489919355,3517.978325928077,3632.5866849880567,734810
2026-03-17,3567.80810546875,3687.399438612954,3557.8421610400665,3597.705938754801,1053433
2026-03-18,3722.2802734375,3856.820524284639,3627.6038006191434,3627.6038006191434,1223898
2026-03-19,3652.5185546875,3851.837438981497,3637.56963836545,3647.53558258015,1010064
2026-03-20,3846.8544921875,3896.6842135888924,3637.5696623016515,3652.518578722069,2357183
2026-03-23,3702.348388671875,3831.905667414094,3622.620832522817,3732.2462222277713,1251309
2026-03-24,3657.50146484375,3926.581954082936,3647.5355207978546,3836.8884576698742,1281610
2026-03-25,3737.22900390625,3836.8884440104166,3677.4333398437498,3836.8884440104166,1517909
2026-03-26,3642.552734375,3836.888653172025,3627.6038175444596,3811.973791787791,1450412
2026-03-27,3652.5185546875,3682.4163873315997,3443.233726178803,3443.233726178803,1047119
2026-03-30,3722.2802734375,3722.2802734375,3567.8081335759707,3607.6719116047525,785297
2026-03-31,3582.757080078125,3767.1270549917417,3453.1998004090965,3727.2632766320407,1142516
2026-04-01,3936.548095703125,3936.548095703125,3777.092982965783,3886.7183729727053,1409379
2026-04-02,3752.177978515625,4036.2073872478836,3737.229062266559,4036.2073872478836,1143077
2026-04-07,3906.650146484375,3951.496895614935,3792.041787595165,3806.9907039720183,701228
2026-04-08,4295.32177734375,4295.32177734375,4120.917760862276,4140.849648460158,905157
2026-04-09,4454.77685546875,4544.47034920302,4315.253642993219,4484.674686713507,1136459
2026-04-10,4604.26611328125,4783.653104707792,4494.640729631697,4579.351253360897,999382
2026-04-13,4529.521484375,4659.078754555143,4434.845017704895,4544.470400165016,665381
2026-04-14,4544.470703125,4743.789593612939,4504.606925027412,4639.147176106771,711351
2026-04-15,4589.3173828125,4808.568158972924,4524.538744401466,4634.164132481677,977438
2026-04-16,4898.26171875,4918.193607737792,4614.232300673957,4683.993912131231,1175871
2026-04-17,5177.30810546875,5386.592937451125,5022.835967576997,5137.4443279482975,1433729
2026-04-20,5117.51220703125,5376.626749159414,5092.597347211234,5351.711889339399,1243848
2026-04-21,4923.17626953125,5092.597315243864,4813.5508870113235,5092.597315243864,2132401
2026-04-22,4808.568359375,5047.751034245466,4808.568359375,4963.040503562176,1364242
2026-04-23,4773.6875,5022.83611691023,4619.215357515658,4878.329919102297,1747672
2026-04-24,4634.1640625,4977.989138104838,4614.23217405914,4833.482946908602,1339482
2026-04-27,4863.380859375,4898.261664718878,4589.317388815958,4723.857637999487,1471449
2026-04-28,4863.380859375,4968.023275406635,4753.755471151383,4933.142470062756,1043424
2026-04-29,4928.15966796875,4953.074529788612,4768.704552321632,4853.415082509164,930784
2026-04-30,4908.2275390625,5022.8358978426395,4818.534040886739,4982.972120875635,1146026
2026-05-04,5147.41015625,5182.2909607938045,4893.278580287996,4987.955049764037,1257865
2026-05-05,4982.97216796875,5132.461333007813,4848.431919433594,5132.461333007813,1197402
2026-05-06,4933.142578125,5097.5806640625,4833.483132102273,5077.648774857955,1232680
2026-05-07,5012.8701171875,5032.802006321446,4848.432031832443,4948.091477502174,886563
2026-05-08,5007.88720703125,5351.712298857276,4913.21073247046,4913.21073247046,1610245
2026-05-11,4968.0234375,5107.546663427784,4693.959957998997,4843.449128635908,2038098
2026-05-12,5461.33740234375,5461.33740234375,5232.120686551951,5296.8993236235465,866831
2026-05-13,5700.52001953125,5800.179460432146,5296.899283882622,5471.30330545919,2908315
2026-05-14,6268.5791015625,6268.5791015625,6268.5791015625,6268.5791015625,496340
2026-05-15,5874.92431640625,6642.302047302402,5874.92431640625,6258.613181854325,2070393
2026-05-18,6114.10693359375,6223.732322786141,5874.924266264899,5979.566683221272,1496215
2026-05-19,5710.48583984375,6253.629780980721,5675.605036284495,6228.714921295539,1616927
2026-05-20,5660.65625,5994.515377420775,5660.65625,5780.247579225352,987482
2026-05-21,5630.75830078125,6139.021439435841,5511.166974038993,6139.021439435841,1180101
2026-05-22,6014.447265625,6014.447265625,5745.366774867958,5859.975132042254,1184319
2026-05-25,6178.88525390625,6442.982768790953,6094.174730263987,6218.749029737904,825389
2026-05-26,6218.7490234375,6403.1189864721055,6099.157696063702,6403.1189864721055,728592
2026-05-27,6368.23828125,6622.369855853874,6258.6128961267605,6378.204225352112,810538
2026-05-28,5894.85595703125,6428.033968360365,5835.060292209293,6368.238303538408,953378
2026-05-29,5939.70263671875,6178.885293230915,5850.0091405266885,6144.004489156224,7075498
2026-06-01,5660.65625,5994.515377420775,5625.7754456426055,5994.515377420775,1271421
2026-06-02,5496.21826171875,5675.605258474757,5416.490707604969,5610.82662075731,1201987
2026-06-03,5879.9072265625,6039.362337791314,5730.4180597854875,5740.3840042372885,965484
2026-06-04,6049.328125,6049.328125,5815.128436470346,5904.821934205107,838821
2026-06-05,5745.36669921875,6029.396102389148,5521.132959873699,6029.396102389148,1217363
2026-06-08,5496.21826171875,5630.758509285754,5172.325073131517,5172.325073131517,957401
2026-06-09,5864.9580078125,5869.940979781754,5565.9796896572325,5869.940979781754,1348309
2026-06-10,5750.35009765625,6213.766526670142,5715.469291171334,6168.9197754752495,1538040
2026-06-11,6069.26025390625,6129.055921432419,5660.656525810755,5894.856223621588,1501768
2026-06-12,6462.9150390625,6572.540429085148,6298.476954028527,6457.932066788743,1572267
2026-06-15,6413.0849609375,6926.331076692405,6333.357408975573,6921.3481046947845,1089462
2026-06-16,6423.05126953125,6776.842301444919,6268.57912883655,6442.983158653147,897322
2026-06-17,6398.13623046875,6442.982979747737,6263.59598263179,6418.068119037189,584132
2026-06-18,6393.1533203125,6547.625458215608,6303.459820884888,6398.1362925029225,757141
2026-06-22,6403.119140625,6572.540191816634,6253.629977808852,6572.540191816634,545492
2026-06-23,6657.2509765625,6796.774200622192,6403.119389882344,6462.915057336499,1168538
2026-06-24,7150.56494140625,7175.479801829269,6408.1021008003045,6622.369900438262,1125616
2026-06-25,6881.484375,7225.309445148443,6876.501402968864,7220.326473117307,835654
2026-06-26,6477.86376953125,6881.484512094351,6333.357577749399,6776.8420973557695,673393
2026-06-29,6039.3623046875,6657.250857312294,5959.634749510107,6557.591413340553,958504
2026-06-30,6069.26025390625,6183.868616664742,5929.73702967852,6059.294309318555,972101
2026-07-01,6672.19970703125,6672.19970703125,6378.204350261389,6378.204350261389,651163
2026-07-02,7230.29248046875,7334.934894038594,6597.455026974932,6702.097440544775,1481568
2026-07-03,7354.86669921875,7374.798587292514,6936.297049669715,7140.598902425792,582850
2026-07-06,6831.65478515625,7673.777074500821,6831.65478515625,7673.777074500821,554816
2026-07-07,6288.5107421875,7016.024663232964,6213.766161258171,6831.65469694062,872345
2026-07-08,6438.0,6517.727554179566,6228.715170278638,6477.863777089783,724641
2026-07-09,7080.0,7080.0,6760.0,7000.0,627606
2026-07-10,7080.0,7080.0,7080.0,7080.0,0
2026-07-13,6640.0,7600.0,6640.0,7600.0,718504
2026-07-14,6340.0,6630.0,5980.0,6525.0,728710
2026-07-15,6330.0,6590.0,6120.0,6410.0,692216
2026-07-16,6220.0,6345.0,6005.0,6205.0,592686
2026-07-17,5600.0,5990.0,5600.0,5990.0,944809
2026-07-20,5455.0,5560.0,5145.0,5540.0,944363
2026-07-21,5875.0,5990.0,5360.0,5505.0,1473835
2026-07-22,6000.0,6210.0,5900.0,6065.0,906298
2026-07-23,6250.0,6350.0,6075.0,6160.0,610217
2026-07-24,5705.0,6290.0,5650.0,6085.0,674559
2026-07-27,5720.0,5815.0,5475.0,5760.0,602159
2026-07-28,5165.0,5540.0,5165.0,5295.0,758191
2026-07-29,4790.0,5280.0,4650.0,5070.0,1061138
2026-07-30,4800.0,5070.0,4650.0,4660.0,1049964
2026-07-31,5280.0,5280.0,5280.0,5280.0,149201
2026-08-03,5805.0,5805.0,5450.0,5475.0,505180
2026-08-04,5900.0,6090.0,5805.0,5910.0,899728
2026-08-05,6245.0,6390.0,6100.0,6105.0,488453
2026-08-06,6300.0,6360.0,6005.0,6190.0,612314
2026-08-07,6100.0,6345.0,6070.0,6345.0,629568
2026-08-10,6225.0,6695.0,6100.0,6230.0,1009917
