時間,開盤價,最高價,最低價,收盤價,SMA10,SMA20,SMA60,成交量,買賣超(元),主力累計買賣超(元),買進(元),賣出(元)
2019/8/29,10440.15,10466.99,10406.49,10462.43,10466.44,10461.69,10658.94,1042.49,-10億,1兆,45億,55億
2019/8/30,10504.28,10618.05,10504.28,10618.05,10486.15,10456.01,10661.54,1482.17,151億,1兆,203億,52億
2019/9/2,10613.19,10634.85,10589.42,10634.85,10500.76,10460.3,10665.3,1058.49,19億,1兆,57億,38億
2019/9/3,10629.22,10650.15,10557.03,10558.21,10504.33,10467.04,10665.17,1055.77,-72億,1兆,30億,102億
2019/9/4,10566.32,10670.43,10566.32,10657.31,10517.48,10480.17,10665.99,1070.93,55億,1兆,119億,64億
2019/9/5,10718.4,10766.6,10714.27,10756.93,10540.2,10498.7,10668.35,1546.62,183億,2兆,227億,44億
2019/9/6,10783.46,10803.07,10753.45,10780.64,10564.45,10513.01,10672.01,1313.07,55億,2兆,108億,53億
2019/9/9,10808.68,10829.44,10778.15,10801.14,10609.11,10529.45,10676.61,1167.33,9億,2兆,62億,53億
2019/9/10,10791.95,10810.03,10732.78,10753.58,10645.74,10549,10680.33,1213.38,-14億,2兆,62億,76億
2019/9/11,10787.65,10815.59,10746.87,10790.35,10681.35,10567.13,10684.06,1199.38,25億,2兆,96億,71億
2019/9/12,10830.25,10862.68,10804.02,10827.55,10717.86,10592.15,10684.93,1208.73,28億,2兆,96億,67億
2019/9/16,10822.69,10898.13,10822.69,10898.13,10745.87,10616.01,10686.81,1195.76,60億,2兆,123億,62億
2019/9/17,10908.85,10912.23,10866.43,10874.5,10769.83,10635.3,10687.99,1175.47,18億,2兆,76億,58億
2019/9/18,10887.42,10971.54,10878.34,10929.45,10806.96,10655.65,10690.49,1304.65,107億,2兆,207億,100億
2019/9/19,10947.62,10954.18,10874.66,10894.7,10830.7,10674.09,10693.63,1146.71,-2億,2兆,59億,61億
2019/9/20,10908.1,10931.76,10903.45,10929.69,10847.97,10694.09,10698.25,1479.8,54億,2兆,145億,92億
2019/9/23,10924.81,10948.19,10905.92,10919.02,10861.81,10713.13,10700.66,1068.41,-16億,2兆,61億,77億
2019/9/24,10917.44,10947.53,10886.62,10918.01,10873.5,10741.3,10703.78,1097.08,-16億,2兆,62億,78億
2019/9/25,10885.67,10885.67,10825.85,10873.69,10885.51,10765.63,10703.42,1062.59,-74億,2兆,26億,101億
2019/9/26,10909.57,10934.91,10856.96,10871.99,10893.67,10787.51,10703.54,1160.19,-25億,2兆,76億,101億
2019/9/27,10904,10921.17,10827.61,10829.68,10893.89,10805.87,10704.97,1247.72,-32億,2兆,87億,119億
2019/10/1,10855.6,10967.65,10855.6,10967.65,10900.84,10823.35,10708.16,1498.49,38億,2兆,165億,128億
2019/10/2,10945.92,10965.2,10927.39,10947.88,10908.18,10839.01,10710.87,1169.51,-21億,2兆,47億,68億
2019/10/3,10866.5,10888.4,10809.28,10875.91,10902.82,10854.89,10712.94,1217.16,-126億,2兆,44億,170億
2019/10/4,10907.69,10941.49,10854.12,10894.48,10902.8,10866.75,10716.14,1235.65,-59億,2兆,49億,108億
2019/10/7,10932.24,10954.45,10919.43,10935.06,10903.34,10875.66,10718.41,1143.85,7億,2兆,57億,50億
2019/10/8,10986.01,11020.51,10986.01,11017.31,10913.17,10887.49,10721.31,1310.2,69億,2兆,137億,69億
2019/10/9,10976.93,10989.39,10889.96,10889.96,10910.36,10891.93,10722.41,1304.65,-121億,2兆,20億,141億
2019/10/14,11004.74,11085.49,11004.74,11066.95,10929.69,10907.6,10725.58,1627,145億,2兆,208億,63億
2019/10/15,11103.5,11126.45,11091.29,11111.8,10953.67,10923.67,10729.34,1376.04,7億,2兆,67億,60億
2019/10/16,11166.17,11180.11,11113.18,11162.83,10986.98,10940.43,10734.92,1480.47,20億,2兆,111億,91億
2019/10/17,11156.14,11186.88,11131.45,11186.88,11008.91,10954.87,10741.38,1236.97,27億,2兆,123億,95億
2019/10/18,11190.21,11237.38,11154.86,11180.22,11032.14,10970.16,10746.49,1463.73,11億,2兆,126億,114億
2019/10/21,11166.24,11188.13,11147.86,11184.15,11062.96,10982.89,10750.49,1032.08,-11億,2兆,78億,89億
2019/10/22,11221.19,11271.25,11218.25,11271.25,11100.64,11001.72,10755.89,1274.42,75億,2兆,152億,78億
2019/10/23,11266.18,11281.12,11209.1,11239.67,11131.1,11017.22,10760.95,1408.28,22億,2兆,82億,60億
2019/10/24,11266.84,11320.14,11254.59,11320.14,11161.39,11037.28,10767.26,1433.41,99億,2兆,163億,64億
2019/10/25,11336.64,11347.18,11281.37,11296.12,11202,11056.18,10774,1304.42,4億,2兆,71億,68億
2019/10/28,11321.99,11341.03,11295.44,11315.02,11226.81,11078.25,10781.16,1175.62,54億,2兆,100億,46億
2019/10/29,11347.39,11373.95,11292.83,11333.87,11249.02,11101.34,10789.54,1467.44,9億,2兆,106億,97億
2019/10/30,11336.97,11380.28,11306.95,11380.28,11270.76,11128.87,10798.81,1251.57,20億,2兆,99億,79億
2019/10/31,11393.68,11428.42,11358.71,11358.71,11287.94,11148.42,10809.26,1560.79,28億,2兆,119億,92億
2019/11/1,11373.7,11399.53,11335.51,11399.53,11309.87,11171.01,10823.44,1374.56,48億,2兆,111億,63億
2019/11/4,11451.72,11559.07,11451.72,11556.85,11347.14,11205.05,10842.33,1584.95,144億,2兆,196億,52億
2019/11/5,11576.18,11644.03,11576.18,11644.03,11384.42,11242.53,10863.15,1562.19,124億,2兆,171億,47億
2019/11/6,11645.08,11668.2,11601.7,11653.07,11425.76,11278.43,10884.26,1611.59,30億,2兆,86億,56億
2019/11/7,11642.91,11647.47,11552.08,11606.56,11454.4,11307.89,10902.8,1416.48,-4億,2兆,78億,82億
2019/11/8,11620.89,11642.41,11561.31,11579.54,11482.75,11342.37,10921.25,1415.93,6億,2兆,65億,59億
2019/11/11,11570.33,11570.33,11409.83,11427.28,11493.97,11360.39,10938.99,1539.1,-6億,2兆,85億,91億
2019/11/12,11463.33,11520.37,11459.68,11520.37,11512.62,11380.82,10957.21,1195.63,20億,2兆,79億,59億
2019/11/13,11483.24,11509.37,11439.09,11467.83,11521.38,11396.07,10976.22,1166.77,-62億,2兆,54億,115億
2019/11/14,11488.74,11498.25,11424.77,11450.42,11530.55,11409.25,10993.38,1322.13,44億,2兆,92億,48億
2019/11/15,11485.46,11552.25,11485.46,11525.6,11543.16,11426.51,11010.66,1319.45,47億,2兆,105億,59億
2019/11/18,11543.8,11599.78,11532.97,11599.78,11547.45,11447.3,11028.61,1098.66,30億,2兆,52億,23億
2019/11/19,11608.48,11656.4,11576.79,11656.4,11548.69,11466.55,11047.45,1236.21,83億,2兆,131億,48億
2019/11/20,11645.73,11649.07,11591.73,11631.2,11546.5,11486.13,11065.81,1182.74,-37億,2兆,51億,88億
2019/11/21,11573.84,11573.84,11478.43,11558.27,11541.67,11498.04,11082.81,1218.73,-76億,2兆,30億,107億
2019/11/22,11556.75,11577.02,11534.15,11566.8,11540.4,11511.57,11103.02,1094.57,5億,2兆,79億,73億
2019/11/25,11590.81,11604.75,11559.33,11561.58,11553.83,11523.9,11122.59,1135.33,16億,2兆,56億,41億
2019/11/26,11608.37,11642.96,11576.82,11576.82,11559.47,11536.05,11141.63,2019.68,28億,2兆,261億,233億
2019/11/27,11590.81,11651.73,11590.81,11647.46,11577.43,11549.41,11161.38,1099.27,39億,2兆,65億,26億
2019/11/28,11641.7,11654.06,11604.68,11617.08,11594.1,11562.32,11178.03,1062.71,-9億,2兆,57億,66億
2019/11/29,11616.88,11623.59,11485.16,11489.57,11590.5,11566.83,11192.28,1214.32,-146億,2兆,54億,200億
2019/12/2,11509.94,11524.85,11454.38,11502.83,11580.8,11564.12,11208.02,1148.82,-12億,2兆,59億,71億
2019/12/3,11473.32,11531.58,11460.06,11531.58,11568.32,11558.5,11222.59,1097.8,27億,2兆,88億,61億
2019/12/4,11511.82,11513.83,11457.43,11510.47,11556.25,11551.37,11235.15,1094.93,-49億,2兆,52億,101億
2019/12/5,11546.75,11604.39,11546.75,11594.65,11559.88,11550.78,11248.72,1251.31,61億,2兆,103億,41億
2019/12/6,11639.8,11657.65,11577.83,11609.64,11564.17,11552.28,11262.19,1125.74,19億,2兆,55億,36億
2019/12/9,11635.47,11678.36,11631.03,11660.77,11574.09,11563.96,11277.31,1237.87,55億,2兆,87億,31億
2019/12/10,11647.78,11649.73,11607.26,11627.84,11579.19,11569.33,11291.27,1054.88,-12億,2兆,49億,61億
2019/12/11,11635.07,11700.77,11622.58,11700.77,11584.52,11580.98,11305.83,1289.94,59億,2兆,109億,50億
2019/12/12,11766.98,11875.98,11766.98,11836.42,11606.45,11600.28,11321.46,1544.07,105億,2兆,162億,57億
2019/12/13,11937.9,11990.78,11913.02,11927.73,11650.27,11620.38,11339.02,1731.86,137億,2兆,220億,83億
2019/12/16,11915.61,11975.73,11915.61,11939.77,11693.96,11637.38,11355.86,1448.49,40億,2兆,116億,76億
2019/12/17,11939.62,12097.01,11939.62,12097.01,11750.51,11659.41,11375.9,1565.73,116億,2兆,168億,51億
2019/12/18,12061.1,12125.9,12059.92,12122.45,11811.71,11683.98,11395.78,1506.3,51億,2兆,141億,91億
2019/12/19,12082.98,12111.77,12008.16,12018.9,11854.13,11707.01,11414.11,1377.59,-75億,2兆,49億,125億
2019/12/20,12001.56,12028.22,11937.45,11959.08,11889.07,11726.62,11431.46,1705.95,-33億,2兆,250億,283億
2019/12/23,11969.14,12022.23,11960.21,12022.23,11925.22,11749.65,11450.6,1143.11,13億,2兆,70億,57億
2019/12/24,12023.79,12027.6,11976.38,11976.38,11960.07,11769.63,11469.01,1041.33,-2億,2兆,47億,49億
2019/12/25,11978.94,12032.37,11973.95,12008.13,11990.81,11787.67,11488.65,912.23,16億,2兆,56億,40億
2019/12/26,12018.38,12030.66,11982.64,12001.01,12007.27,11806.86,11505.87,1007.94,-19億,2兆,42億,61億
2019/12/27,12032.72,12093.02,12032.72,12091.59,12023.66,11836.96,11524.93,1090.6,90億,2兆,117億,27億
2019/12/30,12094.81,12114.89,12046.22,12053.37,12035.02,11864.49,11544.56,1255.44,-4億,2兆,62億,66億
2019/12/31,12019.19,12047.75,11997.14,11997.14,12025.03,11887.77,11562.93,1180.37,-57億,2兆,40億,97億
2020/1/2,12026.5,12110.74,12026.23,12100.48,12022.83,11917.27,11582.36,1427.15,62億,2兆,117億,55億
2020/1/3,12167.44,12197.64,12023.6,12110.43,12031.98,11943.06,11600.58,1937.6,31億,2兆,125億,93億
2020/1/6,12035.71,12040.08,11953.36,11953.36,12031.41,11960.24,11618.3,1443.04,-92億,2兆,53億,144億
2020/1/7,11961.97,11986.03,11822.4,11880.32,12017.22,11971.22,11631.86,1664.21,-89億,2兆,75億,164億
2020/1/8,11818.76,11899.67,11777.45,11817.1,12001.29,11980.68,11643.61,1506.79,10億,2兆,99億,89億
2020/1/9,11889.46,11992.55,11889.46,11970.63,11997.54,11994.18,11657.07,1342.6,61億,2兆,101億,40億
2020/1/10,12009.27,12038.21,11959.06,12024.65,11999.91,12003.59,11671.04,1289.36,55億,2兆,89億,34億
2020/1/13,12069.61,12113.42,12037.24,12113.42,12002.09,12012.87,11686.59,1434.89,87億,2兆,147億,61億
2020/1/14,12161.73,12186.62,12140.27,12179.81,12014.73,12024.87,11703.18,1541.64,72億,2兆,109億,37億
2020/1/15,12169.92,12169.92,12048.01,12091.88,12024.21,12024.62,11716.86,1525.59,-84億,2兆,71億,154億
2020/1/16,12006.08,12075.54,12006.08,12066.93,12020.85,12021.84,11730.65,1412.03,-21億,2兆,97億,118億
2020/1/17,12080.72,12117.55,12055.91,12090.29,12018.84,12025.41,11743.49,1341.95,-13億,2兆,54億,66億
2020/1/20,12107.56,12151.42,12101.55,12118.71,12035.37,12033.39,11757.19,1161.99,37億,2兆,103億,65億
2020/1/30,11933.23,11933.23,11418.22,11421.74,11989.52,12003.37,11758.97,2776.31,-141億,2兆,166億,307億
2020/1/31,11494.03,11594.21,11436.95,11495.1,11957.32,11979.3,11761.66,1766.94,-117億,2兆,121億,238億
2020/2/3,11365.9,11365.9,11138.03,11354.92,11895.75,11946.64,11761.24,1844.92,31億,2兆,151億,120億
2020/2/4,11399.46,11581.36,11393.03,11555.92,11848.87,11924.39,11764.52,1617.28,-3億,2兆,137億,140億
2020/2/5,11601.55,11620.42,11512.71,11573.62,11794.89,11898.49,11767.43,1581.56,-29億,2兆,79億,109億
2020/2/6,11605.11,11749.68,11605.11,11749.68,11751.88,11883.31,11770.64,1446.79,67億,2兆,119億,52億
2020/2/7,11712.71,11712.71,11592.09,11612.81,11703.97,11864.09,11770.12,1298.84,-83億,2兆,50億,133億
2020/2/10,11514.72,11598.03,11423.34,11574.07,11654.69,11837.77,11768.8,1320.03,2億,2兆,73億,71億
2020/2/11,11614.25,11678.58,11614.25,11664.04,11612.06,11815.45,11769.76,1231.95,51億,2兆,106億,55億
2020/2/12,11693.4,11801.52,11693.4,11774.19,11577.61,11806.49,11773.01,1504.42,84億,2兆,167億,83億
2020/2/13,11813.5,11854.98,11784.94,11791.78,11614.61,11802.06,11779.08,1410.66,20億,2兆,91億,70億
2020/2/14,11806.52,11840.79,11788.87,11815.7,11646.67,11801.99,11784,1130.97,28億,2兆,75億,47億
2020/2/17,11770.3,11775.56,11724.82,11763.51,11687.53,11791.64,11788.93,1160.3,-38億,2兆,44億,83億
2020/2/18,11700.91,11717.1,11642.95,11648.98,11696.84,11772.86,11792.24,1413.07,-173億,2兆,45億,218億
2020/2/19,11655.37,11783.43,11654.16,11758.84,11715.36,11755.13,11796.13,1417.5,58億,2兆,147億,89億
2020/2/20,11785.78,11827.83,11714.15,11725.09,11712.9,11732.39,11798.22,1353.14,-32億,2兆,84億,116億
2020/2/21,11721.16,11755.17,11661.63,11686.35,11720.26,11712.11,11798.71,1249.45,6425萬,2兆,66億,66億
2020/2/24,11615.28,11615.28,11512.08,11534.87,11716.34,11685.51,11797.11,1402.97,-154億,2兆,71億,225億
2020/2/25,11506.74,11567.09,11415.47,11540.23,11703.95,11658.01,11796.81,1554.87,-37億,2兆,77億,115億
2020/2/26,11468.6,11494.22,11408.06,11433.62,11669.9,11623.75,11794.59,1770.77,-224億,2兆,80億,304億
2020/2/27,11436.96,11470.23,11274.52,11292.17,11619.94,11617.27,11790.1,2034.6,-197億,2兆,77億,274億
2020/3/2,11184.66,11282.05,11049.85,11170.46,11555.41,11601.04,11783.33,2032.07,-99億,2兆,107億,206億
2020/3/3,11279.86,11390.24,11279.86,11327.72,11511.83,11599.68,11778,1650.19,-42億,2兆,105億,147億
2020/3/4,11368.25,11392.35,11297.81,11392.35,11486.17,11591.5,11774.25,1407.35,26億,2兆,136億,110億
2020/3/5,11454.65,11525.32,11454.65,11514.82,11461.77,11588.56,11774.67,1459.58,79億,2兆,155億,76億
2020/3/6,11471.36,11471.36,11310.32,11321.81,11421.44,11567.17,11771.66,1514.78,-186億,2兆,85億,271億
2020/3/9,11221.76,11221.76,10977.64,10977.64,11350.57,11535.41,11762.42,2326.71,-399億,2兆,106億,505億
2020/3/10,10907.62,11032.47,10830.22,11003.54,11297.44,11506.89,11753.97,2077.54,-4億,2兆,183億,187億
2020/3/11,11022.82,11088.23,10885.91,10893.75,11232.79,11468.37,11742.29,1776.58,-186億,1兆,103億,289億
2020/3/12,10845.39,10845.39,10359.67,10422.32,11131.66,11400.78,11722.5,2711.71,-288億,1兆,111億,399億
2020/3/13,10091.03,10171.2,9636.15,10128.87,11015.33,11317.63,11696.97,3036.52,-135億,1兆,183億,318億
2020/3/16,10069.42,10130.8,9717.77,9717.77,10870.06,11212.74,11665.14,2111.61,-246億,1兆,85億,331億
2020/3/17,9538.64,9677.07,9371.35,9439.63,10681.25,11096.54,11627.45,2379.69,-95億,1兆,123億,217億
2020/3/18,9453.98,9509.61,9218.67,9218.67,10463.88,10975.03,11583.82,2123.05,-185億,1兆,116億,301億
2020/3/19,9085.28,9085.28,8523.63,8681.34,10180.53,10821.15,11529.72,2711.79,-137億,1兆,111億,248億
2020/3/20,8816.86,9264.42,8816.86,9234.09,9971.76,10696.6,11484.62,2370.74,-134億,1兆,136億,269億
2020/3/23,9025.55,9029.52,8750.14,8890.03,9763,10556.79,11431.17,1540.52,-134億,1兆,83億,216億
2020/3/24,9083.78,9415.64,9083.78,9285.62,9591.21,10444.32,11383.89,1548.93,71億,1兆,152億,81億
2020/3/25,9426.43,9722.37,9426.43,9644.75,9466.31,10349.55,11344.32,1845.86,9億,1兆,119億,110億
2020/3/26,9667.14,9739.73,9565.02,9736.36,9397.71,10264.69,11307.28,1542.35,84億,1兆,121億,37億
2020/3/27,9807.9,9954.86,9691.14,9698.92,9354.72,10185.02,11268.56,1816.94,-124億,1兆,103億,227億
2020/3/30,9571.22,9655.7,9415.52,9629.43,9345.88,10107.97,11229.44,1285.15,-50億,1兆,62億,111億
2020/3/31,9689.62,9789.81,9630.3,9708.06,9372.73,10026.99,11191.11,1471.68,-39億,1兆,79億,118億
2020/4/1,9726.2,9736,9663.63,9663.63,9417.22,9940.55,11152.15,1205.43,-23億,1兆,79億,102億
2020/4/6,9707.75,9818.74,9651.52,9818.74,9530.96,9855.75,11114.27,1531.94,33億,1兆,147億,113億
2020/4/7,9928.16,10039.15,9928.16,9996.39,9607.19,9789.48,11079.98,1741.56,32億,1兆,109億,78億
2020/4/8,10010.64,10149.76,9984.66,10137.47,9731.94,9747.47,11048.99,1706.86,-10億,1兆,83億,93億
2020/4/9,10173.26,10246.84,10092.36,10119.43,9815.32,9703.26,11015.97,1653.38,-105億,1兆,59億,164億
2020/4/10,10105.43,10165.12,10103.77,10157.61,9866.6,9666.46,10983.43,1223.37,-36億,1兆,54億,90億
2020/4/13,10147.56,10179.4,10080.65,10099.22,9902.89,9650.3,10952.52,1189.24,-89億,1兆,36億,125億
2020/4/14,10130.65,10344.13,10130.65,10332.94,9966.29,9660.51,10926.73,1580.15,134億,1兆,223億,89億
2020/4/15,10366.77,10461.84,10366.77,10447.21,10048.07,9696.98,10903.9,1949.15,-29億,1兆,97億,126億
2020/4/16,10385.78,10425.29,10317.13,10375.48,10114.81,9743.77,10877.32,1576.65,-107億,1兆,57億,164億
2020/4/17,10554.55,10710.15,10552.58,10597.04,10208.15,9812.69,10853.52,2332.25,176億,1兆,256億,80億
2020/4/20,10612.45,10637.64,10542.96,10586.71,10284.95,9907.96,10828.08,1365.37,-35億,1兆,67億,102億
2020/4/21,10544.8,10544.8,10278.95,10288.42,10314.15,9960.67,10796.55,1848.02,-256億,1兆,37億,292億
2020/4/22,10256.11,10310.85,10140.09,10307.74,10331.18,10031.56,10766.82,1534.03,-53億,1兆,53億,106億
2020/4/23,10370.13,10462.7,10294.88,10366.51,10355.89,10085.6,10738.48,1559.89,-51億,1兆,61億,112億
2020/4/24,10367.97,10386.93,10324.2,10347.36,10374.86,10120.73,10709.43,1263.6,-55億,1兆,38億,93億
2020/4/27,10407.49,10578.96,10407.49,10567.27,10421.67,10162.28,10683.57,1787.98,150億,1兆,215億,65億
2020/4/28,10580.25,10620.52,10537.71,10616.06,10449.98,10208.14,10670.14,1834.88,-9億,1兆,69億,78億
2020/4/29,10656.4,10794.83,10656.4,10772.22,10482.48,10265.28,10658.1,1944.25,147億,1兆,214億,67億
2020/4/30,10826.26,11012.78,10826.26,10992.14,10544.15,10329.48,10652.05,2317.71,207億,1兆,292億,85億
2020/5/4,10781.51,10781.51,10658.5,10720.48,10556.49,10382.32,10638.13,1910.91,-331億,1兆,80億,411億
2020/5/5,10756.95,10833.53,10735.01,10774.61,10575.28,10430.12,10624.81,1793.03,-81億,1兆,55億,135億
2020/5/6,10771.09,10828.73,10708.1,10774.98,10623.94,10469.05,10608.56,1826.69,-38億,1兆,69億,108億
2020/5/7,10778.53,10890.87,10775.16,10842.92,10677.46,10504.32,10595.73,1686.78,2億,1兆,89億,87億
2020/5/8,10883.22,10970.7,10883.22,10901.42,10730.95,10543.42,10584.52,1878.3,-5億,1兆,82億,87億
2020/5/11,10942.18,11039.11,10942.18,11013.26,10797.54,10586.2,10573.68,1698.31,27億,1兆,79億,52億
2020/5/12,10974.51,10974.51,10854.51,10879.47,10828.76,10625.21,10558.76,1744.38,-224億,1兆,40億,264億
2020/5/13,10861.01,10938.27,10828.93,10938.27,10860.98,10655.48,10544.54,1682.05,-42億,1兆,57億,99億
2020/5/14,10894.17,10894.17,10777.46,10780.88,10861.84,10672.16,10527.29,1881.04,-148億,1兆,73億,222億
2020/5/15,10833.16,10904.01,10730.55,10814.92,10844.12,10694.13,10511.48,1764.29,-17億,1兆,67億,83億
2020/5/18,10753.21,10812.87,10730.7,10740.55,10846.13,10701.31,10496.34,1951.71,-149億,1兆,56億,204億
2020/5/19,10812.79,10924.79,10812.79,10860.44,10854.71,10715,10481.37,1892.83,42億,1兆,169億,127億
2020/5/20,10892.76,10933.98,10860.15,10907.8,10867.99,10745.97,10467.75,1725.38,45億,1兆,92億,47億
2020/5/21,10933.21,11021.66,10933.21,11008.31,10884.53,10780.99,10456.45,1722.18,51億,1兆,119億,68億
2020/5/22,10977.55,10977.55,10804.56,10811.15,10875.51,10803.23,10444.38,1783.99,-257億,1兆,54億,311億
2020/5/25,10812.94,10874.54,10719.25,10871.18,10861.3,10829.42,10433.23,1487.93,-30億,1兆,45億,76億
2020/5/26,10903.32,11046.22,10903.32,10997.21,10873.07,10850.91,10425.96,1824.16,146億,1兆,182億,37億
2020/5/27,11023.93,11069.72,10972.25,11014.66,10880.71,10870.84,10421.33,1579.44,7億,1兆,74億,66億
2020/5/28,11040.62,11087.53,10915.3,10944.19,10897.04,10879.44,10417.56,1730.85,-58億,1兆,60億,117億
2020/5/29,10921.16,10965.03,10861.9,10942.16,10909.77,10876.94,10411.14,2156.04,-80億,1兆,212億,291億
2020/6/1,10971.4,11109.29,10971.4,11079.02,10943.61,10894.87,10405.91,1695.64,157億,1兆,228億,71億
2020/6/2,11109.27,11170.49,11102.97,11127.93,10970.36,10912.54,10399.47,1824.09,44億,1兆,123億,79億
2020/6/3,11182.52,11330.52,11182.52,11320.16,11011.6,10939.8,10399.44,2145.95,242億,1兆,317億,75億
2020/6/4,11373.94,11425.42,11341.58,11393.23,11050.09,10967.31,10406.37,2036.56,89億,1兆,157億,68億
2020/6/5,11418.01,11482.36,11411.94,11479.4,11116.91,10996.21,10414.3,1811.56,72億,1兆,134億,62億
2020/6/8,11539,11631.89,11528.44,11610.32,11190.83,11026.06,10426.24,2044.83,101億,1兆,171億,71億
2020/6/9,11600.61,11640.45,11537.38,11637.11,11254.82,11063.94,10446.49,1755.52,45億,1兆,118億,73億
2020/6/10,11635.99,11740.9,11621.02,11720.16,11325.37,11103.04,10473.01,1919.57,104億,1兆,155億,51億
2020/6/11,11738.49,11771.12,11516.59,11535.77,11384.53,11140.78,10503.31,2410.96,-7億,1兆,109億,117億
2020/6/12,11406.54,11442.3,11244.64,11429.94,11433.3,11171.53,10536.48,1984.91,31億,1兆,145億,114億
2020/6/15,11436.28,11469.84,11299.45,11306.26,11456.03,11199.82,10571.27,1784.04,-189億,1兆,63億,252億
2020/6/16,11380.67,11542.25,11380.67,11511.64,11494.4,11232.38,10618.44,1831.12,138億,1兆,231億,94億
2020/6/17,11525.5,11550.32,11482.32,11534.59,11515.84,11263.72,10656.79,1756.9,-21億,1兆,101億,122億
2020/6/18,11534.2,11567.42,11485.39,11548.33,11531.35,11290.72,10701.09,1859.06,-11億,1兆,88億,99億
2020/6/19,11557.27,11584.88,11542.37,11549.86,11538.4,11327.66,10738.83,2523.82,-79億,1兆,233億,312億
2020/6/22,11553.91,11632.88,11553.91,11572.93,11534.66,11362.74,10770.96,1834.82,-25億,1兆,71億,96億
2020/6/23,11618.42,11679.4,11530.85,11612.36,11532.18,11393.5,10802.23,2065.07,-5億,1兆,123億,128億
2020/6/24,11647.86,11701.23,11637.79,11660.67,11526.24,11425.8,10834.93,2032.94,9億,1兆,109億,100億
2020/6/29,11608.8,11608.8,11500.65,11542.62,11526.92,11455.72,10866.81,2093.25,-159億,1兆,66億,225億
2020/6/30,11563.6,11638,11563.6,11621.24,11546.05,11489.68,10898.7,1965.6,2億,1兆,122億,120億
2020/7/1,11622.64,11736.39,11622.64,11703.42,11585.77,11520.9,10932.7,1930.56,75億,1兆,136億,61億
2020/7/2,11694.1,11805.21,11690.95,11805.14,11615.12,11554.76,10965.8,1913.1,71億,1兆,141億,70億
2020/7/3,11857.9,11933.59,11857.9,11909.16,11652.57,11584.21,10997.68,2188.8,181億,1兆,231億,49億
2020/7/6,11941.84,12116.7,11941.84,12116.7,11709.41,11620.38,11030.67,2520.79,250億,1兆,303億,53億
2020/7/7,12176.79,12249.95,12028.57,12092.97,11763.72,11651.06,11063.56,2775.07,73億,1兆,151億,78億
2020/7/8,12086.13,12190.27,12083.84,12170.19,11823.45,11679.05,11097.11,2426.76,-17億,1兆,111億,128億
2020/7/9,12222.9,12273.43,12181.34,12192.69,11881.48,11706.83,11132,2527.28,-48億,1兆,92億,140億
2020/7/10,12250.44,12253.58,12030.2,12073.68,11922.78,11724.51,11161.01,2610.2,-30億,1兆,108億,138億
2020/7/13,12109.61,12216.24,12109.61,12211.56,11989.68,11758.3,11190.41,2111.32,55億,1兆,157億,102億
2020/7/14,12202.89,12228.31,12143.91,12209.01,12048.45,11797.25,11220.97,2053.7,-39億,1兆,90億,129億
2020/7/15,12233.99,12320.48,12162.52,12202.85,12098.4,11842.08,11247.74,2404.27,19億,1兆,177億,158億
2020/7/16,12173.04,12220.93,12107.04,12157.74,12133.66,11874.39,11273.92,1996.19,-74億,1兆,83億,157億
2020/7/17,12195.72,12266.93,12144.62,12181.56,12160.9,11906.73,11305.47,2002.71,-18億,1兆,91億,109億
2020/7/20,12205.25,12221.33,12065.8,12174.54,12166.68,11938.04,11336.59,1764.39,36億,1兆,130億,94億
2020/7/21,12242.32,12450.16,12242.32,12397.55,12197.14,11980.43,11370.44,2256.23,106億,1兆,197億,91億
2020/7/22,12389.76,12486.95,12389.4,12473.27,12227.45,12025.45,11405.87,2262.57,18億,1兆,107億,88億
2020/7/23,12423.02,12429.76,12347.86,12413.04,12249.48,12065.48,11436.63,2281.5,-110億,1兆,70億,180億
2020/7/24,12467.43,12502.84,12266.55,12304.04,12272.52,12097.65,11464.76,2684.23,-147億,1兆,82億,228億
2020/7/27,12618.69,12686.36,12586.91,12588.3,12310.19,12149.93,11495.03,2566.12,16億,1兆,134億,118億
2020/7/28,12951.72,13031.7,12533.19,12586.73,12347.96,12198.21,11521.61,3489.23,-122億,1兆,106億,228億
2020/7/29,12530.74,12660.87,12488.01,12540.97,12381.77,12240.08,11551.95,2212.21,-65億,1兆,90億,156億
2020/7/30,12691.86,12769.47,12616.83,12722.92,12438.29,12285.97,11584.42,2157.07,-33億,1兆,113億,146億
2020/7/31,12653.46,12733.48,12635.71,12664.8,12486.62,12323.76,11615.92,2104.36,-96億,1兆,87億,183億
2020/8/3,12642.73,12673.02,12506.59,12513.03,12520.47,12343.57,11643.75,2333.05,-270億,1兆,64億,334億
2020/8/4,12577.88,12709.92,12577.88,12709.92,12551.7,12374.42,11673.9,2135.63,61億,1兆,123億,62億
2020/8/5,12762.34,12816.39,12739.99,12802.3,12584.61,12406.03,11703.71,2408.24,24億,1兆,120億,96億
2020/8/6,12894.24,12971.87,12851.2,12913.5,12634.65,12442.07,11737.61,2620.93,27億,1兆,104億,77億
2020/8/7,12901.43,12912.63,12791.18,12828.87,12687.13,12479.83,11769.12,2401.97,-159億,1兆,30億,189億
2020/8/10,12786.8,12933.16,12786.8,12894,12717.7,12513.95,11804.34,2163.22,-2億,1兆,96億,97億
2020/8/11,12856.46,12906.01,12780.19,12780.19,12737.05,12542.51,11837.1,2066.68,-61億,1兆,72億,133億
2020/8/12,12713.63,12730.96,12625.54,12670.35,12749.99,12565.88,11869.26,2189.49,-142億,1兆,46億,188億
2020/8/13,12758.87,12812.8,12717.13,12763.13,12754.01,12596.15,11900.97,2394.93,20億,1兆,120億,100億
2020/8/14,12709.97,12801.31,12679.19,12795.46,12767.08,12626.85,11932.43,2145.86,47億,1兆,102億,55億
2020/8/17,12813.94,12956.11,12800.69,12956.11,12811.38,12665.92,11964.9,2228.59,111億,1兆,183億,72億
2020/8/18,12974.96,12981.58,12840.25,12872.14,12827.61,12689.65,11999.25,2504.51,-58億,1兆,85億,143億
2020/8/19,12904.84,12950.11,12778.64,12778.64,12825.24,12704.92,12031.04,2555.84,-53億,1兆,108億,161億
2020/8/20,12764.75,12764.75,12144.76,12362.64,12770.15,12702.4,12053.79,3524.67,-240億,1兆,78億,319億
2020/8/21,12462.52,12638.65,12462.52,12607.84,12748.05,12717.59,12080.35,2263.82,21億,1兆,145億,124億
2020/8/24,12629.78,12702.94,12567.95,12647.13,12723.36,12720.53,12108.73,2059.47,-32億,1兆,97億,129億
2020/8/25,12706.4,12814.56,12698.85,12758.25,12721.17,12729.11,12139,1996.08,37億,1兆,116億,79億
2020/8/26,12768.96,12833.29,12734.69,12833.29,12737.46,12743.73,12168.24,1801.72,19億,1兆,81億,62億
2020/8/27,12888.65,12960.68,12786.45,12797.31,12740.88,12747.45,12196.06,2191.51,-60億,1兆,62億,123億
2020/8/28,12759.3,12799.16,12674.57,12728.85,12734.22,12750.65,12219.54,2096.54,-80億,1兆,97億,177億
2020/8/31,12763.44,12831.38,12591.45,12591.45,12697.75,12754.57,12239.51,2516.04,-172億,1兆,110億,282億
2020/9/1,12617.39,12703.28,12565.83,12703.28,12680.87,12754.24,12259.91,2306.9,3億,1兆,75億,71億
2020/9/2,12772.43,12802.61,12646.47,12699.5,12672.95,12749.1,12278.06,2123.73,-83億,1兆,56億,139億
2020/9/3,12774.97,12857.79,12732.32,12757.97,12712.49,12741.32,12296.74,2384.06,65億,1兆,151億,86億
2020/9/4,12645.92,12655.67,12559.78,12637.95,12715.5,12731.77,12312.04,2341.7,-190億,1兆,46億,236億
2020/9/7,12645.93,12725.05,12575.36,12601.4,12710.93,12717.14,12329.8,2282.08,-94億,1兆,36億,129億
2020/9/8,12637.42,12702.55,12614.72,12663.56,12701.46,12711.31,12350.36,2058.77,-15億,1兆,83億,98億
2020/9/9,12592.18,12616.57,12480.5,12608.58,12678.99,12708.22,12372.06,2101.65,-118億,1兆,40億,158億
2020/9/10,12665.74,12708.64,12650.4,12691.75,12668.43,12704.66,12391.73,1998.25,37億,1兆,103億,66億
2020/9/11,12697.46,12701.79,12616.68,12675.95,12663.14,12698.68,12410.75,1919.27,-7億,1兆,82億,89億
2020/9/14,12680.41,12793.07,12680.41,12787.82,12682.78,12690.27,12431.41,1800.18,113億,1兆,171億,59億
2020/9/15,12787.42,12857.73,12773.23,12845.65,12697.01,12688.94,12453.01,1888.94,73億,1兆,130億,57億
2020/9/16,12989.81,13021.68,12948.72,12976.76,12724.74,12698.85,12476.4,2105.39,153億,1兆,233億,80億
2020/9/17,12920.15,12972.52,12851.52,12872.74,12736.22,12724.35,12497.41,1895.14,-116億,1兆,58億,174億
2020/9/18,12858.6,12927.81,12841.09,12875.62,12759.98,12737.74,12517.66,2051.94,-14億,1兆,139億,153億
2020/9/21,12874.61,12952.31,12795.09,12795.12,12779.36,12745.14,12538.54,1753.67,-111億,1兆,54億,165億
2020/9/22,12786.91,12786.91,12632.74,12645.51,12777.55,12739.5,12555.61,1742.65,-151億,1兆,33億,185億
2020/9/23,12656.3,12700.89,12548.07,12583.88,12775.08,12727.03,12570.28,1755.26,-173億,1兆,40億,213億
2020/9/24,12487.48,12487.48,12264.38,12264.38,12732.34,12700.39,12577.93,2459.37,-429億,1兆,61億,490億
2020/9/25,12312.94,12385.81,12149.81,12232.91,12688.04,12675.59,12583.33,2122.69,-68億,1兆,56億,124億
2020/9/28,12282.36,12462.76,12282.36,12462.76,12655.53,12669.15,12589.1,1560.18,61億,1兆,136億,75億
2020/9/29,12488.1,12571.34,12429.72,12467.73,12617.74,12657.38,12595.34,1673.66,-24億,1兆,105億,130億
2020/9/30,12483.65,12568.68,12466.58,12515.61,12571.63,12648.18,12601.1,1387.26,38億,1兆,114億,76億
2020/10/5,12567.88,12637.62,12519.12,12548.28,12539.18,12637.7,12607.03,1491.22,6億,1兆,132億,126億
2020/10/6,12644.09,12706.39,12644.09,12704.23,12522.04,12641.01,12617.54,1658.55,85億,1兆,142億,58億
2020/10/7,12667.51,12774.36,12619.81,12746.37,12517.17,12648.26,12626.45,1649.97,88億,1兆,175億,87億
2020/10/8,12832.54,12887.19,12818.01,12887.19,12541.33,12659.44,12637.75,2111.09,180億,1兆,216億,36億
2020/10/12,12959.15,12997.79,12898.89,12955.91,12578.54,12676.81,12650.3,2325.73,135億,1兆,205億,69億
2020/10/13,12988.44,12994.66,12857.1,12947.13,12646.81,12689.58,12663.46,1909.73,61億,1兆,104億,44億
2020/10/14,12927.09,12960,12895.79,12919.31,12715.45,12701.75,12675.76,2007.03,-51億,1兆,71億,123億
2020/10/15,12892.29,12909.11,12786.26,12827.82,12751.96,12703.75,12686.64,1823.08,-107億,1兆,60億,167億
2020/10/16,12814.16,12896.3,12750.37,12750.37,12780.22,12698.98,12692.53,1874.45,-25億,1兆,96億,121億
2020/10/19,12803.32,12911.41,12803.32,12908.34,12819.5,12695.56,12699.78,1651.06,119億,1兆,166億,48億
2020/10/20,12889.99,12917.75,12862.37,12862.37,12850.9,12695.04,12707.27,1481.98,-33億,1兆,47億,80億
2020/10/21,12889.88,12942.12,12846.42,12877.25,12868.21,12695.12,12716.82,1700.8,-44億,1兆,73億,117億
2020/10/22,12854.97,12917.03,12827.4,12917.03,12885.27,12701.22,12722.3,1753.46,29億,1兆,110億,81億
2020/10/23,12945.12,12963.26,12875.23,12898.82,12886.44,12713.88,12727.5,1526.25,-23億,1兆,53億,75億
2020/10/26,12923.55,12971.58,12894.18,12909.03,12881.75,12730.14,12733.63,1648.87,-25億,1兆,44億,69億
2020/10/27,12867.77,12884.32,12821.07,12875.01,12874.54,12760.67,12736.17,1710.91,-69億,1兆,37億,106億
2020/10/28,12853.76,12879.98,12761.33,12793.75,12861.98,12788.72,12738.32,1783.93,-130億,1兆,36億,166億
2020/10/29,12687.64,12699.82,12583.37,12662.91,12845.49,12798.72,12740.82,1891.81,-149億,1兆,42億,190億
2020/10/30,12651.35,12656.29,12546.34,12546.34,12825.09,12802.65,12738.09,1999.21,-201億,1兆,52億,253億
2020/11/2,12565.32,12594.34,12480.66,12591.31,12793.38,12806.44,12734.57,1664.03,-41億,1兆,93億,135億
2020/11/3,12641.28,12760.14,12641.28,12736.01,12780.75,12815.83,12731.61,1680.38,114億,1兆,179億,65億
2020/11/4,12766.86,12885.28,12736.02,12867.9,12779.81,12824.01,12732.26,1936.36,93億,1兆,129億,36億
2020/11/5,12878.01,12918.8,12840.4,12918.8,12779.99,12832.63,12732.68,1763.25,139億,1兆,165億,26億
2020/11/6,12952.49,12999.16,12927.3,12973.53,12787.46,12836.95,12735.9,1852.05,108億,1兆,137億,29億
2020/11/9,13053.98,13149.9,13048.67,13127.47,12809.3,12845.53,12743.52,2232.44,220億,1兆,269億,49億
2020/11/10,13090.65,13142.22,13022.92,13081.72,12829.97,12852.25,12748.83,2515.82,-27億,1兆,77億,104億
2020/11/11,13067.04,13262.19,13067.04,13262.19,12876.82,12869.4,12756.61,2431.88,178億,1兆,232億,54億
2020/11/12,13324.86,13324.86,13193.74,13221.78,12932.71,12889.1,12761.04,2263.13,62億,1兆,152億,90億
2020/11/13,13221.8,13273.33,13170.12,13273.33,13005.4,12915.24,12767.72,1810.96,38億,1兆,80億,42億
2020/11/16,13356.74,13551.83,13356.74,13551.83,13101.46,12947.42,12780.61,2371.35,241億,1兆,290億,49億
2020/11/17,13723.77,13780.12,13593.01,13593.01,13187.16,12983.95,12801.11,2394.83,130億,1兆,172億,43億
2020/11/18,13628.42,13773.29,13608.72,13773.29,13277.7,13028.75,12820.54,2345.8,201億,1兆,290億,90億
2020/11/19,13775.26,13785.92,13700.04,13722.43,13358.06,13069.02,12838.46,2097.75,-17億,1兆,128億,144億
2020/11/20,13702.59,13726.22,13666.07,13716.44,13432.35,13109.9,12854.43,2211.95,-7億,1兆,109億,116億
2020/11/23,13793.55,13921.16,13793.55,13878.01,13507.4,13158.35,12871.84,2392.56,127億,1兆,223億,96億
2020/11/24,13918.84,13951.17,13798.32,13807.13,13579.94,13204.96,12888.67,2667.23,-29億,1兆,71億,100億
2020/11/25,13860.95,13893.2,13731.81,13738.83,13627.61,13252.21,12905.51,2636.12,-119億,1兆,98億,217億
2020/11/26,13763.79,13856.76,13763.79,13845.66,13690,13311.35,12926.41,2214.94,48億,1兆,143億,95億
2020/11/27,13833.21,13885.01,13811.81,13867.09,13749.37,13377.39,12945.81,2408.58,-17億,1兆,96億,113億
2020/11/30,13917.65,13969.39,13722.89,13722.89,13766.48,13433.97,12962.86,4096.86,-296億,1兆,221億,518億
2020/12/1,13810.55,13885.67,13749.71,13885.67,13795.74,13491.45,12981.66,2613.91,2億,1兆,115億,113億
2020/12/2,13970.51,13995.7,13894.7,13989.14,13817.33,13547.51,13004.18,2902.12,29億,1兆,127億,98億
2020/12/3,13988.49,14049.58,13940.07,13977.09,13842.8,13600.43,13027.11,2705.72,-31億,1兆,75億,107億
2020/12/4,14010.17,14149.56,14010.17,14132.44,13884.4,13658.37,13051.59,2906.31,120億,1兆,231億,111億
2020/12/7,14230,14306.87,14142.02,14256.6,13922.25,13714.83,13079.05,3353.9,-85億,1兆,78億,163億
2020/12/8,14251.94,14367,14184.58,14360.4,13977.58,13778.76,13106.86,2826.32,38億,1兆,125億,87億
2020/12/9,14336.69,14427.41,14336.69,14390.14,14042.71,13835.16,13135.43,3115.72,18億,1兆,106億,88億
2020/12/10,14295.15,14319.38,14191.85,14249.49,14083.1,13886.55,13159.8,3075.1,-158億,1兆,72億,230億
2020/12/11,14298.59,14353.17,14081.42,14261.69,14122.56,13935.96,13183.4,3235.59,-105億,1兆,121億,227億
2020/12/14,14238.92,14270.34,14182.25,14211.05,14171.37,13968.92,13203.97,2352.23,-67億,1兆,71億,138億
2020/12/15,14206.33,14256.55,14053.35,14068.52,14189.66,13992.7,13223.9,2777,-182億,1兆,67億,249億
2020/12/16,14145.24,14339.5,14145.24,14304.46,14221.19,14019.26,13247.71,2524.63,247億,1兆,379億,132億
2020/12/17,14326.16,14338.4,14213.49,14258.93,14249.37,14046.08,13272.11,2300.61,26億,1兆,95億,69億
2020/12/18,14268.13,14329.12,14245.6,14249.96,14261.12,14072.76,13298.85,2493.04,-6億,1兆,94億,100億
2020/12/21,14273.79,14384.96,14166.89,14384.96,14273.96,14098.11,13328.87,2593.28,60億,1兆,145億,85億
2020/12/22,14348.11,14411.93,14175.69,14177.46,14255.67,14116.62,13360.75,2921.06,-92億,1兆,70億,162億
2020/12/23,14180.7,14247.79,14134.87,14223.09,14238.96,14140.84,13393.92,2214.43,13億,1兆,84億,71億
2020/12/24,14256.29,14324.42,14256.29,14280.28,14242.04,14162.57,13424.21,2241.29,-5億,1兆,76億,81億
2020/12/25,14306.98,14400.83,14296.97,14331.42,14249.01,14185.78,13455.28,2140.89,13億,1兆,78億,65億
2020/12/28,14363.45,14483.07,14363.45,14483.07,14276.22,14223.79,13488.07,2521.99,120億,1兆,185億,65億
2020/12/29,14500.91,14547.07,14435.03,14472.05,14316.57,14253.11,13520.13,2879.84,-65億,1兆,57億,123億
2020/12/30,14485.97,14695.44,14476.69,14687.7,14354.89,14288.04,13553.19,2637.23,241億,1兆,331億,90億
2020/12/31,14704.53,14760.06,14646.33,14732.53,14402.25,14325.81,13586.29,2606.82,56億,1兆,138億,83億
2021/1/4,14720.25,14937.13,14720.25,14902.03,14467.46,14364.29,13619.87,3495.48,145億,1兆,259億,114億
2021/1/5,14913.64,15000.03,14861.99,15000.03,14528.97,14401.46,13653.94,3500.89,-5億,1兆,128億,132億
2021/1/6,15145.85,15197.68,14837,14983.13,14609.53,14432.6,13687.87,4386.56,-76億,1兆,130億,206億
2021/1/7,15059.52,15270.4,15049.86,15214,14708.62,14473.79,13726.12,3424.26,123億,1兆,239億,116億
2021/1/8,15365.13,15463.95,15275.38,15463.95,14826.99,14534.52,13770.05,4008.45,171億,1兆,278億,108億
2021/1/11,15425.58,15557.3,15395.73,15557.3,14949.58,14599.3,13816.83,3297.75,-34億,1兆,142億,176億
2021/1/12,15549.53,15642.03,15421.23,15500.7,15051.34,14663.78,13860.04,3743.81,-120億,1兆,86億,207億
2021/1/13,15550.16,15778.52,15550.16,15769.98,15181.14,14748.85,13908.5,3799.66,153億,1兆,291億,139億
2021/1/14,15651.2,15760.15,15620.96,15707.19,15283.08,14818.99,13955.67,4020.6,-148億,1兆,116億,264億
2021/1/15,15987.16,16041.59,15615.11,15616.39,15371.47,14886.86,14000.66,4435.75,-121億,1兆,183億,305億
2021/1/18,15676.45,15676.45,15320.97,15612,15442.47,14954.96,14045.88,3188.11,-67億,1兆,115億,182億
2021/1/19,15716.64,15928.14,15716.64,15877.37,15530.2,15029.58,14095.35,3223.22,68億,1兆,150億,82億
2021/1/20,15934.85,16004.32,15745.48,15806.18,15612.51,15111.02,14144.2,4286.79,-269億,1兆,141億,411億
2021/1/21,15775.73,16238.46,15775.73,16153.77,15706.48,15207.55,14200.2,3635.5,44億,1兆,188億,144億
2021/1/22,15984.89,16138.04,15973.02,16019.03,15761.99,15294.49,14256.14,4134.3,-283億,1兆,155億,437億
2021/1/25,16006.21,16014.96,15772.63,15946.54,15800.92,15375.25,14312.81,3588.29,-134億,1兆,116億,250億
2021/1/26,15955.16,16023.87,15589.21,15658.85,15816.73,15434.04,14363.93,3658.33,-273億,1兆,98億,370億
2021/1/27,15711.76,15837.47,15642.12,15701.45,15809.88,15495.51,14413.36,3113.88,-37億,1兆,115億,152億
2021/1/28,15519.85,15557.02,15367.45,15415.88,15780.75,15531.92,14455.82,3688.84,-311億,1兆,111億,423億
2021/1/29,15544.36,15603.41,15138.31,15138.31,15732.94,15552.2,14492.81,3629.38,-295億,1兆,111億,406億
2021/2/1,15176.56,15429.98,15089.96,15410.09,15712.75,15577.61,14533.42,2776.85,165億,1兆,260億,95億
2021/2/2,15546.69,15838.15,15546.69,15760.05,15701.02,15615.61,14577.3,3117.87,136億,1兆,227億,91億
2021/2/3,15828.64,15896.4,15741.16,15771.32,15697.53,15655.02,14622.13,2938.92,52億,1兆,153億,101億
2021/2/4,15697.75,15801.37,15606.74,15706.22,15652.77,15679.63,14662.86,2562.97,-18億,1兆,145億,163億
2021/2/5,15805.76,15938.09,15774.34,15802.4,15631.11,15696.55,14705.87,2869.64,47億,1兆,177億,130億
2021/2/17,16197.45,16406.78,16197.45,16362.29,15672.69,15736.8,14757.35,4230.8,347億,1兆,542億,195億
2021/2/18,16366.23,16517.73,16323.22,16424.51,15749.25,15782.99,14805.23,3689.99,45億,1兆,207億,162億
2021/2/19,16376.91,16382.7,16211.25,16341.38,15813.25,15811.56,14851.04,3531.41,-118億,1兆,149億,267億
2021/2/22,16445.87,16579.17,16410.16,16410.16,15912.67,15846.71,14894.99,3577.15,-85億,1兆,143億,228億
2021/2/23,16320.88,16467.75,16211.75,16443.4,16043.18,15888.06,14940.33,3733.02,9億,1兆,214億,205億
2021/2/24,16329.54,16456.94,16212.53,16212.53,16123.43,15918.09,14981.94,4030.9,-245億,1兆,66億,311億
2021/2/25,16376.8,16474.05,16322.27,16452.18,16192.64,15946.83,15024.84,3556.81,171億,1兆,302億,131億
2021/2/26,16190.04,16190.04,15953.8,15953.8,16210.89,15954.21,15060.62,4529.36,-837億,1兆,129億,965億
2021/3/2,16127.87,16262.91,15946.88,15946.88,16234.95,15943.86,15097.42,3408.53,-72億,1兆,174億,246億
2021/3/3,15992.32,16211.73,15884.55,16211.73,16275.89,15953.5,15136.85,3201.2,118億,1兆,347億,229億
2021/3/4,16091.75,16091.75,15840.99,15906.41,16230.3,15951.49,15170.84,3354.17,-494億,9880億,66億,560億
2021/3/5,15759.58,15934.43,15636.43,15855.23,16173.37,15961.31,15206.38,3095.51,-262億,9617億,83億,345億
2021/3/8,15943.37,16074.97,15816.5,15820.11,16121.24,15967.24,15238.62,2911.78,-135億,9482億,49億,185億
2021/3/9,15715.07,15864.26,15657.92,15853.09,16065.54,15989.1,15269.69,3284.5,-36億,9446億,184億,220億
2021/3/10,15921.45,15986.07,15857.32,15911.67,16012.36,16027.77,15301.93,2634.9,-40億,9406億,95億,136億
2021/3/11,15947.21,16216.22,15947.21,16179.56,16009.07,16066.25,15336.05,3300.54,238億,9644億,342億,104億
2021/3/12,16241.55,16298.03,16166.35,16255.18,15989.37,16091,15369.36,3026.24,110億,9755億,160億,50億
2021/3/15,16256.58,16281.91,16194.91,16249.33,16018.92,16114.9,15400.84,2678.95,20億,9775億,140億,120億
2021/3/16,16253.93,16340.66,16244.99,16313.16,16055.55,16145.25,15432.89,2988.99,45億,9820億,170億,125億
2021/3/17,16312.98,16349.21,16166.35,16215.82,16055.96,16165.92,15465.66,3168.38,-62億,9758億,121億,183億
2021/3/18,16264.61,16410.02,16264.61,16287.84,16094.1,16162.2,15499.43,3284.84,157億,9914億,239億,83億
2021/3/19,16186.46,16186.46,16022.17,16070.24,16115.6,16144.49,15530.42,3972,-337億,9578億,98億,435億
2021/3/22,16065.5,16235.63,15983.77,16189.22,16152.51,16136.88,15565.76,3365.23,32億,9610億,123億,91億
2021/3/23,16250.2,16351.38,16166.29,16177.59,16184.96,16125.25,15596.98,3529.01,-45億,9564億,119億,164億
2021/3/24,15994.96,16125.54,15967.95,16032.12,16197.01,16104.68,15626.54,3253.41,-276億,9288億,102億,378億
2021/3/25,16010.54,16146.58,15944.96,16060.14,16185.06,16097.07,15656.7,3246.49,-122億,9166億,80億,202億
2021/3/26,16140.37,16325.62,16140.37,16305.88,16190.13,16089.75,15688.72,3009.22,260億,9426億,326億,66億
2021/3/29,16411.67,16520.89,16411.67,16475.97,16212.8,16115.86,15727.03,3287.28,143億,9569億,205億,62億
2021/3/30,16490.31,16556.19,16438.4,16554.9,16236.97,16146.26,15765.89,3153.89,136億,9705億,224億,88億
2021/3/31,16529.23,16550.2,16427.2,16431.13,16258.5,16157.23,15801.74,3395.31,-134億,9571億,73億,207億
2021/4/1,16538.28,16602.47,16496.16,16571.28,16286.85,16190.47,15839.07,3267.57,142億,9713億,212億,70億
2021/4/6,16711.79,16804.45,16711.79,16739.87,16353.81,16234.71,15876.68,3399.18,179億,9891億,238億,59億
2021/4/7,16771.35,16816.34,16715.32,16815.36,16416.42,16284.47,15915.74,3453.73,75億,9966億,138億,63億
2021/4/8,16786.56,16926.72,16735.78,16926.44,16491.31,16338.14,15953.05,3897.54,60億,1兆,149億,89億
2021/4/9,16974.28,17016.13,16815.59,16854.1,16573.51,16385.26,15988.41,4483.56,-60億,9967億,100億,160億
2021/4/12,16908.55,16979.35,16793.54,16859.7,16653.46,16419.26,16021.04,4282.3,-37億,9930億,93億,130億
2021/4/13,16872.4,17041.37,16802.22,16824.91,16705.37,16447.75,16051.45,4707.16,-36億,9894億,84億,121億
2021/4/14,16869.78,16935.39,16559.57,16865.97,16744.37,16478.58,16082.83,4909.59,-17億,9877億,111億,127億
2021/4/15,16851.06,17076.73,16851.06,17076.73,16796.55,16516.76,16113.88,3666.18,79億,9956億,172億,93億
2021/4/16,17028.35,17158.81,16998.91,17158.81,16869.32,16563.91,16142.13,4297.29,78億,1兆,144億,67億
2021/4/19,17141.25,17294.15,17135.52,17263.28,16938.52,16612.68,16170.56,4520.5,-9億,1兆,104億,113億
2021/4/20,17231.58,17323.87,17175.02,17323.87,16996.92,16675.36,16200.95,4450.6,-30億,9994億,108億,138億
2021/4/21,17282.76,17282.76,17167.39,17202.11,17035.59,16726.01,16224.82,4450.82,-228億,9766億,90億,319億
2021/4/22,17302.73,17428.15,17066.17,17096.97,17052.65,16771.98,16247.98,6523.88,-35億,9731億,118億,153億
2021/4/23,17117.49,17300.27,17055.48,17300.27,17097.26,16835.38,16276.04,4588.37,153億,9884億,268億,115億
2021/4/26,17378.36,17572.29,17378.36,17572.29,17168.52,16910.99,16308.71,4733.06,202億,1兆,286億,84億
2021/4/27,17586.02,17630.19,17489.71,17595.9,17245.62,16975.49,16337.36,5005.89,-38億,1兆,141億,179億
2021/4/28,17610.72,17628.81,17497.74,17567.53,17315.78,17030.07,16366.71,5111.59,-27億,1兆,126億,153億
2021/4/29,17646.93,17709.23,17548.3,17566.66,17364.77,17080.66,16390.26,5480.21,-139億,9882億,107億,246億
2021/5/3,17505.52,17546.94,17222.35,17222.35,17371.12,17120.22,16410.32,5977.95,-215億,9667億,133億,348億
2021/5/4,17249.56,17328.55,16647.61,16933.78,17338.17,17138.35,16426.77,6723.07,-62億,9605億,190億,252億
2021/5/5,16968.75,17052.2,16843.44,16843.44,17290.13,17143.52,16446.51,4643.37,-123億,9482億,134億,258億
2021/5/6,16925.52,17088.73,16764.71,16994.36,17269.36,17152.47,16468.06,4959.58,-67億,9415億,98億,165億
2021/5/7,17032.23,17285,17032.23,17285,17288.16,17170.4,16499.21,4591.07,149億,9563億,262億,113億
2021/5/10,17274.23,17304.47,17188.15,17235.61,17281.69,17189.48,16534.17,5013.96,-50億,9514億,78億,128億
2021/5/11,17137.19,17137.19,16460.87,16583.13,17182.78,17175.65,16553.72,7250.86,-442億,9072億,121億,563億
2021/5/12,16515.88,16552.63,15165.27,15902.37,17013.42,17129.52,16556.09,7828.25,-118億,8954億,162億,280億
2021/5/13,15668.33,16031.93,15368.54,15670.1,16823.68,17069.73,16554.4,5745.84,-46億,8909億,164億,210億
2021/5/14,15819.24,16075.48,15702.1,15827.09,16649.72,17007.25,16556.42,5161.72,-65億,8844億,132億,197億
2021/5/17,15554.99,15719.74,15159.86,15353.89,16462.88,16917,16548.94,4850.06,375億,9219億,457億,83億
2021/5/18,15564.96,16153.77,15564.96,16145.98,16384.1,16861.14,16545.34,4146.82,259億,9478億,329億,70億
2021/5/19,16112.21,16273.98,16009.76,16132.66,16313.02,16801.57,16540.47,4418.01,-202億,9276億,143億,344億
2021/5/20,16122.52,16154.08,15943.45,16042.36,16217.82,16743.59,16535.49,4775.11,-205億,9072億,115億,319億
2021/5/21,16136.86,16431.14,16136.86,16302.06,16119.53,16703.84,16533.69,4331.27,130億,9201億,222億,93億
2021/5/24,16246.52,16397.59,16136.97,16338.29,16029.79,16655.74,16531.94,4279.8,-2132萬,9201億,121億,121億
2021/5/25,16444.75,16657.6,16444.75,16595.67,16031.05,16606.91,16538.32,5334.2,37億,9238億,172億,136億
2021/5/26,16645.17,16706.29,16523.23,16643.69,16105.18,16559.3,16541.51,4297.42,13億,9250億,104億,91億
2021/5/27,16591.7,16601.61,16419.42,16601.61,16198.33,16511.01,16552.31,5409.62,-108億,9142億,195億,303億
2021/5/28,16690.04,16889.01,16690.04,16870.86,16302.71,16476.22,16567.71,4976.89,228億,9370億,317億,89億
2021/5/31,16948.47,17113.33,16939.91,17068.43,16474.16,16468.52,16581.99,5401.17,115億,9485億,228億,112億
2021/6/1,17098.49,17184.3,17060.45,17162.38,16575.8,16479.95,16602.92,4653.41,30億,9516億,161億,131億
2021/6/2,17192.91,17274.66,17056.42,17165.04,16679.04,16496.03,16624.75,5407.74,-117億,9399億,91億,208億
2021/6/3,17201.3,17311.28,17198.89,17246.16,16799.42,16508.62,16648.52,4932.6,100億,9499億,187億,88億
2021/6/4,17225.06,17225.06,17084.49,17147.41,16883.95,16501.74,16670.09,4412.97,-168億,9331億,56億,224億
2021/6/7,17176.09,17189.23,16775.85,17083.91,16958.52,16494.15,16689.63,4927.17,-58億,9273億,98億,156億
2021/6/8,17094.34,17181.52,17056.53,17076.21,17006.57,16518.81,16704.57,3507.19,-61億,9213億,67億,127億
2021/6/9,17082.52,17082.52,16907.43,16966.22,17038.82,16572,16716.42,4024.3,-147億,9066億,65億,212億
2021/6/10,17024.54,17159.22,16978.01,17159.22,17094.58,16646.46,16731.59,4159.32,110億,9175億,193億,84億
2021/6/11,17200.45,17278.55,17193.61,17213.52,17128.85,16715.78,16746.6,4116.21,77億,9252億,170億,93億
2021/6/15,17279.7,17371.29,17279.7,17371.29,17159.14,16816.65,16765.85,4396.24,98億,9350億,214億,117億
2021/6/16,17357.37,17398.22,17275.02,17307.86,17173.68,16874.74,16782.85,5808.61,-184億,9166億,130億,314億
2021/6/17,17254.84,17390.61,17150.52,17390.61,17196.24,16937.64,16804.86,4449.79,-63億,9103億,110億,174億
2021/6/18,17384.74,17417.5,17318.54,17318.54,17203.48,17001.45,16823.68,5458.84,-151億,8952億,139億,290億
2021/6/21,17305.49,17305.49,17023.31,17062.98,17195.04,17039.5,16838.44,5180.16,-308億,8644億,71億,379億
2021/6/22,17162.71,17270.47,17075.55,17075.55,17194.2,17076.36,16855.83,5513.62,-110億,8534億,99億,208億
2021/6/23,17127.59,17375.79,17127.59,17336.71,17220.25,17113.41,16877.1,5294.65,161億,8695億,356億,195億
2021/6/24,17358.57,17439.63,17319.89,17407.96,17264.42,17151.62,16895.47,4224.49,74億,8769億,154億,80億
2021/6/25,17471.07,17597.33,17471.07,17502.99,17298.8,17196.69,16912.59,4806.3,132億,8902億,204億,72億
2021/6/28,17531.82,17595.51,17481.23,17590.97,17336.55,17232.7,16929.86,4443.31,97億,8999億,181億,84億
2021/6/29,17621.15,17713.24,17541.14,17598.19,17359.24,17259.19,16949.31,5982.52,-155億,8843億,120億,275億
2021/6/30,17648.25,17797.27,17648.25,17755.46,17404,17288.84,16969.04,5437.89,214億,9057億,299億,86億
2021/7/1,17801.19,17863.9,17644.36,17713.94,17436.33,17316.29,16985.28,6474.94,-217億,8840億,116億,333億
2021/7/2,17745.69,17795.88,17676.98,17710.15,17475.49,17339.48,17000.19,6129.21,-145億,8695億,93億,238億
2021/7/5,17783.8,17945.52,17783.8,17919.33,17561.13,17378.08,17016.74,6112.39,140億,8835億,323億,183億
2021/7/6,17929.22,18008.37,17895.78,17913.07,17644.88,17419.54,17034.39,6067.48,-21億,8814億,152億,173億
2021/7/7,17901.25,17933.62,17756.82,17850.69,17696.28,17458.26,17050.91,5915.69,-119億,8694億,95億,214億
2021/7/8,17880.9,17935.11,17742.08,17866.09,17742.09,17503.26,17068.26,6433.35,9億,8703億,146億,137億
2021/7/9,17778.12,17778.12,17597.46,17661.48,17757.94,17528.37,17081.52,5500.7,-410億,8293億,88億,499億
2021/7/12,17843.3,17947.9,17759.9,17814.33,17780.27,17558.41,17093.81,5588,166億,8458億,286億,120億
2021/7/13,17931.47,18018.04,17786.76,17847.52,17805.21,17582.22,17105.29,6628.06,175億,8633億,296億,121億
2021/7/14,17892.51,17940.86,17716.44,17845.75,17814.24,17609.12,17115,5779.37,56億,8689億,178億,122億
2021/7/15,17878.78,18034.19,17878.78,18034.19,17846.26,17641.29,17126.84,4584.76,165億,8853億,232億,67億
2021/7/16,17839.58,17926.38,17779.61,17895.25,17864.77,17670.13,17138.39,5802.46,-243億,8610億,84億,327億
2021/7/19,17854.35,17854.35,17708.15,17789.25,17851.76,17706.44,17149.93,4723.01,-367億,8243億,66億,433億
2021/7/20,17724.92,17724.92,17500.69,17528.74,17813.33,17729.1,17153.73,4748.09,-303億,7941億,70億,373億
2021/7/21,17593.6,17707.56,17352.24,17458.79,17774.14,17735.21,17151.84,6208.83,-204億,7736億,66億,270億
2021/7/22,17482.81,17667.38,17482.81,17572.33,17744.76,17743.43,17151.45,5891.21,347億,8083億,460億,114億
2021/7/23,17603.95,17672.6,17511.86,17572.92,17735.91,17746.92,17151.54,5685.1,3億,8086億,109億,106億
2021/7/26,17554.93,17637.36,17403.56,17403.56,17694.83,17737.55,17148.82,4625.6,-199億,7887億,80億,279億
2021/7/27,17394.77,17459.35,17264.5,17269.87,17637.07,17721.14,17149.61,5098.25,-82億,7805億,103億,186億
2021/7/28,17252.87,17252.87,16893.7,17135.22,17566.01,17690.12,17152.97,5614.06,-181億,7624億,111億,292億
2021/7/29,17216.58,17402.81,17190.48,17402.81,17502.87,17674.57,17162.29,4740.4,203億,7826億,314億,111億
2021/7/30,17414.77,17429.01,17237.67,17247.41,17438.09,17651.43,17166.51,5456.77,-178億,7648億,143億,321億
2021/8/2,17256.61,17503.28,17231.22,17503.28,17409.49,17630.63,17170.15,4401.9,215億,7864億,296億,80億
2021/8/3,17489.12,17553.76,17456.2,17553.76,17412,17612.66,17175.45,3903,2億,7866億,121億,119億
2021/8/4,17588.64,17636.11,17557.18,17623.89,17428.51,17601.32,17192.8,3790.9,98億,7964億,180億,81億
2021/8/5,17624.82,17643.97,17566.72,17603.12,17431.58,17588.17,17221.14,3859.23,23億,7986億,145億,123億
2021/8/6,17593.85,17593.85,17469.68,17526.28,17426.92,17581.41,17252.08,4012.58,-94億,7893億,75億,169億
2021/8/9,17505.01,17510.09,17350.15,17485.15,17435.08,17564.95,17279.71,3524.02,-93億,7799億,75億,168億
2021/8/10,17492.45,17524.91,17305.06,17323.64,17440.46,17538.76,17312.54,3529.96,-108億,7691億,100億,208億
2021/8/11,17308.62,17327.2,17090.25,17227.18,17449.65,17507.83,17330.56,3922.86,-32億,7659億,133億,165億
2021/8/12,17221.35,17233.11,17139.21,17219.94,17431.37,17467.12,17348.68,3225.43,45億,7704億,137億,92億
2021/8/13,17216.34,17216.34,16978.11,16982.11,17404.84,17421.46,17364.35,3866.39,-246億,7458億,58億,304億
2021/8/16,16941.33,16983.59,16773.57,16858.77,17340.38,17374.94,17373.63,3361.93,-13億,7445億,153億,166億
2021/8/17,16841.62,16870.55,16657.63,16661.36,17251.14,17331.57,17379.01,2997.69,-105億,7340億,121億,226億
2021/8/18,16630.99,16826.27,16418.54,16826.27,17171.38,17299.94,17382.85,4242.98,58億,7399億,198億,139億
2021/8/19,16777.78,16777.78,16375.4,16375.4,17048.61,17240.1,17378.38,4383.9,-479億,6920億,114億,593億
2021/8/20,16426.98,16507.11,16248.08,16341.94,16930.18,17178.55,17374.05,3548.04,-53億,6867億,125億,178億
2021/8/23,16459.13,16785.29,16459.13,16741.84,16855.85,17145.46,17371.9,3676.62,212億,7079億,334億,122億
2021/8/24,16830.63,16904.3,16779.9,16818.73,16805.35,17122.91,17367.74,4181.24,-137億,6942億,122億,259億
2021/8/25,16821.08,17045.86,16821.08,17045.86,16787.22,17118.44,17365.8,3640.42,165億,7107億,252億,87億
2021/8/26,17177.39,17201.42,16984.69,17066.96,16771.92,17101.64,17364.17,3771.61,-125億,6982億,77億,202億
2021/8/27,17061.1,17229.89,17000.26,17209.93,16794.71,17099.77,17363.56,3200.02,179億,7160億,247億,68億
2021/8/30,17244.62,17396.52,17244.62,17396.52,16848.48,17094.43,17367.71,2749.16,185億,7345億,249億,64億
2021/8/31,17384.61,17490.29,17207.57,17490.29,16931.37,17091.26,17374.49,3451.42,123億,7468億,268億,145億
2021/9/1,17463.8,17503.93,17415.52,17473.99,16996.15,17083.76,17381.12,3653.48,104億,7572億,184億,80億
2021/9/2,17455.92,17523.16,17319.76,17319.76,17090.58,17069.6,17387.01,3546.59,-30億,7542億,115億,145億
2021/9/3,17380.52,17540.78,17380.52,17516.92,17208.08,17069.13,17392.97,3662.52,278億,7820億,364億,86億
2021/9/6,17534.05,17633.67,17461.07,17495.3,17283.43,17069.64,17397.67,3808.08,40億,7859億,142億,102億
2021/9/7,17534.38,17559.21,17388.37,17428.87,17344.44,17074.9,17398.63,3378.07,44億,7903億,130億,87億
2021/9/8,17411.53,17447.58,17167.08,17270.49,17366.9,17077.06,17398,3256.86,-99億,7804億,129億,228億
2021/9/9,17175.04,17319.09,17122.95,17304.33,17390.64,17081.28,17396.57,2469.15,-35億,7769億,66億,101億
2021/9/10,17270.28,17474.57,17270.28,17474.57,17417.1,17105.91,17399.17,2685.51,136億,7906億,217億,81億
2021/9/13,17452.16,17482.57,17387.57,17446.31,17422.08,17135.28,17405.55,2607.43,-44億,7861億,53億,97億
2021/9/14,17463.78,17529.47,17424.54,17434.9,17416.54,17173.96,17411.54,2618.65,-7億,7854億,116億,123億
2021/9/15,17434.02,17439.75,17316.52,17354,17404.55,17200.35,17411.83,2698.26,-63億,7791億,99億,162億
2021/9/16,17332.34,17411.37,17254.1,17278.7,17400.44,17245.51,17409.68,2425.77,-57億,7734億,61億,118億
2021/9/17,17279.29,17408.71,17235.45,17276.79,17376.43,17292.25,17405.91,3164.59,48億,7782億,242億,194億
2021/9/22,17196.79,17196.79,16838.58,16925.82,17319.48,17301.45,17394.82,2984.79,-377億,7405億,81億,458億
2021/9/23,16998.07,17145.25,16998.07,17078.22,17284.41,17314.43,17386.16,2538.41,4億,7410億,106億,102億
2021/9/24,17130.74,17273.59,17130.74,17260.19,17283.38,17325.14,17377.9,2789.17,54億,7463億,129億,76億
2021/9/27,17278.11,17335.99,17235.68,17313.77,17284.33,17337.48,17371.23,3005.99,27億,7490億,140億,113億
2021/9/28,17286.89,17286.89,17113.47,17181.44,17255.01,17336.06,17362.42,2596.64,-143億,7347億,43億,186億
2021/9/29,17127.86,17127.86,16801.78,16855.46,17195.93,17309.01,17344.69,3288.78,-397億,6950億,98億,495億
2021/9/30,16886.57,16994.21,16767.2,16934.77,17145.92,17281.23,17328.38,2781.93,-32億,6918億,101億,133億
2021/10/1,16883,16883,16503.74,16570.89,17067.61,17236.08,17307.05,3451.01,-389億,6529億,91億,480億
2021/10/4,16600.52,16680.29,16380.06,16408.35,16980.57,17190.5,17282.76,3027.5,-23億,6506億,71億,94億
2021/10/5,16362.27,16460.75,16162.17,16460.75,16898.97,17137.7,17262.75,3323.28,-74億,6432億,111億,184億
2021/10/6,16488.21,16568.21,16303.63,16393.16,16845.7,17082.59,17239.06,2907.92,-226億,6207億,121億,347億
2021/10/7,16465.57,16731.58,16465.57,16713.86,16809.26,17046.84,17220.17,2982.74,258億,6465億,353億,95億
2021/10/8,16742.35,16771.71,16605.49,16640.43,16747.29,17015.34,17200.08,2767.2,-94億,6370億,66億,160億
2021/10/12,16589.72,16589.72,16349.49,16462.84,16662.2,16973.26,17173.89,2848.33,-176億,6194億,71億,247億
2021/10/13,16480.98,16543.33,16328.47,16347.99,16578.85,16916.93,17148.1,2605.64,-75億,6119億,62億,137億
2021/10/14,16392.51,16519.96,16347.88,16387.28,16532.03,16863.98,17124.73,2587.24,24億,6143億,126億,103億
2021/10/15,16426.76,16781.19,16426.76,16781.19,16516.67,16831.3,17112.27,2880.87,275億,6418億,346億,71億
2021/10/18,16816.94,16862.03,16695.89,16705.46,16530.13,16798.87,17099.72,2719.11,28億,6446億,106億,78億
2021/10/19,16791.12,16916.72,16772.15,16900.67,16579.36,16779.97,17088.52,2697.92,151億,6596億,206億,55億
2021/10/20,16936.2,16973.86,16855.81,16887.82,16622.07,16760.52,17077.11,2682.21,-28億,6569億,77億,105億
2021/10/21,16904.46,17026.89,16873.99,16889.51,16671.71,16758.7,17068.54,3117.71,47億,6616億,188億,141億
2021/10/22,16900.32,16932.89,16800.49,16888.74,16689.19,16749.23,17062.19,2845.88,-9億,6607億,62億,71億
2021/10/25,16879.34,16930.98,16784.11,16894.24,16714.57,16730.93,17058.17,2698.87,39億,6646億,99億,60億
2021/10/26,16909.32,17067.15,16909.32,17034.34,16771.72,16716.96,17052.03,3290.75,54億,6700億,157億,103億
2021/10/27,17037.37,17079.6,16973.16,17074.55,16844.38,16711.62,17049.15,2856.49,48億,6748億,117億,69億
2021/10/28,17081.17,17104.86,16994.37,17041.63,16909.82,16720.92,17041.45,3183.26,-59億,6688億,73億,133億
2021/10/29,17058.04,17073.97,16920.68,16987.41,16930.44,16723.56,17032.01,3544.32,-85億,6604億,99億,184億
2021/11/1,17021.77,17119.43,17021.77,17068.24,16966.72,16748.42,17022.75,3291.67,-16億,6588億,77億,93億
2021/11/2,17094.42,17237.09,17026.63,17065.97,16983.25,16781.3,17013.8,3912.25,-3億,6586億,72億,75億
2021/11/3,17087.89,17153.76,17080.51,17122.16,17006.68,16814.37,17007.07,3314.06,20億,6606億,66億,46億
2021/11/4,17158.28,17219.65,17061.46,17078.86,17025.61,16848.66,17000.29,3127.13,-60億,6546億,72億,132億
2021/11/5,17097.16,17296.9,17097.16,17296.9,17066.43,16877.81,16999.85,3285.88,234億,6779億,304億,70億
2021/11/8,17323.39,17415.3,17279.46,17415.3,17118.54,16916.56,17002.98,3815.45,108億,6888億,177億,69億
2021/11/9,17433.1,17581.52,17433.1,17541.36,17169.24,16970.48,17008.34,3992.82,152億,7040億,226億,74億
2021/11/10,17549.09,17575.44,17489.87,17559.65,17217.75,17031.06,17017.97,3552.35,30億,7070億,115億,85億
2021/11/11,17527.18,17527.18,17403.48,17452.52,17258.84,17084.33,17027.86,4047.33,-44億,7026億,107億,151億
2021/11/12,17479.55,17602.05,17479.55,17518.13,17311.91,17121.17,17042.14,3729.9,99億,7124億,155億,56億
2021/11/15,17560.52,17683.19,17560.52,17634.47,17368.53,17167.62,17055.61,3816.15,90億,7214億,140億,50億
2021/11/16,17639.96,17708.1,17629.8,17693.13,17431.25,17207.25,17077.57,3821.63,104億,7318億,164億,60億
2021/11/17,17705.29,17764.04,17669.58,17764.04,17495.44,17251.06,17101.28,4013.02,51億,7370億,134億,83億
2021/11/18,17767.06,17841.37,17748.21,17841.37,17571.69,17298.65,17119.6,4010.79,77億,7447億,157億,79億
2021/11/19,17864.19,17986.18,17786.05,17818.31,17623.83,17345.13,17136.26,4030.36,88億,7535億,191億,103億
2021/11/22,17828.53,17857.73,17790.64,17803.54,17662.65,17390.59,17148.89,3186.24,-2億,7533億,99億,101億
2021/11/23,17797.9,17797.9,17650.07,17666.12,17675.13,17422.18,17158.88,3172.22,-119億,7415億,69億,187億
2021/11/24,17680.16,17722.89,17588.78,17642.52,17683.42,17450.58,17166.09,2961.19,-15億,7400億,82億,96億
2021/11/25,17686.12,17724.5,17609.51,17654.19,17703.58,17481.21,17170.38,3049.88,-90億,7310億,58億,147億
2021/11/26,17641.79,17641.79,17330.44,17369.39,17688.71,17500.31,17168.36,3580.71,-286億,7024億,62億,348億
2021/11/29,17320.01,17415.63,17167.24,17328.09,17658.07,17513.3,17165.93,3206.77,73億,7097億,172億,99億
2021/11/30,17369.79,17535.23,17369.79,17427.76,17631.53,17531.39,17167.73,4509.12,-110億,6987億,400億,510億
2021/12/1,17428.61,17626.21,17374.59,17585.99,17613.73,17554.58,17168.88,3018.43,85億,7072億,149億,64億
2021/12/2,17575.91,17741.55,17559.44,17724.88,17602.08,17586.88,17172.71,3905.14,112億,7184億,189億,77億
2021/12/3,17720.93,17781.14,17670.32,17697.14,17589.96,17606.9,17177.18,3317.86,65億,7249億,140億,74億
2021/12/6,17650.67,17763.42,17585.95,17688.21,17578.43,17620.54,17184.14,3005.18,-52億,7197億,71億,123億
2021/12/7,17734.19,17796.92,17642.32,17796.92,17591.51,17633.32,17192.35,3798.07,-6億,7191億,128億,134億
2021/12/8,17845.06,17988.88,17832.42,17832.42,17610.5,17646.96,17198.32,3718.01,140億,7331億,234億,94億
2021/12/9,17880.41,17925.12,17807.12,17914.12,17636.49,17670.04,17206.11,3248.69,51億,7382億,118億,67億
2021/12/10,17893.29,17893.29,17767.8,17826.26,17682.18,17685.44,17212.64,2879.34,-50億,7332億,54億,104億
2021/12/13,17841.03,17919.35,17767.6,17767.6,17726.13,17692.1,17219.53,2893.96,-78億,7254億,115億,193億
2021/12/14,17754.38,17754.38,17566.99,17599.37,17743.29,17687.41,17224.88,3079.2,-180億,7074億,103億,283億
2021/12/15,17592.87,17678.78,17556.87,17660.1,17750.7,17682.22,17231.26,2505.53,-8億,7066億,117億,125億
2021/12/16,17719.06,17814.32,17719.06,17785.74,17756.79,17679.43,17245.6,3154.56,65億,7130億,202億,137億
2021/12/17,17744.54,17822.74,17718.27,17812.59,17768.33,17679.15,17257.84,3572.45,51億,7181億,197億,146億
2021/12/20,17812.81,17812.81,17646.39,17669.11,17766.42,17672.43,17264.65,2640.29,-154億,7028億,87億,240億
2021/12/21,17686.84,17825.89,17652.32,17789.27,17765.66,17678.58,17272.58,2628.84,114億,7141億,179億,65億
2021/12/22,17805.74,17870.16,17799.72,17826.83,17765.1,17687.8,17283.33,2543.84,19億,7160億,103億,84億
2021/12/23,17855.78,17960.99,17855.78,17946.66,17768.35,17702.42,17301.52,2793.84,157億,7318億,225億,68億
2021/12/24,17966.35,18039.85,17953.57,17961.64,17781.89,17732.04,17318.63,2455.56,99億,7417億,148億,49億
2021/12/27,17975.41,18099.78,17975.41,18048.94,17810.03,17768.08,17343.27,2395.41,99億,7516億,155億,56億
2021/12/28,18099.71,18197.36,18099.71,18196.81,17869.77,17806.53,17373.07,2629.19,205億,7721億,254億,49億
2021/12/29,18209.14,18283.25,18192.86,18248.28,17928.59,17839.64,17402.87,2425.88,122億,7843億,183億,61億
2021/12/30,18270,18291.25,18216.45,18218.84,17971.9,17864.34,17433.3,2667.49,34億,7877億,100億,66億
2022/1/3,18260.23,18379.69,18238.47,18270.51,18017.69,17893.01,17459.24,3311.4,97億,7975億,182億,84億
2022/1/4,18395.14,18526.35,18395.14,18526.35,18103.41,17934.92,17490.67,3355.7,189億,8164億,270億,80億
2022/1/5,18598.13,18619.61,18446.52,18499.96,18174.48,17970.07,17524.62,3434.53,45億,8209億,189億,144億
2022/1/6,18395.72,18427.15,18253.82,18367.92,18228.59,17996.85,17558.29,3010.54,-139億,8070億,130億,269億
2022/1/7,18388.16,18444.12,18134.41,18169.76,18250.9,18009.63,17588,3328.28,-165億,7905億,75億,240億
2022/1/10,18095.39,18243.26,18043.97,18239.38,18278.68,18030.28,17612.3,2750.84,-66億,7839億,98億,164億
2022/1/11,18266.54,18293.53,18135.43,18288.21,18302.6,18056.31,17638.68,3092.25,1906萬,7839億,152億,152億
2022/1/12,18348.39,18394.7,18255.38,18375.4,18320.46,18095.12,17663.26,2901.5,45億,7884億,171億,126億
2022/1/13,18356.21,18459.73,18346.81,18436.93,18339.33,18133.96,17689.08,2816.23,106億,7990億,214億,107億
2022/1/14,18509,18509,18213.44,18403.33,18357.78,18164.84,17714.31,3387.2,12億,8003億,206億,194億
2022/1/17,18512.15,18535.42,18435.02,18525.44,18383.27,18200.48,17741.59,2653.09,39億,8042億,151億,111億
2022/1/18,18492.81,18575.41,18378.64,18378.64,18368.5,18235.96,17766.33,2682.16,-58億,7984億,83億,141億
2022/1/19,18275.18,18359.14,18199.35,18227.46,18341.25,18257.86,17786.21,2615.85,-91億,7893億,111億,201億
2022/1/20,18212.26,18292.14,18125.2,18218.28,18326.28,18277.44,17805.27,2440.16,-46億,7847億,118億,163億
2022/1/21,18113.94,18113.94,17851.39,17899.3,18299.24,18275.07,17819.57,3109.57,-368億,7479億,93億,461億
2022/1/24,17843.33,18004.45,17682.33,17989.04,18274.2,18276.44,17836.26,2671.05,13億,7492億,164億,151億
2022/1/25,17890.71,17890.71,17645.66,17701.12,18215.49,18259.05,17846.81,2749.8,-407億,7085億,104億,511億
2022/1/26,17657.97,17776.42,17633.03,17674.4,18145.39,18232.93,17856.95,2301.36,-125億,6960億,53億,178億
2022/2/7,17750.7,17900.3,17712.35,17900.3,18091.73,18215.53,17869.92,3145.54,-97億,6862億,97億,194億
2022/2/8,17955.95,18063.55,17955.95,17966.56,18048.05,18202.91,17884.71,3209.65,-53億,6809億,154億,207億
2022/2/9,18060.33,18168.6,18039.23,18151.76,18010.69,18196.98,17898.96,3010,113億,6922億,230億,117億
2022/2/10,18217.29,18338.05,18145.04,18338.05,18006.63,18187.56,17914.34,2854.87,60億,6982億,156億,96億
2022/2/11,18258.81,18310.94,18191.75,18310.94,18014.98,18178.11,17927.17,2652.55,31億,7013億,143億,112億
2022/2/14,18182.73,18182.73,17965.22,17997.67,17992.91,18159.6,17934.47,2699.27,-191億,6822億,57億,248億
2022/2/15,17978.44,18085.91,17942.68,17951.81,17998.17,18148.7,17942.79,2359.91,-119億,6703億,59億,178億
2022/2/16,18109.17,18233.79,18109.17,18231.47,18022.41,18148.31,17954.68,2726.33,103億,6806億,178億,75億
2022/2/17,18213.3,18330.63,18190.24,18268.57,18079.15,18147.32,17965.25,3091.6,145億,6951億,192億,47億
2022/2/18,18250.37,18262.96,18098.52,18232.35,18134.95,18140.17,17974.23,3067.18,50億,7001億,173億,123億
2022/2/21,18196.4,18253.1,18129.65,18221.49,18167.07,18129.4,17981.86,2975.87,-90億,6910億,85億,176億
2022/2/22,18159.51,18159.51,17840.38,17969.29,18167.34,18107.7,17983.99,3428.5,-352億,6558億,97億,450億
2022/2/23,17954.75,18109.28,17954.75,18055.73,18157.74,18084.21,17987.95,2729.42,-36億,6523億,142億,178億
2022/2/24,17939.53,17939.53,17561.07,17594.55,18083.39,18045.01,17984.46,4430.17,-451億,6072億,144億,595億
2022/2/25,17617.36,17737.32,17554.97,17652.18,18017.51,18016.24,17984.23,3951.78,-376億,5695億,146億,522億
2022/3/1,17657.5,17944.5,17657.5,17898.25,18007.57,18000.24,17988.49,3645.68,127億,5822億,298億,171億
2022/3/2,17864.11,17918.98,17784.64,17867.6,17999.15,17998.66,17992.05,2974.11,-134億,5689億,103億,237億
2022/3/3,17932.15,18026.03,17906.24,17934.4,17969.44,17995.92,18001.47,3279.94,-16億,5672億,100億,117億
2022/3/4,17845.01,17845.01,17710.54,17736.52,17916.24,17997.69,18008.27,3980.35,-341億,5332億,114億,455億
2022/3/7,17581.57,17581.57,17135.68,17178.69,17810.87,17972.91,18004.12,4701.12,-670億,4661億,177億,848億
2022/3/8,17000,17113.67,16764.78,16825.25,17671.25,17919.16,17991.44,4542.07,-369億,4292億,149億,518億
2022/3/9,16944.08,17072.74,16944.08,17015.36,17575.85,17871.6,17979.62,3228.29,-252億,4040億,104億,357億
2022/3/10,17224.73,17478.43,17224.73,17433.2,17513.6,17835.67,17975.22,3571.86,36億,4077億,139億,103億
2022/3/11,17373.82,17373.9,17239.9,17264.74,17480.62,17782,17968.16,2686.77,-191億,3886億,78億,268億
2022/3/14,17287.9,17363.04,17217.58,17263.04,17441.71,17729.61,17959.26,2953.3,-103億,3783億,94億,198億
2022/3/15,17177.27,17177.27,16911.95,16926.06,17344.49,17676.03,17944.16,3818.51,-517億,3266億,91億,608億
2022/3/16,17007.58,17085.77,16808.43,16940.83,17251.81,17625.48,17927.94,4067.02,-142億,3124億,101億,243億
2022/3/17,17172.81,17472.95,17172.81,17448.22,17203.19,17586.32,17921.63,4077.98,432億,3555億,541億,109億
2022/3/18,17439.91,17472.38,17359.5,17456.52,17175.19,17545.71,17916.45,3683.82,-16億,3539億,203億,219億
2022/3/21,17503.95,17603.99,17503.95,17560.36,17213.36,17512.11,17915.8,2686.1,29億,3568億,114億,85億
2022/3/22,17512.41,17573.29,17468.55,17559.71,17286.8,17479.03,17914.13,2394.65,2億,3569億,82億,80億
2022/3/23,17581.62,17738.69,17581.62,17731.37,17358.41,17467.13,17913.22,2877.75,128億,3697億,181億,54億
2022/3/24,17711.17,17711.17,17603.22,17699.06,17384.99,17449.3,17911.33,2662.26,-50億,3647億,105億,155億
2022/3/25,17695.8,17747.13,17633.86,17676.95,17426.21,17453.42,17911.46,2915.12,-24億,3623億,83億,107億
2022/3/28,17510.15,17527.15,17368.66,17520.01,17451.91,17446.81,17906.97,2386.43,-129億,3495億,59億,188億
2022/3/29,17568.32,17585.91,17493.01,17548.66,17514.17,17429.33,17902.34,2592.6,-87億,3408億,57億,144億
2022/3/30,17572.9,17770.07,17572.9,17740.56,17594.14,17422.98,17898.9,3079.37,227億,3635億,311億,83億
2022/3/31,17754.1,17767.81,17682.53,17693.47,17618.67,17410.93,17894.43,2315.58,5億,3640億,107億,102億
2022/4/1,17657.76,17657.76,17465.61,17625.59,17635.57,17405.38,17887.38,2345.96,-107億,3533億,99億,207億
2022/4/6,17484.19,17528.99,17381.07,17522.5,17631.79,17422.57,17876.14,2682.47,-235億,3298億,44億,279億
2022/4/7,17430.13,17438.6,17178.63,17178.63,17593.68,17440.24,17858.31,3220.5,-397億,2901億,105億,502億
2022/4/8,17210.4,17316.69,17210.4,17284.54,17549,17453.7,17842.74,2517.06,-111億,2790億,85億,197億
2022/4/11,17273.05,17316.35,17046.67,17048.37,17483.93,17434.46,17822.37,3057.85,-330億,2460億,70億,400億
2022/4/12,17005.84,17100.85,16905.13,16990.91,17415.32,17420.77,17796.78,2802.24,-114億,2346億,51億,165億
2022/4/13,17080.4,17333.21,17080.4,17301.65,17393.49,17422.7,17776.81,2645.26,148億,2494億,214億,66億
2022/4/14,17353.25,17374.14,17245.65,17245.65,17363.19,17438.68,17758.1,2593.18,-12億,2483億,78億,90億
2022/4/15,17139.34,17141.33,17004.18,17004.18,17289.55,17441.85,17738.68,2742.02,-191億,2292億,68億,258億
2022/4/18,16958.66,16999.36,16845.51,16898.87,17210.09,17414.38,17716.33,2316.6,-93億,2199億,58億,151億
2022/4/19,16926.34,17106.26,16926.34,16993.4,17146.87,17391.22,17694.75,2301.03,36億,2235億,127億,91億
2022/4/20,17057.13,17148.88,16983.55,17148.88,17109.51,17370.65,17674.31,2968.13,14億,2250億,142億,128億
2022/4/21,17159.88,17213.66,17106.37,17127.95,17104.44,17349.06,17652.49,2495.84,28億,2278億,119億,91億
2022/4/22,17088.76,17088.76,16923.87,17025.09,17078.5,17313.75,17629.52,2774.76,-163億,2115億,99億,262億
2022/4/25,16912.3,16912.3,16579.89,16620.9,17035.75,17259.84,17597.78,3102.08,-409億,1706億,108億,517億
2022/4/26,16677.84,16729.47,16582.11,16644.79,17001.14,17208.23,17568.88,2610.07,-142億,1564億,122億,264億
2022/4/27,16427.32,16427.32,16219.41,16303.35,16901.31,17147.4,17536.82,3067.5,-198億,1365億,106億,304億
2022/4/28,16350.72,16455.57,16256.88,16419.38,16818.68,17090.93,17506.83,2624.71,-130億,1235億,116億,246億
2022/4/29,16599.84,16663.66,16521.94,16592.18,16777.48,17033.51,17485.05,2604.03,76億,1310億,164億,89億
2022/5/3,16593.21,16604.87,16465.99,16498.9,16737.48,16973.79,17460.21,1808.3,-10億,1301億,96億,105億
2022/5/4,16531.37,16617.06,16514.3,16565.83,16694.73,16920.8,17441.29,1953.52,7億,1308億,98億,90億
2022/5/5,16689.98,16783.78,16650.81,16696.12,16649.45,16879.48,17424.99,2578.36,65億,1372億,125億,61億
2022/5/6,16491.11,16491.11,16312.17,16408.2,16577.47,16840.96,17400.12,2503.35,-206億,1166億,60億,267億
2022/5/9,16345.84,16345.84,16048.92,16048.92,16479.86,16779.18,17368.16,2477.71,-211億,955億,65億,276億
2022/5/10,15891.4,16071.5,15734.44,16061.7,16423.94,16729.84,17333.32,2614.93,-15億,940億,129億,145億
2022/5/11,16053.75,16081.15,15953.27,16006.25,16360.08,16680.61,17294.46,2107.67,-131億,809億,52億,183億
2022/5/12,15943.62,15943.62,15616.68,15616.68,16291.42,16596.36,17249.56,2633.39,-93億,716億,90億,182億
2022/5/13,15687.15,15860.69,15687.15,15832.54,16232.73,16525.71,17213.47,2281.91,67億,783億,130億,63億
2022/5/16,15943.69,16032.85,15847.46,15901.04,16163.62,16470.55,17179.29,2431.92,2億,785億,102億,101億
2022/5/17,15915.93,16085.85,15915.93,16056.09,16119.34,16428.41,17143.03,2100.66,18億,803億,103億,85億
2022/5/18,16174.78,16316.58,16172.8,16296.86,16092.44,16393.58,17110.17,2383.62,84億,887億,174億,90億
2022/5/19,16111.49,16111.49,15892.73,16020.32,16024.86,16337.15,17073.31,2393.87,-136億,750億,50億,186億
2022/5/20,16061.92,16181.66,16058.2,16144.85,15998.53,16288,17038.69,2015.52,82億,833億,160億,78億
2022/5/23,16193.92,16249.45,16125.45,16156.41,16009.27,16244.57,17008.48,2360.72,47億,879億,104億,57億
2022/5/24,16166.57,16219.8,15963.63,15963.63,15999.47,16211.7,16973.61,2114.91,-101億,778億,58億,159億
2022/5/25,15987.74,16169.18,15980.9,16104.03,16009.25,16184.66,16948.77,2153,85億,863億,171億,86億
2022/5/26,16128.21,16179.01,15949.61,15968.83,16044.46,16167.94,16920.71,2253.08,-117億,746億,73億,190億
2022/5/27,16075.91,16266.22,16075.91,16266.22,16087.83,16160.28,16893.51,2226.51,207億,953億,279億,72億
2022/5/30,16368.93,16610.62,16368.93,16610.62,16158.79,16161.2,16872.56,2594.82,284億,1237億,358億,73億
2022/5/31,16561.68,16807.77,16493.07,16807.77,16233.95,16176.65,16853.79,4003.57,171億,1408億,383億,212億
2022/6/1,16718.91,16811.04,16649.91,16675.09,16271.78,16182.11,16836.1,2585.67,-44億,1364億,91億,135億
2022/6/2,16605.46,16617.26,16540.55,16552.57,16325,16174.93,16825.66,2188.21,-85億,1279億,61億,147億
2022/6/6,16570.89,16654.12,16509.01,16605.96,16371.11,16184.82,16822.01,2167.68,25億,1304億,116億,91億
2022/6/7,16593.75,16593.75,16465.87,16512.88,16406.76,16208.02,16813.63,1917.43,-87億,1216億,92億,179億
2022/6/8,16538.67,16702.99,16538.67,16670.51,16477.45,16238.46,16800.92,2116.97,95億,1311億,175億,81億
2022/6/9,16643.95,16643.95,16557.54,16621.34,16529.18,16269.21,16790.2,1972.35,-71億,1240億,64億,135億
2022/6/10,16581.81,16581.81,16403.33,16460.12,16578.31,16311.38,16776.81,1891.62,-135億,1105億,82億,217億
2022/6/13,16295.07,16295.07,16055.89,16070.98,16558.78,16323.31,16762.56,2347,-411億,694億,73億,484億
2022/6/14,15975.17,16067.8,15869.06,16047.37,16502.46,16330.62,16747.67,2298.98,-183億,511億,48億,231億
2022/6/15,16025.84,16106.75,15981.56,15999.25,16421.61,16327.78,16723.52,2278.28,-106億,405億,106億,212億
2022/6/16,16098.29,16209.25,15838.29,15838.61,16337.96,16304.87,16696.56,2787.65,-41億,364億,67億,107億
2022/6/17,15794.16,15794.16,15573.38,15641.26,16246.83,16285.92,16664.57,3153.16,-205億,160億,125億,330億
2022/6/20,15649.2,15667.68,15367.58,15367.58,16122.99,16247.05,16628.04,2698.21,-75億,85億,87億,162億
2022/6/21,15427.33,15728.64,15427.33,15728.64,16044.57,16225.66,16594.66,2419.09,234億,318億,328億,95億
2022/6/22,15687.46,15687.46,15346.95,15347.75,15912.29,16194.87,16555.47,2831.15,-187億,131億,102億,289億
2022/6/23,15305.51,15380.28,15102.4,15176.44,15767.8,16148.49,16513.79,2895.14,-96億,35億,147億,242億
2022/6/24,15232.34,15424.37,15232.34,15303.32,15652.12,16115.21,16476.85,2349.95,128億,164億,257億,129億
2022/6/27,15409.08,15656.35,15409.08,15548.01,15599.82,16079.3,16443.51,2436.21,145億,309億,234億,89億
2022/6/28,15519.56,15533.34,15375.65,15439.92,15539.08,16020.77,16405.16,2370.79,-81億,228億,107億,188億
2022/6/29,15365.54,15365.54,15218.07,15240.13,15463.17,15942.39,16364.27,2486.19,-106億,121億,148億,254億
2022/6/30,15146.92,15147.77,14825.73,14825.73,15361.88,15849.92,16317.61,2650.5,-224億,-102億,84億,308億
2022/7/1,14812.13,14812.13,14336.03,14343.08,15232.06,15739.44,16264.62,3086.65,-83億,-185億,102億,184億
2022/7/4,14237.83,14412.47,14167.1,14217.06,15117.01,15620,16215.26,2381.92,3億,-182億,145億,142億
2022/7/5,14345.54,14488.8,14100.89,14349.2,14979.06,15511.82,16166.34,2622.38,4億,-178億,119億,115億
2022/7/6,14289.67,14319.32,13985.51,13985.51,14842.84,15377.57,16115.29,2507.58,-143億,-321億,83億,226億
2022/7/7,14052.18,14355.15,13951.81,14336.27,14758.82,15263.31,16071.04,2603.6,159億,-162億,231億,71億
2022/7/8,14462.5,14552.42,14373.84,14464.53,14674.94,15163.53,16023.76,2609.26,-45億,-206億,109億,154億
2022/7/11,14478.31,14525.03,14313.94,14340.53,14554.2,15077.01,15975.34,1752.78,-57億,-263億,36億,93億
2022/7/12,14235.63,14235.63,13928.66,13950.62,14405.27,14972.17,15924.45,2026.94,-126億,-389億,42億,168億
2022/7/13,14194.94,14403.51,14194.94,14324.68,14313.72,14888.44,15881.54,2254.81,85億,-304億,183億,98億
2022/7/14,14252.02,14450.47,14159.39,14438.52,14275,14818.44,15838.96,2121.87,36億,-268億,106億,70億
2022/7/15,14483.96,14579.73,14378.33,14550.62,14295.75,14763.91,15795.66,2316.96,-99億,-366億,58億,157億
2022/7/18,14589.1,14719.64,14589.1,14719.64,14346.01,14731.51,15755.52,2299.13,23億,-343億,117億,93億
2022/7/19,14638.45,14720.13,14598.99,14694.08,14380.5,14679.78,15716.67,1993.12,-22億,-365億,80億,103億
2022/7/20,14810.4,14906.95,14694.2,14733.22,14455.27,14649.06,15685.21,2592.39,-17億,-382億,96億,113億
2022/7/21,14744.17,14937.7,14716.02,14937.7,14515.41,14637.12,15656.76,2388.36,133億,-249億,205億,72億
2022/7/22,14953.27,14996.24,14902.32,14949.36,14563.9,14619.42,15634.19,2656.25,-55億,-303億,101億,156億
2022/7/25,14902.25,14968.23,14851.37,14936.33,14623.48,14588.84,15609.47,1855.01,-20億,-324億,54億,75億
2022/7/26,14912.41,14912.41,14750.71,14806.78,14709.09,14557.18,15579.72,1868.9,-57億,-381億,40億,97億
2022/7/27,14791.71,14921.59,14717.02,14921.59,14768.78,14541.25,15553.43,1878.27,40億,-341億,112億,72億
2022/7/28,14978.95,15031.99,14849.94,14891.9,14814.12,14544.56,15525.53,2226.04,-80億,-421億,78億,158億
2022/7/29,14950.18,15035.27,14929.49,15000.07,14859.07,14577.41,15497.26,2274.14,112億,-309億,192億,80億
2022/8/1,14982.27,14994.36,14886.81,14981.69,14885.27,14615.64,15473.49,1816.41,-49億,-358億,49億,98億
2022/8/2,14860.94,14860.94,14663.46,14747.23,14890.59,14635.54,15451.79,2191.01,-174億,-533億,83億,257億
2022/8/3,14757.51,14777.02,14673.35,14777.02,14894.97,14675.12,15430.38,1777.01,-23億,-556億,76億,99億
2022/8/4,14741.47,14766.57,14545.69,14702.2,14871.42,14693.42,15408.65,1976.59,-15億,-571億,110億,126億
2022/8/5,14802.34,15041.41,14802.34,15036.04,14880.09,14721.99,15398.97,2066.99,248億,-323億,292億,44億
2022/8/8,14972.21,15034.87,14908.17,15020.41,14888.49,14755.99,15385.43,1745.4,19億,-303億,88億,68億
2022/8/9,14965.12,15077.63,14905.23,15050.28,14912.84,14810.97,15371.25,1880.75,4億,-299億,92億,88億
2022/8/10,14940.76,14982.33,14890.55,14939.02,14914.59,14841.69,15352.64,2090.41,-152億,-451億,51億,202億
2022/8/11,15087.59,15204.79,15087.59,15197.85,14945.18,14879.65,15334.32,2237.48,162億,-290億,209億,48億
2022/8/12,15203.91,15298.42,15198.93,15288.97,14974.07,14916.57,15322.13,2091.86,88億,-202億,148億,60億
2022/8/15,15332.92,15437.23,15315.12,15417.35,15017.64,14951.45,15310.01,2378.82,22億,-180億,118億,96億
2022/8/16,15435.04,15451.83,15392.49,15420.57,15084.97,14987.78,15297.74,2118.19,-1億,-181億,91億,92億
2022/8/17,15423.44,15475.89,15390.84,15465.45,15153.81,15024.39,15289.44,2187.98,8億,-173億,91億,84億
2022/8/18,15384.73,15396.76,15311.22,15396.76,15223.27,15047.34,15277.65,1999.68,-50億,-223億,38億,88億
2022/8/19,15394.36,15458.45,15346.26,15408.78,15260.54,15070.31,15268.32,2225.83,-31億,-254億,66億,97億
2022/8/22,15375.2,15375.2,15229.36,15245.14,15283.02,15085.76,15251.3,2041.46,-131億,-386億,48億,180億
2022/8/23,15225.17,15225.17,15086.43,15095.89,15287.58,15100.21,15226.05,1743.04,-152億,-538億,41億,193億
2022/8/24,15112.15,15183.96,15053.52,15069.19,15300.6,15107.59,15197.08,1810.63,-82億,-621億,48億,131億
2022/8/25,15105.31,15244.06,15105.31,15200.04,15300.81,15123,15172.49,1720.09,45億,-575億,100億,55億
2022/8/26,15221.5,15337.25,15221.5,15278.44,15299.76,15136.92,15151.26,2146.11,48億,-527億,109億,60億
2022/8/29,15197.19,15197.19,14843.72,14926.19,15250.65,15134.14,15123.26,2129.32,-269億,-796億,56億,325億
2022/8/30,14919.67,15027.5,14911.97,14953.63,15203.95,15144.46,15097.27,1861.15,-143億,-939億,46億,189億
2022/8/31,14912.12,15095.44,14874.33,15095.44,15166.95,15160.38,15071.02,2170.48,50億,-889億,150億,100億
2022/9/1,14981,14981,14773.19,14801.86,15107.46,15165.37,15040.7,2349.58,-368億,-1258億,87億,456億
2022/9/2,14790.28,14817.4,14673.04,14673.04,15033.89,15147.22,15010.91,2369.03,-128億,-1386億,57億,186億
2022/9/5,14670.18,14753.03,14632.79,14661.1,14975.48,15129.25,14987.41,1913.05,-41億,-1427億,68億,109億
2022/9/6,14705.16,14789.31,14623.22,14677.2,14933.61,15110.6,14964.58,1869.7,-10億,-1437億,73億,83億
2022/9/7,14557.86,14557.86,14397.12,14410.05,14867.7,15084.15,14938.09,1850.72,-184億,-1621億,91億,275億
2022/9/8,14447.09,14583.42,14447.09,14583.42,14806.04,15053.43,14917.17,1786.14,21億,-1600億,118億,97億
2022/9/12,14711.34,14856.23,14711.34,14807.43,14758.94,15029.35,14903.27,1897.03,115億,-1485億,177億,62億
2022/9/13,14895.87,14949.56,14856.98,14894.41,14755.76,15003.2,14895.39,1858.57,74億,-1411億,119億,45億
2022/9/14,14695.19,14699.78,14522.7,14658.31,14726.23,14965.09,14877.55,1896.25,-163億,-1573億,30億,193億
2022/9/15,14647,14750.28,14624.55,14670.04,14683.69,14925.32,14866.25,1822.42,-53億,-1626億,91億,144億
2022/9/16,14602.16,14602.16,14521.65,14561.76,14659.68,14883.57,14856.01,2359.62,-188億,-1815億,77億,265億
2022/9/19,14567.27,14585.06,14424.33,14425.68,14634.94,14834.41,14841.38,1631.89,-103億,-1918億,46億,149億
2022/9/20,14474.95,14558.72,14461.39,14549.3,14623.76,14799.62,14824.74,1688.73,26億,-1892億,108億,82億
2022/9/21,14517.34,14525.46,14384.11,14424.52,14598.49,14766.05,14807.81,1800.26,-107億,-1998億,61億,168億
2022/9/22,14325.67,14325.67,14151.8,14284.63,14585.95,14726.82,14791.89,2125.45,-153億,-2152億,77億,231億
2022/9/23,14231.03,14277.53,14109.71,14118.38,14539.45,14672.74,14780.1,2022.49,-159億,-2310億,29億,188億
2022/9/26,13993.42,13993.42,13743.19,13778.19,14436.52,14597.73,14770.69,2222.46,-57億,-2367億,100億,156億
2022/9/27,13812.99,13862.84,13732.32,13826.59,14329.74,14542.75,14764.18,1934.46,-59億,-2426億,56億,115億
2022/9/28,13816.7,13854.09,13466.07,13466.07,14210.52,14468.37,14749.46,2296.54,-115億,-2540億,41億,155億
2022/9/29,13550.7,13651.29,13462.57,13534.26,14096.94,14390.31,14741.94,2165.29,-5億,-2545億,174億,179億
2022/9/30,13409.65,13466.82,13274.72,13424.58,13983.22,14321.45,14726.74,2146.47,-29億,-2574億,93億,121億
2022/10/3,13359.26,13440.23,13273.48,13300.48,13870.7,14252.82,14707.34,1709.5,-96億,-2670億,49億,145億
2022/10/4,13447.36,13586.96,13447.36,13576.52,13773.42,14198.59,14694.61,1838.33,44億,-2625億,147億,102億
2022/10/5,13727.3,13902.02,13727.3,13801.43,13711.11,14154.8,14692.12,2363.36,49億,-2576億,125億,76億
2022/10/6,13865.45,13899.23,13814.33,13892.05,13671.86,14128.9,14684.91,1781.63,81億,-2495億,165億,85億
2022/10/7,13847.52,13847.52,13684.21,13702.28,13630.25,14084.85,14672.64,1652.14,-131億,-2626億,42億,173億
2022/10/11,13394.12,13394.12,13106.03,13106.03,13563.03,13999.78,14648.56,2288.92,-290億,-2916億,116億,406億
2022/10/12,13076.91,13130.73,12991.59,13081.24,13488.49,13909.12,14621.26,1901.28,-146億,-3062億,38億,184億
2022/10/13,13108.4,13111.39,12809.43,12810.73,13422.96,13816.74,14589.87,2150.66,-85億,-3147億,77億,162億
2022/10/14,13023.71,13221.87,13023.71,13128.12,13382.35,13739.64,14563.12,2121.8,103億,-3044億,193億,90億
2022/10/17,12988.83,12988.83,12814.82,12966.05,13336.49,13659.86,14530.26,2102.95,-97億,-3141億,53億,149億
2022/10/18,13075.05,13143.15,12978.13,13124.68,13318.91,13594.81,14499.84,2005.18,-50億,-3191億,76億,126億
2022/10/19,13096.35,13155.62,12976.76,12976.76,13258.94,13516.18,14467.19,1866.34,-102億,-3292億,72億,174億
2022/10/20,12912.93,12946.1,12698.91,12946.1,13173.4,13442.26,14436.17,2427.39,-125億,-3418億,140億,266億
2022/10/21,12931.2,12954.02,12813.6,12819.2,13066.12,13368.99,14401.13,1624.1,-81億,-3499億,81億,162億
2022/10/24,12913.58,13027.84,12856.77,12856.98,12981.59,13305.92,14367.22,1803.58,15億,-3485億,137億,122億
2022/10/25,12830.29,12843.31,12629.48,12666.12,12937.6,13250.31,14328.32,1930.21,-56億,-3541億,120億,176億
2022/10/26,12666.42,12791.97,12635.52,12729.05,12902.38,13195.44,14290.78,1769.43,38億,-3503億,111億,73億
2022/10/27,12807.69,12954.32,12807.69,12926.37,12913.94,13168.45,14260.43,1778.05,95億,-3409億,156億,61億
2022/10/28,12874.83,12891.38,12723.98,12788.42,12879.97,13131.16,14227.28,1772.45,-96億,-3505億,55億,151億
2022/10/31,12862.37,12977.61,12826.34,12949.75,12878.34,13107.42,14198.08,1722.23,68億,-3436億,147億,79億
2022/11/1,12933.12,13062.9,12907.61,13037.21,12869.6,13094.25,14164.76,1574.14,9億,-3427億,102億,93億
2022/11/2,13033.15,13100.17,13014.04,13100.17,12881.94,13070.44,14132.76,1570.45,9億,-3418億,60億,52億
2022/11/3,12985.55,12991.37,12905.35,12986.6,12885.99,13029.7,14098.36,1667.22,-91億,-3510億,69億,160億
2022/11/4,12941.78,13029.94,12868.25,13026.71,12906.74,12986.43,14066.49,1820.29,-79億,-3588億,55億,133億
2022/11/7,13109.35,13246.59,13103.35,13223.73,12943.41,12962.5,14033.59,2079.27,111億,-3477億,170億,59億
2022/11/8,13274.91,13389.25,13274.91,13347.76,13011.58,12974.59,14001.24,2258.47,77億,-3400億,123億,45億
2022/11/9,13410.19,13638.81,13410.19,13638.81,13102.55,13002.47,13971.59,2422.58,223億,-3177億,265億,42億
2022/11/10,13556.51,13559.4,13463.85,13503.76,13160.29,13037.12,13939.65,1936.99,-52億,-3229億,80億,132億
2022/11/11,13878.95,14045.51,13878.95,14007.56,13282.21,13081.09,13915.35,3408.77,459億,-2770億,534億,75億
2022/11/14,14080.91,14217.3,14076.94,14174.9,13404.72,13141.53,13894.99,2776.47,286億,-2484億,399億,113億
2022/11/15,14325.49,14568.51,14278.53,14546.31,13555.63,13212.61,13880.61,3038.25,246億,-2239億,348億,102億
2022/11/16,14637.85,14657.66,14481.06,14537.35,13699.35,13290.64,13868.81,2868.95,32億,-2206億,200億,167億
2022/11/17,14489.41,14545.89,14383.55,14535.23,13854.21,13370.1,13859.47,2433.34,-11億,-2217億,89億,100億
2022/11/18,14584.31,14669.98,14470.48,14504.99,14002.04,13454.39,13850.07,2394.31,-18億,-2236億,69億,87億
2022/11/21,14514.71,14530.76,14421.65,14449.39,14124.61,13534.01,13837.56,1791.98,-30億,-2266億,80億,110億
2022/11/22,14404.08,14542.79,14371.09,14542.2,14244.05,13627.81,13825.29,1927.94,25億,-2240億,131億,106億
2022/11/23,14595.5,14647.98,14573.41,14608.54,14341.02,13721.79,13819.99,1901.16,55億,-2185億,129億,73億
2022/11/24,14649.8,14784,14649.8,14784,14469.05,13814.67,13817.16,2210.42,218億,-1967億,272億,54億
2022/11/25,14764.94,14835.66,14756.01,14778.51,14546.14,13914.17,13811.88,2405.83,115億,-1852億,247億,132億
2022/11/28,14636.9,14638.19,14503.12,14556.87,14584.34,13994.53,13807.8,2022.33,-132億,-1984億,51億,184億
2022/11/29,14503.79,14716.58,14449.05,14709.64,14600.67,14078.15,13808.41,2162.08,68億,-1916億,135億,67億
2022/11/30,14678.23,14879.55,14678.23,14879.55,14634.89,14167.12,13812.05,2853.93,141億,-1775億,234億,94億
2022/12/1,15059.92,15152.38,14998.03,15012.8,14682.65,14268.43,13817.64,2962.68,126億,-1650億,175億,50億
2022/12/2,14933.2,15021.73,14921.06,14970.68,14729.22,14365.63,13826.99,2271.28,-7億,-1656億,81億,88億
2022/12/5,14972.17,15088.06,14969.97,14980.74,14782.35,14453.48,13833.61,2461.38,13億,-1644億,91億,78億
2022/12/6,14955.29,14957.82,14728.88,14728.88,14801.02,14522.54,13832.3,2493.2,-140億,-1784億,97億,237億
2022/12/7,14708.08,14823.15,14630.01,14630.01,14803.17,14572.1,13827.89,2505.71,-70億,-1855億,77億,148億
2022/12/8,14631.21,14634.16,14464.2,14553.04,14780.07,14624.56,13826.14,1838.51,-80億,-1935億,46億,126億
2022/12/9,14620.27,14742.79,14620.27,14705.43,14772.76,14659.45,13826.73,1974.29,37億,-1898億,117億,81億
2022/12/12,14658.46,14658.46,14538.66,14612.59,14778.34,14681.34,13827.58,1569.28,-66億,-1964億,47億,112億
2022/12/13,14617.86,14658.7,14515.74,14522.96,14759.67,14680.17,13829.2,1929.54,-93億,-2057億,117億,210億
2022/12/14,14557.56,14739.36,14557.56,14739.36,14745.65,14690.27,13832.36,1932.35,146億,-1911億,192億,46億
2022/12/15,14692.92,14756.38,14649.54,14734.13,14717.78,14700.22,13837.52,1958.63,3億,-1909億,110億,107億
2022/12/16,14554.21,14568.31,14447.77,14528.55,14673.57,14701.39,13841.59,3030.75,-170億,-2078億,135億,304億
2022/12/19,14478.45,14493.72,14411.81,14433.32,14618.83,14700.59,13846.84,2101.66,-133億,-2211億,109億,242億
2022/12/20,14410.75,14451.91,14157.99,14170.03,14562.94,14681.98,13853.37,2674.06,-128億,-2339億,103億,232億
2022/12/21,14205.06,14291.98,14197.86,14234.4,14523.38,14663.27,13860.17,2241.75,-55億,-2394億,162億,217億
2022/12/22,14323.04,14442.94,14323.04,14442.94,14512.37,14646.22,13876.45,2143.47,82億,-2312億,155億,73億
2022/12/23,14318.12,14318.12,14192.98,14271.63,14468.99,14620.88,13888.74,1526.03,-112億,-2423億,45億,156億
2022/12/26,14271.2,14301.11,14253.2,14285.13,14436.25,14607.29,13903.08,1135.04,-31億,-2455億,28億,59億
2022/12/27,14310.19,14410.24,14310.19,14328.43,14416.79,14588.23,13920.21,1263.73,25億,-2430億,52億,27億
2022/12/28,14249.83,14249.83,14119.3,14173.1,14360.17,14552.91,13930.16,1659.8,-72億,-2502億,118億,191億
2022/12/29,14097.51,14120.57,13981.63,14085.02,14295.26,14506.52,13934.88,1443.94,-79億,-2581億,47億,125億
2022/12/30,14183.52,14248.9,14137.69,14137.69,14256.17,14464.87,13938.98,1374.48,25億,-2556億,105億,80億
2023/1/3,14108.16,14237.94,14001.97,14224.12,14235.25,14427.04,13947.67,1513.09,26億,-2530億,67億,40億
2023/1/4,14186.95,14257.45,14177.97,14199.13,14238.16,14400.55,13965.89,1635.08,-27億,-2557億,52億,79億
2023/1/5,14285.12,14357.6,14270.93,14301.05,14244.82,14384.1,13986.22,1742.9,20億,-2537億,76億,56億
2023/1/6,14278.52,14384.92,14278.52,14373.34,14237.86,14375.12,14012.26,1582.22,99億,-2438億,143億,45億
2023/1/9,14504.47,14752.21,14504.47,14752.21,14285.92,14377.46,14039.33,2259.24,366億,-2072億,433億,67億
2023/1/10,14796.27,14816.13,14728.56,14802.96,14337.71,14386.98,14069.95,1806.78,170億,-1902億,199億,29億
2023/1/11,14822.86,14842.74,14734.44,14751.44,14380.01,14398.4,14097.06,1619.71,66億,-1836億,107億,40億
2023/1/12,14780.58,14813.31,14700.73,14731.64,14435.86,14398.01,14126.31,1510.23,19億,-1817億,68億,49億
2023/1/13,14923.05,14962.31,14822.15,14824.13,14509.77,14402.51,14157.61,1869.38,280億,-1537億,340億,60億
2023/1/16,14895.26,14960.92,14895.26,14927.01,14588.7,14422.44,14192.74,1548.47,170億,-1367億,210億,40億
2023/1/17,14922.34,14945.23,14884.78,14932.93,14659.58,14447.42,14227.34,1540.45,72億,-1295億,136億,64億
2023/1/30,15291.53,15493.82,15291.53,15493.82,14789.05,14513.61,14274.47,3548.65,650億,-645億,757億,107億
2023/1/31,15419.21,15441.98,15265.2,15265.2,14885.47,14565.15,14316.74,2856.29,4億,-641億,204億,199億
2023/2/1,15346.35,15420.13,15291.68,15420.13,14990.15,14614.01,14358.3,2417.79,99億,-542億,196億,96億
2023/2/2,15508.83,15602.09,15496.52,15595.16,15074.44,14680.18,14405.08,2779.81,229億,-312億,281億,52億
2023/2/3,15591.95,15617.73,15504.03,15602.66,15154.41,14746.06,14449.29,2409.38,89億,-223億,186億,97億
2023/2/6,15514.8,15514.8,15392.82,15392.82,15218.55,14799.28,14488.55,2058.83,-115億,-338億,66億,181億
2023/2/7,15376.12,15462.1,15363.65,15400.91,15285.48,14860.67,14526.9,1909.54,-33億,-371億,64億,97億
2023/2/8,15538.71,15631.22,15520.05,15618.17,15364.88,14937.33,14570.76,2321.75,161億,-210億,198億,37億
2023/2/9,15590,15617.34,15553.84,15598.71,15432.05,15010.38,14613.63,2151.35,-25億,-235億,58億,83億
2023/2/10,15627.33,15628.3,15546.11,15586.65,15497.42,15078.5,14653.01,2133.26,-29億,-264億,98億,127億
2023/2/13,15564.76,15569.99,15465.56,15544.28,15502.47,15145.76,14689.62,1789.38,-48億,-312億,79億,127億
2023/2/14,15584.74,15669.63,15584.74,15654.48,15541.4,15213.43,14723.21,1816.98,69億,-243億,138億,69億
2023/2/15,15497.67,15553.68,15388.85,15432.89,15542.67,15266.41,14755.36,2269.22,-79億,-322億,65億,144億
2023/2/16,15474.46,15585.48,15474.46,15550.5,15538.21,15306.32,14781.08,2340.71,139億,-183億,214億,74億
2023/2/17,15503.75,15503.75,15418.43,15479.7,15525.91,15340.16,14802.82,2142.15,-85億,-267億,48億,133億
2023/2/20,15452.01,15575.32,15436.66,15551.23,15541.75,15380.15,14819.57,2113.66,20億,-247億,75億,54億
2023/2/21,15535.64,15567.74,15496.73,15563,15557.96,15421.72,14836.67,2243.73,15億,-232億,61億,46億
2023/2/22,15541.17,15541.17,15345.93,15418.77,15538.02,15451.45,14851.39,2438.86,-137億,-369億,58億,195億
2023/2/23,15463.46,15657.63,15463.46,15615.41,15539.69,15485.87,14869.9,2526.39,124億,-245億,190億,67億
2023/2/24,15669.88,15717.96,15503.79,15503.79,15531.41,15514.41,14887.47,2943.34,-101億,-346億,91億,192億
2023/3/1,15435.38,15617.03,15387.38,15598.49,15536.83,15519.65,14905.08,2607.53,-20億,-366億,118億,138億
2023/3/2,15580.28,15618.06,15492.37,15598.72,15531.25,15536.32,14921.58,2168.53,-24億,-391億,88億,112億
2023/3/3,15621.36,15713.42,15606.85,15608.42,15548.8,15545.74,14935.32,2401.91,14億,-377億,100億,87億
2023/3/6,15675.28,15818.88,15675.28,15763.51,15570.1,15554.16,14951.74,2469.07,155億,-222億,242億,88億
2023/3/7,15763.87,15879.16,15749.04,15857.89,15607.92,15566.92,14973.42,2346.84,86億,-136億,139億,53億
2023/3/8,15819.18,15821.49,15740.98,15818.2,15634.62,15588.19,14991.9,2604.38,-74億,-210億,74億,147億
2023/3/9,15827.98,15878.75,15770.66,15770.66,15655.39,15606.67,15006.75,2575.53,-72億,-282億,94億,166億
2023/3/10,15729.29,15729.29,15488.71,15526.2,15666.13,15602.08,15015.31,2943.99,-251億,-533億,70億,321億
2023/3/13,15514.03,15571.17,15349.67,15560.49,15660.64,15600.16,15025.14,2429.89,31億,-502億,112億,82億
2023/3/14,15517.74,15517.74,15348.12,15360.42,15646.3,15588.85,15031.46,2407.74,-249億,-751億,73億,321億
2023/3/15,15425.99,15526.73,15387.59,15387.59,15625.21,15581.02,15042.44,2467.72,-83億,-833億,58億,141億
2023/3/16,15334.25,15334.25,15186.74,15221.12,15587.45,15559.35,15052.3,2456.43,-129億,-962億,40億,169億
2023/3/17,15337.97,15452.96,15337.97,15452.96,15571.9,15560.35,15067.29,2691.13,95億,-868億,206億,111億
2023/3/20,15454.75,15488.98,15399.07,15419.97,15537.55,15553.83,15079.2,1928.5,-28億,-896億,52億,80億
2023/3/21,15437.95,15547.97,15437.95,15513.45,15503.11,15555.51,15094.22,2223.19,-11億,-907億,76億,87億
2023/3/22,15535.17,15760.46,15535.17,15760.46,15497.33,15565.98,15114.84,2471.14,238億,-669億,289億,51億
2023/3/23,15711.6,15882.75,15680.84,15863.95,15506.66,15581.02,15133.59,2339.26,154億,-515億,209億,55億
2023/3/24,15869.84,15921.97,15845.99,15914.7,15545.51,15605.82,15153.26,2630.59,123億,-392億,165億,42億
2023/3/27,15873.67,15902.06,15821.63,15830.31,15572.49,15616.57,15174.96,2156.37,-32億,-424億,61億,92億
2023/3/28,15790.7,15846.54,15685.59,15701.48,15606.6,15626.45,15196.09,2146.85,-78億,-501億,41億,119億
2023/3/29,15766.29,15811.2,15681.1,15769.76,15644.82,15635.01,15222.76,1976.11,42億,-459億,127億,85億
2023/3/30,15824.65,15885.21,15791.75,15849.43,15707.65,15647.55,15249.67,1885.25,109億,-350億,162億,52億
2023/3/31,15874.19,15951.8,15857.19,15868.06,15749.16,15660.53,15273.42,2035.35,118億,-232億,187億,69億
2023/4/6,15838.07,15838.07,15733.29,15810.77,15788.24,15662.89,15299.08,2105.4,-35億,-267億,91億,126億
2023/4/7,15856.19,15877.99,15811.19,15836.5,15820.54,15661.82,15324.93,1792.88,22億,-245億,66億,44億
2023/4/10,15850.94,15919.76,15850.94,15876.17,15832.11,15664.72,15350.73,1820.28,22億,-223億,67億,44億
2023/4/11,15886.46,15945.63,15838.1,15913.88,15837.11,15671.88,15379.74,2211.69,72億,-151億,128億,56億
2023/4/12,15914.15,15944.32,15867.02,15932.97,15838.93,15692.22,15410.54,2329.66,60億,-91億,119億,59億
2023/4/13,15888.63,15913.2,15800.42,15804.76,15836.38,15704.44,15438.33,2588,-105億,-196億,46億,150億
2023/4/14,15854.25,15973.82,15854.25,15929.43,15859.17,15732.89,15466.75,2561.83,110億,-86億,164億,55億
2023/4/17,15934.64,15963.55,15894.77,15963.55,15878.55,15761.68,15496.15,2504.5,27億,-59億,94億,67億
2023/4/18,15967.89,15967.89,15851.71,15869.44,15880.55,15794.1,15522.29,2583.87,-79億,-138億,57億,136億
2023/4/19,15874.65,15915.39,15756.75,15770.47,15870.79,15809.98,15545.58,2569.48,-100億,-238億,41億,141億
2023/4/20,15771.45,15804.38,15686.54,15707.52,15860.47,15824.35,15561.5,2367.59,-113億,-351億,68億,181億
2023/4/21,15776.54,15802.93,15592.96,15602.99,15837.12,15828.83,15574.84,2579.5,-40億,-391億,67億,107億
2023/4/24,15555.1,15643.86,15529.39,15626.87,15812.19,15822.15,15589.43,1792.48,-34億,-425億,76億,110億
2023/4/25,15606.83,15639.49,15353.22,15370.73,15757.87,15797.49,15600.08,2739.81,-200億,-625億,59億,260億
2023/4/26,15352.03,15398.4,15284.46,15374.63,15702.04,15770.49,15609.25,2195.25,-22億,-648億,118億,140億
2023/4/27,15374.39,15455.88,15306.69,15411.49,15662.71,15749.55,15617.33,2067.77,-98億,-746億,68億,167億
2023/4/28,15477.34,15580.63,15477.34,15579.18,15627.69,15743.43,15628.1,2316.46,41億,-705億,119億,78億
2023/5/2,15588.68,15651.23,15532.63,15636.48,15594.98,15736.77,15630.48,2296.53,72億,-632億,134億,61億
2023/5/3,15629.51,15629.51,15530.79,15553.41,15563.38,15721.97,15635.28,2045.07,-115億,-747億,53億,167億
2023/5/4,15548.02,15622.41,15523.5,15609.03,15547.23,15709.01,15638.43,2038.5,-9億,-756億,49億,58億
2023/5/5,15627.93,15673.62,15578.67,15626.07,15539.09,15699.78,15638.94,1834.04,11億,-745億,54億,43億
2023/5/8,15648.54,15757.8,15648.54,15699.57,15548.75,15692.93,15640.56,2171.45,96億,-649億,140億,44億
2023/5/9,15702.26,15744.27,15635.9,15727.7,15558.83,15685.51,15646.14,2138.83,43億,-606億,84億,41億
2023/5/10,15708.48,15711.39,15579.49,15641.76,15585.93,15671.9,15650.15,1993.71,-53億,-659億,73億,126億
2023/5/11,15666.49,15675.37,15501.58,15514.64,15599.93,15650.99,15648.43,2028.29,-71億,-729億,41億,111億
2023/5/12,15477.12,15545.99,15424.42,15502.36,15609.02,15635.87,15646.82,2228.9,12億,-717億,132億,120億
2023/5/15,15489.18,15510.09,15434.52,15475.05,15598.61,15613.15,15644.96,1922.61,-99億,-816億,49億,148億
2023/5/16,15550.57,15723.95,15550.57,15673.9,15602.35,15598.66,15647.12,2161.21,171億,-644億,239億,67億
2023/5/17,15702.74,15961.97,15698.63,15925.29,15639.54,15601.46,15651.64,2642.45,351億,-293億,428億,76億
2023/5/18,16060.26,16128.72,16015.62,16101.88,15688.82,15618.03,15662.79,2931.85,342億,49億,399億,57億
2023/5/19,16146.29,16189.81,16099.9,16174.92,15743.71,15641.4,15673.19,3304.34,310億,359億,393億,83億
2023/5/22,16168.74,16202.92,16131.55,16180.89,15791.84,15670.29,15684.88,2502.04,30億,389億,140億,111億
2023/5/23,16186.15,16239.5,16121.45,16188.03,15837.87,15698.35,15695.49,2414.7,33億,422億,106億,73億
2023/5/24,16186.62,16186.62,16070.16,16159.32,15889.63,15737.78,15705.43,2298.8,-33億,389億,96億,129億
2023/5/25,16163.95,16323.77,16163.95,16292,15967.36,15783.65,15719.98,3384.92,219億,609億,346億,126億
2023/5/26,16509.14,16537.79,16457.74,16505.05,16067.63,15838.33,15734.81,3851.7,347億,956億,480億,133億
2023/5/29,16610.86,16683.76,16597.38,16636.3,16183.76,15891.18,15753.69,3459.8,215億,1171億,361億,145億
2023/5/30,16648.77,16681.19,16579.13,16622.74,16278.64,15940.5,15770.76,3183.12,5億,1176億,183億,178億
2023/5/31,16593.53,16636.65,16491.9,16578.96,16344.01,15991.77,15787.1,4231.2,11億,1187億,322億,311億
2023/6/1,16511,16555.5,16477.43,16512.65,16385.09,16036.95,15802.17,2796.42,-29億,1159億,59億,88億
2023/6/2,16525,16752.2,16525,16706.91,16438.29,16091,15817.89,3664.78,186億,1344億,250億,64億
2023/6/5,16714.48,16781.19,16703.6,16714.43,16491.64,16141.74,15832.17,3037.31,35億,1380億,128億,93億
2023/6/6,16712.98,16793.81,16699.83,16761.66,16549,16193.44,15847.89,2761.63,30億,1409億,140億,111億
2023/6/7,16771.76,16922.48,16771.76,16922.48,16625.32,16257.47,15867.09,2959.53,135億,1544億,244億,109億
2023/6/8,16864.18,16899.51,16694.21,16733.69,16669.49,16318.43,15887.21,3085.16,-122億,1423億,87億,209億
2023/6/9,16775.92,16895.99,16775.92,16886.4,16707.62,16387.63,15909.31,2912.3,108億,1531億,173億,65億
2023/6/12,16899.49,16999.72,16899.49,16955.37,16739.53,16461.64,15935.89,3030.5,82億,1613億,183億,101億
2023/6/13,17135.84,17254.96,17129.23,17216.6,16798.92,16538.78,15966.38,3584.16,390億,2003億,525億,134億
2023/6/14,17190.7,17259.23,17182.18,17238.14,16864.83,16604.42,15999.99,3264.92,78億,2081億,179億,101億
2023/6/15,17259.37,17346.32,17259.37,17334.98,16947.07,16666.08,16031.36,3837.66,112億,2194億,190億,77億
2023/6/16,17342.86,17342.86,17250.79,17288.91,17005.27,16721.78,16062.51,4580.25,30億,2223億,241億,211億
2023/6/19,17274.07,17306.81,17210.87,17274.56,17061.28,16776.46,16091.86,3256.53,-4億,2219億,144億,148億
2023/6/20,17233.8,17247.16,17121.59,17184.91,17103.6,16826.3,16115.6,3236.5,-87億,2132億,122億,209億
2023/6/21,17186.72,17246.77,17131.45,17202.4,17131.6,16878.46,16137.91,3307.61,-24億,2107億,139億,163億
2023/6/26,17182.48,17182.48,17011.28,17059.24,17164.15,16916.82,16156.98,3040.55,-148億,1960億,128億,276億
2023/6/27,17022.15,17035.49,16887.9,16887.9,17164.3,16935.96,16174.61,3002.03,-121億,1839億,81億,202億
2023/6/28,16906.23,17011.12,16903.71,16935.63,17162.33,16950.93,16195.18,2652.3,-42億,1797億,93億,135億
2023/6/29,16930.41,17077.44,16911.38,16942.3,17134.9,16966.91,16214.72,2735.19,51億,1848億,182億,130億
2023/6/30,16870.27,16919.95,16792.34,16915.54,17102.64,16983.74,16232.49,3131.06,-66億,1782億,139億,205億
2023/7/3,16946.71,17103.73,16946.71,17084.2,17077.56,17012.31,16252.76,3432.04,95億,1877億,185億,90億
2023/7/4,17055.19,17154.1,17042.6,17140.77,17062.75,17034.01,16274.93,3828.1,-62億,1815億,78億,140億
2023/7/5,17130.26,17153.17,17020.01,17056.43,17040.93,17051.11,16295.26,3422.62,-172億,1643億,50億,222億
2023/7/6,17017.09,17017.09,16749.29,16762.17,16998.66,17051.13,16310.03,3544.34,-346億,1297億,77億,423億
2023/7/7,16736.94,16762.39,16593.84,16664.21,16944.84,17038.22,16322.53,3100.81,-223億,1074億,75億,298億
2023/7/10,16667.43,16798.81,16635.83,16652.8,16904.2,17034.17,16334.53,2723.55,-99億,976億,75億,173億
2023/7/11,16675.69,16898.91,16675.69,16898.91,16905.3,17034.8,16352.76,3198.47,132億,1107億,203億,72億
2023/7/12,16903.25,16962.03,16864.01,16962.03,16907.94,17035.13,16369.97,3539.3,11億,1118億,156億,145億
2023/7/13,16994.59,17223.86,16994.59,17061.4,16919.85,17027.37,16388.27,4711.98,203億,1322億,312億,108億
2023/7/14,17152.81,17287.4,17128.07,17283.71,16956.66,17029.65,16411.84,4292.4,129億,1450億,263億,134億
2023/7/17,17279.11,17346.66,17235.92,17334.29,16981.67,17029.62,16437.91,3947.23,7億,1458億,114億,107億
2023/7/18,17368.36,17401.59,17164.92,17227.91,16990.39,17026.57,16463.25,4936.44,-100億,1357億,96億,197億
2023/7/19,17265.38,17340.82,17082.54,17116.44,16996.39,17018.66,16488.47,4335.33,-73億,1284億,163億,237億
2023/7/20,17104.91,17214.41,17098.65,17164.89,17036.66,17017.66,16514.1,3203.97,-44億,1240億,103億,146億
2023/7/21,17106.29,17106.29,16859.13,17030.7,17073.31,17009.07,16541.77,4397.43,-207億,1033億,107億,314億
2023/7/24,17036.79,17098.73,16941.15,17033.61,17111.39,17007.79,16569.42,4099.82,-144億,889億,85億,229億
2023/7/25,17061.88,17270.2,17061.88,17198.89,17141.39,17023.34,16599.21,4293.9,69億,958億,180億,111億
2023/7/26,17205.47,17247.02,17121.99,17162.55,17161.44,17034.69,16625.6,3695.02,-52億,907億,107億,158億
2023/7/27,17189.3,17282.86,17189.3,17241.82,17179.48,17049.66,16652.36,3553.31,77億,984億,169億,91億
2023/7/28,17244.51,17328.21,17179.94,17292.93,17180.4,17068.53,16681.35,3855.22,59億,1043億,148億,89億
2023/7/31,17341.04,17463.76,17081.48,17145.43,17161.52,17071.59,16706.95,4922.31,-129億,914億,105億,234億
2023/8/1,17141.97,17252.32,17095.86,17212.87,17160.01,17075.2,16733.4,3885.6,13億,926億,129億,117億
2023/8/2,17207.22,17212.55,16844.57,16893.73,17137.74,17067.06,16753.3,4588.94,-314億,612億,139億,453億
2023/8/4,16847.24,16887.38,16748.51,16843.68,17105.62,17071.14,16771.9,3744.15,-167億,445億,108億,275億
2023/8/7,16870.81,17032.32,16868.74,16996,17102.15,17087.73,16794.47,3280.96,-54億,391億,89億,143億
2023/8/8,17006.46,17043.56,16812.59,16877.07,17086.5,17098.94,16817.18,3792.46,-259億,132億,118億,377億
2023/8/9,16836.64,16956.73,16798.5,16870.94,17053.7,17097.54,16839.99,3328.75,-48億,84億,91億,139億
2023/8/10,16827.11,16827.11,16601.17,16634.7,17000.92,17081.18,16859.32,3543.66,-234億,-150億,90億,325億
2023/8/11,16644.65,16766.84,16601.25,16601.25,16936.86,17058.17,16874.77,2955.69,-85億,-235億,94億,179億
2023/8/14,16585.41,16585.41,16307.28,16393.66,16846.93,17013.67,16882.58,3295.52,-200億,-435億,84億,284億
2023/8/15,16438.63,16546.01,16437.63,16454.8,16777.87,16969.69,16888.46,2986.35,-17億,-451億,85億,101億
2023/8/16,16422.2,16446.78,16304.44,16446.78,16701.26,16930.64,16892.99,3325.61,-107億,-558億,118億,225億
2023/8/17,16411.63,16550.11,16264.65,16516.66,16663.55,16900.65,16898.59,3864.98,-111億,-670億,117億,229億
2023/8/18,16508.46,16583.95,16344.29,16381.31,16617.32,16861.47,16901.81,3865.65,-242億,-912億,89億,331億
2023/8/21,16414.14,16485.25,16347.77,16381.49,16555.87,16829.01,16905.51,2671.05,-44億,-956億,67億,111億
2023/8/22,16429.69,16535.07,16407.83,16437.61,16511.92,16799.21,16907.94,3102.1,11億,-945億,92億,82億
2023/8/23,16440.39,16588.51,16440.39,16576.9,16482.52,16768.11,16909.14,2942.11,63億,-883億,140億,78億
2023/8/24,16651.03,16822.36,16651.03,16770.87,16496.13,16748.53,16911.38,4511.61,123億,-759億,216億,92億
2023/8/25,16708.53,16708.53,16481.58,16481.58,16484.17,16710.51,16909.03,3279.45,-364億,-1123億,68億,432億
2023/8/28,16498.86,16582.96,16498.86,16509.26,16495.73,16671.33,16907.87,2832.01,-47億,-1171億,87億,134億
2023/8/29,16528.49,16627.7,16495.76,16623.65,16512.61,16645.24,16909.72,2536.08,45億,-1126億,111億,66億
2023/8/30,16666.33,16780.42,16666.33,16719.82,16539.92,16620.59,16909.93,2847.72,104億,-1022億,169億,65億
2023/8/31,16707.35,16712.22,16630.67,16634.51,16551.7,16607.63,16908.6,3601.95,-38億,-1059億,199億,237億
2023/9/1,16640.92,16730.13,16619.23,16644.94,16578.06,16597.69,16906.65,2858.42,-115億,-1174億,51億,166億
2023/9/4,16649.67,16789.69,16648.51,16789.69,16618.88,16587.37,16904.44,2367.66,13億,-1161億,64億,51億
2023/9/5,16784.12,16791.61,16727.44,16791.61,16654.28,16583.1,16905.41,2530.77,24億,-1137億,85億,61億
2023/9/6,16796.37,16841.19,16732.69,16738.16,16670.41,16576.46,16902.94,2766.13,-40億,-1177億,111億,151億
2023/9/7,16715.45,16715.45,16609.94,16619.14,16655.24,16575.68,16897.33,2426.08,-196億,-1373億,53億,249億
2023/9/8,16609.93,16609.93,16505.64,16576.02,16664.68,16574.42,16886.66,2311.89,-127億,-1500億,42億,170億
2023/9/11,16579.83,16600.03,16398.3,16432.95,16657.05,16576.39,16873.24,2891.41,-192億,-1693億,52億,244億
2023/9/12,16433.82,16579.86,16422.91,16572.71,16651.96,16582.28,16860.53,2520.09,73億,-1620億,162億,89億
2023/9/13,16578.13,16653.3,16542.72,16581.51,16638.12,16589.02,16848.74,2571.13,-4億,-1624億,78億,82億
2023/9/14,16581.62,16807.56,16581.62,16807.56,16655.43,16603.56,16840.96,2878.27,211億,-1413億,273億,62億
2023/9/15,16809.74,16920.92,16787.74,16920.92,16683.03,16630.55,16836.56,4051.69,134億,-1279億,330億,196億
2023/9/18,16893.97,16893.97,16698.24,16698.24,16673.88,16646.38,16828.15,2855.86,-257億,-1536億,57億,314億
2023/9/19,16706.48,16762.52,16636.32,16636.32,16658.35,16656.32,16821.11,2834.85,-117億,-1652億,71億,187億
2023/9/20,16626.61,16665.27,16522.38,16534.75,16638.01,16654.21,16815.22,2843.09,-206億,-1858億,52億,257億
2023/9/21,16475.42,16475.42,16300.54,16316.67,16607.77,16631.5,16804.9,2839.1,-321億,-2179億,50億,371億
2023/9/22,16267.32,16360.96,16202.43,16344.48,16584.61,16624.65,16794.94,2414.98,-120億,-2300億,67億,187億
2023/9/25,16345.78,16498.38,16345.78,16452.23,16586.54,16621.79,16787.22,2173.05,8億,-2292億,93億,85億
2023/9/26,16440.26,16440.26,16276.07,16276.07,16556.88,16604.42,16773.75,2397.22,-213億,-2505億,65億,279億
2023/9/27,16273.84,16324.22,16212.86,16310.36,16529.76,16583.94,16759.91,2192.57,-53億,-2558億,92億,145億
2023/9/28,16330.71,16411.28,16311.41,16353.74,16484.38,16569.9,16748.2,2671.29,-75億,-2633億,59億,134億
2023/10/2,16382.96,16575.31,16382.96,16557.31,16448.02,16565.52,16744.78,2867.54,141億,-2492億,209億,68億
2023/10/3,16520.24,16571.66,16453.8,16454.34,16423.63,16548.75,16741.29,2613.65,-172億,-2664億,72億,244億
2023/10/4,16419.48,16419.48,16203.34,16273.38,16387.33,16522.84,16734.96,2426.47,-267億,-2931億,76億,344億
2023/10/5,16313.89,16477.61,16313.89,16453.52,16379.21,16508.61,16727.54,2437.11,23億,-2908億,140億,117億
2023/10/6,16482.93,16539.13,16482.93,16520.57,16399.6,16503.68,16720.18,2229.79,66萬,-2908億,93億,93億
2023/10/11,16567.43,16729.5,16567.43,16672.03,16432.36,16508.48,16713.69,3756.41,248億,-2660億,315億,67億
2023/10/12,16698.85,16825.91,16684.43,16825.91,16469.72,16528.13,16706.06,3031.08,270億,-2390億,360億,90億
2023/10/13,16815.91,16815.91,16726.43,16782.57,16520.37,16538.62,16696.87,3049.22,-75億,-2465億,64億,139億
2023/10/16,16712.93,16712.93,16614.1,16652.24,16554.56,16542.16,16687.27,2407.24,-103億,-2569億,63億,166億
2023/10/17,16678.28,16770.64,16618.3,16642.55,16583.44,16533.91,16679.37,2794.24,-40億,-2609億,53億,93億
2023/10/18,16608.02,16612.25,16398.76,16440.91,16571.8,16509.91,16667.31,3610.69,-136億,-2745億,169億,305億
2023/10/19,16416.54,16479.35,16382.4,16452.73,16571.64,16497.63,16657.68,2580.04,-88億,-2833億,68億,157億
2023/10/20,16434.43,16462.56,16271.82,16440.72,16588.38,16487.85,16647.79,2838.91,-101億,-2934億,184億,285億
2023/10/23,16391.41,16391.41,16245.84,16251.36,16568.16,16473.68,16632,2173.71,-158億,-3092億,59億,216億
2023/10/24,16257.8,16318.77,16163,16309.76,16547.08,16473.34,16617.79,2358.71,-95億,-3187億,54億,149億
2023/10/25,16320.71,16459.34,16320.71,16358.89,16515.76,16474.06,16603.07,2397.07,-33億,-3220億,79億,112億
2023/10/26,16305.16,16305.16,16073.74,16073.74,16440.55,16455.14,16582.75,2441.1,-319億,-3539億,68億,387億
2023/10/27,16112.75,16200.3,16112.75,16134.61,16375.75,16448.06,16565.91,2166.97,-57億,-3596億,67億,124億
2023/10/30,16142.06,16203.33,16101.24,16149.68,16325.5,16440.03,16548.19,2188.99,-22億,-3618億,95億,117億
2023/10/31,16176.58,16215.35,15975.91,16001.27,16261.37,16422.4,16533.31,2738.45,-146億,-3764億,56億,202億
2023/11/1,16027.72,16099.03,15978.26,16038.56,16221.13,16396.47,16519.89,2167.2,-31億,-3795億,66億,97億
2023/11/2,16094.26,16396.95,16094.26,16396.95,16215.55,16393.6,16509.91,2681.08,226億,-3569億,287億,61億
2023/11/3,16412.54,16520.1,16412.54,16507.65,16222.25,16405.31,16503.75,2715.22,117億,-3452億,162億,46億
2023/11/6,16572.56,16720.56,16572.56,16649.36,16262.05,16415.1,16500.06,2758.36,205億,-3247億,268億,63億
2023/11/7,16650.14,16684.95,16608.1,16684.95,16299.57,16423.32,16500.9,2219.11,62億,-3185億,128億,66億
2023/11/8,16691.32,16775.23,16665.4,16740.83,16337.76,16426.76,16503.22,2795.3,68億,-3116億,133億,65億
2023/11/9,16741.16,16759.43,16680.91,16745.65,16404.95,16422.75,16509.09,2494.09,4億,-3113億,88億,84億
2023/11/10,16725.94,16725.94,16651.23,16682.67,16459.76,16417.75,16512.89,2355.35,-58億,-3170億,60億,118億
2023/11/13,16711.53,16961.02,16711.53,16839.29,16528.72,16427.11,16519.43,2931.21,157億,-3013億,226億,69億
2023/11/14,16884.52,16946.38,16884.52,16915.71,16620.16,16440.76,16526.08,2782.91,138億,-2875億,214億,76億
2023/11/15,17039.62,17143.88,17034.95,17128.78,16729.18,16475.16,16538.54,3855.99,402億,-2473億,496億,94億
2023/11/16,17136.52,17194.32,17089.4,17171.18,16806.61,16511.08,16551.7,2912.65,158億,-2316億,249億,91億
2023/11/17,17155.86,17253.47,17147.56,17208.95,16876.74,16549.49,16564.55,2990.16,200億,-2115億,291億,91億
2023/11/20,17197.82,17219.76,17151.82,17210.47,16932.85,16597.45,16575.11,2829.99,37億,-2078億,137億,100億
2023/11/21,17239.94,17421.17,17239.94,17416.7,17006.02,16652.79,16585.88,3446.24,308億,-1770億,411億,102億
2023/11/22,17325.6,17344.53,17264.95,17310.26,17062.97,16700.36,16599.69,2883.28,-101億,-1871億,46億,147億
2023/11/23,17291.33,17343.61,17228.45,17294.55,17117.86,16761.4,16612.78,2869.94,-48億,-1919億,71億,119億
2023/11/24,17304.65,17336.13,17268.38,17287.42,17178.33,16819.04,16623.84,2540.03,21億,-1898億,122億,101億
2023/11/27,17291.23,17351.93,17133.76,17137.42,17208.14,16868.43,16630.8,2794.43,-81億,-1979億,84億,165億
2023/11/28,17150.3,17360.38,17145.2,17341.25,17250.7,16935.43,16642.58,2981.82,192億,-1787億,312億,120億
2023/11/29,17352.11,17441.79,17323.27,17370.56,17274.88,17002.03,16654.67,3277.65,80億,-1707億,217億,137億
2023/11/30,17389.2,17433.85,17313.3,17433.85,17301.14,17053.88,16665.41,4142.11,25億,-1682億,313億,289億
2023/12/1,17422.35,17450.13,17355.89,17438.35,17324.08,17100.41,16676.19,3032.8,19億,-1664億,93億,74億
2023/12/4,17450.64,17516.61,17398.1,17421.48,17345.18,17139.02,16687.58,3296.2,-40億,-1703億,99億,139億
2023/12/5,17401.59,17401.59,17252.57,17328.01,17336.32,17171.17,16699.39,3205.38,-135億,-1839億,71億,206億
2023/12/6,17340.82,17439.85,17337.47,17360.72,17341.36,17202.16,16712.47,3005.1,15億,-1824億,131億,117億
2023/12/7,17356.92,17387.94,17273.71,17278.74,17339.78,17228.82,16726.57,3038.38,-70億,-1894億,68億,138億
2023/12/8,17309.36,17465.35,17309.36,17383.99,17349.44,17263.88,16740.09,3133.14,97億,-1797億,223億,125億
2023/12/11,17416.96,17451.82,17372.82,17418.34,17377.53,17292.84,16754.03,2914.32,-29億,-1825億,101億,130億
2023/12/12,17429.61,17528.72,17404.88,17450.63,17388.47,17319.58,16764.75,3203.82,50億,-1775億,150億,100億
2023/12/13,17447.51,17507.92,17438.69,17468.93,17398.3,17336.59,16773.89,3202.06,55億,-1720億,163億,108億
2023/12/14,17482.38,17668.35,17482.38,17653.11,17420.23,17360.69,16789.8,3898.05,297億,-1423億,420億,123億
2023/12/15,17693.33,17743.54,17642.79,17673.87,17443.78,17383.93,16807.09,4483.82,128億,-1295億,471億,343億
2023/12/18,17637.86,17665.91,17586.88,17652.03,17466.84,17406.01,16825.71,3265.38,-50億,-1345億,122億,172億
2023/12/19,17669.84,17669.84,17497.32,17576.55,17491.69,17414,16846.71,3257.92,-78億,-1423億,158億,236億
2023/12/20,17608.35,17657.65,17597.48,17635.2,17519.14,17430.25,16868.22,3397.92,102億,-1321億,309億,207億
2023/12/21,17531.45,17552.9,17442.76,17543.74,17545.64,17442.71,16886.42,3285.15,-42億,-1362億,132億,174億
2023/12/22,17586.16,17618.17,17567.55,17596.63,17566.9,17458.17,16908.43,2916.78,37億,-1325億,171億,134億
2023/12/25,17596.27,17663.35,17595.27,17604.84,17585.55,17481.54,16930,2426.86,-11億,-1335億,88億,99億
2023/12/26,17619.09,17751.73,17619.09,17751.73,17615.66,17502.07,16953.3,2295.97,153億,-1182億,230億,77億
2023/12/27,17766.73,17897.16,17766.73,17891.5,17657.92,17528.11,16975.54,2998.18,328億,-855億,426億,98億
2023/12/28,17900.76,17928.14,17841.76,17910.37,17683.65,17551.94,16999.8,2897.51,72億,-782億,193億,121億
2023/12/29,17893.63,17945.7,17864.23,17930.81,17709.34,17576.56,17027.43,2720.74,115億,-668億,204億,89億
2024/1/2,17939.79,17956.74,17784.97,17853.76,17729.51,17598.18,17050.76,3011.59,-76億,-744億,112億,187億
2024/1/3,17829.28,17829.28,17518.19,17559.31,17727.79,17609.74,17068.08,3101.34,-304億,-1048億,62億,366億
2024/1/4,17574.39,17609.89,17515.73,17549.65,17719.23,17619.19,17082.7,2825.01,-81億,-1129億,74億,155億
2024/1/5,17559.4,17606.79,17495.39,17519.14,17716.77,17631.21,17094.26,2697.7,-27億,-1155億,105億,132億
2024/1/8,17534.52,17688.11,17534.52,17572.66,17714.38,17640.64,17107.43,2625.7,-33億,-1188億,76億,109億
2024/1/9,17585.4,17694.26,17517.55,17535.49,17707.44,17646.5,17122.15,2996.6,-38億,-1226億,86億,124億
2024/1/10,17495.67,17499.43,17439.27,17465.63,17678.83,17647.25,17135.86,2579.95,-16億,-1242億,101億,117億
2024/1/11,17477.88,17574.92,17476.87,17545.32,17644.21,17651.07,17154.27,3075.47,66億,-1177億,176億,110億
2024/1/12,17536.05,17570.63,17469.87,17512.83,17604.46,17644.05,17171.94,2837.23,45億,-1131億,123億,78億
2024/1/15,17541.26,17632.77,17532.98,17546.82,17566.06,17637.7,17190.38,2899.12,-54億,-1186億,107億,161億
2024/1/16,17523.78,17523.78,17337.58,17346.87,17515.37,17622.44,17208.63,3150.13,-367億,-1552億,100億,466億
2024/1/17,17341.58,17361.05,17151.58,17161.79,17475.62,17601.7,17222.83,3915.24,-544億,-2096億,189億,732億
2024/1/18,17169.1,17300.29,17169.1,17227.79,17443.43,17581.33,17237.32,2805.36,-72億,-2168億,77億,149億
2024/1/19,17546.51,17682.97,17499.85,17681.52,17459.67,17588.22,17264.11,4385.28,703億,-1465億,816億,113億
2024/1/22,17770.78,17869.07,17765.13,17815.1,17483.92,17599.15,17292.12,4127.46,227億,-1238億,323億,97億
2024/1/23,17840.28,17893.73,17801.89,17874.59,17517.83,17612.63,17320.87,3137.27,77億,-1161億,252億,175億
2024/1/24,17883.62,17944.98,17856.34,17875.83,17558.85,17618.84,17352.11,2716.02,-27億,-1188億,105億,132億
2024/1/25,17894.83,18014.26,17894.83,18002.62,17604.58,17624.4,17384.85,3049.52,233億,-955億,303億,70億
2024/1/26,17985.44,18029.85,17943.65,17995.03,17652.8,17628.63,17411.48,2602.35,-5億,-959億,163億,168億
2024/1/29,18001.24,18119.63,17995.11,18119.63,17710.08,17638.07,17438.35,2302.93,139億,-820億,238億,99億
2024/1/30,18083.45,18138.74,18034.63,18034.63,17778.85,17647.11,17461.43,2965.68,31億,-789億,162億,131億
2024/1/31,17970.41,17996.33,17874.95,17889.56,17851.63,17663.63,17481.51,2778.5,-158億,-947億,73億,231億
2024/2/1,17871.27,17968.11,17832.95,17968.11,17925.66,17684.55,17501.97,3125.53,69億,-878億,217億,148億
2024/2/2,18016.35,18059.93,17985.89,18059.93,17963.5,17711.59,17523.87,3345.42,102億,-776億,197億,96億
2024/2/5,18047.4,18115.8,17992.17,18096.07,17991.6,17737.76,17547.43,3245.79,-37億,-814億,208億,245億
2024/2/15,18664.45,18725.47,18550.86,18644.57,18068.6,17793.21,17577.52,5151.83,563億,-251億,661億,98億
2024/2/16,18639.66,18715.69,18585.14,18607.25,18141.74,17850.29,17605.71,4161.87,42億,-208億,190億,148億
2024/2/19,18561.04,18663.74,18561.04,18635.8,18205.06,17904.82,17630.82,3748.71,-69億,-278億,119億,188億
2024/2/20,18610.21,18756.33,18610.21,18753.16,18280.87,17966.83,17657.19,3595.02,36億,-241億,143億,107億
2024/2/21,18673.49,18729.03,18645.27,18676.31,18336.54,18023.31,17681.65,3487.03,-67億,-308億,101億,168億
2024/2/22,18826.85,18881.77,18758.15,18852.78,18418.35,18098.6,17709.02,4050.57,170億,-138億,263億,93億
2024/2/23,18950.07,19012.38,18889.19,18889.19,18518.32,18184.97,17733.56,4524.58,181億,43億,298億,117億
2024/2/26,18899.39,18974.08,18854.71,18948.05,18616.31,18270.99,17760.86,3608.58,44億,87億,154億,110億
2024/2/27,18964.49,19023.01,18752.53,18854.41,18695.76,18329.63,17786.85,4306.76,-167億,-80億,99億,266億
2024/2/29,18796.54,19019.69,18794.62,18966.77,18782.83,18387.21,17814.84,4267.39,87億,7億,309億,223億
2024/3/1,19021.35,19041.92,18923.46,18935.93,18811.97,18440.28,17844.82,4086.41,5億,11億,181億,176億
2024/3/4,18952.69,19333.39,18952.69,19305.31,18881.77,18511.76,17877.55,4984.03,384億,395億,467億,83億
2024/3/5,19398.97,19453.85,19332.73,19386.92,18956.88,18580.97,17911.16,4344.64,99億,494億,227億,128億
2024/3/6,19283.61,19532.3,19246.3,19499.45,19031.51,18656.19,17945.59,4246.93,30億,524億,166億,136億
2024/3/7,19678.36,19794.57,19630.79,19693.52,19133.23,18734.89,17983.17,5194.82,36億,560億,259億,223億
2024/3/8,19966.49,20065.5,19638.13,19785.32,19226.49,18822.42,18022.57,5890.68,268億,829億,503億,235億
2024/3/11,19671.9,19828.7,19649.67,19726.08,19310.18,18914.25,18062.54,4141.2,-24億,805億,210億,234億
2024/3/12,19672.76,19917.06,19664.71,19914.55,19406.83,19011.57,18105.1,4668.73,178億,983億,294億,116億
2024/3/13,20024.83,20112.81,19866.73,19928.51,19514.24,19105,18149.26,5520.08,-7億,976億,139億,146億
2024/3/14,19920.63,19995.51,19775.5,19937.92,19611.35,19197.09,18191.83,4893.06,-51億,926億,165億,216億
2024/3/15,19845.45,19888.13,19682.5,19682.5,19686.01,19248.99,18229.57,5705.95,-122億,804億,214億,336億
2024/3/18,19706.11,19879.86,19706.11,19879.85,19743.46,19312.62,18270.05,4272.4,69億,873億,236億,167億
2024/3/19,19798.12,19921.25,19762.16,19857.2,19790.49,19373.69,18309.86,4717.94,32億,905億,350億,318億
2024/3/20,19879.25,19994.42,19728.43,19784.45,19818.99,19425.25,18345.38,5322.23,-194億,711億,199億,393億
2024/3/21,19843.8,20199.3,19843.8,20199.09,19869.55,19501.39,18387.47,4941.94,276億,986億,418億,142億
2024/3/22,20232.06,20296.1,20084.31,20228.43,19913.86,19570.17,18430.41,5064.19,54億,1040億,182億,129億
2024/3/25,20228.64,20285.38,20172.8,20192.25,19960.48,19635.33,18474,3765.39,-52億,988億,111億,163億
2024/3/26,20208.88,20397.07,19977.4,20126.49,19981.67,19694.25,18515.52,4935.69,-86億,902億,165億,251億
2024/3/27,20158.07,20255.1,20108.96,20200.12,20008.83,19761.53,18559.8,3917.69,70億,972億,185億,116億
2024/3/28,20213.34,20222.2,20065.93,20146.55,20029.69,19820.52,18602.29,4519.3,-4億,967億,287億,292億
2024/3/29,20156.34,20335.92,20156.34,20294.45,20090.89,19888.45,18647.12,4830.37,437億,1405億,622億,185億
2024/4/1,20319.73,20387.23,20217.58,20222.33,20125.14,19934.3,18688.3,3651.84,-143億,1262億,80億,223億
2024/4/2,20359.81,20466.57,20359.81,20466.57,20186.07,19988.28,18731.22,4174.86,84億,1346億,193億,108億
2024/4/3,20388.84,20403.73,20269.66,20337.6,20241.39,20030.19,18771.67,3843.51,-196億,1150億,117億,314億
2024/4/8,20395.05,20487.83,20379.83,20417.7,20263.25,20066.4,18813.12,4156.88,-84億,1066億,121億,205億
2024/4/9,20521.56,20820.81,20521.56,20796.2,20320.03,20116.94,18862.16,4526.94,179億,1245億,260億,82億
2024/4/10,20789.42,20883.69,20763.53,20763.53,20377.15,20168.81,18915.56,4349.96,-21億,1224億,134億,155億
2024/4/11,20713.25,20770.83,20651.88,20753.22,20439.83,20210.75,18968.95,4506.26,-59億,1165億,132億,190億
2024/4/12,20772.79,20825.04,20713.87,20736.57,20493.47,20251.15,19022.58,4890.34,-46億,1119億,185億,232億
2024/4/15,20586.53,20623.77,20449.77,20449.77,20523.79,20276.74,19070.53,4881.19,-346億,772億,120億,466億
2024/4/16,20365.11,20365.11,19844.54,19901.96,20484.55,20287.72,19109.97,5486.33,-499億,274億,87億,586億
2024/4/17,19986.62,20264.99,19986.62,20213.33,20483.65,20304.39,19155.77,4116.38,-222億,52億,109億,330億
2024/4/18,20126.57,20363.09,20057.81,20301.2,20467.11,20326.59,19201.7,4551.59,-20億,32億,191億,211億
2024/4/19,19992.06,19992.06,19291.88,19527.12,20386.06,20313.72,19235.27,7239.66,-823億,-791億,162億,985億
2024/4/22,19466.44,19695.49,19395.31,19411.22,20285.41,20274.33,19266.34,4916.6,-135億,-926億,112億,246億
2024/4/23,19564.38,19709,19509.74,19599.28,20165.72,20242.87,19303.88,3508.28,15億,-911億,188億,173億
2024/4/24,19770.46,20165.77,19770.46,20131.74,20102.54,20239.85,19353.38,4339.07,331億,-580億,433億,102億
2024/4/25,20003,20003,19848.57,19857.42,20012.96,20226.39,19397.21,3664.98,-216億,-797億,111億,328億
2024/4/26,20094.17,20226.29,20087.61,20120.51,19951.36,20222.41,19437.86,4260.82,239億,-558億,329億,90億
2024/4/29,20235.93,20495.52,20235.93,20495.52,19955.93,20239.86,19482.53,4253.4,338億,-220億,412億,74億
2024/4/30,20508.48,20559.97,20396.6,20396.6,20005.39,20244.97,19524.57,3643.95,54億,-166億,206億,152億
2024/5/2,20360.67,20360.67,20222.44,20222.44,20006.31,20244.98,19563.68,3999.16,-146億,-312億,103億,250億
2024/5/3,20381.98,20521.49,20272.34,20330.32,20009.22,20238.16,19602.47,4113.18,89億,-223億,239億,150億
2024/5/6,20479.8,20639.9,20479.8,20523.31,20108.84,20247.45,19644.61,4190.96,202億,-21億,333億,131億
2024/5/7,20634.62,20689.19,20493.8,20653.53,20233.07,20259.24,19686.84,4126.73,67億,46億,149億,82億
2024/5/8,20604.18,20700.51,20547.48,20700.51,20343.19,20254.46,19731.27,4259.81,37億,83億,240億,203億
2024/5/9,20710.05,20754.61,20560.77,20560.77,20386.09,20244.32,19775.79,4249.29,-160億,-77億,130億,290億
2024/5/10,20582.12,20765.82,20574.01,20708.84,20471.24,20242.1,19821.47,4428.38,184億,107億,281億,96億
2024/5/13,20905.16,20933.28,20816.42,20857.71,20544.96,20248.16,19868.1,4344.85,91億,198億,239億,147億
2024/5/14,20835.95,20994.53,20816.77,20985.85,20593.99,20274.96,19916.26,4763.83,245億,443億,315億,70億
2024/5/15,20984.7,21308.32,20984.7,21147.21,20669.05,20337.22,19957.97,4988.12,266億,709億,419億,153億
2024/5/16,21319.02,21515.52,21249.88,21304.26,20777.23,20391.77,20002.93,5362.62,370億,1079億,547億,177億
2024/5/17,21346.75,21346.75,21218.34,21258.47,20870.05,20439.63,20046.64,4233.07,11億,1090億,158億,147億
2024/5/20,21278.38,21338.35,21102.18,21271.63,20944.88,20526.86,20088.61,4509.96,-12億,1078億,157億,169億
2024/5/21,21239.26,21307.08,21131.62,21236.75,21003.2,20618.13,20131.28,3792.87,-27億,1051億,98億,125億
2024/5/22,21248.99,21567.48,21248.99,21551.83,21088.33,20715.76,20176.27,4488.22,320億,1370億,398億,79億
2024/5/23,21668.84,21668.84,21475.99,21607.43,21193,20789.55,20221.57,5196.62,203億,1574億,320億,117億
2024/5/24,21442.67,21608.72,21381.25,21565.34,21278.65,20874.94,20265.19,4242.52,74億,1648億,213億,139億
2024/5/27,21699.98,21871.34,21699.98,21803.77,21373.25,20959.1,20314.35,5032.41,120億,1767億,246億,126億
2024/5/28,21812.2,21937.4,21812.2,21858.41,21460.51,21027.25,20362.54,4849.12,-17億,1750億,192億,209億
2024/5/29,21846.41,21906.1,21662.5,21662.5,21512.04,21090.54,20407.99,4925.7,-285億,1465億,166億,451億
2024/5/30,21481.39,21558.36,21364.24,21364.48,21518.06,21147.65,20442.31,4309.05,-451億,1015億,117億,568億
2024/5/31,21400.83,21539.03,21174.22,21174.22,21509.64,21189.84,20472.1,6894.85,-389億,626億,426億,815億
2024/6/3,21388.71,21612.54,21372.08,21536.76,21536.15,21240.51,20506.05,4399.76,-19億,606億,161億,180億
2024/6/4,21513.85,21529.98,21308.97,21356.62,21548.14,21275.67,20533.77,4539.45,-335億,272億,140億,475億
2024/6/5,21385,21510.86,21264.63,21484.88,21541.44,21314.89,20562.09,4112.59,-176億,96億,133億,309億
2024/6/6,21856.13,21970.63,21847.68,21902.7,21570.97,21381.98,20598.37,4863.03,184億,280億,283億,98億
2024/6/7,21823.62,21920.85,21823.62,21858.38,21600.27,21439.46,20630.77,4607.02,-62億,218億,163億,225億
2024/6/11,21984.42,22003.71,21792.12,21792.12,21599.11,21486.18,20661.83,5178.94,-307億,-88億,135億,442億
2024/6/12,21841.81,22094.94,21841.81,22048.96,21618.16,21539.34,20697.01,4571.44,147億,58億,290億,143億
2024/6/13,22217.64,22440.1,22211.08,22312.04,21683.12,21597.58,20740.84,5283.35,267億,325億,408億,141億
2024/6/14,22311.93,22504.72,22252.02,22504.72,21797.14,21657.6,20784.59,5082.59,210億,535億,352億,142億
2024/6/17,22468.11,22567.34,22431.26,22496.53,21929.37,21719.5,20828.58,4536.6,-123億,412億,147億,269億
2024/6/18,22690.34,22787.67,22642.94,22757.43,22051.44,21793.79,20878.12,4689.12,152億,564億,246億,93億
2024/6/19,22858.45,23275.3,22858.45,23209.54,22236.73,21892.43,20928.3,6180.91,350億,914億,517億,168億
2024/6/20,23196.69,23406.1,23180.7,23406.1,22428.85,21985.15,20981.26,5217.21,175億,1089億,335億,160億
2024/6/21,23193.9,23351.17,23151.15,23253.39,22563.92,22067.44,21032.28,6506.75,-206億,884億,414億,620億
2024/6/24,23124.31,23131.68,22813.7,22813.7,22659.45,22129.86,21077.07,5168.76,-507億,376億,189億,697億
2024/6/25,22695.15,22875.97,22503,22875.97,22767.84,22183.47,21121.66,4817.68,-218億,159億,178億,396億
2024/6/26,22938.57,23074.74,22893.75,22986.69,22861.61,22239.89,21169,4723.16,-78億,80億,248億,326億
2024/6/27,22859.93,22922.56,22765.16,22905.98,22921.01,22302.06,21212.52,4497.24,-189億,-109億,169億,357億
2024/6/28,22896.72,23142.4,22896.72,23032.25,22973.76,22385.45,21259.36,4481.99,84億,-25億,299億,216億
2024/7/1,23042.7,23187.88,23015.17,23058.57,23029.96,22479.67,21302.56,4354.72,-19億,-44億,158億,176億
2024/7/2,23012.74,23041.9,22833.78,22879.37,23042.16,22546.8,21344.92,4908.74,-341億,-385億,173億,514億
2024/7/3,23009.82,23172.43,22994.28,23172.43,23038.45,22637.59,21390.83,5041.61,147億,-238億,308億,161億
2024/7/4,23360.88,23571.82,23360.88,23522.53,23050.09,22739.47,21436.27,5496,392億,154億,521億,129億
2024/7/5,23532.01,23628.86,23491.79,23556.59,23080.41,22822.16,21482.82,4948.01,-40億,114億,156億,196億
2024/7/8,23550.64,24011.64,23505.86,23878.15,23186.85,22923.15,21534.9,5665.31,-73億,41億,206億,278億
2024/7/9,23888.2,24126.66,23607.92,23900.08,23289.26,23028.55,21587.63,6094.28,-110億,-68億,176億,286億
2024/7/10,23744.88,24040.61,23682.49,24007.08,23391.3,23126.46,21646.92,5274.29,-32億,-101億,174億,207億
2024/7/11,24242.03,24416.67,24151.8,24390.03,23539.71,23230.36,21721.72,5761.84,41億,-60億,177億,136億
2024/7/12,23955.67,24045.73,23774.22,23916.93,23628.18,23300.97,21783.45,6008.06,-435億,-495億,191億,626億
2024/7/15,23927.91,24018.31,23759.51,23879.36,23710.26,23370.11,21843.08,4741.66,-168億,-664億,95億,263億
2024/7/16,23880.33,24174.18,23861.77,23997.25,23822.04,23432.1,21917.58,4794.72,-68億,-731億,126億,194億
2024/7/17,23827.27,23993.68,23650.94,23769.82,23881.78,23460.11,21990.23,5596.26,-396億,-1127億,114億,510億
2024/7/18,23373.01,23450.91,23148.74,23398.47,23869.38,23459.73,22053.55,6052.77,-519億,-1646億,174億,693億
2024/7/19,23228.04,23235.82,22865.84,22869.26,23800.64,23440.53,22099.17,5651.14,-670億,-2317億,138億,808億
2024/7/22,22818.86,22818.86,22130.88,22256.99,23638.53,23412.69,22139.16,5694.26,-182億,-2499億,200億,382億
2024/7/23,22514.75,22871.84,22514.75,22871.84,23535.7,23412.48,22185.02,4058.35,48億,-2451億,237億,189億
2024/7/26,22206.93,22206.93,21889.61,22119.21,23346.92,23369.11,22212.08,4910.73,-847億,-3298億,176億,1023億
2024/7/29,22321.37,22471.4,22128.14,22164.49,23124.36,23332.04,22241.55,4091.95,-138億,-3436億,168億,306億
2024/7/30,22040.04,22276.39,21833.85,22223.57,22955.03,23291.6,22274.9,3940.14,-217億,-3653億,145億,362億
2024/7/31,22088.78,22315.31,22046.29,22199.35,22787.03,23248.64,22306.05,3880.65,-142億,-3795億,125億,267億
2024/8/1,22546.4,22652.21,22465.06,22642.1,22651.51,23236.78,22341.36,4418.53,131億,-3664億,319億,188億
2024/8/2,22141.2,22141.2,21636.22,21638.09,22438.34,23160.06,22357.77,5425.62,-1076億,-4740億,195億,1271億
2024/8/5,20982.92,20982.92,19783.5,19830.88,22081.58,22975.48,22343.28,6679.17,-843億,-5583億,229億,1072億
2024/8/6,20344.39,20751.5,19662.74,20501.02,21844.75,22822.7,22342.28,6520.73,219億,-5365億,409億,191億
2024/8/7,20638.28,21306.23,20638.28,21295.28,21748.58,22693.56,22352.06,4537.38,44億,-5321億,232億,188億
2024/8/8,21047.16,21074.19,20723.26,20870.1,21548.41,22542.06,22352.26,4136.1,-410億,-5730億,122億,531億
2024/8/9,21212,21613.76,21212,21469,21483.39,22415.15,22360.32,4657.07,239億,-5491億,451億,211億
2024/8/12,21598.93,21897.98,21598.93,21773.26,21444.27,22284.31,22370.75,3909.06,182億,-5308億,324億,141億
2024/8/13,21816.07,21866.63,21698.47,21796.57,21401.57,22178.3,22378.95,3489.92,-45億,-5354億,154億,199億
2024/8/14,21952.03,22155.29,21942.22,22027.25,21384.36,22085.69,22391.77,4183.46,196億,-5158億,361億,165億
2024/8/15,22005.69,22089.04,21895.17,21895.17,21309.66,21980.59,22402.16,3305.92,-12億,-5170億,124億,136億
2024/8/16,22114.72,22374.94,22114.72,22349.33,21380.79,21909.56,22420.7,4273.29,538億,-4631億,640億,102億
2024/8/19,22338.83,22485.91,22307.17,22409.63,21638.66,21860.12,22435,3254.31,1649萬,-4631億,167億,167億
2024/8/20,22464.07,22545.89,22369.25,22429.1,21831.47,21838.11,22448.69,3588.08,4億,-4627億,143億,139億
2024/8/21,22316.78,22358.88,22165.82,22237.89,21925.73,21837.16,22459.9,3446.43,-190億,-4817億,142億,331億
2024/8/22,22254.59,22315.92,22096.26,22148.83,22053.6,21801.01,22465.65,2983.33,-114億,-4930億,65億,179億
2024/8/23,22042.59,22159.27,21935.98,22158.05,22122.51,21802.95,22470.65,3142.55,9億,-4921億,130億,122億
2024/8/26,22250.49,22449.45,22164.53,22240.12,22169.19,21806.73,22480.28,3523.52,-43億,-4964億,147億,189億
2024/8/27,22179.21,22205.11,22059.51,22185,22208.04,21804.8,22493.95,2935.61,-101億,-5065億,89億,190億
2024/8/28,22210.57,22370.66,22108.86,22370.66,22242.38,21813.37,22513.89,3163.11,-64億,-5129億,116億,179億
2024/8/29,22136.31,22273.62,22010.89,22201.85,22273.05,21791.35,22524.98,3419.12,-180億,-5309億,120億,300億
2024/8/30,22230.07,22342.25,22230.07,22268.09,22264.92,21822.85,22540.17,4194.69,-21億,-5330億,231億,252億
2024/9/2,22341.9,22439.31,22178.04,22235.1,22247.47,21943.07,22552.67,2945.64,-171億,-5501億,73億,243億
2024/9/3,22240.11,22303.5,22092.21,22092.21,22213.78,22022.62,22555.83,2975.29,-99億,-5600億,80億,179億
2024/9/4,21574.65,21574.65,20922.17,21092.75,22099.27,22012.5,22543.07,5075.32,-1044億,-6644億,188億,1232億
2024/9/5,21271.09,21488.81,21150.99,21187.71,22003.15,22028.38,22533,3299.47,-244億,-6888億,103億,347億
2024/9/6,21255.45,21461.71,21125.14,21435.19,21930.87,22026.69,22522.77,2755.44,-4億,-6892億,148億,153億
2024/9/9,21127.81,21163.91,20922.51,21144.44,21821.3,21995.25,22503.31,3092.44,-416億,-7308億,128億,544億
2024/9/10,21252.57,21324.43,20977,21064.08,21709.21,21958.62,22479.3,3346.49,-246億,-7554億,121億,367億
2024/9/11,21089.18,21134.05,21031,21031,21575.24,21908.81,22454.87,2385.11,-48億,-7602億,81億,129億
2024/9/12,21373.64,21706.85,21373.64,21653.25,21520.38,21896.71,22436.47,3160.3,411億,-7191億,487億,76億
2024/9/13,21754.36,21796.39,21643.22,21759.65,21469.54,21867.23,22412.3,2535.39,35億,-7156億,145億,110億
2024/9/16,21800,21854.74,21736.7,21850.08,21431.04,21839.25,22386.37,2355.98,-25億,-7181億,104億,129億
2024/9/18,21813.54,21859.16,21584.63,21678.84,21389.7,21801.74,22360.13,3366.58,-202億,-7383億,126億,329億
2024/9/19,21675.4,22042.69,21656.66,22042.69,21484.69,21791.98,22347.28,3345.67,316億,-7068億,438億,123億
2024/9/20,22246.24,22354.54,22136.53,22159.42,21581.86,21792.51,22335.33,4760.49,264億,-6803億,399億,135億
2024/9/23,22170.94,22307.46,22170.94,22285.53,21666.9,21798.88,22323.65,3051.73,197億,-6607億,283億,87億
2024/9/24,22273.79,22431.78,22154.55,22431.78,21795.63,21808.47,22315.74,3527.72,139億,-6468億,245億,106億
2024/9/25,22569.29,22785.32,22569.29,22761.6,21965.38,21837.3,22311.23,4474.3,497億,-5970億,627億,130億
2024/9/26,22841.42,22961.77,22769.24,22858.81,22148.17,21861.7,22307.9,4475.61,259億,-5711億,342億,83億
2024/9/27,22978.97,23079.21,22806.83,22822.79,22265.12,21892.75,22306.96,4346.95,295億,-5416億,386億,91億
2024/9/30,22643.91,22691.23,22224.54,22224.54,22311.61,21890.57,22291.16,4051.54,-476億,-5892億,124億,600億
2024/10/1,22329.65,22446.86,22311.33,22390.39,22365.64,21898.34,22272.29,2861.82,-127億,-6020億,93億,221億
2024/10/4,22459.1,22493.05,22193.5,22302.71,22428.03,21908.86,22251.4,4155.73,-218億,-6237億,142億,359億
2024/10/7,22479.24,22719.07,22479.24,22702.56,22494.01,21989.35,22231.8,3879.25,132億,-6105億,291億,159億
2024/10/8,22691.32,22691.32,22418.38,22611.39,22539.21,22060.54,22210.32,3868.4,-251億,-6356億,112億,362億
2024/10/9,22637.17,22885.95,22637.17,22659.08,22576.57,22121.73,22187.86,4188.96,154億,-6202億,287億,133億
2024/10/11,22726.19,23011.11,22726.19,22901.64,22623.55,22209.59,22163.05,3628.51,242億,-5959億,336億,93億
2024/10/14,22947.32,23015.55,22799.14,22975.29,22644.92,22305.15,22147.36,3224.45,124億,-5836億,199億,76億
2024/10/15,23083.7,23353.91,23082.06,23292.04,22688.24,22418.2,22137.57,4281.57,374億,-5461億,456億,82億
2024/10/16,22990.64,23258.52,22866.73,23010.98,22707.06,22486.09,22121.13,4273.24,-260億,-5721億,161億,421億
2024/10/17,23114.21,23191.79,22950.7,23053.84,22789.99,22550.8,22109.2,3815.82,28億,-5693億,199億,171億
2024/10/18,23620.57,23713.7,23378.36,23487.27,22899.68,22632.66,22110.68,5001.81,430億,-5263億,619億,189億
2024/10/21,23602.98,23678.51,23480.06,23542.53,23023.66,22725.84,22121.9,3647.59,150億,-5114億,259億,109億
2024/10/22,23428.11,23535.43,23269.86,23535.43,23106.95,22800.48,22143.21,3840.78,55億,-5059億,208億,153億
2024/10/23,23402.24,23486.45,23318.84,23334.76,23179.29,22859.25,22150.92,3418.6,-136億,-5195億,130億,266億
2024/10/24,23446.64,23446.64,23150.77,23192.52,23232.63,22904.6,22168.81,3764,-196億,-5391億,112億,308億
2024/10/25,23255.07,23388.53,23222.77,23348.45,23277.31,22950.43,22188.54,3071.61,93億,-5298億,219億,126億
2024/10/28,23455.69,23547.12,23164.42,23198.07,23299.59,22972.25,22204.78,3354.1,-45億,-5342億,163億,208億
2024/10/29,23048.45,23056.57,22711.1,22926.59,23263.04,22975.64,22216.9,3514.76,-377億,-5720億,82億,459億
2024/10/30,22985.13,23116.33,22801.45,22820.43,23243.99,22975.53,22219.88,3392.43,-38億,-5758億,183億,221億
2024/11/1,22438.93,22828.98,22231.94,22780.08,23216.61,23003.3,22238.91,4262.18,-126億,-5884億,244億,370億
2024/11/4,22839.18,23020.99,22792.77,22965.39,23164.43,23032.05,22291.15,3175.44,36億,-5848億,173億,138億
2024/11/5,22870.11,23178.8,22849.83,23106.79,23120.85,23072.26,22334.58,3345.43,188億,-5661億,269億,81億
2024/11/6,23112.95,23439.39,23035.3,23217.38,23089.05,23098,22366.62,4087.6,165億,-5495億,316億,151億
2024/11/7,23180.01,23518.63,23132.94,23408.82,23096.45,23137.87,22408.93,4324.61,274億,-5221億,395億,121億
2024/11/8,23608.11,23699.7,23509.13,23553.89,23132.59,23182.61,22443.68,4315.46,162億,-5059億,282億,120億
2024/11/11,23477.75,23563.8,23306.66,23529.64,23150.71,23214.01,22472.95,3642.5,-32億,-5091億,133億,165億
2024/11/12,23276.76,23276.76,22981.77,22981.77,23129.08,23214.33,22492.7,4510.5,-494億,-5585億,142億,636億
2024/11/13,22894.91,23046.47,22860.23,22860.23,23122.44,23192.74,22506.59,3903.49,-353億,-5938億,135億,488億
2024/11/14,22821.04,22893.82,22619.71,22715.38,23111.94,23177.96,22520.26,4107.46,-306億,-6245億,154億,461億
2024/11/15,22767.11,22940.8,22690.77,22742.77,23108.21,23162.41,22526.81,4168.83,-53億,-6297億,242億,295億
2024/11/18,22693.96,22781.77,22503.69,22546.54,23066.32,23115.37,22529.1,3567.69,-179億,-6477億,162億,341億
2024/11/19,22614.74,22906.69,22578.75,22848.8,23040.52,23080.69,22536.09,3611.44,106億,-6371億,253億,147億
2024/11/20,22872.91,22977.56,22622.47,22688.36,22987.62,23038.33,22543.6,3864.8,-247億,-6617億,155億,401億
2024/11/21,22671.66,22708.57,22490.28,22555.66,22902.3,22999.38,22550.38,3564.61,-164億,-6781億,179億,342億
2024/11/22,22799.53,23019.04,22799.53,22904.32,22837.35,22984.97,22562.82,3564.42,125億,-6656億,214億,89億
2024/11/25,22996.05,23172.43,22948.37,22948.37,22779.22,22964.96,22574.62,4828.41,128億,-6529億,416億,288億
2024/11/26,22789.6,22832.11,22645.13,22678.76,22748.92,22939,22582.85,3176.66,-302億,-6831億,109億,412億
2024/11/27,22665.58,22743.99,22334.78,22334.78,22696.37,22909.41,22582.25,3828.59,-474億,-7305億,117億,591億
2024/11/28,22380.45,22413.25,22124.31,22298.9,22654.73,22883.33,22583.87,3336.93,-159億,-7464億,81億,240億
2024/11/29,22202.28,22429.86,22055.38,22262.5,22606.7,22857.45,22583.78,3154.02,-194億,-7658億,179億,373億
2024/12/2,22456.5,22802.53,22456.5,22736.93,22625.74,22846.03,22592.14,3192.07,183億,-7475億,270億,88億
2024/12/3,22972.3,23144.78,22972.3,23027.46,22643.6,22842.06,22607.73,4040.93,328億,-7147億,449億,122億
2024/12/4,23126.08,23255.33,23034.7,23255.33,22700.3,22843.96,22643.77,3668.79,293億,-6854億,378億,85億
2024/12/5,23308.29,23387.17,23225.31,23267.94,22771.53,22836.92,22678.44,3857.08,150億,-6704億,315億,165億
2024/12/6,23278.68,23361.12,23137.62,23193.27,22800.42,22818.89,22707.74,3702.8,58億,-6646億,188億,130億
2024/12/9,23287.79,23325.99,23172.22,23273.25,22832.91,22806.07,22743.22,3693.79,29億,-6617億,185億,156億
2024/12/10,23228.26,23329.01,23071.43,23125.08,22877.54,22813.23,22777.57,3562.4,-111億,-6728億,105億,216億
2024/12/11,23108.36,23108.36,22880.57,22903.63,22934.43,22815.4,22808.78,3391.62,-170億,-6898億,116億,286億
2024/12/12,23050.64,23189.29,23030.48,23046.8,23009.22,22831.97,22832.01,3614.27,70億,-6828億,166億,96億
2024/12/13,23002.37,23097.52,22920.84,23020.48,23085.02,22845.86,22853.02,3550.35,-53億,-6881億,134億,187億
2024/12/16,23207.21,23264.4,22959.91,23039.9,23115.31,22870.53,22872.85,4221.36,19億,-6862億,222億,204億
2024/12/17,23131.57,23223.51,23018.01,23018.01,23114.37,22878.99,22895.17,4105.57,71億,-6791億,355億,284億
2024/12/18,23014.43,23211.17,22934.59,23168.67,23105.7,22903,22913.94,4112.83,-6877萬,-6792億,213億,214億
2024/12/19,22947.56,22947.56,22743.3,22932.25,23072.13,22921.83,22926.82,4218.59,-326億,-7118億,157億,483億
2024/12/20,22798.39,22845.59,22510.25,22510.25,23003.83,22902.13,22930.56,4794.87,-433億,-7552億,179億,613億
2024/12/23,22811.56,23132.25,22811.56,23104.54,22986.96,22909.94,22941.78,3611.37,373億,-7179億,539億,166億
2024/12/24,23260.74,23326.25,23120.24,23120.24,22986.48,22932.01,22947.75,3471.85,152億,-7027億,292億,140億
2024/12/25,23226.35,23296.36,23159.36,23220.13,23018.13,22976.28,22953.78,3101.19,148億,-6879億,260億,112億
2024/12/26,23276.08,23320.62,23241.94,23246.94,23038.14,23023.68,22960.85,3066.58,71億,-6808億,180億,109億
2024/12/27,23251.28,23335.66,23204.35,23275.68,23063.66,23074.34,22978.36,2925.05,61億,-6747億,175億,114億
2024/12/30,23274.26,23331.67,23159.7,23190.2,23078.69,23097,22991.69,2744.56,-84億,-6831億,154億,238億
2024/12/31,23094.07,23123.96,22972.99,23035.1,23080.4,23097.38,23003.9,2731.48,-168億,-6999億,130億,298億
2025/1/2,22975.71,23038.08,22713.63,22832.06,23046.74,23076.22,23006.06,3786.48,-411億,-7410億,134億,545億
2025/1/3,23018.56,23092.07,22905.4,22908.3,23044.34,23058.24,23011.01,3367.65,2億,-7408億,210億,208億
2025/1/6,23131.79,23553.29,23131.79,23547.71,23148.09,23075.96,23025.82,4234.19,608億,-6800億,741億,133億
2025/1/7,23824.72,23943.95,23651.27,23651.27,23202.76,23094.86,23038.31,4387.29,187億,-6614億,319億,132億
2025/1/8,23522.29,23671.28,23388.63,23407.33,23231.47,23108.97,23045.51,3708.95,-167億,-6781億,140億,307億
2025/1/9,23406.72,23463.96,23081.13,23081.13,23217.57,23117.85,23042,3925.47,-346億,-7127億,117億,463億
2025/1/10,23067.46,23202.25,22989.67,23011.86,23194.06,23116.1,23042.01,3425.12,-218億,-7345億,65億,283億
2025/1/13,23070.32,23070.32,22458.22,22488.33,23115.33,23089.5,23032.59,4610.64,-617億,-7962億,118億,735億
2025/1/14,22573.96,22797.52,22542.93,22797.52,23076.06,23077.38,23021.09,2808.59,-91億,-8053億,146億,237億
2025/1/15,22757.46,22777.34,22509.65,22514.57,23024.01,23052.2,23003.96,3011.45,-294億,-8347億,77億,371億
2025/1/16,22817.52,23147.69,22817.52,23025.1,23043.31,23045.03,22995.45,3418,307億,-8041億,421億,114億
2025/1/17,23190.12,23209.88,22905.53,23148.08,23067.29,23055.82,22992.34,3279.2,53億,-7987億,231億,178億
2025/1/20,23203.47,23346.64,23176.43,23266.82,23039.2,23093.65,22993.58,2796.24,141億,-7846億,241億,100億
2025/1/21,23266.49,23377.64,23174.02,23300.01,23004.08,23103.42,22992.77,2621.5,-4億,-7850億,143億,146億
2025/1/22,23472.67,23642.08,23472.67,23525.41,23015.88,23123.68,22998.23,3575.34,184億,-7666億,298億,114億
2025/2/3,22796.71,22796.71,22502.2,22694.71,22977.24,23097.41,22994.36,5247.61,-701億,-8367億,178億,879億
2025/2/4,22836.27,22934.31,22720.62,22793.96,22955.45,23074.76,22993.92,4222.14,-177億,-8544億,177億,354億
2025/2/5,22916.38,23249.33,22916.38,23161.58,23022.78,23069.05,23000.28,3586.38,291億,-8253億,377億,86億
2025/2/6,23226.5,23348.42,23216.65,23316.6,23074.68,23075.37,23006.13,3410.11,110億,-8143億,259億,149億
2025/2/7,23289.97,23478.27,23254.17,23478.27,23171.05,23097.53,23012.33,3619.24,243億,-7900億,305億,62億
2025/2/10,23421.77,23448.16,23163.85,23252.14,23193.76,23118.54,23012.91,3344.6,-169億,-8069億,95億,264億
2025/2/11,23321.92,23485.51,23289.76,23384.05,23217.36,23142.32,23012.49,3546.52,134億,-7936億,224億,90億
2025/2/12,23449.31,23528.61,23289.75,23289.75,23219.65,23129.42,23008.09,3779.26,14億,-7922億,164億,150億
2025/2/13,23263.28,23413.1,23206.45,23399.41,23229.59,23116.83,23005.92,3860.15,104億,-7818億,248億,144億
2025/2/14,23198.39,23276.24,23142.95,23152.61,23192.31,23104.1,23008.77,4146.05,-197億,-8015億,121億,318億
2025/2/17,23258.17,23510.68,23242.84,23505.33,23273.37,23125.31,23019.52,3715.92,311億,-7704億,438億,127億
2025/2/18,23550.5,23666.11,23454.09,23666.11,23360.59,23158.02,23035.36,3392.65,76億,-7628億,191億,115億
2025/2/19,23589.44,23683.46,23550.99,23604.08,23404.84,23213.81,23049.72,3893.94,-14億,-7642億,145億,158億
2025/2/20,23530.97,23576.71,23400.75,23487.46,23421.92,23248.3,23065.4,3908.3,-126億,-7767億,151億,277億
2025/2/21,23526.13,23732.58,23488.42,23730.25,23447.12,23309.09,23080.09,3997.59,215億,-7552億,298億,83億
2025/2/24,23573.8,23605.22,23461.43,23565.31,23478.44,23336.1,23094.71,3732.37,-104億,-7655億,137億,241億
2025/2/25,23376.42,23376.42,23209.53,23285.72,23468.6,23342.98,23106.88,4119.23,-450億,-8106億,138億,588億
2025/2/26,23221.84,23431.24,23156.02,23402.55,23479.88,23349.77,23115.18,3831.04,-54億,-8160億,187億,242億
2025/2/27,23446.46,23487.73,23053.18,23053.18,23445.26,23337.42,23116.93,5497.06,-488億,-8649億,161億,649億
2025/3/3,22734.05,22775.02,22611.1,22756.25,23405.62,23298.97,23118.22,4392.48,-484億,-9132億,169億,652億
2025/3/4,22508.8,22700.94,22359.5,22596.88,23314.78,23294.07,23122.59,4154.66,-443億,-9575億,115億,558億
2025/3/5,22778.86,22948.3,22757.22,22871.9,23235.36,23297.97,23132.14,3695.03,-87億,-9662億,118億,205億
2025/3/6,22930.11,22979.97,22715.43,22715.43,23146.49,23275.66,23139.69,3601.37,-186億,-9849億,123億,309億
2025/3/7,22696.23,22747.11,22542.08,22576.07,23055.35,23238.64,23137,3668.9,-268億,-1兆,99億,367億
2025/3/10,22548.98,22641.25,22407.57,22459.15,22928.24,23187.68,23127.53,3546.57,-220億,-1兆,99億,319億
2025/3/11,22126.06,22140.39,21769.57,22071.09,22778.82,23128.63,23107.8,4286.81,-453億,-1兆,160億,613億
2025/3/12,22171.1,22391.47,22153.61,22278.36,22678.09,23073.34,23091.3,3505,-112億,-1兆,129億,241億
2025/3/13,22403.34,22552.43,21961.68,21961.68,22534,23006.94,23070.78,3784.64,-211億,-1兆,108億,319億
2025/3/14,21986.81,22074.03,21895.9,21968.05,22425.49,22935.37,23049.02,3480.17,-82億,-1兆,179億,261億
2025/3/17,22137.53,22306.83,22110.08,22118.63,22361.72,22883.67,23032.25,3102.2,-18億,-1兆,190億,208億
2025/3/18,22204.62,22327.1,22186.42,22271.67,22329.2,22821.99,23021.72,2827.21,75億,-1兆,223億,148億
2025/3/19,22245.42,22247.66,21942.69,21960.83,22238.1,22736.73,23003.62,3166.52,-294億,-1兆,99億,393億
2025/3/20,22171,22377.26,22171,22377.26,22204.28,22675.39,22992.9,2779.52,235億,-1兆,309億,74億
2025/3/21,22362.38,22366.95,22200.23,22209.1,22167.58,22611.47,22979.05,3329.39,-151億,-1兆,214億,366億
2025/3/24,22348.38,22380.73,22106.64,22106.64,22132.33,22530.29,22963.86,2508.29,-112億,-1兆,57億,169億
2025/3/25,22269.37,22414.02,22228.68,22273.19,22152.54,22465.68,22948.93,2567.67,97億,-1兆,179億,82億
2025/3/26,22327.61,22398.12,22235.89,22260.29,22150.73,22414.41,22937.74,2229.47,23億,-1兆,174億,151億
2025/3/27,22093.2,22093.2,21919.4,21951.76,22149.74,22341.87,22928.43,2793.06,-328億,-1兆,123億,451億
2025/3/28,21836.16,21836.16,21525.05,21602.89,22113.23,22269.36,22903.4,3265.74,-361億,-1兆,121億,482億
2025/3/31,21254.63,21254.63,20695.9,20695.9,21970.95,22166.34,22862.99,4372.6,-431億,-1兆,169億,600億
2025/4/1,20884.53,21315.52,20884.53,21280.17,21871.8,22100.5,22830.66,2778.79,82億,-1兆,216億,134億
2025/4/2,21313.77,21390.52,21235.99,21298.22,21805.54,22021.82,22798.18,2399.23,-45億,-1兆,77億,122億
2025/4/7,20153.57,20153.57,19212.02,19232.35,21491.05,21847.67,22730.79,1660.23,108億,-1兆,210億,101億
2025/4/8,19064.47,19064.47,18180.48,18459.95,21116.14,21641.86,22651.96,5774.57,-458億,-1兆,179億,637億
2025/4/9,18337.44,18371.52,17306.97,17391.76,20644.65,21388.49,22557.9,5897.21,-387億,-1兆,179億,565億
2025/4/10,18256.47,19024.47,18256.47,19000.03,20317.33,21234.94,22494.03,2084.38,-82億,-1兆,224億,306億
2025/4/11,18772.5,19528.77,18418.2,19528.77,20044.18,21097.46,22437.71,5268.29,153億,-1兆,439億,287億
2025/4/14,19686.68,20023.63,19508.93,19513.09,19800.31,20975.03,22370.46,4747.02,-243億,-1兆,193億,435億
2025/4/15,19609.9,19895.43,19576.15,19857.67,19625.79,20869.51,22307.24,3053.35,-28億,-1兆,153億,181億
2025/4/16,19737.09,19737.09,19453.14,19468,19503,20736.98,22241.58,2963.62,-266億,-1兆,131億,397億
2025/4/17,19389.52,19478,19196.47,19338.73,19308.86,20590.33,22179.21,2574.01,-142億,-1兆,106億,249億
2025/4/18,19423.98,19499.28,19376.35,19395.03,19118.54,20462.04,22118.93,2015.58,-118億,-1兆,82億,200億
2025/4/21,19321.14,19359.96,19080.6,19106.2,19105.92,20298.49,22062.56,2135.54,-31億,-1兆,79億,110億
2025/4/22,18990.86,19059.65,18793.43,18793.43,19139.27,20127.7,21995.82,2498.94,-88億,-1兆,95億,183億
2025/4/23,19163.61,19639.14,19163.61,19639.14,19364.01,20004.33,21947.9,2753.9,237億,-1兆,310億,73億
2025/4/24,19752.59,19752.59,19433.37,19478.81,19411.89,19864.61,21888.8,2489.03,-70億,-1兆,85億,155億
2025/4/25,19861.24,20012.27,19861.24,19872.73,19446.28,19745.23,21834.21,2982.79,235億,-1兆,313億,78億
2025/4/28,19972.07,20073.75,19972.07,20034.41,19498.42,19649.36,21780.33,2229.22,74億,-1兆,149億,75億
2025/4/29,20018.32,20232.63,20007.3,20232.63,19535.91,19580.85,21729.21,2500.23,84億,-1兆,169億,85億
2025/4/30,20215.39,20331.89,20185.31,20235.03,19612.61,19557.81,21674.37,2820.97,-85億,-1兆,212億,297億
2025/5/2,20534.08,20787.64,20534.08,20787.64,19757.51,19533.18,21642.59,3394.4,334億,-1兆,447億,113億
2025/5/5,20839.04,20885.54,20320.8,20532.99,19871.3,19494.92,21604.9,3964.77,75億,-1兆,328億,254億
2025/5/6,20353.88,20623.85,20349.56,20522.59,20012.94,19559.43,21560.92,3148.24,78億,-1兆,212億,134億
2025/5/7,20575.15,20685.28,20418.03,20546.49,20188.25,19663.76,21514.75,2762.94,28億,-1兆,219億,191億
2025/5/8,20559.65,20747.28,20543.4,20543.4,20278.67,19821.34,21465.84,2557.07,55億,-1兆,246億,192億
2025/5/9,20690.8,20915.04,20643.56,20915.04,20422.3,19917.09,21426.89,3030.44,209億,-1兆,298億,89億
2025/5/12,20996.95,21176.13,20996.95,21129.54,20547.98,19997.13,21389.31,2866.81,130億,-1兆,235億,105億
2025/5/13,21474.02,21626.28,21330.14,21330.14,20677.55,20087.98,21356.65,4146.59,177億,-1兆,300億,123億
2025/5/14,21552.42,21782.87,21552.42,21782.87,20832.57,20184.24,21329.71,4351.62,531億,-1兆,640億,109億
2025/5/15,21776.65,21821.01,21674.32,21730.25,20982.1,20297.35,21306,3525.83,83億,-1兆,206億,123億
2025/5/16,21731.88,21854.5,21697.85,21843.69,21087.7,20422.6,21278.31,3497.42,124億,-1兆,195億,71億
2025/5/19,21786.33,21786.33,21496.69,21523.83,21186.78,20529.04,21242.6,3362.89,-188億,-1兆,106億,295億
2025/5/20,21631.61,21746.56,21517.1,21526.03,21287.13,20650.03,21207.97,2809.7,-7383萬,-1兆,122億,123億
2025/5/21,21603.58,21879.24,21603.58,21803.91,21412.87,20800.56,21179.91,3046.51,268億,-1兆,367億,99億
2025/5/22,21733.82,21733.82,21585.31,21670.96,21525.63,20902.15,21145.59,3034.98,-40億,-1兆,147億,186億
2025/5/23,21766.24,21798.88,21559.78,21652.24,21599.35,21010.82,21113.7,3136.55,-81億,-1兆,136億,217億
2025/5/26,21577.64,21688.45,21536.57,21536.57,21640.05,21094.01,21084.55,3030.73,-4億,-1兆,196億,200億
2025/5/27,21491.65,21558.47,21310,21336.54,21640.69,21159.12,21050.12,3193.83,-193億,-1兆,174億,367億
2025/5/28,21539.15,21634.37,21305.73,21357.72,21598.17,21215.37,21021.86,3320.03,-44億,-1兆,221億,265億
2025/5/29,21531.29,21605.26,21347.3,21347.3,21559.88,21270.99,20998.38,4803.79,13億,-1兆,487億,475億
2025/6/2,21253.97,21256.1,20940.98,21002.71,21475.78,21281.74,20971.81,3578.57,-410億,-1兆,177億,587億
2025/6/3,21126.7,21303.21,21110.63,21126.93,21436.09,21311.44,20942.73,3559.62,44億,-1兆,255億,211億
2025/6/4,21341.44,21618.09,21341.44,21618.09,21445.3,21366.21,20924.44,4166.15,296億,-1兆,462億,166億
2025/6/5,21695.93,21738.93,21626.74,21674.43,21432.35,21422.61,20909.41,3703.33,31億,-1兆,176億,145億
2025/6/6,21637.77,21702.46,21606.7,21660.66,21431.32,21478.47,20896.1,3062.62,-45億,-1兆,136億,181億
2025/6/9,21773.45,21866.27,21717.52,21790.29,21445.12,21522.24,20891.42,3076.56,108億,-1兆,205億,98億
2025/6/10,21921.24,22294.86,21921.24,22242.14,21515.68,21577.87,20890.82,4026.03,516億,-1兆,628億,112億
2025/6/11,22376.37,22470.1,22294.6,22470.1,21629.04,21634.86,20899.29,4118.66,216億,-1兆,339億,123億
2025/6/12,22362.67,22390.17,22253.64,22287.82,21722.05,21660.11,20904.62,3499.64,29億,-1兆,250億,221億
2025/6/13,22215.5,22228.01,21984.36,22072.95,21794.61,21677.25,20903.86,3743.6,-40億,-1兆,151億,191億
2025/6/16,22058.57,22094.6,21936.38,22049.9,21899.33,21687.56,20900.16,2979.54,20億,-1兆,202億,182億
2025/6/17,22172.59,22331.69,22118.46,22211.59,22007.8,21721.94,20904.34,3740.13,30億,-1兆,218億,188億
2025/6/18,22135.83,22370.25,22104.68,22356.73,22081.66,21763.48,20904,3946.23,117億,-1兆,238億,121億
2025/6/19,22238.1,22249.4,21973.04,22003.5,22114.57,21773.46,20900.57,3377.28,-208億,-1兆,117億,325億
2025/6/20,21960.51,22089.48,21779.55,22045.74,22153.08,21792.2,20899.56,4633.62,-84億,-1兆,320億,404億
2025/6/23,21750.7,21801.32,21551.58,21732.02,22147.25,21796.19,20890.54,3140.69,-82億,-1兆,197億,279億
2025/6/24,22001.48,22201.05,22001.48,22188.76,22141.91,21828.8,20889.35,4012.71,248億,-1兆,394億,146億
2025/6/25,22341.87,22444.51,22284.52,22430.61,22137.96,21883.5,20897.33,4006.22,380億,-1兆,480億,100億
2025/6/26,22425.39,22587.67,22391.27,22492.34,22158.41,21940.23,20912.15,3995.89,127億,-1兆,367億,240億
2025/6/27,22503.85,22580.08,22388.59,22580.08,22209.13,22001.87,20943.55,3742.53,168億,-1兆,379億,211億
2025/6/30,22508.33,22558.95,22256.02,22256.02,22229.74,22064.54,20959.82,3653.89,17億,-1兆,258億,241億
2025/7/1,22419.74,22730.76,22401.58,22553.72,22263.95,22135.87,20980.74,4215.96,369億,-1兆,515億,147億
2025/7/2,22463.55,22577.74,22396.26,22577.74,22286.05,22183.86,21036.5,3041.22,62億,-1兆,185億,123億
2025/7/3,22707.41,22816.2,22700.86,22712.97,22357,22235.78,21107.38,3835.47,232億,-9837億,387億,155億
2025/7/4,22756.55,22842.75,22500.97,22547.5,22407.18,22280.13,21193.31,3308.91,-58億,-9895億,105億,163億
2025/7/7,22550.14,22550.5,22294.11,22428.72,22476.85,22312.05,21250.46,2687.82,-13億,-9908億,144億,157億
2025/7/8,22375.65,22375.65,22190.46,22362.27,22494.2,22318.05,21297.68,2825.43,30億,-9878億,135億,106億
2025/7/9,22253.17,22527.01,22211.1,22527.01,22503.84,22320.9,21347.91,3223.45,93億,-9785億,206億,113億
2025/7/10,22566.51,22699.29,22513.35,22693.25,22523.93,22341.17,21395.17,3271.24,148億,-9637億,228億,80億
2025/7/11,22602.81,22770.01,22601.95,22751.03,22541.02,22375.08,21449.89,3376.59,189億,-9448億,312億,123億
2025/7/14,22679.18,22735.23,22525.66,22614.97,22576.92,22403.33,21504.5,2813.13,-117億,-9566億,118億,235億
2025/7/15,22618.43,22888.23,22588.26,22835.94,22605.14,22434.55,21561.84,3197.16,178億,-9387億,314億,136億
2025/7/16,22967.51,23106.43,22923.12,23042.9,22651.66,22468.85,21627.46,3911.12,184億,-9204億,283億,99億
2025/7/17,23042.97,23159.54,22923.37,23113.28,22691.69,22524.34,21699.45,3434.17,73億,-9131億,186億,113億
2025/7/18,23345.72,23468.21,23276.02,23383.13,22775.25,22591.21,21761.85,3811.69,337億,-8794億,454億,117億
2025/7/21,23314.29,23403.83,23243.79,23340.56,22866.43,22671.64,21826.22,3162.05,-10億,-8804億,99億,109億
2025/7/22,23301.66,23486.08,22985.9,22987.92,22929,22711.6,21878.14,4487.75,45億,-8759億,283億,238億
2025/7/23,23063.57,23318.67,23063.57,23318.67,23008.17,22756,21932.87,3607.86,100億,-8660億,227億,127億
2025/7/24,23373.67,23455.09,23295.31,23373.73,23076.21,22800.07,21985.22,3481.43,106億,-8553億,218億,112億
2025/7/25,23454.59,23485.56,23308.45,23364.38,23137.55,22839.29,22037.38,3023.81,17億,-8537億,175億,159億
2025/7/28,23477.1,23564.44,23350.73,23412.98,23217.35,22897.13,22081.14,3231.87,80億,-8457億,180億,100億
2025/7/29,23414.36,23422.17,23094.67,23201.52,23253.91,22929.52,22125.61,3902.88,-86億,-8543億,104億,189億
2025/7/30,23288.72,23461.72,23264.64,23461.72,23295.79,22973.72,22174.6,3359.27,107億,-8435億,244億,137億
2025/7/31,23523.59,23631.11,23454.44,23542.52,23338.71,23015.2,22224.53,4117.47,143億,-8293億,229億,87億
2025/8/1,23318.37,23484.21,23168.27,23434.38,23343.84,23059.54,22272.71,4045.47,-110億,-8403億,141億,251億
2025/8/4,23260.18,23378.94,23151.65,23378.94,23347.68,23107.06,22313.78,3394,-60億,-8463億,169億,229億
2025/8/5,23498.4,23671.84,23498.4,23660.59,23414.94,23171.97,22355.96,3798.98,181億,-8282億,250億,68億
2025/8/6,23443.36,23557.49,23433.53,23447.36,23427.81,23217.99,22391.25,3610.46,-81億,-8363億,105億,186億
2025/8/7,23717.35,24050.54,23717.35,24003.77,23490.82,23283.51,22428.27,4669.73,409億,-7954億,517億,108億
2025/8/8,24026.65,24131.46,23967.99,24021.26,23556.5,23347.03,22466.45,4316.18,69億,-7885億,188億,119億
2025/8/11,23980.39,24249.05,23887.25,24135.5,23628.76,23423.05,22504.65,4367.43,101億,-7785億,236億,135億
2025/8/12,24182.84,24263.92,24065.43,24158.36,23724.44,23489.17,22548.55,4303.63,-40億,-7825億,195億,236億
2025/8/13,24232.04,24406.94,24172.19,24370.02,23815.27,23555.53,22595.95,5735.22,116億,-7709億,288億,173億
2025/8/14,24258.5,24389.51,24198.88,24238.1,23884.83,23611.77,22636.52,4861.89,-51億,-7760億,150億,201億
2025/8/15,24266.23,24385.56,24164.43,24334.48,23974.84,23659.34,22680.92,4538.04,55億,-7705億,185億,130億
2025/8/18,24272.55,24515.65,24257.3,24482.52,24085.2,23716.44,22728.09,4572.65,79億,-7626億,210億,131億
2025/8/19,24493.92,24551.42,24324.29,24353.5,24154.49,23784.72,22775.04,4773.5,-190億,-7816億,95億,285億
2025/8/20,24309.27,24309.27,23620.24,23625.44,24172.3,23800.05,22813.18,5717.74,-615億,-8431億,128億,742億
2025/8/21,23739.83,24011.5,23739.83,23962.13,24168.13,23829.47,22856.59,4201.8,-24億,-8454億,215億,239億
2025/8/22,24033.02,24071.65,23764.47,23764.47,24142.45,23849.48,22896.88,3691.56,-154億,-8609億,75億,229億
2025/8/25,24108.81,24362.02,24108.75,24277.38,24156.64,23892.7,22951.46,4310.23,290億,-8319億,390億,100億
2025/8/26,24237.36,24382.42,24113.03,24305.1,24171.31,23947.88,23004.43,5313.57,-43億,-8362億,276億,319億
2025/8/27,24449.81,24539.88,24410.08,24519.9,24186.3,24000.79,23052.79,4668.3,93億,-8270億,259億,167億
2025/8/28,24468.12,24502.37,24236.45,24236.45,24186.14,24035.48,23095.49,4487.77,-103億,-8372億,124億,226億
2025/8/29,24438.03,24570.15,24233.1,24233.1,24176,24075.42,23138.36,4780.43,-43億,-8415億,155億,198億
2025/9/1,24143.37,24312.83,23885.41,24071.73,24134.92,24110.06,23176.39,5222.19,-247億,-8663億,115億,363億
2025/9/2,24113.9,24295.03,23890.33,24016.78,24101.25,24127.87,23205.96,4195.83,-67億,-8729億,128億,195億
2025/9/3,24036.88,24103.23,23925.49,24100.3,24148.73,24160.51,23233.13,3747.19,55億,-8674億,205億,150億
2025/9/4,24235.27,24389.35,24168.16,24179.85,24170.51,24169.32,23264.67,4501.46,9億,-8666億,158億,149億
2025/9/5,24244.26,24494.58,24244.26,24494.58,24243.52,24192.98,23305.03,4261.38,195億,-8471億,316億,121億
2025/9/8,24610.85,24729.96,24547.38,24547.38,24270.52,24213.58,23346.65,4425.49,76億,-8395億,244億,168億
2025/9/9,24650.46,24880.07,24650.46,24855.18,24325.53,24248.42,23390.71,5118.09,262億,-8133億,387億,125億
2025/9/10,25032.88,25272.23,25032.88,25192.59,24392.79,24289.55,23437.98,5397.6,482億,-7651億,602億,121億
2025/9/11,25509.3,25541.44,25174.13,25215.71,24490.72,24338.43,23491.51,6090.5,261億,-7390億,379億,117億
2025/9/12,25349.7,25492.28,25349.7,25474.64,24614.87,24395.44,23548.66,4946.85,228億,-7162億,345億,117億
2025/9/15,25494.1,25519.94,25284.17,25357.16,24743.42,24439.17,23609.08,4075.64,-63億,-7224億,152億,215億
2025/9/16,25335.46,25664.81,25335.46,25629.64,24904.7,24502.98,23666.43,4548.38,243億,-6981億,385億,142億
2025/9/17,25543.91,25632.07,25422.96,25438.25,25038.5,24593.62,23716.56,4393.38,-88億,-7070億,163億,251億
2025/9/18,25543.17,25769.36,25475.25,25769.36,25197.45,24683.98,23771.17,4671.14,189億,-6881億,314億,126億
2025/9/19,25794.66,25864.01,25578.37,25578.37,25305.83,24774.67,23821.15,6193.13,-54億,-6935億,273億,326億
2025/9/22,25599.6,25887.69,25599.6,25880.6,25439.15,24854.83,23881.56,4817.48,-20億,-6954億,202億,221億
2025/9/23,26121,26307.3,26041.69,26247.37,25578.37,24951.95,23943.12,5467.26,144億,-6810億,233億,88億
2025/9/24,26389.16,26394.03,26045.47,26196.73,25678.78,25035.79,24003.43,5149.58,-176億,-6986億,118億,294億
2025/9/25,26067.97,26247.85,26023.85,26023.85,25759.6,25125.16,24058.61,5030.37,-22億,-7008億,205億,227億
2025/9/26,25998.28,25998.28,25469.04,25580.32,25770.17,25192.52,24109.16,4997.47,-313億,-7321億,78億,391億
2025/9/30,25738.31,25975.84,25738.31,25820.54,25816.5,25279.96,24165.69,4551.64,92億,-7229億,334億,242億
2025/10/1,26078.29,26325.79,25982.91,25982.91,25851.83,25378.27,24226.04,4687.05,44億,-7185億,252億,208億
2025/10/2,26392.31,26489.79,26330.25,26378.39,25945.84,25492.17,24290.22,5065.08,259億,-6925億,391億,132億
2025/10/3,26435.1,26761.06,26410.03,26761.06,26045.01,25621.23,24358.02,4798.95,226億,-6699億,317億,91億
2025/10/7,27029.28,27301.42,27017.08,27211.95,26208.37,25757.1,24432.37,5754.88,119億,-6581億,277億,158億
2025/10/8,26999.82,27110.43,26883.99,27063.68,26326.68,25882.92,24506.52,4710.69,-103億,-6684億,91億,194億
2025/10/9,27301.61,27463.12,27253.07,27301.92,26432.14,26005.25,24580.95,5824.16,111億,-6573億,267億,156億
2025/10/13,26762.6,26965.72,26470.44,26923.42,26504.8,26091.79,24645.62,6081.17,-560億,-7134億,127億,687億
2025/10/14,27282.1,27507.16,26764.06,26793.15,26581.73,26170.67,24706.95,7085.91,-237億,-7370億,149億,386億
2025/10/15,26911.05,27275.71,26773.15,27275.71,26751.27,26260.72,24771.83,5210.42,-80億,-7450億,145億,225億
2025/10/16,27337.32,27732.78,27337.32,27647.87,26934.01,26375.25,24843.62,5652.62,223億,-7228億,348億,125億
2025/10/17,27399.91,27513.09,27302.37,27302.37,27065.95,26458.89,24915.53,5562.71,-324億,-7552億,137億,461億
2025/10/20,27480.44,27768.27,27412.45,27688.63,27196.98,26571.41,24988.36,4987.8,174億,-7378億,317億,143億
2025/10/21,27742.55,27969.05,27742.55,27752.41,27296.11,26670.56,25061.34,5286.28,29億,-7349億,242億,213億
2025/10/22,27614.11,27725.83,27490.89,27648.91,27339.81,26774.09,25132.75,4628.84,-228億,-7577億,67億,295億
2025/10/23,27457.07,27586.85,27371.67,27532.26,27386.67,26856.67,25201.4,4343.34,-192億,-7769億,141億,332億
2025/10/27,28029.88,28196.33,27993.63,27993.63,27455.84,26943.99,25281.27,5639.82,439億,-7330億,551億,112億
2025/10/28,28041.01,28087.93,27885.62,27949.11,27558.41,27031.6,25356.06,5554.85,-249億,-7579億,189億,438億
2025/10/29,28157.91,28395.31,28139.65,28294.74,27708.56,27145.15,25435.26,5940.14,93億,-7485億,244億,150億
2025/10/30,28350.24,28527.68,28116.6,28287.53,27809.75,27280.51,25516.15,6333.13,-120億,-7605億,96億,216億
2025/10/31,28280.47,28489.76,28233.35,28233.35,27868.29,27401.15,25597.06,5759.75,-182億,-7787億,153億,335億
2025/11/3,28253.53,28494.99,28150.45,28334.59,27971.52,27518.73,25674.96,5812.77,-269億,-8057億,118億,387億
2025/11/4,28364.76,28554.61,28033.62,28116.56,28014.31,27605.64,25752.78,6040.7,-261億,-8318億,116億,378億
2025/11/5,27785.91,27799.09,27373.05,27717.06,28010.77,27653.44,25814.66,6191.78,-667億,-8985億,180億,847億
2025/11/6,27906.44,28061.53,27879.7,27899.45,28035.83,27687.82,25879.3,5141.58,-46億,-9031億,173億,219億
2025/11/7,27818.54,27818.54,27621.48,27651.41,28047.74,27717.2,25937.9,4865.83,-402億,-9433億,88億,490億
2025/11/10,27805.47,27976.89,27680.51,27869.51,28035.33,27745.58,25999.75,5039.9,101億,-9332億,352億,251億
2025/11/11,28031.54,28187.7,27784.95,27784.95,28018.92,27788.66,26056.67,5841.79,-120億,-9452億,127億,247億
2025/11/12,27853.47,28071.76,27799.92,27947.09,27984.15,27846.36,26118.48,5758.03,-38億,-9490億,215億,254億
2025/11/13,27867.59,28038.24,27811.81,27903.56,27945.75,27877.75,26177.97,6738.8,-29億,-9520億,214億,244億
2025/11/14,27816.45,27816.45,27383.34,27397.5,27862.17,27865.23,26226.55,6142.68,-638億,-1兆,132億,770億
2025/11/17,27600.74,27723.77,27447.31,27447.31,27773.44,27872.48,26278.11,5474.84,-103億,-1兆,165億,268億
2025/11/18,27310.4,27310.4,26756.12,26756.12,27637.4,27825.85,26330.29,6724.49,-667億,-1兆,164億,830億
2025/11/19,26708.28,26902.97,26580.12,26580.12,27523.7,27767.24,26373.93,5159.72,-334億,-1兆,142億,477億
2025/11/20,27212.91,27493.63,27183.03,27426.36,27476.39,27756.11,26434.96,5922.29,105億,-1兆,224億,118億
2025/11/21,26821.97,26821.97,26395.98,26434.94,27354.75,27701.24,26470.92,5817.1,-957億,-1兆,181億,1139億
2025/11/24,26596.03,26764.13,26482.33,26504.24,27218.22,27626.78,26507.57,7490.29,-268億,-1兆,383億,651億
2025/11/25,26995.9,27118.02,26793.71,26912.17,27130.94,27574.93,26547.44,4905.79,43億,-1兆,231億,187億
2025/11/26,27063.17,27409.54,27063.17,27409.54,27077.19,27530.67,26600.33,5233.29,156億,-1兆,329億,174億
2025/11/27,27517.24,27659.06,27436.59,27554.53,27042.28,27494.02,26655.68,5062.74,216億,-1兆,330億,114億
2025/11/28,27566.12,27796.9,27566.12,27626.48,27065.18,27463.67,26714.93,4894.11,31億,-1兆,314億,283億
2025/12/1,27674.16,27697.06,27342.53,27342.53,27054.7,27414.07,26770.36,4932.83,-285億,-1兆,114億,399億
2025/12/2,27550.35,27741.89,27477.1,27564.27,27135.52,27386.46,26828.09,4863.31,-7億,-1兆,145億,151億
2025/12/3,27605.63,27847.67,27605.63,27793.04,27256.81,27390.26,26888.31,4571.33,42億,-1兆,158億,116億
2025/12/4,27773.42,27880.23,27636.63,27795.71,27293.75,27385.07,26943.33,3978.04,-5億,-1兆,149億,154億
2025/12/5,27796.43,27980.89,27738.5,27980.89,27448.34,27401.54,27000.55,4570.45,289億,-1兆,438億,148億
2025/12/8,28034,28303.78,28026.39,28303.78,27628.29,27423.26,27058.03,4379.88,198億,-1兆,291億,93億
2025/12/9,28364.04,28390.24,28157.27,28182.6,27755.34,27443.14,27107.86,5242.48,-88億,-1兆,81億,169億
2025/12/10,28190.76,28417.09,28190.76,28400.73,27854.46,27465.82,27160.95,5088.28,155億,-1兆,245億,90億
2025/12/11,28385.23,28568.02,27984.19,28024.75,27901.48,27471.88,27203.45,5369.03,-219億,-1兆,104億,323億
2025/12/12,28097.54,28272.06,28071.34,28198.02,27958.63,27511.91,27250.8,4883.62,146億,-1兆,278億,132億
2025/12/15,28119.79,28119.79,27684.87,27866.94,28011.07,27532.89,27288.09,4515.32,-452億,-1兆,98億,550億
2025/12/16,27721.1,27740.66,27355.67,27536.66,28008.31,27571.92,27323.06,5469.71,-577億,-1兆,136億,714億
2025/12/17,27596.18,27780.69,27469.6,27525.17,27981.53,27619.17,27352.32,5246.83,-238億,-1兆,265億,503億
2025/12/18,27447.45,27569.44,27350.77,27468.53,27948.81,27621.28,27383.83,4598.91,-237億,-1兆,155億,391億
2025/12/19,27685.74,27869.78,27672.05,27696.35,27920.35,27684.35,27414.09,5681.98,44億,-1兆,400億,356億
2025/12/22,27986.66,28168.75,27986.66,28149.64,27904.94,27766.62,27445.79,5042.51,289億,-1兆,439億,150億
2025/12/23,28253.14,28350.37,28212.84,28310.47,27917.73,27836.53,27481.02,4316.48,-4億,-1兆,203億,208億
2025/12/24,28383.61,28486.38,28280.59,28371.98,27914.85,27884.65,27520.16,4387.72,105億,-1兆,216億,111億
2025/12/26,28443.48,28590.91,28404.34,28556.02,27967.98,27934.73,27569.75,4434.85,222億,-1兆,327億,105億
2025/12/29,28662.79,28841.64,28595.35,28810.89,28029.27,27993.95,27619.59,4686.4,208億,-1兆,341億,133億
2025/12/30,28723.82,28833.03,28553.64,28707.13,28113.28,28062.18,27664.99,4692.55,115億,-1兆,316億,202億
2025/12/31,28723.49,29009.81,28687.9,28963.6,28255.98,28132.15,27708.08,5479.18,36億,-1兆,293億,257億
2026/1/2,29016.68,29363.43,29007.75,29349.81,28438.44,28209.98,27751.23,6693.42,310億,-1兆,460億,150億
2026/1/5,29779.7,30339.32,29779.7,30105.04,28702.09,28325.45,27799.45,8003.76,289億,-1兆,528億,239億
2026/1/6,29933.65,30576.3,29933.65,30576.3,28990.09,28455.22,27857.99,7629.48,310億,-1兆,574億,265億
2026/1/7,30412.32,30570.26,30306.16,30435.47,29218.67,28561.81,27910.22,8813.3,-98億,-1兆,350億,448億
2026/1/8,30330.58,30593.49,30268.36,30360.55,29423.68,28670.7,27967.5,7589.73,-66億,-1兆,197億,263億
2026/1/9,30370.45,30500.42,29925.49,30288.96,29615.38,28765.11,28025.76,7038.37,10億,-1兆,236億,227億
2026/1/12,30472.7,30681.99,30472.7,30567.29,29816.5,28892.24,28080.62,6258.08,41億,-1兆,283億,242億
2026/1/13,30630.86,30973.85,30529.33,30707.22,30006.14,29017.7,28131.61,7481.96,236億,-1兆,339億,104億
2026/1/14,30742.53,30994.81,30742.53,30941.78,30229.6,29171.44,28192.27,6812.03,181億,-1兆,376億,196億
2026/1/15,30746.98,30877.31,30663.87,30810.58,30414.3,29335.14,28244.3,6714.52,-26億,-1兆,301億,327億
2026/1/16,30844.63,31475.22,30844.63,31408.7,30620.19,29529.32,28305.24,8510.2,392億,-1兆,626億,234億
2026/1/19,31336.77,31827.39,31285.53,31639.29,30773.61,29737.85,28371.75,8228.59,-284億,-1兆,193億,476億
2026/1/20,31584.34,31759.99,31340.1,31759.99,30891.98,29941.04,28442.21,7989.78,-95億,-1兆,335億,429億
2026/1/21,31749.14,31749.14,31200.76,31246.37,30973.07,30095.87,28496.42,8984.26,-634億,-1兆,130億,763億
2026/1/22,31371.13,31890.62,31371.13,31746.08,31111.63,30267.65,28559.7,8141.12,256億,-1兆,371億,115億
2026/1/23,31788.77,32042.44,31693.15,31961.51,31278.88,30447.13,28620.82,8179.68,284億,-1兆,414億,131億
2026/1/26,32002.56,32196.75,31989.86,32064.52,31428.6,30622.55,28683.77,7467.34,-68億,-1兆,157億,225億
2026/1/27,32095.08,32428.17,32095.08,32317.92,31589.67,30797.91,28751.84,8169.14,152億,-1兆,362億,210億
2026/1/28,32381.76,32803.82,32381.76,32803.82,31775.88,31002.74,28826.33,8529.91,214億,-1兆,402億,187億
2026/1/29,32828.02,32996.03,32472.45,32536.27,31948.45,31181.37,28899.99,9588.76,-203億,-1兆,264億,467億
2026/1/30,32555.52,32555.52,32004.96,32063.75,32013.95,31317.07,28972.44,9406.93,-430億,-1兆,243億,673億
2026/2/2,32008.46,32008.46,31359.95,31624.03,32012.43,31393.02,29034.51,7707.29,-536億,-1兆,142億,678億
2026/2/3,31737.66,32293.83,31737.66,32195.36,32055.96,31473.97,29110.25,8212.46,115億,-1兆,265億,149億
2026/2/4,32196.57,32380,31942.28,32289.81,32160.31,31566.69,29183.92,7041.88,128億,-1兆,379億,251億
2026/2/5,32241.64,32241.64,31769.08,31801.27,32165.83,31638.73,29250.86,7146.36,-744億,-1兆,157億,901億
2026/2/6,31746.44,31842.62,31164.28,31782.92,32147.97,31713.42,29314.79,6996.61,-177億,-1兆,254億,432億
2026/2/9,31956.21,32666.05,31956.21,32404.62,32181.98,31805.29,29389.8,6531.87,387億,-1兆,662億,275億
2026/2/10,32439.71,33072.97,32439.71,33072.97,32257.48,31923.58,29484.4,6776.29,451億,-1兆,694億,242億
2026/2/11,33086.15,33707.83,33071.67,33605.71,32337.67,32056.77,29587.04,6986.04,501億,-1兆,831億,330億
2026/2/23,33663.02,34212.38,33663.02,33773.26,32461.37,32204.91,29703.99,9491.89,59億,-1兆,542億,483億
2026/2/24,34020.71,34786.42,33987.51,34700.82,32725.08,32369.51,29839.33,8612.03,703億,-1兆,864億,161億
2026/2/25,34753.31,35521.54,34753.31,35413.07,33103.98,32558.2,29972.44,10200,291億,-1兆,555億,264億
2026/2/26,35457.76,35579.34,35171.52,35414.49,33425.89,32740.93,30122.1,12066.33,-43億,-1兆,570億,613億
2026/3/2,35277.48,35345.72,34605.36,35095.09,33706.42,32933.36,30265.28,10131.75,-314億,-1兆,247億,561億
2026/3/3,35106.22,35264.59,34323.65,34323.65,33958.66,33062.24,30388.81,11121.02,-960億,-1兆,263億,1222億
2026/3/4,34228.75,34228.75,32828.88,32828.88,34063.26,33105.61,30479.13,10985.35,-1108億,-1兆,233億,1341億
2026/3/5,33620.74,34319.68,33472.91,33672.94,34190.09,33186.03,30581.1,7928.43,-385億,-1兆,281億,666億
2026/3/6,33483.94,33829.49,33322.52,33599.54,34242.75,33250.11,30680.66,6548.52,-347億,-1兆,196億,542億
2026/3/9,32354.61,32354.61,31529.36,32110.42,34093.22,33215.44,30760.12,8677.41,-1464億,-1兆,321億,1785億
2026/3/10,32692.37,33256.69,32455.2,32771.87,33993.08,33227.22,30846.91,7276.82,-286億,-2兆,220億,506億
2026/3/11,33128.49,34218.66,33128.49,34114.19,33934.41,33329.75,30952.27,6928.47,627億,-1兆,782億,155億
2026/3/12,33816.15,34019.48,33458.64,33581.86,33751.29,33427.64,31048.7,7832.66,-643億,-2兆,194億,837億
2026/3/13,33215.78,33639.18,33013.46,33400.32,33549.88,33487.89,31139.03,7519.26,-443億,-2兆,208億,651億
2026/3/16,33541.25,33765.81,33278.06,33342.51,33374.62,33540.52,31223.01,7543.37,-258億,-2兆,151億,409億
2026/3/17,33380.84,34008.7,33380.84,33836.57,33325.91,33642.29,31317.24,8453.19,196億,-2兆,400億,204億
2026/3/18,33929.28,34423.66,33929.28,34348.58,33477.88,33770.57,31416.37,9234.01,135億,-2兆,417億,283億
2026/3/19,34279.12,34279.12,33663.78,33689.68,33479.55,33834.82,31510.78,8930.7,-832億,-2兆,166億,998億
2026/3/20,33719.85,33989.18,33379.24,33543.88,33473.99,33858.37,31599.88,10032.55,-464億,-2兆,252億,716億
2026/3/23,33334,33334,32461.09,32722.5,33535.2,33814.21,31680.81,7118.18,-813億,-2兆,188億,1001億
2026/3/24,33062.89,33361.46,32434.54,32612.24,33519.23,33756.16,31765.4,6888.21,-251億,-2兆,135億,386億
2026/3/25,32725.27,33705.75,32725.27,33439.11,33451.73,33693.07,31863.97,6510.19,401億,-2兆,700億,299億
2026/3/26,33575.6,33892.56,33337.62,33337.62,33427.3,33589.3,31961.78,7653.01,-17億,-2兆,234億,251億
2026/3/27,33267.25,33267.25,32669.39,33112.59,33398.53,33474.2,32052.06,6574.58,-310億,-2兆,130億,439億
2026/3/30,33009.68,33009.68,32326.37,32518.16,33316.09,33345.36,32124.86,6773.94,-706億,-2兆,167億,873億
2026/3/31,32419,32453.38,31705.99,31722.99,33104.74,33215.32,32181.74,8816.67,-871億,-2兆,193億,1064億
2026/4/1,31892.33,33182.22,31892.33,33174.82,32987.36,33232.62,32261.79,6519.27,498億,-2兆,760億,262億
2026/4/2,33218.02,33497.58,32516.94,32572.43,32875.63,33177.59,32328.73,7018.99,-312億,-2兆,230億,543億
2026/4/7,32671.52,33264.22,32671.52,33229.82,32844.23,33159.11,32402.38,5838.4,298億,-2兆,500億,202億
2026/4/8,33379.5,34761.38,33379.5,34761.38,33048.12,33291.66,32503.28,8932.75,1360億,-2兆,1613億,253億
2026/4/9,34779.96,34884.45,34617.34,34861.16,33273.01,33396.12,32601.57,8713.81,351億,-2兆,522億,171億
2026/4/10,34950.87,35417.83,34950.87,35417.83,33470.88,33461.3,32702.71,8705.76,391億,-2兆,534億,143億
2026/4/13,35422.91,35552.49,35261.73,35457.29,33682.85,33555.07,32791.91,8040.29,108億,-2兆,506億,398億
2026/4/14,35584.09,36341.44,35584.09,36296.12,34001.2,33699.86,32887.24,10158.31,658億,-2兆,818億,160億
2026/4/15,36369.11,37064.16,36369.11,36722.14,34421.6,33868.85,32992.02,10243.46,408億,-2兆,627億,219億
2026/4/16,36759.53,37135.55,36751.09,37132.02,34962.5,34033.62,33104.88,9261.97,448億,-2兆,598億,150億
2026/4/17,37145.66,37145.66,36776.28,36804.34,35325.45,34156.41,33213.47,9844.08,-138億,-2兆,238億,376億
2026/4/20,36850.24,37344.5,36850.24,36958.8,35764.09,34319.86,33319.99,9600.35,-32億,-2兆,262億,294億
2026/4/21,37051.25,37781.83,37051.25,37605.11,36201.62,34522.92,33434.96,10205.61,537億,-1兆,711億,174億
2026/4/22,37627.2,38096.88,37623.38,37878.47,36513.33,34780.72,33550.57,9787.75,95億,-1兆,351億,256億
2026/4/23,37971.69,38921.95,37164.44,37714.15,36798.63,35035.82,33665.63,14586.9,-265億,-1兆,282億,547億
2026/4/24,37862.65,38989.94,37862.65,38932.4,37150.08,35310.48,33791.02,10800.26,467億,-1兆,686億,219億
2026/4/27,39858.19,40194.92,39607.74,39616.63,37566.02,35624.43,33923.98,12468.87,-360億,-1兆,346億,706億
2026/4/28,39531.93,40101.23,39521.73,39521.73,37888.58,35944.89,34053.34,10570.03,-305億,-2兆,294億,599億
2026/4/29,39176.24,39548.18,38896.3,39303.5,38146.72,36284.16,34187.63,9147.68,-449億,-2兆,256億,705億
2026/4/30,39571.46,39848.22,38926.63,38926.63,38326.18,36644.34,34307.3,10743.93,-291億,-2兆,235億,526億
2026/5/4,39228.39,40755.52,39228.39,40705.14,38716.26,37020.85,34453.03,10505.22,655億,-2兆,843億,189億
2026/5/5,40708.4,40885.05,40522.78,40769.29,39097.31,37430.7,34598.11,10476.22,-139億,-2兆,316億,455億
2026/5/6,40983.04,41575.84,40616.28,41138.85,39450.68,37826.15,34745.12,15216.92,480億,-1兆,931億,450億
2026/5/7,41259.96,42156.06,41259.96,41933.78,39856.21,38184.77,34897.29,12455.36,491億,-1兆,788億,296億
2026/5/8,41886.03,42038.6,41132.25,41603.94,40245.19,38521.91,35048.42,13039.34,-343億,-1兆,255億,598億
2026/5/11,41714,42021.78,41529.25,41790.06,40530.96,38840.52,35210.52,11693.67,51億,-1兆,406億,355億
2026/5/12,41880.66,42253.42,41471.57,41898.32,40759.12,39162.57,35381.76,14445.49,-184億,-1兆,524億,708億
2026/5/13,41795.92,41795.92,41014.53,41374.5,40944.4,39416.49,35534.75,12646.94,-662億,-2兆,227億,890億
2026/5/14,41496.23,42205.62,41496.23,41751.75,41189.23,39667.97,35692.45,12740.16,142億,-2兆,472億,330億
2026/5/15,41830.42,42408.66,41016.73,41172.36,41413.8,39869.99,35848.63,13723.11,-421億,-2兆,381億,803億
2026/5/18,41095.82,41095.82,40170.17,40891.82,41432.47,40074.36,36000.45,10403.71,-383億,-2兆,187億,570億
2026/5/19,40883.42,40951.56,40168.51,40175.56,41373.09,40235.2,36129.96,11499.2,-763億,-2兆,344億,1107億
2026/5/20,40204.16,40439.04,39967.08,40020.82,41261.29,40355.99,36245.76,10262.81,-500億,-2兆,218億,718億
2026/5/21,40263.18,41606.91,40263.18,41368.21,41204.73,40530.47,36375.13,10458.76,908億,-2兆,1075億,167億
2026/5/22,41447.92,42357.6,41447.92,42267.97,41271.14,40758.16,36516.71,12337.09,895億,-2兆,1137億,242億
2026/5/25,42667.87,43645.78,42667.87,43644.4,41456.57,40993.76,36665.77,13517.12,685億,-2兆,871億,186億
2026/5/26,43708.89,44097.63,43349.77,43525.37,41619.28,41189.2,36800.98,15487.41,183億,-1兆,672億,489億
2026/5/27,43842.26,44818.25,43842.26,44256.8,41907.51,41425.95,36948.35,16290.34,405億,-1兆,676億,271億
2026/5/28,44240.8,44954.09,43236.36,43636.44,42095.98,41642.6,37090.7,16693.62,-480億,-1兆,290億,769億
2026/5/29,43815.48,44933.95,43815.48,44732.94,42452.03,41932.92,37264.19,19153.51,1088億,-1兆,1932億,845億
2026/6/1,44872.82,45931.1,44872.82,45337.91,42896.64,42164.55,37472.68,16096.07,88億,-1兆,677億,589億
2026/6/2,45388.93,45915.92,44869.38,45557.31,43434.82,42403.96,37670.75,16950.34,-158億,-1兆,502億,660億
2026/6/3,45660.46,46552.16,45660.46,46459.16,44078.65,42669.97,37885.08,15160.43,483億,-1兆,686億,203億
2026/6/4,46364.07,46364.07,45677.46,45677.46,44509.58,42857.16,38111.19,13244.72,-855億,-1兆,248億,1103億
2026/6/5,45619.82,45619.82,44209.53,45070.94,44789.87,43030.51,38316.18,13188.3,-1028億,-2兆,235億,1263億
2026/6/8,44507.49,44507.49,42376.86,43502.78,44775.71,43116.14,38472.65,12153.98,-925億,-2兆,379億,1304億
2026/6/9,43687.62,44821.71,43687.62,44704.44,44893.62,43256.45,38658.03,12230.63,-338億,-2兆,536億,874億
2026/6/10,44581.45,44676.49,43225.54,43225.54,44790.49,43349,38821.78,14228.34,-994億,-2兆,250億,1244億
2026/6/11,43172.21,43463.03,42006.39,43149.46,44741.79,43418.88,38985.23,13373.5,-393億,-2兆,370億,763億
2026/6/12,43587.63,44798.88,43587.63,44169.04,44685.4,43568.72,39157.44,11681.54,531億,-2兆,735億,204億
2026/6/15,44447.87,45483.63,44447.87,45396.99,44691.31,43793.98,39341.58,11143.99,627億,-2兆,944億,316億
2026/6/16,45500.08,45809.19,45266.34,45809.19,44716.5,44075.66,39543.57,12609.74,372億,-2兆,572億,200億
2026/6/17,45685.27,45877.39,45159.51,45877.39,44658.32,44368.49,39749.13,11525.83,-253億,-2兆,309億,562億
2026/6/18,45972.26,46565.7,45972.26,46465.2,44737.1,44623.34,39978.18,16005.7,552億,-2兆,1364億,812億
2026/6/22,46679.57,47871.19,46679.57,47741.51,45004.15,44897.01,40230.33,15125.15,644億,-2兆,1017億,374億
2026/6/23,47795.09,48218.87,47100.65,47100.65,45363.94,45069.83,40458.02,16694.9,-663億,-2兆,432億,1095億
2026/6/24,46909.98,46909.98,45819.71,46043.6,45497.86,45195.74,40669.79,15381.34,-1741億,-2兆,386億,2128億
2026/6/25,46339.68,46785.45,46048.7,46255.26,45800.83,45295.66,40888.83,13668.88,-190億,-2兆,372億,562億
2026/6/26,46188.6,46188.6,44454.22,44571.76,45943.06,45342.43,41089.73,16712.23,-1816億,-2兆,376億,2193億
2026/6/29,44594.81,45521.63,44594.81,44999.9,46026.15,45355.77,41311.01,10443.9,-95億,-2兆,589億,684億
2026/6/30,45165.8,46637.86,45165.8,46125.91,46099.04,45395.17,41526.86,12651.64,515億,-2兆,1105億,590億
2026/7/1,46234.7,47293.1,46234.7,47018.99,46220.02,45468.26,41767.64,13668.33,416億,-2兆,709億,293億
2026/7/2,46833.89,46910.31,45981.89,46744.16,46306.69,45482.51,41992.88,10824.48,-636億,-2兆,337億,973億
2026/7/3,46545.14,46948.83,45880.69,46780.62,46338.24,45537.67,42193.2,10768.55,-529億,-2兆,316億,846億
2026/7/6,46897.18,47395.3,46431.38,46556.39,46219.72,45611.94,42388.12,10634.75,-232億,-2兆,218億,450億
2026/7/7,46537.34,46967.04,45432.02,45479.11,46057.57,45710.76,42555.81,12268.71,-794億,-2兆,341億,1135億
2026/7/8,45524.69,45837.12,45036.64,45734.41,46026.65,45762.25,42727.09,10010.34,-478億,-2兆,167億,646億
2026/7/9,45805.62,46064.06,45352.41,45354.61,45936.59,45868.71,42878.07,9938.02,-325億,-2兆,352億,677億
2026/7/13,45500.32,46330.91,45272.9,45380.52,46017.46,45980.26,43022.37,10655.3,-250億,-2兆,443億,693億
2026/7/14,45364.4,45364.4,43654.04,44737.95,45991.27,46008.71,43149.14,12424.66,-850億,-2兆,235億,1085億
2026/7/15,44850.69,45881.91,44850.69,45631.59,45941.84,46020.44,43296.26,10219.27,223億,-2兆,613億,390億
2026/7/16,45511.98,45855.02,44970.64,45624.98,45802.43,46011.23,43440.69,9301.98,-379億,-2兆,326億,706億
2026/7/17,45234.08,45234.08,42671.27,42671.27,45395.15,45850.92,43525.13,13301.51,-2327億,-3兆,507億,2834億
2026/7/20,42793.15,43084.51,41967.75,42449.7,44962.05,45650.14,43601.32,10394.86,-38億,-3兆,465億,502億
2026/7/21,42566.93,44232.87,42566.93,44232.87,44729.7,45474.71,43709.96,8647.38,193億,-3兆,646億,453億
2026/7/22,44513.75,45323.75,44513.75,44825.78,44664.37,45360.97,43808.19,10228.47,383億,-3兆,746億,364億
2026/7/23,44899.04,45089.82,44340.76,44850.81,44576.01,45301.33,43895.42,9278.23,152億,-2兆,500億,348億
2026/7/24,44769.39,44769.39,43607.4,43654.84,44406.03,45171.31,43964.31,8241.18,-579億,-3兆,152億,731億
2026/7/27,43585.92,43686.15,42969.48,43634.19,44231.4,45124.43,44036.49,7471.11,-61億,-3兆,367億,428億
2026/7/28,43221.93,43221.93,41565,41603.36,43917.94,44954.6,44081.1,8718.72,-976億,-3兆,241億,1217億
2026/7/29,41491.48,41698.39,39384.85,40039.18,43358.7,44650.27,44070,11484.53,-460億,-3兆,458億,917億
2026/7/30,40048.94,41155.42,39404.65,39933.3,42789.53,44295.98,44056.07,11450.77,-252億,-3兆,436億,689億
2026/7/31,41610.41,43214.36,41610.41,43119.75,42834.38,44114.76,44089.08,8873.29,912億,-3兆,1450億,538億
2026/8/3,42780.42,43784.19,42780.42,43386.41,42928.05,43945.05,44113.29,8850.07,24億,-3兆,543億,519億
2026/8/4,43092.49,43912.77,42895.81,43360.66,42840.83,43785.26,44142.57,10862.78,-45億,-3兆,425億,470億
2026/8/5,43809.83,44980.31,43809.83,44611.6,42819.41,43741.89,44189.6,11992.36,988億,-3兆,1180億,192億
2026/8/6,44487.94,44601.24,44024.32,44396.7,42774,43675,44231.23,9732,-47億,-3兆,338億,385億
2026/8/7,44450.19,44827.13,43941.56,44225.91,42831.11,43618.57,44278.76,8497.24,-463億,-3兆,224億,687億
